row,block_x,block_y,block_z,block_yaw,effector_x,effector_y,effector_z,gripper_opening,episode,step,epijepa_pca1,epijepa_pca2,epijepa_tsne1,epijepa_tsne2,released_lewm_pca1,released_lewm_pca2,released_lewm_tsne1,released_lewm_tsne2
381,0.43828838741161247,-0.17220837913388948,0.019960724713120808,-2.1225675675148956,0.3601970885766833,-0.022062517275799644,0.24379003370469698,0.07444620500412498,1,180,0.8352535573718798,4.979322572883428,6.0977063,34.056103,1.0031014141823358,-1.4827638048959317,-22.157936,-27.146154
445,0.39662011748401604,0.16065298450256715,0.27116076580315074,-0.6706181919201888,0.3923416583503355,0.1558926658213467,0.26679717122410457,0.5614144710592923,2,43,-6.796934420894286,0.5731233102416263,-46.854904,23.35277,-0.15558196146452088,0.025691896110798945,-0.73125976,17.958942
603,0.3305884269102304,0.16561672326769583,0.02,-0.7338876804955067,0.42496850313414825,-5.474531403616736e-05,0.2749649648972977,0.0,3,0,-1.7689984349298336,14.745612978899857,-4.309732,55.950237,1.7670342521375393,-0.6817517678027578,23.94193,32.52116
1382,0.40338969002592917,-0.11597158083531797,0.019960724713120825,-2.4439238200423996,0.33033287916919163,-0.2003885090142079,0.19991637965824782,0.007184330394121947,6,176,5.975174111249215,0.1064925997381011,38.70405,23.012066,-2.560794884069099,-1.5569634073846368,11.93658,-38.96648
3852,0.4406149842775403,-0.11337495035093766,0.056938216397437624,-1.3759746250296239,0.4389025104106632,-0.1136153348305515,0.054258057935442305,0.5616286482836256,19,33,6.7417248841853326,-1.0901784820653795,28.578053,-23.43217,0.01619022618273208,1.8878462463960852,4.7186975,-22.892267
4686,0.32048742269928476,-0.22329324280618895,0.0661859008775953,1.874050393221569,0.32189334559607813,-0.2274465099421919,0.06705834281736128,0.5615193926692683,23,63,7.944923596076527,-3.2919713217377216,65.141685,7.678548,1.851268976819202,-0.24542819378504127,-4.9265685,-61.08553
4863,0.39841385125184187,-0.16388123876608293,0.16275578165503984,2.310076026454311,0.3952867505448489,-0.16689557161730303,0.1599396372155198,0.5615925447573291,24,39,6.5711899609201225,-0.19979080120027495,46.721786,19.36823,-0.7499491013440175,0.2082925081964688,-3.453318,-27.362268
5046,0.5486629225410873,0.2497781736651207,0.019960724713120808,1.4846337720018277,0.5488908490527175,0.25219068108471737,0.0293388568762237,0.08992847988059309,25,21,-6.400723854163867,-4.942111221099287,-62.43573,-21.412548,-1.9982912703745246,-0.4559841721489053,-55.095554,27.538654
5355,0.46307214840596866,0.07562691593364763,0.20761103374583886,0.00022665393719400312,0.44837376884175184,0.07597824680068695,0.20432725410915512,0.5621130894424394,26,129,-4.089322641307713,2.8870606916307575,-5.4729786,14.173796,-1.613431255682295,1.8785450056409665,21.264046,16.983747
5496,0.5004168961832463,0.08302129441115658,0.019047792583827976,-2.653791455740548,0.5005706222352411,0.08295740287546399,0.019259457408287745,0.557701860854724,27,69,-1.9799633510485606,-1.2229885169038148,-28.74725,-38.214878,-0.3794877323437734,-0.8484893568368579,24.706429,59.92408
5792,0.4542235731141267,-0.020176476856283813,0.019960724710093376,-1.4537954435045235,0.4454177680458961,-0.011972399490564802,0.07498072932910177,0.04125578074050798,28,164,1.282332810891421,1.2249440005249927,1.1131254,-27.815182,-0.9286600343067052,0.18155884396947258,19.325617,-3.9336233
7097,0.40806841179020753,-0.01888470124978571,0.10686747740555655,-2.3832372722959976,0.40501124787224707,-0.01548962761439534,0.10320884800499247,0.56179319717191,35,62,0.005325980161389757,2.5404597373845728,0.8663637,-3.6628647,-1.1423063055148064,1.711862500660795,31.102419,-13.053527
7505,0.48288455442219536,-0.05859187138006278,0.02354575333344767,-1.3077009822200452,0.47784010681298844,-0.06013650454440997,0.02192936002555676,0.5614377384795033,37,68,4.849629295578212,0.13590473561318034,9.28779,-38.347496,0.592699108944232,0.6284717925105299,9.138092,-5.966328
7675,0.45312893267217824,0.24680526891387386,0.16703765532980558,-2.0768567444043353,0.45220477324693364,0.24542806486507882,0.166562458262125,0.5516536060970489,38,37,-8.454177984654894,-2.500463279118734,-48.64528,11.545828,-1.6203004302279955,-0.46120841414577973,-18.031567,35.395775
8860,0.5400629167875849,0.28301506699368845,0.01996072471312081,-2.170691665115985,0.5398881468827469,0.276585419772591,0.08487406529760314,0.011974486797719104,44,16,-7.0706214528217615,-4.4426669388769975,-60.43198,-17.039055,-0.07119402570817202,-1.3224151174672079,-55.604897,23.57713
9485,0.4507846931607806,-0.24253366470277896,0.17180280675731285,-0.6314562012557412,0.4499066387218285,-0.24324265685500135,0.16739287161772906,0.5617658919413341,47,38,8.387130290274621,-1.354599600145709,48.292915,7.982128,-0.8146155884542841,-0.29227335468696297,-40.23642,-17.213081
9837,0.41364858204180444,0.24080316922697323,0.01996072471312081,-2.911557734451835,0.41950842188895654,0.23794188452925744,0.14212801574765271,0.04397082892903578,48,189,-8.8642903682227,-2.3460312263726957,-39.802963,11.999363,-2.97189496900218,1.670538999732389,-28.587843,33.38009
10573,0.5136119619326559,0.2481138677107718,0.07740490226694743,1.2903500104848895,0.5119824997270762,0.2433277557264618,0.0731582225290183,0.5617032815204914,52,121,-7.436174794871159,-4.471270542250122,-58.995876,-18.621685,-1.0077347803118586,-0.06434145303487805,-49.657112,31.12046
10742,0.4737636689522307,-0.06090877393360107,0.019960724713120832,1.6605878648245194,0.5202488211322247,0.00048603925632333757,0.17505343981458424,0.04133608272977285,53,89,0.6534369487933009,3.032890846499896,-6.1733317,5.1330137,1.2277812713062435,0.119184011074226,15.640014,-7.5503135
10757,0.4737636689522307,-0.06090877393360107,0.019960724713120832,1.6605878648245194,0.47719679044485436,-0.06258138660156763,0.07733520723652257,0.02654872978070321,53,104,4.424375272261661,0.6477093096594685,12.286306,-33.5454,0.8686631577591497,-0.08052230492129982,15.395872,-7.8701034
11725,0.45812634862434354,0.042265910470017515,0.027933164496896642,-2.502770699135847,0.46298254828396757,0.04576887679580212,0.030137309104386306,0.5613518719335929,58,67,-1.617460970450372,0.1799004423005512,-10.79006,-28.996864,-1.6558676035620545,-0.5290751729723738,23.496078,12.902387
12404,0.34151997204039064,-0.2844081763609801,0.13068193170676945,-1.7268405322335028,0.34198949506610743,-0.28280514018760927,0.13136008193604778,0.5616396462628465,61,143,7.868801181875654,-2.1805982658463696,62.74327,20.373064,-0.7958698171778463,-0.24640407049983476,-13.9227495,-51.656845
12724,0.4056985388635228,0.07857113200728637,0.11183177542843185,0.061156370261264574,0.4044065980057989,0.07837932379625169,0.1088520773135109,0.5617865538488612,63,61,-4.4319991480860255,1.5038233249247597,-18.92533,-4.333387,-0.5350836821125258,2.190497306185907,33.93168,17.240574
12865,0.4784804235689301,0.14603637080140075,0.019948878065594082,0.6442843862534816,0.42643089842348497,-5.558177977445225e-05,0.27514995884912463,0.06321060653492636,64,1,-2.0462901719756768,16.69383985855761,-5.685193,54.913803,4.349188519142284,1.645571008462188,-0.49724376,59.18529
13251,0.530248449048429,0.17850166423349267,0.019960724713120808,-2.0395745260840514,0.5250019241624916,0.1853581923589691,0.1770157777792421,0.05319918916250942,65,186,-6.487614608974355,-0.7865920289998437,-33.214104,7.14488,1.371541481283767,-0.9038211912503377,7.4690676,54.676853
14535,0.39426956876404856,-0.3039183873246148,0.04052770008096649,2.2465116282431032,0.39316084546333335,-0.3025580814803161,0.04183922083912897,0.5619304351299003,72,63,8.991702240957768,-3.375191122283658,68.85975,-0.13127773,-0.8032926219636127,0.16982624453395379,-18.315397,-51.887405
15085,0.522624589727095,-0.02956318803196423,0.019960724713120385,-1.7341198577382466,0.5231165405476893,-0.026140556155234425,0.14155296736531095,0.054713831597433434,75,10,2.01397540372124,1.8473689228338244,5.953381,-30.906473,0.9400078934561463,-0.382633117747158,-5.2722435,6.2466254
16130,0.44402218515182673,0.21261364820037865,0.2896453671780831,-1.127684403518563,0.4430812325317341,0.2131169609854027,0.2933405372397176,0.5622907450052902,80,50,-7.978375764033829,-0.8817449289692214,-48.797638,17.608456,-1.5620145905054768,-0.3566469682503861,-16.350992,38.49395
16303,0.33428125735047803,0.06794766388664264,0.019960724713120815,-2.6361182985631046,0.33274157119983233,0.07281496864498177,0.027143771318582616,0.1129697086020608,81,22,-3.963481810363834,-0.3676706633848,-17.997152,-15.481043,-0.2751082489293805,-1.789587424983552,37.40083,21.226723
16626,0.49691690947675815,-0.0799803037062741,0.18770090281586543,1.1593706691520913,0.4996134542966274,-0.07392704478217896,0.18605088215071747,0.5619589933946865,82,144,3.3973231188999704,2.419811329546892,6.8646708,7.536144,-0.04106190751146764,0.1454848013855683,4.0939364,-8.485641
18053,0.5069319447788884,-0.2334069818411317,0.01996072471301518,-1.6865421542417693,0.5057506993081943,-0.23211911522876963,0.05845170950018502,0.0384208426362365,89,164,9.769986442207152,-3.4453135186659685,57.40436,-14.737029,-1.3426670535381344,-4.059648975483302,-50.782738,-15.872001
18858,0.36620835207624053,0.01744004872682185,0.019960724713118844,2.367050438759928,0.3573182325088087,0.016398215335573767,0.08072424663979227,0.04252133128151413,93,165,-1.6564036231320212,2.3147131544086386,-6.26182,-11.867571,2.1024779985361928,-1.3442209299574355,50.47207,-1.9193275
19567,0.4251967273839403,0.08442246386468646,0.019958849747284273,-0.3559392015261257,0.4244273094161095,0.08346778144061454,0.01815623229055216,0.3418559039776482,97,70,-3.5895691000006225,-0.4131319088325353,-16.489498,-25.48892,0.08610396845817513,2.516768693563373,27.819752,17.342123
19826,0.48687088192844047,-0.10113189329389607,0.21378341613097812,2.017613368484549,0.4851522447464182,-0.10188281170859817,0.2120319655323461,0.5613744277715013,98,128,4.249896746181279,2.1025467955358073,18.713776,12.398445,-0.4839920960714101,2.659830039848817,2.3632128,-20.509998
19981,0.31577202213920175,0.08761720828319185,0.019960724713120777,-0.03447952149469199,0.3241401379220144,0.10298825433446951,0.1668258973369201,0.007224638312855163,99,82,-5.625648373367793,1.8665208163753397,-23.934793,26.399572,2.44291493823626,-1.8909938492490328,40.701828,3.5415087
22036,0.35072228904348074,0.07436084393563962,0.15622304067842946,-1.8103180563416683,0.3428496439740136,0.07630773214327474,0.15745972276514347,0.5617319723756345,109,127,-4.729048813837461,2.432781539448931,-10.096713,21.740875,-0.8972511462062948,0.45820701476422926,39.656364,21.187716
23052,0.37513099596652827,-0.08227964451875805,0.23626836973468093,1.2990667914850902,0.3767802257089913,-0.07696116357296762,0.23730109572540503,0.5619445317750373,114,138,2.0785373267141267,2.9984988034180398,11.709599,19.740406,-1.130445526751948,-0.8736590893010111,14.559604,-23.287079
23921,0.3438090912021724,-0.12362497906402914,0.019959899117348443,3.0596687294429223,0.42198017217701494,-0.011314049377916925,0.26464598110939375,0.009851870519004638,119,2,-0.328707297773846,6.051304721890793,4.7613125,35.362206,-3.1919344573252233,-2.4362272130108313,15.275893,-48.307842
24264,0.4512699463846933,0.23097677580266232,0.12973704960071483,1.7512740535334972,0.4514791655438221,0.23114290851387245,0.1304168677292289,0.5613656856139109,120,144,-8.611185926097688,-2.8632908036233347,-46.635777,11.294786,-2.864798701192299,-0.874821815359444,-19.67879,37.982315
24299,0.44090649540915516,0.23330956821087384,0.019960724713120798,1.7615483113437564,0.4712005037485472,0.26400796969929713,0.20681732462558966,0.008917923674329392,120,179,-8.40643174784369,-1.9529420472380745,-48.957203,8.326039,-3.2405932693259074,0.23792726418890375,-26.464571,39.371002
24386,0.5290510750982648,-0.04992203429957399,0.03921354616150956,-0.6105234010482934,0.5313945869758483,-0.04672559327128748,0.03650326002589449,0.5614601566818174,121,65,4.343543648688211,-0.5177412817493897,8.862966,-41.351627,-0.5459416711496863,-0.701163998561594,-0.36067826,-3.9889278
24408,0.5246128367606897,-0.052916041617898715,0.019960724713120805,-0.6112748426671851,0.4058889091767998,-0.04565676431346355,0.22190561827834093,0.014491946918118427,121,87,2.020074870190104,4.997941034101059,9.395675,34.68177,1.045504045586376,0.5165083459731301,-6.4588437,4.82658
24825,0.542696349456762,0.04496364930571003,0.01996072471312081,-0.16208147174532442,0.5429154043042095,0.04549451423669133,0.09111375108114428,0.056576611992198225,123,102,-0.432983468989008,-0.5211629607257913,-16.653925,-36.585773,-1.764672268912466,3.898095750304471,27.814987,47.2214
26132,0.38023821799368707,-0.16861198800574184,0.019959899117348447,-0.8127151197388723,0.41993213033825877,-0.010833561695997153,0.2670925459960369,0.0022849466599811417,130,2,0.09282673585603099,6.010592802663455,5.270295,35.98112,-0.5843704269541447,-0.4506109203481901,6.287609,-43.32313
26622,0.34222317329421376,0.22824431771449105,0.01996072471312084,0.33347748610094935,0.35233240776298735,0.115016839296849,0.20770748450753201,0.004408350523835772,132,90,-6.27561728830941,2.017949039675552,-24.180233,23.95559,-0.5289431058182847,-1.6383637896237364,-13.1308,12.034917
26833,0.4901341280215354,-0.2084851386393224,0.0199607247131208,0.9270760959365391,0.4915871829989612,-0.2033667597910715,0.17570124177663568,0.04186603165283292,133,100,7.471013143491937,-0.27712492098594876,39.133675,8.368958,-0.39670253011352163,-1.7033991412185647,-50.490192,-21.508175
26900,0.4907691412001586,-0.20730482259382219,0.019960724713120787,0.9304934516876416,0.4877818220033152,-0.20556352103918835,0.10643731269863624,0.036210944106378797,133,167,8.99332788407121,-2.0322586976512382,46.280197,-16.996479,-0.4234629333447823,-1.7663756328461884,-50.10039,-21.101973
27586,0.3999963855947494,-0.03640160193093853,0.30408069255788867,2.0254035527127625,0.3984398206505411,-0.03247561258017235,0.3001917781849819,0.5623541226710641,137,49,-0.3205868616514598,4.256724967625772,6.9340196,18.324684,-1.2477040078378876,-0.7512657208217777,14.5798855,-18.604868
28159,0.5176047004831866,0.2573237400462137,0.01996072471312081,1.4666944401314508,0.5211524537475142,0.2578694920955187,0.053449224882966356,0.053912203389376134,140,19,-7.500540527804685,-4.984206222219605,-60.927048,-18.959875,0.08873665233634963,-0.05827907996341374,-48.875084,34.630157
28238,0.5163403574042347,-0.13587401603242874,0.01996072471312079,-0.87100488125147,0.5083215934682166,-0.10603140796871996,0.16930725670399357,0.01911803310857066,140,98,5.056477424277996,1.441044619339329,28.87501,6.4262013,-1.0008062251594823,2.840978313737929,-18.619501,-13.130543
29133,0.46040421029725165,-0.19789303403427927,0.019960724713120777,-0.17216104740408825,0.4629942414782605,-0.20008735237628164,0.11418503157149712,0.050035224916932054,144,189,8.410272621906781,-1.4212279546682063,39.54259,-5.6973653,-0.20758051763777377,-0.6459566382139332,-27.72571,-24.8759
29136,0.46040421029725165,-0.19789303403427927,0.019960724713120777,-0.17216104740408825,0.4635593892758396,-0.2051855283885662,0.0645813382355741,0.014145677612007896,144,192,9.371435831645552,-2.5501811601101605,51.202667,-16.275574,-0.1219414086489561,-0.5057160979052314,-27.937967,-24.919569
29205,0.30123507638047686,-0.2972008352888163,0.10377877612470059,-2.94451263121292,0.3011078424548632,-0.2963213609709124,0.09966080677773248,0.5619675688391493,145,60,7.130931636735603,-2.7166201947846216,64.39881,20.356794,0.7032265046768853,-0.3774990885476028,-9.707086,-54.37411
29518,0.4517764077065639,0.12394769060926991,0.019960724713120825,0.8952708646719834,0.48530546205676867,0.18032447913709515,0.2160222718968099,0.010635265345582021,146,172,-6.880254598386857,0.06632242100683669,-32.008472,10.090543,0.09148294472494416,-0.7517319638688537,6.015616,45.950584
29683,0.43718018007678433,-0.20716231363217338,0.26218312837363095,-3.1220663412116756,0.4302355230194234,-0.20750239988399297,0.26132587547435615,0.5619023445293122,147,136,6.410920550751191,0.08458027962923476,49.416225,23.454527,-1.399039424424843,0.027167472356708217,-13.533555,-39.75933
30531,0.3805488073898986,0.060372731360675204,0.019960724713120777,-2.8819224653226185,0.4047246860125212,-0.0678351275056246,0.24542996121960695,0.039452309418177185,151,180,0.6471234534991603,4.466672143991382,10.060596,29.07522,1.3859402919100414,-5.727095464313507,47.33277,10.242519
30960,0.39673288663416995,-0.051842503889192065,0.019960724694087956,0.6744028936794889,0.41203712243479523,-0.03181710136839366,0.24054015946063004,0.0444268716806538,154,6,0.4393699572286384,5.5770058151206365,5.494404,34.12493,-2.3902867505023533,0.4017157902439486,30.822512,-24.904028
31842,0.296253626281061,-0.15451243010710575,0.019960724713120773,-1.3773858697771288,0.30835085596077316,-0.15422656856022013,0.18522083134231795,0.043131710478792384,158,84,4.924989285096989,0.1578321578115407,38.99751,24.795753,4.723412249200518,-0.309391593645995,10.592704,-62.029865
32099,0.3562000260551546,0.1710940238455365,0.16372050820753525,-2.7363584134523857,0.3506996303054158,0.16873158316069742,0.16587753133322658,0.5619630590620139,159,140,-7.13555178921587,-0.4278787946475044,-48.79578,26.415337,-0.6069028721230243,0.48180282394423596,11.642682,28.741972
32490,0.3474830734370388,-0.24811745628490545,0.23679931508791124,-2.0263877199556144,0.3500007421972786,-0.24231058972813385,0.23550224195353733,0.5614349864079884,161,129,6.65347734882145,-0.7738987195228861,55.89098,22.994835,-0.18758688194187378,0.07066051773691015,-15.264636,-46.94738
32780,0.3997751124508384,0.21873810019286444,0.019960724713120808,-0.4630499155761802,0.40650192226104803,0.21501640666218041,0.056045504151100184,0.008059856957225931,163,17,-8.350504152813262,-4.137923198388077,-52.576973,-6.4098034,-1.7675603159771602,-0.403187948311121,-11.509694,29.78408
33171,0.4404919564499752,0.1589077774697236,0.01996072469408796,2.3519058994905353,0.4380000510580152,0.09118005671240614,0.2418552406675403,0.01363747204121334,165,6,-5.453364712643386,3.3649629981096285,-23.94869,19.082743,2.6457604187664923,-0.1372869735773027,-0.51675403,46.17663
33499,0.44907140545283214,-0.19273983417005952,0.3024342416332216,0.8020049075869486,0.4448530102453562,-0.188640997907282,0.3018282801677245,0.5617947280106831,166,133,5.753999255833602,0.5523514851033485,48.28402,24.016922,-1.0772123985091133,-0.8839051187850092,-10.898214,-32.60756
34131,0.4675415501722554,-0.07598016260595931,0.01996072471284272,-1.4408073740347698,0.46330007484625124,-0.07376626403696886,0.06171363410554015,0.0930225895680505,169,162,5.1967300552515026,0.2224417319473343,13.066872,-33.600178,0.9508868184611622,1.2213779116553676,-3.149595,-14.179793
35357,0.41420655170947784,0.2319099946135086,0.019960724713120798,2.3518346046094742,0.4202601884017476,0.2221574605661211,0.1898839767529731,0.06703067705032123,175,182,-8.558321061188574,-1.2022786671482653,-36.81503,14.84377,-3.35408514952503,0.28635882033225324,-28.221634,34.876766
35921,0.4636651408822674,-0.2224024903503785,0.1714446544349705,-2.1462755248687544,0.463869587358745,-0.22251155325001515,0.1704072959342552,0.5615101117628575,178,143,7.879998082692126,-0.9539817690186692,46.47282,7.0875707,-1.0116470497056804,-0.07676410562263579,-40.079678,-18.28995
40198,0.4781941126113038,-0.010489788130725096,0.0199607247131208,-1.1167046574994302,0.47657060310869515,-0.008894389635940705,0.020788811431527887,0.46565550782057985,199,199,1.75502231183989,-0.05278316261147621,2.3917587,-37.09242,-1.2208414130065806,-0.2615895755439345,12.887256,0.25122136
40557,0.33716862254913005,-0.22392483750312436,0.020214887148800046,-0.1502223892984319,0.33924906484334055,-0.22424867597693635,0.019610545828246395,0.5547080131858986,201,156,8.4976512429507,-3.445866702524228,65.88815,4.0397944,1.1850479194529187,3.744585061300281,-11.388209,-61.781235
40924,0.3665811997240677,0.2020571676444571,0.11074689261691024,2.4191107286245823,0.36577814554672705,0.2013613015541696,0.10886769071323729,0.5614406918527239,203,121,-7.98410002857159,-2.3431681163295814,-40.554417,-1.6100609,0.4368225870620248,0.8811541573987637,-4.9571266,23.367697
41924,0.34450178391319924,0.029851890450892014,0.019716108689436154,-0.4358731469629186,0.3433918159306265,0.027303015642084868,0.019818978295765205,0.5610514225155052,208,116,-2.121665560457929,0.35248103943155296,-6.115002,-15.152055,0.6730109828349691,-0.8522285297288862,42.131397,-9.546894
43233,0.35848857815149676,0.03626262980236344,0.01996072471312081,2.9834940152194815,0.36248698290660614,0.0341683644279075,0.06712822511711211,0.039725618758957866,215,18,-2.614620756132334,1.4812902602860905,-8.723593,-13.987536,2.839839164070726,-2.9177400797082456,50.889313,2.2775707
43359,0.4540510550941477,-0.14345187785289848,0.16398206147183814,3.0794620873516276,0.44561641066790264,-0.14320663930165467,0.16316558324258656,0.5618111796830674,215,144,5.810774885220811,0.6407499820011523,24.354343,14.470254,-0.2584014461669696,1.5914822006773768,5.4931927,-24.848219
43384,0.44221697908632873,-0.12595753053333303,0.01996072471312078,3.0402985993413525,0.43055558320842974,-0.12201038595955994,0.11814924441269817,0.007743533785034239,215,169,6.091681086956675,0.06789464487888447,24.998175,-0.85804325,1.7726391708477343,0.038078988267084286,-17.076395,-25.115654
43748,0.2727271931758794,0.25858930931564883,0.22062146067555038,-2.8352097436809105,0.26269225397449397,0.255065128050942,0.22176917247488317,0.5619483243467336,217,131,-7.359872703833528,-1.2727728302936128,-59.225437,17.055609,0.1369037999041971,0.3894873472381016,-5.6532154,12.573674
44359,0.4529668074114668,-0.20974015795301965,0.21990148194229348,0.07639100011850072,0.45257903259866306,-0.20475319456108781,0.21763103942026102,0.5619367645810738,220,139,6.8300261934664315,-0.04479190019768256,47.870697,21.866764,-0.6131411333283361,-1.0132889966903378,-9.469631,-31.40999
45405,0.30746589323028833,-0.24767554937419742,0.0199607247131208,-1.2823549379896677,0.3742163338256652,-0.16339201470390816,0.20160410313249214,0.03899207484861035,225,180,5.693475311713356,0.7485815386855199,36.4921,23.089981,5.695529413211331,0.12301839530080755,-8.167946,-65.84608
47546,0.3139202296155355,-0.0014503721379976063,0.01996072471312079,0.8410885235564636,0.3140024209113177,-0.002382892464577671,0.029046134498117077,0.03242804460364764,236,110,-1.0006755454896243,0.2479773048849243,-0.66391057,-13.801699,1.6002668644561424,0.38551110479540046,47.556927,-17.748009
48026,0.433876251104391,0.2947666124582199,0.019960724713120825,1.8559427515748625,0.4376701760508456,0.29219131119117414,0.14913227003614113,0.0369872217567721,238,188,-8.813178687830662,-2.8402953955416694,-56.56271,7.438272,-0.4748367536874348,2.3763567563493746,-33.829266,22.584007
48210,0.3763726827191173,-0.012700761786901054,0.019960724713120815,-0.6316509330770781,0.3755775802886063,0.011199009901971398,0.14309227559241705,0.01321290180226733,239,171,-1.6530423567132173,4.348988645880855,-2.587475,-0.6205235,-0.568272022929651,0.4628110742616561,36.637535,-21.151678
48589,0.3811086084094933,0.15734012487703739,0.09692359318686994,-2.8554526882318663,0.3772322774839249,0.15612618474843706,0.0976316878399271,0.5618830833525728,241,148,-6.781135656164575,-1.514106320101766,-34.11126,-6.033067,-1.5007692354776678,0.7456664725454302,2.9802473,30.820272
48741,0.3620914019902837,0.018767444429086896,0.019960724713120794,-0.2405464575186069,0.3760320798796791,0.028306125377446652,0.14280924686968485,0.09538455425803749,242,99,-2.8677020082034432,3.8865253531680763,-5.2586102,-1.1741205,2.636656131877773,-2.628437040619269,51.10692,-1.1206522
48883,0.3184099253785327,0.22412354438593346,0.16463738714473,2.5949685822846136,0.3093764442372842,0.22933477190717985,0.16395027593632122,0.5488826619959755,243,40,-7.996494850609243,-1.4949395114199886,-59.339497,18.24628,-1.0638384063437132,0.21495462041718183,-7.2998753,14.396864
49152,0.5078553897375282,0.017416033552081475,0.019960724713120773,-2.302533565883421,0.5061786879577755,0.0143143193221131,0.02848871628561686,0.004125855581072443,244,108,0.9051760983541994,-0.5647113977636187,-5.2946277,-37.440926,-0.2684149802918247,0.23013434803988952,33.815052,42.431416
49191,0.5171050151928779,0.011435528874170839,0.08135427598879219,-2.265569704906901,0.5135245755735388,0.014549915370074998,0.08064141579152548,0.5616272401289077,244,147,0.6527432616212436,0.18638620347479667,-1.153719,-34.59737,-0.4904146389668069,0.08866913156873964,33.832462,41.366325
50174,0.3271575701408244,0.06101641216722154,0.14742196226018292,0.7208770511845818,0.3232882063339438,0.06530884928703266,0.14878180111277658,0.5613628331378845,249,125,-4.261785535348858,2.510993243070318,-11.041244,22.23364,-0.44765884485200513,-0.32370583435436123,37.871593,24.11406
50674,0.5409011847894695,0.06053577351681682,0.01996072471312081,-1.8133934562364085,0.5419208779567946,0.059080016094706034,0.02063072598589466,0.22016005207931857,252,22,-0.43346067471118316,-1.6227220275836691,-9.855378,-38.05077,-0.38693808643670446,1.6063314822337864,26.93054,49.590008
51174,0.35883742675868424,-0.144493717627572,0.0529142394711265,-0.2065786382862007,0.35819372826224793,-0.1464983291537973,0.05272938247958167,0.561413361591333,254,120,7.208016155236611,-2.622559332269824,31.52917,-12.665741,-2.4777797792397283,0.3646401839612491,-1.7486347,8.385613
51601,0.431383553662681,-0.10011570654291124,0.1434469044367875,-2.196428903571888,0.42925691255246823,-0.10348933099612748,0.1421159744890264,0.5614515340638094,256,145,4.60703234661376,1.2611612057039494,16.049976,-7.154083,0.27271448062886716,0.8797876692907562,8.594901,-24.999315
52951,0.44392241963732926,-0.08645547504817502,0.0199607247131208,1.707878615824418,0.514536790486212,-0.020809291141054564,0.24166967292601407,0.06801646295626632,263,88,1.0970244652412808,4.723833189362426,10.328233,38.82045,1.5185961769444525,1.1626324097114016,-3.3997946,-16.76287
53830,0.3828146750268913,0.2614615409383051,0.019960724702993652,6.571590127699625e-05,0.3742854340657646,0.2546672207042462,0.05732184779565874,0.07084729943400193,267,163,-9.04955109737208,-4.264500136336676,-61.267918,0.11627071,-0.8968433144508918,3.4892692289716423,-25.74169,23.962349
54637,0.5428838159245859,0.1288699851320029,0.019960724713120416,0.38245280389717334,0.5314956768204281,0.12801831996675317,0.10372532888077968,0.06602627028554416,271,166,-3.964547572982409,-1.2828488012051555,-28.368246,-31.634623,1.3254732376310243,-0.9761048227714452,11.872099,57.125324
55006,0.4517507155915229,-0.1024259406687534,0.316370902634695,1.2169434531256935,0.45218574901079395,-0.10022127718666518,0.3134664324307451,0.5615605295625578,273,133,3.09192288003092,2.8114475258082807,14.654636,17.127459,-0.5815694875951432,0.38813295668901177,9.66192,-20.72701
55745,0.40881663164659415,-0.2162120257412118,0.020622348606962843,1.9257108054775691,0.40554299612975303,-0.21744503299053997,0.019035863758957133,0.5613213344015643,277,68,9.60669857938874,-3.082427498538217,50.200554,-9.807335,-0.7936603845169394,2.5648331973004344,-27.897287,-38.883987
55864,0.4101876738335945,-0.21702747943061254,0.01996072471312081,1.934526267887415,0.41582160953880454,-0.2206214517506106,0.16575687028028763,0.041253638392209094,277,187,7.551734079843756,-0.6478287113393361,44.65716,13.902663,-0.7384628750073152,0.04587140701306023,-28.565735,-36.800175
55894,0.5220527382232775,0.13861465301693773,0.01996072471312081,3.0335471033080985,0.5248273852087278,0.13454180379151345,0.10193971925531398,0.0401715790277671,278,16,-4.558061882564919,-1.330666859177871,-28.84669,-31.139437,3.3420722961807727,-0.9582131907536268,11.040604,61.052532
56821,0.3298387193430858,-0.14668586961909497,0.254977664860471,-0.7507063440666669,0.32183444102472786,-0.1389918668175722,0.25656843453041933,0.5619191290196336,282,139,3.713797203262967,0.8714177477237991,37.79249,31.927702,1.38551655309135,0.11748363265484134,22.044754,-50.804436
56838,0.32127711737857906,-0.16769155474412037,0.02226874811493377,-0.766194518054821,0.31863430534614495,-0.16523975091473703,0.023883838166928517,0.5618486401818059,282,156,6.438458392165995,-3.368852053568174,59.113934,5.95152,1.4112365813588235,0.11797510521031446,11.131758,-59.501137
56935,0.5231643938758258,0.3138836938534103,0.27957612531575926,-2.8043924884747353,0.5130037031629217,0.3103931670496063,0.27946682688039126,0.56173397151303,283,52,-7.46031190759942,-2.3353655311794084,-51.19977,8.301308,-0.03851547768165716,-1.1922245271912355,-50.0547,18.109156
58024,0.40547278917211405,-0.1964163266823842,0.2879652618040128,-0.09942711763350673,0.40571078528533494,-0.19212947266602368,0.28400122707381104,0.5619082723301181,288,136,5.763775527026437,0.3927493434878303,49.745533,25.01608,-0.3593844622079857,-1.3384944956184166,-9.667273,-34.112816
59742,0.2850277004779568,0.10348570573718271,0.28066492873069665,0.6408626342774193,0.27537633850654514,0.0968312988403349,0.27982663743824965,0.5613413099197642,297,45,-5.242335959669825,1.8199610744161632,-44.18195,30.112,1.076934648836231,0.4640360493577308,17.750069,25.205484
61319,0.32440384451498194,-0.1628918336141967,0.019960724713120808,-1.6080103073496792,0.3244355490588143,-0.16556950563071973,0.10134366574204107,0.01544312482276859,305,14,6.193838863666698,-1.8230339614758684,56.940845,11.34024,1.1285269554081157,0.2148607478561878,9.599955,-60.007416
61874,0.3153368484707446,-0.18854329383108442,0.019960724713120808,-0.680282741743438,0.3096441461707379,-0.18086087027623904,0.10647516770017096,0.02444272211158936,307,167,6.674315428964933,-2.1150359361117848,57.705265,13.02572,4.6692292751423325,0.8678108015907624,7.3100696,-63.111378
63844,0.31877032690600443,-0.07710887780473753,0.11723050748771686,-2.1858874328267737,0.3195760926498977,-0.0757329672305172,0.11728275109416994,0.5614209857085509,317,127,2.9754983278196625,0.7017515256545208,15.364779,-2.5298178,2.338303627862335,-1.885902602825864,25.969158,-43.874886
64398,0.48046935030630866,0.12788648511470485,0.019960724713083914,1.893388460192122,0.47628451429929414,0.1277950469336692,0.0681433799379915,0.030134754197469985,320,78,-4.572320502091299,-1.5163840625927958,-29.945076,-31.09987,2.2862201644299556,-0.34396601953882305,15.973865,63.90212
65427,0.3793799606409442,0.19795909996601868,0.01996072471312081,0.15877582980976335,0.38548464837062185,0.19887459473618113,0.10537562766336403,0.021261841288955214,325,102,-7.970271135957565,-2.288047322629094,-40.80382,-0.9610604,0.434018751546989,-0.1329653395022562,-8.173782,30.531475
66142,0.4231544339784708,0.054402221320029545,0.01996072471312081,1.8826479765741566,0.4251077762315471,0.05676939124141898,0.12542361128716106,0.008025758841395222,329,13,-3.6669369332500166,2.737841669659062,-14.419766,-0.77065045,-0.9538697282108561,-3.4908782668809017,32.60338,8.564264
67407,0.3060516402795071,-0.09743926396241484,0.019960577814121618,-1.5252775015796718,0.300000006067863,-0.09234795855092277,0.019446908174455352,0.22336646677122587,335,72,3.431102403101203,-2.254033545844165,19.996655,-12.385577,5.018060436974373,-0.9917757992609815,27.261786,-51.63157
68304,0.3405054899932186,-0.17317468221043827,0.01996072471308108,0.22536432233182863,0.33585257555294173,-0.16568016383528258,0.07675036177483965,0.025498020437335196,339,165,7.299360080460467,-2.5105764541276008,58.56677,9.274959,-0.14597548007211736,1.200316616928297,5.738244,-56.696503
68624,0.42846559146117574,-0.2391917742553267,0.019960724713120784,1.3363270142194232,0.4190591120970922,-0.21960468764612667,0.1484706859164647,0.029565952553821457,341,83,8.085958348210179,-1.075160064511242,45.19952,13.097177,-1.2153038609991649,1.7515126189186792,-30.53547,-43.563034
69105,0.3556035971102126,-0.07547053367253265,0.0199607210688664,0.04249638364331743,0.35272446228707055,-0.07273676135435049,0.022612334181715515,0.12675804892475173,343,162,3.562523440879124,-0.7833793876289507,16.264265,-16.888575,0.7329946328744648,-1.662785379386271,22.776152,-39.150257
69670,0.3676075502447901,-0.07888124454208893,0.09630050392029467,-3.0953809351752937,0.36723018994697215,-0.07684408932993406,0.09464563133539083,0.5613854550090199,346,124,4.025521464261242,0.6239229733952836,20.396368,-17.405956,-0.7834760732535456,-0.9496937141568534,20.131044,-37.60002
71048,0.4074775922755742,0.12921136001230166,0.019960724713120798,0.7529905082742161,0.41101047299333615,0.10152262810547548,0.1659454417150505,0.006849313959403558,353,95,-5.631742456721082,2.1514146543728714,-22.378746,17.028057,-0.8263937961858706,-0.5242429201001175,1.4379637,35.33918
71519,0.5411176276040577,0.0578471327010996,0.019960724712765682,2.9416569761278613,0.5361525270735743,0.06713239747714597,0.08548289628771327,0.07685522275423046,355,164,-1.063286693825905,-0.754884276173203,-17.681011,-36.74237,-1.78698841032209,4.244182059424752,27.377783,47.40585
71887,0.4419812227875582,-0.15832225230700286,0.2060259110276788,-2.507202507977137,0.43661953775315127,-0.16185692810988497,0.20858798253319275,0.5613459398352316,357,130,5.833018067664283,0.7987633424220221,46.188305,21.519938,-0.6598476887984978,0.33089339602087386,-4.688019,-29.54232
71909,0.43624383395447386,-0.12459420429745648,0.03544805007569022,-2.492485938843788,0.43255794561799366,-0.1275639417340042,0.039432949829352304,0.5614462646980853,357,152,6.806857851754444,-1.5028197768506804,29.786772,-22.414513,0.0591725041479768,-0.09448417430000636,6.753602,-28.940628
71933,0.4327062003865904,-0.12203798541860442,0.019960724713120825,-2.4861636560313425,0.38501134463891207,-0.15748832733066676,0.22439211838478104,0.04604993091314026,357,176,5.235047803607254,1.5310922611679012,34.694054,22.478825,1.017641569860069,-0.029394129578835797,-17.424683,-27.706938
72312,0.5144320033839836,0.22001067775205985,0.03282038479107466,2.3997523846498665,0.5119494234111124,0.22233457030361806,0.03079164692897518,0.5616000405716061,359,153,-7.046610337224819,-4.788007413482642,-59.92762,-23.963419,-2.1093152086307283,1.34574952680185,-20.055603,54.08259
72630,0.3821345237726468,-0.16524701312325385,0.02333266331988202,2.6709625982627667,0.38029184934618715,-0.16425015099421802,0.026218816280040858,0.5244495839899473,361,69,7.780063968217665,-2.6983835876231934,33.87781,-13.251394,-1.4457408480965597,0.41393534956656036,5.335028,-46.39831
74035,0.44446085179906564,-0.2565720724682606,0.023078057025333686,-2.955756018350059,0.4456734501336492,-0.262812857302754,0.02588918490825859,0.5615352937855952,368,67,10.320669939687702,-3.756087493410767,64.44877,-6.0520144,-0.0634034402828586,-0.4068166814543453,-40.14775,-29.48477
74175,0.339234993050659,0.2689117978594045,0.01996072469408796,-0.7245841483011511,0.38446198428008543,0.10337271811873305,0.23443376978877503,0.005559867940647616,369,6,-5.868980446869672,2.611911829281659,-22.963043,23.473206,1.05707971882507,-1.4089076246610175,-26.800085,13.85493
76066,0.48629337443548964,-0.04777245923946634,0.019960724713120815,0.3365323978149731,0.41642257067106053,0.09088463109841502,0.257999966434022,0.034946954072853226,378,88,-3.6372266435081366,3.684998488638624,-16.10534,28.86715,0.8810362424438887,0.4905670383959761,15.38659,-5.746187
76511,0.46956802502542866,-0.2366983362548463,0.21216966106074445,-1.1965381436561286,0.4666286605703439,-0.23005404820174433,0.20912775251189297,0.5613477598433062,380,131,7.589970605475059,-0.6865293661118245,48.49262,6.6969104,-0.3768744605569815,-1.257829880602699,-40.52127,-15.42329
80297,0.37494593684428545,-0.2699540647009342,0.019960724713120784,-0.4926943309002197,0.3790015029295413,-0.2684827258359053,0.1229520881559927,0.005734194808849227,399,98,8.696747552460272,-2.1085648902991942,65.18754,15.411487,-0.5360147092021873,1.7816969126583115,-20.006392,-58.814793
80742,0.5509837478514285,-0.2077004813500845,0.16235590597231658,1.2836677208252425,0.5513404506581705,-0.20729433947372064,0.15963943409773662,0.561942541035399,401,141,7.682012979083731,-1.3509852279522838,44.390984,-15.887259,0.7050354061733638,-0.6486319219334018,-32.814903,-0.8128102
81313,0.513436596462342,0.056944884441971946,0.019960724713120798,1.8588153393007951,0.5192057493573059,0.058941298985865566,0.026860954920622515,0.046607728616130946,404,109,-0.8378784234431982,-1.2168963193101558,-10.268832,-37.206047,0.4561449875063709,2.6998244688157675,32.79606,52.343082
81550,0.48715724885753753,-0.14390849814436396,0.14709747453742741,0.27697820119262834,0.4861992150145928,-0.14024482015279094,0.14664039664973624,0.5615612144154213,405,145,6.235606076431601,0.10874796312523521,32.259655,2.666317,-0.664849028939802,0.6386325051525233,-20.836409,-4.675222
81630,0.3805623616127371,-0.018284491458323594,0.01996072471312081,2.417025735055674,0.3795578217236,-0.018100416330653478,0.021299580922857414,0.21477746337796244,406,24,0.14926973064499546,0.45803618708972194,1.4010612,-19.526268,-1.8463999097508252,1.3233509987917944,32.60427,-15.060138
81678,0.3606702735031051,-0.2737628302287795,0.019960704736649466,2.9673156570272035,0.35483970487900207,-0.2707896527307644,0.01909537800553085,0.2554396645636879,406,72,8.75610189921052,-3.5035995204092907,69.21689,2.1302397,-1.0274005134289461,2.879553223737431,-22.333845,-57.15015
81894,0.3421515310024443,0.03863955538583274,0.019960724713120773,1.0919352127719872,0.34535219215009266,0.12596298080599835,0.2035415690530191,0.016575205166045145,407,87,-6.283324753427453,1.8685384956080875,-24.493822,23.82377,3.8619327639948042,-4.619783751403043,52.44529,5.2624617
82049,0.4633713598157123,-0.14959128153735232,0.17115855403650362,1.9137755943915944,0.4571262461822732,-0.15218161433599772,0.16732285153621637,0.5617482927399451,408,41,6.310525233605549,0.273225049723611,24.638878,13.303197,-0.8833281271700145,2.1653377283494124,0.70333517,-23.625113
82234,0.31965585865942375,-0.06342117034742085,0.01996072471312081,-0.11173633066581548,0.3199102421308833,-0.06616140442869865,0.021166641517273488,0.4125344124687033,409,25,2.5784546191053495,-1.2750005701849125,15.032263,-15.029636,5.349771417646775,-0.45431547134834777,28.531475,-43.058743
83491,0.34153387023393345,-0.19390790739702582,0.019960724712840088,-2.619566182838617,0.33066402461430083,-0.18430773418275354,0.06709119625292109,0.026109091178373442,415,76,7.786321493165924,-3.0744096303508743,59.887848,8.98879,1.9160244053523776,2.1832646119131858,4.18952,-58.20369
83670,0.45535898583830553,0.21250131678317905,0.20410052743659324,0.6733270843420261,0.45039734426628186,0.20774490619595798,0.20118464076164014,0.561654533445361,416,54,-8.043781224548603,-1.3112907952978214,-46.923256,15.592433,-2.237669815840406,-0.3117965050845754,-16.83832,39.90894
84673,0.4423431986843159,0.22455372943742327,0.219228000577163,1.5743524719757602,0.44211463553414276,0.22735977343803712,0.22034411797815803,0.5623253509478258,421,52,-8.40687215816956,-1.5489047986383797,-48.492393,15.158759,-2.3332494252095244,-0.7299837446019263,-18.659216,37.832085
84756,0.5199486145132413,0.17180812984145452,0.26306245903106823,1.375879157662507,0.5187623060744003,0.1659721436079402,0.26248539311193847,0.5614369117130344,421,135,-6.009798065119412,-0.07969890227959926,-43.07043,18.611267,0.7649262109112251,-0.007820988611191374,-12.382334,48.25019
85250,0.35271256466401124,0.1085249381193901,0.01996072471312081,2.909573414526359,0.35413593946394045,0.10794374742335622,0.020121129157257528,0.28647912667782977,424,26,-5.0947277721636635,-1.338493233337326,-24.875202,-16.049704,0.18114841867108217,0.1607205391935837,46.202034,23.701235
86090,0.5275957404131106,0.24649029267299052,0.06404187286115358,0.2630627935031305,0.5263344577821554,0.2516677393560585,0.06185199754044679,0.5615484806804346,428,62,-7.352107671204882,-4.826068730272767,-60.289875,-18.938623,-1.0929619044638799,-0.2734205788056186,-50.19692,31.012669
86447,0.3026114780472279,0.14624638092210254,0.019960724713120815,1.177106003490082,0.31333446381981095,0.14969959039357236,0.07893754350422938,0.07812708918124718,430,17,-6.3051898268929385,-1.654298276784762,-34.45764,-7.695293,2.8236807459400746,-0.7505044670001351,20.420416,29.855341
86745,0.5014943941043155,0.1177610707793846,0.019960724713120815,1.2810151415727262,0.5029998470671115,0.11997866119193312,0.018362085498339592,0.4796232021138451,431,114,-3.294893573413322,-1.8978281692579455,-32.288532,-34.954895,0.9769438854410076,-1.268313938615945,18.232647,63.659153
86839,0.3575087367003211,0.04383328081600344,0.019960724711801964,-1.8748878147600474,0.38780321103902854,0.02267154803768795,0.2346942039377921,0.033121357244797436,432,7,-3.1726491566609005,5.3085171896974135,-10.3367605,31.00897,3.36675956181089,-5.634539351464019,51.409283,4.6302285
89021,0.4590961934946292,-0.07327962091071241,0.01996072471312084,-2.2048312905295755,0.4833816373627923,-0.10087547915721191,0.22666739385766696,0.027933316466879313,442,179,4.075018111820752,3.083579972201424,29.035261,15.562379,1.34701270093284,1.1558935717192487,-2.9540935,-15.795901
91822,0.3647031732846724,0.020946671419576884,0.01996072471311981,-1.8346060316967165,0.35078680915708454,0.021068797471718248,0.11755296450377364,0.04859356425594674,456,166,-2.2956295773433424,3.463709217924104,-4.2604237,-3.4911704,2.7464710862790174,-1.8366492725977572,50.496544,-1.3575059
92485,0.3281639877684877,-0.28664645411550016,0.019960724713120808,-2.4461070155262297,0.3302152387787756,-0.28128874692288386,0.020349953977917168,0.35718356232714255,460,25,7.892058485656997,-3.5405065824390993,69.69708,3.4319968,0.7190615996436556,-0.44228768850427014,-10.819233,-51.915787
94615,0.5460355836338798,-0.023539124824455523,0.1450609906589912,-2.6992278683704534,0.5438628590611116,-0.024805776373443666,0.14514843788403137,0.5615703311355627,470,145,2.0742597442895763,1.247099866365684,5.479491,-31.57439,-0.7973993122099997,-0.5900369533505484,3.7779548,0.4773791
94718,0.35534523265936785,0.19532339922529274,0.32185558931228553,0.22428898546753975,0.3427574695288926,0.1927354904538343,0.319472083611143,0.5620465322165533,471,47,-7.468801329379626,-0.2698193369484982,-52.190536,22.623117,-0.31549700480045245,1.0665214326227181,-6.5260377,16.721588
95146,0.3978390172001883,-0.14173975718547072,0.01996071631491519,0.32948447625731525,0.3930630528093104,-0.13476628519944964,0.026444801462237766,0.17079715503001072,473,73,7.038406714893879,-2.2181466449034706,30.989292,-16.778097,-0.8256087117752091,-0.7310305368625342,7.770398,-38.208782
95431,0.46637757152353965,0.055710715609152923,0.019857960090369307,0.8198888241657623,0.4652573771621528,0.05436289462578801,0.01952046772760596,0.48130583793279963,474,157,-1.799095483406504,-0.16308024435292515,-11.687198,-29.417818,-0.6911919185356382,-0.09158527723117468,23.249624,16.235582
95877,0.3112273591769787,-0.2916415223957516,0.02,2.1694372025893625,0.42498963113385396,-2.4936733787673452e-05,0.2749781476324533,0.0,477,0,0.06910962602504656,14.4101768609045,-3.6228065,55.624744,3.4046797009529595,-1.7487991376890104,-8.355037,-48.117878
96890,0.4729179904689009,-0.264960942587458,0.019960724713029444,-2.7990064162972192,0.4643159878967146,-0.13844854196458856,0.21864989056320905,0.022024443166212312,482,8,5.331893854520788,2.0462304265244726,31.132402,15.640782,-1.3743829368078184,-3.469695519227637,-51.837914,-12.12694
96913,0.46252179911382657,-0.26047739791676344,0.04859171839331236,-2.798804620472483,0.4621398441700496,-0.25977527119330307,0.04411242144480962,0.5615833931787692,482,31,10.37137900605094,-3.7458380121757386,63.209103,-9.085692,-0.673286913259392,-1.9252115316986746,-42.28598,-14.501975
97437,0.4116779555452321,-0.21549121577184271,0.023282451793970597,0.8659847881558874,0.4100483703476649,-0.21406795227479342,0.023074894401330842,0.5619514746051445,484,153,9.513633884057455,-3.0149493645164385,49.721584,-9.88841,-0.17873648228172329,0.622452532840989,-27.057837,-37.424538
97540,0.5269935626902414,0.1729745635741768,0.19725353717683147,2.7545151949502005,0.5291995535480151,0.17719089343449035,0.19792202381186827,0.5614539714029677,485,55,-6.298326687001554,-0.769447022642444,-41.8926,16.551586,0.3839846019612251,0.39170570630159335,-13.031197,48.718643
97824,0.5281971644388397,-0.17564373995020532,0.19585335744124818,1.4023817832217966,0.5203910389541384,-0.1743231305706674,0.19656526210020822,0.561960653439318,486,138,6.469320980919239,0.07869841359601554,24.10243,10.19946,-0.31719145211859207,2.5328253430070506,-25.136684,-5.2112
98441,0.5132880161909211,0.13433501278288565,0.05090961404238725,-2.934762953750172,0.5131210598924357,0.1365639356481183,0.0488055067739572,0.5614655573355695,489,152,-4.39997487362522,-2.1296744701626866,-34.34946,-31.867163,1.217056361483769,-1.1691298905915304,12.841469,61.304752
98748,0.5070567084780421,-0.16671789752202967,0.1293993987682203,-2.3368361395004373,0.5041060987481762,-0.1638896139934006,0.13088681803730975,0.5619577412075177,491,57,7.3934940397816185,-0.8650304949416595,34.37588,0.8374923,-1.1492894093908064,2.3471377318504363,-23.293499,-5.062243
98849,0.5037913519147318,-0.16591215013141505,0.019960678864865782,-2.3371879593885208,0.5045393982201036,-0.1615537673902581,0.016630180276915846,0.1760716836391395,491,158,8.129579423345804,-2.214615801220933,40.723946,-26.923084,-1.1766327513495511,2.43160286514703,-19.13331,-11.032092
99434,0.4482859758637947,-0.19135061910217674,0.17282514489844175,1.607299338032109,0.44852438500298775,-0.18740732533399274,0.1739963655872977,0.5619098946387496,494,140,6.9372651415936835,-0.16855360922596327,46.119385,20.090166,-0.22004404279337275,-0.8890281977879,-8.380639,-30.705269
99454,0.42608036630406226,-0.20326828878232683,0.01996071746851212,1.616701414813864,0.4194340148945478,-0.1961030658066297,0.02409291348002293,0.11185897804396927,494,160,9.181908389838162,-2.8071263502901243,48.470325,-10.833085,0.6629596085453283,-1.3654069058096716,-26.704523,-31.089289
100021,0.33505694567677946,-0.18553861713785483,0.07791428620320533,0.8538727325708826,0.3332975676486676,-0.1839872985031108,0.0761701754568565,0.561935475112155,497,124,7.6665618886952105,-2.886128726528469,59.65606,9.444388,0.8336396801421314,1.5107638994131436,2.1441288,-55.70956
101143,0.4365646912784277,0.23754526297307632,0.18553155347826586,0.84178503801677,0.4298949398739201,0.23030977662500857,0.18559098862292203,0.5615645196411035,503,40,-8.51293615733697,-2.0065548923721024,-48.22417,13.687912,-2.8750023507375415,-0.10030854385437699,-19.27445,37.429577
103625,0.40234349141528974,-0.21822548135014777,0.01996072471312081,-1.412103989973595,0.4048860507766272,-0.2204428669351178,0.02319841751487095,0.1403899444577361,515,110,9.641589635262605,-3.096485070543006,50.324245,-9.606668,0.05803210502167143,-1.317563973549702,-27.800774,-34.360386
104412,0.39566525791789353,0.17961401513287872,0.019960724713120832,-2.814656690076741,0.36813241872548197,0.20946997372956955,0.22746064194437748,0.013266259540134133,519,93,-8.222462278182103,-0.13626488948234491,-35.08432,18.34889,0.3965902276321237,-0.06683164947638032,-5.2893124,34.811996
104745,0.48196917632648034,0.1844477453350924,0.01996072471312081,-1.1131195684194826,0.48494904671807626,0.17939148577337052,0.02646838146635702,0.05773099719031679,521,24,-6.027534266165853,-3.6412915591984647,-41.41801,-27.875399,3.355286003863439,2.016761465599352,-8.266734,56.013657
106120,0.5406477447935369,0.26976301318243207,0.019960724713120825,2.199269546409512,0.5429757722759925,0.2639070480759942,0.07502002692817042,0.010803797096411128,527,193,-6.938322508280516,-4.56225338024421,-60.50834,-17.852545,-0.5468089905243746,-1.2701552058340555,-55.70215,24.84999
106232,0.49332228483833457,0.27716802860430784,0.019960724713120798,1.1490522183820364,0.4987700461669179,0.2819927895223058,0.10455850042600187,0.0681767038509892,528,104,-8.038675934007463,-3.969868341337858,-58.215923,-15.320758,2.195094878006718,-1.6064673842180597,-47.10385,21.443245
106496,0.40596741580680956,0.23515514205924945,0.019960724713120676,1.5806034888906089,0.40029239196803845,0.2289182542381747,0.12850652531549725,0.033201390270099655,529,167,-8.771338461507009,-2.4101216940268975,-39.970333,11.555893,-3.1481890594322866,1.2284339667721338,-28.699842,34.476917
109458,0.40232864794973267,0.11254056786196769,0.02065200784619904,0.38602287523023043,0.40285483904321984,0.11127495518718591,0.020837073161113134,0.5619930368867009,544,114,-4.770719303827331,-1.311813438007142,-26.38826,-19.563751,0.14610804089009405,0.5113761984616555,6.1656275,35.157513
110232,0.46683930860484424,0.11706819383461653,0.019960724713120798,2.0458505895437527,0.4576741706879678,0.1409999738708946,0.1863047755809262,0.0555411042374593,548,84,-6.04697384418005,1.100071157809667,-28.760544,10.389363,0.11424317200610591,-0.735022012464057,7.617086,46.329384
110680,0.5045561165711532,-0.14731552008910234,0.24022133870782142,-2.338801625471142,0.4987009532835637,-0.14125154753608118,0.2361699777212924,0.5615847695257156,550,130,5.214546224523965,1.3010515182581224,21.45517,11.938077,-0.9962193376985351,1.4691034280980098,-23.596718,-3.624135
111477,0.5175815703068688,-0.1642928767473917,0.12645603384247547,-0.08997201915660881,0.5177005626817586,-0.1604916141158682,0.12192429293496479,0.5622445932153384,554,123,7.6133332005494205,-1.2082476483261102,34.730026,0.19576113,-0.5567028098161275,0.09938159846227326,-27.110237,-3.4431672
111525,0.530682444040613,-0.17409524387768646,0.019960724713120825,-0.06531905646688305,0.5186809260304515,-0.168801578000795,0.1388352720221084,0.01635819578466606,554,171,7.501456194410238,-0.8335508831046292,35.649326,0.8203194,-0.007006102930068495,0.6181327146406053,-14.729426,-0.39614955
111895,0.3697413334716422,0.03905741099877474,0.18978548925506034,0.3772246753892338,0.37025679041214754,0.038237500134965165,0.19144368286339083,0.5619418594492648,556,139,-3.450058736774521,3.59369517974818,-4.233306,21.344543,0.1841037353815282,-0.15475780487408997,15.010845,9.47343
113122,0.5482925935251642,0.2862871342368346,0.019960542063835424,-1.873996486771568,0.5428997867846588,0.2831537934162896,0.01436208789811505,0.30739607162514615,562,160,-6.25611881550186,-5.270377493176529,-63.50386,-18.81923,-0.7508047628944092,-1.3536825355497284,-54.722065,23.361687
113229,0.3781354603984367,0.19858613415927787,0.03682951347679315,-2.110976268178315,0.3783163151391128,0.19862470157756007,0.03724398310283775,0.5613587366898467,563,66,-7.570072126194592,-3.8910517428454,-42.408936,-10.950287,1.1824173221585765,0.7823857349581483,-5.034,24.407097
114340,0.3692904046333778,-0.25153841514645137,0.019960724713120808,-0.16687358381359255,0.4198829689154564,-0.21612557050738604,0.16369968434885818,0.014831523822900454,568,172,7.828285206667862,-0.8431982709753638,44.645794,13.089045,0.21111179047393314,0.7392342511809771,-18.655935,-62.67758
115544,0.46138078455538833,0.28202070336932816,0.019960724713120777,1.5418094805942226,0.4565537335308558,0.283813759808138,0.12278042112465046,0.026245206755517975,574,170,-8.52670917540554,-3.388052281311635,-52.101543,5.8112764,0.1028038217650979,0.4183013267203333,-39.641266,23.008406
117552,0.4814475474037185,-0.2701462892350082,0.019960724713120832,0.5102764698883012,0.4659443782469608,-0.25665673010739826,0.1341350604517593,0.008984457010722827,584,168,9.01712729493299,-1.9013512631550848,49.891342,-0.54542804,-1.6768289772508147,-3.6631948534023744,-52.184155,-11.5229645
119363,0.5329163697932344,-0.220156486458445,0.019960724713120777,-0.5467265296633176,0.4921947904365292,-0.17467643235938551,0.17141803172394834,0.039166370031222544,593,170,6.945870774827309,0.13782765118708545,36.748386,7.606135,0.42681673757453487,-1.3414038694617783,-48.997356,1.2455281
119791,0.4162855001354432,0.23776297701973545,0.019960724713120815,-1.8942034221489623,0.41570794957418006,0.23870899410370616,0.028641279289029153,0.11562830552186855,595,196,-8.675280338943859,-4.8675873537379735,-54.477535,-6.2877064,-1.763497779455816,-0.06146621297523253,-26.793713,33.20727
122511,0.5361499354784295,-0.28266299256238014,0.01996072471312079,-1.4815938651091611,0.5382485542619387,-0.2806350909762708,0.09863081929286363,0.04470202984376108,609,102,8.70679908990907,-2.830089130625712,60.49765,-12.065101,0.8793924259560708,1.1707331144171993,-42.921173,1.8255055
123071,0.5152581139630186,0.22902704516050992,0.11299853504062474,-0.6597785124929559,0.5112759271637101,0.23234145271671483,0.11557040726326309,0.5614515627083451,612,59,-7.759291358312485,-3.5095198835620462,-53.542988,-17.531118,-1.506287883845739,1.532538861041034,-20.666672,53.19942
123309,0.3030979759387864,0.2955092926737469,0.019960724713120805,0.5342508956704638,0.3120735216870663,0.28794404808860197,0.17365522729400373,0.022191649524809294,613,96,-8.144225282020223,-1.8039537790036002,-59.69237,15.402749,2.504362249436379,-0.5729063525303881,-24.93097,11.148688
123775,0.5281137824692245,-0.07821904927578267,0.0199424215992678,-3.0580005890075377,0.5293248689038695,-0.08131189889676743,0.016392625382809972,0.4496358908258367,615,160,5.517749529263693,-0.7949081455244671,12.080137,-40.712837,-0.5918532485126055,-1.3096878043936246,1.2555768,-5.6086707
124934,0.3994504718313977,0.17554903804038333,0.019960724713120777,-2.930877372282819,0.39697890282501785,0.17727412635433967,0.018866108898958067,0.183021826932048,621,113,-6.642688081215842,-3.382309012908938,-37.298748,-17.268555,0.5099622565317612,-0.33391015739974317,-3.0019224,37.07497
126258,0.451039092953461,0.013139750845287203,0.022425505608963676,-1.9408599395890511,0.4454646834811144,0.015361723751332884,0.020807343223737285,0.5614740465711519,628,30,-0.25845650365925255,0.42310108727128304,-5.4661856,-27.710348,-2.1982992707530236,-1.0115465357682452,22.796783,9.261624
128360,0.338960527124649,-0.185643110478848,0.08079329832086965,2.0426205508022233,0.33698241079920277,-0.18188753901287744,0.07994616368363144,0.5615378859197526,638,122,7.624211132669942,-2.7194896483162454,59.434093,9.720273,0.5471683449848382,0.19058916940294418,0.19389573,-51.85507
128986,0.46183937778609924,0.03935537306533279,0.1356319516696999,-1.5637302673995617,0.4562726499010018,0.039253332085977206,0.13427771823445123,0.5619521979013716,641,145,-2.184233474414429,2.7216131678554976,-11.438248,-2.055008,-1.8537868786554563,0.9056631747690437,22.333065,12.345423
130310,0.3683721451158908,0.07820703195339976,0.07326049523395498,2.540211475707362,0.37242302606158034,0.0837664806425214,0.07178104328801413,0.5612212103374947,648,62,-4.601085607928627,0.3143435350947712,-20.67126,-14.758995,-0.24145477039821173,-0.9466591029288848,43.111973,17.744015
131030,0.40879927251591436,0.25245888896010094,0.019960724713120798,1.2447442241848696,0.39837184372757733,0.24556975774207535,0.2188624858238487,0.017804621795167706,651,179,-8.79954708450053,-1.130012798210942,-56.320694,12.169155,-2.2276680746021946,3.1743155644178107,-29.7457,32.49586
131364,0.4061926337313983,-0.2011154062262863,0.01996072471312083,-1.9138747142031942,0.40352447503901034,-0.19963624145971526,0.02134610929020314,0.255213196788722,653,111,9.113323141708372,-2.8684904397587085,48.49806,-9.787851,0.8921164725573528,-1.2390090893462449,-26.611223,-33.622154
132643,0.3160094121882664,0.08429378521724314,0.019960724713120815,-2.748024665376822,0.32420866208992105,0.05741683756853313,0.17329625606942842,0.04640220659566191,659,184,-4.356753827749253,3.0465455584952723,-14.448479,24.018665,2.636176678263917,-1.5281083479473394,41.161022,3.7368076
132772,0.4824659772819228,-0.009607655885417477,0.01996072471312079,-1.445240351830341,0.47891171257552595,-0.007526572876751576,0.020319734505746673,0.17410689797662074,660,112,1.7196747054773631,-0.0735072110930678,2.0652268,-37.205517,-0.8612860729557307,0.5261609462261195,17.033117,-0.7082804
133021,0.34277921566658653,0.23583375670777693,0.019960711004822596,0.7951163976456292,0.3405497362281495,0.23103795746635744,0.018295327730538685,0.21407674505205787,661,160,-7.966275184004874,-4.293247005340603,-46.669525,-5.909607,-1.7260913842725163,-1.620919440463146,-10.971837,12.325191
133716,0.445954268996708,0.17591716984448527,0.3014341025961597,2.951794025541079,0.4398023974523447,0.1769117407872976,0.30322763139791364,0.5618033453292648,665,51,-7.159072150053344,-0.048928977712345015,-47.481247,21.299294,-0.5627358763536948,0.41960530050607425,-0.47809595,20.175919
133862,0.4424294990427769,0.20926939006479028,0.01996072471312081,-3.10654090814962,0.444716797556808,0.2061394201898852,0.028245555575842296,0.14625830263868295,665,197,-7.4783825202414,-4.445202282511675,-45.970615,-24.415749,-0.9967781634279314,-1.6403940731649576,-26.337412,43.81712
133916,0.3451140821719625,-0.13700645212403892,0.22613801483906004,1.3772068954533754,0.34523234485670734,-0.13659004422455645,0.22782778912405158,0.5617081832526772,666,50,4.125924488695167,1.0328828150760758,38.06999,31.26316,-0.9372325938590232,-0.2752314672373237,20.801266,-50.3829
135050,0.5386061631895782,0.1377007502791933,0.01996072471312079,0.21466965232354265,0.5768295363304878,-0.018186894653258883,0.29764084531921564,0.04092226376927568,671,179,-0.6464334076500913,4.30199095836742,-8.394708,7.7273965,1.6158107714849248,-0.6707487103331976,11.579365,56.652107
135383,0.34162194919106087,-0.025035098848875337,0.019960724713120822,0.34091003568995654,0.34391639593262247,-0.027629089137713916,0.025662921959256735,0.17526517450154247,673,110,0.3851388637034545,0.12885181039633564,4.2669487,-15.081569,0.3964962393399315,0.7805364127160965,37.435814,-34.309383
136228,0.4754450959999575,0.25326925109139936,0.052381265410571254,-2.754048424469588,0.47541408322158274,0.25401100220934614,0.05101613307629685,0.5616564244613423,677,151,-8.540685397850924,-5.111130537457837,-61.81732,-11.321859,-0.31983695862017913,-0.07697358130528385,-41.411545,25.763475
136277,0.4643306990496442,0.2590344851991491,0.0199607247131208,-2.736108789712722,0.4655021225649056,0.2558246798405688,0.02008774113584963,0.26817379443979866,677,200,-8.528685345179365,-5.389168584423422,-62.633667,-12.107544,-0.3602134297391093,0.22413357330225486,-40.531193,25.69503
136346,0.41272250742347594,-0.24882270980568674,0.019489594421536156,-1.2050156083309227,0.4142615351520449,-0.2529699217101492,0.021319015760001253,0.552303442230357,678,68,10.173265994950897,-3.5062826197280375,65.397156,-3.6972198,-0.5381700669448518,0.461304197760574,-25.02164,-43.456875
139127,0.4774365110337871,-0.11870766650559407,0.13068506678551203,-0.8660639974487578,0.47499927396088587,-0.12056601325069438,0.13007560026770626,0.5614617916983006,692,35,6.1138061483568205,0.05788956241410265,31.718218,2.3960164,-0.5722935395186062,3.149546521656844,1.6246264,-21.041222
140038,0.3648635678869097,-0.04389513501907966,0.15281984264936044,-3.098396792426076,0.36474485885327196,-0.038892396081155065,0.15438506082063155,0.5614868960204529,696,142,0.6046392557140878,3.1460039860989206,4.854053,0.73032004,-1.2876741653706865,0.07107749729797366,21.62947,-20.665495
140960,0.39930419239907927,0.28486192144865846,0.1018872928400756,1.566128670315921,0.3995384561641533,0.2847901523876512,0.1048305545410406,0.5618033498335778,701,59,-8.933865886490358,-3.501732364530286,-59.384544,6.6448054,0.023759942227401437,5.23518124428011,-24.275333,21.769135
141176,0.40216895900911803,0.12843800735894667,0.01996065977100169,2.454791951254444,0.3976679738173569,0.12713071224744793,0.018946598103261103,0.14022375894331032,702,74,-5.314903604092119,-1.9154104417018556,-27.444405,-19.272123,-1.164118304398051,0.8594242288979569,2.947107,35.257534
141416,0.5056510058133514,0.09707204198166502,0.020209562420670815,2.748608159435687,0.503282957962189,0.10020238182580891,0.02104314530173068,0.4570235095309006,703,113,-2.4528392393795997,-1.5096915447290775,-30.260315,-36.921684,-0.795915142454992,-2.9613637495038407,22.858236,60.38139
143411,0.5355877316703733,-0.11355165390705155,0.019960724713120777,1.5619321426455426,0.5226175158019882,-0.11504145431385879,0.19769495048970548,0.009036106878488602,713,98,4.912735123854712,1.7112574599093766,29.46843,7.307909,-1.022983343313043,0.8997729348937256,-10.662973,-2.50184
144066,0.4217507126244601,-0.03267472073110282,0.07505556692270945,-0.9850489366108724,0.422085224682167,-0.032855570491044185,0.07558469925250527,0.5614293483645392,716,150,1.5956081322112663,1.4685560258349533,4.155243,-22.063335,-0.6445215157352556,0.5258078086337212,24.359886,-15.458005
145066,0.37334923228703293,-0.08563272824179334,0.15840970888590733,1.9884736592198289,0.3738325436475426,-0.08664918457634935,0.15998830131389996,0.5618628026605071,721,145,3.0978499751181108,1.949488303131584,15.322717,-0.91840684,-1.1521266671486696,-1.1165899168611373,20.232319,-37.961975
145878,0.4275996047911443,-0.2530484532759483,0.028536451774927057,2.7208607031424146,0.4254398442764124,-0.25203649387144084,0.02826339577265602,0.5616594635241738,725,153,10.27642684371735,-3.454884120784479,64.944305,-4.2348733,-1.3299752909464166,3.1036937369916906,-27.991688,-44.43951
146410,0.38012267369922403,0.13275977050043955,0.019960724713120773,-2.2403588261652394,0.3731138792116869,0.11178480074137273,0.1615111459435162,0.03773844123402696,728,82,-5.9775154996844595,1.763660498834318,-22.185589,21.99488,-1.3509843961957932,0.16468747642994297,4.088632,33.181503
147143,0.4732573669870926,-0.03121616249287714,0.01996072471312079,0.23360114436903245,0.47736186010622733,-0.03104963723943026,0.19119881751593884,0.026809519602957264,732,11,0.9951439415272727,4.489725228029595,-3.3065493,5.303387,0.005781607737920719,0.7878844082505411,18.19696,-4.7640195
147673,0.5195365832136943,0.25719221703729056,0.18463380778459204,-3.0886665750591376,0.5195707843694204,0.2582112262353803,0.18206730648829547,0.5619500676317689,734,139,-7.564638981646836,-2.5843411799637996,-50.179604,6.9495797,-0.24863914284832678,-0.5725505552562081,-47.95468,30.12558
147999,0.375049357327937,0.05496739300754181,0.07135289566465987,0.5212674166240787,0.37972668285506855,0.05749875269349552,0.06907899875238677,0.5613572078266766,736,63,-3.441188672275608,1.1407933072365726,-14.023816,-17.357098,-0.06025530101662993,-0.8673487278333095,39.26341,16.414719
148041,0.3701675383453563,0.05739550071829875,0.01996072471312077,0.5095460701668832,0.37549793909999274,0.055890273075486496,0.10115276719957805,0.019655562660741113,736,105,-3.76308742242751,2.1810939107373764,-16.107048,-6.537949,1.2213354805004701,-5.769877026415901,48.429306,10.020109
148073,0.43574042030214405,0.08262378763514355,0.251903192981097,0.5033072473567751,0.42989704181842386,0.07933317657025234,0.257155262769699,0.5617335050761766,736,137,-4.680786527827052,3.0231628719426147,-6.917331,16.830399,-1.1493155225918,1.0766395655853442,13.699888,14.009585
148233,0.5056783300098059,0.25803367029942414,0.0199607247131208,3.0426520194833797,0.5124348810764474,0.20912536929552086,0.17576064703390398,0.06828965401362323,737,96,-7.312463540815199,-1.4047541275982156,-34.995125,7.4814587,1.941421430467444,-0.18188750249739938,-24.05874,57.854923
149185,0.4049377725062467,0.26864248694272674,0.24688300528649917,0.778851878304295,0.39767480104182573,0.261498835836761,0.24420386332677277,0.5617393495626097,742,43,-8.56029592474079,-1.7547909968803301,-54.702244,15.763547,-0.9043232148094403,2.231298439186648,-21.539572,26.582098
150862,0.5140150795319159,0.06433312803018111,0.019960724713120825,2.586979785207756,0.5100194655753624,0.06506610062787441,0.02974369350064726,0.1207093466958801,750,112,-1.3049028813544956,-1.0416023976661375,-10.7184925,-36.61357,0.46087583191509596,2.405185146707602,32.79525,52.863354
151007,0.5489054115274095,-0.17635188791427703,0.16893999250718447,0.7415140481733757,0.5469356661623647,-0.1743252837055842,0.1697696708337748,0.5619604413383983,751,56,6.9226743464278675,-0.6227340444820126,35.094025,2.0026326,0.2914443258763536,0.3985044954146212,-29.502918,-3.245152
151108,0.5438066811353338,-0.17295517326353524,0.023191867577629012,0.8139801347131108,0.5414330372168462,-0.17089791609228602,0.02031836616095009,0.5602805877661784,751,157,7.392479967634888,-2.384978776327924,42.624836,-27.099104,-0.6187778326889476,0.1444657093531918,-30.382376,0.18962854
151426,0.31701503645490786,0.13190599789786756,0.019960369587103344,2.4402052222322377,0.31162089445377267,0.13381615299218602,0.024723235482031036,0.17356751697653403,753,73,-5.651617093628658,-2.2279818818649355,-28.789307,-12.913005,0.8271569869773256,-0.1916779019570275,12.21829,23.960407
151665,0.443420576355842,0.060992621894125944,0.019960724713120832,-0.3476923507164922,0.443816820448753,0.059404424932156336,0.01947250303602699,0.3518884297408459,754,111,-2.4863075235211083,0.0006457054687814268,-12.919498,-28.277525,-1.088247879066863,0.6107353514761188,26.620573,15.633684
153499,0.31682122714621147,0.12189129836167002,0.26203011104840385,0.599535878673816,0.31586751666425,0.12255018537323487,0.263324404674447,0.5618903376945042,763,136,-6.0716382068822226,1.3212511632498694,-44.820984,28.895311,0.9427451763833318,-0.0017022742716240255,16.86272,25.62079
154578,0.5005274224261961,-0.02061242283998071,0.019960724713114487,-1.1998082875733291,0.48109183033127256,-0.014492415593990055,0.19482048951673395,0.052069491395285196,769,9,0.05252955482965356,4.6615961969841,-4.4298515,5.7720985,0.3656741403585204,0.5315378832624108,14.5046425,2.2419097
155975,0.3144845804829318,-0.06889675788690222,0.019960724713120822,0.2714884924775607,0.3136697998021799,-0.06741510378944436,0.023132176492723505,0.13847885194199808,775,200,2.5740611995341114,-1.340737286295317,15.211225,-14.6735935,6.033771804727309,-0.45178193897242047,28.968473,-43.340996
156808,0.44411238632743266,-0.1707472523519203,0.02040217223533698,2.8886862129428703,0.44497971762961913,-0.16700018194754002,0.02017503501071366,0.5600439814838711,780,28,8.412208292206941,-2.295032089370562,35.422523,-21.87288,1.1133595037803525,-1.3093146879787878,-23.370232,-22.727177
156845,0.36907961989779897,0.22939851379118223,0.040510085613913095,2.7799408765704885,0.37430279219979745,0.24272039244301388,0.0411714223422871,0.5615673810753328,780,65,-8.590838233480891,-4.443328275993523,-49.02125,-5.189923,-0.08967217472607544,-1.4823116682602924,-13.3079,21.928396
157834,0.5248094796208718,0.016372892763547343,0.30971313401004413,3.1317815837106266,0.5183232336156028,0.01656621498564096,0.31096187183774693,0.558705603703805,785,49,-1.766706631191793,4.122183700729353,-1.2113683,12.302404,-1.2578758253291498,0.9671959083721025,2.1941917,8.096726
158310,0.4732201335323154,0.00201821532200702,0.072585727150275,2.7323293231155468,0.46906738717301033,0.0038270055593866547,0.07078248974384965,0.5619356642117963,787,123,0.8948891942789989,0.7508513584303739,0.9714269,-33.300552,-1.4672719597444823,-0.2300098425332921,12.142609,0.34624085
159163,0.3711838044682346,0.15883812173507358,0.019960724713120825,-2.2099276133248087,0.3429233850840644,0.042469248254568805,0.20861878368888664,0.0245781842601758,791,172,-4.190281808702707,4.329008069614469,-11.311455,29.182129,-0.7225960175928504,-0.04766354623596973,0.4755341,31.097986
159810,0.41838866274430286,0.22930612116825372,0.01996072471312081,2.3682305112662934,0.42634827216366833,0.22265370558226547,0.12377331394474214,0.03266105555901828,795,15,-8.634462346645847,-2.517675843770087,-40.069443,10.960475,-3.2274097868402105,-0.6274601030750151,-27.814793,35.26264
161066,0.4886728002185087,-0.2395221715405487,0.042202492653092796,-1.4361297113195561,0.48868674006458984,-0.23835595290163528,0.039938477529936206,0.5613718790036057,801,65,10.134392595216152,-3.6041635477919742,55.449802,-16.49824,-1.134734708655545,-2.4930017945137557,-46.787575,-18.357708
161365,0.4453582193414843,0.23384221529333418,0.019960724711741464,-1.7791908254542437,0.44010176593830236,0.2364822209657225,0.04140648866177993,0.06685839050111245,802,163,-8.608861261863312,-4.92535556397378,-56.060326,-6.7643137,-2.6485811157161874,-0.8353322473115121,-25.496962,39.170544
161522,0.40249477444660214,-0.02812868739534695,0.05701307387662712,-2.089636889230612,0.39910551811553063,-0.026201278504501744,0.055654688195770324,0.5619264889417245,803,119,1.3398258627734476,1.2034522020811038,3.6656609,-21.49347,-1.474773565864906,0.9779811764756392,29.031265,-14.463061
162458,0.3746305689796513,-0.17170953030482988,0.25269475029677646,1.714210850956996,0.3736440290902352,-0.1621652915606208,0.25588072727795974,0.5616345884313184,808,50,4.899210079396238,0.8118908269084004,48.412598,27.32216,-0.1087478708355385,-0.10165525748274828,-5.818692,-26.264456
162840,0.536380307897409,0.13868248727110707,0.03676270440244368,2.5872283124039686,0.5349539099680088,0.13686652712650854,0.03252626572459863,0.5615588794470308,810,30,-3.458788757087034,-2.1973453945899633,-34.754704,-33.346523,0.8026242615681788,-1.8901144683593614,12.104922,59.12334
163298,0.4025245840234641,-0.017441607600309772,0.019960724713120798,3.106020644272373,0.39289072373525774,-0.06854267216838782,0.16691472414973516,0.056124580910486783,812,86,2.289563238267158,3.181092696093473,25.46546,21.24046,-1.2181252129229128,0.5216135267317192,33.720764,-20.759808
163623,0.4134449119077949,0.2700079427894028,0.01996072471311449,-2.179903232214534,0.4199297631076646,0.16339769287614875,0.21052698895913693,0.10327810540844821,814,9,-7.214245107955563,0.5838038687137151,-31.964329,16.803139,-1.0394138830817492,4.02768014404791,-29.451996,24.37423
164774,0.5041893876681801,0.11357938087444856,0.019279859109708072,2.2888806470291025,0.5027616580988804,0.1143932478307288,0.018970369970605888,0.5033601700559003,819,155,-3.0557505284553135,-1.7839801890108387,-31.665066,-35.656593,-0.12692332087502126,-2.7290597533087295,18.018887,62.412693
164999,0.4328752323194011,-0.22081741132856134,0.019960724713120777,-1.3718426284664982,0.49873167799811363,-0.09815617036909045,0.16964124728604973,0.017734178630507986,820,179,4.645642732468192,1.6807862633199684,28.42677,6.3866987,-0.3956024941623272,-0.5532026425783968,-28.970888,-29.24097
165194,0.4431940221538958,-0.14590254583394538,0.019960724713120798,2.0688311053088264,0.4767780268557679,-0.1359154850563804,0.17543707362256697,0.024958189082594267,821,173,5.810596617392361,1.0332464178872378,31.392223,9.020785,2.2447105800299934,-1.1287064261488355,-19.04405,-24.889465
165309,0.4767098190327783,0.2830334360292897,0.019960724713120815,2.403150810577457,0.41520933548401434,0.14682831976184338,0.17836576853628186,0.02380312053757394,822,87,-6.667977809317508,0.8123068965730502,-29.19494,16.021534,0.9827576030308868,-0.31308292608433447,-41.206875,22.361427
166259,0.45915356410591385,0.17590215451449606,0.03806069436420167,-0.12340871393108724,0.45963452928961523,0.17965872420223875,0.03708047784102919,0.5614234121273857,827,32,-6.3161051787363816,-3.6197679433140957,-41.84768,-25.376194,1.6430589095909005,1.8376597983336727,-6.7167873,54.818733
167442,0.33543822588052646,-0.15442256561304904,0.019960724713114494,1.2565919045471188,0.3559207275826332,-0.13813172121534345,0.18363894384675858,0.01636091915168794,833,9,4.74124612694769,1.1456710301968518,35.57431,24.82317,-1.3876489376020227,-0.3780677685405784,12.629366,-51.775692
167792,0.34319956456193595,0.11902899443238783,0.019889218682874146,1.4668294271663078,0.34107164106386323,0.11594457382698592,0.02190961616962009,0.42264188618388243,834,158,-5.376067839105526,-1.677779337821121,-25.702772,-15.170393,-2.1543047811569824,2.2270423102642742,12.583012,32.911278
168165,0.4104470527547295,-0.13454989362274647,0.20817749774436792,2.037393333700836,0.4063947434727632,-0.12639881460006658,0.20522563848360817,0.5613710058303669,836,129,4.70064162894241,1.5663852380735586,18.067093,16.519125,-0.1309496239124764,0.18376411211615562,4.1363454,-27.279037
168627,0.3955373113383972,-0.02550218475535167,0.019960724713120777,-0.6055069515994388,0.40384039422181006,-0.028735449879273803,0.14966665730467804,0.005800386042906763,838,189,0.29962969272301393,3.9528926800890694,0.22987649,0.31042492,-1.623369594186251,0.5146618958437517,33.496254,-22.078876
169497,0.46123845597058355,0.09453111569576977,0.21190789540522634,1.2620539675631632,0.4627426361549365,0.09929293843983247,0.21499166210975607,0.5616848937639826,843,54,-4.842938448503372,2.0434240589244492,-20.649328,2.4566145,-1.7222120732759099,-0.7821869532813057,7.9664054,13.780811
170210,0.5246421961917357,0.29903293478116677,0.019960724710245098,-2.590338154310515,0.5151731296728356,0.29833152496098664,0.031892895918325115,0.07904245197819698,846,164,-6.991980273018306,-5.300553528797008,-62.92724,-17.193703,0.09218993575116495,-1.8679048047843332,-53.384254,21.603432
170405,0.43977240510828614,-0.17191526498429796,0.01974016220579804,0.16237695783666165,0.43920841060777005,-0.1721857303819078,0.017734889391404385,0.48823442463224437,847,158,8.452992693295824,-2.4429221320945325,35.574318,-21.396683,1.3927567308631343,-1.671858329133413,-23.52924,-22.807173
170470,0.4811064814174028,-0.29911672031632053,0.01996072471312081,-0.42213742962094203,0.4773754074831133,-0.30200038067001483,0.024104079038444054,0.06720092342297858,848,22,9.33939698665996,-3.868649165399179,64.1746,-9.466788,0.2626127102704242,-0.9740164461747212,-45.290916,-8.8476305
170771,0.3863243345270024,-0.10489629248388051,0.08779070351768978,-2.3785994530853403,0.38412707050325046,-0.10275943156267899,0.08576737841187801,0.5615194307587551,849,122,5.652052607813044,-0.46921118705320136,22.659767,-16.741611,-2.2185651919430693,-1.2795716079068145,15.797878,-35.881508
171427,0.3459817127837739,0.14405513212047966,0.019960724713120815,-2.7561165165263803,0.461433842952266,0.027700016502766038,0.18836173723571517,0.020556498520485755,852,175,-2.4123118375450905,4.432483748787969,-10.362319,4.243778,-0.682699654045308,-0.9594750660671946,5.884888,27.605406
172592,0.47530896042788606,-0.21653983032053878,0.2513760876062237,0.45000469538323234,0.4721944720271447,-0.20986438897299803,0.2473411843206692,0.5619042152769563,858,134,6.698195934478294,0.03307048872479809,47.894123,22.507845,-0.5562572109925572,-0.9174617332652923,-10.686019,-31.642975
172682,0.3813259833538744,-0.13743338673328304,0.01996072471312081,0.14422354873533513,0.383568062637977,-0.13837172649066332,0.022259803743393175,0.15841502733044252,859,23,6.8061944357116495,-2.4203318445754736,31.018435,-15.317772,-4.292618186656416,-2.352480042475901,8.720014,-44.794323
172706,0.4417926540976803,-0.16159162642014557,0.2978924837705474,0.3238648199764482,0.4326623227568886,-0.16453473400114557,0.2983519596235472,0.5615878793291574,859,47,5.094416311991103,1.0927851985417814,48.07707,25.403217,-1.0339373665222478,0.02146377900321552,-4.923514,-28.086287
174038,0.5349927127533408,-0.24159840341301972,0.01996072471312081,0.48571860037507486,0.44204938357948487,-0.20013668830233583,0.17953100285557008,0.025729387690787045,865,173,7.084013974530882,0.036708824736096074,40.57164,11.346063,0.3787353242010899,-0.32373739658286554,-48.069977,0.820979
174282,0.4666894919592751,-0.12029343248349471,0.01996072471312081,2.337989030899655,0.47293715554734556,-0.1251256627252495,0.15655677058650197,0.023642283993090818,867,15,5.5191742008410465,1.0324888381900994,29.200075,5.382899,1.6251460664124047,1.8499435438289937,-12.538388,-18.94578
174564,0.33903832811633206,0.17321627593910938,0.01996072471312081,-2.1292445519936645,0.3525341788464251,0.16768409417787583,0.14475621702993088,0.05570134434453077,868,96,-7.272015334663257,-0.43925269332329037,-34.732983,22.389936,1.352912599328622,-0.04699221955723314,24.417868,32.85651
175095,0.4520789126138326,0.1639556717318509,0.01996072471312081,1.4711324323803128,0.4477279975563638,0.1637840497496882,0.02199020002463467,0.21097032950402114,871,24,-5.848492713220475,-3.0383142433590358,-37.80058,-24.289375,3.730592194891561,0.626965637841464,-0.7646653,44.24087
175622,0.4530769451943662,0.23114444770448556,0.0766425167436357,-3.0407002983999227,0.4530666108276899,0.23246462726049685,0.07717295185665562,0.5614893236876342,873,149,-8.61051454418638,-4.226849244568043,-55.088806,-4.200517,-2.6643507658092798,-0.9919814573472012,-19.897306,38.28955
175803,0.39859161561332734,0.024284382976311986,0.2121402401539396,-2.9472525226138435,0.385809696187964,0.02200905259334153,0.20966058885671954,0.5616865146067364,874,129,-2.3676159560715098,4.503422543292196,-1.0880643,19.136095,-0.22071775110319192,1.5924529151109714,33.11524,-8.782023
176015,0.2992110276872684,0.19099428904847154,0.16510981103231723,1.1397243068284955,0.29728749661745757,0.1918866027150622,0.16727838911210416,0.5618561103089783,875,140,-7.231606697734771,-0.7670056515049612,-49.285202,27.978325,0.5336411401757769,-0.06607083614399768,16.280394,28.763292
176187,0.5297232898423908,0.22191703486847159,0.019960724713120825,-0.06285599816299149,0.527035716609996,0.22052819391521689,0.01847293892053145,0.17897562503309838,876,111,-6.399935363414938,-4.555460118839754,-60.913357,-24.186874,-3.4675396973495545,0.5024420487883072,-54.253006,32.463642
176654,0.35539225727589063,-0.1383875489833983,0.0199607247131208,1.1385643285784417,0.4294549991421911,-0.20469532683166655,0.22881389921364909,0.01623271710035397,878,176,6.512246101813198,0.41334130607312436,40.194065,14.91525,-3.6131770722605006,-1.976727977512522,12.375872,-47.31058
177094,0.4410722083600941,-0.2032565037560084,0.01996072471312081,2.336614471584226,0.4432234826816594,-0.19986053975215948,0.13556711259189627,0.05609314112605395,881,13,7.796249733760916,-0.8790702680588018,41.204525,8.326705,-0.5234120489392664,-0.6091192742985607,-28.027924,-28.207369
177569,0.48797998767087536,-0.22251590800521562,0.019960724713120808,-2.4300799253902072,0.4187126614513092,-0.23865608096813354,0.17670554710921954,0.04470335742616995,883,86,7.762987304469758,-0.6526447384980358,44.689907,12.004605,-0.9183235052651222,-2.03885666433996,-51.549324,-21.104889
178528,0.4027042729681618,-0.11815995734050967,0.1945193219735742,0.9912270657230583,0.40289022912279426,-0.11758350480916169,0.1920525291699968,0.5613950413896613,888,40,4.659658144184645,1.5960341713351993,18.16311,16.263199,-0.3897407618684766,0.3189255044022928,4.439846,-27.330723
179201,0.4578854643285401,0.029860732865358692,0.019960724713120808,-0.8470314895418904,0.46055134592936,0.028114747898853622,0.02515619371889663,0.18600374427851452,891,110,-0.806077182661642,0.3005751372693578,-7.7452564,-28.378256,-2.348235509346776,-1.9792510394990261,22.282835,8.250894
180151,0.4430894555010943,0.2346164881016172,0.15178508725017584,-2.242742745946947,0.44630765223902524,0.2379778487089476,0.15688012270861987,0.5611706216596564,896,55,-8.620803548361799,-2.4540495176830075,-47.48992,12.234549,-2.7615431562202137,-0.3324454638127395,-19.6577,37.355927
181118,0.4993721567331999,0.1371665232099008,0.019960724713120815,2.170164381668388,0.4997436822413314,0.13417602680220217,0.06602791813582606,0.022029249189703837,901,17,-4.589179473886976,-1.831190758187701,-30.827404,-31.369028,3.7157896591779953,-0.26592714044312343,11.649995,62.744358
182128,0.4400131271918779,-0.09471109895734615,0.01996072471312081,0.9829443818906106,0.44160884240387166,-0.09796577064327225,0.04187916717845169,0.012699570268544673,906,22,5.621096094126632,-0.43306516982666415,25.189384,-23.665503,0.27244537964771237,0.7925919077008812,11.775044,-29.456184
182152,0.37987075623364275,0.05780674051016428,0.30820754371599607,1.1742394371733693,0.3665677826447293,0.06288816461163724,0.30717093855454486,0.5615694031396662,906,46,-4.399247109372554,3.1416162267474164,-6.3659573,19.37572,0.15047947600608386,0.7447284697255135,13.917603,12.048713
182374,0.528920908922213,0.1668566898853815,0.018889421307129898,-2.2345988543889956,0.5304550043024858,0.16863327251270177,0.020428776221434908,0.5593741449251887,907,67,-4.61764483069456,-2.97399073736123,-39.608303,-31.078115,1.3803018843949286,-0.4254046189628511,5.654315,54.46244
182475,0.5287857667071996,0.16929465194614812,0.01996072471312074,-2.262730871584916,0.518872359397543,0.1652851851881094,0.10803202363870046,0.035195579160346435,907,168,-5.483337980786543,-1.807474176681073,-46.720974,-16.618034,3.0175499099408927,-0.5040091139133556,6.997853,55.453983
183215,0.33939872021876305,-0.2159278748814647,0.019960724713120815,1.993510190053771,0.3433525095982565,-0.21800793435712004,0.11466621123053142,0.07616477053497318,911,104,7.69758272261029,-2.1142464350368813,59.106422,15.133235,3.538524885746876,2.3298555753780175,2.2294688,-63.415356
184111,0.4093104998152602,-0.0920254443808485,0.019960724713120825,-2.6483872486488735,0.4159433676543993,-0.09343450090270318,0.036847388244528795,0.017513439105073726,915,196,5.1219681847655965,-0.43228626874566295,23.763319,-22.577505,-0.05931453542946306,-0.9233884687591664,17.701097,-33.934387
184508,0.40527571060235656,-0.2082459658819391,0.019960724713120784,1.426944828437385,0.4104528621711052,-0.2080606680417485,0.07951390970315145,0.007356148336338829,917,191,8.999836174091566,-2.354080849185824,41.33894,-8.242625,0.43993028763266395,-1.4930540860497479,-27.270134,-34.827778
185269,0.5404842116162483,-0.2264890047636675,0.13687881623467263,2.882500477536394,0.5407005427855022,-0.22657278104887082,0.13378864609900254,0.5614799898202811,921,148,8.485256790524579,-2.0024393098887883,44.8548,-16.431303,0.38335485933162844,-1.0712384142391058,-34.155018,0.011440933
186183,0.46244819984426583,-0.015131859772268705,0.12331629683819376,2.242144988859806,0.4608376248816796,-0.016638886523035253,0.12498903473680775,0.5613575450528907,926,57,0.8339201167681074,2.545123114871188,3.8823211,-26.201946,-0.45987415574632473,0.9510509351616062,11.550505,-2.6178126
186803,0.3832033342828734,-0.0464021677899106,0.019960702897655714,-0.21842380867831057,0.37845390127616074,-0.04773584147920957,0.022297989052529554,0.10998539471516904,929,74,2.0817294014874843,0.31848889881920167,6.203276,-18.138151,-1.3483827909637227,0.027181053860082995,20.976416,-18.794697
187386,0.5586155628422707,-0.2577584422718135,0.16733574584371302,1.945296132016541,0.5531589863751505,-0.2602167792614464,0.16459068486093842,0.5616832572319785,932,54,8.004078524966216,-1.7454123943173259,49.115387,2.1199572,-0.09417799414252609,0.04566800711475146,-37.41894,-1.0930345
188401,0.3715613709888166,-0.03967522064882491,0.037918399988282864,-2.950368006449069,0.3726884533755448,-0.044372191491964016,0.038183663025792625,0.5614862416270642,937,64,1.5392305519533336,0.42397625969756214,5.4773674,-16.794062,-1.0203850065107256,0.5794702001354035,21.878887,-20.058872
190293,0.5170766163058711,0.10258525827710001,0.11184911927080148,2.2033532665805953,0.5128741161967071,0.09946419828938514,0.11254872590875706,0.5614789318509338,946,147,-3.3226863798315494,-0.14183608807664372,-22.628435,-33.956196,-0.7215408209849914,-1.632883819798413,20.135925,63.357925
190518,0.4497842330901686,0.16590741223898256,0.0199607247131208,-1.9122482018101323,0.41627509449107464,0.14793324263313964,0.12030863327054711,0.012390773593468452,947,171,-6.439869076240693,-0.34894007366187124,-28.174486,-2.53327,3.679747920641025,0.48603587997582115,-0.8107232,45.8613
191645,0.3614479156833908,0.27487291544681564,0.019960724713120822,-2.6022265693605195,0.41150606887861885,0.2695068146337788,0.22378421207575905,0.04539575918672415,953,92,-8.897751309104146,-1.6370963214414123,-56.33699,11.221377,0.520100454504955,0.39733666062595263,-27.826796,17.00337
192482,0.5496974847558063,-0.11893668757273171,0.171095447744377,0.7402275716299642,0.5476463936478526,-0.12030822246005955,0.16737329032374043,0.5607166688035056,957,125,5.631731327589141,0.13671500674244558,31.27975,0.7914275,-0.2539127087577322,0.8111821572989263,-27.306158,-7.184757
192872,0.5308310105911355,-0.04325059681795034,0.019939942358989025,-1.842300899874764,0.5307242211279927,-0.04367150826602662,0.016777690498442827,0.5618691532723382,959,113,4.091450781672314,-0.6083285936141138,8.596925,-41.775944,-0.5955373757238679,-0.7059621877806972,-1.0549635,-3.9193316
195122,0.47969995933744275,0.15419170649415662,0.046151381134759445,-0.9177595902995951,0.47825759705091336,0.15301522282544391,0.0480713165297868,0.5615559101839268,970,152,-5.5134226762094745,-2.5797042704870075,-36.607243,-26.725082,2.902329674231096,1.9224187752056827,0.43968537,57.17936
195548,0.41747926176472544,0.283081001109831,0.019960724713120825,-0.48328672429435277,0.3443172147197712,0.18911439444950076,0.20798635085939782,0.04360812891583506,972,176,-7.95567758714357,0.14464979587619553,-34.352516,18.894043,-0.8636716721044027,4.5785844003205405,-30.936937,23.570276
197343,0.40880857026914946,-0.23593960514651302,0.01996072312685076,-1.8710019553983164,0.397008822886981,-0.22760715022327727,0.0470783425141518,0.09414423813243633,981,162,9.891134252623116,-3.0937324873502585,51.471573,-8.748676,-1.2976173232304442,3.1677953209562073,-28.491486,-39.82153
198421,0.4768753979048194,-0.03605968391022088,0.09371779236236702,2.4656194298900997,0.47628318933120894,-0.03640349586301012,0.09117279544013712,0.5610715911209275,987,34,3.193112424150891,1.0496924610836724,7.510649,-34.032833,-0.13657698583002034,0.96948883373719,10.515794,-7.681167
199589,0.3153127906101632,0.015149957466502991,0.019960724713120794,-0.5642643036889049,0.3170671814207046,0.02010843134543541,0.025070300907807846,0.2187900399050343,992,197,-1.830406663524466,0.1898042761632694,-3.6295068,-14.204602,0.9946352802489934,-0.6101480817461938,45.41873,-14.490715
202697,0.32441676860945806,0.030533207998951626,0.019960724713120798,-2.0102148573464116,0.4469833329804975,0.1836774342848483,0.19297734733155936,0.006838387170442528,1008,89,-7.4338576992540455,-0.49429928258892025,-34.771965,13.167329,4.699346323899735,-3.673631955438063,53.4161,5.460543
205205,0.4322251330334693,-0.04277232571318771,0.019960724713120815,2.5832783360798772,0.4301820670397078,-0.021813280426362946,0.18610981113225478,0.07539561254190193,1020,185,0.3806354344851841,5.081475701486663,-1.711003,4.213869,-0.24988661103024373,0.5478941556582354,27.794804,-21.592014
206444,0.44853213340818404,-0.27605203828133923,0.01996072471312081,-0.7658043005930957,0.44888588087994696,-0.27791686131200855,0.08780380878278735,0.018869538607553128,1027,17,9.718429563436462,-2.9795510602774278,60.92864,-7.0633464,-0.5439938136941032,-0.4293408595563628,-36.971367,-24.996275
207353,0.48425671925541103,-0.24750033397962146,0.10480324893968893,-0.5407602608128855,0.4858083337496484,-0.24422937608571782,0.10156039746180867,0.5613666131057354,1031,122,9.612857689848719,-2.765128835195101,57.81244,-9.983591,-1.7572390536154587,-2.9947022904504115,-44.402424,-14.92706
208183,0.4262930893959879,0.23116479387606298,0.07831433668135193,-0.7389521154029282,0.42509683405308485,0.22960112685863088,0.0786611282855725,0.5616519852272137,1035,148,-8.765341211104994,-3.977928250743844,-54.460625,-3.7656806,-2.6257279689981665,-0.2734306930842675,-21.511015,37.705753
210633,0.3620484804358532,-0.13269991292580222,0.019960724713120822,1.1029292734835108,0.36435108716526005,-0.13226580920003095,0.11592086654063949,0.03002415280967072,1047,186,5.484730945620936,-0.27562430370106733,19.808485,-5.0298166,-5.244574719868638,-2.2714849814471885,13.200425,-46.487988
211743,0.5415261556921397,0.2654474781280292,0.019960724713120805,-1.1760607859065357,0.3977154712840835,0.23560451298857524,0.24401655543147624,0.014550735692400004,1053,90,-8.433704396445552,-0.5937488278399176,-37.678013,16.06679,-0.21528721428164932,0.08697719089805007,-56.664883,25.6064
212032,0.31125417400130917,0.12250916585894403,0.019960724713120832,0.9545404464165743,0.4626305290139062,-0.035015370206431064,0.23205246291254586,0.01416817400148516,1054,178,0.28910642038003603,4.982652163582041,6.8590274,13.912112,2.710135338580895,-0.2746070886709605,37.50525,2.623457
212297,0.30026042329072977,0.08416118237084466,0.20325613626063993,-2.6765572418979025,0.2989261202313429,0.08736308359253388,0.20474437436084292,0.5617107673272367,1056,41,-5.0558618076900546,2.1001344453668827,-42.83326,30.486277,0.4471788472365489,-0.022693000454331994,18.423153,24.894653
212718,0.42064424626580754,-0.03864839927601791,0.1045677764047786,-1.7278417305324807,0.42234330244269064,-0.03891020418885589,0.10346895394593991,0.5618382561149713,1058,60,1.8826852121776587,2.0731517004897837,5.481697,-22.812325,-0.9976615983324801,0.7234532657056636,27.933092,-14.609472
214298,0.31630175997323556,-0.1173141852540735,0.06413717420635721,-3.045168467010016,0.3138011233951917,-0.11728576645519347,0.06383346662020481,0.5613832400158459,1066,32,5.132332135956511,-2.160126526580157,25.590101,-8.9843855,-0.3878538012849841,-2.20529340060873,22.296516,-49.34326
214640,0.4604083649406647,0.05352649990429036,0.019960724713120784,1.2558491882062197,0.4260360066885685,0.1158853902026507,0.20791603919905574,0.03288670006329524,1067,173,-5.72455043202463,2.468125961768933,-24.874056,17.681702,-1.2630286522973122,-0.26776865902840186,27.294895,20.812551
214843,0.5342849607381919,0.02200088669867886,0.0199607247131208,-1.9169402380724219,0.41251665749033745,0.06169495815029165,0.2509238676306971,0.024511704968975364,1068,175,-4.193379817553826,4.657186410914465,-14.205928,34.73453,-0.43513588116742846,2.2009245807795517,29.49914,46.89135
215074,0.33294520167622205,-0.04632743204428212,0.019960720749297757,-1.0061315759929779,0.4012817173165899,-0.015827050732837973,0.235702658328108,0.036461378946712274,1070,4,-0.6258883478327706,5.483449516752992,3.108201,33.432217,3.7841205626607155,1.0060533956808648,34.873985,-41.1006
215304,0.4014328386776215,-0.16521317484253664,0.05786197860991795,2.226377903524261,0.4004620260672369,-0.16575968343401346,0.0550610938906656,0.56185290515025,1071,33,8.189048405759962,-2.314734812067233,36.195866,-12.27976,-0.13876634428644277,-0.06581807603674736,3.2321286,-45.172497
215786,0.44355985796006914,0.27292193148368954,0.0199607247131208,-2.2149867639818193,0.44179332142113736,0.275688803118819,0.018644570008462036,0.29107761562702905,1073,113,-8.722991167526237,-5.355575277629877,-64.14831,-7.974627,-0.7599360229749008,2.0345066018584137,-36.251835,24.910643
217068,0.49488604611828196,0.22843608124307507,0.01996072471312079,0.8139780934925588,0.49720447834882997,0.22850835972038602,0.14192112715655053,0.03634863388651524,1079,189,-7.849930003541683,-2.4653753366222224,-53.22365,-16.08081,0.08455536744435853,0.7784658405395822,-19.691814,56.470146
217604,0.5170618756973122,0.005228085331050165,0.10151254943502463,-0.07269511316165407,0.5171203792138382,0.010897318399091816,0.09748616063669777,0.5614590465376047,1082,122,0.9772169776708659,0.31910688323031955,-0.9423917,-34.300392,0.14513904698116947,-0.14807287297770375,5.8642054,5.5189853
220177,0.34420958480564257,-0.21656054015441376,0.0199607247131208,1.9258934912978949,0.3387401147547609,-0.17551114906725113,0.1510586266526315,0.033765542091111364,1095,82,6.4170665622095795,-0.5745464350740922,41.04481,24.707449,3.396919281791108,1.9521191406283132,2.2892983,-63.365364
220518,0.3877759911307571,0.16892963260525173,0.01996072471312081,-0.505588201020003,0.3995460305344558,0.1740081961547435,0.045253843108589153,0.009954545489421606,1097,21,-6.873005610866619,-3.1427788798132523,-37.322563,-16.534334,0.33159109877224735,-0.11842252585230376,-2.8496025,36.90771
220559,0.5126529791281205,-0.20346965168000766,0.09075093921801793,-1.231161603263523,0.5099245082454952,-0.19552759397043498,0.09509840563373392,0.5614594397771203,1097,62,8.793152795915795,-2.072145447337272,45.108696,-18.273937,-0.09584084860047996,-0.20594465836272474,-31.183146,1.9108807
224139,0.5005405232665942,-0.09271344777356029,0.01996072471312081,2.486152917389417,0.500323449750141,-0.0935665344062772,0.019453101546871326,0.2172085716323996,1115,24,6.294508926585631,-0.6987284569747888,35.07677,-33.19145,0.6258335405045664,0.9795053038930068,-6.1360955,-12.182901
224165,0.5081473783097021,-0.18812338829470016,0.26424524350311257,2.609447940526193,0.4956484724396929,-0.18009357640338944,0.2658478860261202,0.5618216128136877,1115,50,5.7936695402722025,0.8127975017403287,46.365456,23.237152,-0.9039774647842648,1.0472765935323665,-23.640593,-1.4686047
224451,0.32458882725737526,0.18527179102775565,0.22554421623986218,-3.024297197819416,0.31993611560040247,0.1849080899699879,0.22593904365225229,0.561939723548478,1116,135,-7.339479066615326,-0.13178308024828256,-48.59774,27.846895,0.03985807587364275,0.3760753447569353,15.487238,28.299572
224734,0.544343046784422,0.04420217932617525,0.019960724713120808,2.4905417381567196,0.5463056289023132,0.04333276951192824,0.09483433040146771,0.006354984068726972,1118,16,-0.23679343371629363,-0.41503282605390274,-16.495823,-36.53851,-0.9473201727571723,3.1089363185540533,28.323427,47.94571
225207,0.30837297295586497,-0.04542593806944273,0.019960724713120825,-0.6463000627290351,0.2856128978608558,-0.15649241584365844,0.24640958039126304,0.04633539530875509,1120,87,3.616864212574502,0.773199642149971,37.679195,25.851028,6.363026834240849,0.9889397355688282,37.280804,-44.132107
226075,0.5001454689467849,0.03986311424351642,0.06789193926207839,-2.966109847130302,0.5003594686052452,0.039815232614195555,0.0667760082687828,0.561365261895235,1124,151,-0.7075286337876399,0.09409804752683967,-14.157173,-35.785954,1.0300517714478563,0.07292817983957628,7.189289,6.943757
227452,0.4833190369575873,0.19530937569856036,0.08737410398952485,2.9825124050220913,0.4826940651762377,0.19344877674350666,0.08393878606644758,0.5616787588914874,1131,121,-6.86501888547981,-3.246315832218069,-49.85352,-21.124865,-0.341134536529273,1.4632151585535413,-15.288984,49.53808
227465,0.5191413519496967,0.24477351256439936,0.2572293206320168,2.9932014638771993,0.5188354414317075,0.24227835577921686,0.2557343435757816,0.5614222993186411,1131,134,-7.394331847644819,-1.777304098387238,-50.510094,10.678453,-0.23092894345962506,-0.371340089724644,-13.966457,34.094166
227553,0.5219504651276053,-0.0979620811415675,0.019960724713120808,-0.7420514882417655,0.5223093260667496,-0.09696410155103868,0.03974333645244224,0.012401771346446912,1132,21,6.510731557173557,-0.9246534630047067,35.61518,-33.615166,0.43163782476615176,0.6560730370536247,-7.5290985,-7.081136
228305,0.48918223798841576,-0.17930590877792058,0.01996072471312081,-2.5688379271611512,0.46510919386945043,-0.14134900423090604,0.1819849978499873,0.010379986670636054,1135,170,5.815793424530622,1.2828605881068853,31.957918,10.038859,-0.28037607837316414,1.4744441465723963,-21.422186,-17.781984
229902,0.47206406253553607,0.19372504732327037,0.019941195627857976,-3.034713043551977,0.4710656123273017,0.1914612712637722,0.019511847266097698,0.4481170779714639,1143,159,-6.524077246483909,-4.056610159699404,-43.321682,-26.483343,2.348712999239186,0.6131811379946821,-11.0774355,58.83837
230550,0.365800734458476,-0.01684965770032778,0.01996066750954162,2.813378608149461,0.4211463801603264,-0.002306664702295944,0.2536267579096179,0.06636934551539582,1147,3,-1.6286018099868325,6.29423231019649,0.4547721,34.503784,-0.5673229891094971,0.7572407624261162,37.702866,-21.50574
230690,0.44787614596182124,-0.05865988247872925,0.17541032376168025,-3.023915155582352,0.44791176332473287,-0.057442429258442625,0.1753751536397954,0.5615958201665127,1147,143,2.280864542401015,3.260273312974552,4.6089625,4.237287,0.9154766432088298,-0.33487331257520747,13.477373,-17.544565
231209,0.31472325084090874,-0.02521520699759116,0.09957815649537967,0.06908982737982584,0.3153296246601337,-0.03044997170995551,0.09243678645236478,0.5614448669584914,1150,59,0.317521353862558,1.4130444789213361,6.1950192,-10.531223,1.9233298847382239,0.006915314720735661,35.795586,-34.104156
231242,0.30842621616622445,-0.021844411350484885,0.019960724713120822,0.12721685336045865,0.3483526906969086,-0.022024999362785014,0.18124733511547883,0.030635007210350108,1150,92,-0.4714238765624939,4.096488454753963,1.9347547,26.996405,4.726301866345621,1.2021577930144325,50.466297,-18.274815
231504,0.4434250724207881,-0.1320568261939054,0.02495023295475458,-1.9306994291366606,0.4437208601376912,-0.13176385536775212,0.02606727783570409,0.5614520636925431,1151,153,7.1093078792451925,-1.5412784238660056,31.402672,-22.892813,1.6079055085784362,0.09017111888121956,4.908863,-31.314621
232143,0.5321684196435851,0.2604610534854234,0.019960724713120784,0.9274242686191821,0.5370848729443825,0.2621950603968746,0.11793761774561637,0.007878205035227601,1154,189,-7.310062153429271,-3.6468285779394165,-58.032642,-16.696955,-0.4886201823162944,-0.7073719069005484,-55.89609,26.513725
234631,0.33111305038356803,-0.025302044217540787,0.04162349084564853,-2.11245635649858,0.3277508321637326,-0.02331359074904898,0.03941088402134002,0.5619448919356842,1167,64,0.06644941660791245,0.28992830272770836,3.4753923,-14.06816,0.24479302951763465,0.8474476778007561,46.928688,-19.272028
235182,0.47012386840313486,-0.1960678174224621,0.019960724713120808,-0.912590487460908,0.47126520038651604,-0.19055969443297732,0.17485594517545203,0.046486208291479335,1170,12,7.090461503694689,0.10101372546196685,38.898674,10.311792,-0.526338951894579,-0.3222111851984893,-27.455532,-24.28049
236216,0.41347447770009166,0.023527682458379537,0.17223146914744109,2.091876832352449,0.41314012814533546,0.02477952994624421,0.16856942210117218,0.5621909318793913,1175,41,-2.148719731012879,4.071126566682817,-0.5509561,16.288588,-1.1290006079677142,0.6091401995173682,11.992406,9.5308895
237817,0.5037332246373831,-0.06470120024992136,0.0866201477219705,2.362382125675719,0.5014984510059811,-0.06258383343704425,0.08541243508136107,0.561799217561858,1183,34,4.937661075927634,0.31270499404426394,10.872164,-35.24828,0.10991431081866061,0.19225886273098877,5.464458,-6.5524483
238908,0.5202020030743885,-0.08381443397665317,0.07053695326974428,-1.07574003791066,0.5169366144804919,-0.08544283906846352,0.07294374902324693,0.5613575064540044,1188,120,6.235522198966526,-0.5385317793944775,12.698083,-36.82606,0.4345821251125891,1.1162030003931818,4.5071096,-3.8585565
239188,0.35664210930076834,-0.2932329442927792,0.0199607247131208,-1.2530415876906178,0.35520973307250636,-0.2911987749369478,0.02267699445100746,0.27462572523793527,1189,199,8.3271851232362,-3.526453269655451,69.66452,2.1507878,-0.3724765652759404,-0.40310124274757353,-17.318783,-53.18981
239274,0.4170255780220394,-0.1912773349840536,0.01996072471312079,-0.15971503657052002,0.42822498490622235,-0.17950554453373918,0.17146903545524728,0.03577584628545722,1190,84,6.792029410874103,0.24428130718002045,38.476208,13.334596,0.5491928617601145,-2.6005338373557634,-24.059992,-31.181652
239330,0.4268608461955588,-0.18671086973315984,0.1923261574741491,-0.23024005091978778,0.42763915564756244,-0.18482913488696404,0.19539376689870144,0.5617397534177644,1190,140,6.5661522968643,0.11122949362440904,46.84874,20.8284,-0.361916226597571,-1.1244866576952701,-7.8887534,-31.69036
239385,0.4156084452562297,-0.19457574066574276,0.01996072471312081,-0.165469158856107,0.4138901564470147,-0.19227999373566979,0.042256650618680586,0.029094553561760127,1190,195,8.913750765901343,-2.5875490557023313,47.365566,-10.21466,1.2361537458217908,-2.0294005029851947,-25.722717,-31.91211
239696,0.40840009502872354,-0.2874329077717836,0.019960724713120798,0.9612114346468515,0.40950767036844704,-0.295844084697106,0.08507327213827293,0.028457321698887445,1192,104,9.216567248874663,-2.8842066035312706,67.59075,14.0575905,-0.41454224516691646,1.5148500719013893,-21.531593,-55.09253
242267,0.4191220741383598,-0.02747006284726797,0.0558379465126277,0.6792162670913489,0.41794966605169664,-0.028715050985451542,0.059218135891477425,0.5613602955571358,1205,62,1.245203289375158,1.158253023247204,3.3179746,-21.641361,-1.0093661673783023,0.8968000370136284,29.09076,-14.194419
242796,0.3666052261513673,0.09542478973150297,0.01996072471312083,-1.5229118452246768,0.36997775221609064,0.0928806847840097,0.11431380007356093,0.009147270363031888,1207,189,-5.271508880192718,1.2863971617130163,-19.649323,-7.1279526,-0.8232912103919939,-0.499596038343804,45.13774,19.63122
243013,0.5323621411456614,-0.18177831049333518,0.01996072074929776,-2.800807328867051,0.4650686688541639,-0.054109921451600054,0.23690188538961976,0.06836736823033508,1209,4,2.5610861494303676,4.805828425304196,10.335649,35.829914,-0.4041971725486266,0.9599956743517095,-14.532514,-0.2737656
244548,0.3908735629682334,-0.21176018740322233,0.2778862903411876,-0.43796817472525557,0.381727682495813,-0.2073611629901166,0.27336443005594746,0.5616823846584487,1216,132,6.167487474921237,-0.09665080928258249,51.547672,24.379723,-0.3573545025937622,0.3564921932326032,-14.984141,-42.4449
244795,0.34487072336399216,0.04697624593594716,0.019960724713120815,-0.9073774074837192,0.39047739737761694,-0.01587480478576403,0.19021633221062453,0.015877813201240914,1217,178,-1.183147628049818,4.983682312265026,1.2206696,31.187048,3.083706107805725,-4.809214958231734,51.460766,6.059473
245767,0.3971595291783596,-0.1072162630720115,0.108679303233818,1.0672126832219835,0.3928960953537893,-0.10471123261502044,0.10761392027196393,0.561954524741318,1222,145,5.044993485371927,0.25097012599501667,22.197329,-16.453436,-3.413929644830484,-2.1555976555679583,15.915675,-34.98826
246313,0.42551255346755923,0.030191905660202065,0.01996072471312084,2.23023107822572,0.41418052807702294,0.1659912046596659,0.2574414383021688,0.020272971885727405,1225,88,-6.905494113379364,1.1989430612325558,-31.16521,17.35154,-1.5415445864114434,-4.079954353403911,29.487167,4.7696652
246609,0.42886572348213614,-0.009270205982096123,0.019960724713120784,0.9926534208549743,0.43240539219236385,-0.03887696618580576,0.22329604560539879,0.0151290757672009,1226,183,0.3498269127901775,5.3920469001339075,8.917995,28.52198,-0.8597061055359586,-0.6038847996303942,24.64285,-5.6267123
247903,0.35431841083455623,-0.17421076012785316,0.01995461013590117,1.047940277294106,0.3469867647336215,-0.1692567261223745,0.019653480993986033,0.39367396372078517,1233,70,7.311079656797616,-3.136668252730711,58.929096,4.6262765,-1.33403523859307,1.4919851480606303,6.0102763,-54.583282
248461,0.48457629885832915,-0.29288668555352115,0.01996072471312081,1.1313732233058367,0.4830240567980798,-0.28887844077878966,0.01952348455303754,0.3391398607162791,1236,25,9.547005196726596,-3.953403905225542,63.98583,-10.154047,-0.6117394708836524,-1.470026030993091,-45.220356,-9.067498
249442,0.33027909305800923,0.26750264953065467,0.019948878065594085,1.8388078820566993,0.422316216940035,0.004151485616479815,0.27418663935479637,0.03227176028587694,1241,1,-2.457662633552385,16.76298196219309,-4.889031,54.539154,1.788640821227739,-1.7234986190660042,-26.619968,13.570506
249870,0.5122501863595286,0.23960942644047675,0.01996072471312081,0.5897477912593909,0.511491582333704,0.24120837845846288,0.015926654519457573,0.4078820002857975,1243,27,-7.236714456567437,-5.1391087119525904,-61.038208,-22.46341,-1.0519250525369377,0.816531628600159,-49.23469,32.624474
249907,0.48830591199100915,-0.17566417398569162,0.046140012187089345,0.621895511057592,0.4826897254965586,-0.1797486475482682,0.044684528340485585,0.5614253141815057,1243,64,8.988813537200025,-2.3182105686250836,37.61837,-22.773413,-1.1083148579778144,2.207114848896809,-20.21285,-19.215952
250013,0.48096617929923546,-0.17877564987270192,0.01996072471312078,0.6650655819656773,0.5053291457715684,-0.09507151598602656,0.1815032002052431,0.05360732545663654,1243,170,4.594196340217845,1.9270082295731346,28.746346,7.0964613,-0.16759856302215617,0.8871048083311438,-21.556242,-18.070658
251045,0.4183603804552843,-0.22396522876848343,0.01996072471312079,-3.074271617049122,0.4221053065387926,-0.2235435191535713,0.024659718046595447,0.10018251029166635,1248,197,9.83351471790638,-3.1111783785707687,50.798855,-10.565893,-0.09479970008418388,-0.049067947888296534,-28.322748,-31.618687
251796,0.5052953212709244,-0.15381661504430494,0.17229461134978918,2.6947576200574486,0.5083881204704773,-0.1475743886418822,0.17195138453718803,0.5615762894734388,1252,144,6.126688981244976,0.27942169683292223,33.37973,3.1104755,-1.0960259938576253,1.172972535610276,-23.495152,-4.5822144
251833,0.49454894940171645,-0.15506307018246365,0.019960724713120815,2.721261394989116,0.4943849484013282,-0.035106088424389295,0.22358652904865195,0.00422142828415027,1252,181,2.006855675687729,4.7361278622338885,10.301704,38.02757,-0.8070891453027558,2.527851069791829,-19.747198,-15.882849
251948,0.39889267194299854,-0.020809543058147556,0.019960724713120805,1.7387044623907717,0.4183474055867814,0.001432408354667539,0.19474605609604498,0.03722050566549445,1253,95,-1.2732893988697094,5.401785707202462,1.4775256,34.32181,-1.0828989387349428,-0.07655653385816774,33.85771,-21.383347
252562,0.3074910162718145,-0.19018540291830532,0.019960724713120825,-0.33717012683975456,0.31621131339380093,-0.20185378529662407,0.10496534521346898,0.03245253489734416,1256,106,6.793902127196625,-2.274557792436685,58.013836,13.602055,5.181634297205462,0.4196747828807638,7.777891,-63.845985
253125,0.414469078130706,0.23400106108651425,0.028980620760448744,1.885554272191357,0.4122473067053575,0.23318858319352928,0.03003824265630181,0.5619518353250735,1259,66,-8.575193070930291,-4.771373724052949,-54.025337,-6.426777,-3.2856234823370345,1.945638608855084,-24.676418,33.725132
253192,0.4054947887417533,0.2098694159447619,0.21553870175438578,1.8808785457684156,0.396169458637579,0.2068719517184341,0.21286793435092882,0.5621938348252208,1259,133,-8.159120022353376,-0.9672222051114701,-50.482586,21.219498,-1.6385556105202377,1.2193936518180295,-4.143758,19.491297
253497,0.42145126479628164,0.12114496868483234,0.1098550472182626,-2.855396641087304,0.42037601353507265,0.12408321411131686,0.10996633289688085,0.5614058997502234,1261,36,-5.56499284640685,-0.009469824265114418,-27.449461,-4.2816286,-1.6938006545824105,0.086343298048388,6.233512,41.21599
254260,0.4674733732691268,-0.16491194079947394,0.019960724713120822,-1.5387931304212195,0.46874720771766465,-0.16384630884911092,0.027158224994301844,0.1234536352886251,1264,196,8.464727248782117,-2.1550425724604603,35.964706,-23.277721,0.5202616657590399,-0.5891460008256433,-22.890251,-21.75753
254561,0.46792491962194854,0.23065006445488154,0.0199607247131208,0.18679357086560067,0.502708612197984,0.16528104502093163,0.19702470425061944,0.04399902862963148,1266,95,-6.540688768994538,0.14619792146701366,-31.15332,9.14615,-0.761653264504698,-0.3391534335526895,-25.623713,52.655785
255280,0.5278152868124035,-0.16221014138164927,0.019960724713120385,-2.3814944138258727,0.5195232359525603,-0.14066509500643443,0.17719516998214954,0.011273349550400739,1270,10,5.971723140700153,0.7525764595384944,31.344687,6.0823774,-0.8357416265565935,2.485537069740243,-14.454844,-2.8899415
255688,0.5487488197912075,-0.23514104442269873,0.01996072471312081,-1.6491198097509197,0.5486897968127382,-0.2368017600352525,0.07032752328963446,0.01011768014036122,1272,16,8.741497964541148,-3.092927573372593,59.19381,-14.205636,0.6160011353908234,-0.331084084645026,-46.922855,2.0591004
255754,0.46236640190790407,-0.2253592688151732,0.01996072471312078,-1.4560785529819575,0.45350717373337246,-0.21451079339544124,0.14157529140252212,0.014567560557501694,1272,82,8.354402695336967,-1.2032515459733593,41.98609,7.5853133,-0.8962353192282899,-0.8440609341963213,-48.314186,-24.094772
258081,0.4981937125446449,-0.11992458153321196,0.019960724713120808,1.579484086433819,0.49392053675547304,-0.11987954098345162,0.018564583869733337,0.33524154933188816,1283,198,7.197541021763814,-1.3776920875229024,35.696373,-30.158918,-0.8076166868871854,-0.10053245303730128,-12.450394,-12.839895
258573,0.3265981044241275,0.1856566963048486,0.019960724713120815,-0.5418686558669336,0.4064834993271087,0.08287439511437007,0.18697655508320093,0.0895730843225286,1286,87,-5.084113004174401,2.971827853636284,-20.720655,19.749395,3.04132681903524,-0.351607224297293,23.344183,34.14586
260736,0.37326491462285694,-0.24411509761031294,0.18413704226747796,2.6490263654175745,0.37677188672144507,-0.24295135545038712,0.18023337629675393,0.3757684748237009,1297,39,7.790784162640253,-1.2042381249136795,55.58589,21.231812,-1.2665382883897622,2.4258117580753673,-18.765903,-47.3657
260828,0.4045115583660287,-0.027523297107085332,0.2464566843995501,0.7516283388814662,0.3995304144866798,-0.03179478210854655,0.24291005118539497,0.5613928198816844,1297,131,0.3444869389031578,4.464241162513639,7.6657853,17.694792,-1.0935122381566182,-0.5781221386365768,15.371224,-18.100746
260835,0.47041442014651724,-0.030494160230213976,0.19247630128696003,0.7693324424380824,0.4664431295688011,-0.034271454998858954,0.19076306959350348,0.5619598400859829,1297,138,1.1307370838045445,3.9161301830032182,5.0198965,5.2151246,0.553176182885396,0.5951744380515135,10.372587,-3.234781
260958,0.3367148112016364,-0.10076442036032367,0.10222102854306908,-0.3665734631544505,0.33268074557877353,-0.09929328179732087,0.09938518003213856,0.5616993982537581,1298,60,3.7610642952897924,-0.3102173773385879,16.105684,-3.3399968,0.16747127844638143,-3.178433178066341,21.519688,-47.030846
261266,0.36071155984457887,0.29377820931047305,0.019960724713116884,0.6160546525401416,0.3508787388685297,0.2873887502348884,0.07183944704625067,0.03988486304632704,1299,167,-8.766774433368724,-3.714644305906935,-62.999386,4.898243,0.9205758126395917,0.9021243457497738,-26.091,17.514698
262213,0.5335099987915267,-0.2739444936235358,0.019960724713120822,-1.158402709644531,0.5329451705969187,-0.27706331479177376,0.021310524040170226,0.16612347005227934,1304,109,8.581016655876635,-3.6040536928376756,62.38649,-14.962405,-0.10272972573886405,1.2127504714137558,-42.17914,0.5846801
263799,0.4861243492026858,0.27301419631949714,0.01996072471312079,2.2210031113305604,0.427557081070569,0.21375929823160159,0.19262386038767304,0.055075958149904805,1312,87,-8.244943048805897,-0.9890516022842023,-36.80703,13.770881,1.8448550521837008,-0.5739640661598581,-41.881172,21.996302
263972,0.5015906355974816,0.24492676130288032,0.11543938616824634,-2.8208454744204765,0.4974113475608581,0.24341742015359433,0.1131798568713287,0.5619438477819642,1313,59,-8.10676922333433,-3.6391793527134726,-55.57437,-16.116812,-0.6799375247162521,1.1766827622124938,-22.175005,52.73239
264177,0.32053425355922677,-0.08570805836394808,0.06260640977895951,-2.9051255665763795,0.3234554249403157,-0.09680622446948337,0.05963963425639887,0.5615514765535295,1314,63,3.872970714566993,-1.5116540168032855,19.066952,-12.860152,3.5261489910554826,-1.1989748487254315,27.04611,-44.867058
264741,0.5157910573348321,-0.05320975891230454,0.01996072471312081,-1.490630845145562,0.5140641163320188,-0.05313403397977465,0.022867753209488584,0.3845813567679424,1317,24,4.7656555984357825,-0.3182885438768156,9.341112,-40.707985,-0.20391042174237023,-0.297598402705904,-0.8088604,-5.3826385
265002,0.3672682290841922,0.28717784350064574,0.01996072471312079,0.3717543620542234,0.3700013963328761,0.26965658129093606,0.166050746098232,0.015274449911167458,1318,84,-8.964664860949892,-2.1144018984620887,-58.201088,10.78523,0.8816619283552132,1.104209527437076,-26.891052,17.58827
265670,0.4917093683420163,-0.27010194483466904,0.11002343566727493,2.676529004155489,0.49238989342623063,-0.2691331328932232,0.10762177099731363,0.5616649165107711,1321,149,9.46582799028961,-2.776695480193843,58.749943,-9.558885,-1.4375792792728634,-2.512132961670217,-43.771763,-14.091441
266732,0.3386229830793444,-0.008793539544954238,0.019960724438452215,2.1252048605096396,0.3917046268847142,-0.0017330607008263976,0.2257788288684347,0.09287049181936091,1327,5,-1.6988463525420308,5.4302658126336905,0.5219291,32.965626,1.6069854086954332,0.3264511100407858,49.162888,-11.153996
266965,0.4724963417294689,0.288419191859211,0.13757166096675136,0.5670853974963266,0.4709558433743247,0.29025539056485905,0.13275857522142503,0.5618573978471636,1328,37,-8.15477973959819,-3.3846654361577495,-51.700184,6.1914835,-0.002348537784886001,-1.007995324850749,-48.67107,18.324045
267759,0.3674759691438388,0.188824728224899,0.01905258983767571,-0.786417427103333,0.36469559716060146,0.1858731561970683,0.01996343106076348,0.5588463632772658,1332,27,-7.071960583724946,-3.567645337695127,-41.411797,-10.171149,0.9766044300681288,1.0997508119896777,-3.6095126,25.240332
270361,0.3668614385846909,0.02142996776675925,0.01996072471312081,-1.1964207392144177,0.3783655216913699,0.016340372253885443,0.06700867219104067,0.14323613400248938,1345,16,-1.8073398820234683,1.6438016441083567,-7.0113754,-13.042966,2.6183219833128244,-1.4330129803799248,49.73059,-1.4304204
270552,0.4160547826276641,0.24349744544642027,0.019960724694087953,-3.0918330708379496,0.42753827496636726,0.0932640638557773,0.236037218106594,0.028797913426978804,1346,6,-5.648613336059626,3.1641128749511513,-23.755135,19.402632,-3.0140522192276147,1.8132756293713306,-28.783825,33.31864
271082,0.4178385151344917,-0.07945874055318555,0.31842582132705044,-0.9701352117805127,0.41236620507554655,-0.0716412311981694,0.3190569905724677,0.5612762121417023,1348,134,1.8241524804699498,3.350670756160439,12.052995,17.61113,-0.8157921953398396,-0.1392715402699634,11.428439,-20.975487
271147,0.34309566387414026,-0.07639287590570695,0.019960724713120805,-0.9880054945034574,0.33897944995157653,-0.07832006392525602,0.02236237040243394,0.2951934579488653,1348,199,3.453986570320487,-1.30724312021801,16.324137,-15.765788,2.418925093738677,-2.0428358634035746,27.067072,-40.671566
271497,0.5370311182372198,-0.07666885397048687,0.11149183100739299,-2.699049455475772,0.5359929175514019,-0.07727756277796409,0.10943245187387579,0.5618303314534223,1350,147,5.115506897923515,0.1316167476570581,10.550698,-34.475143,0.1590479497827742,0.56438702844089,4.2186017,-2.826438
271843,0.5064553040595275,-0.296444845183838,0.01996072471312077,0.976016571233032,0.4546249932386703,-0.22524775798115743,0.2247880612371537,0.03222418347375699,1352,91,6.9607438332173155,0.17328340173954276,42.09864,11.462433,0.775697798703764,-0.3485886288594478,-50.268936,-7.1330485
272371,0.32042988980051446,0.019775994857360122,0.01996072471312081,2.3828049065265158,0.33086996048562595,0.017869453017760203,0.10627874480324676,0.013747807899380515,1355,16,-2.3409990049007368,2.6664082748063263,-4.7463856,-8.153727,3.5098374145126794,-0.6573039243655358,50.17779,-14.676186
273128,0.4075470396653362,-0.2507632964038757,0.019960724713120777,-1.4866215484037797,0.4155111856525863,-0.23924728826295102,0.12728687084883764,0.05725938168528892,1358,170,8.892256644329132,-1.8304793687022483,46.969177,12.39506,-1.1366115425606549,2.509086833067393,-28.790895,-46.21101
273505,0.4531829749912151,0.1873583537663476,0.15445759452775143,-1.4388432581368735,0.4532930057250197,0.18768921494244103,0.1555086882021385,0.5613710504526495,1360,145,-7.527142993593041,-1.2834705934243145,-44.551716,14.031588,-0.849375957504959,0.306173725141341,-15.050728,41.026802
273666,0.4528054090796852,0.08252817844655255,0.019960724713120808,1.2799261736015561,0.45728858009560996,0.08262681120152732,0.09785245992235359,0.02195752412315128,1361,105,-3.6702893528663445,0.8080197251139771,-19.470428,-28.603016,-0.4835424614381462,1.8667729266046986,24.282991,19.87499
274139,0.49750464783787157,0.004720071007072753,0.01996072471312081,-1.7724912762944993,0.5339329876875109,-0.06477159022774476,0.24764858114667174,0.0587739545462355,1363,176,1.6750869480496215,4.0277869003910505,-6.023794,7.9956756,0.17481801269375385,0.5232462891208501,14.8002205,4.000846
274466,0.34367402483079806,0.10161168948659477,0.019960724713120825,-1.4642041280265616,0.351460403573776,0.09257197695474234,0.12227140852823576,0.03341063156880243,1365,101,-5.3109711549794145,1.3513333741204714,-19.87037,-7.9097247,0.0013205820100781335,-1.064825715037869,45.54942,21.800941
274662,0.3434055115952081,-0.11739406988243248,0.019960724713120777,0.27206562977654697,0.3529663539834622,-0.10638170485018535,0.14959519679095454,0.020974711256420257,1366,96,3.985983464251825,1.254932752902398,17.785004,-1.3443118,-2.3582406793587447,-3.1087739954014784,16.294922,-48.077736
275758,0.33841464692913303,-0.2434090456406351,0.01996072471312078,0.16802924225154603,0.34112527406349447,-0.25192745633562436,0.18242878924547737,0.07363328000858936,1371,187,6.914618842234163,-0.916358203023972,58.61596,19.736128,3.2536723017975993,1.4606063217061813,-11.542708,-65.406296
278131,0.463141783348867,-0.014505824100763232,0.09280393512977095,-0.5822889006737704,0.46207573923073514,-0.016516442576465746,0.09194177535530348,0.5616365596287869,1383,148,1.422525405962655,1.4534009380143118,1.7569877,-27.76166,-0.8304107750618656,0.9738258843228655,18.195843,1.7443274
278911,0.3045944118971707,0.025874501606889352,0.10318439065755149,-1.7897936839007216,0.30418755121751606,0.025044056128870975,0.10162358959331652,0.5616752849009234,1387,124,-2.241296931839603,2.203693986820239,-4.24746,-8.060679,-0.7860722792687194,-0.3013210075450209,43.540253,-14.303281
278958,0.3094795088985187,0.02523707647263634,0.0199607247131208,-1.7717368679763783,0.3062666885297433,0.051849368529050324,0.1702281005419167,0.008406445235838432,1387,171,-3.7357616928393242,3.4008867608475235,-14.200642,24.029797,4.552191816953416,-0.541526966098892,50.019207,-15.002425
279025,0.2995038427788984,-0.2829209541712256,0.09240638796293636,0.40075932564807987,0.2970464171716966,-0.2774533156072858,0.09114023315345668,0.5617775214873568,1388,37,7.191516763396121,-2.7845471275408045,64.47901,20.271648,0.8832755532151605,-0.3450840673438283,-9.718479,-54.399662
279245,0.3339244909698797,-0.2680935471804404,0.18546953781889683,-2.6897896777435815,0.32652657832393295,-0.2717857530578707,0.18807376723282324,0.5614752252744052,1389,56,6.845813899033046,-1.3675000099177441,59.60506,22.377546,0.5481400892578822,1.694965879778629,-6.6927495,-56.344772
279715,0.305951847385022,-0.23076558659618168,0.1639475721710833,2.1954788358799324,0.3066979649521108,-0.2302851816450211,0.16558168715069438,0.5614088236958112,1391,124,6.697356544357573,-1.4634913898111188,58.98625,23.570372,2.057994796909408,1.8457699874905578,-4.7578554,-57.35939
280292,0.5039200461407548,-0.013354305489992186,0.019960724713120822,-1.8488802038241163,0.5050519638880735,-0.017115209458232812,0.10775558027622628,0.02422759930576113,1394,98,1.7737156130482528,1.0957433449951748,3.8932147,-32.08775,0.21777406293168033,-0.3154483782156887,14.313079,2.425328
280318,0.5009945671111113,-0.01945986657566396,0.08993038858345036,-1.8572741171834635,0.4948730644315779,-0.01754693754728713,0.08714871457228193,0.5619146097850156,1394,124,2.2710796940593156,0.6155086841362412,2.7445571,-33.189594,-0.7084799227237097,-0.0006548387055623408,8.750249,0.22737563
280402,0.5297926318545584,0.29094985359652903,0.01996072471180196,2.9598466108472845,0.49391113407591103,0.11225338519514881,0.20367372813375034,0.02566065139747704,1395,7,-5.188219543021031,1.7849022229116547,-26.662197,9.55055,0.9619413887285456,-1.3312166592836885,-56.23317,22.611902
281804,0.3211824692185367,0.2793179976382333,0.01995989911734845,3.012171528688552,0.4196981202363878,0.012160886703527345,0.27090231869360526,0.0023071442207516727,1402,2,-2.9727213719664065,5.927570410553677,-8.769999,32.52382,2.6410732049841776,-1.5175840148536008,-25.538834,12.580904
283132,0.3744920451281868,0.19538185331021873,0.1050046435718828,1.230459890537289,0.37312431408397717,0.19242325791903897,0.10237783088081998,0.5613589121346076,1408,124,-7.7369398173091355,-2.339465624045733,-40.173466,-1.5240527,0.6582953935375262,1.0487404959049376,-4.9662275,23.843464
283533,0.3349483085919367,0.0016739609947219796,0.07984316181577601,0.39248412581617764,0.33396887193308955,0.003673024807816687,0.07856092403506654,0.5619546366834787,1410,123,-1.0571809224785813,1.9231841576172828,-3.280004,-11.630065,-1.836363900778734,0.3289610662792636,41.089493,-13.9691
283607,0.3447445888029786,-0.004777293355287901,0.019960724713120784,0.40086173631011396,0.3462107978456168,-0.008153026315671934,0.04707615577648422,0.08571394793360645,1410,197,-0.6913845038017474,0.9355002539598117,-0.033412177,-15.132078,-0.22146333897436368,0.06133411050213433,47.340397,-11.642643
284508,0.341449124477548,-0.05193139955573278,0.019960724713120832,2.7114028440427678,0.3396430622836764,-0.012548093978788746,0.1812759633380497,0.012961806430121714,1415,93,-0.5876870264267078,4.292405172147404,1.819656,27.416122,2.5340422110086718,0.7569249451942109,33.948345,-40.490074
284543,0.36622429280283625,-0.09409431927008868,0.17869531248156906,2.6847660507286357,0.36093652446465657,-0.09129903767085286,0.17794150422920418,0.5619305913129292,1415,128,3.3515040880975424,1.9044275317259989,15.523739,-0.48654437,-2.9234703687647947,-2.252794626183464,20.185057,-41.71196
284760,0.43267955706865247,-0.013709536726051548,0.14712367524461634,-0.9037791139990841,0.42987428455321913,-0.010031100676884296,0.1471689587663483,0.5619013623410918,1416,144,-0.3804098117206511,3.656762047769546,0.5157227,-2.3064415,-0.4817637843479065,1.2534234865978116,30.614634,-9.54289
284777,0.4165507113319639,-0.003905400076070067,0.019960722970309177,-0.9123213116460542,0.4180737916528706,-0.005304305505263727,0.025384510871997557,0.14657603227622665,1416,161,0.2236428033584087,0.6758569068557402,-2.1643102,-26.771324,-1.0476615460939551,0.5257370959906055,28.889088,-4.5179195
285846,0.5038655544483207,-0.14789787687362269,0.01996072471312081,-2.6239087374782586,0.504599953640078,-0.1482131265874973,0.019712015533494887,0.24976700600478663,1422,24,7.899802443835145,-2.021490293362508,39.25198,-27.607025,-1.2717489068173708,1.0419689815443838,-16.810097,-12.390072
286530,0.41500176245791115,0.2302395292528138,0.01996072471312081,2.842198964232093,0.420891459512933,0.2284574832801815,0.08347260661735278,0.02491037759242506,1425,105,-8.789793776087697,-3.7165244192228664,-54.302414,-3.24964,-3.705578225974527,0.5394682639092969,-27.334095,35.34405
287154,0.43227266767579425,0.021594282420835588,0.19426696063406512,-1.6116384212839387,0.4254526996116834,0.022003590383417128,0.19361378225059384,0.5614752965606865,1428,126,-2.042426709089022,4.369439225577689,-1.0984985,16.08681,-1.0921654750520766,1.211524996584019,18.187056,13.342622
288835,0.42912708225017543,0.15659306535718967,0.019960724713120825,1.2895727748772283,0.42426624583381406,0.15693095111354494,0.02291914170189782,0.15106732537279668,1436,199,-5.900654266431357,-2.761313814163484,-36.477383,-21.859713,0.6657449974297907,-0.06321846495512129,3.3551533,43.879433
289072,0.39540567745763294,0.23416385354325697,0.0865627880076002,1.2877623738628095,0.39218801000426795,0.23501682114959396,0.08611137126427298,0.5617399116029889,1438,34,-8.911388873167466,-3.629208517516266,-54.570835,-2.27698,-2.6217209406629443,2.9351574919226318,-24.182995,32.62987
292007,0.42871396355386465,0.2259764715118837,0.03231111749560238,1.2771034072714902,0.4254191448708066,0.22708510887010883,0.03263939585876621,0.5616542781159569,1452,155,-8.369633538245191,-4.783686936618944,-54.298214,-7.040348,-3.7281206033319423,0.678791584581417,-24.51159,35.13877
292065,0.49494435059923325,-0.11384015210656913,0.019960724713120808,1.9956693119500404,0.495840145443313,-0.11043355993562556,0.11587511301382084,0.07267729606223673,1453,12,6.067027372133479,-0.0026378478927892857,29.81128,0.3472595,0.6837106337173126,2.903767133907644,-9.187243,-15.578874
292210,0.5024706412676612,0.21422476133764023,0.022012097429886787,-0.8882733604461087,0.5089105390576818,0.21968618337483253,0.017159656662965206,0.5492573858994138,1453,157,-6.797672133583983,-4.725474161464626,-60.233982,-24.272749,-1.8238765346750156,1.0114064687747228,-19.319925,54.17775
293113,0.37553768582894065,-0.004679720956411535,0.18127011033981671,-2.0305728595625663,0.37118008272110126,-0.002292938580191475,0.17928899999107184,0.5617537179071659,1458,55,-1.4920972729654742,4.038886125157789,0.53261125,22.798914,-1.4593015750999272,1.3510227918498363,35.899704,-11.846676
294350,0.4938750620853179,0.18861488540765228,0.019960724713120825,-0.524841519716507,0.40405761063786794,0.2469578674624763,0.17228464365085974,0.014958316877889835,1464,86,-8.595109144947594,-1.6302446366069399,-38.737396,13.494551,3.2571300341516776,1.656825099818482,-11.249485,56.298252
294356,0.4938750620853179,0.18861488540765228,0.019960724713120825,-0.524841519716507,0.4437264779874673,0.22470613499338646,0.16105551164852056,0.08680676517507872,1464,92,-8.22841953637312,-1.603040348156997,-37.550114,12.666898,3.4152698719159527,1.5314046240131853,-11.188478,56.251205
294816,0.3492652046909683,0.05782557415140006,0.05625743516625667,-2.3516348577027855,0.3488767816273794,0.057301405087336894,0.059080712349609155,0.5613390975472121,1466,150,-3.5778387969625833,0.6375837111790782,-13.528181,-15.190612,-0.27072004658095233,-1.402877886474911,40.607597,16.236855
295566,0.36823276615348616,0.16648225576723966,0.0199607247131208,2.8278808409980676,0.36934984711258917,0.1769030104972333,0.12853437419970204,0.04586715053877912,1470,96,-7.462227751034168,-1.0788444262002954,-35.561504,21.995516,-0.06910338623228114,0.19270738284749292,-1.657259,30.227287
296138,0.5258425423558021,-0.07940354512417423,0.03960325632276217,2.7548703584168357,0.5245048652937006,-0.08308647273729709,0.03932053037875316,0.5615011446344707,1473,65,6.022025788207576,-0.5716641277739162,12.120568,-39.9824,-0.30679539760613606,-0.9059784676155426,2.1021206,-6.533026
296764,0.4941128518081274,-0.2228890073948112,0.019960724713120815,2.4293322984733803,0.4652277791775452,-0.03302692488405457,0.2068944613979311,0.0948244623463202,1476,88,2.012932066929943,4.8087176179123965,9.970597,37.67921,-0.5122514198617061,-2.7164225463852225,-51.08574,-19.232967
297405,0.3561677987753657,-0.10924854954955088,0.14487052777440132,-0.39795373856300165,0.35653993045835114,-0.10824694096517183,0.1440380550678977,0.5613530175600021,1479,126,4.362489375439375,0.7453583052089434,17.874102,-3.5455618,-2.3369530497048596,-1.3123863299217624,19.5431,-39.91868
297775,0.4901010888035795,0.034302831619263015,0.01996072471312081,1.3300982758135562,0.504612744169591,0.0860270103404427,0.19387761306664195,0.0425787918529433,1481,94,-3.8828122862531376,2.5524286495685318,-16.618181,8.572607,0.5850814439919029,1.1399091682637863,34.619854,47.35691
297869,0.48689857711791706,0.03622339872582073,0.019960724713120805,1.334750135942448,0.4904492137799076,0.03904469144535233,0.0730215133598813,0.053017231690331575,1481,188,-0.8714362446204087,0.46515940294001934,-14.37669,-35.371426,0.6404517142785344,0.6749280308224654,35.36361,47.95591
298591,0.39016185370543416,0.06290536493023717,0.019960724713120822,-1.948755946438312,0.40146673894175505,0.06337520391572748,0.07091228257633658,0.016504297431533924,1485,106,-3.6138618863054934,1.0908484681304063,-14.339114,-18.732784,0.45701217509883985,-4.190781824374658,45.097656,11.931356
298598,0.39016185370543416,0.06290536493023717,0.019960724713120822,-1.948755946438312,0.3899581448217192,0.0617107938284894,0.019635587485773986,0.2882915208084575,1485,113,-3.2064747117775085,0.2458162887318508,-15.334934,-21.405281,0.12361211182478225,-2.2576501013066625,38.07162,15.886446
298811,0.3106453977968233,-0.18720293744326003,0.14659077720389632,-0.23759993394146692,0.31225215488938457,-0.1799441675558904,0.14603557333865483,0.5613980792072635,1486,125,6.136497518096301,-1.2039682669888294,57.019848,26.556385,1.9933230070716519,0.27781644624146007,-2.098335,-54.823338
299669,0.4294628788340383,-0.25827447599215764,0.01996072471312078,0.5471287505135617,0.4501200574884218,-0.14280682757138585,0.20310472184030792,0.03691408102344125,1490,179,5.490937755044078,1.7053426958761557,32.297764,15.218394,-0.6454999490210345,1.120317268235249,-30.262589,-44.469517
299759,0.45005598115195605,0.01297293657017062,0.02009690649566021,1.603116394071502,0.44993034059447234,0.020040584252149288,0.019205222364687996,0.533491852006434,1491,68,-0.4637833933168574,0.3877786275201802,-6.19885,-27.827785,-2.4701765073591835,-1.6053715120112082,21.19761,5.027905
300848,0.47996821777699944,0.23641719875116765,0.02891567604378445,-2.0844568469469174,0.4786849214389477,0.23403376205043047,0.028216012622735764,0.5615410099827506,1496,152,-8.004133405651336,-5.063308996083195,-57.93218,-23.209717,-0.7763577886972344,-0.215584851712934,-22.691969,54.77634
301627,0.4620250290127857,0.20081743682750725,0.1756956506986725,-2.275804018717011,0.4630208542554124,0.19967041015603143,0.17227389681501837,0.5613518616109653,1500,127,-7.637891141981571,-1.4948027118392342,-43.872406,15.17464,-0.7311007519186226,0.8862438584710518,-15.2657995,44.900913
302715,0.30776748479928584,0.18766209482812077,0.01996072471311449,-1.4218790854511598,0.3332217854396116,0.1613211943475357,0.17498529862388293,0.029814283567772343,1506,9,-7.081681037249587,0.2450305735208455,-33.628227,22.541656,4.466339101549172,-0.08710436742653452,20.16779,32.9723
304701,0.30915843633159384,-0.056558023099349444,0.01996072471312081,-2.9537244941969227,0.3189306100730107,-0.05994451972302231,0.1521876263691103,0.013791139724923856,1515,186,1.5243284867793852,2.246164053449349,12.761473,-1.3513258,6.40756809677192,0.4453296966663125,36.26263,-43.776848
305186,0.4608480793228932,-0.03656600706488654,0.022228569641792345,-0.6660944617362969,0.47079631034422803,-0.044418195735380375,0.022483967950141043,0.5466050821554608,1518,68,3.707172398776712,0.20558699076962095,7.300379,-37.68252,-0.06837257932870396,0.49185809378314255,11.482515,-6.878862
305818,0.3674798421791984,0.20444158645044208,0.019960724713120784,1.8323047893341469,0.37810946899180975,0.19898535135003206,0.18836574312197343,0.07276396695063768,1521,97,-8.136523733160278,-0.4903954630133014,-35.01505,18.803186,0.03160834782994572,-0.4717551033114884,-8.202128,29.970646
306256,0.42121145701994533,0.007048024055683103,0.24786234156218012,0.18587845255744578,0.41970127226690984,0.014772668617703245,0.24633766451658498,0.5614590820130052,1523,133,-2.156883988972198,4.693250224851411,-1.4717683,18.284,-0.49396199840512034,0.010814796508783111,11.805574,10.43079
307445,0.5242751257286992,-0.03660857295690082,0.02046529135066535,-1.964001222456413,0.5242874884699296,-0.036670653343080256,0.016354808356482203,0.5629393093708711,1529,116,3.8452727883385758,-0.5743758013729405,8.004856,-41.960667,-0.5196595413140075,-0.4118135729992982,-1.3925284,-4.2600174
308114,0.40703529580810505,-0.18154101976357825,0.019960724713120815,-2.1322892624666423,0.43787175406514245,-0.15345951297661992,0.21585142172066668,0.034066053379789914,1532,182,5.617734008486996,1.6306273081781137,37.043457,14.712645,0.7997208809440405,-2.698373692410163,-23.234709,-32.163593
308195,0.3890846232611847,-0.027978351649810686,0.08732287346362975,1.0408253837903567,0.3886720541520961,-0.029196364065409586,0.08487266334916665,0.5614678939634073,1533,62,0.6907712459673447,1.8572372913513746,5.6085386,-20.448696,-2.147011314360054,0.7455256377761165,22.618723,-16.906656
309475,0.36886025086707935,0.10621716911843816,0.23907261170376937,-3.1191581053807527,0.3635017869111308,0.10598018276505007,0.23934983526402254,0.5619484015094097,1539,136,-5.736700613489419,2.0108309136175344,-43.5253,27.25466,-0.333814412627234,0.38051274732052504,-0.28782043,14.572614
310616,0.32796654562822686,0.22657897585877063,0.020073082779591234,0.4216821470991101,0.32550454148054725,0.2289757418794273,0.018525385438563857,0.5080626729946827,1545,71,-7.663799968065883,-4.130202586422951,-45.736557,-5.827806,-1.3028609472664927,-0.8157190093648465,-9.899182,11.503633
310942,0.5288269462214726,0.041136982766702086,0.01996072471312083,-1.34305536848244,0.5318989197331216,0.03897133655793621,0.029396647005518667,0.14102689195842905,1546,196,0.1396383580434076,-1.1923919780458836,-8.014744,-38.0447,0.18515258512986255,2.328766365106308,34.20765,50.409546
313292,0.4052094023084205,-0.16012508609531426,0.21732493674846926,-0.7418529712874042,0.39731232147559203,-0.15296323253092214,0.21445674981175025,0.5622391657949085,1558,134,5.432713486986372,0.9055193268049745,46.64088,25.461246,-0.7972371627668289,-0.07254933891130373,-3.7576647,-27.21336
313504,0.4735164367001412,0.17544531736226077,0.10359009423089062,1.4465716048377384,0.46919546825714176,0.1761060816380619,0.10307388401995451,0.5619536106601541,1559,145,-6.7296218065386055,-2.188128190805307,-45.231224,-19.438496,2.4987696479596466,1.687684964276494,1.301702,55.320847
313642,0.47542015786545105,-0.09665566198148375,0.019960724713120815,-2.5176294186620574,0.4663243319781559,-0.09894343416593006,0.16973601175144656,0.028050164900781913,1560,82,4.669223542660765,1.9503204636916616,29.456888,10.13806,1.421999309890878,1.6020805090205097,-5.6940827,-15.611849
314663,0.4750463351465409,0.013618231680884352,0.019960724713120808,-2.741671378677418,0.47707142790507756,-0.0028360411994618937,0.1976425278442048,0.032519363825454506,1565,98,-1.092578788816493,4.803157184223155,-9.414432,6.699469,-1.0239089030675037,-0.7525042888538663,23.256609,1.4820065
317318,0.3560292531172093,0.015747425022684107,0.21210373853220144,-2.468239556704172,0.35411154597198063,0.014045853316584513,0.21377387694642497,0.5619431602961186,1578,140,-2.3532404751023805,3.9118126516468803,-0.8462986,21.747122,-1.0459753238338914,0.7771870982505078,37.75685,-10.912819
318175,0.4049445445178765,-0.22305314492545772,0.01996072471312079,-0.3517860601808783,0.410315128563268,-0.2271160024771192,0.04799293217396955,0.028566247016110286,1582,193,9.673328266488495,-2.982527223440604,50.805447,-9.170199,-0.8802464139944415,2.3467102296168334,-28.351229,-39.04254
318949,0.517221760485434,-0.26869241105676656,0.019960724712958434,-2.738159187474196,0.5087880603255185,-0.2574629455374797,0.0860645030980213,0.04405098343466353,1586,163,9.530251545695073,-3.0493957902427566,59.616707,-12.018281,-0.20745853526734181,-1.1049295815805429,-45.454235,-1.1965201
319990,0.415580494147261,0.23466607165664127,0.01996072471312079,3.027474401606965,0.4266179142954793,0.2352265663527421,0.036540569597826894,0.030351098508692574,1591,199,-8.644729498754458,-4.827712617873576,-54.892914,-6.542613,-2.209353124666645,-0.5314758661846609,-26.811394,33.318504
323795,0.46809199258828454,0.11391002246509042,0.019960724713120794,-0.6067638116418649,0.45502930344543785,0.08589116072774833,0.18877727141125702,0.031455536557262305,1610,185,-4.782793543983841,3.0282436603685015,-20.06382,13.352318,-0.23846045602790827,-0.3446950538478384,8.1369915,46.618996
324460,0.3812857254412299,-0.07333613268439405,0.3044938309250568,2.550218234947197,0.3806954985996258,-0.0746859467147123,0.3013224693200576,0.5616723089964163,1614,46,2.0173364921217676,2.9887625036287884,12.089279,18.78544,-1.1362157068224366,-0.3369789824262411,12.35977,-21.810953
324931,0.38011875119247235,0.26260674268498063,0.019960724713120808,-0.8747917910762888,0.37675899475468183,0.2616007465265938,0.025024164981531316,0.2703194899345619,1616,115,-8.903934493195733,-4.71183284402966,-62.130463,-1.3854401,-0.20897689735901473,2.4454186641420645,-25.048512,23.908108
326328,0.4880171136358689,0.1134194694722827,0.019960724713120808,0.20731504119209473,0.4876559795299043,0.11092637217852784,0.09607782944204471,0.013144620164915658,1623,105,-4.160380007414716,-0.47822160051442186,-24.580114,-30.636225,0.5959027136604692,-0.8576441900874908,17.420366,62.44803
326402,0.4949446569718423,0.11512020840884352,0.019960724713120794,0.224112114440436,0.49951960958466174,-0.037338545653413165,0.20478572489281097,0.013892853276747533,1623,179,0.3273892970177189,4.195812326415666,-7.5254374,7.2324924,0.5478864462731354,-0.9167999994014818,17.187897,60.92965
327989,0.34787869399075,-0.16564170833530606,0.01996123422049297,1.7230151647311236,0.34604619264725495,-0.1655483724978447,0.01885128426326574,0.4776054697501191,1631,158,7.167318851199079,-3.1347626192518043,58.64657,4.6940284,-2.0039706184954196,0.9636585258142975,6.5556126,-54.160378
328306,0.5084177436764582,-0.17762134071405822,0.019960704770024908,0.7753512070649752,0.506472867582336,-0.17381316432225466,0.0214067408014193,0.14615244715220257,1633,73,8.477420164927866,-2.3852595175371767,42.383957,-26.128632,-0.657651510723982,1.6116571305579466,-17.817745,-7.775824
328477,0.431191802761039,0.03275875806556874,0.24381194717905896,1.2077808531156187,0.4200008566713355,0.037228024798624706,0.24004881902214845,0.5620897876329212,1634,43,-3.0259303125927253,4.347590630347926,-3.0631652,17.049881,-0.9717671525353171,1.2702408977908086,18.246124,13.132091
329238,0.49831561329007373,-0.2671711257705225,0.02,0.5238605203809488,0.4249953827587091,-1.519070453322575e-05,0.2749830450998311,0.0,1638,0,0.9180371938652414,14.35359765308353,-2.806724,54.644314,-1.2675091712056947,-3.211025246195879,-53.334217,-12.4161415
330005,0.5034083382549241,0.22296297943072,0.01996072458275462,0.9965273115979301,0.4978885858320781,0.22140671096789932,0.03693079194511503,0.08651365641674032,1641,164,-7.181516703785639,-4.750254571297345,-59.509354,-23.860882,-1.0452812117878942,0.8472952561561586,-19.34857,54.950672
330870,0.4407810964471604,0.2992324280617754,0.01996072471312081,-1.2076744319415422,0.43864737778276713,0.29607834360566493,0.019032259780018546,0.1625123501488274,1646,24,-8.586968229686901,-5.330237698194526,-64.52,-8.650627,-0.6725202479958351,2.474919424622053,-35.421787,22.585482
331210,0.4826519988676958,0.19070837094978696,0.019960724713102677,0.14578670356549467,0.473523962860923,0.19243673678573048,0.0619446150435356,0.03624834411504003,1647,163,-6.910598423902338,-3.7305891180910504,-43.883923,-24.931135,2.51701709033747,1.2830706054486651,-9.875582,56.216244
331488,0.37023066663504456,0.056295806255480106,0.19783770530138,2.870642535804502,0.36965906701010687,0.055345219509024296,0.19746444565943705,0.5613630481406381,1649,39,-3.9295720904257903,3.4871495898304197,-5.8443913,21.03685,0.3809147783770636,-0.6317661121366993,14.390348,9.720095
332120,0.4727816190207257,-0.10939462123020303,0.02381323523118098,-2.6301574768874203,0.4699159992544097,-0.1044238203377255,0.021194668737144262,0.5546282716910029,1652,68,6.392785456184494,-0.7981179125624734,33.50506,-29.364998,0.14401192254411166,0.5441754718097298,-12.053337,-16.941957
332655,0.43983886239775083,-0.05749703725433905,0.02,1.9195244948959356,0.42499999225005153,-4.859033506735927e-07,0.2749989601010837,0.0,1655,0,0.29559639226625656,15.934591465769604,-3.8208432,54.39918,0.2936419441528433,1.0208332372333748,26.835546,-22.05418
332810,0.47919465292994456,-0.02373233945917449,0.03154820724158773,2.606921109311604,0.48065946888729794,-0.021650146184200126,0.031055497926239267,0.5614548624191098,1655,155,2.4188739998372966,0.06180757287084521,3.5799615,-37.22755,-0.9276502470084795,0.9371211489482425,16.242928,-2.0475326
333483,0.5191308818129401,-0.1245283139357641,0.01996072471312081,-1.3630835163382804,0.5225938031059069,-0.12379617863698958,0.02229280988764107,0.1466386812695658,1659,24,7.02601101200125,-1.6289091303713024,37.022312,-31.406963,-1.2797743154403591,-0.426206056320429,-12.393429,-8.066733
335337,0.34301590523387726,0.15464359070897837,0.0195710793735009,1.6529669722758646,0.3447911048976347,0.15526442379607167,0.023037128360103326,0.5005216499268819,1668,69,-6.287893857973826,-2.8395702133824305,-32.55191,-12.521526,-1.971970639988908,0.1259658380554904,9.638717,28.641987
335482,0.41558661035779954,0.08923781469155033,0.01996072471312081,-0.8742036325413178,0.4249586242342362,0.08898575595190672,0.12379077274781344,0.012414538232723803,1669,13,-4.77208617358647,1.6165596614366442,-20.177145,-3.4354844,0.6959658262424213,-0.030440094648868286,11.621601,18.473759
336308,0.5440857585946729,-0.12029598678104203,0.0843042744535077,-1.79487551681494,0.5368400878650492,-0.11856316631353005,0.08027168237295959,0.5617584209312876,1673,35,6.995845151706354,-1.263816216594356,32.510464,-32.77266,-0.42395062924720406,2.3104468817555808,-26.010038,-8.469816
336315,0.5286776868818641,-0.15359139075815573,0.20923061313649507,-1.9002399565870998,0.5195635189499547,-0.1501701672633308,0.20549441895945025,0.5619464541071809,1673,42,5.838622120014821,0.5027568892886376,23.595371,9.434194,-0.34613135318353133,2.4631167495742785,-25.532244,-5.6492167
336758,0.37296184738401666,0.08353939212804211,0.01996072471312079,-0.7068096382977025,0.3707524801818512,0.08466031973131222,0.17232934752256587,0.05869102023947256,1675,83,-5.218975834929653,2.9623219658329174,-20.385036,21.768215,0.21946259328408224,-4.235193720196,45.01256,16.265543
337989,0.4605625135103424,-0.005170591125117896,0.0199607247131208,-0.1506166770334514,0.46441022427146866,-0.004138673258505425,0.03950100564013692,0.022375762672718322,1681,108,0.9404152545508113,0.5092290394382419,-2.3350627,-28.952118,-1.631348569428479,-0.2523763875523248,19.039888,0.49684948
341147,0.3908858242331477,-0.024403655276481848,0.23911236123568091,1.6141551464776793,0.39122004167305136,-0.01901083603317579,0.2401767867721933,0.5616588435164318,1697,50,-0.680825584447408,4.549913784252149,6.291391,18.504509,-1.364927511414676,-0.5395786001033349,16.641523,-16.77209
341358,0.362037208408329,-0.09935630790636392,0.132540496884057,-2.3982879789868603,0.35937463923518964,-0.0962644567010752,0.13303835492526175,0.5615387736286911,1698,60,3.5564014263452424,0.95761485766884,16.245289,-2.712946,-1.5966392570555445,-2.6027657555662267,20.790552,-41.26313
341491,0.3519007677497236,-0.0837959471507763,0.01996072471312079,-2.3811689650080137,0.3624079701661982,-0.08913634606648797,0.05903942413426594,0.04219185889600161,1698,193,4.190745055332518,-0.7296824087278235,18.529121,-15.771801,-0.9538557718943363,-3.6006573300068645,25.8516,-36.986908
341685,0.4208285032985334,0.26721790819896063,0.01996072471312084,-0.09938598855435574,0.42349972550336895,0.26651602764890125,0.11265266461314932,0.07769885642744548,1699,186,-9.139119551908333,-3.368863081201848,-57.003365,5.6994843,-2.0157770517420035,5.659625268188845,-31.234293,25.652838
342162,0.40142960981535664,0.054369588198785984,0.07992208126695584,-2.0518625434557136,0.4021748519623189,0.054026196896270716,0.07592047769076407,0.5617928680670397,1702,60,-3.165971495527658,1.4025906879936638,-13.962728,-18.742592,-0.14224389814445995,0.007678794378103385,37.00086,16.152987
343346,0.30472853536824146,-0.10100649171447587,0.1364252891076032,-2.7652183846881497,0.30250853929363913,-0.09545699807884028,0.13635630235046192,0.5615502076625383,1708,38,3.4133111146605506,0.4093052426349517,18.861046,-2.3359532,3.0003570773948307,-1.1968073406189335,26.04574,-50.83721
343812,0.3251923817406313,0.25501925344433163,0.01996072471312083,3.0272251457403168,0.33452292812458867,0.2592740730026435,0.12405303393439773,0.08679593368684507,1710,102,-8.456788050647457,-2.2303846437629073,-60.947403,14.617081,0.544818026160839,-0.39281102816539765,0.15731692,11.992552
344296,0.5097718160879083,-0.11386407893692975,0.01996072471312083,1.243844819757894,0.4829872257971586,-0.037662179900370005,0.19320174102387158,0.009000882096167643,1712,184,2.236338214989813,4.110694703761676,12.787585,8.252937,0.14178599491911614,2.584504531736139,-9.679553,-14.510936
344297,0.5097718160879083,-0.11386407893692975,0.01996072471312083,1.243844819757894,0.49393923903304837,-0.058691022155984186,0.19084428200513637,0.0222639796357994,1712,185,3.094131649111754,3.452155518189467,13.725352,8.092681,0.1714001201616187,2.574701289065659,-9.697981,-14.507425
346741,0.44482040942102724,0.2508801830999518,0.01996072471312081,-1.3261445043803761,0.44242081010400436,0.25569988716321174,0.07464307071142531,0.06249376774201503,1725,16,-9.054885149300189,-4.445153232997361,-59.918255,-6.9400487,-3.0011078161017624,2.9069142876768774,-33.80602,28.361223
347024,0.39417386868545967,0.19934046952320772,0.019960724713120815,1.9485815742255257,0.4029817919004974,0.1803949732117808,0.1577151140287793,0.06598112209754099,1726,98,-7.555360720888392,-0.6276704315903266,-33.358044,16.777224,0.22492312235964002,-0.8079427880862482,-8.814811,31.290293
347580,0.3311951916056443,-0.3352867250136485,0.2220690360898551,-1.658948087818386,0.3316998723667107,-0.3301758296199414,0.21767831665693785,0.5614863931604052,1729,51,6.500151777887841,-1.391825554283575,60.810917,22.549177,-0.326438868609588,-0.3849363479829387,-13.859215,-52.093372
347819,0.3499430325010132,0.18759877600607983,0.019960724713120808,-0.7104716607857497,0.45825178262800265,0.04126456904954615,0.23747839512851832,0.0641703825923036,1730,89,-3.5390208861220183,4.902083878906146,-14.5226,32.946594,1.810032852871519,-0.5764348707880637,25.011728,34.49738
349109,0.5293287669541876,-0.1466086098884846,0.019960724713120794,-1.261449346761953,0.45875977734137474,-0.1556465058401543,0.22477871898871232,0.02726615569803712,1736,173,5.814282485919841,1.6238771141809418,36.482605,12.238481,-1.3302900156247985,2.8565759278997587,-13.820576,-2.9571874
349125,0.5293287669541876,-0.1466086098884846,0.019960724713120794,-1.261449346761953,0.5239068805999221,-0.1493486406548826,0.12799634742902738,0.008962029387721837,1736,189,7.129243705837402,-0.7088975629895017,33.4637,-0.33683392,-1.2632877565720488,3.209932706349872,-13.94469,-3.5897064
349632,0.38162757402851993,-0.025705943504600443,0.01996072471312081,-0.14860332617445687,0.40967112958283863,-0.048116822869912715,0.20512621633769842,0.018746924911270797,1739,93,0.9492849841302893,4.766284342034447,7.8406153,30.304285,-1.7784268892160442,0.852212492771143,33.347675,-23.226091
350129,0.49948146902425783,0.25603139452164353,0.019960724713120787,-3.1190635553429527,0.4986561513598612,0.2524738536108086,0.12459893063709523,0.04592559993695075,1741,188,-8.134423884327804,-3.238485718476515,-55.017426,-15.99659,2.163073424899297,-0.29167784466992575,-24.310375,57.530922
351020,0.5441938526563864,-0.27807015766820153,0.0199607243495836,1.9030685755323893,0.5357981312332262,-0.27932971865540285,0.021263397866510048,0.12283142049632455,1746,74,8.357859872401322,-3.5310317685913097,62.681545,-14.803867,0.1760606056907908,1.631443475539399,-42.39077,1.0356598
351249,0.4626069902976371,0.12551788132206054,0.0199607247131208,-0.28251280745039964,0.46356329140724134,0.12023813051886444,0.07803757227945884,0.07489518685761401,1747,102,-4.733543769257467,-0.900670233919887,-24.936884,-29.50495,-0.10526556723720747,-0.8008660250180248,8.088056,45.928265
351763,0.42300374369891064,0.05657536189066738,0.01996072471312081,2.0812442977954255,0.4295098553838158,0.056985900818003914,0.15679750817335011,0.06023501517706701,1750,13,-3.9567914097235763,3.458402383862792,-13.869741,0.5460728,-0.7747453158257108,-3.8899096874376102,32.89586,8.581933
351861,0.516828276043721,-0.1771078078647164,0.01996072471312084,2.152150071366592,0.5150440107642514,-0.18323575179618246,0.021849455243342836,0.1292084162700458,1750,111,8.452832259989306,-2.4809331065623943,43.33615,-26.05761,-0.32885954450566074,0.5629402817371799,-17.485962,-7.518772
352162,0.36410740752886506,-0.0725021433960595,0.019960724713120385,2.2054758198411575,0.37441948450121804,-0.07136162108084766,0.14213847868970422,0.009348062583094318,1752,10,2.6651278396457667,2.3487325811674,12.272145,-3.6490598,-1.4129378867359172,-2.384805905640328,25.87016,-35.348637
352252,0.4280061803139928,0.06441315090214432,0.019960724713120822,2.5815445264114056,0.4305049619107558,0.06416831885163528,0.09459498967428376,0.02676390874008644,1752,100,-3.455811458158213,1.5084454583453164,-18.332548,-27.525648,-0.6888686580962133,-1.7576678860725132,32.473785,9.778355
352546,0.4631693596575623,-0.08845200288846744,0.019960724713120815,-2.656314910455801,0.4742606382058466,-0.09423395689032964,0.13066226647859766,0.04317020643934909,1753,193,4.813917625983771,1.0476857008975577,26.055264,2.9301329,1.4659277772412513,1.108856380114831,-4.680115,-15.8097725
354639,0.33317726341794557,-0.1858338172359727,0.019960723948470493,-1.205607856370965,0.33513626598699875,-0.17945261298261816,0.025250078919964697,0.1580590014332757,1764,75,7.5221005197577595,-3.4091187562221927,60.230236,5.2343845,0.9296689298474342,2.0079131784068904,4.238318,-57.11453
355768,0.41592399767027366,-0.1090393686873269,0.019960724713120773,0.2532211615911087,0.4143109964267295,-0.11030831942856874,0.021008188091810348,0.19815361555155842,1769,199,5.974587503575076,-1.1852366097408802,27.760696,-22.481735,0.6278434932492898,-0.431508633165173,11.855085,-34.104435
356493,0.44542275950279964,-0.06332600075107511,0.0768403015300487,1.0718931419073816,0.44439319033512725,-0.06280791703173547,0.07361887513209112,0.5619021428056209,1773,120,4.257586512205226,0.8272329934601923,12.959747,-32.594906,0.24346083184440098,0.8283037199028204,5.901026,-18.34148
357381,0.3944637331879011,-0.09968042703641282,0.019960667509541615,-2.244337124072236,0.42311496244374003,-0.01912409367284237,0.25134954734750536,0.04365301236622365,1778,3,0.28655428050464615,5.855766503205339,5.6677423,35.558605,-3.1287916796206656,-2.3437066099749737,14.001723,-37.14706
357444,0.32498110919908235,-0.07802692643584157,0.0342326072153923,-2.8110823048650646,0.32336446114126843,-0.07305482752395295,0.03354536536312877,0.5613627315737709,1778,66,2.8291476030060245,-1.2349336101915638,15.623406,-14.6677065,4.944116839392881,-0.778422104310835,28.10893,-43.300404
358015,0.46126537798145645,0.20261687803616885,0.07295000936705019,-2.243811557492424,0.45821179637351056,0.19910739560710727,0.06935455128702875,0.5619197707660117,1781,34,-7.3286527268856325,-3.7057509764853465,-44.50216,-24.029867,-0.5456861819257794,0.44961072317358414,-12.258711,60.39381
359267,0.5047170440136195,0.027425964802366122,0.019960724713120815,2.897917602087395,0.5060660111598438,0.027869617182835957,0.12116470945818728,0.02049194676412911,1787,80,-0.4966912587866072,1.3373896013439772,-16.51963,-34.764664,0.15711877179463418,2.0792324170575456,32.73481,46.75106
359350,0.5214170863732989,0.026098324338531105,0.01996072465203953,2.8913648663547913,0.5111412986392162,0.03185829214530947,0.02581577434995247,0.11284320863815273,1787,163,0.32709844917756603,-0.9645489106618654,-6.8411546,-37.857834,-0.9537445434573705,2.091770977901219,30.50703,44.12461
359366,0.5214170864152247,0.026098324325064724,0.01996072471312083,2.8913648663547913,0.529531814334565,-0.018365729346122045,0.20510966133751452,0.03458753423333598,1787,179,0.0462398921697304,3.830311362103451,-7.8698854,6.572687,-0.17583966711888868,2.7993708379762126,31.515938,47.447437
359520,0.5129100302370371,-0.21991516148981294,0.2195859888433665,-3.0557384029529593,0.5125004721648034,-0.2190947287734098,0.21581538499402,0.5613334397987121,1788,132,7.272090174333485,-0.5167892886492471,47.48067,4.498105,0.35466308357100446,-1.1629034529028344,-34.41055,-0.9325297
360489,0.5018608862938371,0.2581874609226392,0.019960724713120784,1.9064385895444464,0.4836432871100496,0.2455092690049391,0.1795847543522044,0.00821034460767782,1793,96,-8.189539741734333,-1.9119325250035435,-47.693943,7.2830567,2.267080767767397,-0.20521659224810718,-24.454014,57.5977
360724,0.46202218742310736,-0.03883622126708972,0.19090307512028123,-0.11350684235448906,0.4570237141700222,-0.038131101653032004,0.18945262717958672,0.561888720234189,1794,130,1.4691594009061753,3.798324231171811,5.0267673,5.4236054,0.5338037660625097,1.0574613003782312,10.210397,-3.6217525
361242,0.41378761500209765,-0.09699264116128031,0.2692567041573725,-3.087247092244963,0.41323027391622114,-0.09037269987839416,0.2682510342133618,0.5614425881967122,1797,45,2.94129685803587,2.915300758773994,13.552898,17.554289,-0.20309242843376502,-0.056452520232535074,10.816556,-21.499767
362235,0.3016801364717633,0.02521237616985852,0.07382339616341331,-2.511331714698927,0.30309014316853106,0.023084214155468318,0.0722001484691007,0.561644111064245,1802,33,-1.9992296721675777,1.5221787116839107,-4.1002693,-9.707405,-0.6254933903350984,-0.06096027164836413,44.23652,-14.68721
363878,0.402927599800201,-0.030218212562482923,0.025948227151681564,-2.931553942402617,0.4030722406097982,-0.030355481121110594,0.025444408670498853,0.5615178036558056,1810,68,1.1098870586648009,0.6501751017147361,2.8093011,-20.655596,-1.3994566260899213,0.20748237833529098,23.1194,-17.008457
364339,0.44864012520791136,0.09993564840192186,0.16367405206782829,-2.1345622670590374,0.44229666304739507,0.10377343012512023,0.1616326258525168,0.5616004079125549,1812,127,-4.889273554976805,1.5377854432505558,-20.365923,1.7412148,-1.8075259852041725,1.5543231864951093,21.21938,18.71025
366767,0.3561101353085847,-0.2940444075535578,0.19400784161104404,0.6408250797789702,0.35097027232066497,-0.28730962649309627,0.19093706370745078,0.5620468825482622,1824,143,7.251319852637653,-1.3671720586921632,60.296886,22.034594,-0.9149130001598074,0.03631434567835265,-14.382967,-51.46202
366885,0.3589569305164792,0.0811460074111024,0.12958550364855206,2.347347938254104,0.3571360769021449,0.08339768107054436,0.12422797706842378,0.5616518318956867,1825,60,-5.00232588827379,1.4706588133532326,-19.302551,-8.713917,-1.3273480525988044,0.43241313282298355,40.4714,21.487003
366888,0.356587587773936,0.08538320288344786,0.08042190442385752,2.339780617699011,0.3556127529311166,0.0867696598189626,0.07515161841887025,0.5616389906485025,1825,63,-4.860487119549787,0.13951244272774455,-20.429626,-13.7442255,-1.7610198064569365,0.6707098579703162,40.997734,21.699291
367188,0.32237899846487783,0.11336729732460063,0.019960597823686466,-0.4982573441430516,0.30940067160179857,0.1112511375473359,0.025857235561721953,0.1704448745152683,1826,162,-5.130920291944325,-1.6161084028284551,-25.80868,-13.853033,-0.49884155852316264,1.3300273312999238,17.082872,22.182512
367255,0.46466216948016237,0.07687675646423447,0.020056917886158505,1.3608765014299384,0.46614580896270463,0.07651254464355516,0.019972993768593378,0.5607554206571118,1827,28,-2.6781737046780405,-0.5947288947295979,-14.2145605,-28.231924,-0.47470017672729914,2.517344178361,24.437157,18.057283
367432,0.403410871680616,0.16943688946526983,0.019960720749297764,-0.6550088288082645,0.419193384667033,0.052541039711094625,0.2491513206800997,0.017075596690660576,1828,4,-4.596656056932566,4.703667055130235,-12.619958,32.708443,0.8483686436364734,-0.9098468413857325,-4.436799,35.480843
367869,0.5140435033788473,-0.22849468450843355,0.16350180895817895,-1.5715285611843821,0.5139830998679675,-0.22290847404813327,0.15850215674184814,0.5615102947430417,1830,39,8.15028859008474,-1.4527058902384442,47.484226,2.3503547,0.1341247043955488,-1.379857713811591,-34.407425,-0.45043617
368186,0.364976369170205,-0.2501160032871687,0.024566064807141394,1.1435391066904592,0.3631048196944916,-0.2492986498309538,0.023716823823763944,0.5615227173737822,1831,155,9.306180698752529,-3.442737511191229,66.75044,2.2582037,-1.381444449522939,3.7923658983380544,-20.909502,-61.957584
369329,0.42033276919828017,-0.02481897938428896,0.019960724713120822,1.5151674152954684,0.3969648449227153,-0.10583766699129464,0.22058476012563408,0.0062960631786796945,1837,92,3.191250859266397,3.036006748143556,30.078522,21.973373,-1.1495338089300002,0.5517345332129543,28.771376,-20.878094
369432,0.41764252172712235,-0.026796594979033465,0.01996072471312081,1.498442182159292,0.42114405912141745,-0.0298365607388696,0.046074918630607004,0.03902387083846903,1837,195,1.4658970522689363,0.845747681418848,2.856963,-21.489832,-0.9312638840551712,0.7097163983790494,29.97702,-16.174711
370623,0.539912881736623,0.12618623701462903,0.019960724713120822,0.06331070308329968,0.4675572578272438,0.03033362138965071,0.20145950716722116,0.017262229186971977,1843,180,-2.905849009129044,4.5976110094263944,-12.923308,9.588565,0.6362054911740267,-0.41667008751204393,12.536899,57.02417
371176,0.4021962737382261,0.2502195989622408,0.188651906898196,2.1352217346212394,0.39850019553355226,0.2547769089790234,0.18791970790953738,0.5613167099203482,1846,130,-8.76956306834983,-2.0908022705902454,-54.25403,15.009339,-0.925413790414708,2.8826930329523863,-21.85527,26.7777
371802,0.31467286765856595,0.07583472979437463,0.061722043226680186,-1.7539738639021383,0.31478026145568966,0.07562041789009379,0.06583408691419704,0.5614576259101999,1849,153,-4.264377574674569,-0.05821522937989987,-18.213371,-12.432454,0.3206940555863888,-0.5215236239114581,40.104805,1.7147026
375636,0.4360052312861362,0.15474851529916167,0.019960724713120624,-2.2227706418977813,0.4301814097055052,0.15637127006588022,0.08400268122922269,0.06270477601499531,1868,168,-6.4074395683479874,-1.8094757951005067,-38.870464,-20.29575,2.2995320868572997,-0.003907325360432338,-0.03240538,45.33007
376195,0.32980925771783287,0.0065731861835395125,0.11461611612929487,-0.14165412117460202,0.32250024244705383,0.0076722967246166465,0.11443483197782942,0.561589499257295,1871,124,-1.5119031094313646,2.755391030745483,-3.6258662,-7.099923,-1.3420530836735547,1.0913139467608388,38.056087,-12.469888
376361,0.4127782070204209,-0.23545078316628162,0.01996072471312083,0.6370475042913749,0.2892818853246727,-0.06559419441213185,0.25228191958108104,0.04759053231348747,1872,89,2.3769951981500705,2.888703747712906,32.636803,26.597445,-1.0743482346603936,1.1806428730003056,-29.675987,-37.33172
376403,0.3855609763104476,-0.2804014255376172,0.24173095484716403,0.6119863711796583,0.37972000919407767,-0.27181730384850494,0.2405108202770205,0.5617409505126377,1872,131,7.177526708320193,-0.9383479651155601,54.67865,21.364937,-0.9127358644441104,-0.3225552195741093,-17.014057,-49.754173
376897,0.43156973526272535,-0.1518817040995305,0.01996072471312081,-2.668398859066663,0.4296293414991676,-0.1512555658917349,0.020930634945779042,0.14473798816228822,1875,22,7.702310230644146,-2.106017660321847,32.86579,-21.329418,0.8608949826554735,-1.1442557720281383,-17.46813,-26.155193
377662,0.5165267745705712,0.08829308844379477,0.019960724713120784,3.020454129931694,0.49809589948392075,0.04062393817319518,0.2064506863569662,0.017411359455640103,1878,184,-3.0022915776782746,4.0521711164896,-13.361291,8.980216,-0.6988140178389973,1.737034525242271,22.351316,57.634617
378018,0.391028049635405,0.25682404723272906,0.2053837172727876,1.3915104525116861,0.38558228353382246,0.258001112563895,0.2040652572021858,0.5618347324022016,1880,138,-8.65435827684585,-1.7990075767903284,-55.624714,16.676908,-0.7769154652858816,3.381834864327784,-21.274061,24.34841
378255,0.4841469551679103,-0.2164559485681638,0.01996072471312078,-1.9136721291000987,0.4303072461227815,-0.2812530295512048,0.2423040700231181,0.010515192203857012,1881,174,7.292426447826305,-0.3469876670830958,44.942368,10.445589,-0.8613737159959506,-1.8676213264638841,-51.69867,-21.181894
378549,0.44638796211612725,-0.2723912698250295,0.03273639437879634,0.6486832882986717,0.4409315493815624,-0.2766079093756502,0.03008775237492478,0.5614638250717521,1883,66,10.009345023047661,-3.6819582668040347,64.712425,-6.6749673,-0.9680550587980773,0.5302645940695606,-36.272102,-25.35088
379537,0.5278674560137315,-0.09039231339284655,0.32297760524332997,1.2367426451974721,0.5176404441727807,-0.08615733381316903,0.3209466031196767,0.5621491050434417,1888,49,2.6786289206374287,2.9090029274280145,13.75807,13.400719,-1.1819784539022418,1.212182247648396,1.2898217,6.394768
379644,0.4624097933825274,-0.30109742695983666,0.02132016763119117,1.4027070495568417,0.457935915574699,-0.3003552212819855,0.01936136895358706,0.5616588247160048,1888,156,9.317448076380204,-3.8268029286804848,64.33096,-8.502489,-0.28448198643737826,-0.5906262511087641,-45.11813,-8.815358
382691,0.398432967016432,0.019525710560509304,0.019960724713120822,1.7775408518468097,0.4065404605323809,0.0080457498093936,0.13510129282878042,0.004629521531635532,1903,188,-1.7189007605389357,3.8794079226324283,-2.0834022,-1.6217352,1.2254492167624431,-2.608139661702875,32.984627,0.90656495
383319,0.3227859731718811,-0.03016999690150924,0.01996072471312081,-0.09760426863965523,0.3351508662300483,-0.02898605423038806,0.18208642118714433,0.08820373083830625,1907,12,-0.17005417001716788,3.717735324187211,2.0551426,26.997633,3.878490676601971,1.8674160414622514,37.876892,-41.78294
383698,0.4834666702946955,-0.1096845802409588,0.019960724713120784,1.9682771367392744,0.4834889907330235,-0.10761108098344209,0.15030196485573927,0.07066560883842714,1908,190,5.164140711016136,1.155695827766134,28.095037,4.631568,1.0669709081340057,2.5413508529092987,-8.2757845,-15.685404
383850,0.35718056007289034,0.2401165567669854,0.2654588575456068,-0.6672306266370467,0.35123474156266093,0.23186416353684788,0.2657889545771605,0.5619796323196451,1909,141,-8.093980736767259,-0.8930670739162535,-56.04461,19.26942,-0.5578117462276388,0.08612699450321772,-8.046089,16.96191
384193,0.4374067320616108,0.06701184224588676,0.01996072471312081,-1.1677590989966324,0.39995597908674047,0.1107371561451798,0.16351617529282894,0.046310683407451404,1911,82,-5.614963138495933,2.0961757800740815,-23.118042,16.65768,-0.7572135721601045,-1.1910668203670214,32.576363,10.728118
384638,0.47812683108571574,-0.2555654541104113,0.09983235563579093,0.9397403627515493,0.47504483599441233,-0.25330533144477224,0.0979846215161772,0.5619293388614639,1913,125,9.718379058054909,-2.8354200104917786,58.293537,-9.399009,-1.7678921993312495,-2.864971142003781,-43.85805,-15.095829
384698,0.48300298677191394,-0.25852678347240615,0.019960724713120822,1.6865511695081206,0.48322835242676854,-0.23128064121177971,0.19677525827412834,0.019725195668916846,1913,185,7.630459091219584,-0.3393560228924233,42.240963,10.06086,-1.8016266050628407,-4.267886483975123,-52.49922,-12.834513
385158,0.3662372798997947,0.19814417864492134,0.22793252102720246,0.37824904215563626,0.36431536396321246,0.20193815113099117,0.22771718313062603,0.5613236585879156,1916,42,-8.03787119530758,-0.6814116860108013,-51.484108,21.974962,-0.3072363045232071,0.6603171309678282,-4.4336987,20.597523
385358,0.5243132057147486,-0.17928022536544647,0.23403127391875514,-2.7644888603252977,0.5231183311987828,-0.1770625317997713,0.23155295585421587,0.5614573771593184,1917,41,6.184075395263293,0.283554762898707,23.425146,10.47029,0.32962413035645793,0.00455990116704129,-29.20042,-3.6482365
388184,0.47250134386238607,0.04945138267278321,0.15902305527994143,-2.707531770878838,0.4727353165984457,0.04904141749801656,0.16177275687857387,0.5617170895759815,1931,53,-2.719017834404103,2.8729455176894194,-16.902004,0.54382056,-1.0701288561641138,-0.24059288105124077,18.979465,17.461308
388281,0.46921258528708054,0.06231920016861214,0.07121959642706757,-2.6559656973810197,0.4677510439605795,0.06536135125620693,0.07050447503845184,0.5614584502615514,1931,150,-2.4890182551377755,0.44110865899384355,-15.62093,-29.526377,-0.6674976941772196,0.2645688715281445,22.881008,17.628138
388322,0.4586066503783993,0.06284891387988356,0.019960724713120822,-2.656844498876906,0.4597246153529565,0.06224447441494557,0.06791772143500815,0.03210242228413694,1931,191,-2.5733876858265767,0.5655290259721601,-15.61683,-29.361317,-0.5821704865980137,-0.07086230873250224,26.644129,20.059263
388337,0.40227964874496486,-0.275283564337789,0.019960724438452215,-2.2816757875507867,0.42248439817240196,-0.0816187931037661,0.2375601058940804,0.02322422120979773,1932,5,3.2708568835361578,3.910837977616597,10.9968195,33.260468,-0.43539134892810966,1.099428641609968,-21.529785,-58.971313
388988,0.4419746012349222,-0.07265541197480403,0.25627715624912495,2.340178105795731,0.4382610260928757,-0.06810956080261897,0.2536775528007914,0.5618189799310495,1935,53,1.972176471887266,3.876624562289394,11.486898,16.56142,-0.18445415632748524,-0.0020726638622290978,12.200213,-19.913006
389504,0.4556151072993495,-0.04678618371262157,0.019960724713119826,0.0001305138044093326,0.44777962030029766,-0.045225201013417565,0.10626958343435086,0.08240284060706825,1937,167,3.007009374138672,1.7502300585533819,6.536165,-26.948792,0.5669180316857902,0.24849607264509285,16.708254,-7.674055
389561,0.5238307853821319,0.29374850715320544,0.01996072471312081,-1.259572316189182,0.5244294331530801,0.29333749209903454,0.021434718491623733,0.11546639512529408,1938,23,-6.813539581368949,-5.3567171415951,-63.0975,-17.75362,-0.04067764438126944,-1.9613141800399185,-53.11469,21.692638
389692,0.4766628456419993,-0.27205748014616626,0.03010564451268485,-0.5481019190204854,0.4737298275665983,-0.2702867080043067,0.028331769358003023,0.5619292434946352,1938,154,10.270054330209202,-3.962551858944493,63.484608,-9.57896,-1.848525040912512,-2.968495286034249,-46.404636,-12.845411
390215,0.4103057764635746,0.2691772263751383,0.019960711866530773,2.9672372055023537,0.40670943365848694,0.26797993843880047,0.018099093188443993,0.14510032604317774,1941,74,-8.957737450754543,-5.06212522679038,-62.68112,-4.241009,-1.5669565857180725,6.24521308338737,-29.924992,26.377161
390217,0.41030578505966575,0.2691772253446696,0.01996072465143631,2.967237205502359,0.400238556844495,0.2636018779798687,0.043798020601213544,0.05985178103395842,1941,76,-9.167816744384497,-4.8216348202345465,-62.053673,-4.6463475,-1.5716922661011634,6.097587759790267,-30.08739,26.12157
390790,0.46877394896782393,-0.13714553229092125,0.3099208227145538,0.05536711740870283,0.4682713203552671,-0.13095044581271825,0.31174881940550314,0.5614218396004533,1944,46,4.204873486335645,1.965290778615389,16.822712,17.119032,-0.8239364795318104,0.11049449367997465,-22.269505,-1.0379319
391660,0.5444349863970298,0.09294406078303603,0.0199607247131208,-2.017501645460014,0.5408105518897968,0.0933051289168853,0.019089385532065795,0.24103644940744046,1948,112,-1.3901227333658652,-1.7697630093663905,-30.57908,-37.92812,-1.6613839724950612,1.173132410658457,19.619637,56.335354
392506,0.44569828306852777,0.22562680911373034,0.027089884607571953,0.17835199791701029,0.4428770552016146,0.22507170730142503,0.026559993086241795,0.5619540786098277,1952,154,-8.123611889669634,-4.858613855763985,-55.13917,-7.803844,-3.6195240749001383,0.08119139180181172,-23.674768,36.194164
392905,0.43622947568485737,0.06446965786014194,0.040109297130673655,2.2400666722571745,0.4338099577129085,0.06774157264182172,0.0391241279239333,0.561459883806047,1954,151,-3.1850486754530603,0.11551085934664523,-15.534074,-25.62104,-0.38536035892260534,0.759241079794103,28.43876,16.54673
393324,0.3565328027289553,-0.2770193744430578,0.01996072471311027,-0.6017772543388603,0.3471736530446605,-0.2718079871568358,0.0910853508738046,0.05570141507493532,1956,168,8.575247953343993,-2.74507630678254,68.12771,15.544311,0.1671959667323667,0.9615807011831955,-19.061996,-57.37732
393444,0.30474408995699764,0.17234605443789422,0.01996072471312081,3.088083214654045,0.3745508282754621,0.06155846192154869,0.19102744918857928,0.02871486859889567,1957,87,-4.542614571266072,3.7140422016024894,-17.112759,24.67264,4.546014386167807,-0.4715134214840248,21.163435,32.405006
394802,0.509678057201594,-0.04411159067536512,0.17591085946361398,-2.3337069815114893,0.5037187475534436,-0.039000999330085453,0.17278016728461743,0.5615820485353988,1964,38,2.2162059754328,2.6503455569569816,7.405356,6.00314,-0.46330708023295136,0.5922134539354923,6.141767,-0.69056046
395407,0.33174292269622824,0.056812261277306264,0.1924505885112861,-2.139482212035593,0.3294464866513879,0.058613942138117985,0.19383830600396126,0.561836734578517,1967,40,-4.055624936534334,3.0947691363966987,-6.8903766,21.743464,-0.12472199184521113,0.27232556007265407,37.777683,24.222643
395939,0.3271325677354149,0.1790299660616415,0.019960724713120815,0.6270556559615864,0.35190884698981506,0.12397666645019528,0.16293723952858383,0.042163422804417025,1969,170,-6.2688692995676085,1.2349690287402941,-25.60214,24.471352,2.7929243598259395,-0.20265464178754933,23.115515,33.24834
395944,0.3271325677354149,0.1790299660616415,0.019960724713120815,0.6270556559615864,0.42560285542084075,0.023679662326956976,0.24725644658285148,0.025098344072751595,1969,175,-3.1247269698701228,5.449516574046028,-9.440853,31.946392,3.2475529874077385,-0.37245639564703203,23.350163,33.77815
396033,0.49413445208645107,0.2889111112512972,0.030769055190576756,-1.5776957075314164,0.4943042438602564,0.2826921651661158,0.0352066074980662,0.5614340324369806,1970,63,-7.898521425123527,-5.371186026855463,-63.6819,-15.708419,0.7761302023328334,-2.0774240449568597,-48.850048,20.498825
397027,0.5181942280413067,0.025475529571822857,0.2148191991105809,1.8467289487340073,0.5167487389389266,0.03008878032532565,0.21304546752997933,0.5619690941873631,1975,52,-1.7860077421425005,3.428112603011871,-2.0444634,11.088859,0.23930783933640165,-0.201628473655217,5.659603,7.7706656
398019,0.49112552764022793,-0.01364517220398537,0.1673754434373874,0.3608978701894872,0.48535533916517587,-0.015791815293638635,0.16395829075276455,0.5613727615874495,1980,39,1.006216191325573,3.03210868912182,6.877537,4.801669,-0.65555985243164,0.7660079051527795,8.593287,0.07029821
398430,0.4859815724320318,-0.018972889119984734,0.31581884596477283,0.26878154944033456,0.48576303980932434,-0.016702467460956008,0.31215118933317143,0.5619164284099042,1982,48,-0.5096691223017142,4.553448231879302,4.4532356,13.981993,-0.8509625063273817,-0.5146289871956653,2.5624928,10.032156
398440,0.3950513977488704,-0.13746325131984932,0.11297232415172635,0.016127566959031236,0.39548259836603283,-0.13980238859891872,0.10860027815029683,0.5615769555263325,1982,58,6.21920887427722,-0.6664613040008981,20.280518,-6.6769533,-1.314661645064841,0.059162051530365876,7.744626,-37.19032
399324,0.4796396168842141,-0.11931141566238321,0.17913192545617992,0.8263845370168287,0.47929813839759244,-0.11998762032079861,0.17790519810908412,0.5619477851912954,1986,138,5.0513829973276945,1.3026926206113112,18.652884,11.5145035,-0.4081349507690422,2.477785761039734,1.8507304,-21.393507
399878,0.44896012235406413,-0.24106176622723327,0.019960724713120784,-1.5044935038204028,0.5001948058078374,-0.10090254183202388,0.25801381751605124,0.028245955035401414,1989,89,4.161687592740372,3.066685568432014,28.838446,15.460231,-0.8334016515071666,-1.062472400058381,-40.302044,-27.223194
400124,0.41432050755482397,0.14826281361949364,0.29889479045753137,-2.898383907724219,0.4153855766273069,0.143692632507969,0.2973440965960309,0.5614207645101363,1990,134,-6.398734071302319,0.8966983164701027,-45.94598,23.527632,-0.1597213852683047,-0.33836652257621513,-0.17532553,17.866894
400216,0.5204025194009269,-0.13608190599874517,0.01996072471312081,0.8544699486859552,0.5157486494666161,-0.13477696540217868,0.017435508580968595,0.3669365482193282,1991,25,7.363688281718439,-1.8602711164151908,37.882065,-30.158386,-1.3789666143377453,2.570502426367,-18.41411,-11.7496805
400454,0.36368197851232287,-0.009266043587964293,0.058233315785069045,-1.9621954710263898,0.3631766549661428,-0.010984055705704305,0.05661756998841383,0.5614616047228217,1992,62,-0.46041879916488865,1.2478694858384634,0.06706508,-16.090532,-1.8616175999299955,0.6654229568022759,39.718,-14.315562
400735,0.3141244973105172,-0.1800037888283449,0.13541373339530688,2.008422015519715,0.3122132231695621,-0.17556600210322615,0.13850021326749204,0.5617908356014331,1993,142,5.711859089808587,-1.2347712585892539,57.097637,27.089413,2.215624457192887,0.1098578871351428,-1.8355566,-54.5994
400970,0.32291215797571077,-0.18804268491232656,0.019960724713120825,0.6576894259003322,0.4418933593407939,-0.24337669114675892,0.23241740604189007,0.03657343611885656,1994,176,7.413092587960513,-0.4086041049754095,43.377975,11.843911,4.630620970719972,0.5726900053301865,5.1778793,-62.543648
401049,0.4036679739550356,0.11529716083199545,0.26975713865699125,2.40513178384494,0.3957503050256273,0.12306198997051612,0.26611668856550286,0.5619958900249165,1995,54,-6.080182458350407,1.5114516556018862,-44.52489,25.886074,-0.4074168444885009,-0.0842683007444667,-0.4238799,15.759203
401369,0.32899185518336843,0.18065662693366244,0.019960724713120784,-1.4675303756872025,0.30750253705451874,0.08168585998392594,0.2264587639336497,0.02294292791077419,1996,173,-5.383354963334486,2.943956619399469,-21.727554,26.742373,2.3141602299462614,0.4005625886755223,22.663868,33.27131
403782,0.3410723133941242,0.26714372712068996,0.019960724713120794,-2.986370213313078,0.4438110197743088,0.19924293055580525,0.18364642977939233,0.0083521671985509,2008,174,-7.945985268783608,-1.1533120318387398,-35.37566,13.136672,1.0901461732844018,-1.9513157696208447,-27.09012,14.223337
404698,0.42204870678277423,-0.05270079124288912,0.01996072471312081,0.7901144553350622,0.3436801126741675,-0.03796731751530901,0.20266817795665315,0.03340930294089471,2013,85,1.2347631177882494,4.413819478903565,6.449172,31.744785,-1.455782006894959,1.0652638620033714,28.66192,-23.135342
404909,0.5290520178215902,0.2816510850972317,0.019960724713120805,1.4684883518147904,0.5170455935643741,0.2828364894469631,0.23402601548678847,0.00401223419802225,2014,95,-7.669692781924786,-1.9540312287259218,-49.32191,7.1873493,0.8561825671756171,-1.014787517422728,-56.22255,22.530241
405030,0.4671680321822522,-0.00452088033921219,0.019960724713120808,-2.019639739573615,0.47432459584097103,-0.008783573106141451,0.10339858633662685,0.023838855809879808,2015,15,0.9075114505341693,1.6620163234536944,2.2173622,-28.410719,-1.3333078048948412,-0.4562220159841947,20.715405,-1.5111355
405310,0.45450899210857276,0.19723359536644794,0.01996072471312084,3.129881192879522,0.42214783936147615,0.2030842197243887,0.2000328725178655,0.03810655103231706,2016,94,-8.016021915410386,-0.4405819467319288,-35.11948,15.225272,1.2564410760754214,-1.08801681191823,-7.3630843,50.518764
405913,0.3713768478079586,0.02111959548649084,0.019960724713120825,2.2569675201133435,0.3535518913568206,0.08827832906393585,0.20376134445774094,0.020970477362390577,2019,94,-5.333501583277088,3.2149745987713834,-20.094608,24.965187,2.7896843492960692,-3.421767701437307,50.945477,0.2476638
407546,0.4565773860945261,0.055299026033289365,0.07134739567678297,0.6121856693216019,0.45405201491986863,0.0556960706402901,0.07241308920436118,0.3750727948565412,2027,119,-1.9627775957259876,0.7415376244842616,-15.639646,-30.075472,-1.1717172489444079,1.6515822488349285,24.664268,15.882483
412088,0.3423126060433154,-0.18495182162141588,0.17288532001444945,-2.644457796113661,0.3432173330875301,-0.18394755519595868,0.1710177197877611,0.561306237054997,2050,38,6.3908582515054295,-0.7252374656663257,55.762222,26.19817,0.8181769285355809,2.0701045324242773,1.4003097,-55.449944
412749,0.36505141247792683,-0.011412075555232652,0.019960724713120822,1.9790446975719769,0.3360949532940264,-0.011894387726689229,0.21213026277396915,0.017408006136101554,2053,96,-1.1919358121475734,4.618238075225378,1.0569941,28.06723,-0.5379384896734218,1.1224554976821934,38.002525,-21.064592
413789,0.37764725435260216,0.2442536938413333,0.24919098256049504,0.5018568318371818,0.3769517344617147,0.24567704440857643,0.24627921169171016,0.5616083076377199,2058,131,-8.528461343456833,-1.3783561024420772,-55.412952,17.450293,-0.808434262555459,1.3969292572974301,-20.539263,25.457205
413904,0.4403191336484468,-0.098853067253103,0.24901759055288797,1.243877775109396,0.43229962538100486,-0.09649735009112001,0.24775919631208382,0.5619510465663552,2059,45,3.4866418732322138,2.8198218155525416,14.882787,16.236902,-0.2721618501304738,1.5322776741578679,6.7626953,-23.158525
415374,0.4920734632425084,0.17510522538936568,0.0199607247131208,1.3666054863350816,0.49233006868008755,0.17229301403917566,0.02163885367825097,0.11135119176800705,2066,108,-5.588262987461699,-3.353636791812132,-39.805565,-29.137089,3.630212596978293,2.241465262272507,-6.741072,56.70272
415827,0.4628393508756063,0.16405215449634294,0.019960592674748544,0.29579393810427285,0.4600755357727825,0.1664839212634094,0.01746669267591483,0.46858085474773964,2068,159,-5.695048795903848,-3.1404782397981554,-37.837257,-25.597338,2.8226503647081387,2.0051183402851223,-2.8865783,52.152077
416528,0.5116247850469161,0.16618058379692582,0.20028035730401453,1.0744598849803357,0.5063221710076405,0.16848979830523161,0.19850037460856637,0.561948223160623,2072,56,-6.3951182731870535,-0.4076267897969544,-42.038235,16.903635,1.7681292298889897,1.6078038890940896,-10.560844,47.977516
417051,0.42220601984876766,0.0710848666075471,0.019960724713120825,-0.7485830431911279,0.44324224605221785,-0.05996377785891057,0.24418533453082586,0.02506626620048061,2074,177,0.584165577220459,4.73690519058943,10.580064,28.165442,0.07979628113954491,-1.9599825222360217,34.053535,9.749575
420757,0.4753676701144673,-0.04403653004908835,0.045585097533235905,-1.2155590570131931,0.4816558921710663,-0.04178318700779057,0.043343737833660606,0.5614611456056554,2093,64,3.5523138580000686,0.29713959768130493,7.1577983,-37.15081,0.044573327730303494,0.6402925913830112,10.931661,-6.1214685
420899,0.47558746402917135,-0.015260029893571416,0.019960724438452215,1.3036906589325985,0.4423014756373949,-0.002355158791561693,0.2570693665556055,0.04339533037868977,2094,5,-1.253788097401827,6.3154327735206275,1.1734047,36.317245,-0.6201755841278707,0.7600359305038967,20.022652,-2.504336
421389,0.3586695609578819,0.07998987225586711,0.01996072471312083,-0.77089249218495,0.33545675103181344,-0.01141563892513071,0.22425184377876087,0.009202009236428154,2096,93,-2.1051888917272743,4.473186088905995,0.57620776,28.189896,0.17532734107970488,-3.870473766343561,45.808693,16.805859
422890,0.49288648314686045,-0.0363642648490018,0.019960724713120808,2.18966610621722,0.5049377852996997,-0.0359345597279426,0.14015052487334828,0.022504751253157457,2103,187,2.324815532089287,2.1542718130030614,6.4434967,-30.214453,0.6031558697309801,0.5041289938758092,15.51643,-4.948968
423253,0.3539291787320272,0.02250102855607374,0.05194672830614512,0.5943373798557489,0.3509437223860831,0.026929862155586983,0.052145972819899716,0.5615028261579221,2105,148,-2.300596851514518,0.9876073340449035,-6.361437,-14.328453,0.41232868114497234,-0.010563067742979737,41.929592,-9.684159
423359,0.48790460083821685,0.13535250332320692,0.23356203296203537,-3.0976707021569934,0.4812471834230254,0.13547254967746553,0.2337303054776811,0.5616743820683471,2106,53,-5.719383168176079,0.8837707232603057,-43.663967,20.963818,0.20448934740097585,0.8705866536159972,2.9118152,17.185741
424586,0.30014628519481285,-0.2705821180664301,0.01996071894901524,-0.018463008115822518,0.298960631570352,-0.27240192679310316,0.020295351278352386,0.15368508974023837,2112,74,7.1768176665294945,-3.5308962387634963,69.69309,4.591675,2.654922212162481,-0.7004307801279399,-10.500981,-54.29381
426288,0.3798761310589894,0.026723226097106867,0.019960724713120808,2.881878540218916,0.37638562408459914,0.03213744646029607,0.08715806714471014,0.011936796570219642,2120,168,-2.439956738096001,2.39580916477536,-8.234419,-11.851983,2.42630564750766,-2.559526115405809,49.190628,-0.3165637
428083,0.360164594372558,0.1802694389562725,0.019912886844566383,-0.4423504294654654,0.36086423482074076,0.1803313256740799,0.02011091437887086,0.5075564203344066,2129,154,-6.898597642462632,-3.4446683806220495,-40.920918,-9.8688755,0.8612895938409303,1.2330869175097694,-3.1007967,25.50945
429259,0.43451097394647026,-0.04217509754397606,0.17448886862711957,2.402964061688818,0.42839492640791604,-0.03671971797193409,0.17376087842253315,0.5614349452345203,2135,124,1.3699214959415382,3.711634478548738,4.568804,4.10094,0.555088221975314,0.12098630299715867,24.675747,-14.28975
432651,0.5134852238797072,0.0431630818321774,0.01996072471312079,-0.4393003126599936,0.5200287670602367,0.03917204473988553,0.1811961318949719,0.00834144119641504,2152,99,-2.1580442975044556,3.0571490660769993,-13.441436,7.0579386,0.07472131447008491,4.933455363988639,31.61146,49.21225
432896,0.327496682661545,-0.12548938392672937,0.18914154814033823,-2.7425840215925588,0.32452837077941316,-0.11833490045927195,0.19176589942953592,0.5619302570916749,2153,143,3.5874480162517304,0.9593505881887338,37.256718,30.75755,1.3685894050048895,-0.9701523934567508,24.996334,-50.924755
433060,0.5096199980909444,-0.0004435841735288822,0.019960724713120798,3.0890035293951223,0.5123143374992103,-0.007121145144144641,0.0686685634044718,0.015447935626893419,2154,106,1.849714577935389,0.036103968746338144,-0.18195398,-36.046375,0.4445005249691978,0.3525728881976186,12.465583,3.986781
433680,0.5032129256492727,-0.2683266461187188,0.09693407771096593,-0.4961267399431171,0.4995692730805803,-0.26634219750859645,0.09250034316938696,0.5620447431402794,2157,123,9.40057040962047,-3.0182438882477944,59.73044,-11.014435,-1.6745423088737645,-2.077628705990805,-45.011326,-13.653999
434123,0.43429665996149464,0.2610917842883316,0.019960724222613586,-0.22657452656211774,0.4302482252504826,0.2638045932317766,0.03590322907995966,0.061047226691122884,2159,164,-8.982416856166603,-5.123715216998188,-63.09046,-6.7043314,-2.89288714111354,4.727163453142135,-33.14861,27.82362
434722,0.44481436114161543,0.11391182590984368,0.019960739247802367,0.9770232131099972,0.4439881004361428,0.1096582283357077,0.021590183474270136,0.1945744144725975,2162,160,-4.046550973073277,-1.3422850649134688,-21.05026,-25.224213,-0.38016672430623305,0.8159903657489783,7.636231,39.08233
434820,0.5058730160677909,0.20135519384397374,0.19123469812042437,-2.8647342010608194,0.5007947514708172,0.19987482936788653,0.18970620446695763,0.561964061884608,2163,57,-7.304432342599952,-1.367986461890296,-43.07958,15.835517,-0.2228711996202593,1.5625217335431427,-14.60089,46.770763
435858,0.43142016898630137,-0.18234024899035256,0.019960724713120777,3.006175562400258,0.522459751985309,-0.05469170347460308,0.22919718513615703,0.057931426674842856,2168,90,2.6208253493165317,3.934152491969557,13.542481,8.892687,0.9512347375020215,-2.6263441652072403,-23.635645,-28.05158
438264,0.38138714197650175,0.11976689844271707,0.0199607247131208,1.6040858937674807,0.35514844298659115,0.07157840345541068,0.1930770618849579,0.024799746239784575,2180,84,-5.028439516550704,3.553503359724643,-18.425377,24.365347,-0.6768351394927415,0.5428674893917812,4.924284,33.163597
438343,0.38252593948158503,0.11738913868726933,0.019960708973050318,1.617481766394865,0.3770727073048662,0.11440574106369446,0.02947182682149671,0.14116225236420823,2180,163,-5.169888353375337,-1.3433026523639922,-25.978918,-18.269875,0.40413914474403123,0.5047199243347571,6.690602,34.165234
438828,0.4580416801473404,0.03742184724152801,0.2899891193658599,2.5969283012532958,0.4513424291379365,0.04170162986778143,0.29203497814283585,0.561565739999987,2183,45,-3.203291820349462,4.138680347914821,-2.9975057,14.717174,-1.1768894583057918,0.8120002297189178,16.656672,14.792717
442305,0.5004699109621793,-0.22290290246049746,0.01996072471312078,-0.4824106129225239,0.5035510997234932,-0.22580461582210318,0.11629546384103043,0.0628997302104869,2200,105,9.125936080967366,-2.1308257614321646,46.205017,-16.450333,-0.9270656425079539,-3.8233618618265743,-51.43476,-16.821867
443138,0.501616796078561,0.3498926628405519,0.3140920923309207,1.3513152820323222,0.5001432513056226,0.3437178193966252,0.30996577215046006,0.5615086349185016,2204,134,-7.273081514907541,-2.4632511251046516,-51.70387,8.085867,-0.2754685558120269,-1.27625686470703,-50.59896,18.145275
446520,0.3569881650841775,-0.28976748253832396,0.01996072471312079,-1.7140936487588274,0.36156069381593003,-0.2942549924972175,0.13999397199543742,0.05725229320218069,2221,99,8.14092012444453,-1.928918240601441,64.84008,17.729265,0.6172340696582018,-0.2542202898943039,-18.908457,-56.076305
446614,0.3536539977487733,-0.2917607461649973,0.0199607247131208,-2.2842077193658583,0.3617925003406562,-0.2967231337100031,0.09019587858260153,0.007302052698838172,2221,193,8.524400545137109,-2.753683579578601,68.23665,15.370245,0.30115120495688436,0.042133113070790644,-19.017267,-56.104862
446908,0.3012234724795339,0.18933533867032676,0.019960724713120787,0.5269883729165302,0.31145862313372824,0.08681324283821729,0.19713771421492013,0.09505925285296385,2223,85,-5.314387340149519,2.4958783498830943,-22.530987,26.913952,4.746682199798715,0.08608964952040697,20.132736,33.16665
447033,0.5296703385909481,0.24580821237530018,0.01996072471311449,-1.4770082676995646,0.5199609746723406,0.1597178819484743,0.21830762264744816,0.06780003347358413,2224,9,-6.138801366390643,0.443756919458398,-31.458267,8.755974,-1.0516543826510643,-0.32681883327246825,-56.49481,28.465763
447398,0.34513161196905406,0.1781496569471697,0.019960724713120825,-2.5701314216168836,0.3968666404977453,0.09626568730204396,0.19437357884818243,0.05336160302152716,2225,173,-5.591803673529865,2.647321787867035,-21.778097,20.784739,1.5521973423497264,-0.27348888812109856,24.705044,33.87434
447553,0.42066281015784035,-0.11097503529216714,0.15351161446484096,3.0991568810178673,0.4136987982471836,-0.11060921198210175,0.15304808699812406,0.5617622723801756,2226,127,4.881734842512125,1.1571441346784224,16.445429,-6.7095733,-1.078462927098841,0.5463293790971413,7.89425,-26.703062
450460,0.5448203320012994,-0.042648623974510184,0.01996072471312081,-2.9802821034151012,0.5496706747382423,-0.04270687820307595,0.06649937794558305,0.011547489054576743,2241,19,4.066012936885405,-0.5496667481017358,9.174396,-42.343674,0.0456315690128619,-2.0241336245959305,-4.109907,1.8249179
450724,0.5046999648370474,-0.1990623304692589,0.019960724713120832,-0.3982047109029143,0.48388459235486475,-0.19548985653921835,0.1706886278040705,0.014255919402881163,2242,82,7.4811880511456295,-0.28342526246783684,39.028484,8.22146,0.17297942205459949,-0.8119232571441223,-51.003044,-20.643879
451458,0.5122901887682277,-0.1457629116130471,0.019960724713120815,-0.9256760442267188,0.5118604120442617,-0.1431644490718438,0.16237834760922043,0.045811647712158135,2246,12,6.201655202522383,0.4284431951988994,31.419256,5.3069797,-0.9918557777628381,2.7781086904366323,-19.16153,-13.680996
452340,0.33559928726508786,-0.18457010565649062,0.019960724713120798,-2.613301522481451,0.4349587598811011,-0.05395608859482805,0.24139307013885028,0.06296882231903891,2250,90,1.8305175152476938,4.967118860506128,9.156553,33.19211,1.978976605147226,0.6995430009077936,5.118171,-60.7007
452353,0.33559928726508786,-0.18457010565649062,0.019960724713120798,-2.613301522481451,0.34098119915216496,-0.18658228365451607,0.10915700941830006,0.014378395830666166,2250,103,6.863331335989926,-1.8667600866469,57.917336,11.93873,1.9992956907512793,0.8250538964508513,5.4876337,-60.131905
453206,0.46625484828623315,0.26336423138415627,0.0805178288696255,2.3982905636138416,0.46392311696183125,0.26570810771614767,0.079246114792104,0.5614651902442956,2254,152,-8.80857082691194,-4.517333372888489,-60.360043,-8.293602,-1.064566113245114,1.3029414345980672,-38.937763,25.293013
453377,0.4221534849914939,-0.13022880559650024,0.09085460164078778,0.9856353697882118,0.4169184161030619,-0.12675533308298226,0.08964284240107462,0.5618801191748052,2255,122,6.686743905189695,-0.9496500485434063,24.372107,-16.57839,-0.21270519005251898,0.12654727938803217,6.760012,-28.582071
453555,0.5313891993921888,-0.12801943845081595,0.019960724713120805,2.7826940636830564,0.5297315084597258,-0.13514163442537977,0.19053466358026103,0.044479362254827064,2256,99,5.6080533887455974,1.0610575430026072,30.872738,6.4827685,-1.317329501738596,2.3874883372284157,-12.498109,-3.380675
454067,0.3713624748967136,-0.24199209989093087,0.01996072471302944,-0.3347108972084858,0.39866460050973407,-0.14286655699855086,0.19633862709615313,0.030777192995220068,2259,8,5.267632519705953,1.5294451409151764,33.783543,21.746248,0.5970298043921928,1.5580932352400867,-18.60787,-63.66207
454627,0.346762543928365,-0.05673312279642441,0.019960724713118612,-0.36191178883649644,0.3379448231467882,-0.04754739504866729,0.10702898601083036,0.017776533775517533,2261,166,1.8951318746244914,1.829794069920804,11.384796,-2.8632095,1.603510195480125,-0.49971777909960097,33.350204,-39.794876
454777,0.4596866861794384,0.06116845376850554,0.01961980216106919,2.107054940677694,0.46000259162292906,0.06132316837386802,0.01931431068292197,0.5609603658735438,2262,115,-2.1695803893241004,-0.27284800735763093,-12.569749,-29.26442,-0.7604100923411118,1.3510697357346888,24.248322,16.73625
455298,0.38917186310025464,-0.06615245125610202,0.05384699035566137,-2.121937642337142,0.3843589604855827,-0.0734209317963851,0.053281023110954034,0.5471630622669874,2265,33,4.250541664557602,0.05045598206647914,20.215761,-20.00365,-1.6917151417483332,-1.3368562410919298,18.469233,-33.961433
455926,0.3454842631234029,-0.25548693132255085,0.15805430168176418,0.48425371476459406,0.33997489138928694,-0.25865874077155565,0.1595840794807251,0.5615374818528733,2268,58,7.412101947938965,-1.6263600129649332,60.45504,21.014017,0.2604416315234978,2.3875777537166707,-6.399226,-56.844738
456199,0.49048848227351777,-0.30372515153247515,0.26218497872948016,0.599600539517701,0.48765938995286334,-0.299393897244041,0.2600449675604183,0.5617862357748649,2269,130,7.130236315403865,-0.9938411736043832,50.822445,4.3195505,0.08611209875891208,-1.3127619033263542,-41.315334,-7.492177
457431,0.42870763354565555,0.1860915603406109,0.02135665756425687,2.352837343777657,0.4286968970170623,0.18615078895877113,0.022093602713718213,0.5520719664095081,2275,156,-6.722548494243608,-3.739114541709216,-40.46432,-23.532303,0.967372902718935,-0.7528987952504764,-5.6542983,45.811787
457438,0.4258491464786771,0.18769900625737074,0.019960723941950524,2.35423919659237,0.41895863931733646,0.18654972700601852,0.04978575827089862,0.0735780256395469,2275,163,-7.196175650675132,-3.541699106166815,-41.01061,-22.710762,1.164107690676089,-1.396695864603233,-5.0951486,46.02001
459579,0.32136764657285377,0.20951239093596705,0.01996072471312081,1.454886407782768,0.37618842149594567,0.1448394850203426,0.2004378690993957,0.07678314720248489,2286,93,-6.739067258116812,1.0542231191302749,-31.818756,20.955912,2.2664421394968963,-0.8098987223519685,-13.261995,9.584353
459728,0.40259195617763066,0.18469253807890074,0.20679312234808198,2.920207429307672,0.4023607998113791,0.18536553991813304,0.20491462357461476,0.5597247940973695,2287,41,-7.622096213209555,-0.5438940889429476,-48.94763,22.24056,-0.7204572217996584,0.2696492415410488,-2.8147507,21.220617
460108,0.5032149165115228,0.04694379071972511,0.01996072471312081,-0.8434103982596562,0.5098913662868805,0.04686763776312296,0.06216502188855902,0.022542193579478433,2289,19,-0.8799514702023237,-0.2817289831686861,-13.994969,-36.346127,0.35311235642603606,3.9542738180970702,32.854286,50.224915
460812,0.39009858614580434,-0.12562783048362788,0.03168077966973622,0.5218196802572735,0.3894228901339279,-0.12585276948508187,0.030792367107904922,0.5613513212405059,2292,120,6.710159041825891,-2.088625565275281,30.249842,-16.634151,-3.542832051546248,-2.250014417495986,11.096361,-40.98763
461326,0.37803762725232976,-0.023769973754123503,0.024110859979814395,-2.5480575515099453,0.37580809719330444,-0.025176577352683322,0.023389760901059736,0.5619381217749783,2295,31,0.7087785081047955,0.4890755400426673,2.686198,-19.16099,-2.4768134283779952,1.1743302366749788,32.432148,-15.202729
462145,0.41708219375467304,0.05936185775451125,0.290010915708628,1.0391374615793902,0.4177422759664988,0.061199023727317045,0.2896606757148577,0.5614353596778131,2299,46,-4.188725268193392,3.507770386357355,-6.230694,17.93329,-0.4807986111529787,0.17957654879041024,11.69564,12.787118
462534,0.325127317700831,-0.18181513370370891,0.05853608688702042,2.5500665218902614,0.3298636011816084,-0.17457726945058347,0.05875600706074269,0.5443766108717055,2301,33,7.442406757704795,-3.147372838518742,59.50839,7.9984255,0.5751909088260435,1.2091233025348471,2.5672944,-55.592487
462926,0.5491309401260556,-0.10426553501864622,0.01996072471312081,0.486156348904945,0.5486274232819619,-0.10246396402776417,0.024111400726044424,0.17839147104960262,2303,23,5.98657007054149,-1.2855798248568595,36.54684,-33.93911,-0.609370224082899,0.6864070362214152,-8.396368,-0.8449676
463746,0.31598264086854255,0.016715301547786013,0.13195658269220512,0.550456928151992,0.3140135007208866,0.01976646515935308,0.13085321669410793,0.5616104736337509,2307,39,-2.171672800832875,2.961656669329093,-4.436747,-6.7942767,-1.25375634593182,0.12452876602500698,42.983402,-13.911315
463890,0.48684567136877044,-0.2537433714538009,0.0199607247131208,-0.17138611797553194,0.5070995397102176,-0.1815914431448696,0.16259776396999176,0.029084930005372545,2307,183,7.235053008413093,-0.3315416448387512,36.805874,6.8418074,-1.3333350260451982,-4.4570339465229,-52.512924,-13.831699
464583,0.34270475150881313,0.14808998583789754,0.019960709513905613,-0.7035611396556553,0.3472445370728139,0.1470312588461077,0.018732990219896356,0.2716031514787349,2311,72,-6.06789560037655,-2.6689812391834504,-32.047943,-13.02342,-2.0259209811782215,0.21230283916559525,8.872221,28.613808
464621,0.3427047516267892,0.14808998215691746,0.019960724713120773,-0.7035611396556634,0.34561036954192725,0.14848571963156942,0.027210555618040394,0.1251413748724444,2311,110,-6.17133750385264,-2.6393363932256833,-31.924454,-12.615509,-1.878597448612743,0.05630327323168423,8.865628,28.510582
464622,0.3427047516267892,0.14808998215691746,0.019960724713120773,-0.7035611396556634,0.34291464899059054,0.1457805012824889,0.023550228354555974,0.1816981983901867,2311,111,-6.0537680334302095,-2.5944705225855738,-31.595732,-12.685134,-1.8573063907775027,0.05245248187324147,8.850269,28.496597
464713,0.5097765941716406,-0.15772374375046655,0.019948878065594082,2.704650866610112,0.42310293368655444,-0.0005474988586398766,0.2718430519775876,0.001417749496113306,2312,1,1.7152526607271472,14.403269817573804,-3.0321808,53.031754,-1.4732678088257525,3.4298808283149826,-20.40842,-14.481453
465110,0.49080821663444846,0.019448463496198304,0.0199607247131208,1.1356166499189488,0.4970961233695737,0.016196819715260838,0.023582971214907267,0.15620667942814706,2313,197,0.7262087557829606,-0.43198099638052556,-5.325268,-37.00459,0.13134214752064788,-0.020257064145979643,11.969243,5.71219
466419,0.3401589657433905,-0.1781892612718268,0.019960724713120822,2.0737205018750924,0.3325711165196712,-0.1897164407483929,0.1953249871256981,0.09585863580192135,2320,99,5.6510640110521395,0.09293778377996129,38.99806,23.825956,1.4132256301023138,1.2348848955504315,5.8682327,-60.09932
466422,0.3401589657433905,-0.1781892612718268,0.019960724713120822,2.0737205018750924,0.341228242458742,-0.18472377256645503,0.1550016004352443,0.048120033760205856,2320,102,6.086338712045834,-0.5673043088516252,40.81442,24.712677,1.2184858608945328,0.9845459189115118,5.6966963,-59.871803
467694,0.3685149794250846,0.027043469956269838,0.019960724713120822,2.502458726772682,0.3627033201645595,0.036006662305740456,0.1474908956707926,0.09531902842840823,2326,168,-3.196753352395729,4.081590943120274,-5.4720078,-0.8435488,3.0662867004107754,-3.6628441974022206,50.430176,0.15796283
469398,0.3690840703275144,0.050295067893435214,0.0614255136416755,0.7727936205567412,0.364725119658568,0.05503361311457451,0.05707729141162232,0.561939083486068,2335,63,-3.4282000091413756,0.8353752739094521,-13.352709,-16.062578,-0.0011576560955272458,-1.6204401560276063,40.341194,16.24692
471222,0.3609193998979124,-0.09419881713755725,0.019960724712697067,-1.8563844480875595,0.3537252669402698,-0.09292252534657626,0.07279086114889477,0.12969632569272324,2344,78,4.834403851486068,-0.773996965060976,19.874008,-14.93157,-4.03871504761307,-4.716443211117213,23.566145,-36.642662
474543,0.5419914781602018,0.27417126576036127,0.019960724713120798,1.7599728911174526,0.5111862354789984,0.19891042145383553,0.18307346265202623,0.06369876092279794,2360,183,-7.054327439270573,-1.0545273921338016,-34.39948,7.728578,0.20595059347027284,-0.8583707261128909,-56.59503,24.236698
474797,0.3877391819696885,-0.006302821913441043,0.12216588823569247,2.140659539715922,0.38611854673995727,-0.007184957218524511,0.12218855475982363,0.5613886629005597,2362,35,-0.3470604312801054,3.2693529136135546,0.31083882,-2.8554676,-1.1159775997628159,1.7540018574576126,31.520754,-12.996467
474997,0.41645185401877427,-0.039622139762789,0.08450878997821919,-0.49449677653445595,0.4128121429522599,-0.03768782082434439,0.08418681506351972,0.5618481262053491,2363,34,2.3425195531982452,1.634012545811967,5.208112,-22.47851,-0.7190396428948913,0.4308229347015885,27.599531,-14.587041
475786,0.5260007012004912,0.2982246579231875,0.019960724713120808,-0.7173196660807161,0.5341321784919937,0.295728091887616,0.07198358248432124,0.02381213085866734,2367,19,-7.116331675432857,-4.750351971806389,-61.49807,-16.745794,0.3657936064606491,-1.7211885825334199,-54.04555,21.81056
476337,0.3992898228664375,-0.15418114099046348,0.0199607247131208,2.2789053918594253,0.3923300327258674,-0.147348397363679,0.15217846822998096,0.00984065086553853,2369,168,6.015914185420765,0.4914709514661164,35.008095,16.598356,-0.7546868132830503,-1.5671255466180827,7.5319195,-42.246113
477461,0.44152407523960163,-0.15507831924932655,0.019960724713120808,-1.3083775747356319,0.40057363850637195,-0.11363188050616463,0.18667815067247348,0.06206432398808774,2375,86,4.7183448910294326,2.233685273246889,31.15219,20.165976,2.013716062086111,-1.4411377947118302,-19.624315,-26.189146
477524,0.45505778026290183,-0.16083870060396704,0.11459548191815924,-1.286354390166337,0.45333747938363517,-0.15460000824877196,0.11396454081180221,0.5615464428343009,2375,149,7.12890624810416,-0.8269523565490411,36.37463,-3.7575405,0.8309034466258799,-0.18149554104001103,0.8175703,-27.999565
478603,0.5018470500563784,0.10597577319806982,0.01996072471312081,1.626508111130411,0.5064640753117686,0.10337240237249222,0.026346014875454293,0.11802196632454329,2381,22,-2.6438852919371603,-1.589485743860377,-30.612547,-36.41867,-0.08713467440926685,-0.6618027687914979,19.589087,62.410393
478646,0.4051239057657704,0.16701322876942476,0.05799952505729845,1.7079097276876338,0.4012348472156739,0.1664603886697693,0.05379660699622835,0.5623324208559822,2381,65,-6.687533231686469,-2.85097349816156,-37.101505,-16.659191,-0.32314394600895285,0.18645841789897374,-1.8194512,37.823402
479480,0.3361170008637705,0.09447855086890504,0.01996072471312081,-1.6749448876863853,0.361345511449336,0.07447182065683507,0.14554059656881793,0.010777533854036165,2385,95,-4.937665976016246,2.479631055555124,-19.182404,22.813892,-0.2780127201460348,-1.6490417970125475,43.959805,20.55614
479732,0.4547964022129618,-0.10818343554337181,0.12273403414330161,-0.28356176131982375,0.44953341074729203,-0.10660486043010083,0.12063974368372302,0.5619468491823865,2386,146,5.374535868643653,0.5017565878323362,24.576,-0.2578251,-0.017125480984992822,2.3897429223163704,4.9419875,-22.53201
480004,0.48718617511993967,-0.14096781035404124,0.019960724713120808,0.030190818061105372,0.4914918998069273,-0.13914760880310933,0.08955227567528073,0.017308223199320627,2388,16,7.41024232213371,-1.1251254630880787,33.81397,-2.8167138,-0.13013252185564272,1.1953982703292212,-16.146181,-15.971911
480439,0.4426399132831246,0.0070636136232990945,0.31611880415591737,-1.2137414696811046,0.4372298281712165,0.0057926517803087016,0.3185757512346855,0.5615434736247985,2390,49,-1.9185910009426528,4.59692552251731,3.5290866,16.388935,-0.8324089466056018,0.642577780044826,9.355636,11.300637
480762,0.4759109507775841,-0.08346081676402066,0.01996072471312084,-1.4787932079776693,0.4587363902737169,-0.08580473984855182,0.1217632468546565,0.01677627462782162,2391,171,4.811883712477368,1.0266448679029136,25.896753,2.6959631,1.2951755664639717,1.672069372732646,-4.4308305,-14.561304
481070,0.40618249093686526,-0.1688531096725031,0.019960724713057213,-0.11521612244536594,0.39101084233099787,-0.1639809085410314,0.07545723921058992,0.08935699054479292,2393,77,7.8810348974401,-1.9607522350941284,37.68525,-10.196341,0.4700882644388834,-1.1577061652578262,-21.966145,-34.034584
482460,0.38342488384785706,-0.21722847422009564,0.11560028144323357,-0.4277772616778656,0.3794292137297418,-0.2262874851481566,0.11385989956411907,0.56152584800384,2400,60,8.496049394972768,-2.095785691686537,62.210384,13.245005,-0.6827801017928329,0.32856864350377807,-19.185421,-43.959427
485104,0.5332633491443444,0.008594778673212422,0.019960724713120843,2.8171269855115866,0.4450674710355537,-0.08707525453659015,0.20665518926896004,0.005104665436128781,2413,91,2.343532363431446,3.6529937740100458,11.922107,28.278019,-0.1403612233686387,0.931654795457587,-3.0181487,4.479746
485541,0.5016982058187685,0.29543632450538376,0.15049636817166995,-0.7387608442927958,0.49785002648467747,0.291327072694092,0.14610196563569963,0.5618107494664181,2415,126,-7.54070097369353,-3.2452364641799325,-51.173164,6.4790783,0.02710823899382693,-1.4579980353673483,-50.116253,19.139194
485806,0.5132435139551522,0.20213581339139577,0.01996072471312081,2.4946185202030646,0.5165315598492045,0.20599436354730344,0.12344187553178135,0.03640011336563269,2416,190,-7.021949617633318,-2.4651263423209446,-50.4904,-18.388842,-0.20180943992052747,0.1754076359653079,-16.127651,55.80888
485838,0.3663591274054627,0.2134116636409154,0.01996072471312081,1.8201888152284635,0.36765726196463583,0.21622175946147262,0.02598226906270565,0.058158694381864336,2417,21,-7.980650122205275,-4.268686511045192,-47.67018,-7.4257836,0.32231322372100263,-1.05122139641354,-6.969351,22.379948
486331,0.3390867898702408,0.19656690493940815,0.0199607247131208,2.413394284214611,0.3398739856241024,0.19782207719890751,0.019132066927593422,0.3471806285218662,2419,112,-7.181767706242345,-3.7508756536648704,-42.698147,-8.502809,0.6362910969871114,0.6859895653421569,-1.3439661,26.491266
486792,0.3069201962377506,-0.28033658762698754,0.01996072471312081,0.892993305182938,0.31028961674958205,-0.22855915676632785,0.13436110054287678,0.06076748358948761,2421,171,7.12774066237021,-1.750455435180664,60.261482,18.503553,3.6865764651784603,-1.1476002655794617,-7.743035,-48.741375
488424,0.5082136820833537,-0.16073786393918263,0.019960724713120784,0.8173266809387367,0.513518318268016,-0.16247197273042038,0.08401471122215343,0.018729296707922047,2429,195,8.169434984627337,-1.693422104513687,41.925205,-21.578295,-0.8585713261361878,2.8882154088311154,-20.079935,-13.361058
488545,0.4340243305448684,-0.23821831446230127,0.029435822147966223,-1.6377376994053963,0.43407539644402904,-0.23548408149007108,0.026143484601885703,0.5614709330593637,2430,115,10.306480537751913,-3.3989099062408097,52.460472,-11.328066,-0.1771322709960707,0.627516597072392,-40.780495,-29.355883
489175,0.46700496342249115,-0.2595376809469637,0.23604024162111986,2.652290706749666,0.4576178754658123,-0.2547941952815442,0.23666502552353905,0.5619657115508506,2433,142,7.5437010431858615,-0.6882767557267164,49.636696,7.4885683,-0.7540050708248583,-0.44539507703857556,-39.286556,-16.925823
489541,0.42437988988701886,0.09313844372869835,0.019960724713120784,-1.5366141036449514,0.4359044630142364,0.0916973553506556,0.06833251828379255,0.005678834219309889,2435,106,-4.069801459438738,-0.02799158790718495,-18.700262,-25.419205,0.4595582470382913,-0.23575073843379343,10.440165,40.18152
490067,0.4599618183868428,-0.21013831061320717,0.031120532189217988,0.4587715865800359,0.4587452449587352,-0.21066741561153463,0.028189120936850942,0.5616609490152041,2438,29,9.734348217390686,-3.0955715734201656,52.68038,-17.286596,-1.575228971566745,0.44231367230676016,-44.436462,-26.569515
490104,0.4121390657808567,-0.0411939481431325,0.03060568084213716,0.03290354593655066,0.4146723064333996,-0.041105977127025205,0.027869335563570352,0.5613634824667937,2438,66,2.0807914779108483,0.6757709357163325,3.6692932,-20.40303,-1.80114526568351,0.4843691439052552,28.378502,-15.202033
492657,0.40245849618683377,-0.1461722230949513,0.01996072469408796,1.06031779838037,0.42258313676485226,-0.07758500958958485,0.21818101818776045,0.018050754146139228,2451,6,3.2839855514240925,3.9223958941147754,11.155869,33.143288,-0.7170710097765055,-1.44605880028352,8.199702,-41.595413
493409,0.44973579950575465,-0.2840465396953614,0.02716435899576682,2.2643183814132546,0.44795212589131117,-0.2819662723536296,0.02655960944051511,0.5619289438464823,2454,155,9.919727999876077,-3.8129096069023687,64.6489,-7.2626195,0.02334142095476731,-0.8951174182160645,-42.175842,-10.541394
494707,0.4849602252874843,0.031996265916322784,0.24592529434677285,-2.796904625714903,0.48215426671904094,0.037958050524199594,0.2458615680242091,0.5613113617687511,2461,46,-2.494342838856898,3.9631507142577873,-2.1515048,12.944132,-0.5873479765367061,-0.4772969732542636,5.7766376,9.657132
494811,0.47107380329074605,0.06928214474436217,0.06170442609297273,-2.5099648797211036,0.4712606160312137,0.06928543126535693,0.061913864704134375,0.5614848098602632,2461,150,-2.527792003215914,0.07284655189627184,-15.087641,-29.203602,-0.6063303761118183,0.8195283670352685,23.200638,17.876392
495370,0.4970066139068219,0.25394343599479774,0.019960724713120798,-1.6367827663823735,0.4960648006512405,0.2533884404338652,0.08662799035242247,0.03126051602358345,2464,106,-8.267728920255761,-4.293852683585319,-57.021946,-15.728042,1.4541564399479783,0.35305262477518773,-23.80453,57.27916
495529,0.4355551107879088,-0.007200849683494828,0.048013711942607694,2.2063763218409913,0.44027855642706326,-0.0134975419219886,0.04865465719517867,0.5615149857457794,2465,64,0.8981445689101866,0.855453400733441,-1.2614524,-27.189857,-1.220638816574056,0.884209367245663,18.885103,2.4894116
495686,0.45518814746240194,-0.02581567493128832,0.01996072471312081,-0.49064029383567775,0.4656075097207116,-0.029572243348150472,0.04162279920345893,0.06145000422448113,2466,20,2.4247975962184176,0.4821698173752469,5.5160737,-36.570206,-0.5182562562218874,0.42559164900408397,18.516483,-4.138971
496113,0.445902996326104,0.23602378215091496,0.2827069633543672,-0.9753667656699369,0.4407564196643516,0.23273696652988285,0.27923508134503283,0.5613692726851609,2468,45,-8.224543691575887,-1.4411570456432088,-49.770283,15.30329,-1.8630391736538252,-0.07447362204236345,-17.303658,37.322884
496671,0.43262674125978784,0.15460795179690634,0.02,2.6303308941460988,0.42498193140953944,-1.5529552728927975e-05,0.2749951921647595,0.0,2471,0,-1.878735337906948,15.15256242896382,-4.9753046,55.781452,1.7714218451786292,-0.23684192667553566,0.6446051,45.88914
496731,0.3754403133074139,0.1763322273898974,0.11731778991014286,2.34949485929926,0.3682812616135141,0.18396945289968022,0.11640400993740904,0.5617180066266669,2471,60,-7.42841950539817,-1.7581442340999316,-38.045918,-3.469707,-0.1664313368909074,1.079306176175418,-0.5885072,25.118584
496755,0.3583589455797553,0.1756101181205023,0.019960724711814166,1.8019838268937334,0.34905094919487656,0.15650207336114494,0.19846455450735392,0.02814499032226041,2471,84,-7.137820395120903,0.7926165950958902,-32.389687,20.79981,0.8705813221673174,0.3613866128274376,-2.9760172,29.67668
498181,0.39264827251214884,0.11717094536202007,0.019960724713120808,1.615922107367023,0.40407377513555154,0.1181430951322335,0.1099325866962777,0.0314571799908788,2478,103,-5.697731616008442,0.19749693789110734,-26.205212,-3.1492672,-0.8100125699798538,1.0588190901102352,3.7033496,34.34809
499111,0.42433964257524487,-0.18816759300631591,0.020329060425862314,-0.6478677186008088,0.4239549096020438,-0.1887224640273564,0.01878586832119397,0.5614431790726795,2483,28,8.767213507396624,-2.6257616768376106,47.924255,-11.141792,0.8076365431461219,-0.9048081360306877,-25.298819,-30.896437
499694,0.42961754109065614,0.11905592907047623,0.01996072471302944,-1.3221014235543245,0.43546611131276297,0.08695356228347138,0.17941935415405763,0.035679741511840286,2486,8,-5.090018759301943,2.869950684615981,-21.62642,16.50212,-0.4219530132109829,-0.1293726542391122,3.7174718,40.83872
502265,0.4478555946281953,0.25886847902661303,0.019960724713120274,-1.8799894157871513,0.43519301326147447,0.2525958302747747,0.09959811793208354,0.08125209017213186,2498,167,-8.984151261656699,-3.653653557888186,-55.902332,3.888135,-2.526052971695111,3.1956793306199223,-34.07543,28.06154
503251,0.47695507031736356,0.058884664071926975,0.08336391966362465,2.743840614763394,0.47657169950162537,0.059136603427013504,0.08172889318312335,0.5619208530291122,2503,148,-2.0955379392536733,0.6499220059936682,-15.9017935,-30.320864,-0.8005918456128869,2.248317023336068,24.404749,16.781162
504909,0.36813507310314153,-0.08844400821230176,0.01996072471312083,-1.997889927335374,0.36594320711771344,-0.08715895008341842,0.023160286992607554,0.27580029407425405,2511,198,4.4151808248725954,-1.09581915169248,17.546797,-17.333403,-1.347248960599354,-2.5191179596970024,21.888365,-38.580265
505012,0.4275394111227285,-0.2934200795185512,0.019960724713120798,-1.5346515443543198,0.4311104878404283,-0.29496191159961904,0.15742549404341027,0.07313837513840862,2512,100,8.488654626313739,-1.6131798805094242,48.110897,11.546412,0.4981040380915892,-0.05987646235342647,-35.97075,-22.403728
505441,0.5233272525422445,-0.14895829424441806,0.21085217154732888,1.5860255577681768,0.5134990948839302,-0.14858692267526533,0.20784793591756523,0.5617594902800824,2514,127,5.770065796298029,0.6429528526672552,23.494587,9.570159,-0.5371866233674645,2.8906213130448055,-25.110954,-5.657262
505690,0.49823785090286915,0.21067369107692938,0.019960724713120798,-2.3397775260091076,0.3768782860623933,0.034144345699561374,0.2806089353501591,0.03589060475761384,2515,175,-4.31502079688079,5.189469707572454,-11.809899,34.061916,0.5048399522682138,1.1804343955643182,-16.666454,57.06601
506787,0.3752031041245515,0.2868485600957002,0.036075403765276085,0.24025408466797846,0.37483968877401913,0.2867686450372992,0.03323480165924417,0.5619102361755044,2521,66,-8.791335130416346,-4.627733087840188,-63.675907,0.4067666,0.4197994638782454,3.3401153850787617,-24.127583,19.653532
508224,0.381781133118581,0.2716578151006682,0.01996072471312079,1.8688134102495368,0.3811655880428872,0.2652806381837485,0.20135377415853203,0.03519921315176601,2528,96,-8.935096632990657,-1.5482462120563212,-57.279076,11.577508,0.12327138936899477,2.0280156881284293,-27.992298,22.27903
510559,0.34911418866337,-0.2241685602631535,0.019960724713120808,-1.2359496677624482,0.3495865643679082,-0.22938566487285858,0.06735909549348942,0.04402261717398392,2540,19,8.796180525322622,-3.203607101798686,64.40005,9.097546,1.7903029541619844,3.1369918784930535,-12.209521,-62.32593
511015,0.3296410116822525,0.2249696074670849,0.019960377884733812,2.399823373388605,0.3291635444661491,0.2280354563244933,0.020128348172377714,0.20228462531345046,2542,73,-7.7225581761251805,-4.142124295141667,-45.834057,-6.0963993,-1.0906708723125718,-0.9914764464719259,-10.240168,11.379199
511030,0.32964100970931415,0.22496958102932746,0.01996072471312078,2.399823373388177,0.38158833844724455,0.05515298660509358,0.27509461024593485,0.01133582789389546,2542,88,-4.536696013281526,4.289119532758424,-12.720897,29.824224,1.0312973942792998,-1.5824685103449398,-12.998568,10.801722
511096,0.3338271128632473,0.22883814700926597,0.02451236670196266,2.3954689977436994,0.33040122943920075,0.22493281028129974,0.024492774340318046,0.561156035853963,2542,154,-7.650876975790683,-4.0653705787521925,-45.360874,-6.159058,-1.2630753168458784,-0.8685785892295957,-9.97841,11.422323
512714,0.4497039916091244,0.16605565599540434,0.01996072471309928,-0.3241249028853807,0.4419915236247,0.1587141416601482,0.058826128102157094,0.09700481260613081,2550,164,-6.075080586909743,-2.424863056906409,-38.342587,-22.055473,2.812777323779299,1.085349449963134,-2.9451928,51.382298
513378,0.48915835551041315,-0.24407802806785078,0.01996072471312081,3.058180474418755,0.49060297027716965,-0.2397560619103562,0.02379142936282136,0.14238247029874473,2554,24,10.023068234954142,-3.742622118595804,56.348198,-16.850222,-2.3956936127209603,-4.562670358789166,-48.33342,-15.108376
513452,0.4967764944781687,-0.27518920582269096,0.019960724713120798,2.302002651510982,0.4925203874889534,-0.2572474236453419,0.1746869292661315,0.05124960213938075,2554,98,8.299756244018758,-1.137782116908543,47.959736,0.30381674,-0.8101002176746751,-2.806774377658604,-52.559048,-10.23259
514279,0.4044517739563143,0.12934356256451102,0.10851652428056074,2.365955152553202,0.4033261507880378,0.13004047759810336,0.104533424886702,0.5616026204754145,2558,121,-5.943911557333207,-0.33620181835005414,-27.432209,-3.879768,-1.5327528427147634,0.7039087028237146,2.1080854,37.3201
515473,0.3107959972860694,-0.18531328221620322,0.019960724713120808,-2.366431334391192,0.31263656098146697,-0.18994400980202675,0.02450547975905798,0.1244428201632577,2564,109,7.099795649506701,-3.5971044497918774,61.63991,5.938665,3.614707306491706,0.9572530378065606,8.19731,-62.141296
516413,0.4031923710358061,-0.026765301130041122,0.2615193189000232,-2.439349840745422,0.4008535250844174,-0.02863407194530013,0.261033506678658,0.5614996612617651,2569,44,0.027359543251426602,4.512877464680408,7.1766977,17.679707,-1.0739179235291845,-0.5081706627763516,15.250355,-18.096972
516826,0.4579250064521282,0.2580489181325718,0.15534631135264448,1.8427965315095343,0.456583230678207,0.26342430814366014,0.15415592664797917,0.5615805908312951,2571,55,-8.649168027144173,-2.8120719896806805,-48.615475,11.117037,-1.0909666574946697,0.40292653548755936,-18.450317,34.513435
518415,0.41078167283827716,0.1443891080106068,0.1277040807736251,1.747562545835491,0.4106456779362655,0.14379496488256968,0.12626069920024985,0.5613552088494991,2579,36,-6.274288142711048,-0.3438984795542617,-28.167252,-3.4936886,-1.2223409540523544,0.3197393151462247,5.7377267,41.12191
518454,0.5336075472132215,-0.25538386374721805,0.019960724471800306,1.8143382898020917,0.5330891939447246,-0.2603598882726259,0.02531702892059362,0.14084004838800118,2579,75,8.600368433922462,-3.511767125899353,61.798336,-15.393835,0.004539908029762313,0.0036051054943230148,-39.998154,-0.6341403
518588,0.5488238665175351,0.037032933402502875,0.01996072471302944,0.5005699705422373,0.5103953493287098,0.019228400024173677,0.18949709747569135,0.060595040326829976,2580,8,-1.531524388880468,3.70737650239295,-11.828551,7.293097,-1.2211403483013512,3.0064519929110753,28.26915,47.77049
519001,0.3158340134730432,0.07766414699490136,0.01996072471312081,0.5039554617631198,0.323354179422846,0.07876359473378916,0.05359063357461635,0.11281141440358337,2582,19,-4.382217159609345,-0.3030259627906503,-18.508642,-13.254759,1.3364173703981763,-1.4361715935668022,40.593628,3.9052882
519406,0.3105162887048364,0.0801214925184089,0.019960724713120808,2.5574719195394002,0.3167926962051721,0.07734422519599361,0.03135368629026056,0.013334906093975812,2584,22,-4.155753401007413,-0.7262581603003393,-18.060114,-13.870508,1.1310489978691236,-0.5761096221879015,41.322998,5.4666157
519605,0.30463044730734384,0.060671972903855315,0.019960724713120808,-0.4914533339282993,0.31182885119195536,0.058847538116889204,0.06229198410582998,0.013748637001775789,2585,20,-3.66596592330299,0.4331030052914825,-16.831015,-12.599204,3.411709539327251,-1.0040459532312371,43.012306,4.6945114
519925,0.39198247777264467,0.29933485773377605,0.2058915568182266,-1.9561662589416615,0.3874086128893246,0.287942004946004,0.2075935320737331,0.5620021060656204,2586,139,-8.438316466231392,-2.0107125362941773,-56.23953,15.593235,0.6080094230884353,1.328932328720915,-22.06877,18.017845
520897,0.4647735800186615,0.06452568930886489,0.019960724713120794,0.23738763488701137,0.47284107807776493,0.05839297857888505,0.04921406290625813,0.0205801703289708,2591,106,-2.076601155983438,0.11111363817557884,-13.8442745,-29.425291,-0.5977457447359885,2.0712483442357623,24.730328,17.28835
521191,0.4424890188984076,0.29585017913291545,0.01996072471312081,1.7786629412625679,0.44413972127257473,0.29969701741507987,0.022149457095839903,0.17999691621980024,2592,199,-8.503818636934156,-5.319947072706123,-64.51066,-9.163329,-0.2652598591066046,1.1264538853467454,-36.099754,22.593906
521512,0.36288290457523525,0.2761161176165162,0.05035614088585705,0.5683785238330236,0.3616033488963855,0.2754392265568791,0.04785904442807412,0.5613349928035051,2594,118,-8.840104977976466,-4.370383523722562,-63.278667,1.1459695,0.7922676854843353,1.8030014909507461,-22.422401,20.012098
522527,0.36571090863061484,-0.01866871997808626,0.15355293417327764,2.809025514249766,0.35506579831768226,-0.014964880616921371,0.15490344297552033,0.5619028488726984,2599,128,-0.3504619231681868,3.6906854870958825,4.480337,0.52730596,-2.4510717243880666,0.9485936460351505,35.716198,-12.461341
522824,0.39071701685936566,0.20755677652602653,0.019960724713120808,2.8145350351954592,0.38976965839475614,0.20822294311626396,0.022059932954375333,0.21156770947607817,2601,23,-7.729791086540158,-4.212116854781454,-43.691547,-11.200947,0.7389721722256002,-0.613111743704784,-7.1192393,24.740309
523967,0.47052197525599576,0.20589468975444344,0.01990537768235323,-0.9164383181081026,0.46840698602464736,0.20359154608448662,0.019266248874921482,0.38363272148192723,2606,161,-6.901136271912933,-4.412000403570555,-44.71161,-26.007633,0.30902183417107465,0.05861574968878606,-12.213609,59.753788
525524,0.30691733833303464,0.022290702024790852,0.01996072471312083,-2.9024046466214206,0.3138792851628167,0.022698697966030287,0.024347887957262532,0.21417725607040528,2614,110,-1.9762333570269113,0.11132735893138146,-3.96814,-14.322238,2.03878642807942,0.19457631275531426,48.067917,-15.747444
525825,0.45574081291278795,-0.19721835600154378,0.019960724713114487,-2.488159972741728,0.4579142872659694,-0.16604203792390435,0.19062317868490314,0.026454391515824918,2616,9,6.196471713701863,0.9911571912365852,37.32419,12.665563,-0.5339843426204967,-0.7781894661782033,-27.001526,-25.100782
526585,0.328964378492213,-0.13590419702824716,0.019960724653006526,-2.83007696881623,0.32459348788032866,-0.13101095201049812,0.06691492922399925,0.07351777624585581,2619,166,5.871750518651365,-2.2808267949293572,25.522436,-9.340397,-0.7579455341677731,-1.1312301708799657,14.685313,-51.22662
527126,0.4283411555650007,0.2536175509930635,0.019960724713120805,-2.48979169873803,0.4267288058797229,0.2566549423734868,0.07525148583990143,0.04564104676198278,2622,104,-9.124585585476261,-4.285941094145048,-60.05318,-6.3393197,-3.0692167216313284,3.8834210617842633,-30.439604,30.032436
528911,0.5211546204836394,-0.17119886877065615,0.019960724713120798,0.6744633695055705,0.5171158252958835,-0.17212832955518897,0.08174272210242159,0.06015008476709031,2631,80,8.455858670118868,-1.9813901152734998,42.82363,-21.057919,-0.3422654755751909,1.3109546929867464,-17.234514,-7.33273
529726,0.43804602768054135,0.05269274836797394,0.019960724713120794,-1.3057487484751658,0.42034882775348886,0.039549840284534475,0.2019922393048853,0.055335299511362845,2635,91,-3.5592660971257066,4.987459156846257,-13.709735,33.265865,-1.7139797615564423,-2.3781781945405625,31.980343,8.9381895
530051,0.32020924966910363,-0.07284885370252082,0.01996072471312081,3.090902780161128,0.3292416872499181,-0.07601216324703752,0.13803516694592735,0.08418459259991934,2637,14,2.4430077525939407,1.5778702415520023,13.733772,-1.6780587,5.437132979384745,-1.0203124480650423,34.834465,-44.37133
531458,0.4146691289338861,0.043362182130833204,0.01996072471312081,3.0823155988744584,0.4151600964791874,0.04181941904651479,0.11604171987833908,0.046859559502139415,2644,14,-2.9998682024697936,2.8668645174638403,-13.345673,-1.6068795,-0.5712638222752687,-4.195951546777767,31.968164,5.3407197
531519,0.35982869529091194,-0.17574280877572915,0.019960724673900473,-2.4800612750219178,0.3432445494745406,-0.1738367334843383,0.05741158515746758,0.06758432934420194,2644,75,7.850336889652534,-2.9951322192360044,59.331833,7.689718,-0.5786681854140878,1.5705102074559718,5.5629635,-55.251816
532991,0.4099697540700289,0.16046745709563287,0.26132681239537786,1.9490349171551953,0.40834290153139274,0.16504454974304342,0.2621648045589364,0.5619597669981471,2651,140,-7.063468056410087,0.28067168579774115,-47.59413,22.828836,-0.34331815875797295,0.25706204254791404,-1.0236871,18.417198
533404,0.4270736444712041,0.26169452841535673,0.055424043575074376,-2.8058427051933506,0.42085112710319156,0.2596073266285794,0.055346092420284904,0.5619511817995209,2653,151,-9.08396932575456,-4.717526241103769,-61.383114,-5.173997,-2.119016523942841,5.5078225994197405,-29.47418,27.78368
533594,0.3270678005849777,0.16237556475886958,0.21977971913944147,2.7540664654107534,0.3266585613249554,0.16114672349408432,0.22100990318743502,0.5615867436554526,2654,140,-6.8329222496810065,0.3414807773569531,-47.50032,28.159164,0.8893796880246752,-0.12767721435653162,14.766331,25.980679
533730,0.41723674782248144,-0.2548521512033075,0.019960724691827646,2.832516162432779,0.417682534149994,-0.2501924348107049,0.021977325634231243,0.13105014081330613,2655,75,10.27220667959093,-3.5116604529448674,65.19697,-4.0638885,-0.35638897219632304,0.8402781761369337,-25.310402,-43.45924
534179,0.530736043991855,0.06625913768640958,0.10831149698854993,-2.5964799920246993,0.525445848505424,0.06334172099667769,0.10379113289250227,0.5618767747922345,2657,122,-1.333747261739673,-0.0013813174709039477,-18.301329,-36.00242,-0.49959254230768674,2.5020350454917,25.573978,45.832428
534475,0.38262067770139474,-0.19709094672007738,0.01996072471312081,2.0987775286201495,0.39121105043924836,-0.2031851509196371,0.12214566943898308,0.021647903242958958,2659,16,7.808405156656246,-1.4081440787919428,49.34921,14.883445,0.9193957328220886,-1.1176120808722048,-25.433098,-35.570644
535201,0.48514599839199674,-0.10503631414503238,0.21043273432673687,-2.6525685438635165,0.48123335441366555,-0.10711267287867712,0.20799527837965345,0.5619343910319116,2662,139,4.2847090924566364,2.122747873664495,18.437078,12.77241,-0.25491173626399266,2.876234866274972,2.741838,-20.93204
537445,0.5292795978080999,-0.244052809326424,0.0199607247131208,1.1499682631530155,0.5258966802673113,-0.20031387352565602,0.1690985412246835,0.03859463037801931,2673,172,7.6200941062189225,-0.774191435012854,44.964443,0.86314654,0.43499515767742447,-1.2424541480353626,-48.54161,0.39162096
537795,0.4969387727946503,0.11771412217388576,0.053090168065697683,-2.6058950725893157,0.49501055490956486,0.11664089617831072,0.05008532730744916,0.5619271189692628,2675,120,-3.531416018743477,-1.5617085495519012,-30.83353,-34.377014,0.003781904453175014,-2.1089238767621183,18.475996,63.171886
538633,0.4163164854114262,0.2578449983160224,0.032202656837651694,1.8722001018709482,0.41435305963198443,0.25724304127229053,0.03129446307192524,0.5619532923970105,2679,154,-8.971690500710082,-5.007371370107729,-61.51197,-4.0430803,-2.1579442827165303,5.407381760302441,-29.217787,27.511848
538807,0.34641571152240264,-0.24314219782858942,0.17565510058259504,-2.3645427951074462,0.3467986310306395,-0.24250971251154982,0.17439963734536687,0.5614967033858339,2680,127,7.449163284876975,-1.3430832903650112,59.169907,21.956543,-0.5529090089473127,1.8960813811162287,-15.757208,-47.570816
539468,0.3701151243403885,0.01201790732101782,0.019960724713120773,0.6477056721640159,0.36157474484051605,0.032949913363757515,0.22214374721108687,0.02325268946397215,2683,185,-3.5238760253050527,4.787979282630205,-10.810578,29.7752,2.314359724925174,-1.9454681604748336,51.247852,-1.4717612
539904,0.32882546009080876,0.27571626962533013,0.01996072471312081,-1.0847185031267126,0.33125794033606376,0.2796880013470922,0.052218387990954296,0.07049189391909097,2686,18,-8.269349665295254,-3.831925803010921,-64.11336,3.5542374,0.939788219047058,-0.17832298844929007,-23.287601,13.479022
540246,0.4289993828209729,0.023634398892036303,0.019957844833193742,0.3860668416101352,0.42732374013989166,0.02253748458902935,0.017484994507535906,0.3978070740525243,2687,159,-1.0770052937148507,0.5772259432129676,-5.3514805,-26.392374,-2.335193098676171,-1.5380723307342914,28.47178,1.1477025
541454,0.40564734429196075,-0.12600203319009412,0.019960724712016768,-0.23853562172707182,0.401448359871994,-0.12543329357142816,0.023775161609255302,0.15309317645689471,2693,161,6.64009660996327,-1.9528001856417645,30.392027,-17.923727,-2.3010540260796133,-2.3883577822056052,10.938094,-40.82987
541463,0.4056473442932915,-0.126002033186527,0.019960724713120808,-0.23853562172707182,0.40005419765925593,-0.07046819483203373,0.15611723451385687,0.04309833159524285,2693,170,3.323330078414467,2.7808237399403044,25.873142,20.903355,-1.4243520004636123,-1.8317068041644329,9.272581,-40.265987
541652,0.3136236408925424,0.000993044726152478,0.019824990591367442,1.2123611349647878,0.3128944796351854,0.0012436239015851972,0.020800643763284582,0.4769120243757921,2694,158,-1.0166830965026363,0.07807422544297327,-0.80792177,-14.142626,0.4164007568416005,-0.43711721031620543,44.40158,-16.165724
541716,0.4443769804807994,0.10473325610319612,0.019960724713120808,1.6931809416941404,0.44433146301889026,0.10314914505230416,0.03516931876047394,0.009217610018239225,2695,21,-4.00936041293932,-1.003729256387191,-20.442528,-25.114294,-0.5656669686408049,-0.565529610664193,9.943294,42.180695
541717,0.4443769804807994,0.10473325610319612,0.019960724713120808,1.6931809416941404,0.4480917900403026,0.1063625603360311,0.028283025162279485,0.007075100360683986,2695,22,-4.002143486970232,-1.140422585105118,-20.7792,-25.18184,-0.7712403677074986,-0.7251934399434926,9.844055,42.554256
541764,0.4319126242994,0.1875573161892547,0.01943592789542071,1.936872256199441,0.4330759070509985,0.18529860594392103,0.02040620337081414,0.49130723536178855,2695,69,-6.623037940324077,-3.7814086500625135,-40.49297,-23.710093,0.8513046448099437,-0.6054097077983678,-4.8753614,48.506332
541954,0.43953104488492056,0.05055974172687925,0.13368874491889587,-2.2587915475719003,0.4373145484325277,0.052639265151514916,0.13150712257780306,0.5616776060816209,2696,58,-3.2339968816050813,2.59512395234487,-15.634067,-1.6563736,-1.4888101096893493,1.201597435483253,21.467247,13.907552
542181,0.5045822472050449,0.10612692337905691,0.019960724713120808,0.4082587847185744,0.47931886643048155,0.047397528235253054,0.19505944066043632,0.05674989841882164,2697,84,-3.2457247839403247,3.929875916192214,-13.695824,9.190059,-0.021966203899794687,-0.9710817055606961,17.806847,60.387264
542483,0.38855639967775235,-0.2023002571316555,0.019960724713120808,-2.823302111361708,0.3855799042627325,-0.19198596511414504,0.12008451554556232,0.010907492000863732,2698,185,7.55085602524166,-1.2808809288257983,49.374775,14.976444,0.5932751459922898,-0.0038168818706009414,-25.529293,-35.96141
542585,0.42857640868165564,-0.08113575508052422,0.019960724713120808,-0.7463685398385863,0.42273619353808517,-0.001473831932062485,0.23784642013997287,0.02637931434285335,2699,86,-0.14186005709422778,5.928875862127723,5.7752743,36.60853,0.19204072815414575,0.9323102275134586,26.631376,-24.44331
543274,0.5089483423011915,-0.2760948864770052,0.01996072471312079,-2.063972092173228,0.4159098415363268,-0.17992092916982083,0.23152186620996693,0.004603119936024984,2702,172,6.112684445139717,1.0415726543605799,39.12879,15.348729,-0.3201151123898499,-1.4825124450727605,-52.343475,-9.249196
543493,0.38122364651425505,0.06211629003874444,0.019960724713120815,-0.31991349146410014,0.38844150898027363,0.06024984456543273,0.1291961782465574,0.03879738723551669,2703,190,-4.113791525040576,2.792405036614159,-16.86338,-5.100521,1.217072664218658,-6.712309659472903,46.78731,10.845143
543596,0.3301269173504037,0.2849394907944627,0.01996072471312077,0.8777651079718796,0.42012378351885604,0.15754878584830234,0.25231467448248845,0.10002983140260199,2704,92,-7.06609034251542,0.8572415983075353,-31.805882,18.192045,2.053335656434698,-1.2978557988270119,-25.740652,13.157923
543776,0.3635569741372999,-0.11318397667352569,0.019958103292877838,-2.2479838506754555,0.3617498383543997,-0.11461175495493948,0.018271686665008113,0.36735776953729593,2705,71,5.657305745697655,-2.1962614823070057,27.48238,-14.068262,-4.390986786903634,-3.0613793617696405,17.590271,-42.569386
543944,0.4921483498159628,-0.1549556932223997,0.15731926720374872,2.5576571771332888,0.4906884149431834,-0.15673171605924638,0.15271969950289804,0.5623868311625827,2706,38,6.888383543952328,-0.33422631932023344,33.88,2.6936347,-1.0961357516617203,1.9008701807923378,-23.026829,-4.5959716
544068,0.5234308502153596,0.09244055820394761,0.019960724712884584,2.9801620858780824,0.5191699980951309,0.0930224157501684,0.04498955079092237,0.08328863220245145,2706,162,-1.8987510873259357,-1.3782313919154268,-30.00922,-37.317425,-0.5949708362714927,-1.4094701941625256,21.186712,58.436348
544703,0.38971130185505837,0.25875114510376385,0.01996072471312079,1.677393825733038,0.39156198323420743,0.25984636823391455,0.0762211714038552,0.008858714043332926,2709,194,-9.084828582013996,-3.9245646789853033,-61.05027,0.80379087,-1.0681681984051983,3.8445336424163092,-26.17351,24.06121
545742,0.4647260460524323,0.16152792862170753,0.01996072471312081,0.40742569745497537,0.4621544505212198,0.16078450053638496,0.021736279018715804,0.46037929009618106,2715,27,-5.605966100293601,-2.9703428167910753,-37.47429,-25.724518,2.820507230539907,2.1324777794047525,-2.6745403,52.280117
546040,0.3606546752755468,-0.12015519872982847,0.12002380113448013,-0.31241677212816565,0.3553542943031898,-0.11834100766366845,0.1185738273995405,0.561556800156927,2716,124,5.235310245640371,-0.18117201845614023,19.16626,-4.629194,-4.7576470760442895,-2.2849093362461743,17.629574,-44.131756
547292,0.45572688037697706,-0.10943500321485389,0.019960724713120822,-0.4921902278251891,0.45124793081617504,-0.10899486185505483,0.1111320166130284,0.030380912359272125,2722,170,5.896700439219193,0.08037392141855043,25.31459,0.29464728,1.7603754543657604,1.4750305766959486,-11.792492,-18.247282
548212,0.5408139745836051,-0.26478923065589133,0.01996072471312079,0.9188535102163946,0.5509800178299666,-0.15786417997640903,0.20323741796285535,0.05892659109687131,2727,85,6.146165388793684,0.4212082213635474,35.434284,6.6863856,1.0186421338190144,0.6565930008784289,-46.187057,1.1052192
548623,0.3399723796466646,-0.09820886618452565,0.0199607247131208,1.2620191233308975,0.358052985324859,-0.10461492868714804,0.14380148284340835,0.025844894204382667,2729,94,4.008408147375732,1.1983387890286386,17.712175,-1.5074509,-1.4022466955833341,-3.9131236154908056,22.268166,-44.832123
549681,0.4985926886028877,-0.11995639942831927,0.09066683256153371,2.7080305519007593,0.5005034124707021,-0.11642626783527682,0.08880752555165625,0.5614664336716289,2734,147,6.774095744651498,-0.736732649730236,31.237387,-31.367393,-1.0108109012783393,0.5010738134279624,-12.640931,-10.639455
549700,0.4927196251996779,-0.11992099285821933,0.019960724713093896,2.706364656338617,0.48892423127974793,-0.11350489316060483,0.05707242369255941,0.05546428885019727,2734,166,7.175112717413816,-1.1047541691968943,33.42911,-30.680513,-0.18728304815191876,1.1105360003569804,-11.469555,-14.5552025
549723,0.4927196251996615,-0.11992099285821992,0.019960724713120825,2.706364656338617,0.49217300762187494,-0.1180911173223446,0.14676773521340375,0.04155635656800217,2734,189,5.6409210832016345,0.7572216387684518,28.979286,4.5027385,0.3268876176455958,2.335692963120303,-10.924819,-14.980159
550715,0.46201744987593674,0.0050884666613509105,0.019960724713120815,0.4026460602460419,0.30020893305438534,0.10620157431960309,0.20638663272068833,0.00785320610022461,2739,176,-5.420651258376684,2.9507842809782265,-20.434069,25.963709,-1.8049057969578983,-1.2976009746555732,24.711742,0.42111662
552081,0.395318776775508,-0.13172580848151516,0.2514181632547925,-1.4339110943868794,0.39490806778459325,-0.12762757015779472,0.25396581838152643,0.5617429205311598,2746,135,4.125600080957269,1.8023355662987912,15.400525,19.753588,-0.5723539375291798,-0.1785781202193386,13.26464,-24.887936
553105,0.4432024826100533,0.0804851621372998,0.0329033511759158,1.1871188222231925,0.44407316230814875,0.08024873048321399,0.03525747248398023,0.561681992860281,2751,154,-3.340024435998525,-0.2708906943531365,-16.041954,-26.255367,-0.3494952393215341,2.846323167564185,26.892117,17.57402
554832,0.45091960390834507,0.027898764957527498,0.019960235588474554,2.5237566991527935,0.45322153279882293,0.02467252025335495,0.017220863311473877,0.2711331769267704,2760,72,-0.6493230483919052,0.2715973280334007,-6.8528924,-28.150213,-2.4811759549505172,-1.6812521314271582,22.603983,8.875177
556151,0.5256556066701183,0.13962388375202256,0.019960724713120787,-2.2167268918104317,0.48052947548055785,0.09063981762328818,0.20625696189553855,0.024426670588149436,2766,185,-4.719409859015652,2.8595886381604347,-19.536642,12.157753,3.3359576316965818,-0.3508315347731584,10.387811,60.94341
556441,0.3071135191070353,0.053975821236355206,0.019960723199788047,0.9591396473613533,0.30494501941555463,0.057895645530110326,0.01864169885718983,0.15041294234349709,2768,73,-3.265484999420952,-0.5449968976577063,-14.572449,-13.897688,2.054683173519911,-0.4462283610143498,42.858963,5.22045
556447,0.307113519351453,0.05397582150531243,0.019960724713120638,0.9591396473613533,0.2878429317647889,0.060041751048432165,0.11120814480144986,0.028494629104218152,2768,79,-3.8678057708627693,2.041710067648142,-12.694818,22.488987,4.239263432979313,-1.1789474210468456,43.46907,4.099103
556641,0.31730901001143386,-0.23459492668947865,0.019960118305105422,-2.652557365160464,0.31468312881593524,-0.23491681965203942,0.019584165995470276,0.21727048529944853,2769,72,7.773497741812902,-3.5539324695076218,67.592,5.171011,3.0068834320337805,0.2400662754457787,-5.7079973,-62.602734
556736,0.3159201024988884,-0.23799284900232898,0.019960724713120652,-2.6642582034308067,0.3052360700181619,-0.22082084519704812,0.16001406681110283,0.007650786711820273,2769,167,6.53500860102407,-1.1779674220898553,59.289536,18.798779,5.195843740101161,0.906574562595528,-8.113224,-65.50187
557767,0.448844110559936,0.18445125733942838,0.0199607247131208,-2.839235962669134,0.4523054338214438,0.18726340589883164,0.05715149244085041,0.07093189838167814,2774,193,-6.979243187595361,-3.5947611236702754,-41.776962,-23.03683,2.3933476274383403,-0.4070383135770588,-5.1560993,50.128304
559387,0.31190466585106064,-0.021350900937766405,0.01996072074929776,2.9346872492408655,0.39768584428593146,-0.003826016741108509,0.248449486733867,0.020157461294251708,2783,4,-1.6199624513654929,5.5616726796351,0.7297754,33.146442,4.647950742396181,1.1223204644468465,50.698246,-18.219236
560226,0.4747635374452635,0.1507170648425316,0.12600172695167852,1.4034626427439048,0.4681202892587427,0.1518558343297753,0.12429135691396112,0.5618253638483843,2787,39,-5.995441695693781,-0.9279724335358499,-44.792377,-18.12733,2.3520058712611633,1.6634605409382164,1.4267434,56.203957
560478,0.37450618122085066,0.057029432658630606,0.019960724713120832,1.653803965733817,0.46935293990424987,-0.003918002416490862,0.2334484644635139,0.02606231763860681,2788,90,-1.3629732889259802,5.5725925214129335,-8.401881,8.731323,1.7827047673222707,-6.884403719753031,47.60124,10.228579
560922,0.3725184128957552,0.1831194332589626,0.23530291126585698,1.8971575643822967,0.37199408250286203,0.18537735910130804,0.23246707193462904,0.5618177624786387,2790,132,-7.647073281841049,-0.2933345919338973,-50.0881,22.490759,-0.12166908505093815,0.7106371059348433,-4.054862,21.202183
562172,0.37006284947549206,-0.07921543882343808,0.019960724713120808,-1.2135477815998994,0.4194792087932398,0.0849709651351256,0.27266904962607086,0.057866124743514956,2796,176,-4.047996052256858,3.7469911103987994,-16.082592,28.865467,-2.439750782646838,-2.2525826147529626,25.23459,-34.673447
562303,0.5312277586710092,0.09828846426622238,0.019960724713120822,0.6393442861236431,0.5312775293805438,0.0983194799038289,0.07232339015360251,0.014050958877989104,2797,106,-2.3997243124763017,-1.1975659244083379,-29.178696,-35.42755,-1.0436584061364294,0.06379811882891974,18.996964,57.71267
563195,0.36427752472443564,-0.11942932106836704,0.019960724713120794,-1.6324712605351381,0.36909644790278107,-0.12693045465118782,0.03327858172513912,0.06203686382344687,2801,194,6.252625110425286,-2.3439528912249874,28.117617,-13.971427,-3.488463211598222,-1.764117983461256,15.283796,-41.82696
563341,0.44176134204939865,0.22758934675520584,0.18270607521243187,2.880804303833217,0.4337883040983216,0.22979468955043547,0.18151092710512556,0.5619579591001408,2802,139,-8.547742037645493,-1.9677790896463163,-47.735035,13.899741,-3.4868892323113543,1.3509605600371404,-21.262821,36.134457
564015,0.5234712649258358,0.03685575319602052,0.019960724713114487,-1.0836987321522724,0.5033579466404834,0.026648826462624464,0.20088339018730453,0.07829214550501812,2806,9,-2.1265611466911944,4.100865078245315,-12.170428,7.931313,-0.3600540889986692,4.847084965160277,31.041624,48.785408
564944,0.31668491111068564,-0.03546233912084298,0.3132758557580381,0.998988343156498,0.3165264172294713,-0.03548674834012961,0.3130349190653876,0.5615095116357158,2810,134,-0.0614973889451256,2.881305099749533,6.8062925,20.413435,-0.1687696966018168,-0.28822996769308246,0.16583177,10.179957
565735,0.3646794117303956,-0.1223213879969287,0.07221533461991934,-0.5844677814113955,0.3560372037766727,-0.11649550441515909,0.07164406323976144,0.5615666653668857,2814,121,5.896077657215021,-1.5582150256782281,24.158136,-11.480339,-5.1485475114199435,-2.7649830944204052,17.394049,-43.845234
565743,0.3561807947325412,-0.11980324304065053,0.21893285041589333,-0.588787642459621,0.34380149301275986,-0.11151191244380797,0.218552003532916,0.5616318268435379,2814,129,3.770267867673727,1.4621751049472533,37.58217,30.785667,-1.9767097934415137,-1.16580898377817,19.27378,-44.30522
565953,0.3113177561576097,-0.09747749445094817,0.24599383938486985,-1.1013518967807525,0.30708889830553254,-0.08901522114852944,0.24589391467374186,0.5615814063845656,2815,138,2.1015605346025117,1.67084134465432,35.99429,31.967789,2.4355350675285017,-0.9027001839970814,25.055662,-49.598225
566936,0.379098551640601,0.22115297628287559,0.020616873653073586,-2.1885830986614545,0.3762180758679078,0.21927745063043935,0.02046658822736097,0.4726726350746892,2820,116,-8.072777499796027,-4.4110435172158216,-48.96533,-7.2644644,-1.0445430758429601,0.024363482852633865,-10.500442,27.840614
568717,0.4242163155220086,0.06002232716256969,0.01996072471312081,1.9219389070038055,0.4462653236469299,0.017507213481276887,0.25277248872187585,0.01963367260481056,2829,88,-2.7956884691735655,5.869115600285693,-12.268538,36.536583,-0.836278478939061,-3.1983726517162507,33.027348,8.913652
569091,0.4813554799906304,0.2565346944829373,0.08928620519858389,-2.25066981174762,0.48708986400320614,0.2633287495458037,0.08700946936847087,0.5611882767138652,2831,60,-8.413424363153398,-4.402225225581876,-57.334568,-15.202009,0.324393337555639,-0.8255545733467673,-42.558933,24.998228
569627,0.3364773114858084,-0.050344662351412904,0.01996072471312077,-0.1233571640018611,0.346525682116849,-0.04825990147063016,0.07783689249019551,0.04789478583029362,2833,194,1.7400910198019182,1.040066435185631,6.115842,-11.870209,2.5635109616229017,0.4194700534730604,34.35419,-39.767796
570081,0.3033904893238211,-0.2618544092637395,0.260860796885412,-0.910183277363031,0.29937248748113027,-0.2565409876237349,0.26235393913577254,0.5618817280908803,2836,45,5.638566041909589,-0.8168439141910556,57.2269,23.216022,1.05542008404667,0.47807122265795443,-7.5759115,-55.502544
570943,0.4409617163251572,0.019687383752224168,0.019960724713120794,-3.1129903917355666,0.4469608992824548,0.02281345106228009,0.081278385879581,0.03889882599718928,2840,103,-1.1274513066955159,1.5777776959672392,-7.873163,-24.077082,-2.6546568580643126,-2.966227684473861,27.355488,2.2297478
571327,0.360467045469515,-0.0800600003358024,0.019960724713120815,-3.0529675470235973,0.33618425945986524,0.04940224926353887,0.19980336983580818,0.05378855934017532,2842,85,-2.8642047426853443,4.398489549690178,-3.046949,31.217344,-1.8400481118921057,-1.9731285859918677,25.53071,-34.969616
573354,0.4279732795452108,0.17941875110801458,0.019960724713120787,-2.0121663716585196,0.43242035484813807,0.17659844432293742,0.11588480288251055,0.017224937627677787,2852,102,-7.238779817260718,-1.5578635917164374,-40.116802,2.939097,2.069157190650112,-1.0227027406165967,-4.090371,45.64088
573723,0.5462643267709106,-0.06315946563472555,0.020000699139294083,-0.3187069975262121,0.5470422887769225,-0.062472057643351626,0.01827705843002092,0.5340966919678847,2854,69,4.659639557829805,-0.750060338038296,10.461816,-41.650253,-0.8365931079110628,-1.370311365129259,-0.30527893,-3.2399583
574035,0.4281643364349451,-0.04271503835497335,0.019960724713120808,-2.147333841259375,0.4014030301189172,-0.10179387939182263,0.21006210957764895,0.04046281626789983,2855,180,3.5617749055602737,2.979158722024897,30.07535,21.383696,-0.765687042043901,0.8078238741493133,28.215633,-22.177681
574590,0.40276956147514686,-0.1632851829264554,0.2956053626515835,0.8018351766099366,0.40230375289508785,-0.16340452028193667,0.2937592853581512,0.5613877488591277,2858,132,5.077374812957641,0.8959564222428099,48.392864,26.192593,-0.5570881698207927,-0.34712251890319173,-4.8692894,-27.211447
575652,0.4808379602147164,-0.19094885679053772,0.01996072471312081,1.1048980391254264,0.48393473479231525,-0.19404392443986496,0.11204953242218352,0.04271071901783748,2863,189,8.461112866004123,-1.5404296148825787,46.58916,-17.130236,-0.17721130319033163,0.04498911801237725,-28.209396,-23.67603
575796,0.3615790527625273,-0.10382240508652625,0.2596630608862356,-2.891179117415037,0.35994028731190025,-0.09784447623044457,0.2593353089355187,0.5614301954992096,2864,132,3.044150552259241,2.186573627243438,13.776179,20.152603,-0.7643247755587803,-0.5875126163374367,14.24505,-24.43454
576241,0.4630211650122168,0.24333064955714118,0.0199607247131208,-2.377707119618141,0.5390305803576412,0.13247443647444948,0.23012822082645218,0.017273197517637652,2866,175,-5.38247292559322,1.0702522271267192,-27.88644,8.531042,-0.6766219143954384,-0.27476384843547397,-25.995909,52.29519
578754,0.376802619595036,0.19958816111556263,0.01996072339236661,1.10980818538913,0.37326750388068997,0.19624171359313555,0.02711166739412338,0.12578594625712022,2879,75,-7.484385735330159,-3.9116526430762315,-42.37885,-11.07663,1.3894824971929642,0.3725018109824575,-5.5765667,24.793531
578939,0.38175578275915345,0.24508329048288202,0.14368786083736262,1.8672156476558375,0.3789017474282514,0.2441610990942953,0.14225442157813278,0.5619640425751953,2880,59,-8.692540420865342,-2.3154544834273185,-60.20432,12.880538,-1.101613541809233,2.063843054035288,-20.689611,23.594944
582154,0.5483456663610824,-0.06618450318671568,0.1321337174594953,-0.20682635444968353,0.5464733226271592,-0.07655264318155146,0.12915798853205626,0.5616265609344218,2896,58,4.665564952023972,0.3789697420381185,10.079886,-33.760033,-0.6045034417375388,-0.8571552148543528,1.3183707,-2.9753995
584265,0.38674939480822174,-0.1573866116770586,0.019927829986922715,0.2480884194562297,0.37486381268150315,-0.16005775293063185,0.01982215652888497,0.48402900816573147,2906,159,7.406395773440356,-2.70399372925586,33.19744,-13.434512,-2.7602909992208655,-0.13737426293809799,6.286408,-46.355785
584266,0.38676206418864356,-0.15737278872112775,0.019958327096328457,0.24808804135093937,0.3755055746981612,-0.15897356605370278,0.018687415101698468,0.3936416144025221,2906,160,7.393046905516526,-2.7092142523245966,33.169807,-13.498,-2.7029556930845144,-0.23978178886443152,6.3197255,-46.25635
584951,0.29747362382601505,-0.10316142767235978,0.22064403231993643,-2.3162972734918985,0.29471165717905784,-0.10080029425418188,0.2205367596144378,0.5615291587614069,2910,41,2.890048234374875,1.1329242813114253,36.740215,31.527517,2.5147015945653144,-0.92949298741193,24.755096,-49.90642
585146,0.3447435821878777,-0.15249565047639715,0.1091658553218986,-0.8418997880133638,0.3419267605664443,-0.15472843527955776,0.10695020551239467,0.5619509656386179,2911,35,6.565127411444892,-1.5327947991265032,56.546204,10.707299,-2.131489661423903,0.908945729908005,6.569114,-53.553352
585450,0.37849895667904315,0.13261629486740192,0.2050071200424738,-2.2778011325421215,0.377228951114592,0.13078676925003083,0.20622922898945073,0.5619376101913104,2912,138,-6.2914140017225,1.0487782247416169,-42.646496,27.3255,-0.28084309401644575,-0.16741564473613096,1.252989,13.679337
587941,0.342280215315649,-0.15605881434104238,0.01996072471312081,0.36206397132798523,0.3410087989077158,-0.1634896879993716,0.13174058405533173,0.07971344128084426,2925,16,5.831817520104631,-0.6879009312397508,40.549664,26.368362,-1.4682047926725152,-0.20274140712668628,12.511279,-51.711426
588078,0.45345790537427727,0.29767914180402777,0.05505707115440048,0.8403713420876187,0.45056255469944784,0.3003651118606312,0.05186113780683799,0.5614317168961105,2925,153,-8.59490022389526,-4.949837651649276,-63.272316,-8.914883,-0.5391157187033977,1.466374370366655,-36.81776,22.603865
588778,0.40547438504091843,0.047894682994123486,0.2558897947369092,1.2539246472944607,0.3968289491449475,0.050802999969577885,0.2555476591541055,0.5615341348564452,2929,49,-3.945232533101818,3.814554715021872,-5.615024,19.322445,-0.13359044482326932,1.1013272752828154,16.342024,11.608521
588964,0.3100846125887251,-0.1554917026060227,0.11051789537123141,-1.4691115548151932,0.30933015027051797,-0.15022082519159183,0.10973531859809255,0.5612587750130721,2930,34,5.739775351862659,-1.5953929358461414,56.281406,11.513475,1.4012054036381543,-0.15222205576176787,24.07752,-52.921448
589365,0.30314308967730225,0.13597331790025768,0.04374981962962253,1.8563883548568283,0.30261262252510346,0.13712543205156677,0.042895188658718775,0.5617937131262899,2932,33,-5.806103775610697,-2.069466630047001,-29.238295,-12.294955,0.707132620945637,-0.45056881725940234,12.707712,24.001982
589840,0.46620015261672565,-0.12332901737152156,0.019960724713120798,-0.6444477088233364,0.46725431761591135,-0.12329571181219222,0.03319648552149107,0.05998470616940629,2934,106,7.110231331949402,-1.257972016899156,33.56497,-27.984867,0.839421149692127,1.5142056973763771,-12.300241,-18.9516
590074,0.4697037499802197,0.30323684307044513,0.28362327375776125,2.243779655401609,0.4654910956754316,0.3085711716184955,0.28193364611744687,0.5615867882382954,2935,139,-7.995888278152946,-2.260989819275165,-51.850693,8.972844,-0.36979249681707477,-0.20985687049157806,-49.16373,17.37014
590254,0.3003449700622309,0.1859858665587413,0.031004104914496147,0.8706511699864158,0.3001464482245437,0.18619582631813675,0.03132347211232625,0.5619007153535006,2936,118,-6.541561680831008,-3.251372451068768,-41.76615,-7.3565235,1.4476522297381558,-0.4490867212256722,17.608515,31.078878
590492,0.38171890169068246,0.2398643274712275,0.02279703073578973,0.22972621216902714,0.38172847665197873,0.24052786147837069,0.021461887142204095,0.5615704140993185,2937,155,-8.660226969048473,-4.72187830466591,-50.352966,-5.6676965,0.06464510436699035,-0.40259368887405744,-13.91398,23.757616
590541,0.4325812587943205,0.1840965558914946,0.01996066750954162,0.03065297814957182,0.4290959580663147,0.026253290614087686,0.26074089654777,0.002822283035984471,2938,3,-3.7485123301576664,5.633486391338947,-12.232677,34.60961,1.9678647979272355,-1.3142534466302216,-4.53868,46.657154
591181,0.42264174703459,0.06384209757637051,0.217356968351831,0.3217579223572141,0.4204432662525668,0.07020774830213294,0.2175175001090751,0.5613727650116817,2941,40,-4.250228662901458,3.2818675207909314,-5.882031,16.127676,-1.0675985294963393,0.22406370199302986,10.557321,14.310759
591874,0.3467870777820461,-0.3057595268535171,0.1905485464126497,-0.19661227501857653,0.3479833220469589,-0.2977690332932671,0.18973667840256614,0.5613342766132717,2944,130,7.254864738087733,-1.5024022682378475,60.926018,22.199656,-0.8936614001747197,-0.28979875830833285,-14.457082,-51.802757
592057,0.49071597762346736,0.08330702065174121,0.019960724713120798,1.451138026059867,0.4912103600212415,0.08143122809138614,0.018490998305844192,0.2997896291735654,2945,112,-2.144565196873517,-1.0699064200072972,-28.185549,-38.204605,-0.0256091835128488,-1.1988648318518937,25.107182,59.9375
593077,0.41378523837519093,0.0759049924729784,0.136394703271771,-1.9700219906585925,0.40862132556166847,0.0781867698927627,0.13597282277690786,0.5619274604661558,2950,127,-4.345624640262874,2.2055722596351517,-18.074245,-2.4925466,-0.7989589207587855,2.607905276332991,29.679592,16.743788
593713,0.47311927475165766,-0.23308400606123353,0.01995918485606373,-2.2997173508672226,0.4691856714009704,-0.2316804468439443,0.01741285514478666,0.3643745661959211,2953,160,10.049271071692804,-3.585097804792993,54.715954,-16.691477,-1.5027580902693305,-1.849803207595015,-46.90916,-22.40173
593900,0.4024207394180805,-0.04607763706406662,0.14566650233371764,-0.700645617011293,0.39635371997672275,-0.04079508588061906,0.14643654679317086,0.5618763800890414,2954,146,1.0184639181950625,3.2734105313274378,3.9541202,1.4576331,-2.346319231289668,0.23618266967968987,26.432993,-15.4048
594233,0.49754118389571284,0.08445599006825819,0.01996072471300738,1.7102080063079337,0.49154526073951255,0.08492820756052026,0.07993033781154238,0.057922367129537654,2956,77,-2.54407728853386,-0.2779324748823907,-21.367268,-35.6774,-0.10169679110538424,-0.31389066495961243,24.145147,59.608994
594835,0.3330322821967265,0.014634041046947453,0.019960724713180597,-1.4513332178853073,0.32061403287727774,0.023521313418696087,0.050956437099483914,0.051190446012884847,2959,76,-1.9680333450701566,1.1292099704270413,-4.5217867,-13.541927,1.3384339332307087,-1.0527024078388456,46.72234,-12.238835
594885,0.32473102481865995,0.019302026458523226,0.15114921704829726,-1.455179986113605,0.32432400907186104,0.02100568896688732,0.15316775974168642,0.5613657553419543,2959,126,-2.245906922040293,3.346080852806497,-0.5791659,23.533085,-1.192716465697908,0.02695091528649307,41.97191,-13.228068
594934,0.3305696224156259,0.015818296064374616,0.019960724713120822,-1.4664532590792723,0.4279959717114482,-0.08211685615210841,0.22331428462879618,0.07433502995043804,2959,175,2.1835380715300063,3.7708423081374147,11.15527,30.047789,3.382038869475726,-1.5265537434376097,50.56234,-11.737447
595078,0.30607232009124535,-0.18661709967887613,0.020105961736912092,-0.011821034173156976,0.3060875642126678,-0.18895692506069353,0.018619358146546694,0.5614964658266948,2960,118,6.891380763810942,-3.5815158636146887,61.94759,5.9694066,2.9932970434498403,-0.22596652435841139,9.495407,-63.6237
595207,0.3219989593996386,0.09051429781664813,0.28182944644675556,2.7881952481130927,0.3131789899666609,0.09398896302777254,0.28162297531971225,0.5616778911229361,2961,46,-5.372021703773778,2.0428291345330876,-44.117565,29.875889,0.5711522533440431,0.5499522480433685,18.342684,25.462845
595489,0.4952542085480914,0.08098865758583768,0.15518558019443057,-0.024389188953064567,0.4951491487334637,0.08768512975749251,0.15110157576131822,0.5613976190655768,2962,127,-3.290707145301041,1.2575276603166694,-21.987139,-32.000385,-0.36462776032851624,-1.9903237312696578,5.8635836,19.141623
596246,0.4557356859729022,-0.0236825352698368,0.019960724713120766,1.4717815144625104,0.44622593859710225,-0.018951066551648507,0.10680063798066733,0.056767104841235434,2966,80,1.4554787301629464,2.0760488599686755,4.400623,-26.739725,-0.6130077352219632,0.4170502701287668,19.278755,-5.3538632
596482,0.5238274605242103,0.2943795965096638,0.019634639121825382,0.8410707572398336,0.5211065278666586,0.290781114649142,0.016370328009352203,0.5530947673199615,2967,115,-6.762337218977911,-5.383380774743966,-63.421757,-17.967287,-0.31097013344014823,-1.9760150714029519,-52.793194,21.81707
597495,0.3252102871605487,-0.027979317939907395,0.08706943648001675,-1.9642606932756386,0.3253176556985934,-0.02708075281842135,0.08719605378408582,0.5614988831316264,2972,123,0.717897207182963,1.572055237202071,5.774321,-10.894972,0.4321030290536141,0.37700058303383244,36.437824,-34.051395
599521,0.544193435693301,0.1956180860692956,0.1359205156188579,-2.5357902910339876,0.5428487994581562,0.19842152499204663,0.13333039832485133,0.5617558840302594,2982,139,-6.349373522793198,-2.3730544486523475,-50.458393,-19.030125,-1.902985691589944,-0.13105364663298089,-11.17361,44.48934
599575,0.526239272232079,0.18722244092704163,0.0199607247131208,-2.4926408010875143,0.5288265841038883,0.18455453026573987,0.056772084598077754,0.04226767432900511,2982,193,-5.752290051742771,-3.4960058900047057,-41.901306,-30.4513,0.09444714805129713,-0.6875061060158367,7.4497156,54.623604
600114,0.5291584612809278,-0.12717717072272414,0.19070400703481674,1.089367108398849,0.5301334569842392,-0.12469576633304467,0.18796847227100957,0.5613632964226786,2985,129,5.344358507048842,0.6988633984938599,24.326632,7.722746,-0.5866407231552783,0.10545787356450141,-27.853992,-5.8173895
601403,0.3183677742217995,-0.2212775828409209,0.019960724713120794,-1.1719486140734585,0.33029022317783735,-0.20867169637007638,0.13365213206997906,0.05213908382191214,2992,11,6.938063167039088,-1.5288710080868229,58.617325,15.883138,5.2429625629986445,1.6349790476218948,-5.9644713,-65.25416
601533,0.5056036832095371,-0.2897907657045721,0.20397520886386955,-0.058810170714834104,0.5061091685683812,-0.2872944647978746,0.2022208181594433,0.5619436272246477,2992,141,7.768801434429343,-1.3141384272136336,50.53603,2.932811,-0.2198847629600849,-1.3414127077750075,-40.921997,-7.3707223
601812,0.4779237943466139,-0.04010355898738701,0.019960724713120808,-0.40986396825170623,0.4816537412934358,-0.03997037608353492,0.07793990436548215,0.006161526293271159,2994,18,3.3175829652560638,0.830988324530947,7.6062665,-34.554848,0.2506347515773793,0.43193474034099777,16.101727,-5.5296164
602219,0.3640737447997381,0.045404836833590645,0.01996072471312081,-2.958421195738643,0.3632776404135685,0.04653655476504573,0.024378965033519856,0.21497171131367745,2996,23,-2.8151751415785338,0.40404202287747426,-11.5449095,-16.594816,1.3115076495403868,-2.5631717252174693,48.602722,6.308467
602661,0.32950294405683495,0.06633437497880562,0.08507359890133977,1.2350631961070357,0.3249059740775404,0.06792308054518531,0.0848186952383333,0.5619553410659154,2998,63,-4.1089265865830695,0.8204876889001186,-17.986952,-11.470508,-0.6581941821791348,0.32778612935180385,36.244267,22.321184
603839,0.3927394340743331,-0.2207203163693754,0.11285067333334028,2.692103194480928,0.3858902594714689,-0.21736488879331148,0.11039913592969366,0.5614549468493452,3004,35,8.756439682501934,-2.095084905893953,62.548893,12.960834,-1.0356889739799828,2.5835282206902233,-18.476313,-44.97116
604671,0.4799173230071154,-0.007125011298052895,0.05607752629293844,1.5785759284014371,0.480054070626162,-0.014322647613966396,0.059528777174700315,0.5612200704215783,3008,63,1.800260877872468,0.512685966081079,2.0265975,-34.984554,-1.0535515933169377,0.7835021184191474,16.644531,-1.2330644
604765,0.47439079162357084,-0.012097277992567837,0.019951944080048387,2.72765099800497,0.4764319471055403,-0.01087413628409132,0.01751105717369711,0.4914933524126992,3008,157,1.8851928376664902,-0.09807586626967699,2.599842,-37.35773,-1.1399006859244296,-0.18112238552878354,12.948362,0.18299164
606043,0.3400669626265742,0.08862157783072386,0.0228427100081246,2.7774564605306944,0.33898068540080245,0.08546111420269975,0.02339745904739507,0.5616522521537312,3015,28,-4.473719409910142,-0.6722843816736951,-19.818691,-16.142143,-0.47741247209496734,-1.346360140680785,43.540417,18.881277
608822,0.522091875595341,-0.24842608050275938,0.019960724713120784,-0.6935116175505425,0.5202613424224315,-0.2502698688848918,0.08965581113126189,0.01909276389134746,3028,194,9.54914181891798,-3.010949771684737,58.73488,-12.710569,-0.5390886497656662,-2.293397748956764,-49.12847,-1.141967
608982,0.5331284534043006,0.2281711446193802,0.03525261644047626,0.40552132184052275,0.5318899143895739,0.23137341290651997,0.03326867433509559,0.5613659368095917,3029,153,-6.732421752558107,-4.79963685515421,-61.03453,-23.112307,-2.5889360600280966,0.01790153036168155,-52.23653,31.483337
609913,0.5232048152984329,0.15275444144876538,0.019960724713120156,-0.3909795193628603,0.5121459872727309,0.1611722074119173,0.10832418303108218,0.024772442653812638,3034,79,-5.467114287712703,-1.7573623268653766,-46.637955,-16.599083,4.561275626401081,0.05131951957734984,7.7951326,60.048122
612407,0.32578245896609476,-0.027664141553383433,0.01996072437705712,2.3638564664986044,0.31136548321598106,-0.018997673681865074,0.03401955046810051,0.1255740132258543,3046,161,0.16808631371187435,0.1473549919305137,3.9140906,-13.885379,1.9821830819079156,1.0225517166366211,47.394764,-19.30521
613059,0.5077351581579032,-0.22286828025115946,0.01996072471311449,1.440871933232505,0.4976587060832505,-0.16342206446620744,0.18100132446428915,0.018289226431622632,3050,9,6.477716314889841,0.6309497433427782,35.929848,8.179442,-0.15504495604896798,-3.2362276569650756,-52.55507,-16.842333
613630,0.30367906927869437,0.18325354444654307,0.01996072471312081,0.7629291261377609,0.42947178521890633,0.019793866088416812,0.17937924522055065,0.02795420727947935,3052,178,-2.285828453936585,4.539549914276381,-8.028525,2.9429455,4.809353844488273,-0.502493087547935,21.155493,33.077442
615384,0.4201017329183446,-0.21727266286040905,0.0977992513916648,-2.9350708830875867,0.41953460123264646,-0.21537976752651863,0.09563018731155445,0.5618643201045709,3061,123,9.147315522104694,-2.1971900944246894,41.470284,-7.3926873,-0.2475574375545182,-0.2145498542541819,-14.929327,-34.03672
615498,0.5419188430124466,-0.011581669859926473,0.13370720476647585,-2.5758888863783014,0.5411408804380847,-0.010955483258664227,0.12888325676369874,0.5619934235092063,3062,36,1.766428093192191,0.6641202393556782,4.9404936,-31.958118,-0.5954300767370596,-0.7260445738209758,0.7800945,0.58179975
615782,0.505279680101931,0.00865643637128038,0.07975076702408333,1.9930163930761853,0.5038285125273839,0.01117944201389962,0.07719399602799515,0.5619209868604779,3063,119,1.0599252544989137,0.18070460196998483,-0.8917798,-34.751644,0.041598485940265315,-0.041874924088089335,6.0285273,5.666607
616233,0.35681407977408164,-0.07837087216807176,0.019960724713098538,0.40810798599558634,0.3453546661726772,-0.0792512115705989,0.11638228649325733,0.02992944800755672,3065,168,3.4571549171919758,1.129377384612817,14.5588255,-3.975021,-0.30014344723664876,-2.707302024088901,26.055195,-36.16307
616477,0.3602689118078239,0.10603366097377993,0.01996072471312038,0.9468863344557878,0.3679324515685992,0.10202451413465087,0.17106442633385946,0.06644736230302778,3067,10,-5.738111067591086,2.104675498780617,-21.613853,22.54798,-0.2988791402178177,-0.7230482115856677,46.197323,21.064072
617815,0.34895806892179015,-0.05744015335097092,0.16392587095544497,0.36827702188318306,0.3448052021092828,-0.05949284374222819,0.1648452058538416,0.5615855677445089,3073,142,1.6269484206920013,2.509005306183836,12.831448,-0.036025945,-0.46054114201528706,-1.1141214241454374,30.671001,-34.793163
617924,0.37004003368772614,0.008057849821468588,0.23937327143069156,-0.8062995500857191,0.36426917377088436,0.015206910879412896,0.237508038548216,0.5617250085156826,3074,50,-2.514264784523816,4.14008183127137,-1.0774262,21.06406,-0.7295828429134198,0.7475694359669811,36.68329,-10.132034
618073,0.30389089297676036,-0.15915098904360162,0.01996072471312079,-0.9964088455034518,0.3051301015424141,-0.16154973900292202,0.022754204374237225,0.17919568922485352,3074,199,5.8604715834844585,-3.400389786920748,59.02012,6.133062,3.1346618981046688,-0.45089534567660966,11.429773,-59.741463
618152,0.5110992008006572,0.20736267608810466,0.019960724709607768,1.0586244853618907,0.5022797023817158,0.21109848585842012,0.07323741066016573,0.030488493726573654,3075,77,-7.036703251422101,-3.961404719093348,-51.907696,-21.211819,-1.1224293029872183,0.7348072139254964,-17.38249,55.907867
619847,0.38369944969597913,-0.26260480459938074,0.019960724584518787,-0.3010258273022757,0.3823888779764051,-0.2594147383550746,0.02906739780327655,0.08938773065841414,3083,164,9.670577350094028,-3.4498485797216567,67.176636,-1.2138834,-1.6054131181547502,3.97302291337539,-22.970816,-59.721607
619979,0.5409803356387601,0.22949845749707395,0.01996072471312081,-0.3460743278659083,0.5205663609882446,0.2032062955773733,0.1612573195282716,0.0765050280110042,3084,95,-6.889863121176259,-1.5146445654715768,-34.37386,6.709255,-2.1585259005436135,-0.5943426497690547,-56.1903,29.119236
621242,0.510481020046143,-0.2471875223989262,0.06716743069554597,-0.7101307950636944,0.5102641545851303,-0.24772957791439423,0.06586340482454336,0.5614661068813318,3090,152,9.853603545092218,-3.4196732023678265,58.03836,-13.864635,-1.7937600639559397,-3.223350591437822,-46.111183,-15.229879
622677,0.34660582602290774,0.044099370147667676,0.019960724713120808,-0.6161562712616385,0.3958450849309317,0.06648376485461689,0.20093130757057037,0.01572757256163357,3097,180,-4.668289495848194,3.8769050790284374,-17.86391,23.962952,3.599375275330172,-5.618832630810071,51.958622,5.539218
622680,0.34660582602290774,0.044099370147667676,0.019960724713120808,-0.6161562712616385,0.3670882950384534,0.05849827461646158,0.17626233013244993,0.06502950727129796,3097,183,-4.368568551932746,3.7195680161228437,-16.598457,24.146717,3.437623814191879,-5.4418855959918995,51.66219,5.5099797
623664,0.44262815478882034,-0.2301025898003734,0.01996072432605837,1.6124648539153044,0.43625284760061134,-0.23202479777747512,0.019871756194294654,0.16048660952351068,3102,162,10.201901720272298,-3.370770130515328,52.32544,-11.469479,-1.563830691976253,1.8884020513633932,-43.053566,-27.940151
626491,0.5296704040220885,0.06331757426047348,0.019960724713120784,-0.32701062144146453,0.5669560935510397,0.18743006366805656,0.256806400864074,0.022267295295335963,3116,175,-5.706862701601395,0.0541776037279377,-33.603493,8.854175,-0.33572367357988125,4.0920827192335825,28.755318,50.350338
627266,0.50487734590532,0.0326539945027135,0.11649795638758957,-0.09411863503639543,0.5050082993496847,0.03315544956992841,0.11604388853584183,0.561387931972495,3120,146,-0.8102620766947448,1.2596133509338574,-16.311499,-34.54009,0.8772959554473599,-0.2278075681000109,6.82421,6.9282036
627602,0.36414579345230863,0.21537671654219692,0.019960724713120822,0.18167592810159236,0.35847447865166304,0.2141928585450998,0.09902091472157384,0.019143801512840578,3122,80,-8.334073512705663,-2.616724449960216,-41.778316,-1.6846184,-0.7479197738059917,-0.9038798204475107,-14.355389,13.381155
629515,0.4992879108801492,-0.0394674085677731,0.019960724713120798,2.916890820675586,0.4735668258310033,0.001276244809244057,0.16629772692102843,0.06173827710001757,3131,184,0.12292914429880826,4.066242951167736,-4.1327963,5.1551433,0.9730381305286814,0.5044983695704353,15.348583,-5.20025
630600,0.5274781379468395,-0.15155931991156027,0.06922715728529762,0.33780669566033034,0.5287262506552117,-0.1513395281790186,0.0717288800406215,0.5615157729652227,3137,63,7.8529772499892525,-1.790477054625891,41.433483,-23.0979,-0.8688128977911738,4.067946810806209,-22.931652,-9.707803
633019,0.3026180959552249,-0.25167389816496155,0.019288271618968428,1.7266414823090923,0.29614003403320066,-0.25257196788657976,0.01921670710972842,0.5353683598647886,3149,70,7.192576898908067,-3.5842174640806634,69.13592,5.28405,3.2509937455924374,0.47578581201239,-7.081484,-63.376377
634208,0.5050872054810701,0.13328947159253962,0.2008300618049821,-1.4880604480253632,0.5052043590312228,0.13278285974492074,0.2037822153879826,0.5617741279784454,3155,53,-5.327228255410927,0.6295478617521814,-26.085964,5.416015,0.1311855510877446,-0.726491574982823,12.001998,49.295708
634486,0.3928154140642677,0.22014419161234688,0.22181193954241238,1.0055238789424885,0.3922336258103206,0.2191874620110759,0.22339732541343338,0.5613567908923065,3156,130,-8.370900357134282,-1.1616704377372367,-50.92024,20.47012,-1.3315762780017775,0.21492772587454376,-3.3369682,20.480389
634564,0.4885669817234185,-0.23861290803790727,0.019960724711801964,3.083210366903335,0.4610556003469282,-0.11878177543212323,0.2297245333381317,0.007136098889798729,3157,7,4.799062491082512,2.7372326894530876,30.078268,15.959832,-1.238703920281057,-4.029385265933463,-52.185562,-15.1792555
635067,0.44711865296039877,0.15987883061111058,0.01996072471312081,-2.352403770883102,0.4527179340585793,0.16501076283840502,0.04853192342744325,0.04974210045218079,3159,108,-6.168575342214699,-2.8890466864593334,-38.419598,-22.942205,3.440869313746585,0.7626642102771648,-0.6088723,45.292015
635180,0.30670896242128287,-0.07326119824617922,0.01996072471312081,2.3820952322437945,0.31500838071898124,-0.07443723563645706,0.05528944826844484,0.008370596398168369,3160,20,2.9421045008508786,-0.8891546374200607,16.954376,-13.563983,6.168252778712772,-1.0977282217064146,34.57223,-45.182182
636681,0.3730288397397768,-0.14467785189891075,0.020920554916944337,2.277829455126498,0.37188973433646144,-0.14557744375451268,0.018877866990387487,0.5641825538847525,3167,114,6.930643818811441,-2.6125864039489417,31.78898,-14.096397,-4.224547681979605,-0.8431125493590844,7.9516673,-45.70079
636958,0.4954360611278762,-0.27654900059664306,0.0199607247131208,2.2062614994992087,0.49970509086470916,-0.27998185513502877,0.1002506429504327,0.012669200847161242,3168,190,9.500664210782704,-2.9291082926538135,59.67277,-10.300318,-1.0083175706004326,-2.7359538901474774,-52.327957,-10.162193
637494,0.5406738239309818,-0.18017711020387261,0.11456011950522349,2.5403728833522345,0.5399622894465087,-0.18061686175864336,0.10971784174649493,0.5617393991209809,3171,123,7.955297677204734,-1.8458842810574225,43.996635,-19.706345,0.2492514922543555,0.06060296483340914,-31.18204,-1.526709
638110,0.3289421306799442,-0.23542017901988588,0.1699817603918572,-0.6287339469070172,0.33059012155975276,-0.233055081328089,0.16810723792667506,0.5619436551184278,3174,136,6.988022670422339,-1.3642355738908183,58.817463,23.811413,1.148543021655016,1.2965344853871665,-5.4086785,-56.439796
638152,0.357691351249497,-0.2630363939828184,0.01996072471312077,-0.6500204678184532,0.33443081782427836,-0.30074845292334984,0.21724235993103486,0.03161538481944478,3174,178,6.614904170013335,-0.9823249180375655,58.97708,20.826815,0.7834012254569532,1.7330618871278338,-16.919504,-61.03763
638407,0.4353235495580566,0.10330451439147213,0.04062384996864681,1.1338875878025854,0.43328726647701804,0.09908516722638648,0.039902201327248615,0.5618117382122625,3176,31,-4.003148021474081,-0.6837993140661389,-19.726974,-25.0501,-0.6475085598764208,0.1474461755307378,10.636579,41.345623
638716,0.46885814203011333,0.06547478496151937,0.16635567375113403,-1.6549819559766719,0.46944586163586854,0.07060141257159205,0.16534211245638297,0.561659892952116,3177,139,-3.589314628859281,2.399459358607481,-18.30024,1.0384753,-1.1464032578495864,-0.59276275167194,18.771414,18.267399
638846,0.32910257394230036,0.2868126572911523,0.019673997882852724,-1.395777964865746,0.32908864427839396,0.2866124829893886,0.019374130982396376,0.5100006692469699,3178,68,-8.076684214270793,-4.317349914449959,-64.71092,2.4023643,0.2632697864261882,-0.8374615194618997,-22.856491,15.029006
638994,0.43325459486061796,-0.20942040770309328,0.01996072471312081,1.548858628345502,0.4349333541468968,-0.2131405805489053,0.09391268308197234,0.03527129941934749,3179,15,8.974492288157984,-2.0559994187854658,41.115257,-7.3730483,-0.18590390425641246,-0.48702114717715306,-28.424778,-29.483
639139,0.4008585749309987,0.2553974143674791,0.019960107892615937,1.3021528919555048,0.40103953201198217,0.25467020957809344,0.01738575424774047,0.3700433378540477,3179,160,-8.872022918106707,-4.947237811465754,-61.534584,-3.3599398,0.1587675609523213,1.393759051087124,-16.553068,24.755083
639878,0.41810109802202894,-0.29179169805499316,0.019960724713120825,-2.0967845524173754,0.3756481948211557,-0.22785900982050755,0.23516669572003035,0.05459166066805637,3183,95,6.392473164843467,0.15487618115180263,38.55486,21.17287,0.04456518192526594,0.9052338664272905,-20.946299,-54.591915
640371,0.492720513136775,0.21323718585804868,0.01996072471312081,1.0120933831200223,0.4944233229848445,0.15007920795596505,0.16745601284131914,0.053792386630741464,3185,186,-6.090393831370928,0.22294967934819188,-29.49721,8.1070795,0.6312871054178878,0.7071425163508493,-16.857435,57.23324
640487,0.5273858583091511,0.07018978452521919,0.01996072471312083,2.1628505860557543,0.5275949244868712,0.0671018427971865,0.13306710374795333,0.03306901499279423,3186,101,-2.319730898439839,0.928717771286849,-20.046476,-34.21168,-0.7799093696284394,4.475828448859224,29.037464,51.60117
641729,0.4227192346388931,-0.06393437924733997,0.2623458844579426,-0.4200063392558058,0.42276295818684534,-0.0643860156384919,0.26568064399760594,0.5619715841147375,3192,137,1.6453125600302445,3.869579627792491,10.950824,17.40961,-0.5457100107663272,-0.6106010481177634,13.013334,-20.20104
642073,0.3991444980430495,-0.20238166651833867,0.01996072471311302,2.519786226499491,0.3972487180068919,-0.19944394605063376,0.08691403790208047,0.07493220548458496,3194,79,8.739207690385175,-2.1595822268068323,41.005512,-8.24391,0.5730824002067525,-0.9319524011252394,-26.613863,-35.56321
643070,0.35288766872235056,-0.13223678129195165,0.01992140094553576,2.43264624304242,0.35382447400313366,-0.1297515970603195,0.019780882256309223,0.3503380562799162,3199,71,6.1084740974981955,-2.6127752316719555,28.322323,-13.199627,-4.771249609472619,-1.8622718396367741,16.086594,-45.167934
643077,0.3528753300675876,-0.1322401484802994,0.01996072471282161,2.43264633758046,0.3410099631152672,-0.12440866278053483,0.07316864124602376,0.027097979632806645,3199,78,5.912512356463729,-1.7964747275726882,24.734299,-10.254307,-4.75191297073989,-2.1594126448087376,14.405884,-47.53852
643756,0.3550255845363118,-0.07559945410133091,0.020731391196331574,-2.095667919005686,0.3548144632142269,-0.07623456261585433,0.021243823688408825,0.5614999004163409,3202,154,3.5791262741258545,-0.9473256947842825,16.366724,-16.792929,0.29974001131242173,-1.8703021212876567,22.764284,-39.31924
645135,0.41876522367258096,-0.09170410009445458,0.146596823562151,1.1057905273003328,0.4193672120674068,-0.08989895169281728,0.14418983340092476,0.5614077483735038,3209,126,4.33825149929665,1.5409223992780499,15.79408,-7.205636,0.7145245545766132,0.9200393010598463,8.856746,-24.820293
646018,0.38074498293454895,0.11786661688946481,0.01996072074929776,-0.09925940352417607,0.41713470344295484,0.03223839198248662,0.23804899918815015,0.01671198574893035,3214,4,-3.8649670862901533,5.216098216113434,-11.305851,32.589687,-0.5509930963998532,0.46370387480814745,4.8843064,33.130276
646196,0.5004892905543443,0.1777443495718278,0.01996072471312085,0.29818039755955117,0.46907689233892985,0.1585629633368363,0.17589151411525888,0.051667342224878315,3214,182,-6.544358527249823,0.31178091311013334,-29.977777,9.957048,4.354989215089798,1.4850850485274951,-11.0617075,55.596424
646998,0.3203789059381823,-0.041754634637283065,0.019960724713120784,-1.9761183110878795,0.34534949424977235,-0.11170071105462302,0.24861778942856055,0.02214359332315975,3218,180,2.9588558976007566,2.3099004701430546,33.560085,26.468586,5.540610947001906,1.3202163502726214,37.154663,-43.04139
647669,0.3555142313778528,-0.07604898917296274,0.3075295625384684,2.1872317055571004,0.34879263884587397,-0.07982123874758545,0.30835763592703985,0.5621896993216559,3222,47,1.7758429298943663,2.433729362993393,12.250918,20.473093,-0.8007696120335844,-0.49510631721790405,16.155281,-24.13847
647963,0.3173697634359901,-0.04464033332483819,0.20257209495781728,-1.1760594205321981,0.3150138499489966,-0.03893640690596922,0.20357828270100167,0.5619595307339026,3223,140,0.29592380831239684,2.8449694913024217,8.115623,21.55971,1.4155238304244222,-0.376485936376644,34.569744,-33.691345
648363,0.4086476160910528,0.26266700230571555,0.2921033592206243,0.6359675365322432,0.40472504742246385,0.2677519377075288,0.288656101839731,0.5617324620825356,3225,138,-8.450455381242437,-1.6747453089698703,-54.87473,15.985535,-0.8266983978753306,1.8201796578706044,-21.310135,26.426361
648505,0.524822450942064,0.0521544767591316,0.0199607247131209,-2.89195874639024,0.5093391533654581,0.047413409938080096,0.11808622508397601,0.014229711485272708,3226,79,-1.3182532728889222,0.9882687568058658,-17.740559,-34.787918,-0.8465926763523672,5.731510469989481,30.180946,49.83911
648749,0.49820436785040045,-0.11308947462586445,0.08392875830567806,-1.2960939708090211,0.4963419870079288,-0.10660262496055496,0.08146207539356223,0.5614461174661823,3227,122,6.6840693906384505,-0.7079171540825161,31.39443,-31.5738,-0.9456539420336467,-0.4107725157459363,-12.332615,-10.260976
648778,0.5159450444011552,-0.11438383827445411,0.0434951782220925,-1.2579534275134348,0.5143237601592986,-0.10922255897040833,0.042882054304019895,0.5615938838399182,3227,151,6.884557138814545,-1.1557108137107486,35.52031,-32.214867,-1.000636392048471,-0.8276668884791428,-12.176916,-9.695899
648965,0.3175970702023611,-0.040686734067193905,0.3162147032222662,-0.743545149115717,0.3082263260640041,-0.032295309241267015,0.3155743963152894,0.5618086899024123,3228,137,-0.38176731565198513,2.7360359756740578,6.681668,20.493713,-0.03202871612098214,-0.019223965116391344,0.073942535,10.172754
649944,0.5258658463805101,-0.2720347568437322,0.019960724713120784,0.5524631215110787,0.5329445588285094,-0.2727947122168619,0.019009904305591768,0.23065883174641608,3233,111,8.527715276216338,-3.6176371591701515,62.285053,-15.359741,-0.08110742296168039,0.5996736723940286,-40.650185,-0.84825075
650629,0.4086499983560026,-0.25858344870211186,0.01996072471312079,1.1348243567363971,0.41056766584138094,-0.2644155975430918,0.09727178386015822,0.02172149824273091,3236,193,9.449064462920733,-2.5652401538062635,66.27366,13.827925,-1.145990616368272,2.9004138487021764,-28.589333,-46.64043
650904,0.34658769052709737,0.18712718508381848,0.029115625119762387,-2.7535119189149255,0.34448037985368807,0.1922738119254327,0.026054092545200358,0.5614325439009297,3238,66,-7.138500984694166,-3.6340194619131485,-42.135334,-8.806158,0.5958626622685462,0.9022687316730432,-1.4267255,26.360098
651387,0.4619606132396667,0.017622651087892197,0.09645126890707784,-1.2234857315501928,0.45964538195755267,0.01663734418804347,0.0965586985568832,0.5614318294544127,3240,147,-0.5762866170696985,1.751546040073947,-7.602875,-23.871473,-1.9702999491485151,-0.19122370591400936,22.584927,10.087161
651881,0.4262373141529001,0.11840313346359736,0.18077919269583517,2.1488977745427187,0.42096138035814956,0.11517236574134693,0.17813317227154055,0.5619194983341885,3243,38,-5.485855386029132,1.4069506565892689,-20.956003,1.6259469,-1.84000752928867,0.8347215857641406,5.388554,15.530041
652566,0.5005977486998835,-0.2599266118661154,0.04769148086047826,2.356910680752894,0.5005293301917386,-0.25958001543362125,0.043719484107220014,0.5614833184178006,3246,120,9.824666614577305,-3.7408866010225443,60.557358,-14.791154,-2.1044245970842432,-2.9594352516922555,-45.925747,-13.973923
653534,0.5045641583915993,0.24925695343177945,0.019960724713120825,2.3074515205679846,0.4782081822609958,0.2168370846946437,0.16954601920223578,0.03090597434607087,3251,83,-7.782123874747221,-1.531924101375079,-36.00468,8.11179,1.5210630315487128,0.4120225687644753,-23.289932,57.09671
654074,0.44501269899857043,0.2919030313977767,0.01996072471312081,2.837259784482932,0.4471451983268367,0.2931777034206339,0.029032579015565024,0.06881133173259296,3254,20,-8.571282478116252,-5.245601367062513,-64.15353,-9.021524,-0.2168389531499903,1.1691176947638187,-36.127144,22.917181
654542,0.5177641693770256,-0.08443351347194016,0.019960724713120798,1.27276707790958,0.3837971643249298,-0.1236157580833435,0.18500569402089534,0.03362741041587155,3256,86,4.943024722747384,2.0122551211274717,32.17349,20.602129,0.8438640342662698,1.1081196861848772,-7.853555,-4.632396
655074,0.3887844538682079,0.21744595533689504,0.01996072471312081,2.450339857860359,0.39816874238829375,0.2206191459054767,0.11794857836797298,0.06150475492590266,3259,15,-8.581510016526677,-2.4661802469588916,-42.124996,-0.33202183,-0.9611263244367281,-0.6508765791131322,-11.078288,29.156332
656046,0.533463668832855,0.005038413280071052,0.019960724713120798,1.502181881224414,0.5154705274238195,0.04853442920810233,0.18696984741960698,0.024131140697160467,3263,183,-2.2765295095631073,3.150165323183756,-13.483881,7.5370936,0.5188051688408277,0.02293631325701262,-3.069649,4.419315
656156,0.47504559624368903,-0.006724326794837541,0.01996072471312086,1.112841863952653,0.46440530349785925,0.09212207743159263,0.21909672686173282,0.005785079785114596,3264,92,-4.3234610251000625,3.2467233868245615,-18.584,13.070637,-0.671128109221159,-0.8581817645564426,20.91333,-1.8711559
656511,0.44104721625259036,0.2123588420809681,0.30054155523977727,2.386840265481841,0.43602720885155755,0.21696158297798138,0.2985312889822155,0.561360719770865,3266,45,-8.016762923604121,-1.0205826630920698,-48.894985,17.254492,-1.5886512130021826,-0.10054154307902262,-16.60132,38.239834
656743,0.34528493046789993,0.12185180887148567,0.01996072470885217,0.22761809115549886,0.3335285041671013,0.1190225467215714,0.06329161902897382,0.044735933866640744,3267,76,-5.783646550685727,-1.01394988017431,-26.724726,-11.680801,-0.3534922459106777,0.46450160601334156,7.214277,32.09704
658217,0.44569536452276215,-0.14431508783778457,0.16514875787039235,-0.13036368476465188,0.44554542282520565,-0.1464461247662249,0.1661580327619404,0.5616778141996384,3274,143,5.818860362892655,0.6504443693106615,24.33983,14.4401245,0.8788947398999408,0.2676857012647742,1.2544594,-27.396652
658474,0.32821207143943054,-0.1616373271912086,0.019960724713120798,0.14199573397795417,0.3323947523951489,-0.16618468500878988,0.025873865052204487,0.13491064751951762,3275,199,6.778860454850769,-3.2830110731797935,58.882607,5.5952086,0.35924257454094044,-0.10320473903592052,11.631429,-53.698753
658677,0.3899248585992791,-0.032833757570427335,0.02,2.6155788334381294,0.4249999214584603,2.835681669375531e-06,0.27499818301843915,0.0,3277,0,-0.5720990436120756,15.462521916639089,-4.1169596,55.25504,-2.245923927857009,0.7776908010841931,32.811447,-23.921976
662318,0.538255535872862,-0.2983383098661532,0.01996072471312081,1.8728088510931962,0.5394691476366019,-0.30199443001217197,0.024815220376380148,0.03550640629972011,3295,23,8.075851194822777,-3.512332580643761,62.917866,-14.3091,0.27410695106643607,1.3924239378431342,-42.318775,1.6565161
664925,0.4013116768469561,-0.12481804208171267,0.01996072471312081,0.1356726147990428,0.4088402696382979,-0.12878402793393312,0.09615297316672033,0.026862947367171177,3308,17,6.1762159786719595,-0.7039698333925558,23.889832,-16.379112,-0.8969730580174567,-1.646202895622138,8.574096,-38.959206
666319,0.5387450133097392,0.2490393158974325,0.01996072074929776,-2.911622888298562,0.4571610073378169,0.04814860650829706,0.2484434802635692,0.07735634078543789,3315,4,-4.1452123569637145,4.798786240286284,-14.492219,35.41992,-1.004401277365596,-0.25698386489694214,-56.598427,27.570961
666402,0.4677563561878287,0.15955211468760966,0.019960724713120808,-2.82492220807697,0.5038536375941571,0.24319674154740514,0.22227403158017583,0.039133129431058906,3315,87,-7.73435638682878,-1.366010321573846,-48.009388,7.426422,4.53670144642263,1.3598482876062545,-3.9513843,53.864532
667510,0.362120386383998,0.24087373990997438,0.019960724713120825,2.577855492606386,0.3702032076529695,0.24011943524816054,0.16324227625890217,0.027193107980271056,3320,190,-8.760088746532734,-1.5796404836309335,-58.451008,13.108854,-1.5394326768116557,-1.1116122247720734,-14.7553625,16.519844
668084,0.5065617395526777,-0.06533981795052288,0.01996069529552224,-0.27190155607464894,0.4979849431547502,-0.06233784007025956,0.02173653391566982,0.15245913127269659,3323,161,5.222975431158273,-0.12143812730346729,10.0455475,-39.625553,1.1692068700444105,0.24036229461788072,7.9964795,-6.492625
668342,0.33716739073000784,-0.07948749695030798,0.019960724713120815,-2.8926410477219537,0.34876018936330155,-0.07892840385908055,0.07419697487460211,0.01692465701326114,3325,17,3.4932530140288836,-0.17530240046154524,18.004995,-14.411179,2.4761241193904238,-2.186847957046572,27.213223,-40.264732
669532,0.36053096211231184,-0.14733344846010202,0.019948878065594082,1.6109160089875552,0.4261384529105963,-0.0017461384911244087,0.27287822445788845,0.001418914037868854,3331,1,0.5289481060712734,14.682632306313904,-3.5877857,52.572697,-3.717764305642013,-1.1514943321325881,11.581162,-46.765068
669716,0.31428702980020096,0.1589416217649117,0.01996072471312081,2.619323825215075,0.32003718123578645,0.15752979342953347,0.12767928155636937,0.011874574428875437,3331,185,-6.840819319783616,-0.479340300498498,-35.345078,-3.6098745,2.9657872301835546,-0.8375001080649703,20.900888,31.383251
671067,0.4916051217227959,0.024992048757354383,0.16085462003795575,2.723942476825771,0.48387918893179227,0.02830783350076904,0.15684446478768066,0.5621053411238914,3338,129,-1.2544509671151727,2.85631325379406,-9.9410515,-1.9913841,-0.7302861084905007,0.7092217221185941,17.129019,15.933863
671510,0.5203388323227028,-0.24108188756627966,0.019960724713120756,0.8954845880874269,0.49914636095234444,-0.22739983114147652,0.1309681203919389,0.021079105998202476,3340,170,8.843058085211739,-1.8255376605580693,47.0403,-0.82087636,-0.5950134587955725,-2.9591002593565476,-53.8978,-15.6001835
671568,0.4489399117680367,0.07472139897240634,0.022544762762732977,0.7607799988668725,0.445926325546819,0.07770889440748933,0.020099099559582057,0.5615623996457072,3341,27,-3.064642174699148,-0.3937189960522013,-15.116919,-27.329218,-0.3949049351313676,1.5579710459464104,24.256409,19.356619
672599,0.35792836876562417,-0.05015576119946594,0.20799566312420123,2.2781176499735265,0.3572149268581232,-0.04914841804019011,0.20792335929890832,0.561854705680557,3346,53,0.8310335861797227,3.364632498789599,8.593841,20.606836,-1.2546317581921582,-0.5070241844433034,19.995264,-22.953932
672652,0.34486757883200986,-0.02894843052176014,0.01996072471312084,2.4361513978670977,0.35410225362668213,-0.033231672872789865,0.08139823259665802,0.021112586653303667,3346,106,0.6627180725064894,1.5885783396176292,5.151614,-11.187646,0.5742158908686328,1.6546818729698853,40.690533,-22.086788
672736,0.3542333230288659,-0.04480108770947006,0.01996072471312079,2.4506414367873455,0.35680369758626107,-0.050785361956344234,0.12030496241237601,0.023427629052458078,3346,190,1.578656713472761,2.3592673374127355,11.035714,-2.772529,0.8436261932585366,0.8967352270460369,33.53174,-39.52993
674623,0.4286360054960705,0.27411350397561207,0.029055549802544708,0.6582546479674458,0.42979294019227837,0.2729305398330253,0.027596082682452894,0.5593887228414037,3356,67,-8.913678758436667,-5.179648303630613,-63.398575,-6.080412,-1.0583330173216974,4.407731043815989,-34.081047,24.962612
675650,0.5005932690396773,0.10648585838543989,0.01996072471312079,1.898846334072133,0.5047999830996145,-0.01625948668816659,0.22627062607752332,0.06992005243626613,3361,89,-0.8609927867347926,4.811874862496967,-8.599719,7.3255997,-0.047799759860774706,-0.567387818799472,17.840313,60.456238
675923,0.3246259327271567,-0.019242677123894474,0.019960724665024313,-2.1296487323632207,0.31752786476822636,-0.01135462895270265,0.03057865667072232,0.08885514952626915,3362,161,-0.32607497422968545,0.2671668746518623,1.1657112,-14.084289,1.1144331381688128,1.0694456528380747,47.32814,-18.805191
676082,0.40246399392446547,-0.16491322544661566,0.05723223193110996,3.0400110452254143,0.40251739130961245,-0.16236895891394487,0.054715067027075265,0.5613942625274219,3363,119,8.15014473090939,-2.2490854507465357,36.17762,-12.400397,0.9738635000410786,-0.8086799846232253,-20.618616,-31.46709
676272,0.52167237260853,0.08673348184423074,0.019960724713120794,3.077942096773025,0.5231822937859045,0.08206224881837265,0.027421709007578038,0.07936010810972285,3364,108,-1.5897910093551997,-1.5318069138822996,-29.693981,-38.286858,-1.3299571655974785,2.439974852717929,20.552034,57.20988
676795,0.32636844951098276,-0.1395799539786848,0.01976411063004248,-2.254418563858958,0.32778119871585504,-0.13787830216622163,0.021129486021793487,0.5634031441538043,3367,28,5.824582914249597,-3.003265344449259,28.17579,-10.600941,-0.8071993156704054,-1.0637486210949767,22.514917,-52.68866
676879,0.43855422083808776,0.007263101573848568,0.019960724713120822,-1.8232488938136326,0.4396962180360098,0.009032771956917915,0.025791980485586313,0.1764403111042296,3367,112,-0.19680092472698824,0.6014725175148478,-4.061213,-27.347885,-2.3780628490924025,-0.9157777871469746,20.79847,2.8691375
678217,0.4162873860289236,-0.01838204613026815,0.2433081862551308,3.1274639729075355,0.4158742214203874,-0.01856588126483977,0.24211430523114016,0.5614269192210439,3374,43,-0.31535561472126555,4.767558690082482,6.0758357,17.040308,-0.3046409049891683,-0.8609531492420406,15.580062,-17.116405
678914,0.4341060559827683,-0.05908282018339985,0.3023219673882652,-2.066380766063246,0.4330131002471809,-0.061172788014207946,0.3053732097961609,0.5618997069903822,3377,137,1.2592103760914461,3.8920433287811096,10.793844,17.15355,-0.6281607678755069,-0.4252863436716776,11.866018,-20.409601
679838,0.5535153885496967,0.0912397574630114,0.14861448431300317,0.8091340036016476,0.5496329984356089,0.08687974560439522,0.1464303580865349,0.5616382500066756,3382,56,-2.6006804469814027,0.32285217927506726,-22.180761,-34.018097,-0.41064546629589105,-0.5488190689338325,19.060299,51.856724
680597,0.4959112527043594,-0.0835172550599734,0.019960724713120794,3.004193153228466,0.4959544374241243,-0.08254166805786803,0.13122550568293279,0.029806499696105538,3386,11,4.631932738415395,1.1672974652582226,26.750288,3.0273905,1.503674971054032,1.2607694706902288,-5.256095,-13.814628
680824,0.4273233393254523,0.23633934858285266,0.1385219695136597,-3.0515149284220104,0.42703535394475683,0.2359622334881488,0.13568547964309102,0.5613880641287569,3387,37,-8.703585150047177,-2.735323840719964,-47.043884,11.750426,-2.5788841509991838,-0.34117459358469554,-19.910418,37.380856
682457,0.38007371863426687,-0.23076182876378212,0.06499567738323625,0.4616303207654569,0.37938146820421315,-0.229191405598248,0.06161853681926416,0.561586161833796,3395,62,9.30912190978523,-3.061743779119668,64.49936,10.186209,-0.8232845204474282,-1.2384302685392308,-20.265623,-43.58227
682626,0.30288761817177756,-0.1235377097345416,0.02714605333900184,2.088818545957638,0.3047919635506311,-0.12687539876044568,0.026755736568159577,0.5615159761776815,3396,30,4.976304608466192,-2.9455192908326513,27.264202,-9.971916,2.8964497955048034,-0.8769751637822615,26.181765,-52.495796
682792,0.36987415062580453,0.07164399233166689,0.019960724713120815,1.2852827406087597,0.37180786859593234,0.07042578831595112,0.026115761696169387,0.10947837256509282,3396,196,-3.836819634976938,0.03762612982672536,-17.692688,-17.843967,0.43380033732374956,-4.004484691674206,43.461998,16.29414
683133,0.4022189564706479,-0.09052279090234097,0.24130881214333405,0.37264836723874695,0.396124125234014,-0.09301278704802966,0.2402910977109276,0.5614807196385969,3398,135,3.0076397004607442,2.749743462217341,13.226103,18.820148,-1.9635562886598261,-0.26128334044612017,11.985705,-22.984499
683364,0.4106434799916227,-0.04627105324313351,0.019960724713015115,-0.7785082972494726,0.39884259611854855,-0.04223755153364816,0.08798539152022261,0.017789017783328136,3399,165,2.3329134008133887,1.7064239453911592,5.8560557,-22.23876,-1.7004090228755198,0.2666697023860309,29.747566,-23.27
685035,0.43652639407662513,0.10143330922801237,0.020282877411770452,-0.9046920077504542,0.43509566098391245,0.10028259950264341,0.01898031026613864,0.561944594044572,3408,27,-3.9552842558449544,-0.9394047533272055,-20.13233,-25.005165,-0.38878515777668504,1.268262744019667,10.91711,40.847984
686122,0.34215351027186325,0.23293423314770748,0.0199607247131208,2.0289305320782107,0.3452244731953359,0.23822006830963896,0.038130325956024724,0.04862447722265906,3413,109,-8.209992454717774,-4.193306488332206,-46.796646,-5.228666,-1.7245903013861963,-1.6677695408610616,-11.366259,12.473461
687344,0.41673896031088753,0.22182255217394237,0.1713154690141458,-0.9014481047024696,0.4118176391736459,0.2277970602333824,0.17028412388624348,0.5613815205595007,3419,125,-8.59244186084338,-2.0058987185589547,-47.50929,13.847625,-2.887082789933019,0.8710426048581219,-21.233608,36.86556
687635,0.3266609828251213,-0.13884731409277007,0.01996072471312081,-0.6360000438516293,0.3355080579026275,-0.1427724848673052,0.09000479560114427,0.007684821279284879,3421,14,5.796273253989253,-1.6462388908649945,24.664764,-8.051253,-0.3378832589681198,-1.3553646227624983,14.054909,-51.81688
687657,0.3180564352681013,-0.13200509958065554,0.10085786384799228,-0.635816723569333,0.31710573312891527,-0.13290031729229823,0.09931682582530721,0.5614859368012138,3421,36,5.386700837711884,-1.4469683424310023,24.945145,-7.0035105,0.0853106124724005,-0.6288162743337831,23.727272,-52.003223
688478,0.4294628368699679,0.084660497068029,0.234074595297077,1.0028501211790966,0.4299280902828516,0.0847534752868414,0.23145900238375328,0.5618419389348446,3425,53,-4.781210776653131,2.7834596533485385,-6.94725,16.50057,-1.0404604023413377,0.12411185598078646,10.039771,14.1426325
690438,0.497444015409131,0.25497260334301464,0.01996066750954162,1.894175389280902,0.4424591262703002,0.029855266462355645,0.2498040143434961,0.002817508204762397,3435,3,-3.9069831277375298,5.381035258611302,-13.313765,35.520588,2.1665138883539288,0.0035168746164127122,-24.143204,57.2893
691113,0.3106592227088737,0.18219564166570024,0.01996072454741347,0.26195884243500445,0.30376878387839845,0.18250797980045527,0.038921810025713904,0.0723644383667213,3438,75,-6.6925830202848,-3.0919470970886596,-41.401382,-7.443258,2.691026016738612,-0.46137938295145936,18.88522,31.805128
691119,0.3106592227068952,0.18219564164484486,0.01996072471312079,0.26195884243500445,0.30414012664549667,0.17994377272261503,0.11184190719830508,0.06903877682540606,3438,81,-7.1894047956116465,-1.2747684095799507,-36.8724,-3.9291785,3.890254261988766,-0.08565868644213594,20.079834,32.427605
692092,0.43486741932584094,-0.012939098465796193,0.3176531974205741,-1.6033608622837154,0.4344996818441733,-0.015484716796365124,0.31548466427272487,0.5618971714968143,3443,49,-0.9663741288042986,4.633925633009852,4.8200154,16.787584,-0.5204020677340171,-0.7682352766084322,2.9907897,11.179832
692784,0.40019719836375744,0.039302918147567055,0.19627810801315532,0.2254303387306908,0.3946570426113615,0.03820573808417683,0.19650417526414454,0.5619147026953482,3446,138,-3.252515976567778,3.971146619500988,-3.710372,20.35329,0.04803627308702817,1.2431989061967945,17.123161,11.164763
693053,0.4280364696428391,-0.1919232062084201,0.019960724438452215,0.04142058218302563,0.4292167882494725,-0.06420192038777339,0.23355473626030815,0.006719787127603713,3448,5,2.7437301796924745,4.576938285264893,10.244166,34.047386,0.3778094830419702,-2.1207591636725462,-24.303814,-28.730104
693830,0.34291949732661714,0.04616006499447925,0.01996072471312081,-1.2442328264699776,0.3933507129572632,0.09780763213250705,0.17225614894241215,0.014963625755042542,3451,179,-5.487453549842401,2.339646623029116,-21.055883,20.523188,3.1394540678871787,-6.032024288584804,51.7383,6.5147405
694245,0.4568870739776673,-0.08764213341233176,0.019960724713120805,-0.3986584180807984,0.46087890955867755,-0.09278442266222396,0.08962748415761412,0.005015173295203278,3453,192,5.3843412841280855,0.22227903193919013,25.188782,1.7091736,0.9966795262163491,1.726208548999666,-3.7028039,-14.94506
697738,0.3679155491857638,0.29563750300761577,0.023356069692462927,1.255635692449816,0.3629970511420478,0.2973651121207159,0.02421586411253504,0.5616285403878655,3471,67,-8.573548185442588,-4.610265276174223,-64.1615,0.72286016,0.41297339671752065,2.2774565453078575,-24.996958,18.418768
698111,0.33770680630287303,0.0061064027610850296,0.1891081565875489,-1.8007136173769678,0.32661401789643923,0.008835095768958304,0.18987161220171317,0.5616886787033736,3473,38,-1.7358383759152562,3.7379324240962037,0.043269012,22.823269,-1.4843943916962508,0.9590531002684243,37.812286,-12.107489
698654,0.4984891010783174,-0.1472736220815255,0.019960724713120825,2.60188143689361,0.475629066555146,-0.05295398719483146,0.19443869513081896,0.05731548800900436,3475,179,2.909993970327975,3.9374280000155086,13.434595,8.139875,-0.7950162079083742,2.9812551251738224,-18.988783,-15.428867
699205,0.45464296955282146,0.23764753104474698,0.1381167014537989,0.09029229848818349,0.4494178495124179,0.23735410314715397,0.13523244495857537,0.5619259317978725,3478,127,-8.621191599678644,-2.9134307031634217,-47.06096,11.253964,-2.9699197444005856,1.272801060313172,-20.207094,35.42527
699219,0.4501606313890168,0.24271496848100668,0.15257914659340904,0.13040119556187174,0.44517474921026495,0.2418568949707897,0.1502455036481615,0.561948963422082,3478,141,-8.697504802391835,-2.642656922762512,-47.504204,11.832099,-3.271026850415096,1.9337677779892064,-20.520906,35.345573
699335,0.5258336025527756,-0.14906416540507578,0.16105306588301949,-1.4536586188860228,0.5267228054487779,-0.15454363650919464,0.15934430823987217,0.5616110504470684,3479,56,6.604751273284907,-0.2914901395611633,33.98172,1.8407736,-0.7369576052280526,0.10460273991053096,-26.833572,-3.8412917
699704,0.5353140300501569,-0.26094877484830037,0.01996072471312081,0.6560177616467544,0.5347456049403118,-0.25626249544905294,0.020169322165854237,0.23100446852161796,3481,23,8.636522757471512,-3.5172855000688177,61.624012,-15.7469425,-0.037734711356277276,0.10819859893864864,-40.050476,-0.5974532
699785,0.5272213796724757,0.0357688991676449,0.01996072471312084,0.616956206033764,0.5315090904089964,0.03219540212661778,0.10732623138549818,0.0379746608775071,3481,104,-0.36242476851747346,0.4227729112300114,-16.395306,-35.58095,-0.34992260818912185,3.9694125414713572,30.710903,48.353836
701722,0.5219770771262117,-0.035055596498261656,0.031671022742115224,-0.1093729392533805,0.516335274496261,-0.03444115506566039,0.027750066895723652,0.5617360128838992,3491,31,3.860025420425536,-0.5423613959780336,7.8175893,-41.643948,0.017241046360325585,-1.1896859187976798,5.021943,0.44724703
702307,0.3839095510059164,-0.015238371804971817,0.019960724713120815,-2.7779362898977755,0.3926926725603968,-0.017694301673148952,0.15429532056596043,0.04111400393448401,3494,13,-0.574380222750771,4.321285375157447,-0.96517456,0.10187586,-0.9187746674625699,0.4389794475691589,35.854347,-21.20463
702768,0.37724043720964073,-0.0029747211613530243,0.01995608098706784,2.775203303987254,0.3775064897142448,-0.0009000030203400675,0.02009166559135639,0.2323548602120761,3496,72,-0.719813436167204,0.5356947127268998,-1.7412395,-19.636007,-0.1203848466164923,1.467725698706547,34.514374,-14.491742
702971,0.45601816835339415,-0.1458979753860468,0.019960723952783557,1.6969354340767222,0.45360399455814976,-0.14627796572550716,0.01904308079828651,0.18230276742123164,3497,74,7.795535004548772,-1.9367738426740884,33.8969,-23.214888,0.6847447125855318,1.002922617423916,-18.345078,-22.020298
703405,0.37584043019511343,0.1864782958561269,0.019960724713120784,2.901304345138649,0.38661296600042044,0.18366305605087271,0.06653627457057174,0.039925417847214366,3499,106,-7.36170012187566,-3.0230687687329474,-40.33486,-11.655047,0.6975838472640908,0.16204270947023677,-5.7184825,30.953695
703780,0.3755890496710675,0.2205952554850938,0.019960724713119517,2.7584247208549075,0.3653269895688538,0.22350441264030557,0.08912575292209063,0.05054510524487681,3501,79,-8.570594727250294,-3.094458790036671,-42.468388,-1.3911786,-1.010735747737381,-0.5541703114906186,-10.6464,28.326681
705489,0.5275284576552685,-0.20015578042098284,0.01996072471312078,-0.9988382722372291,0.5344860391902434,-0.10998506177444729,0.16135253156351065,0.00796054651308532,3509,180,5.387562581159694,0.7962797392344655,29.727013,2.6863027,0.4632853209660196,-0.8651875589174366,-49.569126,2.2292826
706655,0.5671622527633556,-0.05017033359231891,0.15351664945851262,-0.9292939114167249,0.5653791472533045,-0.04717761103442505,0.14988363650810954,0.5618286766406335,3515,140,3.023071102208269,0.857493218367641,6.9636436,-31.781797,-0.6655056766604803,-0.9294025202851328,1.2759354,-0.56813776
707393,0.32352553033251824,0.09542611045082719,0.019960724692417327,-1.43547891264765,0.32116354202957664,0.10394501043828072,0.026331533649823186,0.1004849559875277,3519,74,-4.999125317325719,-1.3422831847915968,-24.960958,-14.257928,0.31339412969942043,-0.32240724447892727,38.28667,1.4833587
708222,0.4464791100296875,-0.1293044166613951,0.019960724713120805,-0.3816876263750958,0.45246460643683784,-0.13050687141443423,0.17081476814449878,0.033778364687380553,3523,99,5.385417948363603,1.391443223758495,31.485529,12.981908,2.1754304834239537,-0.021091644963353973,-17.668669,-24.878117
708628,0.4394873612694855,-0.10344131942242671,0.019960724713120808,-2.731669051656907,0.4417232029773391,-0.10717755753043617,0.09126245324930252,0.018233338934323325,3525,103,5.870662553113077,-0.2243982000370861,24.804438,0.43639252,0.8452445673016543,1.1509535504478579,11.488573,-29.40258
710383,0.3119710819317123,-0.20120381607367963,0.29762067643827045,-1.220492020084808,0.3106170000440036,-0.20123471762947823,0.2975371837499589,0.5620190724216487,3534,49,4.595666403037463,-0.07675165538969737,53.035553,27.064938,2.6323514670614174,1.6161770164950033,-4.4781837,-55.415154
710804,0.355901750488476,0.061464381803876124,0.022616027841617536,0.45102010553641,0.3532385831813717,0.0672997689576287,0.024702824666614276,0.5613454870111679,3536,68,-3.801139972182369,-0.1660982196572628,-17.699696,-16.473898,-0.2070439950246179,-3.073768110385699,42.17072,16.528437
712590,0.41681829766287337,-0.22249525870800618,0.2953428359465839,-2.155284111298305,0.4167072436350284,-0.22237627731435924,0.29005415296707787,0.5617379518823182,3545,45,6.462747967601373,-0.16205712947988082,50.87485,23.60001,-0.9283828795229127,-0.6692957425885833,-13.702547,-39.37319
712623,0.4288523872348488,-0.2545422380545148,0.019960724713120305,-2.219733370645619,0.41706050374796805,-0.25061735989017425,0.0781787017450411,0.07612581494408427,3545,78,9.833069936791489,-2.877638556661399,62.604683,-4.1589966,-0.9345555874013016,2.2971872609656425,-29.27168,-44.548344
713529,0.5499044459099292,-0.25430388183323854,0.019960724713120798,-3.1281205702258386,0.4808938676019855,-0.181911786623804,0.22055915778603538,0.042136149921736886,3549,180,6.305643320310041,1.0191596111188987,37.19749,10.991846,0.8571155019432218,0.7367157004392328,-46.465084,1.1625397
713873,0.4499053511347565,-0.2169917430731584,0.0628892620244014,-1.2339771492969454,0.4457234421586846,-0.21832929432854134,0.06022900998181932,0.5618513971608518,3551,122,9.976929749675657,-2.96041628879227,51.490044,-13.465645,-1.7130565147811496,1.1362415977265692,-43.562263,-26.94526
714210,0.41237369883181185,-0.2740667961315345,0.12781598046832154,-2.391293112176518,0.4052498193545333,-0.2663742097437963,0.12946721994856708,0.554053998304523,3553,57,8.787340758973393,-2.059480153280963,64.825195,15.081206,-1.2113839859160802,1.0906520799823827,-20.898865,-47.056137
714374,0.38538135912692245,0.29715707664880736,0.01996072471312081,2.336133881247938,0.3885034879011944,0.29540233436355046,0.06013676359286674,0.004790387372314367,3554,20,-8.920536614904897,-4.3042074099383205,-63.85416,-0.30139706,1.1327056589485622,2.2290542358900822,-27.22961,19.387575
714555,0.47362196977063314,-0.018895138793638855,0.02,2.7968397925693393,0.4250000036085502,3.896295943556989e-09,0.274999983953078,0.0,3555,0,-0.37610139765865974,15.70844891463301,-4.3987947,54.93933,-0.5656176146808061,0.883396593036203,19.85197,-2.8751369
714712,0.3402280675923379,0.15917661394647156,0.022642234317198875,2.767259093803596,0.3376143151428633,0.16026415423771545,0.023304833469404124,0.561614152885866,3555,157,-6.296108505335043,-2.9387761133485535,-32.618298,-11.935243,-1.4484167778012436,-0.2889360401063011,10.31498,28.486492
714861,0.3561782463200656,-0.1262220091143638,0.019960724713120777,2.410652163873827,0.36509557333600823,-0.12937555755484706,0.0762236997698062,0.0278325230579018,3556,105,5.9322009639732896,-1.582664866993079,24.277647,-11.147787,-5.356786384407804,-2.9871724701511053,14.523197,-46.495575
715522,0.5413236207440256,-0.05366466832957124,0.019960724678648754,-1.932088183680225,0.5374431128326371,-0.04595902230180318,0.04214407103515316,0.09033320250819737,3559,163,4.3981917398339405,-0.6402339368532723,9.260278,-41.73863,-0.43920133221378216,-1.3205859189680969,-0.9760391,-3.0158205
716764,0.5139016712505777,0.03741029279482395,0.01996072471312079,-1.4635185493624814,0.5144218176886437,0.03797563423288658,0.028016311486200485,0.07977470344553858,3565,199,-0.09968968343554549,-0.8798848819804121,-7.6617594,-37.530968,0.9668715028903642,2.1252487814318677,34.369705,50.04025
716848,0.5009795629947573,0.19745152320187645,0.019960724713120822,-0.6281958643917698,0.4885659664680511,0.18848287075299133,0.12918604322022517,0.011750580799046149,3566,82,-6.843943974021056,-1.7573591535101163,-48.751816,-18.02029,1.9230318926686598,0.8158837496273909,-12.877233,55.977623
718123,0.48645639640908034,-0.2203519698544189,0.03365260909265907,-2.1340022213639562,0.48324679549454036,-0.21831023033957006,0.031797371031722005,0.5619499927358876,3572,151,9.85486028006448,-3.240089880530773,53.513966,-17.685177,-1.5145265071290757,-1.69881645101,-46.640892,-21.938206
718512,0.48772642496770774,-0.15088190311053973,0.23255461312359615,0.9238059459347595,0.48978012321245307,-0.14818484283105274,0.2309601086791262,0.562062477321211,3574,138,5.270732717551835,1.372782883322262,21.042776,12.787922,-0.9449547916368146,1.493946031942839,-22.369967,-3.0426664
718801,0.41083360747838543,0.014671944233265248,0.01996072471312081,-2.285733212444819,0.40605817242368136,0.013749672337148387,0.01937007577648231,0.3738780401389352,3576,25,-1.0276077525629617,0.6356518539406512,-4.33259,-24.349598,-0.20303591681483918,0.435304021079797,31.671133,-0.6711846
719788,0.4234359615756832,-0.2257582488101092,0.019960724711801964,2.057539062238667,0.43525668351645247,-0.13494472005649327,0.18533052202661804,0.01754972929456188,3581,7,5.2420409900342255,1.724012073713554,32.013092,15.059823,-0.9001967463609096,0.31835285524706075,-29.39677,-30.33271
722294,0.4775125423900263,0.22528416131255993,0.01996072471312083,-0.5674136357058535,0.48188035828791254,0.22870696215329753,0.1302549084118891,0.0644538100270996,3593,101,-8.201236497235909,-2.669025671984431,-52.97127,-16.000927,-0.3065324714695024,0.2591100754194736,-20.145302,57.270702
722807,0.3268837558683841,-0.10656264825098984,0.01996072471312079,-0.44927280431945527,0.33632555766730216,-0.10239725172865513,0.17901629652229503,0.034524486136878384,3596,11,3.350005593256783,1.7712684147413453,34.176144,27.818598,1.366669235440824,-2.650965270983661,31.96191,-47.595886
723236,0.3849033483732055,0.2664544669162765,0.1369734135745232,-2.4440743177237803,0.38220144908521647,0.2693584395459546,0.13512239063198528,0.561349777145361,3598,38,-8.855797801481081,-2.741114232776291,-59.281887,8.8820505,0.5234349831560381,3.7734993915770163,-23.212656,22.823349
724218,0.4992745987729148,-0.20793313859812754,0.019960724713120815,2.9844238890072257,0.5033348132477422,-0.20462411560661978,0.11110710959212614,0.0046891708476073215,3603,15,8.752398842919774,-1.8796825316803378,46.002766,-17.29327,-0.3823012471748607,-1.8440860334141285,-50.490887,-20.08594
724816,0.3247411370608561,0.04954876419354102,0.019960724713120385,-2.7286017059978795,0.3370363901860418,0.04686972240175494,0.14085823084070634,0.009888714803122622,3606,10,-3.7352645094449053,3.016705035144048,-13.198471,22.990961,3.594179692820497,-3.1886180788603236,45.405857,4.3572574
725420,0.49203530487214325,0.19423952300797545,0.019960724713120794,0.32798835252863,0.4951226047388036,0.18064646480395855,0.11609827301210071,0.05044238935803204,3609,11,-6.641791178804307,-1.9027228060006447,-47.47169,-18.361311,2.7249871508610255,1.077139333806135,-12.279408,56.37149
726236,0.386631781914962,-0.2985695992372736,0.01996072471312081,-2.735806977613774,0.3949695783523827,-0.3003272996152512,0.025264609437052693,0.12779756614526203,3613,23,8.840565621444131,-3.4882019052578186,68.79621,-0.2844088,-0.7936047039548072,1.9960524339478658,-22.078299,-55.27841
726516,0.35085745563572734,0.034790394562405194,0.019960724713120825,-0.5381571463464295,0.3563762169653163,0.03052097124821443,0.09523471010879511,0.010026144300312699,3614,102,-2.760628001206341,2.4009224337393595,-6.3481927,-10.221149,3.01670317057773,-3.5644774292305774,51.62894,3.0475428
727344,0.38850419898229205,-0.2953569838584462,0.1320485926902746,-1.3531520339310483,0.38753725614933504,-0.29188771692007304,0.12863742882287565,0.5619235811917622,3618,126,8.452518459780578,-2.1212202380301837,66.20278,16.406748,-0.7957562923605831,-0.5378970949474782,-18.194458,-51.731823
727442,0.5194992814895947,0.13045719670353867,0.01996072471312081,-1.2495116145561762,0.5228655195516491,0.12785419763112862,0.023207499447819108,0.23015751790148606,3619,23,-3.322135865983909,-2.068338514453485,-33.733604,-33.82711,2.139761981187457,-1.388618398082197,9.750057,59.96113
728422,0.4369606553911586,-0.08838541852090401,0.019960724713120815,0.4567703117513355,0.4363956479012057,-0.09345103720349815,0.03137019363688304,0.07857378670345794,3623,199,5.434254991050499,-0.3188554931242302,24.994467,-23.757835,-0.34655434064320945,0.7680332037350986,12.426626,-29.418798
729856,0.45887618023312166,-0.16304328389188938,0.01996072471312081,-0.20115590994767563,0.45819842334813476,-0.16397387065834068,0.023578011011812783,0.1946016930959338,3631,25,8.403265320931173,-2.1935071954817404,35.570507,-22.736094,0.926039122239913,-0.9936091489434938,-22.895267,-22.299328
730461,0.4048396569879966,-0.14048535261853606,0.020382663842962636,2.0270961573052864,0.4055954873248144,-0.1419331303620729,0.017720718239467553,0.5602952028207053,3634,27,7.184981895339994,-2.2754444472496207,31.374546,-17.790512,0.1960467702329582,-0.49277626907425265,7.476235,-37.670906
731405,0.3653662193582638,-0.27948353455917235,0.019960724713119996,-2.8367679757298228,0.3554655480597594,-0.27358249250070654,0.09577895945850909,0.06438471557547207,3638,167,8.669385027386006,-2.633092930241346,67.89649,15.516453,-0.11574430273594898,0.3493395101221471,-19.303722,-57.58758
732695,0.46231792951978684,0.07732733454405578,0.3021570679003188,-2.0578858593526768,0.4636989131388159,0.08011652383136234,0.3012852100540453,0.5616608844189862,3645,50,-4.511228748371664,2.821879094893159,-7.237303,15.80215,-0.8580583502224335,-0.34885843771266867,5.8869905,11.949223
732758,0.5301789787785278,0.25160523685957026,0.019960724713120808,-2.3245392713924833,0.5295344045300976,0.25301517755671443,0.020841601307174162,0.2641772554426053,3645,113,-6.818788872888675,-5.174056922575895,-62.2575,-21.188925,-1.2342266069115633,-0.709881125396413,-51.982944,30.01325
732826,0.5385513179741556,0.25843524609341795,0.019960724713120822,-2.3167059970266255,0.48995873962837716,0.08182427878975923,0.248348190642274,0.009063141655742037,3645,181,-4.646539738798095,3.416092768143249,-18.797781,12.387936,-0.6093435791556117,-0.4567290808466874,-56.594913,27.097929
732846,0.3326647617043282,-0.24546922491511738,0.02,1.6501521654633478,0.42499999554900525,2.3167770601449574e-08,0.2749999889958823,0.0,3646,0,0.15791456582233512,15.147089139438881,-3.5303893,55.178078,4.221610639584622,0.9812244647092722,-10.926723,-65.771835
733048,0.5273705703828365,-0.2146423280112145,0.019948878065594082,-3.0604536145000805,0.4260137444988043,0.0027343054357455245,0.273806904114231,0.038424292758963925,3647,1,1.2928489985882972,14.200731823749594,-3.0580325,52.960724,0.09505025890818154,-1.1092504582278913,-49.400215,1.3990812
733242,0.511678847631376,0.14430933156611767,0.019960724713120787,2.687829777718918,0.5181029869912553,0.1435771992951585,0.09879115686887596,0.006689784532255536,3647,195,-4.996115310631049,-1.5887100312080151,-29.077154,-30.688122,4.219586650509172,-0.10303566499862649,10.897685,61.608284
733551,0.36593882160735586,0.1205271040294278,0.019960724713120822,2.973826052236256,0.37335178161249283,0.12128697469047939,0.11238938054220896,0.021079558439397055,3649,102,-5.969901758391911,0.14442757452962063,-25.234478,-3.4024694,-0.36053656060703615,0.23282720977672852,6.6273365,32.635967
733719,0.4511329687954604,0.28003495415556656,0.01994996990274259,1.5164583381691306,0.44947126639073115,0.27948860810116777,0.017555998636186204,0.5259052779946078,3650,69,-8.615480122311315,-5.452375943283276,-64.26114,-9.593586,-1.086839043260875,2.371496782265633,-37.31533,23.692629
734936,0.315945186791045,-0.24507040211798647,0.019960724713117686,0.956209777825062,0.31397254668749447,-0.23932052135195184,0.10935456985394867,0.06771214198302268,3656,80,7.6854966054488,-2.4249392297664234,62.606167,18.998638,4.788487064877996,0.7462116667014952,-7.9970865,-65.274025
735093,0.3318789432541216,-0.09332220691213437,0.1350327731315481,-2.5083754339110977,0.3308787838716304,-0.09206978410390386,0.13389821845851801,0.561914695759812,3657,36,3.683071923803322,0.7104942344545926,16.9581,-2.728514,0.0794052846946479,-1.9835024894093707,24.626644,-43.554794
735210,0.34950558205469373,-0.11243717534394494,0.03228082010245483,-1.746380597512855,0.3487903141682581,-0.11250055965746497,0.03530910461226716,0.5613575200921628,3657,153,5.141770430138956,-2.114198163278905,25.92871,-13.103961,-3.6586976766525083,-4.231466817958447,20.157963,-46.149544
735566,0.5142891528513878,0.1335480041812728,0.01996072471312081,2.5195589210650713,0.5223617095542772,0.1314818782496585,0.07928121393112661,0.11428307938757101,3659,107,-4.25076684222277,-1.7412697952839076,-30.54848,-31.810238,2.628631285832981,-1.4713150816192229,12.243272,61.69634
736131,0.5211787777752988,0.17065181720653821,0.020264450634112786,-0.0985126490974451,0.5219960397326661,0.17681637216937077,0.019590765763119772,0.5512279993405588,3662,69,-5.114106523038893,-3.3124395924643273,-40.2519,-30.466951,1.6256694168490522,0.2624650887557311,5.1687045,54.201084
736300,0.3545110277384568,-0.1376978753425039,0.16029344728175757,-2.2404430145277034,0.35672900427071386,-0.13474624767146046,0.16082073235211283,0.5612897595859262,3663,37,5.188699021462673,0.32797724956110663,39.027245,29.55494,-3.0127997569466918,-0.2220228728631946,19.000902,-44.25389
736721,0.5251107182340768,-0.0512063710466839,0.11418282684395255,-3.039994008214679,0.5249373805773404,-0.048168672866945636,0.11467201538679439,0.561941829161787,3665,56,3.5960033160244116,0.7523820800105362,7.822016,-32.61818,-0.597045982316388,0.05786238053450771,-0.39747357,-4.8569717
737087,0.45044428550340276,-0.1687543834686541,0.01996072471312081,2.7200429533253168,0.45913088203209224,-0.1711895459749414,0.03662504984813572,0.004553479148596987,3667,20,8.623987093047464,-2.1725995244380316,35.94563,-22.19721,0.974313809158294,-1.291186283629853,-22.888865,-23.46332
737893,0.48430026335116433,0.0941518950054811,0.01996072471312081,2.1430767326814952,0.486920874177143,0.09774435229474117,0.03324236238696246,0.004090473874034342,3671,22,-2.9219965547579703,-1.2132606298760673,-28.554483,-36.888977,-0.5390664773784102,-0.4242580495062459,22.304691,62.73152
738862,0.3273408954073509,-0.27159990828612723,0.019960724713120794,2.6898034145110166,0.3318483048897057,-0.27061612313069006,0.1666264492194179,0.03425754296647993,3675,187,7.266032013893349,-1.4206752327337577,59.774124,20.2801,2.997359421131359,-0.07229350449329805,-9.235933,-49.369804
738948,0.41572949340100596,0.12836479691331285,0.019958254860965086,-0.8063201928347937,0.41786744797586006,0.13333005358108233,0.020480537767689988,0.1840067075964758,3676,72,-5.241446362923607,-1.9935709560116015,-34.583164,-21.290829,-0.787612088858314,-0.3827135232553501,1.9215077,36.66893
740559,0.3322133411952885,0.2783446054415779,0.01996072456902347,1.4386163391832678,0.3243939769247339,0.2753447294377641,0.02561987913190064,0.1343253487776138,3684,75,-8.184897135698789,-4.230802465849467,-64.531044,2.716111,0.6190358275876966,0.80481093855083,-22.908499,13.446084
740690,0.43412122451810964,-0.20422511942449903,0.019960724438452215,-1.559768370998824,0.43700620714256244,-0.0687001248023901,0.23847791159254184,0.04451762797385477,3685,5,2.949031318867403,4.435872897976352,10.693348,34.056927,-0.4802703328540957,-1.0521123119359186,-28.168179,-28.815008
741498,0.48658632183307987,-0.25861141851495056,0.019960724713114487,2.9491995236017203,0.48696247583076074,-0.1755880918748543,0.15815394536796087,0.0417141438824073,3689,9,7.001788763006691,-0.0766620176904791,37.058792,7.669485,-1.5176739371849925,-4.268540271893636,-52.489475,-13.349018
741523,0.47926770910478056,-0.25576407027358183,0.07202729392049523,2.9403961086382693,0.4794246948990026,-0.2536585652482586,0.06737644476728258,0.5616961030012968,3689,34,10.139311182646482,-3.471610479037691,58.57549,-11.334339,-1.4952546450473492,-2.663539219615451,-43.663727,-14.466993
741746,0.3687071742925269,-0.27703891389217916,0.1720457528448346,1.1553885252349814,0.3670856978396868,-0.2808062987224715,0.17240054185659134,0.5619277974925296,3690,56,7.827565160759877,-1.536627757670408,60.611023,21.662992,-1.4445291127233197,0.20614863522764404,-16.824863,-49.986115
743369,0.39125630812402495,-0.07077905995031603,0.019957563327603026,0.15968488724490013,0.38883516626858206,-0.07626289649569232,0.019636982938153302,0.33536236014436743,3698,71,4.032551038412897,-0.2037711881779276,21.474556,-22.05193,-0.6251786641424556,-1.0059527142826508,19.684792,-34.93213
743861,0.4867385213561609,-0.10185381232786263,0.019959618461883145,0.7716977410500174,0.482998613190793,-0.10666708322230135,0.018389064836803415,0.31558516174586804,3700,161,6.677763348727504,-0.9884702940022241,34.692265,-30.595764,0.2432085974125897,1.8401476316973078,-7.9354625,-16.332933
744046,0.4041179546309976,0.08025629380646006,0.10544915522563658,-1.302061365094298,0.40319228053903583,0.08414156242815657,0.10675368129114396,0.5614446530726217,3701,145,-4.692893884393806,1.2461740933191132,-19.116276,-4.3956285,0.3235182983899387,0.3248110786100898,9.426711,17.580488
745188,0.49611474740518285,0.22241754246296147,0.01996072471312079,1.8819304551209772,0.48785636736390225,0.2225061778982093,0.1355435693250933,0.051308219594106606,3707,81,-7.763961152743886,-2.4589015915776247,-53.07681,-16.193995,-0.11686385316362663,0.8320844458963027,-19.308748,56.470215
745312,0.4615277018936201,0.1247445055917432,0.01996072074929776,-0.9461078839371713,0.43645598926088613,0.023706770077376736,0.2517674707256919,0.037545339448501955,3708,4,-3.5079449086718926,5.64865762583892,-12.599582,35.593838,0.7242068300070027,0.2865387934762601,6.627688,46.526497
745699,0.31596654257858414,-0.11721393291892108,0.019960724713120798,-0.42678173409788667,0.3203055054296871,-0.12387757748516459,0.09761403805304972,0.04437709380635428,3709,190,4.57421852827882,-1.0596685019236813,24.020544,-7.1010594,2.6107743388492164,-2.1705573045963322,31.183397,-49.222244
747680,0.48644367937516075,-0.2565247830639518,0.01996072459376862,0.6653177887144094,0.48322088549753883,-0.2568254752873157,0.01932616791796221,0.13863073798254041,3719,161,10.180892815297977,-4.002401787438029,59.2095,-16.21817,-2.491984872992691,-4.336587329639683,-47.786568,-14.174778
749543,0.3220071875248668,-0.06409396535839473,0.01996072471312081,1.9963145376146445,0.3257772265575672,-0.06534298891584849,0.09574953311195608,0.12310759797346099,3729,14,2.395322110794716,0.7102820045407942,13.546061,-2.8241553,5.252168360831837,-0.6664669601618464,35.098995,-43.841232
749708,0.3951442856216411,0.1365041981994051,0.019960724713120794,2.695203871482365,0.3699412176612608,0.20157172515466174,0.2292391830358945,0.03733005941200317,3729,179,-7.996938227567093,0.026995907474466035,-34.700493,18.500416,-1.1866800606017733,-0.5480775048304377,-0.3732128,34.523777
750200,0.4273237379379195,0.1766631697509821,0.02827800445169728,-0.013701580537170192,0.42748770525428825,0.17895527601045386,0.028345605295602816,0.5614536833915795,3732,68,-6.576092771440652,-3.4884604230368783,-39.895683,-23.326448,0.7804765163278828,0.03714742390442645,-4.7874403,48.408257
750655,0.30383790840425506,-0.22188240061939596,0.11917870350011367,-1.6316850894216266,0.3019416539294172,-0.22159954378471797,0.11770146940352078,0.5613031867692592,3734,121,7.1088053184818145,-2.235382080625686,61.24139,18.6503,2.472422706252533,1.9944869150246933,-4.0639014,-58.035656
751772,0.42400526575705483,-0.06385451353827672,0.04394123754636635,-2.9247342820808204,0.4232626009410567,-0.06078174291548756,0.04185308300459342,0.5622089213724316,3740,32,3.8509527610746495,0.5825775433259582,21.860119,-24.582611,0.3779011352040242,-0.40631296753734736,16.6242,-19.619726
752263,0.48912261417432884,-0.2624784815818605,0.06737819543822884,1.8711475535217368,0.48772843462721543,-0.2626590066436332,0.06292297312472331,0.5614951325633389,3742,121,10.006343397512593,-3.559714954292599,59.097927,-11.563638,-2.234522068310862,-3.4358922467863398,-46.337093,-13.352355
753487,0.4284356603744524,-0.266898445112762,0.2642066815999474,-0.8468151984160374,0.4240734806046622,-0.26206534896101746,0.26106468863201704,0.5619660618841334,3748,139,7.153601011172236,-0.6424077667274871,52.553707,21.223667,-0.4905960502358178,-0.5950465152915424,-13.973806,-38.26221
754283,0.5518732173558878,0.1378530300787917,0.23212567058531494,-0.8370633018364163,0.5483096602527548,0.14135738567822115,0.23166899750145895,0.5614328980613662,3752,131,-4.934305103360931,0.21799273977746686,-41.460342,18.144833,0.7525745270090962,-0.6486204210336296,-11.333171,46.292107
754504,0.34492196424493715,-0.09924159123739232,0.05170548804544669,-3.035420935822244,0.33977799333449604,-0.0999406495044254,0.05286998617023461,0.5614504930797518,3753,151,4.437760534959408,-1.5809626911849946,19.641933,-13.455697,-1.2312709387806007,-3.9551849217061483,21.189026,-46.441536
756538,0.5368456443493289,-0.24155847873762176,0.01996072471312083,0.3610637073700257,0.5009427175022917,-0.11793242701336347,0.19310206256486404,0.04750399876299164,3763,175,5.140572012249924,1.7053404580118028,30.131462,7.8735433,0.676179415914429,-0.21963579077484968,-47.62689,1.325791
756955,0.41655703387046267,0.041888951219437504,0.019960724713120815,-1.71171758191286,0.417536968348158,0.04047998605288814,0.07416685559182501,0.050135499667295566,3765,190,-2.366762377340397,1.613004781069217,-10.37631,-21.87664,-0.7338277065067803,-3.368741615629134,31.83231,5.070969
758034,0.527614357551697,-0.25796372832051706,0.047759394776465014,-2.182955187773291,0.5233531495516007,-0.2549607537602001,0.04898839124225718,0.5619223529846901,3771,63,9.517774498759197,-3.5984177503644474,60.30517,-15.091156,-1.286298646686166,-1.7216679221912625,-40.077736,-3.93319
758194,0.48380925836903116,0.06411557879780211,0.019960724713120808,-1.800740527029696,0.485289649807912,0.06281560013731637,0.021445665822026616,0.15600756344600822,3772,22,-1.6261432593672553,-0.6803073522976831,-10.8950205,-35.160793,0.7813120112284563,0.4576470655589983,33.814224,54.01361
759812,0.3012572405353583,-0.12484520587442023,0.04647843682992755,3.0690019358277465,0.30110535367063546,-0.125482403053129,0.04528398232056882,0.5538929177301981,3780,32,5.085246170721298,-2.7759050321753334,26.63683,-9.128563,2.7311716523215424,-0.7238862713730555,25.849083,-52.458504
759850,0.44579197650636043,-0.10107578023522742,0.01980053969087642,-0.5067866357237962,0.44578208991442425,-0.10128687444676186,0.022080200342531636,0.5552908652637337,3780,70,5.978941199590854,-0.6432518470994688,26.27869,-24.08337,0.8535957149621962,0.8251862755540686,8.878321,-30.493767
761540,0.41298008326728547,0.14194916494362492,0.030334104210545852,-0.9358922519106814,0.4136482869864124,0.14235965148521354,0.030987036622498715,0.561614149298787,3788,152,-5.678674546881586,-2.2999948582784002,-35.174538,-20.804235,-0.9656742669005265,-0.13037525302704617,1.5681014,36.986195
761724,0.503304681175785,0.06251649011053752,0.2247545185243845,2.396253763932022,0.5010865259473374,0.05999307286495262,0.22617136167368845,0.5614318678251583,3789,135,-3.0309355220948473,3.042029386480951,-3.4163158,12.017274,-0.10018414917962132,0.2606431521067368,5.4114623,10.001018
761734,0.454616749805849,-0.00916770496098682,0.14837264967896216,2.353848739715127,0.4528604938999341,-0.011256613129714686,0.15009710894162148,0.5618658586819238,3789,145,0.039480227921353736,3.5003560431844036,1.2377325,-1.8743777,-0.5019453898878377,0.8421702928343964,11.844882,-2.5062976
762241,0.5090259777886312,0.15282882932968825,0.2997001598035402,1.3172020382129415,0.5086510330742647,0.15258208443874335,0.305580269770374,0.5619404816426813,3792,49,-5.881384601800694,0.41496271176015687,-43.528194,19.72034,0.8719639097397972,-0.09169529160139794,-11.864897,48.53082
763147,0.4916649142512233,-0.011512371689262139,0.05616952715404661,-2.90780436797386,0.49149788924185983,-0.010290757018683462,0.05837221086230285,0.5613506893705794,3796,151,1.7804159389579037,0.311844108526437,1.5629405,-35.542076,-0.8505891750309825,0.6828803413250978,16.561619,-0.81643695
763379,0.3749125631561954,-0.0448012659974911,0.019960724713120798,-2.2296561774955648,0.3866962700609102,0.027683484071818403,0.19836231780577201,0.008662377432445807,3797,182,-2.2567533311245085,5.10770568911996,-1.8768159,32.547947,-1.9054287055456374,0.7476586389543723,32.587433,-26.160927
763435,0.3705361396322847,-0.09721868900596574,0.13597732797276743,-0.5149463486226087,0.3703747973206881,-0.09682880565951513,0.13310179444399997,0.5614080663365283,3798,37,4.362194665660454,0.9230995877646778,17.305403,-4.4988046,-2.3503715004989205,-1.3466729733334237,19.24032,-38.718605
763626,0.539851735697559,0.27437784040176494,0.020030010243829686,0.16606106822192324,0.5403153912594031,0.27155556264863406,0.016118452476985817,0.5411605701205598,3799,27,-6.38854947297906,-5.222288548732832,-63.34446,-19.265926,-0.9063284560984225,-1.6032182524676144,-54.115753,24.245087
764284,0.4287569179500274,0.030615471783236318,0.0199607247131208,-0.1969420789617777,0.42798338283092524,0.01649498569966632,0.1567687779042146,0.06025435653741752,3802,82,-1.8947842676058184,4.428135507304829,-10.112205,2.3761547,-2.0286667944393186,-3.9220916308190987,29.307438,3.0803647
764329,0.40567692037945136,0.01192900862248678,0.1899509272729893,-0.2026362018919101,0.4060125972079818,0.013774030391547419,0.1903697979122171,0.5614718486141448,3802,127,-1.8286909948756385,4.462719050204025,-0.41875514,17.311321,-0.6082399342208461,0.5052313824774821,11.774835,9.553713
764977,0.5157682576857668,0.21883867301227988,0.01996072471312082,-2.5591635485758797,0.5183228395344355,0.15237271833736482,0.16847610251566666,0.020716910150280567,3805,172,-5.760610868393073,-0.11454802991674894,-30.30888,6.505321,-1.4193679014433334,0.2652619874362556,-18.194456,55.749397
766493,0.31641956586917563,-0.18257792306719528,0.019960724713120746,1.8847988845771704,0.308061151083229,-0.1752087564248656,0.10442678246833953,0.05898883248057233,3813,80,6.4162486855819285,-2.006762193989736,57.50308,12.745332,4.0536064289168285,0.40528212926507623,7.9787836,-62.824726
767514,0.5282827339598772,-0.2366590057365913,0.019960724713120808,-2.022325574365826,0.533630383787368,-0.2160202984563002,0.17652284006145072,0.007909686070644914,3818,96,7.705001900485037,-0.8298237548819031,45.412647,0.88601756,0.3735639538348864,-1.7772458145336825,-48.895607,0.35894877
768484,0.5300704755459218,-0.21643085622463146,0.09809759355399839,-2.0466141072255697,0.5314128676293961,-0.21822529969056548,0.09462177880459202,0.4013345287931026,3823,61,8.94299839035309,-2.609608065256421,45.730907,-18.947231,0.22049247646488707,-1.3471439919591497,-33.692547,0.32032523
768735,0.4908290447134025,-0.09466546949823293,0.019960724713120846,-2.539502421716594,0.4956305594181496,-0.09599094484513235,0.023269511082302463,0.30432371231032507,3824,111,6.355978440224229,-0.7356518236789913,34.82569,-32.7926,-9.529458411014491e-05,-0.26487438788813294,-6.9388914,-13.931488
770060,0.3937564989393168,0.2879386960897411,0.027247548006904865,-2.9534279131231416,0.3906492697054411,0.2873606598607929,0.026985085845744106,0.5619347483043285,3831,29,-8.932591162855415,-4.91483027029964,-63.98401,-3.370854,0.101675652022209,5.012742215117396,-25.699028,20.933996
770087,0.4234880186139232,0.07304821218015224,0.15556979696780304,-2.804057051249309,0.41595410485810147,0.07040451524822292,0.1557362277359362,0.5617955609686786,3831,56,-4.321629480876308,2.5850412787733466,-17.980272,-2.6621864,-0.6911845028170259,1.9718145679242904,31.082067,16.844845
770427,0.35925426698189844,0.044595288205973374,0.01996072471312078,3.0351151373375367,0.36612040064379964,0.045330600883643164,0.04189854245891708,0.017734038767041427,3832,195,-2.9295999600584723,0.6873944931596436,-11.745353,-16.112072,1.911191755126735,-3.252480454271631,48.913044,6.066415
771575,0.43781639550396395,-0.2601510402741725,0.26865809740856167,-1.8112251145761624,0.43031868155979286,-0.2582185236190646,0.2668327795534197,0.5619175973115292,3838,137,7.140030272287939,-0.5761519775445773,52.32286,21.227724,-0.840346095577867,0.3306894467628561,-14.578271,-38.908104
773091,0.39500834257033957,-0.02267455540604596,0.2992327383387148,1.3366152720958808,0.396811157482922,-0.013063869592758598,0.2998601518132096,0.5614149804873014,3846,45,-1.0310033055726204,4.461235811970357,5.7869105,17.964886,-0.9037452025690222,-0.6986261019516182,3.4569817,11.546998
773558,0.3199774706535298,0.010057625020292353,0.019960724713120805,1.2117081623638255,0.3188109347072694,0.009150095013073475,0.02114693028085854,0.1953779241439385,3848,110,-1.417668299340665,0.07324069526275678,-1.9177413,-14.187832,1.1633415875147142,0.4890942797103226,47.756264,-16.424566
774877,0.5383380014969279,0.05858970965293525,0.01996072471312081,2.577350619111354,0.5403980503534777,0.05960226051422292,0.030908092283619987,0.03563358566074359,3855,22,-0.5196910082654971,-1.4927597668800003,-10.0557375,-37.92412,-0.6915000999417296,2.753033318103511,27.141932,49.487316
775682,0.3445309708604038,-0.06978000944100536,0.01996072471312081,-1.7410877022298206,0.3474310487971282,-0.0746126379923163,0.029408039325643065,0.03207201287998439,3859,23,3.4119959622433487,-0.9158895249250124,15.922024,-16.268726,0.14448352070816112,-2.657977342844283,28.872887,-37.381084
775814,0.33662292596984067,0.21700898274727817,0.019843577129754774,-1.4094770645949048,0.33101544940353,0.2166742901789762,0.020368218605732263,0.5299173150707046,3859,155,-7.561921420704203,-4.014464264848983,-45.013325,-6.730171,-1.0399166714157029,-0.5521120395794625,-14.875199,10.289582
776731,0.35484152200462465,-0.06485947621445623,0.030263397837117574,2.8274325145717647,0.35329228963640885,-0.06434552929862647,0.024851227162653616,0.5620748286087643,3864,67,2.843576822391804,-0.49603105131093395,15.209675,-16.661024,-0.7711097609888728,-1.8090463499642226,29.113749,-36.997013
777678,0.4981682005500871,0.14722458485734136,0.019960724713114487,-1.578257761433654,0.48820760113739986,0.10826241196644072,0.1831581612652558,0.11402182696034509,3869,9,-5.020175323555304,1.8088964816368929,-26.20229,10.299742,5.174766431860107,1.0627264595835348,1.0300857,60.19427
778417,0.521892770764931,0.26044026614778576,0.1002920149559862,-0.7893346829378319,0.5189250316131042,0.25747505661552467,0.09912752498993921,0.5617603449095467,3872,145,-7.639563897415702,-4.117324851186975,-57.724922,-16.672293,-0.37550671641070665,-0.29022896441706675,-48.566364,30.285784
778486,0.3265140846747983,-0.2231783757269854,0.019960724713120808,2.0063576302690427,0.3366154769299154,-0.218106659268413,0.12439319022413572,0.014912834133565865,3873,13,7.355408973052833,-1.8660238699830445,58.972492,15.640629,4.600370366057402,1.1927143597916905,-5.4189396,-65.24694
778670,0.33446979266220717,-0.11580807344750413,0.01996072471312083,2.6144768161738936,0.3400645382314566,-0.1214916023596039,0.03621512702828572,0.06285209654073089,3873,197,5.365684837581413,-2.461259631582483,26.44999,-12.188774,-2.4108095726053005,-3.563945831943185,18.708994,-47.938046
778901,0.3605793318885887,-0.034881481900718526,0.01996072471312081,2.664225810950934,0.3587951915750792,-0.0336040664553441,0.020431634826619888,0.3831727029696917,3875,26,0.9790435666318487,0.15138582756255292,4.9522862,-16.37434,-0.7352578354625645,0.9046155420800195,22.307917,-20.38682
779014,0.5084665172698473,-0.25666267364744677,0.3040421625619397,2.5305015207807724,0.5079787141056665,-0.25748119003958814,0.30283015381404277,0.5615441916262431,3875,139,6.672434956029987,-0.3775582461013546,49.532867,5.944881,-0.14748870758283594,-1.62641260936291,-38.653996,-14.099619
779286,0.31779700937916583,-0.19647505144912963,0.019960724713114487,1.849051457602359,0.347964436317622,-0.15189201579247502,0.19199047443850503,0.055130492013817124,3877,9,5.064362378791572,0.7964470367830744,36.347237,24.390749,4.808232935538378,0.8767130501098295,6.4612937,-63.053
780590,0.43901565017230654,0.02097994963242273,0.01996072471312078,-0.7594740279781076,0.4486671264636563,0.023311799857884844,0.06627112400390922,0.017266218232059694,3883,107,-1.0795571053994226,1.206689634795974,-7.80314,-24.580452,-2.5982916357730237,-2.779906980072922,27.129076,2.8191676
781126,0.5217787711141759,-0.2867510125415153,0.1901723038690085,2.5145719094447307,0.5179183438355999,-0.28396858102611755,0.18672118764650497,0.5619193251466282,3886,40,7.660647514043169,-1.5082263543698349,50.34064,2.4549212,-0.4490789774721519,-0.5265262636418988,-40.765285,-6.477458
781462,0.388290246919244,-0.23298499529385394,0.019960724713120815,-1.175848123024058,0.42546318868223576,-0.10332486331621808,0.25855911002345433,0.014582037717696845,3887,175,3.890142807295584,3.2296462898956464,28.907001,21.754473,0.028744586231542205,-0.13688411260148856,-19.70493,-65.37368
781558,0.4002374737255943,0.15880928181144832,0.019919146068629393,-2.0123319967723963,0.39938637027386287,0.16072957260153864,0.01813240134772534,0.41130542945234305,3888,70,-6.1436854863725605,-2.9149259897778625,-36.142017,-17.907854,-0.22189136873421422,-0.15918852481347862,-1.5337892,37.88463
781874,0.47138215063106054,0.07072281151540362,0.019960724713120808,1.9942906045115618,0.4713055294401067,0.06890449512767499,0.1442419585352351,0.01522253341689044,3889,185,-3.5687704674760874,2.3014840527036022,-14.7446575,2.4165854,-0.17411373498547322,1.2741771093555603,25.959997,22.93859
785149,0.46000129444495463,-0.08989601625689744,0.22740408193765543,1.6230371725292114,0.4519927835445312,-0.09036125209599515,0.22334378023769286,0.5614477326506413,3906,43,3.597696356007735,2.7620512206788135,16.002934,14.451675,-0.01594501848738955,2.385727557547782,4.660832,-21.03717
785163,0.3259392932647889,0.062488611567206795,0.1480559966392436,1.6433516899179597,0.3190236096080428,0.06189847899003676,0.14236942816384696,0.5620028463687402,3906,57,-4.11597384200213,2.1678111260468054,-11.661879,22.409561,-0.34690653223489765,0.5394633308725474,35.72505,22.82337
785629,0.5329655601860794,-0.1943565403446101,0.11844885955316622,0.26878772232002346,0.5284964521094081,-0.19535246795997646,0.11453006356287207,0.561517410533085,3908,121,8.358734798135226,-1.9892954172995019,44.80569,-18.238968,0.37928084573603005,0.6876702342327883,-32.92586,-2.5723372
785728,0.30017664974334773,0.07634967838443932,0.01996072471312081,1.660159872185641,0.31055206864053875,0.07561461555184136,0.05314780332064828,0.01766737821031818,3909,19,-4.1359241653993735,-0.21167786227628488,-17.858068,-12.870525,2.4390713045393104,-0.6752844739496512,41.74628,5.206505
786014,0.30718613473370826,0.2743709359065808,0.019960724713120822,-2.763963902358063,0.31484142253312863,0.2789660855132814,0.10561811619687225,0.012042205684296297,3910,104,-8.144075089317768,-2.6157604517603312,-61.512756,14.991999,2.4760204665814007,-0.6710951639177022,-24.754187,11.189728
786335,0.5258313349224941,0.14619399498047642,0.01996072471312081,-0.9681755608798988,0.5228163639807716,0.14733665917785926,0.02733539652889741,0.09540615230576897,3912,23,-4.2652734026394885,-2.4403975340359625,-35.611744,-32.628754,3.383284847101447,-0.7079580201210363,8.840922,60.158436
788488,0.5434302516747623,0.17369555383254243,0.01996072471312082,1.8666310296875261,0.53418784278136,0.17340139019155054,0.08011171149056742,0.06591142121192536,3922,166,-5.2212590193512165,-2.820346930876302,-42.172623,-31.198889,0.18746239424812744,-1.7054070279038467,8.951471,55.06427
791067,0.5725179357115752,-0.12592389055159883,0.2761395140378455,1.767829853891364,0.5716422408374876,-0.1218845598450846,0.2781628614001129,0.561360598159691,3935,132,4.037696227466793,1.5612514600848404,21.066494,9.947695,-0.02374730938119035,-0.6900635458445479,-29.629421,-4.8291993
791142,0.3115698049831914,-0.09319435467972811,0.01996072469408796,1.882198646371037,0.38193564134028923,-0.04416407484750053,0.20681085889363965,0.038810496785290895,3936,6,1.0188469642946727,4.4653958202301895,6.510981,31.137524,5.3453271612788384,-1.4670592060841456,33.60916,-46.672916
791407,0.42815620608328303,-0.12596561122782893,0.019178297717353233,2.752522826405585,0.4247668272552953,-0.13504924820794809,0.0195428010421122,0.4847515678595947,3937,70,7.075187267150735,-1.8388714478985708,31.466812,-21.773333,1.3574498887761977,-0.486062282276465,5.527367,-31.999956
791748,0.48784511256230434,-0.15661550079895162,0.01996072471311449,-0.5990980033598039,0.48557138218088053,-0.1318482015654312,0.1894834456911923,0.033100650624569225,3939,9,5.39866044746136,1.5964930546390708,30.907526,9.271068,-0.3589327401333313,2.0514653470104074,-20.000486,-16.659008
791828,0.5380600299007062,0.2603784854178635,0.019960724713120798,-0.9599578135765899,0.49999899209969684,0.1778819914540088,0.1739713939504122,0.020222163628687093,3939,89,-6.672743189623541,-0.5437474506763147,-32.69344,7.719416,-0.5977031087438474,-0.5789904691585923,-56.360905,26.833532
791941,0.32475442904912133,-0.19863619829371604,0.019948878065594085,-0.7444907172376392,0.42468097127644877,0.0017118745770672225,0.2741647293634222,0.0014260795654290675,3940,1,0.229274026600188,16.34044407970946,-3.7714553,53.51565,4.382050376055693,0.801666495475561,5.519371,-62.59327
792375,0.311164973670203,-0.2721061731988686,0.08224617711286793,0.9186435914764064,0.31070293243282654,-0.272581268797225,0.08144285276863536,0.5615132206199988,3942,33,7.65925365789241,-2.929946026148102,64.74653,20.1248,0.6527651316755487,0.426228102893829,-9.295354,-55.429245
793119,0.40703767264733626,0.016353964297781104,0.0199607247131208,0.9593007201862292,0.3948554967965344,0.10102557096249155,0.19938023617505515,0.011336607447535521,3945,174,-5.439513818939175,2.9259300546999163,-22.476652,20.423733,0.22710031651651325,-3.0088469180402675,32.066826,1.4506649
793367,0.44342991214901883,0.0014518088731544391,0.019960724713120808,-1.3668557414562974,0.4521153357720179,-0.001125096968783343,0.048774335342178954,0.004609465803643257,3947,20,0.527895874007108,0.8196441977492588,-2.1218996,-28.00609,-2.164310877496695,-0.9367947596546883,20.629763,2.4519653
794031,0.32502332396583755,-0.09332654741374295,0.019960724713119046,2.7497152832014846,0.31284432976422966,-0.08729612254963746,0.12123651595989257,0.06249990256313355,3950,81,3.4026534250460463,0.5950466401471065,16.880003,-2.018818,2.6131591096511237,-2.680488633414632,32.26846,-46.425777
795829,0.5319192528991502,0.22812734874254686,0.020000184765406756,-0.7046474497704697,0.5386828609788631,0.23619484886987782,0.018577825277094173,0.537905437638023,3959,70,-6.399046974190344,-4.825344266958309,-61.89621,-22.978876,-2.337540234685604,-0.6475603815376251,-52.414845,30.856762
796545,0.546666113199257,-0.10723543402800323,0.019960724713120822,0.7134338372412581,0.5249132502145456,-0.13776642203314954,0.17648508633917923,0.05784690980579676,3962,183,5.849059204996349,0.7147993365097316,31.236275,5.845515,-0.7988661757822153,0.6003290104844962,-10.329948,-1.6657857
796598,0.447277010104781,-0.24001930015686496,0.0992199393366268,-1.5422699134703566,0.44277203085146866,-0.2399837329054007,0.09677459067725405,0.5615468099346186,3963,35,9.636668579906475,-2.5867272482437436,51.44481,-1.8004773,-1.580249089290789,0.8505530484879493,-43.08382,-25.916866
797046,0.35353231749335884,0.11288189330497855,0.019960724713120555,1.6016080551712875,0.3451437781877949,0.09422863229597477,0.13812718930761292,0.023301103935291365,3965,81,-5.502766667715812,1.9307577446366433,-20.428871,22.876156,-1.0916221282156278,0.9517222238233874,46.42249,22.109606
798029,0.5272644340992669,0.07460120778780778,0.12512906817067196,0.06553624635865044,0.5270475509602391,0.07999796588962897,0.12421460640003537,0.5614416318196469,3970,59,-2.4887078979034207,0.35730971715976667,-21.471786,-34.355145,0.07634518334130179,-1.2915892366734079,5.5509663,19.494236
799840,0.35711041442507874,0.0906828641334529,0.08089577077035566,-0.5611489943730433,0.36031168776565226,0.08879578989155112,0.07973619992391132,0.5614008175716333,3979,61,-4.911011320102885,0.2596505152631886,-20.610247,-13.748216,-1.9246791097518197,1.3913751354696602,40.862804,21.993908
800307,0.39710647539761046,-0.1603856794735778,0.09772763264980823,-0.25652800780573015,0.39248942939958725,-0.15897000051671453,0.09588013735313689,0.5617622754364634,3981,126,7.519397365266974,-1.519287792503297,37.296085,-9.673184,-1.0894787925530185,0.31225754510682574,3.3628669,-45.262535
800901,0.4168216412461162,0.29496361010004085,0.019907644126181928,2.044673833238102,0.41113006228146937,0.29206326014057543,0.01862322737783148,0.5611928024782598,3984,117,-8.824243660288174,-5.139403249024363,-64.3068,-5.261386,-0.20183157684576936,4.1841814101804875,-32.54481,22.062963
802740,0.5175055053981523,0.024119477978258422,0.11952722504423562,-1.6271227021282184,0.5177351441792698,0.024294713237489128,0.11775688198770848,0.5614612662596851,3993,147,-0.20019386987422932,0.9865640348653418,-16.193092,-34.754295,0.7548537667756167,-0.030795603503343247,6.330621,6.639756
804541,0.34432336935962576,0.25291067041821996,0.26354953579049345,-1.161665619292966,0.34404725079591025,0.2535513865176779,0.26627379124635775,0.5617616966776969,4002,139,-8.115494501547952,-1.162822447145274,-56.906094,18.203234,-0.529160774584051,-0.011664174206736487,-8.836202,17.497116
804823,0.4127922772932972,0.09393163640986885,0.01996072471312081,2.17207496143292,0.41949483794044595,0.0912327550436862,0.052840656164202304,0.024467101343506208,4004,19,-4.1778079536196735,-0.2443829020863504,-18.332151,-24.235775,0.7187177208875899,0.9830767195303803,11.34213,18.49287
805318,0.48539146360174557,-0.005409522579374013,0.01996072471312081,-1.794446331904012,0.4852891475502614,-0.0014914672068048842,0.021047487170758883,0.38177279846220435,4006,112,1.4382837557369428,-0.15620694431084528,1.4841572,-37.3662,-1.0650221694958417,-0.6455934778661129,12.479791,0.680172
807124,0.3933223265327558,0.004117883401754273,0.019960724713120798,-1.719062473952747,0.39553762715883345,0.002450605650108769,0.033178875642353306,0.04452578232084325,4015,109,-0.8202087031688274,0.7605350874463145,-2.3979151,-20.304422,0.7291360277615947,0.8553461829167079,35.00485,-15.51229
807188,0.3980904229297913,0.0037915809128614896,0.0199607247131208,-1.6945300810820139,0.37820002698958993,-0.05788654756231783,0.20343705123439895,0.060964980666954834,4015,173,1.1338013282673374,4.201505155463017,9.330325,29.498158,0.25683416294140277,-0.6463236841330695,34.635506,-19.000986
807866,0.40181451818312447,0.043694315496744504,0.32194275196454886,-0.7830622342463883,0.39465410831123715,0.049975839530839436,0.32247618189020144,0.5612947631526541,4019,47,-3.9009439221242954,3.5190336558478896,-5.798297,18.812279,-0.21002494840467906,0.7616674538404387,13.209593,12.213899
809316,0.37240921975852326,0.05831400457606398,0.019960724713120794,-1.2600110208104285,0.5178412587036024,0.10275798488918364,0.24815269396616238,0.03261572140694,4026,90,-4.507295556529042,2.369243362405117,-25.148293,9.40521,1.5973758464012646,-6.965974531258912,47.883507,10.929529
810276,0.3789695111360322,-0.16498322020962322,0.2550724014384939,1.0715471185395016,0.3798575146707684,-0.16290050085766686,0.25518361071433926,0.5613513657287907,4031,45,5.278687005851058,0.7047238760384793,48.552208,26.71544,-0.3294968246461586,-0.14653744437356936,-5.3949423,-26.590425
811984,0.4665029056456444,0.12551722136734633,0.11039652175210747,1.570901433095744,0.4667404097494666,0.12487521158991134,0.10862415507135634,0.5617569435493094,4039,145,-5.122782611855451,-0.44641293796878984,-25.192022,-28.58327,-1.7260527214604375,-0.5732648273038919,10.192209,45.514942
813270,0.34737479477569866,-0.022936261427592815,0.019960724713120808,2.9900060005415585,0.34629297779612045,-0.02616953193737863,0.027237273077567875,0.10950006278038317,4046,24,0.4265589277756115,0.24614608025592166,4.3821487,-15.409348,-0.8108167625015149,1.6409420568434767,41.198086,-22.027275
814667,0.4853098885049903,0.1421736312429639,0.019960724713120808,0.09156544607251926,0.4952722678056272,0.13767340688034846,0.12662618927365907,0.05258339391432635,4053,14,-5.360546183392896,-0.4865158913816013,-29.28868,4.464668,4.166466178712618,0.7455582335016026,-0.20070542,60.139122
815984,0.4655575554502324,0.03197575039714133,0.13581605027858942,0.421697361853181,0.46269382955545413,0.03766509259856029,0.1331208174865998,0.5613570492082486,4059,125,-1.6013829719968096,2.487252913882633,-10.732308,-2.174123,-0.9637732212649733,-0.7391792978521197,20.340574,7.914751
816520,0.4639702106206541,-0.08267938681553628,0.13683331650292255,-0.989667868558505,0.46440929351074567,-0.0825502102011252,0.13840884231863107,0.5614170636523688,4062,58,4.124084549129267,1.6239407977451767,13.167626,-8.503074,0.5213782730004457,1.8603558627136911,5.450251,-19.073128
816585,0.44891849517379256,-0.06631184224219834,0.13520289510518088,-1.0074960669142763,0.4452504296788052,-0.06835602656534259,0.1335932662490957,0.5614651459346628,4062,123,3.782298110058162,1.8380305026340036,12.917349,-8.611204,0.5674901578451279,1.3631008157682731,5.7839684,-18.700539
816602,0.47371736599197434,-0.07789831636752909,0.17227837410233293,-0.980180826640021,0.4705804208418319,-0.08032604439921678,0.17253588623987554,0.5618731392432011,4062,140,3.608658888243389,2.338093057009533,13.551341,-7.6241,0.6440238077358914,1.846111056907344,5.2906613,-19.112005
816963,0.48460892078563494,-0.09102970309181467,0.019960724713120784,-2.1749125641541758,0.48762287198505977,-0.09533743594338934,0.14200899255356347,0.06112925264193128,4064,99,4.903257884080296,1.2257400137620857,27.124174,3.7752535,1.3834137557257935,1.1583119385776839,-5.7024894,-14.925471
817038,0.4789002387918662,-0.09817831806874695,0.019960724713120815,-2.1993181805173725,0.4121457402482554,-0.17987024054061085,0.1947719447811078,0.009647311914036415,4064,174,6.309867692327441,0.784954219896707,38.90379,14.499639,1.1509940385353696,1.8586452706220309,-5.7734833,-16.089828
817899,0.32310337153498364,0.035741002621272666,0.01907728126762898,2.5789176472692676,0.32206407682471655,0.03356575955939107,0.018771738196603105,0.5563916904545149,4069,30,-2.3492482778042367,0.04316725939943636,-5.3604546,-14.815268,0.8844828358796436,-0.6700888668340784,45.38026,-13.242017
818270,0.4984972921222494,-0.23978678823764013,0.019960724713120808,-1.6665686680644176,0.4945443333681388,-0.23648021040344913,0.02156221475518899,0.17933584423843726,4070,200,9.807856698087976,-3.6536022597462376,56.259415,-17.148409,-1.2771404528279509,-3.4115466060792072,-48.349915,-17.899357
818665,0.5022190125397147,0.09652048677339099,0.01996072471312078,-0.9407307790927257,0.5062112556979866,0.09198464291047323,0.08547636226767996,0.009079737421261383,4072,193,-2.8153818699370916,-0.43134103512535793,-21.766243,-35.60799,-0.4729943201666524,-0.6164236161654231,21.280386,60.11316
819449,0.3129200134913277,-0.29055997750041407,0.01996072471312078,1.9642706864924702,0.3959028506473503,-0.19348209002081485,0.15570720843712704,0.041047486026855325,4076,173,7.220817213398416,-0.5888873124319227,44.404175,15.775393,3.0138087307606125,-1.6998903881624883,-8.545552,-48.289955
819479,0.45494612194464357,-0.26305245348935863,0.019959899117348447,0.9121660935433797,0.4283361765683903,-0.01145032477005746,0.2683299931783212,0.0022769027880858886,4077,2,0.525228897241659,6.833534057247346,6.324549,37.287266,-1.0717705202622958,-1.1394473242752392,-39.022095,-25.889442
822020,0.43353095855715873,-0.056574424967128854,0.24588279201734184,-2.3392538748310745,0.4278357734117667,-0.05134443058083714,0.2436035657588085,0.5618715945522601,4089,131,1.4891833486465003,4.11251228250627,10.684062,16.405579,-0.001840876964600155,-0.24084976927989313,12.669998,-19.287674
822111,0.4470790200210761,-0.2841613730378745,0.01996072471312081,2.395505213743404,0.44657062400296954,-0.2833234075986777,0.0444643257706748,0.07350785474276232,4090,21,9.911566060309871,-3.586393777686102,64.149284,-7.2778106,-0.4293025429153422,-0.3580979591528813,-36.70567,-24.950651
822577,0.518077285378244,0.07786008282783022,0.019960724713120808,-0.010788612823338584,0.48523534215458475,-0.009882124787659227,0.19331658045939104,0.029800460510738903,4092,85,-0.8395617897085448,4.405455825893136,-9.114162,6.9552393,-0.9699853411569819,4.448648560864071,28.989122,52.580856
826114,0.41146069812253844,0.1469869028606341,0.01996072074929776,-0.16184399477214154,0.4243154078914261,0.03431322448051445,0.250039266437601,0.030219659757949793,4110,4,-3.8684901939518364,5.3427090786948925,-12.178993,33.651585,-0.056544153984530415,-0.8724467564197859,-1.3043649,35.929092
827125,0.534420248050036,-0.21597721624294566,0.019960724713120395,-3.0892704834913767,0.5173416307951673,-0.1744321723405299,0.1753344845825803,0.05387441289374908,4115,10,6.846469135110054,0.08569167585026186,36.28897,6.994096,0.5702251915797655,-1.1572263054416256,-48.71336,1.7013258
827170,0.4902606538255912,-0.054637012090563035,0.21141021425785747,2.9431319774936338,0.4912378465133201,-0.05168726486856147,0.20689629164057025,0.5615707331245055,4115,55,2.0365110983626225,3.5278129391072817,5.917946,7.0143704,0.16649208161830797,0.1505020870102752,4.422768,-8.739813
827213,0.4810641935117046,-0.044694395543042054,0.0199607247131208,2.887033580425841,0.48570657423502106,-0.04468292992826904,0.16743456280433675,0.011838349979719198,4115,98,2.309961566246423,3.3011942418259896,12.083443,7.3477683,0.8169909575805397,0.6312181625959223,15.965955,-6.2588196
827456,0.5046479636269303,-0.2480161315669023,0.26333385998123077,2.519829074921676,0.49649376861542743,-0.2418028007970305,0.2598521115748698,0.5623175730560835,4116,140,7.0760196302551455,-0.35572134891385565,49.117874,6.17316,-0.49140599648819466,-1.5464111625467598,-38.969776,-14.403741
828795,0.3170071899128989,-0.11165457704953718,0.019960720696092456,-2.518616550632901,0.30915818226269115,-0.1166271088028685,0.021742427460876318,0.10511897667890627,4123,72,4.704759606889123,-2.733576149431212,27.046253,-10.905295,2.0600757232100793,-2.2186377743133012,30.23303,-49.44354
829229,0.5014972267884795,0.08199058920673702,0.0199607247131208,-1.4468034273208807,0.5108538077612692,0.08042392967631548,0.10434097332430989,0.018709099861157368,4125,104,-2.699019453676294,0.1586218847440265,-21.079489,-34.888344,-0.547934066967436,2.572645388100678,23.658804,58.157856
831166,0.3152124057201355,0.20651140729583253,0.04718916657593024,3.134101491277566,0.3150334058052601,0.20807688919241119,0.04487499206992707,0.561929410285594,4135,31,-7.347088695091064,-3.534236590772979,-43.782776,-6.2740464,-0.24763469019692808,0.2261625971063896,-8.832499,10.495646
831999,0.4409549837246888,0.05200630263153763,0.13438277199308477,-1.893702568702105,0.43232375723921174,0.05491623796507418,0.1316223636071756,0.5622706557366006,4139,60,-3.3778696107782964,2.60764315607061,-15.707276,-1.7551056,-1.2793847417527087,1.6639575200574377,21.818678,14.00292
832253,0.33534914567336194,-0.0632345670603258,0.020009776699010592,-2.2230875140053876,0.33503280449039335,-0.0629588205716623,0.019818343448923886,0.5562402140474227,4140,113,2.6642742688576284,-0.8719285984583032,14.894554,-15.902584,2.106750817990061,-1.4016922500506526,29.787,-37.07773
832284,0.3470515116755706,-0.06395838101654015,0.14255440722492965,-2.1715652251505957,0.3432921653956568,-0.061504984344516817,0.1434758677352267,0.5618357302623853,4140,144,1.861467270123539,2.0293636982313568,12.773342,-0.66664565,0.1891307887753319,-1.2213267306354745,30.64755,-34.910877
832585,0.41243358724663204,-0.05752780661830454,0.2626739479985565,-1.0323254983212409,0.40785377670678885,-0.06093684339972174,0.2601233251041822,0.5618137218927466,4142,43,1.786531607682455,3.789009874201305,11.267586,17.35705,-1.0144008884014553,-0.019639747739753417,12.385721,-21.001627
833799,0.3861496919041245,0.10401812682531919,0.23799712678732,-2.153503162781164,0.38361979490246967,0.10001685540247851,0.23585554115556648,0.5619483265752998,4148,51,-5.505604060758072,2.193847832114487,-43.216434,26.886944,0.21543240488421606,-0.4792453354521036,1.1784943,12.9537525
834398,0.4338997250354772,0.10374711305099735,0.25731505657020043,-1.8716891094669625,0.43156944061575236,0.09691082734884264,0.2528803523006116,0.5616390972617397,4151,47,-5.066352364855584,2.3825819992685693,-7.612901,16.446035,-1.1227927941915397,-0.39279083359808636,8.860818,13.768498
835424,0.4630069604581883,0.030676344219006682,0.020927295767404347,0.96125354615425,0.46617514645734476,0.03502972263685384,0.02096998793661295,0.5560602949777949,4156,68,-0.8546944151953402,0.05782869160011536,-8.799163,-28.896267,-1.4769514794313863,-1.6605820081095652,21.312103,7.4337773
837211,0.48332459834600744,-0.21493614690623744,0.30184744017528825,2.455135382853943,0.47356036711328864,-0.20726522887353244,0.30085948609136204,0.561818844029384,4165,46,6.173947658077858,0.21456530497856857,47.93579,23.123472,-0.7807073040575221,-0.8137126702226215,-11.315912,-32.133453
837279,0.43557644569962095,-0.09739770349956808,0.019839466411857163,2.342403136255679,0.4342124544508474,-0.09595003041353233,0.020613655166531714,0.5619310771614896,4165,114,5.6254701333445505,-0.4796117247620996,25.685137,-23.829313,0.35365590869916025,0.5734464560294458,10.123323,-29.912031
837523,0.31562902670786513,-0.0017801799799326472,0.019956437811952013,-2.7329685372862063,0.31285571164723314,0.0016622663997949258,0.02062397645728148,0.44570255611324994,4166,157,-1.0326261309450933,0.05667687585697831,-0.94063556,-14.169997,0.31103244839796973,-0.3704002844959165,44.704296,-16.185051
837753,0.3522240886429448,-0.25501577014858107,0.019960724713120815,0.1592957554709396,0.35722953052721734,-0.2601599879589413,0.1283529923020895,0.011099882985952146,4167,186,8.276883648101693,-2.004960678062171,63.23209,17.68321,1.1519776731720037,1.1155531144823556,-16.57171,-62.27955
837974,0.5463965318671751,-0.05661300516045745,0.019960724438452215,-0.21015715400006243,0.4760325444783085,-0.021321736277436092,0.2322523210113572,0.04374744383435621,4169,5,0.8814161925606714,5.3866730703176025,9.070693,38.17452,0.1617420467973918,-0.5802812355643385,-5.45495,2.4635289
838040,0.545373528174634,-0.17273763918778007,0.01944675774463273,0.011945180340845732,0.5454674534212984,-0.17488388692111753,0.016872184379385313,0.5595412102670799,4169,71,7.2838460008573085,-2.4983118432401366,43.091465,-27.049377,-0.422508473453065,-1.0642903273068025,-30.736536,0.30605373
839082,0.375694738291035,-0.08010307130714492,0.019960724713120822,-2.498246060546811,0.38010490362095845,-0.08703187350879668,0.06561229109956215,0.01138521233190586,4174,108,4.479449297078263,-0.314360482003938,19.333244,-17.921787,-3.244891992540534,-3.5864596967209263,23.165781,-35.488308
839162,0.373026265811713,-0.08066408366716475,0.01996072471312079,-2.487298848531722,0.3789396338806902,-0.0837559469866949,0.12328725613452729,0.021377614939870206,4174,188,3.626400356742588,1.4561973747948271,14.0481615,-4.671659,-2.995250445708959,-3.325543899491963,23.84931,-35.01692
839324,0.5171429707814746,-0.2719957354059312,0.08509037170448157,1.4313970397660403,0.5173867399281694,-0.2718139165687355,0.08224193072794203,0.5613740523762847,4175,149,9.382694018690785,-3.197416592709696,59.97114,-11.996373,-1.04842256812946,-0.9326340721220899,-40.45742,-5.5995507
839701,0.37988940862935355,-0.25510701842449346,0.1296709487537244,2.570596247870583,0.3767786629471589,-0.2530283967573016,0.12881276907487826,0.5616430163289423,4177,124,8.625170950085105,-2.0077422345651255,64.531425,15.622427,-1.8130990630818709,2.1943167511430106,-19.150583,-47.759964
839841,0.5150358429487404,0.10522292087570122,0.05813585151988838,-1.5111670684865617,0.5144190354801823,0.10507070279550508,0.05861670448387052,0.5617772936218272,4178,63,-2.8874603712782814,-1.364557993665942,-29.989408,-35.505486,-0.4342807794237422,-0.7380963820937705,19.881235,62.691257
840139,0.35559788740328235,0.24331809399262766,0.01996056860133001,-2.692648382694617,0.355165856278743,0.240836101704841,0.01852116992358832,0.22318035560590038,4179,160,-8.325664323169535,-4.533156987576789,-48.23811,-5.2312922,-1.9817852282792314,-0.050299262240233074,-12.897392,16.326792
842064,0.38466684296030096,0.10844740322193346,0.019960724711651452,-2.629010905218501,0.3794569748823379,0.11194519712799153,0.03961083872598811,0.08195138643142696,4189,75,-5.106622844116861,-1.124407914372798,-25.591938,-18.357,-0.6032107854443814,2.121529253329025,9.813522,34.54854
842821,0.41586816269685195,-0.11386388775375113,0.024805746643470527,-0.9201281049077288,0.4169927134326937,-0.11553416227768684,0.024719907230465077,0.5618406019094172,4193,28,6.364608970615076,-1.3535216610339078,28.570684,-22.369085,0.48143194661303546,-0.17801613092142513,11.408472,-33.94792
843339,0.4005630876177717,0.05712340146765047,0.14116853578408456,-0.8900273577457414,0.397576146754446,0.05444236724073196,0.14341720186120774,0.5614551758973855,4195,144,-3.8322418025669482,2.891015959659531,-16.223204,-3.6183422,0.037659362804829996,0.06900071811822862,36.725452,16.324915
843494,0.4075217343015231,0.2040061817924684,0.01996072471312078,1.4318756230177245,0.41326990065548747,0.19637077012459078,0.20501138814513822,0.014374838272774245,4196,98,-8.01656907073254,-0.31383740492222356,-34.75797,15.932439,-1.1311744678533788,-1.248097549024756,-23.967949,46.12224
844155,0.5305749007721163,-0.012142581230270054,0.020628468681388134,0.700186689045398,0.5271023099796557,-0.015025577727289118,0.017430742903800006,0.5615779651419047,4199,156,2.74641108201508,-0.8412175060636607,-1.1085688,-39.236183,-0.675941989523922,-1.6847239813450767,0.84487194,1.6686614
845217,0.4619431645974345,-0.18867079451740484,0.019960724713120815,-2.8755152660798395,0.46688372921392174,-0.1804778113642855,0.18435995945712536,0.020202575338720996,4205,12,6.684605976916133,0.5109201846836142,37.96734,11.847747,0.006963499834398118,-1.0661723389252367,-26.394342,-24.64046
847311,0.4156309795543918,0.20858586408693292,0.019960724713120773,-0.7606396903962827,0.40892556403296954,0.1885708132097629,0.17059213603403994,0.013177848734623503,4215,96,-7.858456615501112,-0.6538680371744392,-33.778023,16.09097,-1.4832168364557747,-1.6028925242514953,-24.013529,45.95342
848350,0.5496507671715947,-0.05039124729196305,0.25851164919839137,0.8977218739058033,0.5412459115233135,-0.04399824379417842,0.25457743507989705,0.5617849628827193,4220,130,1.6569535770460275,3.3435940241135564,4.6664104,9.969214,-0.7578806185659002,0.05003089264159895,2.8525984,0.71427983
848431,0.5046123949171983,0.04914097769402174,0.019960724713120385,-2.169395287214423,0.5007386999059342,0.039120212006321105,0.17944771924873595,0.03934625303344872,4221,10,-2.4854750914107098,3.425416866269964,-13.051341,7.334112,0.3969230787243127,4.636697518483085,32.219376,49.757267
848909,0.4332295743123275,-0.2846714383885083,0.0199607247131208,2.425729443824377,0.4118945409714582,-0.1708327044049959,0.23074326782568325,0.034652548740730316,4223,86,5.918603681742661,1.151399417852618,38.91304,15.511506,-0.043148876652214306,0.4485429898846716,-36.338013,-23.07803
850641,0.35830180783696064,0.049085780805675716,0.019960724713114487,1.187185440924748,0.3711119338998779,0.047662844782797406,0.18166890977464875,0.004603236017511777,4232,9,-3.9523185563981857,4.0784714307534005,-16.031908,24.316984,2.8776724346973483,-6.221736076378142,51.048573,5.230336
850691,0.4676455090534082,-0.25022627532572783,0.12285738794123936,0.8876343189999726,0.46702850944222485,-0.25118887621354624,0.12364261953559819,0.5618325326543357,4232,59,9.265648183580252,-2.161640352848138,50.854294,-1.1088006,-1.220212707697147,-1.1481153037503466,-40.95436,-17.230307
851297,0.4817081190591971,-0.301727100594911,0.07087331158630818,2.82392792211284,0.47894271228033,-0.3008709886773862,0.07242175330029063,0.5617242035370157,4235,62,9.469828984874294,-3.336824457906147,61.995323,-8.662368,-0.5388184488998344,-1.2052087113752503,-44.537346,-9.080507
851417,0.4817985881831704,-0.30140998095634897,0.01996072471312078,2.825399255447653,0.49975573112382526,-0.2507925891729712,0.1866358681548925,0.03341584222167633,4235,182,8.038821626022788,-0.9258441962681281,47.522385,0.6153905,0.8269773599112339,-0.9758903062726478,-50.091316,-7.256556
851901,0.31121189296637375,-0.1284245836780777,0.04852950726797801,2.6838510544138394,0.31036518804270397,-0.13058457661593045,0.05065262550290375,0.5613622762570256,4238,63,4.999605855841871,-2.604401294038719,26.355127,-9.000248,2.547558691471397,-1.0111150544279561,25.865042,-52.295704
852483,0.3575860543921133,-0.11946900595346033,0.1832992095671943,0.5634471741193097,0.35209746276894666,-0.12235234337513128,0.18284458067139311,0.5614393885225192,4241,42,4.514369490674417,0.9174683999607393,38.493366,29.96376,-3.195158604233191,-1.141909640464049,18.83264,-44.316875
852905,0.45462336331341163,-0.013687668300810012,0.06637527971205022,2.1898162163179515,0.4548743162315372,-0.013887503381519275,0.06794513675322719,0.5614520817397841,4243,62,1.1754639788622023,1.0297679065065921,0.33186725,-27.74672,-1.2459971029988222,0.8347760001559101,18.512331,2.026225
853498,0.3543186693989796,-0.14261073768634952,0.20203494342629505,1.6034150941246996,0.3454375371727439,-0.14247389458892146,0.20344246386343057,0.5620048718611483,4246,52,4.538333876995655,0.6757951851412014,38.57323,30.78036,-1.324764282912162,-0.2467438556474174,20.77834,-50.461136
855033,0.49618658396172766,0.08848937522190188,0.019960724713120798,1.8766307803673667,0.46266957994468394,-0.0428553137310635,0.22665664417980602,0.018008936351207185,4253,180,-0.22122175124450333,5.039328572850149,-7.3076997,8.507931,-0.4243095176087261,1.3253405014830764,23.44802,59.035645
855307,0.35283633438259726,-0.017014214226440446,0.2109197007089883,-0.7553559956607118,0.34579340434892153,-0.024567139309858724,0.20836260477302582,0.5622865491371608,4255,52,-0.42627186794278554,3.6376900787173496,7.390352,21.174347,-1.6143430538976686,0.042851632079812796,20.737585,-23.66717
855891,0.3490032051451338,-0.0361295030819644,0.05474453019480938,2.6976591438270225,0.3499450114885656,-0.033783896146050096,0.05363574668899779,0.5621203130571486,4258,33,1.428950707833453,0.7762386778414507,5.491185,-16.040775,-0.8155429936928056,0.6217425141799607,22.022575,-20.498493
855927,0.485293030517839,0.026289083154795882,0.020018613786025805,3.0082533702621914,0.4853814911578121,0.031070682662919378,0.018149617518579186,0.5286321804512705,4258,69,-0.25819740323847906,-0.38512495481383924,-6.6169386,-36.282696,0.28443685111857053,-0.6364199043261268,11.565245,5.9672213
856753,0.4911983030255076,0.2615016890386627,0.019960724713120798,0.9604670275113201,0.5075756154609544,0.21097767407563187,0.19998288045503546,0.026804462496455225,4262,91,-7.441384426515446,-1.0949221581590949,-35.586796,8.323119,2.3927050934478116,-0.55159238940012,-24.614027,57.510376
857274,0.46099466904262665,-0.039416892728409925,0.01996072471311449,-1.8554243756011268,0.46213399273468514,-0.033707128563945775,0.1792353948218169,0.030991058983052565,4265,9,1.3063175302850492,4.292986247679252,-2.6135705,4.902226,0.40394301000137545,0.8971653800917396,17.415314,-7.0177536
857428,0.35488335672852667,0.08553063375758245,0.019960724703129613,-1.818461260453393,0.3407973276827126,0.09344593584643902,0.04167452525973209,0.0654999545075661,4265,163,-4.815085654700939,-0.5140909799382314,-21.436853,-15.748329,-1.5975753786963822,-0.7055622822155143,42.084133,20.67172
859472,0.4990774856444573,0.2735041148171176,0.019960724713120822,-1.160498694368107,0.5003981360629013,0.2732049772244652,0.01951227211215717,0.1665063883624707,4275,197,-7.708789195074757,-5.499384787751142,-64.330376,-16.989044,1.34586609301232,-1.318643335439951,-47.8459,21.735443
859749,0.5166048520516101,-0.15869541057648695,0.01996060964205618,1.9895340924610012,0.5181303129267983,-0.1624937540350961,0.016148633862228118,0.3314985022379683,4277,72,7.843916861751806,-2.3022099800667863,41.331314,-27.078356,-1.1517690824619626,0.4580994259761631,-16.974327,-8.073588
860330,0.42180224815604017,0.06078849399594274,0.28182442769529564,0.9133903093267718,0.4221056911787659,0.060515516234140566,0.27941177074068413,0.5619662695088362,4280,50,-4.198816279750443,3.5475623192014374,-6.216067,17.945374,-0.4512546600757736,0.34800651786263814,12.242072,12.84394
860379,0.40572721514101556,0.15418785840036425,0.019960724713120822,0.5599744815291313,0.41539369901272033,0.15503729106321767,0.16737892024001821,0.01605634302388588,4280,99,-6.8321182237223015,0.24101124202652963,-30.479885,15.725485,0.21402088388769397,-0.9465286089366843,-2.2439628,35.671368
861055,0.44702722630536773,-0.028590986148015675,0.0199607247131208,-2.056411362179227,0.3913187103671625,0.06362617853246669,0.1912906696851829,0.012873207158852264,4283,172,-3.4556521433231344,4.342149901847182,-8.358062,29.831871,-0.44131436226608733,0.12848144965913932,20.37074,-5.8905935
861649,0.3990116934951145,-0.19994934058871142,0.01996072471253753,-1.4369434568361275,0.3940037726255275,-0.20182760330137897,0.04472338430355374,0.03620424721731076,4286,163,9.247355635182352,-2.855921633092461,48.716324,-8.978984,0.9238918292046926,-1.9862986299271825,-26.82798,-34.12785
861667,0.39901169349514176,-0.19994934058868882,0.019960724713120784,-1.4369434568361275,0.4157195298285336,-0.17125926308223022,0.2005821888632947,0.010555144228075434,4286,181,6.205366083286097,0.9021574476852862,38.321682,14.845775,0.549177380409491,-2.0995137864989397,-26.244484,-35.002384
861731,0.40917240567528673,0.19508684492310477,0.25261803368361224,-1.3048084788634409,0.40941390525816296,0.19425853785056454,0.2500625141505768,0.5614074272492986,4287,44,-7.80352291655653,-0.5511598976335765,-48.855896,20.944006,-1.3150910987224298,-0.08845560400392495,-2.0645587,20.94251
862281,0.4268807970102932,0.27530628931548046,0.019960724713120798,-1.0704877132961865,0.4271783958845964,0.27747135415221846,0.03226412455833308,0.03336151521781674,4289,192,-8.964105867161882,-5.109157573408936,-63.572067,-6.0275393,-1.172315709892871,4.803307864383015,-33.18854,24.704441
862695,0.4041358726206889,-0.21378716424521402,0.01996066750954162,-1.7104319064810687,0.42571745689503115,-0.0409224222833428,0.24910061737621478,0.042634182548519486,4292,3,1.6242885776126497,5.333310448813258,8.047042,34.85572,-0.14164071109130255,-0.8066824863996431,-28.131634,-36.213043
863343,0.45765803567485047,-0.004373690532384806,0.3234527848054941,1.279797041731712,0.4571388893222705,-0.005933002534296888,0.3245055774908179,0.5616798244896012,4295,48,-1.2773104102770148,4.644012045434224,4.0309916,15.932337,-0.66498677966402,-0.5627850709993274,2.7940907,10.631871
863714,0.43819541095932,0.24228732300447106,0.019960724713120808,0.8797556478443564,0.445855652068556,0.2447734489171828,0.10977867826903678,0.010160853118959218,4297,17,-8.883620594445098,-3.403348695224397,-55.74046,4.0191917,-3.462568872455006,1.0867883612442326,-26.54436,38.781292
865337,0.5351231113331908,0.03002627736763116,0.03606832401488266,2.617760057054533,0.5339233422113081,0.03063542406593971,0.03311234485585823,0.5615845241422145,4305,32,0.7665228559460004,-1.275528470381274,-6.7960186,-38.505505,-1.3886057971898218,1.623817847380792,28.929829,44.474415
865757,0.37089119998846654,-0.058997851653875236,0.20216383258673007,-0.21006839293084148,0.37149609885990426,-0.05868806161409355,0.20249843309183074,0.5579004738704353,4307,50,1.4970179831881636,3.277293226565297,9.400866,20.018578,-2.5603511267099757,-0.8262826468258196,18.237179,-23.453539
865963,0.3459464593095769,0.2151442551819544,0.18697687698794502,-1.0534361932865004,0.34097155945358526,0.22426725350267682,0.1867884598481357,0.5619456075886928,4308,55,-8.103544054399284,-1.2234645715004602,-58.53016,18.894636,-0.9028460731516136,-0.12617522641896373,-7.3232145,15.232865
866174,0.4747593983482152,-0.20035786662164543,0.038873313833931604,-2.478527441065581,0.47472198773030794,-0.20040755504772464,0.041733115428850054,0.5613926519701606,4309,65,9.498892733246745,-2.764847613383295,51.7855,-17.425398,-1.329737739069565,0.5863179555254183,-45.00879,-26.388931
868020,0.45837404289410516,-0.12315901962030577,0.019960724713120798,2.3912080611324904,0.463812795122766,-0.12789720686095987,0.08820163741908171,0.012232539794875295,4318,102,6.806961480097078,-0.85390865282996,34.012756,-3.801975,1.7189082114776284,1.215811162957763,-12.651302,-19.302692
869977,0.3443485796053031,0.1978421595451073,0.24471815044265666,0.7687502084969295,0.34633050445986757,0.19972441048248016,0.24695529018663784,0.5618253831053449,4328,49,-7.674729013481439,-0.4195384616551502,-52.638355,22.484411,0.09743877290871618,0.4491349418783717,-5.689239,15.57065
870574,0.4193078657031904,0.2667790976173481,0.23793848437574214,-0.23853592028102996,0.4128406500272013,0.2681816597955519,0.23566224633050414,0.5613346524567067,4331,43,-8.592962843354702,-1.9632969320075668,-54.11274,15.176334,-1.3561575966341743,3.11499520225537,-22.209017,27.15813
871275,0.36186215429892316,0.24965641000860472,0.18386398537047638,0.40812407468108064,0.35856948469442335,0.2480500668287048,0.184620253777038,0.5619478264482329,4334,141,-8.498295548587926,-1.689467364068748,-57.540073,17.702614,-0.9937070311261104,1.0152216788972397,-9.859029,16.704742
872157,0.4440890597713386,-0.01287769543412931,0.019960724713120805,-1.660778551832351,0.4520966720088772,-0.017315175584738912,0.08646175468225528,0.04202595062202529,4339,18,1.1855890619153788,1.4724747414873098,1.6324387,-27.551386,-1.1119010562965075,-0.2101113481581239,20.148407,-4.142512
872887,0.5551906741594167,-0.1375817518101102,0.1456984811289216,-2.259258236014328,0.5538127012722023,-0.13956665427464923,0.14484939897739155,0.5615598626793165,4342,145,6.513037919213756,-0.5617011531694216,32.44759,0.31967494,-0.36900235465804493,0.8256632079313359,-27.41782,-6.7810926
873152,0.47193165404985865,0.02244136429946144,0.01996072471302944,0.21356576441061395,0.46700211805374114,0.015442630523157266,0.1725844363242452,0.017887097981313015,4344,8,-1.788350788828719,4.237469364947046,-10.805267,3.39489,-1.2305781295026335,-1.2644567871953099,23.714674,1.9160535
874536,0.396667901998119,-0.08160756666885273,0.019960724713120777,1.9035075575293954,0.4046257470498749,-0.08584126191337349,0.15751938831062767,0.006108612612818407,4350,186,3.4213600402158812,2.4637558358227314,25.908388,20.895182,-1.8743723376233419,-1.4920171265587574,20.941643,-32.609993
875032,0.3602460990761301,0.1556017445311869,0.019960724713118185,-0.6108012874902459,0.3533193359688094,0.16328559199383902,0.09251880525992853,0.041734209631060594,4353,79,-6.899241186641447,-1.6097363115877266,-34.89616,-6.0079126,-0.5759590523799349,-0.07416379230780142,4.0513363,28.540926
875456,0.5162332235917385,-0.21028904909358742,0.019960724713120794,-1.1184412814877507,0.5211980662990531,-0.2087110007760099,0.12090253911111082,0.007759702171558624,4355,101,8.549398547631025,-1.8625647734447122,45.3614,-17.143871,0.22580339707098462,-1.871114246852878,-52.54022,-18.253046
875762,0.5242469061085853,0.03567207180397707,0.019960724438452215,-0.8812923157586339,0.461987759834988,0.009444277851267321,0.24854919275540216,0.007257551798780382,4357,5,-2.319075210069131,5.644396602571664,-12.546849,37.262203,-0.28763263400242123,4.520155544128094,31.284512,48.46696
878020,0.5374449466303973,0.24028386150115097,0.1581216112674099,1.7734991758520655,0.5337460946583388,0.23967040461658676,0.1586922229469834,0.5619679544880691,4368,52,-7.280464546245774,-2.7698689048253735,-55.04484,-17.16471,-1.5940272250245335,0.8491180238676149,-50.842648,31.924835
879833,0.5229709892723652,0.15414874169042125,0.16917082656875354,3.0165092436121856,0.517386564828114,0.1549212978077737,0.16669419606277644,0.5619310666839487,4377,56,-5.721396955065276,-0.5119178663377992,-27.690712,4.946395,2.260952609096316,0.9835280419861224,5.1552014,57.864975
880396,0.3135662848078319,0.0037964549741255032,0.01996072471312081,-0.27544252230399674,0.3195870213968986,0.001280392518931997,0.10521620760934847,0.02354973211230337,4380,16,-1.462392360759306,2.477354111455138,-3.3489108,-7.4198723,2.8643761874560547,0.20079255793816533,49.26925,-17.148195
880530,0.5381519649733716,-0.013837414165815857,0.07831138802259933,-0.7745735223900005,0.5363326536600429,-0.015906477751486618,0.07769275463913702,0.561465477832705,4380,150,2.4709052233266307,-0.3634246373465717,-1.0794737,-37.202248,-0.8378146443696978,-1.1030303968856439,1.1854163,1.3171047
881808,0.38649517742180434,0.28677351477887114,0.01996072471312081,-1.4272077541912138,0.3918442313414495,0.2862506637732304,0.05432720294586732,0.024133373353339836,4387,21,-9.061425546488309,-4.481115842169141,-63.70734,-0.44046766,1.3372162162780472,2.271786120684249,-27.676498,20.046984
881911,0.41440662863767563,-0.0343827836486537,0.07516803533082946,-1.319232572461296,0.4142462503042672,-0.03423559560893714,0.07353367340718836,0.5614800126435961,4387,124,2.0245250554941085,1.4481763513699328,4.5424733,-22.155535,-0.30091584027021867,0.022161355417934236,23.745457,-15.646299
882473,0.40930042602139877,-0.1846826457815495,0.0199607247131208,0.9259676640216014,0.4387344073573392,-0.12218175213310972,0.1920184471398649,0.08153302098460659,4390,83,5.066349843253154,1.9335861411141049,31.509737,14.778405,0.9340307623849201,-2.460204022762208,-23.210066,-32.148075
882931,0.3300086778033186,-0.005657371394121345,0.15835595330908372,-2.888881499641733,0.3295380398302292,-0.004142522875177704,0.1605429862701524,0.5619197599668565,4392,139,-1.3738010465986723,3.2289564918689955,0.53807425,23.909025,-1.3503373864341814,-0.08222974355038225,42.508606,-14.60392
883292,0.3744313225258381,-0.04107749923543989,0.01996072471312083,-0.06018142322498369,0.4096341068499897,-0.0034198880034793815,0.21011329359374598,0.04006013692689114,4394,98,-0.8564340132564598,5.575637979698841,2.1425638,33.861053,-1.4011123270904133,0.6310055576951659,32.531178,-26.017872
883456,0.4891653155821579,-0.22906577711723183,0.08162200149318302,-0.20827479961162157,0.49083225507757006,-0.22206769142518634,0.08303978746073737,0.5614469645280024,4395,61,9.60674379427796,-2.779265895222032,52.31059,-15.288319,-0.7126574677240312,-1.4180515135751997,-46.57585,-19.113588
883901,0.47351820569554065,-0.21279066410774167,0.01996072471312081,-1.465426681199893,0.4794468298056106,-0.22002179528734672,0.082025000747739,0.02554279638573031,4397,104,9.625611887150477,-2.7019526046501943,51.961754,-15.332536,-1.3414925374290112,-1.281202462430246,-48.674698,-23.44043
884052,0.5428837290990258,-0.0655918523925196,0.18517720069682075,2.6147654597721828,0.5353226319107592,-0.06109308367480293,0.18614286526545532,0.5618971889293245,4398,54,3.0029417543033974,2.152030663838922,8.026028,6.9506097,-0.4039527661636052,0.5231470148866542,4.115298,-1.839367
884100,0.5398962792413469,-0.07403046552824306,0.01996072471312081,2.5988027908905225,0.5463920061477253,-0.07583025719989578,0.09935025241863787,0.08121761380059576,4398,102,5.293950252239002,-0.07341103057917103,11.407368,-36.30132,0.032469225869154864,-0.7618273608065417,-5.7277884,1.0881838
884684,0.5456985897009593,0.05402761941930432,0.01996072471312085,1.1443316353052846,0.5323792569696695,0.06262261787372911,0.1303506873786459,0.01362470415045737,4401,83,-1.7234442603011564,0.6555558124081899,-19.375065,-34.64235,-0.9597438297105951,3.283756811505689,27.87753,48.284416
886247,0.46885468674828834,-0.17111979589158685,0.16683224727806514,0.19655397530739582,0.46746812242105357,-0.16497497323550922,0.16482062394092165,0.5614242180376608,4409,38,6.741661108445569,-0.06601169393538835,24.950203,12.500503,-0.4598984446238798,0.18948201056064978,-19.541586,-3.7628417
887030,0.3045167307027983,0.16280446154272862,0.01996072471312081,-1.4653034468095136,0.31348723064575257,0.16391949134536915,0.07002785983975077,0.03375833890864759,4413,17,-6.489655694482652,-2.1759946782893635,-34.93409,-7.9887514,3.397854337441153,-0.39490912606589856,20.865953,31.030674
888699,0.38728366723721247,-0.1537937871569194,0.01996072471312035,-2.3686680575123855,0.3799162841111471,-0.15012607477654422,0.07599830966157797,0.06579553385593784,4421,78,7.325960249085841,-1.8673936633486643,37.008514,-10.173671,-2.197172000994236,-1.029199979700752,7.590091,-43.27447
889047,0.3910278352840556,-0.1910510466830243,0.01996072471312081,-0.2818092897091129,0.3899357726939428,-0.18738579387812393,0.021194884314366585,0.2791215498253005,4423,24,8.526899048088492,-2.7966916533985606,47.172207,-9.264588,0.23683608883526464,0.939538164488955,-23.207495,-35.782322
890843,0.3717432799388502,-0.2424567204021709,0.019960724713120794,-1.1372754437591184,0.3828736615015478,-0.2090055362307454,0.18308861459594886,0.06897223578715687,4432,11,6.87489528718535,-0.23964428577232216,43.56913,15.725147,0.581005413600512,0.7709715176707985,-18.560358,-63.981934
892834,0.49530868684030255,0.0683875409944987,0.01996072471312078,1.7370703685418403,0.49644209058132005,0.06348522931916946,0.08493628015104754,0.061129888224411025,4441,193,-2.0055705100881047,0.3358460328783646,-16.9839,-32.827194,0.6844081059013902,2.215563912968953,32.648422,53.34801
895700,0.4611544538489288,-0.0417808888947471,0.26358815685633963,-2.623397112820695,0.4587348243729513,-0.03768927544702151,0.2645607425241018,0.5614195636054544,4456,44,0.7556891764399314,4.471670275511092,5.59244,13.866552,0.0038361347696690418,-0.34593712968219953,2.4671786,11.089506
897527,0.508057504915149,-0.15575434677972685,0.0861429834858653,-1.5264976071495815,0.5073060733654786,-0.15591993795833597,0.083080255313467,0.5615663921384421,4465,62,8.066632424233296,-1.6210653602387244,41.6463,-21.586662,-1.12602130878898,4.620042064341262,-21.513783,-10.329447
897533,0.5008976005281115,-0.15872272686399927,0.02753230118547277,-1.5484129402880287,0.5011673473363432,-0.15871620714331072,0.024177594725051987,0.5615537682205837,4465,68,8.163925146430353,-2.093496830111064,40.08719,-26.845112,-1.1053601944876248,4.4678185394250995,-21.076355,-10.870897
898809,0.5144542740589952,0.1605541332940884,0.2747009067013519,-1.4834456830116365,0.5148328207448788,0.15858004163903233,0.27509439431677774,0.5617198783802152,4471,138,-5.980524312045983,0.1821408259854141,-43.284676,19.152311,0.9022628601552586,0.047652137029271124,-12.124768,48.393238
899345,0.44413716656286356,-0.20091743290711309,0.01996032813356023,1.706166191022789,0.4389094049875984,-0.19551733828467807,0.02080765012431085,0.3470049779643109,4474,71,9.158465965275633,-2.7576434182658764,48.496704,-11.89876,0.42303515238645284,-0.9202112380186434,-26.646904,-29.528608
900141,0.4125775662124739,0.052863375509713637,0.04585884710586221,-3.0103953613568177,0.4136481084385745,0.0462356040709515,0.045598910670449105,0.561368377764348,4478,63,-2.5957057081850694,0.9042237240721657,-11.416316,-20.949017,-0.6770563619021533,-1.9444148588236598,28.41473,10.059532
901908,0.5077424079238912,-0.1531710255395755,0.01996072471312081,1.7998925268977404,0.5117203361619684,-0.15505033375752594,0.04448963518588647,0.024439737760538014,4487,21,8.138149209890477,-1.9876733518357117,39.740673,-27.099125,-0.9983367112263574,4.597023520180595,-20.419092,-11.829287
902574,0.36588309654452433,0.0023985688991334966,0.019960724713120805,-1.465161665028921,0.3360105762581225,0.01818393316488411,0.16285660302998947,0.012025965592769092,4490,84,-2.3427976658218674,4.277189373908527,-3.8276353,0.08685619,0.9629767006489572,0.0830991162624136,48.82874,-8.646054
902613,0.3654287292180185,0.004032119004829613,0.08458612645456404,-1.4702609545791303,0.3571045737460649,0.0033023205381735913,0.0841119971096776,0.5617314318962604,4490,123,-1.01135941216315,2.257504078596313,-4.472742,-11.497544,-0.85333370929323,1.8704234426694715,34.772095,-13.279923
903545,0.2785103202349695,-0.11088849832681354,0.2656581305791629,2.67409017606498,0.26726463737589656,-0.10503867700572002,0.2679359759013955,0.5617281563834273,4495,50,2.217770533141294,0.9279742168670867,36.566616,32.11519,3.195710582612301,-0.20443447389931263,24.990965,-48.923786
903877,0.41872677117457996,0.16788684115552083,0.019960724713120805,-1.91288866462783,0.39332944616280757,0.10824311140455692,0.20267423294847245,0.023791449762218017,4496,181,-5.984487078562609,2.4614114588565186,-23.050697,20.950235,1.4402380525441814,-0.837389964477666,-3.3777375,44.712452
903882,0.41872677117457996,0.16788684115552083,0.019960724713120805,-1.91288866462783,0.4244260517970077,0.16449929667618554,0.17054246202595041,0.03653337494221382,4496,186,-7.001387162566685,0.031013861058359238,-31.080128,15.638494,1.435556573856412,-0.9452003115223572,-3.453019,44.873337
904192,0.5416044741367722,-0.11111790067308912,0.01996072471312081,-0.3127008114025556,0.5146525246662141,-0.08280077840518904,0.17226334478521976,0.01399071362341814,4498,94,4.268690770243768,1.9455980832468533,27.827759,6.7298393,-1.129370139648117,0.607850166465927,-10.43221,-2.146385
905833,0.3859222403303083,0.1722514708785506,0.20123319274909676,2.932110813829437,0.3805418247290862,0.17346110363306172,0.19987428303659627,0.5614800940992066,4506,127,-7.325972165668913,-0.25685240395313064,-49.023087,23.423409,-0.7123981856654217,1.016848588177205,-1.9440377,18.007198
906116,0.5127676524004783,0.2164963316125115,0.01996072471302944,0.68974547432608,0.5086555936853994,0.13580685262544756,0.20997512387476264,0.06087011920018367,4508,8,-5.756168430025501,1.1658620726639306,-28.234028,9.034757,-0.9059128374850356,0.5418314361964877,-17.984894,56.2493
906120,0.5127676524004783,0.2164963316125115,0.01996072471312081,0.68974547432608,0.5191397244281709,0.2041769182457168,0.1544594675530444,0.02714909314841903,4508,12,-7.041675292952145,-1.6893183614121705,-34.37111,6.3891087,-1.1594182637399177,0.5472608206989741,-18.162798,56.016243
906420,0.33148364311235184,0.15459130697274945,0.019960724713120822,0.3405593469882978,0.3387976758258327,0.15381866241812864,0.04127186749319703,0.03330691247620617,4509,111,-6.291828894251254,-2.6223810260548848,-31.844038,-11.798236,-0.22303984508018415,-0.593550674711656,8.2175865,24.980574
906717,0.5210372516066499,0.08861068330253727,0.01996072469408796,1.3077200975221546,0.476922697951648,0.04552331685856384,0.21848143770741266,0.02011693001280204,4511,6,-3.5110862719864406,4.499527892703267,-13.767324,10.278032,-0.863076375065917,2.3951213045215347,22.396431,57.389496
907677,0.35323357780111553,0.09658947063960628,0.01996072366724231,-0.6968191949831262,0.34821126050054696,0.10100956389583074,0.022895619561571823,0.09765365551410797,4515,162,-4.933710080858616,-1.0601180840470557,-24.016048,-15.848157,-1.708368307460587,1.235543656444159,42.170303,22.173695
908176,0.41071909287223457,-0.11454641539925894,0.15079307332125405,2.0155903471955554,0.409207821951685,-0.11554064904633765,0.14772134446677457,0.561371862695181,4518,58,4.853239349194677,1.0552298675843232,16.677664,-6.4488096,-2.060086236275797,-0.5205216837306113,8.156968,-27.176298
908695,0.5275746429383849,-0.10383648865505055,0.01996072471312079,0.9022656637356036,0.507127784184826,-0.11459991877510609,0.20868293287963205,0.06970583035213782,4520,175,4.91423717469514,2.015835064330589,29.789656,8.031945,-0.35897650846007567,1.5334607569908667,-9.685273,-3.9638588
909084,0.5359364711669444,-0.08117040135301594,0.01996072471175306,-2.7815740485836122,0.526764754253072,-0.07992365510730046,0.029947003544486234,0.07350218111263644,4522,162,5.742436979833483,-0.7093214358223293,11.974414,-40.471546,-0.36333922328537527,-1.1623405614109237,1.1825527,-5.4712424
909262,0.48441811064947693,0.04294588870940664,0.24122759113623704,1.9719899217323789,0.4799117557224518,0.040513440581560166,0.24012871460112659,0.5619682939534061,4523,139,-2.842508464127475,3.971677717623003,-2.9214752,13.660701,-1.2696765204274574,0.8761187294988626,18.17014,15.3895
910375,0.5690035029116213,-0.0568954733418394,0.31990043984853556,-1.8113590941622042,0.5694587120502492,-0.0545539912970805,0.32060713665709406,0.5613538649633307,4529,46,1.5582223648310265,3.016667208349276,4.6003084,10.449701,-0.4255237403502835,-0.6273056043622554,2.341729,2.9363651
910851,0.38417115971792154,0.25498852480729856,0.059314133736046694,1.799442495011145,0.38045761982447607,0.25410495865351657,0.060031521801370336,0.5618645450487527,4531,120,-9.027658153279093,-4.3125969904633,-61.157234,0.039827142,-1.1584141369607708,4.6099368691033,-22.35715,23.882
911410,0.5547961293691381,0.16296650697151302,0.019960724670835695,-2.845348859789733,0.5392681847168366,0.17495924551119732,0.0707049429473901,0.07731013441877956,4534,76,-5.081278925545924,-2.9684304820410445,-41.94239,-31.18748,0.4535422282063001,-1.70309963203273,9.052482,55.12441
911845,0.5020725454176306,0.28392305535589407,0.019960724713120832,-1.3040394637763084,0.5026674224267355,0.2808287510554881,0.02205157768521529,0.07333606681821343,4536,109,-7.640562656574253,-5.476622536773916,-63.92271,-16.836441,1.22614942843165,-1.9543124722543181,-48.81311,21.194809
912609,0.38615145762634717,-0.0385657685956346,0.024722727998876166,-1.9780356205655925,0.3834892999406589,-0.0447036275364505,0.020849582503398745,0.5572881237659871,4540,69,1.8635396364264505,0.4337108722804691,6.0658517,-18.22934,-1.7506813704586397,0.17559323326254653,21.16255,-18.67752
912767,0.47634930225065664,-0.12354146684056476,0.01996072471312081,0.4474374086792,0.4731416778908044,-0.12476330487771425,0.019012231717745853,0.43134091229059646,4541,26,7.186005481218246,-1.3714263120022867,34.362816,-28.341265,0.12397115223953258,3.2602380487935534,-10.131893,-19.434568
912780,0.4703549942309964,-0.11230298579538289,0.1681441028585306,0.44947342124937895,0.4669961491632098,-0.1138004931918737,0.16487475477094854,0.5613897560951628,4541,39,5.172496359185194,1.0957805435924066,18.613596,11.330276,-0.31639033343299994,3.4283132198820194,2.3224127,-21.319424
913279,0.4069608410649887,-0.21291247088616586,0.3074655653979705,-0.8042317923106488,0.40592283085281544,-0.21383631598484915,0.30737593685616055,0.5623190609669999,4543,136,5.974292380365557,0.02301769163531689,50.864548,24.42042,-0.6981313126106188,-0.41498650761833855,-13.980049,-40.415585
913323,0.4311428851388626,-0.15430538740683047,0.019960724713120815,-0.7751514206523981,0.4645204863530141,-0.026358779550675226,0.2310993120223939,0.01713569133099313,4543,180,1.3196655516319906,5.407408123340729,8.981629,37.498558,1.8710103014711243,-1.7238055627050306,-19.932394,-27.169937
913325,0.4311428851388626,-0.15430538740683047,0.019960724713120815,-0.7751514206523981,0.4575634731884528,-0.06805498678726597,0.21489168449435933,0.012490030954062318,4543,182,3.1335041541988375,4.130693906805132,12.377585,33.42256,1.879358781684212,-1.8067221808044824,-19.852205,-27.104177
913339,0.4311428851388626,-0.15430538740683047,0.019960724713120815,-0.7751514206523981,0.43277776062345114,-0.1574064785490532,0.04863637175231805,0.009178861966038428,4543,196,7.9557572322011785,-1.9616552184980005,32.518005,-20.20023,1.5610237738092967,-1.774146523394977,-18.215044,-26.44566
915892,0.45282004780987684,0.19151487293697125,0.24527616239930564,-1.098873083597346,0.45129176262984555,0.19488681624425452,0.24378108810968505,0.5618645156076244,4556,136,-7.66157322629526,-0.6621742390475581,-47.524216,18.866085,-1.2144070859736877,-0.149046357722599,-15.6480665,40.279655
916753,0.3553157772642916,-0.2538966828858053,0.01996072471312083,2.4877693720552583,0.35682152294003067,-0.2596504297264015,0.06349326896122723,0.03812687976111292,4560,193,9.139254023244428,-3.2288882141390145,66.891846,10.269601,0.040650622879565265,1.979175737444004,-17.38486,-62.49574
917032,0.3672400412212014,-0.2819521553872156,0.01993333229528909,0.9739613164198916,0.368078644052265,-0.28245546799961924,0.022038890701416874,0.48478513025212067,4562,70,8.81821184898128,-3.5126627189744477,69.25927,1.2242461,-1.5086512167543038,2.0328331473385814,-22.27959,-56.84962
917123,0.36365702769522956,-0.28101108834935845,0.0199607187005899,0.9860727391867367,0.3692732393647812,-0.27921169725498735,0.01852538115661756,0.1655526400420848,4562,161,8.877278207869816,-3.4891493924227124,69.15007,1.101364,-1.3223466675802253,2.121418066507656,-22.195423,-57.045017
918386,0.446714923437065,0.2640276351588999,0.01996072471312081,1.4602788891300853,0.45040016667909666,0.26090775352310086,0.07808185826186681,0.11267818607829898,4569,17,-9.015602249039368,-4.4416698211040595,-60.070477,-7.293978,-2.160718781483552,3.439844481214859,-34.275265,27.7147
920417,0.47141289247523516,-0.2788273431391606,0.14810196277323442,0.3054125306648142,0.47002737848744225,-0.2747110516684807,0.14493930295946206,0.5615411924150473,4579,38,8.683439676226541,-1.9965805816375473,50.924915,1.0889232,-0.17447091045504454,-1.707991964049108,-42.387012,-12.95589
921549,0.3566984605233411,-0.11828134444581072,0.019960724712209988,0.27937907936114603,0.34273268053134587,-0.1131746666390466,0.047041503227613884,0.03461896420555838,4584,165,5.6848058429486725,-2.1304275917061983,25.883318,-12.499983,-5.144042951907576,-4.279790866101514,15.846846,-46.057575
921578,0.35669846052332205,-0.11828134444482909,0.019960724713120832,0.27937907936114603,0.36367455932747034,-0.1257358168084286,0.07157056317836766,0.054346046644415065,4584,194,5.87061483152238,-1.6213814052864262,24.29807,-11.406398,-5.527290549370919,-4.278715909680922,15.429642,-45.961838
922213,0.4283641447530604,0.2359968504531712,0.019960724713120808,-3.0125173168701007,0.4307774764182609,0.2314843878708401,0.018898396898966552,0.18959824470026324,4588,25,-8.343034131010596,-4.929118401094314,-55.132427,-7.2018847,-4.275757844989633,1.519218982930492,-24.319603,35.457912
922532,0.4600921808143204,0.0953220785479047,0.18120571283878656,-0.9401714586985397,0.45828415020286845,0.09378755770931149,0.18149242641695826,0.5618008466062536,4589,143,-4.583492773735929,1.9937149641434933,-20.121157,1.8715495,-1.9126877035977177,1.0381193665400736,21.383896,18.664185
922899,0.4559154476551844,0.14854389237765186,0.019960724713120794,-1.2902841168803443,0.4627256274223238,0.14690129495755888,0.04616212702136291,0.06195084296145747,4591,108,-5.417411556272699,-2.341008483931532,-36.529037,-23.62974,3.483161902217186,0.8822040970833123,0.35916045,44.198227
923113,0.4471698066770032,0.0045018396652958745,0.07181977748189756,2.1714998706113477,0.4458985048511789,0.00614456283714104,0.07085153580393291,0.5619016381831752,4592,121,0.3592510721263283,1.1800127925208366,-0.7433978,-28.146238,-2.12052051189027,-0.029860151218135546,19.908045,4.028807
923334,0.366299641110389,-0.25473532790183434,0.13746827420893432,1.866515029755587,0.36357969361589565,-0.24555221564444674,0.13847783101816222,0.5618808038886673,4593,141,8.048071283710238,-1.8126999519317457,61.824726,16.460836,-1.1002490406684775,-0.8528781249663281,-16.085007,-46.118156
923384,0.3546628553090995,-0.24995770578715013,0.019960724713120832,1.8926711627618482,0.3620792523227093,-0.2566958600179077,0.07631291864582718,0.034863592966337884,4593,191,9.116292670549418,-3.0243106037733454,66.46908,11.062388,0.39694505520084283,0.6120786139623672,-17.222849,-63.031136
923758,0.4796837323320563,-0.23402770583051813,0.019960724707396973,2.671673269947759,0.47511426239278975,-0.22017971520392085,0.05708798045804661,0.06314399210607778,4595,163,10.063393336103806,-3.2590841356013227,53.296688,-15.831965,-1.3925837200068891,-3.1704357434727197,-49.03212,-20.511858
924146,0.35213434579506686,0.15423923203588563,0.09977980371190444,2.595038586151292,0.3479344439469825,0.15689499867378337,0.1004645545076239,0.5617788704726486,4597,149,-6.7356045986369795,-1.4168129299287897,-35.184826,-5.300252,-1.5778955265364134,0.16342794246248687,10.462424,28.823532
924296,0.3099737412711702,-0.07920083305179913,0.019960724713120805,-0.2025549175988833,0.31235967391217007,-0.0912634184890844,0.15509497234456035,0.14053305065204344,4598,98,2.7537695896889707,1.3344053513163017,34.253727,28.657673,6.252218557523924,-0.9566924619877947,34.522606,-45.98937
924390,0.3138587130005129,-0.06448262873155179,0.01996072471312081,-0.21215992584514165,0.31919596727570065,-0.07407469021129529,0.0978033662270254,0.02973346945344434,4598,192,2.5349965118808946,0.38382357872303574,14.093993,-2.7635539,6.849520284572102,-0.42639918483498573,35.153946,-44.71688
925094,0.3840550737831672,0.03255887031147953,0.0199607247131208,-0.9123743539198599,0.4665871189819251,0.02398533966580827,0.19123081626277744,0.003790614793977392,4602,92,-2.275796198138835,4.614550772997196,-10.494758,4.237069,2.2353475208075437,-5.2818026107403755,49.34903,1.974867
927994,0.3781552559361474,0.09494188902620335,0.019960724713120805,0.06984852864255554,0.478836371404861,-0.07864450644213146,0.3000251478342312,0.06129390878263122,4616,178,1.1136715088740532,4.296040351718502,11.103736,27.936096,0.41881511934628846,-1.50793173800959,45.520863,14.722269
929380,0.47946001792020254,-0.03441820712738503,0.019449734270103814,2.966242745584334,0.47990309569926987,-0.03166655864834628,0.020283042576980104,0.5612243148892417,4623,157,3.165485700933748,-0.05520826358386832,5.196786,-37.83085,-0.5644561214289552,0.762954823614359,16.097115,-2.887463
932593,0.38489562356704154,0.26526303580706606,0.026414802308894744,1.5192576272664164,0.38491993031081145,0.26308179792564695,0.026237940431693058,0.5613553336455931,4639,154,-8.943161833370013,-4.786089767809559,-62.145847,-1.7749572,1.2881667098952345,0.7428245730305962,-16.613478,23.585148
933246,0.44695700208177,0.26166517075422246,0.01996066750954162,-0.9917293586705018,0.4411034433192967,0.031143083720830692,0.25673193709239434,0.009305732816534537,4643,3,-3.901337309584927,5.352163741086761,-12.989601,34.868416,-1.977700734181651,2.6096835761832162,-33.767185,27.726755
933920,0.34719061243618293,-0.19270805867633659,0.01996069072428392,1.141051546006719,0.33799622566578236,-0.18687324865229943,0.023994540331211983,0.1473112833974757,4646,74,7.8607451584295465,-3.4021110350694683,60.88859,4.864213,0.9978229022234945,2.6303677886620433,3.6146793,-56.9885
934282,0.5154802910347188,-0.2717250673353385,0.058586504349718335,3.1347296884516846,0.5152415166240732,-0.26981556689324054,0.05406840461516485,0.561263029131085,4648,34,9.218106462709432,-3.485262394756292,61.405098,-13.788335,-0.834500784418006,-0.1926093422249699,-40.444523,-5.3865905
934525,0.4506132695125361,-0.16940162507729015,0.019960724702918677,0.6229988343382047,0.44123323900188977,-0.17048747125625677,0.0380604535407984,0.09554122076541023,4649,76,8.735581418410764,-2.33260748184116,35.958836,-21.486387,0.6504449486228903,-0.8836107473150402,-21.089874,-23.554882
935146,0.4388929508091883,-0.2139385688401736,0.019960724713120825,-1.973254018524548,0.44047423867594687,-0.12416859893942114,0.15065824501238462,0.006554335668991797,4652,94,5.4765404375579765,1.147400471363481,31.533968,12.888852,-0.5199098660042046,-0.3596999232232881,-28.668781,-29.034323
936510,0.46714526843846027,0.22300681682968973,0.2590797266548691,-2.2596882095891284,0.46549371964599134,0.2248989513146865,0.2588707569610244,0.5617666043320172,4659,51,-8.08852479138588,-1.3489434965659686,-49.119938,15.940525,-1.7039875916087093,-0.15269883516282076,-17.17534,37.965225
937196,0.510210612138034,-0.1516844646163514,0.2969560323450057,1.0280472232716245,0.5043741059079236,-0.14813854197598977,0.29494201966671874,0.561910292830469,4662,134,4.747611838756464,1.5827563918655652,20.925508,13.930952,-1.1142495961860592,1.5047310874646804,-23.460295,-1.8164518
937264,0.4160909758804608,0.23125527501726637,0.019948878065594085,-2.570866327938819,0.42400867309557233,0.0024250637036439724,0.27546430975543135,0.050109239817995574,4663,1,-2.41598442058524,16.435923158134678,-5.1593747,54.95746,-3.081736982580401,0.12258718818310602,-28.184902,34.983475
937610,0.35566197624721757,0.09142142789063348,0.11589293162155805,-0.24651029283619513,0.35342801039424604,0.09213708868265348,0.11682266701255703,0.5619449498705852,4664,146,-5.254830272772353,1.019373774001476,-19.549183,-8.731284,-1.8657380663957943,1.5333315879207219,40.315533,22.322649
939728,0.36056211689539097,-0.2123525463816436,0.1881971075698186,-1.4167208752519478,0.3609709213999586,-0.21082215238034405,0.19126981945613208,0.5617769405973236,4675,53,6.594149773648087,-0.6476387046731489,55.081963,25.502306,0.5720610082909561,-0.8163851698938075,-13.252081,-45.567528
940861,0.3311069338645059,0.1852837952187009,0.019960724713120832,-0.7558298523817717,0.44286415316015193,0.08564161291484462,0.2470766504809654,0.0053078444966962145,4680,181,-5.170029656957728,3.307707420353913,-22.671984,19.360554,2.92902036931471,-0.47842396299595974,23.583965,34.32949
942248,0.4482281994443862,0.17582502656023358,0.01996072390024407,3.026386673836496,0.44154400812003647,0.17725153256057222,0.0321536079187556,0.07403376656415547,4687,161,-6.371175590790623,-3.491589765874284,-40.087555,-24.193832,2.433016091390479,0.5979295457548849,-4.141667,50.38899
942818,0.5113256962483792,0.1782659608550693,0.17978586769898924,-1.9176100428537295,0.5109181548151488,0.17731620633173217,0.17649255384135878,0.5614791756909102,4690,128,-6.310889425508676,-0.9434242709006112,-41.726883,16.255476,0.21946415383772927,0.5947263726898793,-13.153197,48.857994
943369,0.5275150301632853,-0.21776981169702703,0.019960724706927405,-2.7631762457564686,0.5196383879593892,-0.21012768741069746,0.07111271818209333,0.05550117958741248,4693,76,9.06411749385726,-2.888157691717289,45.94661,-19.620714,0.04174880977056038,-1.6107737383893275,-50.30611,1.5153823
943647,0.4052940174072533,-0.26430724725795496,0.027612456488795793,-0.6940895691234502,0.4039844630510804,-0.26313075031691374,0.026599529661163385,0.5619398608639573,4694,153,9.933068121269402,-3.4725339042724785,65.988174,-3.0146348,-1.389348673110284,2.441922585099265,-25.079569,-46.77185
944127,0.5046186761929904,0.2320563557507359,0.02494653849795717,2.8043208153915784,0.5005259431556208,0.23343516327857466,0.02061800267391592,0.5619942182291818,4697,30,-7.3859117187102745,-5.071048066482996,-60.04167,-23.15032,-1.4018450039354788,1.6470875299244903,-20.827936,54.366505
944992,0.36955602634185214,0.10259823683701934,0.019960724713120808,2.7246166302766253,0.32680749452168995,0.1602266269610981,0.21976807355846087,0.09791485217904035,4701,91,-7.056331437992774,1.016708832802248,-32.705116,20.568678,-0.21877584877138676,-1.0820746361228426,46.40317,20.632933
946157,0.49557223400113076,0.21120621450164972,0.30369327519695194,2.6071951887181806,0.48981944624723134,0.20186436073767655,0.3058178686444155,0.5618924283987528,4707,50,-7.390805574634554,-0.773066248907053,-46.915077,17.886812,0.09050805741921757,-0.13411082408064365,-14.882156,43.207077
946215,0.5488301620885402,0.2975369906794928,0.019960724713120787,2.7681077714388582,0.5533722329098508,0.29803147566380717,0.0746322513722385,0.01786082114047202,4707,108,-6.4164033274940335,-4.587934484687043,-61.412212,-16.977713,0.009862869432604907,-1.487872797399913,-55.330994,22.82628
948112,0.3031035392957208,0.09061991069145167,0.01996072471312081,-0.17320085319666498,0.3116433260133204,0.09056529499477188,0.05703626921829688,0.02818323119294185,4716,196,-4.675335233919316,-0.4725688721953829,-19.026503,-12.740717,1.7509840974888007,-0.21244928175975103,41.175182,5.460999
948857,0.5650692015605547,-0.17453894430883463,0.2689585211105493,1.8110244283014196,0.5636487476323527,-0.16840495067788355,0.2676479646329796,0.5618251987710212,4720,137,5.375229412496468,0.688928081299822,22.721657,9.9031925,0.4427597028338359,-0.307939328400667,-29.744413,-4.017174
949102,0.3976435030263937,0.1502021275119526,0.01996072471312081,-1.6780599545513213,0.39515482785599965,0.08902278527729374,0.1982672138655407,0.05606775668165566,4721,181,-5.522283461898676,2.9803012467642622,-21.559217,21.153423,-0.38972802026432957,-0.8826907676239447,-1.3246826,35.052013
950261,0.5126147535856119,0.3179095176009115,0.26006750050349264,-1.472816653629275,0.5040002634893358,0.3169550707115118,0.2589269806496587,0.5617203050343378,4727,134,-7.294314268024347,-2.389345218614289,-51.329784,8.066897,-0.10179798466698022,-1.3063029919229623,-50.352634,18.283434
951811,0.444607037003913,0.14359744638092195,0.019960724701736245,2.72325992200736,0.43330845998056516,0.14836365952952377,0.059332433584405375,0.058641403144136794,4735,76,-5.825154061778217,-2.0126390829110847,-37.5448,-21.39403,0.9587551150770474,0.19843147359584903,3.4640498,45.425987
953516,0.30411106981076347,0.18799727831261295,0.01996072471312081,-1.776953704351008,0.3198467566882458,0.06158603425288507,0.223382386609949,0.05977351424728912,4743,173,-4.739315986906938,3.4318912043463,-21.379778,27.236609,4.701796950762585,0.15389986378210319,20.224148,33.17642
954629,0.3605706482563693,-0.1867157843842392,0.019960724713120805,-1.241967543891698,0.3507016523476227,-0.18202056534332267,0.09820340888762455,0.05200163858078342,4749,80,7.580254138987858,-2.0312311981029776,58.9384,11.128131,0.40217780839740913,1.5450184491907648,5.0098686,-55.335365
954809,0.5406512331586648,0.21723329251237034,0.1002857371980585,-2.247596048562432,0.5384077879745773,0.21911389930975955,0.09915311149730413,0.5617518336837665,4750,59,-6.738383998691521,-3.623726838916256,-52.60126,-20.062654,-2.9716939905079194,0.5461462635160436,-51.94936,32.381783
955647,0.48860074974070566,0.012376017778488655,0.019960724713120784,-0.010947733930026887,0.48766363772487764,0.03084326790789396,0.21825531409821483,0.11142324584900876,4754,93,-2.5223945946601867,4.755776840522332,-12.569482,9.217496,-0.12759795865549453,0.16490784203601788,15.70614,4.5103097
955777,0.45807494343181276,0.2065008855792331,0.019960724713120815,0.31376790834610846,0.46491095890240874,0.20621321041592483,0.041143417732451976,0.008066572327892025,4755,22,-7.459549438084201,-4.4610304599726165,-45.494003,-25.04919,-0.06803252276032493,-1.3447434306770718,-13.429889,60.355316
955897,0.3857526484829706,0.07588684420733693,0.12226203225939955,-2.267248681397192,0.3807161684814363,0.06960156387502718,0.1219096118908479,0.5614557388222123,4755,142,-4.398539637925442,2.0883309244749007,-17.690496,-4.2994604,-0.1832433760471342,-0.6735203064683972,40.490456,17.389585
955946,0.3747316622553711,0.07360919121930688,0.019960724713120822,-2.216286285032778,0.3773552766395546,0.06966669253810902,0.0797244958159167,0.009091437488723085,4755,191,-4.128288917861776,1.1593998138008876,-14.924298,-17.362844,0.4205498192558752,-4.918996790254428,44.144386,15.743032
956622,0.3788608310300087,0.15628771591595814,0.0636694489275149,0.951362144976146,0.37833687577739167,0.15499655508063975,0.06016862205119958,0.561823333116214,4759,63,-6.590630807361217,-2.4563773276980214,-34.721504,-12.724861,-0.5563597740929257,0.6652722754142517,3.5022557,27.50474
956858,0.49845593912019726,0.1976963885142299,0.019960724713120794,1.9282464824343843,0.5053333201142663,0.19038198799970427,0.1611960355408182,0.05886429448858665,4760,98,-6.955711532694392,-1.1229250458419306,-33.574543,6.684593,1.558045293053272,0.6832193773702946,-13.535579,56.204758
958989,0.48759023728804424,0.19422359596167504,0.01996072471312081,1.4699286635434798,0.4914526771463027,0.18595434185123344,0.046922338798221386,0.04764872901307266,4771,18,-6.3346314477040755,-3.7788341195821213,-42.786934,-26.80833,2.2252750681532243,1.3240829651881547,-9.855351,56.118416
960480,0.3117373221063672,0.008008345150295394,0.019960724713120815,2.6107668058566054,0.31684810276005326,0.00798742312484149,0.14919945458995043,0.005793519674598344,4778,102,-2.0462074544508964,3.379300222198338,0.65037954,25.162237,3.629478053918274,0.6406100593307674,49.695816,-16.737106
962810,0.4443393576510773,-0.044889586670814184,0.019960724713120808,-2.212620860710253,0.44960049325870494,-0.048190490143631595,0.034926386933952225,0.02163068409219944,4790,20,3.1888081382073103,0.5877357927265265,6.752841,-36.162876,0.022805630240170405,0.3667523228280433,14.081118,-10.8290825
962913,0.3115196368655317,0.18287160992768062,0.07141973930180366,-2.1630718123429657,0.31048190341641196,0.18346945983375149,0.07058752369056248,0.5614830333448443,4790,123,-7.014836309676018,-2.511586325723791,-38.20799,-5.690035,0.11435325595013739,-0.2360572108245054,16.454956,30.573729
963432,0.4381487016495952,0.19901698047338628,0.17764101385913822,-1.2144171443381406,0.4379658255347406,0.1988143916667417,0.17423810945392684,0.5614012495300704,4793,39,-7.826999680051699,-1.338797401218926,-45.518833,14.838964,-1.7710816340965834,-0.4298653760194604,-16.117483,40.768185
964656,0.5020738733684988,0.19199079829392285,0.13658944633145667,-0.9602563080375132,0.5004086569176975,0.19452152460964778,0.13224545027430493,0.561044617050962,4799,57,-6.998243468116417,-2.1216356417365754,-50.157124,-17.87503,-0.2836901615394931,1.632741985379285,-14.757492,48.44275
965508,0.4815710794193693,-0.22325991151439517,0.019960724713120784,0.4900811063992791,0.484693943695624,-0.2208719031123162,0.06277528027275725,0.01283162390599554,4803,105,9.813340832411443,-3.071993051058185,52.819088,-15.902784,-0.6223312147446681,-2.2002727180171617,-49.136143,-21.20817
966048,0.48353819310718466,0.2440443142346577,0.19658935733116184,-0.040674823622731206,0.4738265038521975,0.24471841079480555,0.192059895211433,0.5619700887386244,4806,42,-8.150548852020508,-2.2610632962549064,-49.63932,11.12661,-0.8714871467308108,0.7581977313941219,-16.129665,35.27218
966124,0.3455957324362764,0.22092694163804089,0.0797120959537691,0.08006311278381147,0.34134398748433264,0.22044621217481095,0.07833411370656404,0.561422491449288,4806,118,-8.218897289091037,-3.283030829622013,-43.334957,-2.9386122,-1.7177555158765099,0.1285665097717605,-11.842631,15.574392
966370,0.3016846919881065,0.12615846056721428,0.019960724525562933,-2.475429576895609,0.2894753690646982,0.1222193927889996,0.03804300425398635,0.08787418127118178,4807,163,-5.4079415920888385,-1.7572635864223605,-27.411846,-13.042552,2.008834973305019,0.07469509443454611,15.926616,22.608034
966890,0.4445783816033595,0.10446725765371631,0.01996072471312069,-2.540288352034523,0.4306716616383583,0.10347591889682702,0.14386947386581384,0.023280000488878457,4810,80,-5.113867389163559,1.73843087242415,-22.572824,14.815933,-0.6249359269128903,0.052355263841388444,9.522213,41.71574
968505,0.3781962188641496,0.193658945457901,0.019960724713120798,1.791150787168963,0.37639182026724566,0.26738331063366105,0.24713167637669572,0.028305470142284416,4818,87,-8.681306856653672,-1.1839568689729232,-56.871677,11.615007,0.359314426793164,0.081086651147561,-7.856298,30.708658
969343,0.3775075732086981,-0.17226959227173833,0.05256783992578592,2.63499914719084,0.37234158930940214,-0.1692853580492585,0.05107068496098968,0.5617155769176829,4822,121,8.117212017525636,-2.7093723795017497,34.433205,-12.265915,-1.1799850484587742,1.1743160287076073,4.8243494,-46.804134
969886,0.3975098940911109,-0.226123833546407,0.08913412814563941,-2.397783861355197,0.3906184801186344,-0.23263730843335162,0.08678617971911765,0.5617367748180548,4825,61,9.227013320778047,-2.601172311418737,63.883167,12.021175,-1.2330150839222005,2.5850372707862768,-18.746521,-45.070732
971499,0.3424615104673764,0.04771510113789821,0.0240355045854628,-1.6576994572824406,0.34164758661091693,0.0365100920168644,0.025733785671159193,0.5614551093100133,4833,66,-2.571402837130111,0.1887710816652739,-6.9508114,-15.271101,0.8694212421438069,-1.8603273179334239,46.995266,4.031252
972701,0.43848032133904863,0.22662448733561075,0.07932875482715979,-2.760724085580054,0.4351671448939881,0.22525124950901634,0.07676388348926216,0.561675774400267,4839,62,-8.590302373135676,-4.026662282526832,-54.440346,-3.9555151,-3.8185463336702954,0.41249964119505966,-23.079796,36.193485
972767,0.43866259959655185,0.21096874845943245,0.1845579646451115,-2.809101687584037,0.4319799791019542,0.20898654831984323,0.18103820323854464,0.5619226318915703,4839,128,-8.132529902378813,-1.5472083170062771,-46.5385,14.938188,-2.639268488564155,-0.044452848677759504,-17.398823,39.74098
972934,0.31967611089993947,0.09311303107872486,0.019960724713120815,-2.2505961598108777,0.30212080215206905,-0.0066544705822521415,0.20742410860160515,0.021644979174482482,4840,94,-1.9856340416093503,3.607076831508966,0.59327596,27.379215,1.8482351258037308,-0.16402061600763673,40.168114,3.684263
974228,0.4018318229387312,0.14624537189534567,0.019960724713120784,0.5992050741339777,0.37682740424882616,0.17461894708021816,0.2079455015930253,0.01968555589771993,4846,182,-7.522705781559443,0.41958225344323796,-32.891647,18.69883,-0.6732767228976037,-0.6585184150805714,-1.6656145,34.974064
974703,0.3740114123574865,0.1245375033616809,0.1690999127452581,0.4858883097904415,0.3708127198409677,0.131197412169846,0.16526163429792867,0.561727217151896,4849,54,-6.353018611535118,0.539515560015036,-41.246243,27.675543,-0.7501486566058325,0.31351929287977104,1.4265416,14.002782
974716,0.3531178016056414,0.2778646446892862,0.025203168923906644,0.37177300557177145,0.3495401424447651,0.2871989932835504,0.02075472463813427,0.561509606283422,4849,67,-8.44507711250662,-4.5260700492637636,-64.39186,1.4707586,0.3882148542423565,-0.3642582860332706,-23.154097,15.913648
975107,0.33195850034362806,-0.037320120560074214,0.17839875694282314,-2.540342570779666,0.3303550686543713,-0.03887591670114875,0.17420229088630618,0.5618892648184091,4851,56,0.4681590051077758,2.8773445080767215,8.230495,21.800913,0.017546182619568487,-0.17844217100768842,32.456623,-33.74916
975537,0.509481337866795,-0.2858972598516294,0.019960724713120808,-0.026304639676692183,0.5150258023730636,-0.24431508463495383,0.17656054754234907,0.07294437740656047,4853,84,8.113048996377682,-1.1994777843251865,47.84326,1.0763444,0.7437283991624081,-0.8362707036608453,-50.39707,-7.1740074
976073,0.3363684444374098,0.1739706498629371,0.01996072471312081,0.32415789832540237,0.34394843116973833,0.169130045333321,0.10439930210668563,0.04762137511883273,4856,17,-7.091716945890253,-1.4887314276489962,-36.37241,-4.8072734,1.3606669867550572,0.16690497029498833,24.48062,32.89526
976881,0.4143173928899011,-0.07226845619972955,0.019960724713120808,-2.5382691435423324,0.4189160581244405,-0.07239701045803572,0.03474303234850065,0.037304141510418276,4860,21,4.1211924924914864,0.28775501402425696,22.308332,-23.838177,-1.443573554639948,-0.4084832240314771,14.803038,-29.761484
977466,0.502884074550057,0.18412440177867148,0.01996066750954162,1.195537685066008,0.44516109198591425,0.027679112079495957,0.24795232866288416,0.040093372896724405,4863,3,-3.6446118717796843,5.489308289745862,-13.259035,35.903484,3.816763859209265,1.3187978298623864,-11.476754,55.54213
978872,0.4767837894720379,-0.008592764730456143,0.019959899117348447,-2.8326271633763938,0.43058763308376014,0.0026569084461123345,0.26967645545186575,0.08661087093122792,4870,2,-1.7465380821901346,13.276782539479148,-5.265733,50.208954,-0.828181464468458,0.49801975625666617,20.353212,-1.871644
980843,0.4261379886381942,0.29404127964654947,0.019960724713116523,1.144964399650017,0.42138814659691926,0.2893406910770132,0.06447114087289468,0.02840611051188668,4879,164,-8.941483294466842,-4.512396843165548,-61.565895,-7.759355,-0.25335593055420014,2.8908428950835736,-33.45215,22.907907
981280,0.3864808732125107,-0.17871048241070053,0.019999134686565664,2.958940505103856,0.3863462097046588,-0.17953482619409353,0.01811702227779996,0.5574672265129573,4881,199,8.290600021674495,-2.7575160488366763,46.702076,-9.271248,0.8073100291950797,-0.6898208932476747,-25.351254,-33.094288
981347,0.37197912196004634,0.13036937782082997,0.05071866806424668,-1.1343915785131644,0.3678417711798195,0.13938845738940572,0.053860483878154786,0.5615566970270064,4882,65,-6.19453163359615,-2.0915872914329805,-31.352766,-13.18858,-1.2927747879994358,0.6171512264291142,6.2964735,29.389742
985213,0.4904195300263821,0.021928865628761538,0.019960724713120822,2.141525636385535,0.49127498256057905,0.026004939741052297,0.017804187588687487,0.39630376203680767,4901,112,0.1785595098470402,-0.4510666007457891,-6.143705,-36.762634,-0.5944979033743587,0.1590310874578273,33.837196,42.756744
986480,0.45560779881130253,-0.026627868147274338,0.019960724713120832,2.2625773764698285,0.4460425765954266,0.08453769524349522,0.21098751812563893,0.007509368567210959,4907,173,-3.8109409262126213,3.550416885566692,-17.789713,13.47872,-0.46364421994886235,-0.4237723218918816,19.973465,-5.3241186
986670,0.5108286221324573,0.28766342371720954,0.0199607241281822,1.072737633479566,0.5058859410091381,0.2873607555934181,0.032627452578311456,0.10209270708037894,4908,162,-7.277881875550924,-5.27543765290458,-63.09256,-16.930347,0.7481792374511266,-2.0411361078960777,-52.419643,20.955082
987229,0.46564980121888766,0.06876984192508909,0.04580479013173175,-0.04094131772745752,0.4634693570708529,0.06892523861894617,0.04394329570870392,0.5619091516633281,4911,118,-2.3209831359313084,-0.1563828940527575,-14.107775,-29.138464,-0.6267676954354419,2.57683896718808,24.437252,17.532837
988909,0.3943735974507702,0.010696046987490018,0.019960724713120787,-0.6711760653657829,0.3964971749548758,0.00983278103816738,0.07330390292437605,0.06516069861594612,4919,190,-1.27932503057657,1.8792244288541569,-3.843696,-21.521803,0.9512082023289682,-0.8298755654058378,46.85743,-2.3986714
988979,0.40966443253823437,-0.014883729879106068,0.08088934931062955,-2.421546345110823,0.4114363019338805,-0.01665804170064871,0.08084061554453625,0.5615800833731409,4920,59,0.39402021424167216,1.7996657646228638,2.9723637,-22.65171,-0.9476752280812029,1.5609712771718818,30.718622,-12.862008
989260,0.44878958116656537,0.14540286305611727,0.2724926568452194,-2.682252958316338,0.44510766268523044,0.1431070848317814,0.27136744188115003,0.561860830884299,4921,139,-6.263355189165802,0.8740794898704453,-45.31961,22.448612,-0.5688665177048505,0.2757418543870842,0.8358956,17.467775
989564,0.4948033880424007,-0.0040417954276770005,0.1795327514631104,-1.5155801079747435,0.4846559562276679,-0.004063536368336752,0.1787774931449768,0.5618587004929451,4923,41,0.1579959605000027,3.5393388243043167,6.5927677,4.679758,-0.8368338935310209,0.6241165687423126,8.582274,0.23593003
990258,0.49195919328482457,-0.1253351945291724,0.28441945543918695,0.02221764125759892,0.49169433889613606,-0.11908769583540613,0.283033776214749,0.5615256282801362,4926,132,4.025867920397748,2.285845728856173,20.06395,14.337449,-0.9477838064215418,0.2697163744880144,-22.355738,-1.8339568
991885,0.5291031963114148,-0.27543920003151223,0.032696570464793434,-2.016572804720252,0.5304099165654487,-0.2731591064629479,0.030536559991475504,0.5614626315181103,4934,151,8.91801370839588,-3.6249274613238534,61.868626,-14.953995,-0.5621771190931677,0.41009921072704225,-40.80579,-1.1498696
992397,0.4553993907185569,-0.20665973851032604,0.10915152382268462,2.2523627576338408,0.45368724179497666,-0.20385808135940614,0.10845576009485394,0.5615342458288805,4937,60,8.638772699820597,-1.681152990816547,39.666435,-5.8468843,-0.6110981883632323,0.17636084060909726,-9.221791,-29.441895
992501,0.4471289135430477,-0.2348079103137307,0.019960724708963342,2.343568588638862,0.4365872200811351,-0.2273940507032772,0.03739102214096329,0.11943348562326672,4937,164,10.225234596686626,-3.2279933904164624,51.98893,-11.74543,-0.8233014931340853,0.9727194537965788,-41.941647,-28.224403
992894,0.5047438142675417,0.27635720706410766,0.02089778429093014,-2.598617810656205,0.5034213024242791,0.27595104547637567,0.018294667222924305,0.5386110362744012,4939,155,-7.485423223552405,-5.4868958859597905,-64.083374,-17.439674,0.7604086700003908,-1.562040911394976,-48.672894,21.373522
993328,0.46108131008254155,-0.02664928501051282,0.019960724713120784,-0.6060760767991157,0.4610956028906957,-0.029191813308275128,0.13754805030976414,0.003953137107315628,4941,187,1.4284510354175692,3.0068968405482255,5.2403245,-26.414455,-0.359298940897911,0.4624235403549751,18.97238,-5.0352354
993728,0.3902228229742756,-0.03767780441141506,0.019960724713120808,-0.15669364944661432,0.3956983725813239,-0.03910423799331189,0.17349746032703992,0.02569198188552383,4943,185,0.7956878532287117,4.380940953226806,0.29843003,1.4822512,-2.244214230846395,0.7676528109625494,32.077625,-24.120922
994055,0.526615623821466,-0.03808051586146115,0.019960724713120815,-1.593706315671325,0.525058853638695,-0.03939010202878435,0.021386857153837924,0.21779371056838484,4945,110,3.995547038422,-0.5123229148225559,8.194037,-41.645035,-0.22576890521603432,-0.31718230825965255,-1.6319033,-4.265567
995462,0.39696305984590247,0.09666233940777567,0.01996072471312077,0.8887035346104601,0.40017312389506654,0.09058000861265608,0.030236831723321672,0.0837166014304239,4952,110,-4.2575730277279495,-0.44215648130328195,-17.940538,-21.857828,0.9307476663170738,0.18613471842317122,9.518237,17.767563
995555,0.510088116932777,0.006032960780738117,0.01995989911734845,-1.7760498881016058,0.4296413604866634,6.53799766456558e-05,0.26516059327018093,0.021792909201609256,4953,2,-1.6704937904474761,11.086749230039745,-5.60053,49.505505,0.345605003871331,1.2570569074482494,15.31346,3.6040099
996844,0.3616961425042254,0.025049452059156114,0.01996072471312081,0.25938865370166014,0.42275657473908684,-0.04714408474967968,0.20379907759002272,0.03768102272265799,4959,85,0.6243330336154491,4.5808084629002765,9.146824,28.646156,3.122308501528495,-3.5519244969264157,50.993107,-0.6460027
996955,0.36866835529181097,0.022835574002416707,0.019960724713120784,0.26314785007963715,0.37208234611715174,0.02710707637499045,0.053805046572782206,0.014875593201791295,4959,196,-2.1939127025098966,1.2658764314408462,-7.7106147,-14.107279,2.604519292285681,-1.5776781437220144,49.41333,-1.1371508
997112,0.49119636089480173,-0.2415523342927003,0.06645705083615758,-1.2402115357839087,0.49011776428333165,-0.2380039330644629,0.06378300997981723,0.5616042580026878,4960,152,10.058536589527575,-3.3663841677360593,54.05739,-15.325737,-1.0590899545712966,-2.2625320927130392,-46.581623,-18.377792
998205,0.31386098807782936,-0.2038463258221684,0.15488854863068982,-0.519349505057283,0.31465792499844014,-0.20228918735321955,0.15223276153811732,0.5615709374933638,4966,39,6.630971330569124,-1.409292181984343,57.72589,25.580042,2.117035834411047,0.9304229468832257,-3.3732245,-56.25846
998408,0.475732090285044,-0.1251950458191651,0.2252761080155459,-1.357433447598763,0.4677732027535951,-0.12631495834226233,0.22318314202357564,0.5613972757082297,4967,41,4.9139132622800705,1.6946097403579956,19.860561,13.239118,-0.825860536251675,2.8504165649035444,1.5448346,-22.43764
998856,0.5032428748909652,-0.2873214286766101,0.01996072471312085,1.0139550274453533,0.4065243945789831,-0.11005225063466828,0.24355930662089775,0.05158203288034076,4969,87,4.430692834043958,2.827816193522995,28.8377,21.71509,0.10636493672684567,-1.032613585705636,-51.05252,-8.124522
1000472,0.45648395015379784,0.18404070407045917,0.01996072471312079,2.13284683554518,0.4446131763262001,0.18736274588289575,0.19912958543236994,0.09098855846259937,4977,95,-7.579615443460152,-0.16700446414172937,-33.397007,14.240659,3.0521265526687986,-0.2825047059221672,-6.301667,50.93289
1000771,0.50246539559259,-0.06811230955054674,0.01996072471312081,1.8570597989799393,0.505739869830251,-0.07302331807770272,0.07154015597036098,0.04273199203946817,4978,193,5.5180087453129065,0.04107391434258151,11.557188,-35.70415,1.514206982235955,0.3917524964270319,7.8447943,-6.597683
1000986,0.46449217786915586,0.14507285185748978,0.01996072469408796,2.267554720043388,0.4465857856127661,0.05496837344303846,0.23234859811202233,0.01747133911733918,4980,6,-4.3107005009069175,4.625056302767867,-14.729666,34.37485,3.39213273430039,1.1053881039064437,3.3859065,47.580627
1001040,0.5296175084731317,-0.13517453366409607,0.07403895240593861,1.6681163322696528,0.5301718102421665,-0.1351085867683977,0.07380923920993537,0.5617207409357841,4980,60,7.517420389339993,-1.545588121922329,37.424324,-28.956715,-0.6820830699319358,3.971372691646289,-23.425873,-9.504533
1002215,0.4812395687143301,-0.12985828070593952,0.019821710255999242,-2.5271603973544243,0.48034996057458185,-0.12860242548408557,0.017098457883282403,0.5614444248725202,4986,29,7.406897220787387,-1.5150329061853935,35.036606,-28.547314,-0.5100866219052489,0.8890907290984931,-13.706368,-16.412184
1002522,0.541977155149787,-0.00804142080185119,0.2615926958108035,2.8818083058113517,0.5340431570789627,-0.005874896021549977,0.2588240728386887,0.5618977814505386,4987,135,-0.1317216132891832,3.8444688270035074,1.8451768,11.057066,-0.8274732638538578,0.6469983687057257,4.012142,1.8424088
1003365,0.335525740944809,-0.09445441923518838,0.01996072471312081,2.134682012334648,0.43392937198664244,-0.06943454284792434,0.21837182461403398,0.040717649977278794,4991,174,2.481465162435307,4.084686429997988,11.507537,31.621332,1.0342847551063816,-3.1704667507297515,31.680882,-44.8117
1003654,0.3700231655342951,0.2582446411788863,0.07127744082521649,-1.506753905163506,0.36958299756719876,0.26752662480134753,0.0703002005210295,0.5616008936313063,4993,61,-8.766350276413798,-3.925714106583372,-62.60879,3.0996222,0.8193963371152929,-0.13117624886729007,-16.35765,22.112864
1004506,0.38329515597283836,0.02760172986841445,0.01996072471312083,1.0067452215246073,0.3824178625341321,0.026541781694721447,0.02344307414716018,0.22717934370645124,4997,109,-1.915538155733366,0.717776666841675,-4.65285,-19.726868,1.0392860348425017,-1.1517645208457519,47.599922,-2.513822
1005902,0.39209158134831085,-0.036500675927908226,0.019960724713120815,-3.0975917910948594,0.38694969189200007,-0.021224111526732647,0.20800324926743569,0.024771892941702487,5004,98,-0.3265772100888091,5.294460825074917,3.1433408,33.003746,-2.4386322791316273,0.9274200982450678,32.268772,-23.81194
1006968,0.4386800506273317,-0.08467733281804073,0.019683285202364335,-1.7045813498791405,0.43486881317759646,-0.0843480272584434,0.019413800467861286,0.5502841942294885,5009,159,5.008646889620067,-0.040675553976639175,24.364555,-24.060606,-0.6470752026998446,0.7682539061955326,12.706819,-29.376736
1008349,0.5037894227526788,-0.07195190915540861,0.22702098688628417,2.661719028360838,0.49466033567272083,-0.06716383821187931,0.2267333752835696,0.5617167359319778,5016,133,2.7984305174287827,3.1610764858967952,6.562659,8.503895,-0.1896768152380995,1.2963105660737315,6.6319056,-4.480091
1008354,0.5046836484089258,-0.06690038287145363,0.24498877830337548,2.668077531378998,0.49612724438149225,-0.06270985431765123,0.2453878745039095,0.5617750240536264,5016,138,2.2021998100425644,3.702910109839243,6.308872,9.059206,-0.1589674849729122,1.2739920063605514,6.785648,-4.442454
1008811,0.3896401870151847,-0.07908679428846574,0.01996072471312078,-2.6977563086967224,0.3932645292878286,-0.08131779038728201,0.08192881968832846,0.0792445989958519,5018,193,4.136791063107065,0.40135911209356434,20.186342,-18.748995,-1.7188181493165657,-1.8140856614906116,20.953325,-33.27128
1008918,0.5026592593471424,-0.2261590816721244,0.01996072471312079,-1.5233890840956232,0.5029660454926103,-0.22807103801282969,0.17203432056983134,0.03616548981066666,5019,99,8.084685002754814,-0.8570591397240892,46.255825,0.63022363,-0.3703256263719256,-3.560678929181757,-52.496822,-16.512197
1009316,0.3619248281498028,-0.2540182538435769,0.01996072471312081,1.22995715706527,0.36548474465163433,-0.25320625234736954,0.2013949753329615,0.023207802772276017,5021,95,7.160322837481535,-0.6832154221064376,57.88523,19.876175,0.5857043326159564,1.7650657027244074,-17.311743,-61.804245
1010785,0.3394191196897947,-0.15184911105778096,0.020029246194771234,-1.7266218338764079,0.3373690269496822,-0.15073794330585225,0.0203752741877872,0.5239339864439015,5028,157,6.418124603197895,-3.0565639145954697,29.368391,-10.833326,-2.6229369909233156,-0.4749062984523901,7.2115335,-53.73818
1011162,0.4533712934554172,-0.12107385019364844,0.23799744373506598,2.5573831630689474,0.44731597685283975,-0.11733226003527812,0.23455956026896552,0.5619228028983139,5030,132,4.415039971299409,2.1140964244624825,17.855192,14.836951,-0.1459645561445689,1.7625819316548859,3.0158508,-23.485424
1011211,0.46287049663603164,-0.1780318756973956,0.01996072471312084,2.5078293017892106,0.4731182148644596,-0.21071032059593744,0.19414604105373431,0.037646253559290126,5030,181,7.2564810772902995,-0.017625841527935254,40.698635,10.65552,0.13837521578046258,-1.1862895762681156,-25.808092,-24.41246
1011360,0.2779124283085399,-0.2008564652846138,0.1705855009638273,0.0753410165094806,0.2746637432113982,-0.20091348201112225,0.17261242570994934,0.5614235309617277,5031,129,5.467287308935728,-1.11963608975977,57.926205,25.138126,3.2624575405858063,1.0953712132815816,-3.7768915,-57.550217
1011484,0.5508026377368386,-0.019159547497289132,0.288098653597916,-0.3205154232603109,0.54991784852937,-0.02215934807431979,0.2877037440552865,0.5619786999018497,5032,52,0.28841932362009237,3.9198458313348516,2.901287,11.01344,-0.6669186926829714,-0.30855850097474513,3.1812556,2.9414964
1012412,0.3904944989279525,0.2521180756682793,0.019960724713120825,0.6848711655323133,0.3670886441988235,0.32040586852579656,0.26632592190484394,0.039521561828112124,5036,176,-8.417696843958929,-1.849100408213261,-56.934986,10.372933,-1.2930019521798504,2.5690060816162594,-27.36157,24.1315
1012538,0.5020596291821219,0.1268745093929473,0.019960724713120822,1.0457029139801604,0.5036550359494282,0.1267983764633843,0.08763683844962109,0.007601686885980706,5037,101,-4.436065818306136,-1.2421628738623212,-29.338203,-31.484503,1.6431928842677732,-1.7797601351052992,14.192005,61.700825
1012981,0.4786326198783244,-0.23423158560903215,0.16945902227020324,-2.9713240328311277,0.4760773287738775,-0.2348041867660565,0.16808458982124003,0.5615926424333938,5039,142,8.238620957316881,-1.199366819264302,47.02158,7.0127153,-1.5217027544319406,-0.7336585652342208,-40.68729,-17.83312
1013453,0.3956188322976672,-0.2828682266735376,0.01996072471312079,-2.391167621331675,0.4010681546745858,-0.22858732654145172,0.13472203136870917,0.029982662636608176,5042,11,8.174696310176786,-1.422637039918465,46.296566,13.710105,-0.6031506802137256,1.8287553636152025,-21.190163,-58.136356
1014213,0.3628030740821773,0.28160735071586346,0.01996072471312082,0.33101400355665916,0.3566370688410668,0.2731477965789924,0.11473546044030863,0.04806945767241671,5045,168,-8.953158319907457,-2.808874661820602,-60.13243,9.970383,0.8881783767173624,0.48698780484840754,-27.169281,17.32602
1015419,0.3578506887915434,0.14367122788637807,0.019960724713120822,1.4493579303662885,0.3436527618901542,0.13737572006898896,0.17453753075325865,0.01834476883666469,5051,168,-6.589510671024929,1.0829802629619554,-25.96009,23.98437,-1.1702174781489871,-0.2853818158861633,5.2163844,28.484463
1015961,0.5131672572932217,-0.14019507448814492,0.01996072471312081,0.6528189451660998,0.5214998439881086,-0.14210572146293204,0.042660920716944495,0.01139653655690926,5054,107,7.642630894609962,-1.7958775203585322,38.232624,-29.261698,-1.2139297104840698,1.7072324319127719,-17.948662,-12.256645
1018046,0.3581602910057436,0.044415866214869,0.019960724713120784,-1.9321025532421068,0.38411134857810614,-0.0016703759676496804,0.1751182137736614,0.05851211197340557,5064,182,-1.8396423006830571,4.763850058679199,-3.2788858,-0.111365095,3.0678225066461797,-5.347520722078011,51.305046,4.116075
1018078,0.465889234795788,0.20309008042195334,0.019960724713120808,-1.3633742913083342,0.4741614387564342,0.19949080781256487,0.14056158756058607,0.043187198938881496,5065,13,-7.636558093427558,-1.7293623323580962,-39.27852,4.5310197,1.1947268638892898,-0.6471821907043844,-13.375886,58.851215
1018428,0.3421653711244596,0.08428316100162007,0.019960717731424417,-2.297573260473739,0.3387279660113451,0.0808740888588619,0.02894528812607941,0.16678981818017358,5066,162,-4.306860181139792,-0.4502515097674571,-19.192453,-16.049925,-1.0303371286930383,-1.6725252809099938,42.875908,19.77089
1018728,0.5304462300394617,-0.11300709646652851,0.12964690359481104,0.0891841500482963,0.5303952988989488,-0.11154505562202992,0.13384771797740005,0.5613771466234077,5068,60,5.824885170552264,-3.7322597013916825e-05,30.388287,0.19080192,-0.9049783922629664,-0.9552560530770436,-28.95874,-6.736352
1020236,0.509691104103739,0.18999547633860023,0.019960719085037743,2.229197395506239,0.5041029451996509,0.18980870212396808,0.022496954378460332,0.13534609971443498,5075,161,-5.993545211382786,-3.875231662157878,-41.97076,-29.378983,1.302916559668926,0.9091880807223212,-12.71889,54.841686
1021176,0.3746590037705638,-0.13345683592874913,0.019960724713120822,2.423139875557715,0.4009180373403319,-0.11013663723934004,0.20750671311771973,0.05098019625445618,5080,96,4.204928782783266,2.5736661581730047,30.668901,21.118507,-4.310182365744006,-2.113503408233052,11.360873,-44.962784
1021210,0.38393167333068157,-0.12126680386283153,0.24147071935789158,2.4290588133351503,0.3782110214663049,-0.11648358111920472,0.24137182822697464,0.5619382053331464,5080,130,3.927688949664384,1.8559776421442198,15.07774,19.954235,-1.6340496431622773,-0.2605300016230433,13.158244,-24.404024
1021289,0.5156122850245757,0.0661240660438019,0.019960724713029437,2.2068266137779604,0.496069969641931,0.04852657070700342,0.22443788106552173,0.025559063265111242,5081,8,-3.319305526045673,4.267245900994331,-13.711829,9.7492485,-0.3098825441676207,5.284685404484252,30.061892,51.85242
1021826,0.31986032353887495,-0.2911364749198799,0.14008077800202015,2.178350697311622,0.31616139470911103,-0.28564168280581786,0.1424370489810059,0.5619582297916772,5083,143,7.174094786590692,-2.0287802345053945,62.284206,20.896477,0.20043618352715137,0.044694924803810994,-9.069065,-54.837864
1021858,0.31267316358632025,-0.2841500865611475,0.019960724713120798,2.1838453021227013,0.29030214113735653,-0.045518794956175876,0.21623651731466964,0.029049710252940338,5083,175,1.2735160651351412,3.0840604889031025,32.27552,27.156149,3.5975295496761635,-1.0604049016841643,-7.825579,-48.646515
1022088,0.3687347476879383,-0.09298156334891391,0.01996066750954162,-1.818348787733566,0.41831644781457944,-0.015779084343077163,0.25436189617176097,0.03957415614358664,5085,3,-0.07287217865505677,5.854398734840687,5.1233172,35.283638,-3.434806130934584,-3.222632629053647,24.409088,-34.912643
1022154,0.39314771974590923,0.15809195537329995,0.019951416973152974,-1.248199949039637,0.3915250303685958,0.1593036872048322,0.019996063910287437,0.4547013456813437,5085,69,-6.276328954611664,-2.9372764184699878,-36.00614,-17.488863,0.061000273652063994,0.29219677987309045,-1.0162411,32.092484
1022534,0.4566781646038565,-0.07998697167681373,0.27709946504286187,0.5940360243351358,0.4531183849644656,-0.07507129339998608,0.27564191292627277,0.5613425357655529,5087,47,2.46174115027814,3.5056181046936827,13.289646,15.550576,-0.12891017838117225,0.3062084492179053,10.043782,-20.251223
1023665,0.4176722146630237,-0.23599176750573894,0.019960724713120808,1.8744499337205185,0.3296225257881604,-0.1489086422223663,0.25698157594462706,0.024819000338533462,5092,173,4.686263616023258,1.381665290698784,36.06215,22.62681,-1.195777828735906,1.0457487651072856,-29.765814,-37.39525
1023769,0.43265148372409495,0.16720403386972296,0.01996072399650946,-0.4993699725028615,0.41866443869111963,0.16650420412828498,0.06418387721817961,0.10466824326270414,5093,76,-6.645098461879956,-2.5711705999360572,-39.179832,-21.162703,2.3377113760520936,-0.4235259337807045,-2.0168905,45.082943
1024452,0.3034611105457699,0.20479856853274916,0.01942480397533326,-1.075901449310731,0.30311248011175723,0.2045360795819912,0.021600008628388373,0.5611878333266187,5096,156,-6.737667228841265,-3.5293807905646704,-43.077568,-7.0378804,1.6862233423076294,-0.056368393374786836,17.595278,31.975626
1025161,0.520415608078764,-0.07294322944310416,0.06870790313900313,-2.7647084952767114,0.5179950005905282,-0.0664860042930527,0.07283746699907026,0.5614393103781923,5100,61,5.170022050392188,-0.043376217952353774,10.911663,-36.30747,-0.33823881794535754,-0.34117061505488455,2.413988,-6.3657093
1025852,0.42264613283104674,-0.11526016168449742,0.0905211500235914,-1.8472774239660232,0.4232776456714955,-0.11382895050597953,0.09407547580309047,0.5613925545384144,5103,149,5.89117002741959,-0.3589107711686903,23.487635,-17.40475,0.6825764718238394,0.5270648497038496,11.088249,-33.62021
1026571,0.375665013337033,0.27519898280085253,0.048675567117177215,-1.8545580719580415,0.3695218557941021,0.27719682457880235,0.049774095759040515,0.5615582269181318,5107,64,-8.824378429681097,-4.372976296654143,-63.28055,1.2882513,-0.01690382030806692,3.435753666802367,-22.544538,20.241291
1028273,0.42786749331569657,0.27350499437678305,0.019914697906589417,-1.7788719919080476,0.42601173011939164,0.27523354941704464,0.019024535258401726,0.4230829525534805,5115,158,-8.857562512462856,-5.2759422682868,-63.94823,-6.488286,-1.8028911628907398,5.379388937345352,-33.39831,25.05659
1028434,0.37701270724123287,-0.2229481532560485,0.020049133386681614,-0.7781957137476445,0.37805522770970784,-0.22178208165668786,0.020434360566411403,0.5611738968155214,5116,118,9.330761806554749,-3.2464136957010914,64.122055,0.96303374,-0.5293631170349211,2.158149058934129,-19.118456,-44.806015
1029225,0.5468446593554015,-0.16192576936119848,0.019960724713120822,2.7672705827621322,0.5547234906038523,-0.1648825838219774,0.1018397021923565,0.03755666179326691,5120,105,7.622505064953686,-1.667619677679098,42.95127,-21.522024,-0.6861186089249174,1.139898284439166,-15.011924,0.37117487
1029301,0.5463668163814841,-0.1685210550390662,0.019960724713120825,2.858274796993579,0.5787575464571555,-0.24609230175225072,0.24583224336213153,0.04944905752274306,5120,181,6.680737570282769,-0.09400481175499,46.810543,1.6785022,0.142918609559876,0.22669647100538448,-14.218785,0.322671
1030554,0.3699673507199928,0.013760840405234365,0.020881223570009554,-2.144188160008745,0.36849912267849827,0.01510912407416032,0.01892508951786606,0.55353679820564,5127,27,-1.5618420280201097,0.5121229055389913,-3.4216444,-19.299751,1.064167694166025,0.9433217147123192,48.773705,-3.6694963
1032729,0.38571835209249605,-0.15182549787251795,0.019960724713120808,0.05101514931150319,0.3882262333782967,-0.15506192947006703,0.03988318437691346,0.0802064645948553,5137,192,7.515136467230119,-2.4644225795657317,32.45711,-14.378072,-1.0970530243876941,-0.6229269953612399,6.9134536,-41.01912
1033343,0.3814159699114112,0.04110807824327298,0.019959899117348447,-1.0758946057783716,0.42231842185022683,0.0022262763554078417,0.266584447895912,0.035182442939728435,5141,2,-2.559720083660136,12.963874592174486,-5.401222,50.21192,2.472888437496052,-6.278466799621393,49.572975,2.7873561
1034454,0.5025843966519659,0.06570191487156729,0.019960724713120808,1.715982810952473,0.5054028627446523,0.06457510599127309,0.030429469890193406,0.03182468214005782,5146,108,-1.3808860395966214,-0.956347437444279,-10.848469,-36.320805,0.8393756877723968,1.6328552518644925,32.968307,53.236176
1034998,0.548597657273388,0.042687258286610213,0.25334242527557516,-0.636563626193547,0.5464519017226175,0.039458193699849424,0.2525978294737094,0.561825938937582,5149,49,-1.9886536585276202,3.199474425381708,-1.4019984,10.985677,0.11144497277890207,0.43900763357072914,3.5931726,5.857604
1036613,0.43322089939515424,-0.10567163435792885,0.16960011040788459,2.503742332521006,0.42703226657715576,-0.10053579580681903,0.1701118744578805,0.5617192273906222,5157,56,4.045138275687634,1.9378315982979166,15.882577,-6.8072824,-0.3795180701735154,0.9093864677622066,8.089048,-24.84009
1036648,0.4102554474858669,-0.10717951609580798,0.019960724713120805,2.539724128317043,0.3562673177385135,-0.17583529736343334,0.20361545723058283,0.023211291866330832,5157,91,5.604109148582128,0.7264440374104458,36.941097,23.015692,-1.91797156285849,-1.271701143607132,12.024104,-38.847816
1036950,0.4904805054389415,0.05363521826209985,0.019960724713120822,-0.7684358439966011,0.49471789940980054,0.05417365657373099,0.08852290664023962,0.08013886861752799,5158,192,-1.6747176532324695,0.5922135940000725,-16.55851,-32.94406,0.554185105817633,2.9274196380008304,33.274166,50.892788
1037007,0.4174371579427224,-0.07767895544810621,0.28023599946782346,-0.5337349602697808,0.40935524737555085,-0.07316189405691356,0.2787263592825712,0.5618196923670458,5159,48,1.9457445254072068,3.5184771651418836,11.674469,17.840952,-1.3018793964067799,-0.03801121229874994,12.143043,-21.413511
1037126,0.4833472281103225,-0.04218711525490216,0.019960724713139477,-0.162803337786666,0.46975930638873165,-0.035895733836137145,0.05919353208999448,0.0502359109424096,5159,167,3.4128360549783068,0.544798723615678,7.3889546,-35.899677,0.42615532960008484,0.46590489972606863,12.108608,-6.577485
1037448,0.48679992098394537,0.15005979890478205,0.019960724713120815,-0.2073079313678713,0.40181475922826804,0.2853773357931604,0.2377362091183862,0.035457033687282535,5161,87,-8.581110883404548,-1.3099829986295894,-55.37504,10.560271,4.594637345640958,2.0824767832510633,-1.2632716,58.539818
1037544,0.4927346758065959,0.1577715758943694,0.019960724713120832,-0.1890313418969453,0.49658773867355466,0.14428202698222198,0.14648890144165064,0.018841234333964618,5161,183,-5.710984213958474,-0.11876123719555717,-29.375685,5.7252374,5.587575188712655,1.7109058144881515,-1.7173599,58.932884
1037888,0.529549988066378,0.08746494073090609,0.1076495189456505,-0.10764137277123313,0.5296890511281875,0.09092175895322271,0.10441035561426412,0.561379521294394,5163,125,-2.304624644328503,-0.4118016908434691,-22.435091,-35.203346,-0.27612286868339614,-1.8871747166562862,5.280748,19.876999
1038023,0.35670097230576897,0.004524616398331703,0.13853719176002874,-2.0841718585519096,0.3612235373081625,0.012140479607788923,0.13973606627812646,0.5614013371564948,5164,59,-2.0833754890724503,3.3628657208050967,-4.2902255,-5.952564,-1.1250487557260225,0.7419249252208997,40.45204,-11.207416
1038041,0.3483608817439753,0.005288331819507703,0.019960724713031598,-2.130983428279074,0.34982266174546783,0.021175799051049684,0.0713710757684696,0.08731564149283166,5164,77,-1.801018553969244,1.9762347766911028,-6.1211996,-12.1630945,1.1155193495553402,-0.6675587458384409,49.424217,-9.239132
1038105,0.35349012556764287,0.015094735101678752,0.16494927666715706,-2.132351043396369,0.3524997755748693,0.01353257110418073,0.1653524505006498,0.5617963815683269,5164,141,-2.1807030986316827,3.645315785369441,-0.49545085,23.147509,-1.1950819352093283,0.536042588968824,40.518127,-11.562616
1038351,0.3919107205646432,-0.14672737208834966,0.0199607247131208,-0.42940307235383424,0.39660983418996915,-0.1413376191682675,0.1453387244958587,0.05069578053722353,5165,186,5.697910626510058,0.5107401280794086,34.757187,17.055752,-1.8536423367489394,-1.481633729109132,7.8214693,-41.994686
1038698,0.2838105818136321,0.15582150038300424,0.2194910570306389,-0.39647074855505865,0.2822198554366089,0.15147732173970907,0.21899687735351017,0.5616515686661766,5167,131,-6.573057924096011,0.5066369218155384,-46.915386,28.583994,1.3205888581479643,-0.2591576323173415,15.651972,25.80247
1038730,0.3208809837138626,0.10071024637405063,0.01996072312262409,-0.5154290623717627,0.31797990083939826,0.1004962192343979,0.02797128659076656,0.1233751016116236,5167,163,-4.896994590487589,-1.1780208072987137,-24.50355,-14.118113,0.39505022478760793,-0.1114146425611089,38.327187,1.5849543
1039678,0.48101006563318227,-0.010662872815332949,0.019960724713120794,0.5071306773902612,0.48633892008599716,-0.013103068520768665,0.043184459902671196,0.056811024832612925,5172,106,1.8713837921371608,0.170207721620733,2.2513952,-36.372597,-0.8938269191338475,0.40474113948430657,17.309347,-0.9915419
1041852,0.3636404739131879,-0.09276874911635931,0.01947722324961561,-1.7370876132699002,0.36333703342774065,-0.09407802783532053,0.021365480306589746,0.4226389900203842,5183,69,4.685933341952971,-1.4637790938699902,17.753372,-16.999,-3.7588182114334043,-4.412633265922766,23.251736,-36.79074
1042071,0.3617711073172134,0.021715493930839533,0.0199607247131208,-2.7199820863524025,0.3390927394135765,0.08835434641830475,0.23647948065690946,0.03400682965143155,5184,87,-5.326694730902625,3.3697137789472458,-20.23237,25.772688,3.0755032502839694,-3.3451779263818175,51.313187,0.19918458
1042675,0.49595291145237214,-0.2431655264346062,0.019960724713120798,-2.6842134457009337,0.3698326830918354,-0.04696664507361629,0.22958273008107072,0.02735713902153575,5187,88,2.3292830860518237,4.546002293150709,8.580795,34.103397,-1.3598259027128894,-3.5957719910764316,-52.4516,-14.933808
1043699,0.5274933257819651,0.26503142346811165,0.0199607247131208,0.7431267422090579,0.5326663758964542,0.2665601928988957,0.047644380604808995,0.012187593521210382,5192,107,-7.059603148571813,-5.088201198003415,-62.164093,-18.68351,-0.4397609122632924,-1.0766896504439454,-54.75432,25.484886
1044144,0.5428538302411452,0.12364362445729332,0.065482155914754,1.4984641057280208,0.5384658446072742,0.12397189161594509,0.06420361265672136,0.5619513305997113,5194,150,-3.378666710060929,-1.9214118908646416,-32.264103,-32.865086,0.6868913163805787,-0.9137366829473597,10.0796175,59.202274
1044326,0.3313080465039976,-0.1985272467233909,0.19448161311609843,0.17620917944003456,0.32824066936245616,-0.1991657344496205,0.19583215001730378,0.5614603052786924,5195,131,6.162602363921792,-0.6848384123866146,55.42114,25.86421,2.069215960861334,2.299303969567329,-1.8161931,-56.760956
1045416,0.5179102538475183,0.06250042096163037,0.01996072471312081,-1.4057368012314513,0.5202921469298977,0.06208609025618782,0.13858986316202657,0.011677641003933347,5201,15,-2.3810823690515237,1.3704501629102155,-19.832151,-33.96223,0.11558012110997117,4.559840551019653,30.398666,51.718212
1047429,0.34113180468164034,-0.24217278162192443,0.01996072471312081,2.0364694441397773,0.34530638322467044,-0.24350309206563295,0.0626489818784669,0.025795058238207574,5211,18,8.865062184186426,-3.303586705187809,66.20843,9.232808,1.9070873247662874,3.0122983550971485,-12.678685,-63.31879
1047524,0.4183009818813887,-0.2653608821344248,0.019960724713120798,1.467123870701626,0.41756872866407413,-0.263084090726867,0.02230656167106662,0.3471966325512964,5211,113,10.041211773896018,-3.5619218752535318,65.47697,-4.6366134,-1.1491864094660955,3.2850453792388206,-28.023548,-45.242943
1047949,0.3545881450827288,-0.0329960609303827,0.2235498729322727,2.9541787692696433,0.3448248359751428,-0.031120758856740382,0.22252894801064682,0.5617150689159175,5213,136,-0.006700299771538631,3.6713587336645133,7.7388387,20.601091,-1.8457692013350169,-0.0012172864049106898,20.34615,-23.788109
1048684,0.39270840148957076,-0.2433288031244223,0.02272587490758176,-2.519050612191142,0.3995967846697689,-0.2529020341480668,0.021579143131024214,0.5617404293134529,5217,67,9.956173322815618,-3.450073996087003,65.79268,-2.4349089,-1.2591636181136712,0.2238961634241599,-22.32301,-44.180256
1049115,0.4137329720007625,-0.22455752930437042,0.019960724713120822,-1.096391795350042,0.4050029866248717,-0.22676650965175102,0.1342199917485934,0.00555518273310169,5219,96,8.186944494587316,-1.3932710210902353,46.163532,13.685699,-0.9774803491250225,1.0631796706773577,-28.932753,-37.53857
1049222,0.5309895090770298,-0.1560342354073364,0.019959899117348443,-2.400486192375986,0.4346251766186027,-0.01143162591330453,0.2667891075032187,0.0022648640466029143,5220,2,0.7617677282751933,5.969049375591522,6.845316,37.230976,-1.6273349168143745,2.4154586325178404,-13.906462,-2.5702872
1049376,0.33675271080660757,0.11132628729800106,0.023167704619990268,-2.231681948543186,0.3360366439217106,0.11039281462087083,0.024432216966473713,0.5613895325540692,5220,156,-5.207510163667631,-1.5312111037242722,-25.310587,-14.879006,-0.5651216486468424,0.7564459344003975,46.004383,23.639362
1050016,0.4267317275496469,-0.2340667409635526,0.019960724713120815,-0.6377748853326406,0.4305484615549078,-0.23342734360068626,0.03733264066976724,0.020628437561630245,5223,193,10.122188263683906,-3.141835446649153,51.623737,-11.013676,-1.0064906456423146,2.206325756754625,-42.47722,-29.371048
1050735,0.320163285104455,0.05261036501737744,0.01996072471312083,3.131421006421502,0.3328660054930331,0.04894541256460942,0.040852216159609656,0.01728150865956539,5227,108,-3.1349884213483885,0.20844485985723615,-12.952771,-14.418683,2.035078783901358,-2.260336693762416,46.443333,4.1047215
1052186,0.4898449493810562,0.15359633027939515,0.025393966634961285,-2.2873050704932165,0.4872120105572952,0.1559075358332052,0.023741698613225976,0.5616021088437471,5234,152,-5.251428943690779,-2.7957905179670415,-36.86165,-29.473682,4.453510655691176,1.695608430802144,1.236273,57.6675
1052208,0.4865433566233887,0.15005213300223005,0.019960724713120815,-2.300006759146777,0.5608152900724457,0.016462632042746953,0.22439180396151415,0.04074488028750779,5234,174,-1.291127525870842,3.442860067029809,-10.691321,7.9246106,4.75075031457993,0.6266603222040484,0.38984782,60.34163
1052710,0.417875960461137,-0.21338003028794936,0.019960717906357534,-1.2296851184190962,0.41925976361888795,-0.20995309852401192,0.02941655254494968,0.1179235241292083,5237,73,9.608158083598425,-2.947015972273884,49.701538,-10.580188,0.27048407943672276,-0.9250663989012221,-27.617258,-31.660942
1054422,0.4420870792465169,-0.07541143379671657,0.019960724713120808,-2.185763570777271,0.34697840128358926,-0.15395039243171282,0.1984412024532737,0.08321722895890268,5245,177,4.88636227478877,1.2228499903082248,35.56721,23.555635,0.06606748203050349,1.5877087529938179,-1.54221,-17.319002
1054617,0.47207083321657584,0.20755607158733805,0.0199607247131208,1.747688444611913,0.4153836758180604,0.13362500616152453,0.17189263468826144,0.07647249569760785,5246,171,-6.271049300596122,1.2987189387153366,-26.10889,16.162302,1.1987263703508395,-0.15485670638988253,-13.424914,58.4969
1054939,0.3694308406753268,0.06738979210898523,0.01996072471312081,-1.0167592801302474,0.38180862077179584,0.11333642205626607,0.19346258512527784,0.03861739681262963,5248,91,-5.945905627686469,2.171459486031914,-22.827496,21.647455,0.835395307008884,-6.3394521708867675,48.431564,11.300876
1055928,0.40850594924980976,-0.1681705301986017,0.01996072453890793,2.8523321768390217,0.4042235073420919,-0.16020865641657187,0.03583846697503873,0.09706961450008555,5253,75,8.117792509568506,-2.365191507965957,35.912365,-12.9557495,1.4416841552601207,-1.5688044353043449,-21.04867,-31.577991
1056689,0.35532002323419964,-0.09853804084629486,0.05032172863188472,2.3675350373465665,0.3544154655208791,-0.09765503215467163,0.04974289427026288,0.5618180783345437,5257,32,5.2765076079570905,-1.448103793626276,20.57031,-14.878159,-3.1799336458831076,-3.156489573890177,18.952887,-41.50882
1057655,0.38796134897157697,-0.2559943614018479,0.019960724713120832,2.7519435978130717,0.39270750347821537,-0.25779690495555735,0.06561187960580744,0.02065937160322147,5261,194,9.650583674508624,-3.0623929617225323,67.421005,11.991517,-1.252962795121971,1.5864472364704723,-22.027868,-60.65202
1059844,0.485033659587066,-0.08648242865779758,0.019960724713120815,2.781733831088594,0.4816565263812222,-0.08214179672345537,0.1481056763168854,0.04864404965185738,5272,172,4.432887091991889,1.629993323813053,26.775347,3.7932248,1.4793774100488506,1.3657727612836938,-5.2175803,-14.436667
1060410,0.30331604654354893,-0.29103783931664357,0.28908800438233523,-1.6756390817372884,0.3043774049671792,-0.28047995821962596,0.292170879907759,0.5616361151792575,5275,135,5.425087312534714,-0.8653317617872444,57.24067,23.195908,0.5889178195807725,0.035757391901280806,-7.9965663,-55.41096
1060707,0.5198847892611406,0.29068704694565883,0.021017929511097478,0.41272801426420896,0.5184190653394846,0.29378695820035344,0.016769242126497053,0.5621700624465472,5277,30,-6.869063615915619,-5.420352685052511,-63.431965,-17.660957,-0.10796794744757884,-1.9830799237259067,-52.51989,21.423891
1061365,0.5073429282580937,0.1104497055435473,0.019960724713120822,-0.20825671144239766,0.4986861021405525,0.08709254581919264,0.17879135839837007,0.04669505247958339,5280,85,-3.9484448183280754,2.2033286963615613,-16.572512,8.307201,0.1538112174695116,-0.873567119235764,17.879168,60.133625
1062067,0.5119867477528001,-0.012365633700375371,0.019960724713120784,-2.384329919206709,0.5136959215716006,-0.00659349746190371,0.19299774093390748,0.05489426355770488,5283,184,0.016443001448585542,3.9132187128138747,-7.1292586,6.059695,0.6824138628902856,0.0526826285305462,14.422187,2.8906822
1062417,0.5168358289324182,0.18958476692309645,0.26081594847637096,-0.834417252409114,0.5153589650434348,0.19082795034887426,0.2576441499880887,0.5614380530773507,5285,132,-6.655648010005285,-0.7550742652695088,-43.67797,17.867764,0.05456570102620638,0.48480577491428967,-12.985247,47.392796
1064141,0.46446231224258305,-0.033711320347862964,0.262922682129268,2.838608042812508,0.45179251433794665,-0.030342313046458562,0.26046625817422875,0.5622137449452522,5294,47,0.3427737506972227,4.678579325114401,5.6159616,14.280731,-0.1427922659079008,0.48294671331174865,9.2353115,-2.4530602
1064294,0.4470120126271436,0.21534800888715436,0.019960724713120825,2.8105715960516124,0.44402764929192406,0.21571970943142263,0.02106640592079037,0.31107631594782287,5294,200,-7.716295871526258,-4.714300155752234,-46.549217,-24.524868,-2.151632796010627,-1.1592684117859107,-26.483553,43.7082
1064936,0.45603309222062893,-0.07199634343037542,0.16406409878483677,0.7181348329295455,0.44688330763398343,-0.07955218749798183,0.16293447662870758,0.5357167694631948,5298,38,3.7892325381656833,2.1462666989129526,13.720471,-7.6795664,0.5470613043957308,1.9019020644086624,5.3785906,-19.536013
1065713,0.4712343140521979,-0.2762528037060026,0.019960724713120794,-1.585319388149972,0.47540946380773563,-0.22267377820590295,0.14982685679510807,0.01734638140353289,5302,11,8.271047996586084,-1.1454561459405428,42.19215,7.2004147,-0.8058213717634418,-2.880700941366219,-51.229935,-10.481492
1066263,0.41620860895984196,0.2902743290974125,0.019959306533515332,-2.1055014801301213,0.4134439424172982,0.28768815261241026,0.017904325165007673,0.39858374738445174,5304,159,-8.88184406460134,-5.191069792422081,-64.209625,-5.3848653,0.5228497656419273,3.0071128650477683,-32.726685,22.135824
1066448,0.5102976119259051,-0.2322148238537083,0.21168020062163814,2.2264416445075974,0.5128356015237855,-0.23037091829444245,0.20888796763062045,0.5617092207475359,5305,143,7.536614583076231,-0.7014539631647438,47.629467,4.53713,-0.26450238809088006,-1.3660797815139816,-38.620174,-12.891967
1066623,0.5364828693396781,-0.26610141277613925,0.05629267592286288,1.433505805763107,0.5320089298945518,-0.2652934050112246,0.05131543167759223,0.5611573426178083,5306,117,8.782081792782922,-3.409502564650172,61.662426,-14.413874,-0.5275267883603983,0.7599050439838322,-41.17689,-0.4013857
1067183,0.3039705059934715,0.03842408965691518,0.019960720069928654,-1.1930690434163178,0.29301194419479043,0.0365159711665503,0.027379523517102794,0.12177183705133086,5309,74,-2.4438704171958348,-0.017413306754182928,-4.5716677,-14.666222,2.301679260800587,-0.2412870019861038,48.952103,-14.845671
1067330,0.38407458920067256,-0.26898061558405323,0.019960724713120808,-2.161758002483375,0.3860780899902703,-0.27071111441579226,0.07100134774417693,0.010812639586133916,5310,20,9.39995463179447,-3.0411884514207426,67.483826,12.547581,-1.2127753666876013,2.3339321113349976,-21.186821,-59.77679
1067967,0.5034426505649745,0.1961769116145914,0.20472405660750648,1.1649819726213064,0.4999874473368705,0.1872105651168,0.20258561526578375,0.561638790868614,5313,54,-7.002788197270099,-0.8499810114838954,-42.995045,16.488104,0.1455222400027797,1.0986290388791355,-14.476559,48.44428
1068372,0.45304903251612183,0.06294993234741908,0.12126938709371929,0.4090623214131422,0.44982621213903073,0.06143262918921299,0.12060172815904557,0.5616677290140648,5315,57,-3.152567084481385,1.9779554005265036,-16.046616,-1.0969509,-1.371022137878248,2.2480016427823846,25.552303,15.478371
1070881,0.5068757119865461,-0.09204817345430014,0.032303512603166364,-1.2687475830363908,0.5014884439256022,-0.09390264867789497,0.030854744020448438,0.5614245244940612,5327,154,6.377395224796007,-0.6879038143541003,34.838634,-33.144375,0.7800571477768603,2.0816173635722444,-6.166285,-11.818676
1071477,0.4380637321382693,0.12983122301031774,0.11470645633873787,0.4034664216521931,0.43706460166762917,0.1324700131317311,0.11488563038546845,0.5616261353057503,5330,147,-5.902694452275977,-0.37193321981559857,-27.797827,-4.0837307,-1.6040495605789977,0.2613663989978021,5.8933506,41.196156
1072178,0.4333812827893084,-0.08910568573845404,0.24420240030277904,-0.4883411892927167,0.427081352788533,-0.08626019855151261,0.24783823712784553,0.5555225866981284,5334,44,3.086919001912485,3.0898054362550376,14.076893,16.375877,-0.308473970869212,1.13135080586387,7.48132,-23.071222
1072807,0.5376937722203994,0.21801112582660942,0.01995288841877139,-2.3263734540646785,0.5367398665879862,0.21883062884239832,0.015232684584341821,0.39831910537677306,5337,70,-5.992535639934335,-4.445467276507374,-61.415615,-24.284973,-2.915991629327341,-0.6260677313509467,-52.85494,31.31256
1076005,0.5516994705248732,0.1697152129889278,0.23330427382163288,-2.2901160778494822,0.5484340385893053,0.16603462771949026,0.23329477237504195,0.5619383386650579,5353,52,-5.813760578053852,-0.3215619214884171,-42.16877,17.763634,0.5485636336382658,-0.24470861598239924,-11.795951,46.832073
1077107,0.5397744592379706,-0.216798734820726,0.09580467708493166,0.6543762728545196,0.5369569482729191,-0.21313797789916983,0.09648812692704009,0.5617517337862898,5358,149,8.754888522977218,-2.500554898435111,45.475426,-19.004381,0.3571529926430486,-1.0719476006473778,-33.389965,0.14160074
1077748,0.5194544390874473,-0.13967469726818568,0.019960724713120808,0.4982216227635372,0.5234579125675607,-0.13819891492054778,0.1364318034261627,0.027492505429911714,5361,187,6.707752459834902,-0.2957256186694065,32.61303,-0.19053423,-1.1172774709014897,3.4846632653071365,-19.052725,-12.695654
1077878,0.38173754069773647,-0.07285336641477093,0.020006800306329103,1.531053228062809,0.38188466696174544,-0.07105830512734396,0.02148916507875856,0.5609142011672071,5362,116,3.5584635177367376,-0.17055293798028653,20.860235,-21.660366,-0.5876035809436447,-0.9703634658355705,19.752586,-35.209053
1077929,0.38345349910334,-0.08235115337780266,0.019960724713103686,1.5398362517983044,0.3727080773171463,-0.07320626057791854,0.07699099391915162,0.018807599372961743,5362,167,4.087577374713264,0.3108735839087685,19.954298,-18.387821,-1.6665597564450112,-2.0825384855304123,21.089077,-34.043484
1079056,0.3915894952771922,0.13447600284662706,0.019960724713120794,2.980075709782243,0.44236749746923765,0.043448981800293295,0.20671956007336034,0.052759410432303595,5368,88,-3.8094066592186144,4.662839220800536,-14.231403,33.003548,-0.9239961714516468,-0.5562221434862943,1.3512969,34.262432
1079307,0.4776613206672654,0.015779356460817216,0.18738366516101093,-0.47373920451170154,0.47572434674505276,0.012467866505178083,0.1862944925373023,0.5619573138963408,5369,138,-1.19768668248195,3.9151179074934865,0.38824221,13.288461,-1.1464830915735242,-0.4370388754974779,19.60858,6.2587748
1081755,0.3959456573493584,0.15768051628590019,0.019960724713120825,2.6738980295186896,0.3409008673235881,0.24856762135084087,0.22312805805351776,0.033965807314723116,5381,174,-8.629363884003215,-0.7967988491447109,-57.68966,12.525539,-0.3557323820320217,0.029389419919362482,-2.899568,35.022118
1082613,0.5244930798334336,0.11679861058203059,0.01996072471312081,1.7464790283641505,0.5220082571634735,0.11792003263212911,0.016272628783510407,0.4207250602283825,5386,27,-2.720573636841874,-1.913619646186544,-32.628433,-35.168888,-0.0952468301073554,-3.040361576985599,15.136139,60.24331
1083464,0.5419129377509576,-0.28065474958202935,0.019960724643795696,1.6779606500700914,0.5238264515302967,-0.27813087069258324,0.02433397225506742,0.10081858927151244,5390,74,8.793539493471119,-3.6596699313167957,62.45297,-14.497239,0.24933862796510287,1.5888652317310341,-42.39277,1.2885431
1083499,0.5419129377302215,-0.2806547495894628,0.019960724713120825,1.6779606500700914,0.5407196725945502,-0.27867101639521075,0.02040729288979612,0.10488715935343018,5390,109,8.26957735537553,-3.5056952742822562,62.630863,-15.211675,0.1845044018932167,1.6666947838180095,-42.315636,1.0367069
1084690,0.4943761352527707,0.21865027146699303,0.019960724713120773,-0.30007064305201475,0.5154783711555798,0.1855709557448454,0.16326602176907212,0.10696038096770458,5396,94,-6.757634196677812,-1.0069350467010367,-33.21136,6.671337,-0.19874572050578515,0.7757256629072734,-18.116959,56.99742
1085155,0.3701896311192771,0.26675090134409063,0.023118017644227558,1.7571252909440163,0.37064822033113193,0.2647426875634478,0.022267305845112717,0.5597071273479949,5398,157,-8.86398397100242,-4.738302441232919,-62.400414,-0.9919406,1.015582114762016,0.15893831943096934,-16.475088,22.422882
1086153,0.5462570620318867,-0.010024413730163823,0.06852331145096187,-1.4460453042737325,0.5453818404970713,-0.0033227931526489157,0.0651756730424681,0.5613916992001785,5403,150,2.0896141180453376,-0.7653699052658708,-2.0695112,-38.13307,-0.40457949529874104,-0.6952621959693928,0.234319,0.8655079
1086732,0.5080320212554593,0.108869194623693,0.18473633159559757,-1.9590142247030944,0.5036603620021289,0.11061143977688309,0.18105689949823395,0.5615292510500682,5406,126,-4.281505753961045,1.007059740392112,-25.126713,4.579002,-0.07024861657773349,-0.6536521872116151,19.56662,63.982815
1086898,0.5306911816887305,-0.14022389759253448,0.019960724713120784,0.7279601086864856,0.4304959977863746,-0.0048147564132107225,0.2385681186222234,0.014306679790086303,5407,91,0.4848059711672691,5.898525005592452,6.822663,37.257523,-1.8642639169823645,2.9121296945715973,-13.063905,-3.349344
1087650,0.4608982134142354,-0.24551677468081431,0.18309078044173627,-1.1170631050474615,0.4608878115244946,-0.24570763804322582,0.1809798303420574,0.5615812935862116,5411,39,8.225713868600469,-1.223095417052166,48.316303,7.492513,-0.27973947455360093,-1.3063214980986093,-41.03432,-15.2404995
1087865,0.4630771748823884,0.165412902767313,0.20015334393247677,2.0802488574537827,0.4631331938681981,0.16544107828852914,0.20179660671323835,0.5620324441513649,5412,53,-6.806083931613433,-0.11271581908660395,-45.083294,20.615986,-0.008989161474262528,1.1579150246371868,-13.261659,40.749638
1089801,0.42107858640887663,0.06568831264031944,0.019960724713120822,-1.4976333262362198,0.48499556384756926,0.09266304548485974,0.21579967189725677,0.014579634642031492,5421,180,-4.679486714836323,2.8473143873366844,-19.58773,12.486025,-0.5702139902444191,-3.2090809916390675,33.20868,9.439347
1091065,0.41153826269378396,0.21986754070479547,0.1532447644183239,0.944752792518686,0.40566301712059544,0.2241458542223,0.1529936838580075,0.5616218776115508,5428,37,-8.578551395490107,-2.11123208045899,-47.04336,13.716209,-2.9192420888378288,1.208298137698553,-21.780226,36.6317
1091154,0.34431270148495186,-0.1588923605833317,0.1748253955188365,0.25078313853583045,0.3432483649661304,-0.15523291702789363,0.17602493135411623,0.5615003583970213,5428,126,5.496047933603412,-0.015129000401177928,39.703926,30.217001,-0.4953517299314958,0.19670493992323954,-0.7209033,-50.55154
1091287,0.3594844986622744,0.18948082588781062,0.10238687032397854,-2.5846950794376524,0.3605675900453029,0.19008402719137513,0.1029174977615824,0.5617397299296966,5429,58,-7.489714300503273,-2.166647567341141,-38.292927,-3.6949487,-0.13013608432319046,0.9522530469666619,-0.55055594,25.159336
1091383,0.3480647199086076,0.18359652175284089,0.0249658780139349,-2.6123823515106563,0.35145714118129956,0.1855703388830964,0.027066985172154168,0.5615922372466897,5429,154,-7.018587069577438,-3.5055559836892156,-41.524097,-9.204472,0.13841874402881577,0.4334161846311648,-0.5245622,26.021826
1094340,0.40187740464155425,0.07601543107820638,0.019960724713120825,-0.8248849798251553,0.4085435266743914,0.049548777848344154,0.17753999459203626,0.016156260841806495,5444,96,-4.049974422251047,4.154959655579299,-13.532538,0.9830287,0.6232007709559719,-3.463189937410113,44.429802,12.273525
1095623,0.41131627847796637,-0.2743696093413386,0.01996072471312078,1.8580116623662015,0.44107392766555104,-0.19669740478844125,0.14853077322410252,0.05451282069633759,5450,173,7.669013994595667,-0.7291244076290178,41.279503,8.447113,-0.23184782496727158,1.0174453543882018,-29.93285,-46.96777
1095749,0.4694757397762494,-0.09164763987665064,0.01996072471312081,0.7223013845359857,0.46473734606732237,-0.0852610024079429,0.1738377979798935,0.029436495405102372,5451,98,3.9492644735277707,2.7025547407237656,16.076815,8.061678,1.4166173802129833,1.7916943320973737,-4.886599,-15.423273
1095856,0.5311436657052591,-0.028434045096690407,0.019960720749297764,1.1144789858825415,0.4470012892426598,-0.008984893568650605,0.25914820308454456,0.06192210330680877,5452,4,-0.5971383833613191,6.124556272111611,1.742894,36.632725,0.7117917734376744,-0.30710592904280304,-4.857631,3.739481
1097037,0.3670076934995985,0.15804230743137615,0.019960724713120784,-1.8745440829115045,0.3998260860284284,0.07877834891133499,0.1969178952315669,0.00998162261025035,5457,180,-5.231739271392579,3.2950982566010283,-20.555506,21.30263,-0.826392582787026,-0.4630794663188294,0.61119664,30.93191
1098319,0.3115637476931359,0.11822688699708811,0.1949049166244669,-0.17535026480569535,0.31237531540778984,0.12072797958896196,0.18983283834656695,0.5615696713043942,5464,55,-5.969125765417006,1.0494676964883518,-42.573524,28.974628,0.8848074133521128,-0.21592371572296484,16.127378,25.131718
1098758,0.32105439842156586,-0.043882117458756614,0.0199607247131208,-3.0776917784176803,0.30461724052704037,-0.0920922402951125,0.18139751193044043,0.03956658824580448,5466,92,2.4219223651259703,1.6317153045424964,34.195545,28.34759,5.696177606677779,1.4282643482660433,37.102554,-43.06143
1098774,0.32105439842156586,-0.043882117458756614,0.0199607247131208,-3.0776917784176803,0.31914668629170867,-0.04499904812237473,0.04932474448352056,0.06357067746780905,5466,108,1.3586026293837672,-0.07203527250920631,5.991529,-13.36782,5.219700700823656,0.8216604687829469,36.29656,-36.731667
1099123,0.4600357689716461,0.12115081731576215,0.11321024807805942,1.3380780538732844,0.45271213146263384,0.12279280813670895,0.11256866747823874,0.561871349480805,5468,55,-5.257480117842425,-0.18382981475380988,-27.66281,-4.86856,-0.8030497421752549,1.079300231681726,7.3399715,38.908016
1099449,0.44816035215343364,-0.0926340420116341,0.019960724713120815,0.9220334438279149,0.4317416128697554,-0.11993126359744896,0.1566078408100059,0.13914777783852408,5469,180,5.082164464455793,1.4209942044532902,31.159243,13.282341,1.500645309868494,1.5050956458227058,-2.1088035,-17.630667
1102202,0.3691442228063711,0.24334699450596264,0.03938969307400809,1.2954134774142019,0.36905951983701313,0.24326086692522264,0.03838385900189287,0.5616992903337528,5483,119,-8.739593538218093,-4.5187654956633265,-49.81616,-5.0227165,0.37484147852437016,-0.8043712714606028,-13.843755,23.298931
1102928,0.5001857559679818,0.1953959150016111,0.18096607793301966,2.774360412498156,0.49329282751180814,0.19792769686384798,0.1778155628033112,0.5613492875311374,5487,41,-7.14253348087412,-1.4494445058707397,-42.799423,15.806175,-0.17789412034784385,1.6587266816979842,-14.366073,46.95642
1103936,0.3998704975879461,0.003409418659429061,0.2424365826397648,0.6021891733990199,0.3999687179237883,0.002981323795118778,0.2392172897063135,0.5616282773718507,5492,44,-1.4547793414217902,4.797195456137388,0.25521085,18.58459,-0.5666670983576078,0.5737406185309846,31.220634,-8.261393
1106063,0.3255563052532678,-0.04370179712780095,0.019960724680323935,-2.7831842189446623,0.30879903764054784,-0.028084335008992583,0.050160102417038666,0.042112261882199534,5502,161,0.8361330143672021,0.40659777661165963,5.316835,-13.1935215,4.391881444102539,1.0250139793022222,36.486637,-36.602745
1106468,0.4095088980857236,-0.028814331788072894,0.01996072466453036,-1.9297346479883164,0.39992493461874057,-0.021565560831452446,0.047403146607926244,0.06718403596037771,5504,164,1.0859769117809364,1.0013007397323817,2.9298878,-21.439066,-1.3255503117542193,0.7829713756231844,30.066586,-16.178383
1106890,0.4142386738783184,0.2807942225020563,0.019960724713120787,1.2679062544831445,0.40738916089158506,0.2132357731985123,0.1703185745445675,0.01758190451195902,5506,184,-8.377871137164952,-1.272857867022441,-36.39517,15.164553,-0.5316843031585042,4.173330409905837,-30.73937,23.851318
1107416,0.32152702923465765,-0.24736335008987376,0.019960724713120815,0.2672147146595419,0.3255555299322764,-0.25472642379260674,0.02938495225915977,0.060524934416187524,5509,107,8.121035192411336,-3.563524807521991,68.55599,4.5839148,2.832869692119683,2.099576218630934,-8.072762,-63.30496
1108383,0.43298687752470977,0.25401864780246414,0.019916728167369627,2.1687280071232444,0.428212789273903,0.2507507097008672,0.01960111217010649,0.5616185090771021,5514,69,-8.72744068674734,-5.117708115218219,-60.31973,-4.608203,-2.8393303384889435,3.146576878664834,-30.804138,29.26471
1108614,0.3636553149000477,0.18224738137913507,0.01996072471312078,1.347180758078624,0.373137250087467,0.18196249807268136,0.14657289739634652,0.04190026348317097,5515,99,-7.579460719262055,-0.8493056449441558,-35.22569,21.77278,1.2449827293941191,0.42851592190198423,-3.4006395,29.646942
1109247,0.4241474051045444,-0.18069334360892167,0.21769339177583236,2.022847867715446,0.4193723136787771,-0.17118711679600476,0.21502271850554544,0.5616712830002388,5518,129,6.094755301021127,0.5046011017761383,46.817173,21.549297,-0.37193152256953854,-1.07194754817572,-7.6832085,-31.591679
1110450,0.3348315974008553,-0.06295878840275193,0.16794792351767637,-0.6743716576390607,0.33406453104673023,-0.06355686415087389,0.16643914567879672,0.5614679267894633,5524,126,2.1943198338248555,2.2176749567841676,13.515717,-0.10082089,0.5122811279667182,-1.425156977753822,24.416647,-41.303955
1111186,0.39263944660697847,-0.003464835032335088,0.13444864360341996,2.846272208310838,0.3909411644740519,-0.002962294453362538,0.1357777335532592,0.5617049895212674,5528,58,-1.2144692356508755,3.555874750783759,-0.6374213,-2.8472552,-0.8000015410481066,2.0405151594802273,32.834568,-12.62231
1112205,0.5030109092271664,-0.18834449473118503,0.019956291746017166,-0.7938859454350083,0.49964758084022315,-0.18354507070136725,0.017281223693632858,0.27568811224565243,5533,72,8.705935611316102,-2.4952315809558696,43.19467,-25.61114,-0.4650390431081945,1.0448578542250582,-18.001207,-7.647887
1112274,0.5109548277289359,-0.19700960776827264,0.2218266662145809,-0.7916019470977105,0.5035121077270194,-0.18939214444626915,0.2190940158159729,0.5623071396888537,5533,141,6.4974389242667545,0.19961185175418544,23.650286,11.30716,-0.4200388454766628,0.7949100243510541,-23.977669,-2.0395942
1112525,0.34843710803463246,0.2644040340947054,0.019960724713120777,-0.5941967945550857,0.34962807416266384,0.2600627119685865,0.08426387544806768,0.031217765298187684,5534,191,-8.64041921271742,-3.3821655517786837,-62.70347,4.0804133,-0.1452981345090609,-1.4138907716584583,-15.121903,18.642456
1112877,0.48330850489430666,0.040880678876974795,0.22334966830453185,1.6690181924149863,0.4828480953189176,0.04621256607083391,0.22196733479607278,0.5618037749110381,5536,141,-2.9723774885028136,3.6653362263520837,-3.5565047,13.533793,-0.7553012685837605,-0.6864275324615091,6.536099,10.397388
1113070,0.47182190362778553,0.2358666558118923,0.27218338125742614,-0.7830661672750732,0.4660574419384018,0.2414016387956536,0.27050532356409257,0.561449364503464,5537,133,-8.098176255899695,-1.688868969016625,-50.45955,13.148399,-0.9332478554051582,-0.2080778707615737,-16.626087,36.005074
1114125,0.5341998238968962,-0.07509493489249816,0.01996072471312077,-1.3929320320154477,0.536763307713505,-0.10101572159048756,0.2021251934077103,0.01370803731727265,5542,183,4.295497587503607,1.8938221135501854,28.54037,7.311922,0.2993722565714352,-0.4807953539306602,-5.8280773,1.7086719
1114141,0.5341998238968962,-0.07509493489249816,0.01996072471312077,-1.3929320320154477,0.5378688107838969,-0.07870659043977025,0.0172382274178432,0.43927276778905583,5542,199,5.266264299684051,-0.8160134498872107,11.76241,-40.92371,-0.7641263000764591,-1.3558175565070334,0.942495,-5.109561
1114388,0.32792536105759207,0.04286145516548721,0.2125532125661076,2.529692140602861,0.3234837595487869,0.03622733629321901,0.2149130891021518,0.5615417175052816,5544,44,-3.0986602706814534,3.462721631159624,-1.7464387,21.703098,-0.42789340613372423,0.19413501999239197,41.37812,-12.06099
1114627,0.46924457617105014,-0.04478322639962671,0.019960724713120822,-2.596983434792373,0.45948372572838714,-0.039143200274796605,0.1147559753321353,0.03724707216164541,5545,82,2.7123871442526966,2.0025383153625134,6.2202363,-27.28435,0.41760352943288925,0.7266168176549147,16.787111,-6.904711
1115721,0.36220474349632686,0.093612343725353,0.01996072471312083,-3.0178753496496853,0.31664951470910174,0.0497682021241059,0.1653324197170756,0.017564093793019174,5550,171,-4.120423989771127,3.4982332833507175,-14.771707,24.221788,-0.2102597978556136,-1.9802795091714103,44.961945,18.340082
1117762,0.4092888790310502,-0.08000883954594804,0.019948878065594082,2.6790567459583126,0.42376410768201606,0.005773634998534047,0.2740001995327882,0.023104747986341077,5561,1,-0.5494740719596616,12.357918746513752,-3.671744,51.62995,-1.6173554480190209,-0.3112681921238607,20.941463,-31.74726
1117826,0.36418543561666145,0.07264295863871997,0.0346103756757507,2.7040532164202298,0.3626077255582678,0.07338529757752489,0.034313409332593525,0.5618435695373383,5561,65,-4.067894890950422,-0.15407923207504637,-18.3938,-16.746222,-1.3044408891330517,-0.7085383907660066,40.696922,20.342817
1117893,0.4068163974710428,0.11474484596653738,0.3203132954971092,2.7018444078170076,0.4016168693525582,0.11716019270983649,0.32097991549103255,0.5614542774338199,5561,132,-5.837710752154397,1.626144991290662,-44.780907,24.78999,-0.2932752540814308,0.2135230544720106,-0.15945701,16.720102
1117945,0.35228459507503107,0.06814670202751968,0.019960724713120808,2.6966069435883955,0.35822543908708654,0.06655812543382472,0.1753881860494561,0.015740166390300712,5561,184,-4.754965423710829,3.3466044192329236,-17.157162,24.001541,1.268890459537878,-5.871442953967117,49.801884,9.930244
1118987,0.37408960005992675,0.19163578652079832,0.019960724713120815,2.1891182220063943,0.3802299789602672,0.18741455766588713,0.06783221116271362,0.023022570142020134,5567,20,-7.508587842921022,-3.088331944400448,-40.420635,-11.60894,1.1098676595653396,0.2680433415250615,-5.7889695,30.34145
1119259,0.5327838707119622,-0.2954797004324313,0.0199607247131208,0.521921575076385,0.43750043274353395,-0.2459230268058572,0.2000271490831436,0.08648682008506335,5568,91,7.415572638155164,-0.30760171765429223,43.78542,11.187979,1.0788322203983567,0.6813928102544663,-43.08161,2.4385536
1119488,0.43206648653691465,-0.13743347582296625,0.03648432600414224,-0.5663765035888777,0.4326465258959039,-0.13647998405479422,0.036791101172694074,0.5619871178973349,5569,119,7.447068245198746,-1.7543516192916098,31.909575,-21.987352,1.4433704262191258,-0.18320448795849034,5.0929923,-31.390112
1119701,0.5959153555461318,0.05743039494761072,0.30861992618220896,2.188075764481957,0.5886292134865309,0.05270741225040693,0.3080820535835087,0.5614177586478756,5570,131,-2.1453714033351883,2.4850971698270885,-1.0512416,10.566853,-0.06772837565968996,0.5517254719061275,2.5777633,4.3596907
1119778,0.37806256121504733,-0.21873721816688704,0.019960724711801964,-1.0702852097146462,0.3943078591721014,-0.12745788465260713,0.2316724370839023,0.040766625689046966,5571,7,4.533908822054005,2.3027595265489817,32.957558,22.505846,0.9526132775019694,-0.08690733815173599,-19.341543,-65.893166
1120951,0.33415499662384307,-0.08255323674877779,0.019960724713120794,1.4793415149760716,0.33051076486798925,0.041633337862785155,0.19619582221456003,0.018835964796816804,5576,175,-2.7335680018188944,4.328677007712014,-3.2291992,30.938595,1.3275162264692861,-1.8090703246196553,32.16951,-44.437817
1121009,0.49913451935646697,0.159759727273499,0.034207565757602074,-1.0846489629987095,0.49798093889965067,0.159166456667738,0.03365862926721136,0.5617880274083514,5577,32,-5.1093181235057825,-2.82740844689032,-37.845898,-30.23707,4.089676661371006,1.3053361781739077,3.9721687,58.93055
1121407,0.51099009350149,0.13085225566496672,0.02301804833979452,-0.8070139835417361,0.5114683370512897,0.13126553842106503,0.019241122249635312,0.5612833894345767,5579,28,-3.6695040320204457,-2.0869654904676898,-33.924366,-33.260475,1.3830691892703795,-2.0076825233132856,13.062952,61.814465
1121795,0.37141787351630035,-0.11263358008508499,0.01996072471312081,-0.4200708980911644,0.37542495604422454,-0.11802752895179794,0.11584879265431675,0.0071375452050597196,5581,14,5.045856306218868,0.17012813510365238,19.541897,-5.6269703,-5.588782107420544,-4.088405448089428,13.902619,-43.94951
1123733,0.46869381151223644,0.018456703711141883,0.2231571658861612,1.28223674567451,0.4566988313661227,0.021884584993324303,0.22324104272253006,0.56195178469727,5590,143,-2.2225095589020607,4.471321502103294,-1.788159,15.064278,-1.3058354320765755,0.8972665750406157,18.224133,13.973081
1123764,0.46616942666002864,0.0278032469691874,0.019960724713120825,1.26838227007133,0.46251362013373615,-0.08988677880901279,0.21736463221633484,0.004657023688666606,5590,174,2.3696372471124882,3.4581446276004892,11.958661,28.204935,-1.4120702921379817,-0.8392576301571059,23.713501,2.1792061
1124576,0.4186184590251769,0.06915293125494276,0.019960724713120805,-0.5556494726645762,0.42268075718149345,0.08637882139560521,0.19057084128079912,0.018820569504188728,5594,182,-5.044192441190695,3.2402617519416537,-21.49192,17.26493,-0.141590681745466,-3.1465052786264778,33.46981,9.468695
1125025,0.37564769135025033,-0.21030878279844756,0.021130740748135257,3.085715368995133,0.37561107817309386,-0.21129991026917178,0.021152732799009644,0.5614439254543269,5597,28,9.105846144087769,-3.186701552144044,63.502678,1.2941581,0.27853098810158716,-1.4768445865220445,-20.198376,-42.52537
1126040,0.4003042044066612,-0.035926478943184244,0.16300196496072528,-2.140612441776495,0.3974362019368774,-0.03389386012433944,0.1626720216941533,0.5619160436105272,5602,38,0.9950904795453881,3.6663829582585223,4.1320734,2.3413668,-1.3845522115530002,0.1581645180670164,26.456888,-14.955047
1126703,0.3271162163080811,0.1710445811669067,0.019960724713120815,-0.4601621624586761,0.3299833595107763,0.16723011464494292,0.16182448799802487,0.013477575319399339,5605,98,-7.166270239418568,-0.032180567495090226,-33.956917,22.62086,2.1950972723454267,-0.14862352289299743,23.239565,32.473236
1126943,0.36210435170603855,0.30570038013890377,0.2791105996587413,2.8987919411689314,0.35371114899882644,0.3077662842995141,0.2794993797175812,0.5613528249306198,5606,137,-8.017192905287388,-1.9166228781844121,-57.044716,15.802015,0.1505654410306544,1.5505474738780356,-21.444681,17.319073
1127900,0.4963004277717466,0.044248493120409405,0.01996072471312079,1.2747668389670757,0.3948767044549581,0.1771003545576465,0.23915227912567255,0.04308042277782125,5611,89,-7.019699667828969,1.0351474871727953,-31.290125,17.281963,0.3432615345138796,3.18374543077945,33.808167,48.226547
1128335,0.3854596599907362,-0.0759844725118134,0.09385502602599952,-0.7331206357357184,0.3863944305129336,-0.07446852526772457,0.09232253677079913,0.5615755790889675,5613,122,4.195577870348605,0.762272628772644,20.554483,-18.364452,-1.6995534850661116,-1.0926098383690084,18.394663,-33.942123
1128379,0.3962250870355785,-0.07889066530270625,0.0199607247131177,-0.7454227583825449,0.39087191643720287,-0.07142104784857292,0.10032633237778202,0.04908653847761265,5613,166,3.9781956858538736,1.0836347238398183,20.730532,-18.388577,-2.1656782939696244,-1.7311212339110973,20.547543,-32.383446
1128538,0.39624574613439395,-0.06156178092970899,0.13076848121900056,-3.0627435875290896,0.39586008732991745,-0.059959305349815736,0.12824209921324115,0.5614900457898034,5614,124,2.8937403351580833,2.1991985516417647,11.003239,-7.0533805,-0.4312784124856221,-0.4024186486348987,17.86386,-19.749985
1129211,0.2990546210185129,0.03245154954344645,0.019960724713120798,-2.7754691635721627,0.30685824997183264,0.03144803596507315,0.0842675735029143,0.049345026357842006,5617,194,-2.734990967723961,1.5615690888794957,-4.448309,-9.01987,3.7802269628664207,-0.5137430036139579,49.50727,-14.839802
1129361,0.3996730532142642,0.016539153057601834,0.09577680610065406,1.6199847030714474,0.39977981887806313,0.017056037763318273,0.0968958789152416,0.5613699393563876,5618,143,-1.794591830291439,2.4754129101332123,-7.7173176,-11.789155,-0.44059835508779405,0.8920197105775141,31.512783,-4.9409523
1130381,0.5273313878301422,0.1649287269387953,0.019909471515458483,-0.028583394368937858,0.5299222358748306,0.16312538593984782,0.017515606995384903,0.4810297081568275,5623,158,-4.431487474995267,-2.8697617697208813,-39.189938,-31.412142,2.2608591118348436,-0.501368981528928,7.8293524,57.513123
1131282,0.47471512801460214,-0.20475221047730216,0.16468444122920006,-1.4750133702316224,0.4747120381593812,-0.20218696910183856,0.1655099442774565,0.5618459838354977,5628,54,7.525035595862572,-0.6879875347722616,45.22129,6.8315706,-0.4256467153530385,-0.25711649791979374,-9.905093,-29.782011
1131414,0.4607786256092015,-0.23969145783402576,0.019960724713120815,-1.436093872353333,0.46895010981858326,-0.23923182248480312,0.13195519237802822,0.06245064657883961,5628,186,8.960876040980159,-1.7688248209178097,49.87579,-1.1496829,-1.048278054736585,-1.6686911082230365,-47.6777,-24.048374
1131501,0.40457490884405545,0.26647019645609427,0.019960379834516383,-0.5756867701062468,0.393933815374325,0.26287200643971864,0.019944529358506102,0.189351999133301,5629,72,-8.990414666517337,-4.919549816852736,-62.143795,-3.0088084,0.7303903828863451,2.723112608312763,-17.051619,24.562029
1131608,0.4023583206212296,0.26383507587938404,0.019960724713120784,-0.589433954235143,0.3957277751648677,0.14971894985260822,0.21042634676628535,0.0835067145701602,5629,179,-6.948546950233958,1.0149242889849384,-31.340107,18.678417,-1.0012649037495436,3.318294817346966,-28.19866,24.314411
1133138,0.29917410455409443,-0.11895389029778662,0.019960724713120815,0.520822433099108,0.3072357378029777,-0.12187331435568723,0.09549553289265353,0.03710089939532394,5637,101,4.317269356391857,-1.206657577220016,24.131573,-7.0169497,4.9183257240338145,-1.389266440105283,31.577915,-50.000378
1133158,0.2915836561803391,-0.11081855914799968,0.046111131275200744,0.5302122251170314,0.2907570587254901,-0.10933853346491963,0.04649840161918464,0.5619222165961033,5637,121,4.217662558592565,-2.3629613528473814,26.29096,-8.618892,3.926767711650613,-0.9939283639851467,26.50821,-51.8677
1133213,0.3020542068103829,-0.12398660607074588,0.01996072471312081,0.5421449863862952,0.2755322641447839,-0.2532003386215616,0.2623925278023227,0.009520304082619946,5637,176,4.967821025948374,-0.38226000069018146,57.518616,22.649347,4.827415568747319,-0.25707287951368707,32.372776,-51.07798
1133438,0.5261804679272374,0.22730292448093356,0.019960724713120794,3.061823394842256,0.5242067412121346,0.2280455856106021,0.018727781293417622,0.30584277817772415,5638,200,-6.677973092750258,-4.735874411472056,-60.948994,-23.648745,-3.1183788018738907,0.8375892783816759,-53.99001,32.6573
1134273,0.4634534732996351,0.25388353739680153,0.026598099690199946,1.9418818313879662,0.4633671858348033,0.2539865066542606,0.022352369686508722,0.5618758214782802,5643,30,-8.542281088108245,-5.38468569306959,-62.53112,-12.075134,-0.39834746750440403,0.03398089561771599,-40.992863,25.752562
1135392,0.4174172480386511,0.2781606887150562,0.14003642591604948,0.5728671625576062,0.41570958302714883,0.28097878754944977,0.13844507109136536,0.5619348409912631,5648,144,-8.823275207036552,-2.9695905737745645,-58.3789,7.841646,0.14344416627731316,3.5806589447262787,-23.386436,25.8789
1136070,0.3443139240394153,-0.0995800665533646,0.019960724713120808,0.9783238070402213,0.3539368491404928,-0.10423298711671501,0.07236207477265746,0.05373654485940107,5652,18,4.646035805749742,-1.0523259156838032,19.848078,-14.132169,-2.2501021135171007,-4.449013092223675,21.834711,-44.985703
1136309,0.33562195375755044,0.13510955072018183,0.11412608771417257,1.225633352097423,0.33894795736565586,0.14317524629778133,0.11253643524205043,0.56128119208413,5653,56,-6.437903546352936,-0.7159029776480751,-34.311367,-4.3978987,-0.16941385137670348,-0.16722422204219775,10.0800085,23.544357
1136958,0.3537958712846148,-0.17122050195389862,0.019960724713120815,-1.3646142451132857,0.35890113195295004,-0.17379311764726532,0.08329295643935347,0.11711704048152843,5656,102,7.345397348532792,-2.236304653650692,58.37021,9.232801,-0.8624922774959972,0.17559071558016764,10.288251,-50.943
1137001,0.36002568123586304,-0.1764427942980901,0.13662100761037382,-1.3793436226794005,0.3595473144163406,-0.17334277541795162,0.13985715096463,0.5616745851468843,5656,145,6.368831991864479,-0.8424687648132501,42.035328,27.113884,-0.6615976506795936,0.21888000785479556,-0.66155666,-50.625614
1137663,0.5103591334070048,0.0723116230606702,0.01996066750954162,2.3268435526719653,0.43670162920444083,0.009381501199375909,0.2625496261320563,0.021107343303480876,5660,3,-2.85828018522673,6.0200414790405405,-12.587651,36.766953,-0.4314979016254517,4.484449902434007,29.871065,52.643612
1138572,0.354671912488482,-0.1941831124632912,0.019960724713120808,3.055771093372932,0.364644608945422,-0.20569324585614165,0.050763223110325995,0.03810935145863047,5664,108,8.62059988672602,-3.159192504074012,61.09566,3.9969347,1.2802914189383152,-0.22103109862496434,1.7839592,-52.399433
1139755,0.3876729453357227,-0.05639538828171233,0.0199607247131208,2.8115841483851995,0.4139202790485097,-0.11276437828635018,0.17278128363962345,0.007657221059025941,5670,85,4.505782369734481,1.7874121426679404,30.753021,18.60156,-2.184821575745478,-0.8018051442023565,29.304117,-26.263638
1140981,0.34320300894544326,0.22258132631211475,0.019960724713120822,0.7129860270629993,0.3516228565046175,0.22797829830632294,0.09506503767498051,0.06353540381442686,5676,105,-8.312652192793228,-2.7740679444587446,-42.81765,-2.6156275,-0.9264564023700232,-1.492546143990157,-13.019124,12.074404
1140985,0.34320300894544326,0.22258132631211475,0.019960724713120822,0.7129860270629993,0.352804931908185,0.22577463660945765,0.036968280830615124,0.04385885754517722,5676,109,-8.082552161542536,-4.163399638714445,-46.46058,-6.2509327,-1.291647680303319,-1.3068728338402833,-12.709564,12.4852
1141626,0.30620151668083023,0.2521346516939306,0.1278036609331788,-0.5607961106442308,0.30623186139209446,0.25197716069229553,0.12771952483982538,0.5615425908821462,5679,147,-7.8448832080016375,-2.1368468662913154,-61.060352,16.08117,-0.6305286801537264,-0.29517296535792703,-4.5179543,12.00246
1141797,0.49774982239637183,-0.10096497087603187,0.020021332708647574,-2.829054675732109,0.49703454184182544,-0.10118755660355985,0.016872974865544954,0.5617447845502317,5680,117,6.53483797095311,-0.9360175136115324,35.153046,-32.37579,0.5357079285865893,2.619174556699556,-6.343656,-11.818871
1142381,0.3247540551563723,-0.11157481181573119,0.019960724713120832,-3.0435442737873495,0.33113056111064243,-0.12769779250364374,0.1789716419807102,0.020523112074186514,5683,98,4.293124706762592,0.9930975699338392,35.762276,25.546576,0.6438653077831368,-2.517997969192087,31.726992,-48.03719
1142639,0.3286570415709411,0.22947827048548458,0.021357403023534977,-1.0218964376642838,0.32817791480714076,0.23037847877948603,0.02207216604367762,0.5408906799762919,5684,155,-7.697586993977314,-4.138710866924613,-45.845543,-5.7048388,-1.425466968561013,-0.7540255098437244,-9.952653,11.751979
1143152,0.33237543102347994,0.02236384624428428,0.04697838609299493,2.441358210129584,0.3321044026504843,0.022713572902415855,0.04791700535681265,0.5616218563494264,5687,65,-2.197886487191216,0.7178495196779038,-4.8035383,-14.060973,0.33609950965921365,0.47123874081527634,47.187824,-15.069486
1143577,0.4563824805545668,0.01809045230484813,0.019960724713120825,0.4408303773263484,0.36060258536825796,0.08735970336680117,0.2653021528568811,0.044396640217013214,5689,88,-5.17659803654793,3.864125932460356,-19.08704,26.932405,-2.059957549225573,-2.027463026920971,25.20528,1.0193895
1144170,0.36316226255653317,0.17688375473688736,0.01996072471305877,2.7110260474983816,0.3481651426939225,0.17793582380187795,0.0894991349820291,0.05010100975018848,5692,78,-7.356645843979852,-2.0715147263471185,-37.486156,-4.572002,0.3013303996340903,0.4027279012907005,-2.0124974,29.700914
1144248,0.369898804772086,0.17476875782514908,0.021598041977269836,2.7094222696898,0.3619203501309513,0.17844849120039089,0.021657661029503922,0.5616548565530808,5692,156,-6.874654994160865,-3.384877537500962,-40.841248,-9.928572,-0.460049760256523,0.44425001890052584,-1.2408074,29.191528
1145280,0.5195335222902846,0.1961584030084334,0.019960724713120798,-3.0116651247541117,0.5327137928218952,0.16071410577852796,0.15186476205743663,0.021416956479084332,5697,183,-5.768865574865326,-0.8087811362226086,-30.806717,5.532401,-0.046096158442561645,-0.69624111117277,-15.4166355,55.40089
1145606,0.3851071560801713,0.013162377910057161,0.019960724713120808,-1.7963988232952521,0.3895409689340642,0.012079802401954855,0.03885801147044832,0.08604747784584706,5699,107,-1.324263637055911,0.9756496799451094,-3.51182,-20.200586,0.5037500527134492,-0.5609950783300977,47.031094,-2.9913638
1145694,0.38905716495298065,0.014182529974318445,0.019960724713120808,-1.7816888527669945,0.3951604249842664,0.01757427498598709,0.06313985107318346,0.09714552428249036,5699,195,-1.6441990652574563,1.5618234102260815,-4.2138577,-21.092823,0.8275219613131587,-1.3207617873103203,47.005962,-2.6350975
1145778,0.4965558015752534,-0.22457608120738304,0.01996072471310871,0.38624985061001277,0.48492778312990364,-0.2211572111315003,0.05214096507576821,0.020782774444279936,5700,78,9.943358753903867,-3.290380955997462,53.68434,-16.113016,-0.652030043689785,-3.0589511140836945,-49.415,-18.643776
1146762,0.31890989541435283,0.12653543142018597,0.11559191391430075,0.7571410105471615,0.3122500364362234,0.13361858661329454,0.11137487468557358,0.5618590802842651,5705,57,-6.1358157879391655,-0.49084294182830024,-33.885494,-4.2290387,-0.1525308391441646,0.09271791785554107,16.802954,27.18367
1147014,0.3261835520556474,0.13278270494327796,0.019960724713120815,-1.6366102039248818,0.33190374489042607,0.1322550522562803,0.03417522781606572,0.07768258260047613,5706,108,-5.742976669025802,-2.149232964357512,-28.984852,-13.015141,0.565064225593605,-0.30874147795197554,11.39596,23.624132
1147107,0.48070198913494244,-0.1303784319018978,0.02,-2.179911074393188,0.42499653113753677,-7.505085883609586e-06,0.2749939123198373,0.0,5707,0,1.0156396658985385,15.458726450372083,-3.0222976,54.15259,0.13937371148158761,2.8595566204018485,-15.022086,-18.327614
1147789,0.5094204849779963,-0.29527067072392255,0.019960724713120756,2.7043575909248516,0.50358407962259,-0.2898572544287145,0.11758543084311951,0.017949454259415364,5710,79,8.712402302967096,-2.4615055831963084,60.12458,-10.1841,0.8151558035910083,-0.10206537567250167,-50.10626,-6.887234
1151376,0.5036402638288372,-0.15325907736919686,0.3266137626665145,2.0682925018964196,0.49886400251474494,-0.14514331610691522,0.32305149291558766,0.5620477713131213,5728,48,4.397379158807464,1.7289535117391628,20.68796,14.560999,-1.0899379113844025,0.38628771255265415,-22.809143,-1.4130403
1151652,0.31985012620894143,-0.18932840576768778,0.09328581932518983,0.7736681719606631,0.3194885870741102,-0.1894834098160715,0.09547422068590097,0.5614440477475869,5729,123,7.250780701647201,-2.551211232126828,58.54679,13.0183115,1.962300390152302,1.8505651708014228,0.55662394,-57.359936
1151708,0.3288430438625495,-0.20288739777115355,0.019960724713120787,0.7737696909930099,0.33698779951802527,-0.09304714386449864,0.1988210798087272,0.031083698665540192,5729,179,3.221450429374112,2.3531829060068983,33.702538,27.013891,4.020798081866449,1.3401968184106932,5.7256317,-62.45545
1152182,0.4370659170348131,-0.13707350014038963,0.264339819377372,-2.7435994468678695,0.4333690987381857,-0.1281186506168172,0.26868096672075964,0.5615645912662567,5732,50,4.189937275214732,2.1034458299020384,16.076994,17.735039,0.011551613436412339,0.23868453740774287,3.3171504,-25.788986
1152591,0.3853776835072048,0.027976813011296613,0.16938706065924844,0.6429299262665689,0.38303944947518226,0.031426063063857534,0.1679102732733423,0.5619474172171899,5734,57,-2.9925765669829016,3.708751096149279,-3.5039122,21.17627,0.20055608117068363,0.6976013111114492,15.994093,9.596488
1153176,0.36681484420177957,0.06485939471725718,0.20710572551201067,1.5511910233379715,0.3668856412431971,0.06770079153289005,0.20675964181995543,0.5615313391315616,5737,39,-4.4115936610381095,3.170512752471258,-7.2901707,20.578442,0.45594736802990776,-0.8309229816773894,14.175391,9.708068
1153442,0.31004743357600933,0.05165076817857805,0.0199607247131208,-1.6681197867192803,0.3144321112719235,0.04903138218300167,0.11470960475963457,0.004671013561978891,5738,104,-3.6059387040104194,2.099044602019582,-12.825485,22.369452,4.146261519260468,-1.2863156762317716,43.71804,4.2291045
1153610,0.33410178541428226,-0.04421316349322243,0.01995200976020938,-1.0007377864765412,0.33159144963939974,-0.04023524973935241,0.019811381475422774,0.3696285928480425,5739,71,1.2334970152664442,-0.3649677596863993,5.806816,-14.663865,2.8073395011912323,0.7002585359637119,36.686607,-35.793896
1155998,0.39210961847735076,-0.21316151298165778,0.2569633181912238,-1.0053331493817639,0.39051520057038686,-0.21329986222529776,0.2557218382303834,0.5619410888659222,5751,47,6.356193853387629,-0.1447399081662046,51.49102,24.072529,-0.49551647690356787,0.4250381612235629,-15.071028,-42.288486
1156053,0.5020601657003781,-0.2571104684723709,0.019960724713120815,-0.8614955393044472,0.5036414397666181,-0.25290132575320207,0.17267812049681427,0.02167868484408631,5751,102,8.282893483254824,-1.1731220162149834,47.70797,0.43910575,-1.4316951665574915,-4.0075708886229835,-53.31527,-13.252687
1156460,0.5416988406092175,0.1683802583223187,0.019960724713120815,2.456044240125597,0.5483390447610829,0.17187791201665104,0.06484949474724666,0.06867680058376184,5753,107,-5.03148457846402,-3.0226648128271654,-41.56354,-31.15847,1.1961726627861264,-1.3727551992302187,8.756055,55.98182
1156470,0.5357003868745008,0.16870018659737115,0.030171166762141443,2.4415911382798305,0.5313639952575898,0.17223365068424096,0.026888509193733146,0.5616208393024318,5753,117,-4.817842711751627,-3.1488301748729537,-40.164764,-31.132599,0.8956442664867126,-0.7896310607210586,7.854279,56.87649
1157658,0.34267414001216157,-0.045896262441525705,0.01996072471312081,1.1039579752093684,0.3527172935713747,-0.05360967920187216,0.1520101836003753,0.004260538943139569,5759,99,1.4371218444240683,2.956490880223937,11.460479,-1.9228508,3.187128618063711,0.7015931020963981,34.2254,-40.533104
1158409,0.4294226431040303,-0.141858536635966,0.2759940936980575,0.5204204211921228,0.4236166836158667,-0.13182429948640811,0.2740582961097706,0.5617552950092616,5763,46,4.499250792503311,1.7984108758109443,16.490217,17.926018,-0.14975601056479412,0.0572345077565481,3.2246847,-25.615477
1158452,0.32616158123886124,-0.04760904934878093,0.019960724713120843,0.12327388604816569,0.45673773680827523,0.06838404029420359,0.2018105745648084,0.055101297369318965,5763,89,-3.699760597994892,3.5439904529666326,-15.706598,15.79092,4.152827073730677,0.11867904518187508,34.858788,-41.5127
1158926,0.44225992776794165,-0.23122892632971292,0.01995600293406927,-2.2445376513645487,0.4452376396075629,-0.22985425326458947,0.01661199474886879,0.35110469494789226,5765,161,10.090249179901528,-3.41681286660592,52.61435,-11.978864,-1.134608090711375,1.137668613432848,-42.78973,-27.647724
1159271,0.3313839905151173,-0.2583441739419664,0.019960724713120784,0.7073580756772524,0.3348787754981324,-0.26447199791766096,0.12464881177211079,0.01567761160047359,5767,104,7.834683427661606,-2.1547229760556736,62.78625,18.836262,3.2833782874335884,0.8423643494374806,-10.453152,-66.31319
1159656,0.32429798860948195,-0.051854427127483727,0.019960724713120815,-0.39612677854742795,0.42956764395148195,0.09794057271643662,0.20113767330600668,0.025053077106402522,5769,87,-4.7267169902629815,2.5236373524565705,-20.84764,19.32796,4.742342391747531,-0.10957262833495268,34.734005,-41.877895
1159700,0.24905614796920575,-0.06485914984222863,0.24137796036293224,-0.44970219798426486,0.2503396155726907,-0.06158655197472097,0.2435486051084651,0.557958302653382,5769,131,1.1681959555372208,1.3936587599514794,35.878204,32.082394,3.664811808850183,-0.46850784655475325,25.618685,-49.119637
1160939,0.3925585757274434,0.05509026985715062,0.01996072470513984,-1.1912733843857137,0.3772660574405114,0.06360544196776334,0.07047235963523965,0.04460037189955625,5775,164,-3.6771517862676832,1.3358262077808796,-14.306356,-18.323063,0.8158089368846738,-5.290754465146384,45.64522,11.170445
1161841,0.5009358336391366,0.2685702368310735,0.08347919293351762,1.803365071793273,0.5028275397545856,0.2611185047470802,0.08228833998246707,0.5613773316242472,5780,61,-8.024393824223393,-4.51838505578777,-57.739906,-15.986885,0.47596766646730826,-0.7823375836497014,-47.902054,29.257755
1161897,0.48051869526112895,0.2727090085887278,0.029960941250972747,2.2955213130848464,0.4780171747104708,0.2705888979388476,0.027801519108852785,0.5618961254053639,5780,117,-8.233856193819934,-5.427323073321827,-63.927197,-13.786657,0.9979023081144339,-1.1980485658094489,-42.308083,24.057453
1161919,0.5296170196244664,0.3046476884020217,0.22268553754317494,2.707558343829626,0.5272154894100922,0.2990753709232118,0.22279607476102478,0.5617795277815004,5780,139,-7.35774340136831,-2.5061081577988666,-50.940964,7.6009784,0.024337749967810157,-1.4127989756849493,-50.459026,18.692856
1162884,0.36277086367955497,-0.017852778050002134,0.019960724713120815,-0.6399497835397538,0.3699164198068316,-0.024092878393803537,0.15655678013812194,0.010690458860547754,5785,99,-0.2590924387867953,4.062869804799925,-0.80416614,0.8589213,-0.7300140797113736,1.1741048251375588,38.06151,-21.449804
1163116,0.46668664253107944,-0.10674454895473778,0.2026945766132165,-2.215654464915246,0.4586103183923212,-0.10078175090125438,0.19910476799485033,0.5622330861770286,5786,130,4.182587204107759,2.1775143504328223,18.017494,13.291449,0.26406129959484914,2.2858604516863297,3.7723446,-21.241459
1163467,0.3506686684288805,-0.22613201179259726,0.01996072471310283,-1.2560722637682797,0.3494472991767926,-0.2204794243442193,0.08738768873952985,0.04997756901695922,5788,79,8.642731895884138,-2.693561798109802,63.59318,10.746262,1.8270544657221852,0.40521536519815926,-16.05647,-64.73132
1163530,0.34421621844805206,-0.24462581953128162,0.2124404875068723,-1.190377591703546,0.3423464157606842,-0.24098605716171081,0.21254731321252243,0.5619487290237674,5788,142,6.549155640174916,-0.8289433973371383,56.34792,23.131876,0.3827654606131355,-0.38537541995397884,-6.1760163,-53.549854
1163721,0.3956806025050905,0.14095936864122294,0.26801042575907735,0.6108106458026256,0.38897030832472257,0.13610042922397167,0.2640261654880648,0.5610755322684716,5789,132,-6.347799644960901,1.1236070629412471,-45.505344,24.559376,-0.3985004550896702,-0.1160952310152924,-0.51865137,16.493418
1164425,0.2947147448980772,0.15611325321937622,0.04812118146764162,-1.3771418673933316,0.2930738203397054,0.15571058640090715,0.04803453532005508,0.5618774780733234,5793,32,-6.126279868166421,-2.3843863644347083,-33.949017,-9.088402,0.6192626610773554,-0.750179311473966,17.195135,29.605625
1164801,0.5455402346481757,-0.03170903845816,0.01996072469408796,2.461462466160719,0.49538090057623735,-0.018799958858240446,0.22678149861340288,0.008658976805651213,5795,6,0.41855967367736685,5.069442425067399,-4.6834865,6.791422,0.4840781274973448,-0.8791272511372875,-4.8197923,3.0226018
1167362,0.5026561838634878,0.022027152767952494,0.020718015786892675,1.9046740090191598,0.5019111876288308,0.02160652022881069,0.020337543645541384,0.5615213799581292,5807,155,0.5961569331255083,-0.6204611321931737,-5.841832,-37.332504,-0.684505041652722,0.617474648258215,33.41692,42.25164
1168558,0.5180418835122469,0.11044498927066602,0.13471129422648204,2.5067500180670157,0.5173624365399935,0.11097640654299118,0.1359444036303197,0.5617216573888963,5813,145,-3.947877315815751,0.05486122036812727,-23.38145,-33.11433,-0.1639610347497837,-1.4034495262008466,19.521595,63.782696
1168676,0.44965111531494145,0.17037155800803933,0.07107201242515869,1.5802934461413247,0.44701648924386406,0.17037065318762762,0.06775244923499002,0.5619583168183401,5814,62,-6.483292592389228,-2.793499283480542,-39.825974,-21.626238,1.8805138191732735,0.5530770901112404,-1.2829388,43.6947
1168748,0.5316696381324126,0.19430359758135018,0.2469856466118102,1.5642292611703545,0.5223921615740909,0.19444308647800512,0.2457617112913061,0.5617017160294905,5814,134,-6.7072377906362926,-0.8716773440582952,-43.530125,17.612062,-0.0968142084425778,0.8631930968776144,-13.138531,46.959183
1168977,0.39269102804009937,-0.0662074533083425,0.01996072470382707,2.879268459776341,0.38124203652051963,-0.06651922705911616,0.07018442425923185,0.06102439548934113,5815,162,3.7700576178089844,0.4978780236544388,19.907532,-19.401749,-2.9349086186208977,-1.2927641401342211,20.094608,-31.641645
1170129,0.34866639940757777,0.04312744945367443,0.01996072471312084,-2.41705708530994,0.3506505722998149,0.04283559270790109,0.05162504260834472,0.017391457563880625,5821,108,-2.9990860994066137,0.8807266672789752,-11.930512,-15.173039,2.159325696561157,-3.4633331727927623,50.207592,5.750888
1171075,0.49380615128538574,-0.14720619063685142,0.2394489616283851,-1.8060871282909374,0.49446157061638957,-0.14426727147582386,0.24085502421559193,0.5620970498759373,5826,49,5.068683105111378,1.5236716462529576,20.793955,12.831521,-0.8477707804091411,0.6486873223364372,-22.269339,-2.9862297
1171111,0.4739907792950518,-0.2796126872891869,0.01996072471312077,-1.775896530286247,0.41356204156936377,-0.1653097181553961,0.19667753242822592,0.012243271673013336,5826,85,6.153161196170081,1.0081698730315307,38.47752,14.518596,-0.6670252316493462,-2.2520745475885438,-51.298744,-9.739492
1172207,0.4197027825254474,-0.005745541208438797,0.019960724713120794,-2.6743632914825906,0.41191167706983367,0.09737311221842274,0.20932433069386241,0.03384268666746985,5831,176,-5.0049163741195235,3.1859808998010872,-23.018139,19.448063,-0.9367911705427248,-1.5218695945741807,28.733664,-1.3693199
1172645,0.3280226741772961,-0.14933801887830636,0.019960724713120794,-1.968112319593285,0.3387177312569112,-0.13834451683285348,0.1429636865159205,0.010433254621963163,5834,11,5.062251209297026,0.10335889176345942,39.625507,27.006071,-0.2878498205669803,-0.8016748642037934,13.335872,-52.003197
1172990,0.46085012135907955,0.043342785839321635,0.019890217314935416,2.659941619933518,0.4608886254207475,0.04554270656972505,0.018879560703466608,0.5176900630649667,5835,155,-1.5525584098886829,0.03178671590839177,-10.5427265,-29.118399,-1.2796565266425524,-1.7223789156208298,21.024607,7.6999397
1173802,0.3427774882861783,-0.07106496431469161,0.019960724701726548,-1.5901835969862999,0.3344394975898246,-0.06452321267373579,0.04740625019510719,0.07225646723951443,5839,163,3.1482054411215525,-0.5055859422103584,15.548438,-15.682575,0.9569614411892492,-2.3781546177141886,28.939272,-37.535736
1173870,0.47321960743796576,0.27158691033085025,0.026439763728183338,0.9125728283343174,0.4691237734558026,0.26644366229340566,0.021916177555937916,0.5623111238762719,5840,30,-8.41642098680027,-5.457829863046214,-63.67621,-12.243738,0.647092715160324,-0.90059608768836,-41.474606,24.371492
1174483,0.45014767286931284,-0.26031041079412953,0.21369908497625525,0.19078511512639984,0.4463987445521602,-0.26095044589977284,0.20962676633424382,0.5614760859603641,5843,40,7.963348832510979,-1.058446353792773,49.319973,7.920078,-0.5993494448462936,-0.1951896469149476,-39.152466,-17.011026
1175147,0.45013919727211765,0.023252516773195397,0.019960724713120808,-0.5963547217364387,0.45644728238009025,0.021306959135707224,0.15109240727618595,0.02634046763625624,5846,101,-1.863240474224382,3.7671488161371816,-10.879081,1.8728187,-2.5355021588631703,-3.1088749643319225,26.377428,2.4783747
1175400,0.49572473051590715,0.13828939941645357,0.034517518371169724,0.14084759884743928,0.49545442099518944,0.14081398652388283,0.0323850073592602,0.5613624338417219,5847,153,-4.648531719314054,-2.254150162876256,-35.111965,-30.855188,1.469036077108565,0.04395039158274315,-1.0610323,61.60024
1175565,0.42281617502744717,-0.14569773809714304,0.020168182070504102,3.0804541350509567,0.42276645289436127,-0.14593938824547492,0.01883378737031524,0.561336056557673,5848,117,7.531772317462309,-2.1422671635394157,32.389397,-21.150867,1.7318696317607518,-0.8820086013839054,5.2807736,-32.60044
1175802,0.32832659404756376,-0.037552118051205764,0.024699410752974688,-0.6311388331349126,0.32847270180985916,-0.03759205383868858,0.02463875674828478,0.561356645359973,5849,153,1.1217615813366888,-0.22815032682075115,5.5868063,-14.364919,2.479776818361223,0.6331749291078743,36.4825,-35.4251
1176502,0.40073645830585203,-0.05378990697739983,0.29082833253026025,2.466206024854642,0.3995282419592006,-0.05595850100705179,0.2865277606789141,0.5612968819597067,5853,49,1.2007509739430673,3.7921722949562775,10.393907,17.86948,-1.2242838679192978,-0.5614642185021872,12.8325615,-20.697893
1177051,0.3437849285939464,-0.13360424534838994,0.01996072471312079,-0.18681923758612487,0.3455273772308285,-0.14126016889362658,0.0636742942640087,0.010549403698109883,5855,196,6.129117649084737,-2.3362611332664636,25.66168,-10.065032,-2.854706313033985,-1.1517398253462308,14.578906,-50.08619
1177342,0.3254356643499209,-0.05772216447589156,0.01996072471312081,2.7879593409884156,0.306686449658895,0.007119699964458222,0.1910320296941684,0.032208380127879424,5857,85,-1.198693662369902,4.1540368701286,1.2151371,27.56811,4.986514889178364,0.8584653012711997,35.599117,-42.58409
1178781,0.4586825222184469,-0.11894481126682047,0.019444062711886097,-0.9305537560012517,0.457559231616099,-0.11740280652300185,0.01731580696746543,0.5597782843354326,5864,117,6.784328689375096,-1.2143080091570613,33.3044,-27.76595,0.6521939813795007,0.9997659209431445,-12.791636,-17.708057
1179559,0.40867454277766435,-0.21384579064496037,0.019960724713120808,-0.354467137522219,0.30743447853122574,0.021594003045866627,0.2858357581840514,0.03630727146726865,5868,91,-1.434316067457434,4.163889213623326,-1.8806349,31.280907,-0.486257178532993,0.040309099119034346,-28.966652,-36.491024
1179738,0.39689317505250427,0.11869204023458893,0.024688218515456346,-0.40987452234727073,0.4013948273881881,0.12908596526875674,0.020513653776208368,0.5574497046258587,5869,69,-5.358858255379844,-1.9027045474440722,-27.533741,-19.277088,-0.24627404422863225,-0.05424129192983751,5.90968,35.078896
1181149,0.4261787198572146,-0.0065237482346168245,0.019960719167340192,2.0258932866410144,0.4263767093385575,0.0005725169931359226,0.023384731493786004,0.1269298043299505,5876,73,0.14780659817981628,0.5575705976132141,-2.6685574,-27.219635,-1.0120911937358577,0.3467975042067057,28.77417,-4.604345
1181249,0.43134140582964486,-0.002881870568887779,0.01996072471312079,2.0006276064348847,0.4984443114729251,-0.11166921532749298,0.21858432799185837,0.01981129792240823,5876,173,3.5053221479985694,2.5625257174071896,28.267561,14.006596,-0.7748289975826712,-1.6171350160095586,24.657175,-5.266851
1181429,0.5376254656625901,0.23688814122629911,0.03307660677143377,0.02313066917859109,0.5377938806658035,0.23623678201012133,0.030708773243102422,0.5618421693075926,5877,152,-6.642656342436345,-4.89433828331666,-61.62992,-22.74104,-2.0897899925783756,-0.5530122606313006,-52.17481,30.806883
1181879,0.4526308741102247,-0.17016416441746784,0.019960724713120784,1.8460976722649796,0.4512363912896139,-0.1649258248010649,0.019846514776165475,0.35094766272425665,5879,200,8.318803057040654,-2.2234883370902567,35.35533,-22.323393,0.366354222315913,-0.03557696899301581,-20.383589,-22.811903
1182222,0.44196310159787283,-0.11984942557168947,0.2207686666526104,2.6469472697941803,0.43510597310307275,-0.11644558326582097,0.22130947108390236,0.5619461135569286,5881,141,4.2218796811137285,2.1800082283035462,17.26163,15.677473,-0.20253355658681088,1.3738967661949453,6.6390543,-23.907997
1182864,0.3945598079085812,0.05875650624459504,0.0199607247131208,-0.252539818823774,0.4867103119917457,0.17112722300607552,0.23992292685969235,0.060742384963216225,5884,180,-6.8535908779061465,0.5387739970151872,-32.113407,11.26241,0.5844774926513137,-6.171262631009828,44.533386,10.610536
1184105,0.46158932046437645,-0.1455262805199217,0.01996072471312081,1.3737721229336513,0.46547903132308527,-0.1465789136309553,0.08745886972916833,0.04563785215123687,5891,14,7.472387978705187,-1.2165992172818183,34.71253,-3.5402043,1.5518651115683568,-0.30113581069601836,-19.035496,-23.545288
1184467,0.3141534976081686,-0.06755715189576451,0.019960724713120777,-1.2145651260173729,0.43788421982164416,0.05392592600429428,0.2267186607918495,0.019616634036196526,5892,175,-3.254115548837736,4.541505705183167,-8.100045,30.370548,5.9361486900035745,-0.7216041394112856,34.394203,-43.37477
1184663,0.4169376014473875,-0.2954291798390638,0.01996072471312079,-0.5377285077081512,0.3903623597692327,-0.24435487900838362,0.144028323896673,0.05346032324902249,5893,170,8.293443239614712,-1.445412756674053,47.2565,13.141305,0.04729308122118207,0.8742410246415971,-21.130327,-54.775555
1185957,0.37550069324579366,0.25559528278872035,0.11124062373697491,-1.901272396024291,0.38247285276480975,0.25316021873393274,0.11043413710248412,0.5618631359794988,5900,57,-8.81654561822326,-3.068813829208584,-60.837326,6.5065117,-0.9297757282841196,3.59336464472265,-21.612043,23.840065
1186247,0.5453578464986442,-0.025025528377108953,0.15797468806207984,-2.653761254215499,0.5400257848392607,-0.02795967297245438,0.15552056990850174,0.5619208309954976,5901,146,1.9840362400587033,1.6664655542261242,5.6226454,-31.313084,-0.7665618291742303,-0.38307543097456986,3.97232,0.42749855
1186800,0.39461474489270326,-0.13703693589196944,0.019960724713120815,-0.07883733887065646,0.4182501525410808,-0.09862310894848847,0.21136589100804384,0.04189704250844772,5904,96,3.926869839474584,3.0865989673325336,29.75991,20.657661,-2.0232078939899516,-1.770335840885251,8.5973015,-41.560184
1187105,0.4925411940382471,-0.2634582071467262,0.019973749887388835,2.4286906787799407,0.49399779622814616,-0.26048721942754327,0.016525273924579864,0.46985518524932185,5905,200,9.839956224562313,-3.960323832941406,59.84009,-16.045889,-2.1747154388726657,-3.5315412944829125,-46.522736,-13.932072
1188068,0.4282659502656319,-0.20433187467624248,0.01935662305349181,1.5491071049307918,0.42801695752370994,-0.20305097568284436,0.020171754775320877,0.5085457554322224,5910,158,9.282371598010634,-2.8503695838541554,48.791016,-11.132577,0.46114717594526766,-0.9423259321329167,-26.74931,-30.502323
1188528,0.4229811792527562,-0.054756593471488035,0.01996072471312081,-1.4730443086272988,0.42914123502506407,-0.05862264095243906,0.12720331743760838,0.09156456641231857,5913,15,2.785150940554634,2.4869234216396396,11.191436,-8.507462,-0.2515717941009609,0.13254976458136308,28.328228,-23.161945
1189146,0.3278536393430365,-0.06665414133640053,0.0391408496984864,0.07127696237823636,0.3278939269527169,-0.06611876791188813,0.039233697515884874,0.5618707838071124,5916,30,3.0908359338305726,-0.8539362656884842,15.613366,-15.271003,3.612449539735499,-0.7448014556330212,27.438957,-42.69501
1189613,0.4511516751256891,0.19258785309728196,0.01996072471312083,1.6072370506955331,0.40627781586776734,0.06488622365934478,0.20015147193581392,0.044638066848462825,5918,95,-4.919823555927871,3.930773978793225,-19.075775,21.280893,1.872583988294383,-1.1994489426339099,-6.9035087,50.293327
1189768,0.5249085278568358,-0.1396710803544959,0.245870266708938,1.6142298647425228,0.5248589783091846,-0.13888739691570684,0.24745729910827383,0.561456772173267,5919,49,4.877383269632445,1.464608793607816,21.332079,11.050429,-0.7207121739026209,0.10310149523941033,-27.620468,-4.5974193
1189790,0.5155884077517223,-0.11858525560745233,0.019962822842223102,1.893648787964312,0.5181244720273585,-0.12381900753796331,0.018592174309700393,0.3942574421290179,5919,71,7.062830635165441,-1.660734331048502,37.02333,-31.165184,-1.3510338842637566,-0.6318606980137578,-12.522388,-8.642742
1189838,0.5029400716168502,-0.11847936569886124,0.03221404485971563,1.8721348551541181,0.5033815433733637,-0.11991610597558319,0.029204143202121585,0.561520923769547,5919,119,7.274304459890524,-1.4556363376987296,36.18026,-30.728764,-1.2347573249026054,-0.4967192628350204,-12.689972,-9.783585
1190063,0.3643131970300244,-0.002702844728275183,0.16937601815067935,2.069842287000246,0.36053555132197573,-0.005077677472603095,0.17060721049013156,0.5619515935105932,5920,143,-1.2262410602133782,3.860244274226749,0.6873551,23.092321,-1.883218381162801,1.1197083406528558,36.41553,-12.195638
1191056,0.5113295887643703,-0.20885182940898797,0.20058966691316676,-1.387638627953857,0.5105583506367127,-0.206864460087185,0.19614119738421795,0.5612855938690088,5925,131,7.335381038791173,-0.6286031101379099,47.138374,4.293232,0.44377929100265034,-0.8826807762422183,-34.13977,-0.94762945
1191224,0.5115431925428511,0.16158223059366822,0.019960724713120777,-0.774911178936872,0.5124658998439661,0.15642793756988463,0.14317078042427023,0.0286507854082605,5926,98,-5.852236969006174,-0.6980398106640003,-30.240673,5.385427,5.418324870472336,1.0472612414331322,5.7571616,60.418728
1191841,0.5300915729328737,-0.20548482112812935,0.019960724713120794,1.3753021699618324,0.529404192155734,-0.20157761726049578,0.017896617604258536,0.2810060957225856,5929,112,8.173411305185873,-2.8395591307496924,45.12231,-26.040161,0.22685938669954175,-1.559031146788079,-33.352825,1.4308348
1192038,0.32955270711951273,-0.09034856866400402,0.0199607247131208,-0.6949912769402563,0.33311140841954134,-0.09488489837324386,0.044815816060862074,0.016985688395722526,5930,108,4.162506951462843,-1.6479194514143916,19.187704,-13.389125,2.340909094476449,-2.8887782374192357,31.52222,-45.884052
1192174,0.5090047861286215,0.1502102743777621,0.2545539683948538,2.7781348139625446,0.4980829151867425,0.15401204935029977,0.25240527047858374,0.5616173897155541,5931,43,-5.873354852274684,0.30912637226883966,-42.96847,19.309769,1.3272345428290022,0.7741765833002388,-10.982869,47.8241
1192811,0.29385271791450984,-0.11481349366029861,0.0199607247079165,0.863159819079726,0.29147665285981594,-0.11663618660149103,0.08091370290619104,0.07383019750797515,5934,77,4.446308936779898,-1.7023948652743188,24.621462,-7.376419,4.923120235220669,-1.4251152497039992,31.43712,-50.06142
1193556,0.39818905551655676,0.180980020330117,0.019960724713120808,-0.13653439146832216,0.40622159043916645,0.18061472936836212,0.10227307965950894,0.02652960449820418,5938,18,-7.441507858315023,-2.023724109961008,-40.1401,1.390332,1.2326311278541564,-0.5741802940710077,-5.6165223,34.478497
1193902,0.3953683127117229,0.07816878388712545,0.019960724713107086,1.6287325184745234,0.3878282890543851,0.08054841335966553,0.04712132783764311,0.04642901025795019,5939,163,-4.0627320802637055,0.2272136364537083,-17.218523,-21.567701,1.0218797143983924,-2.4477748272142583,44.102104,14.028996
1194906,0.35063191651251513,0.20724977905718525,0.01996069819265919,1.2252252176661016,0.3442411067431045,0.2097249136740278,0.02029002839007138,0.10747773523432193,5944,162,-7.583046147889728,-4.000764249052582,-44.82958,-7.525823,-0.6114532330296985,-0.35430505249775757,-14.961308,10.638119
1195176,0.5401625616988912,0.2200413231676461,0.01961132583163353,-0.1729591453520061,0.5349150417084025,0.2209097219859334,0.016281885963848913,0.5605750821537356,5946,30,-6.124361346494154,-4.477044004196421,-61.37699,-24.156713,-3.5975499140094622,0.1581655644024739,-54.148056,31.809334
1196198,0.4753112762946541,0.13977578238634605,0.27677701754089157,-2.047445910146754,0.4684842522048879,0.14361382164200942,0.2762707264260955,0.5614287774538401,5951,47,-6.029147461528496,0.8006094449072396,-44.04399,20.93744,0.31799704102003046,0.6674966527844378,2.8106725,17.20586
1196318,0.4414162769092204,0.030345670951961203,0.019960724713120815,-2.2566912038761315,0.4290994427033594,0.03758751884388901,0.1357808858206543,0.05195774221500617,5951,167,-2.5174517926829245,3.5172201830738508,-11.555275,1.2937412,-2.6291477378152095,-3.4996552661762315,27.700768,3.4325666
1197938,0.3809121641948011,-0.14891852345092121,0.019960724713120808,1.606903529365981,0.407963358260954,-0.1063554335720067,0.20720596009941736,0.1308116536574085,5959,179,4.1927124575453005,2.734204861218338,30.350525,20.81079,-2.5221503472641427,-1.246127974318772,8.019774,-42.81661
1199720,0.4680232142922459,0.027106430245377948,0.05249343986781119,0.06151545467756853,0.460536143857699,0.026630942630747854,0.050888388211519,0.5618454221267757,5968,152,-0.7551626969595964,0.7181329776352507,-7.486339,-27.45931,-2.069070819139928,-0.6701174608642329,22.573765,10.536871
1199823,0.4397825123324376,-0.1801792630569437,0.19706676765655048,2.2959388902061812,0.43887197442525744,-0.1783546726909526,0.1980569884308771,0.5618250179778577,5969,54,6.329999917484979,0.34904356963346195,46.501316,21.041103,-0.41213655572282715,-0.5668576432712437,-7.297222,-31.131838
1200884,0.455149027829082,0.08442109594625187,0.01996072471312081,-0.9586541330324023,0.4577497983446912,0.08124723223201363,0.033513133845862464,0.06841750966667318,5974,110,-3.1366472360630664,-0.442161902378643,-15.467237,-27.380606,-0.322731886287465,0.79123883132493,23.852713,19.967823
1203246,0.4497266661069011,0.08127963155784661,0.10411581588331939,-0.5696091398032457,0.44651449263454496,0.07591739131290476,0.10016333422461457,0.5615143189234575,5986,60,-3.6027706837038758,1.1051844799467871,-18.995434,-27.76282,-0.8860517989660106,0.8989557819926919,22.223389,19.843882
1203910,0.4794768777804934,0.2049126159079071,0.07712778574444915,1.2073253138730637,0.47924880478760384,0.20506064411337158,0.07398490928780727,0.5617540204334763,5989,121,-7.2644407463748255,-3.810673525799375,-50.459717,-21.37455,-0.9452232897419203,0.9434154278859899,-15.6949625,49.55862
1204129,0.5399280207851933,-0.11345251433436963,0.1890095168898721,-0.367488570600824,0.5405960190105881,-0.11219415309663304,0.18727228832082585,0.5619357744432368,5990,139,4.782464489304463,1.0312468946361029,24.468433,7.4337783,-0.6237116092005263,-0.4092218959203462,-28.408854,-6.2503395
1204233,0.4226710729459408,-0.13067646674862787,0.21213049318576035,3.075287383857671,0.422271291498128,-0.1297203083552736,0.2136274597199138,0.5614215460604144,5991,42,4.810564949474591,1.6143531609235766,18.073662,16.132048,0.47599973646006377,0.22441532499114566,3.0400422,-27.005445
1205926,0.2896914506160086,0.0712001513336218,0.13343805930839392,-0.19316282957084369,0.282663328485699,0.0723349634861835,0.13298625025206262,0.561749671133187,5999,127,-4.274778496607465,1.8151243675097324,-11.696723,22.449524,0.04111765274451261,0.5631030740628179,35.209652,22.82523
1206017,0.40046651253871696,-0.2013286888652463,0.019960724713120808,-0.34379573598603774,0.40801521236141153,-0.20337368791016733,0.0913405870050864,0.005759748776429572,6000,17,8.633447444289537,-2.0658428383471685,40.828987,-8.300515,0.46294124902206935,-0.35952251818786096,-26.243778,-35.90334
1206384,0.462453475409224,0.25637879902334093,0.019960724713120798,0.13529694723696148,0.45795975398389976,0.2329102045513907,0.2041912441465305,0.006236386451628805,6001,183,-8.4097546651253,-1.3869136733961183,-37.831722,13.399824,-0.6029899194381105,1.2201514831010427,-39.639553,26.777132
1208317,0.3373867736085198,0.216200585255331,0.019960724713120777,0.9192314432409966,0.3446435144615213,0.22123196197458064,0.0754015510256324,0.07196477308270591,6011,106,-8.005340680019424,-3.2368904782749595,-43.536636,-3.7507365,-0.055654816401038025,-1.2011069448318794,-12.702853,11.146031
1208942,0.4953384845275963,0.2843257386450916,0.21386211878201122,-0.9872858207523124,0.49207480655604047,0.2825172213694105,0.2132724491369241,0.5617419872714918,6014,128,-7.660759249064701,-2.4953142079590047,-50.794395,7.795494,0.0819248740817262,-0.9892779966082036,-49.653366,18.310274
1209011,0.45895952491875,0.27811139066842566,0.019960724713120798,-0.7768398619378473,0.46392962547228933,0.27888657442576903,0.024886692141060818,0.08990761233233795,6014,197,-8.539373247508754,-5.459529247185639,-64.145134,-10.86772,-0.05034326919713742,0.10762694926275643,-39.06751,23.662012
1209035,0.4652216625298929,0.25387012679901655,0.01996072471312081,-2.6320396990070756,0.47168685373781327,0.2518338136987667,0.06110625550033816,0.04974440318972782,6015,20,-8.645525898184138,-4.89209202069539,-61.39233,-10.9899435,-0.4742758177885823,0.5669787550585766,-40.26261,26.756466
1209196,0.5389067669497651,0.15133265750905195,0.019960724713120798,-2.5385747172476036,0.5571116102326534,0.10741532217360539,0.17723167873374124,0.02217274824618962,6015,181,-3.9338570733447056,0.7380803771224627,-24.243132,-33.1545,2.5083613120454498,-1.0495335745385148,10.427245,56.49607
1209362,0.36105819673264616,0.11378397211123546,0.13830298557298945,0.7874844275730464,0.3562407548631215,0.118869055122011,0.1395888931800182,0.5615108855121606,6016,146,-6.012662380392304,0.5753722046144683,-40.344498,27.737823,-1.4284648975094798,1.1994896598496032,12.124226,32.977283
1209468,0.47803310525480364,-0.08776349130325178,0.2504740688498273,-2.8533860379887,0.47245998641130527,-0.08912210744465271,0.2508769300700702,0.5618670177786423,6017,51,3.1448632688854175,3.1551732000578516,14.563278,14.856301,-0.20081700989319698,2.0601810300166825,4.75135,-20.820496
1210214,0.49500074031279007,0.2376776824838155,0.019960724713120832,0.9291213012385832,0.501731886599219,0.2412691686894758,0.04405077027262408,0.05827447238246665,6020,194,-7.8710615803291075,-5.050483922325964,-58.84103,-22.6478,-0.16637656087807284,1.2017401827254266,-21.744343,56.02078
1211212,0.49557926829421856,0.24078111342720535,0.019960724713120815,0.7459538210148947,0.5019256111114572,0.2411764642742713,0.13934584966784416,0.048323854944045085,6025,187,-7.986995607967768,-2.747288139932612,-53.988823,-16.046513,0.8405717055567693,0.7081125621596652,-22.26989,56.658306
1211835,0.35607718935931915,0.06893387562083184,0.01996072469408796,-1.4197203231604567,0.38857901892093133,0.03545705931181745,0.22488817384298176,0.07382404777050985,6029,6,-3.7604723467096686,4.9547572806017195,-10.962066,30.961515,1.0430378115801622,-5.844618325174952,49.638393,10.224632
1212298,0.47817925991399085,0.2102315903572256,0.028482401820850586,0.9464617912853047,0.4790377742248544,0.20975924480241712,0.02847507672679958,0.5614583449178447,6031,67,-7.209990303774442,-4.623020542173588,-45.208893,-25.91548,-0.17401734629598994,0.3766638200462881,-11.658441,59.21093
1212583,0.4872753814416632,-0.17929176571209818,0.04414515737487571,0.2291707893576197,0.48778948488848284,-0.18107811874254723,0.04359491399485768,0.5615188272179121,6032,151,8.96143784820419,-2.371484099821782,37.807686,-22.867983,-0.44219778897854667,0.37257004995900317,-18.463041,-4.5584373
1212988,0.47399685725517704,-0.16182859119868392,0.02982917159273479,1.4772489563411437,0.47047219514340227,-0.16155618916780634,0.028976075385383937,0.5616571718649452,6034,154,8.34428982092237,-2.088231582978571,35.93423,-23.593006,-0.4297037717062225,2.077665487917965,-19.19342,-21.259485
1213033,0.46868156540558076,-0.15210319292830354,0.019960724713120794,1.4992433372540903,0.46292589308475973,-0.1541630414209843,0.02162008803602275,0.4246267979346772,6034,199,8.090874755491042,-2.064944660416253,35.107754,-23.580824,0.032511161287320164,1.841851494654772,-18.838947,-21.53575
1213573,0.49104757402406407,-0.2465975456911112,0.3255323511463451,2.3438770691411333,0.490543640609772,-0.24667498386432227,0.32268566163584134,0.5614551203967033,6037,136,6.445337263120929,-0.2732197866952258,49.74985,6.1830325,-0.3355046429255498,-1.546665822870174,-38.657215,-14.229188
1214370,0.5085511787892901,-0.2442837406341423,0.18099821589231513,-1.451128125427367,0.5033509255513232,-0.24503451490655995,0.1794441480972001,0.5614581211366731,6041,129,8.1568014016405,-1.3690279313990241,48.85683,1.637888,-1.064139030488654,-2.2059222710124264,-45.177105,-15.394041
1216679,0.3364186356742171,0.2880369107165504,0.01996072471312081,2.8007136488040176,0.33645239232001706,0.28881673299069527,0.019331300027869952,0.394656782169485,6053,26,-8.19081837904522,-4.385785127679357,-64.61843,2.0498323,0.5401884613913146,0.8625990067534458,-22.694656,13.909749
1217066,0.34246346137658673,0.17531438922545023,0.01996072471312079,-0.9604636784619434,0.3552156072530392,0.16753997687881708,0.1552263661550906,0.033897578357523626,6055,11,-7.315310932728409,-0.2672550925975217,-34.520065,22.253023,1.168333338275323,0.022572333174763967,24.42295,33.368282
1217356,0.4637836859363364,-0.2840569175829105,0.019960724713120805,-2.617674048671983,0.46632031096095633,-0.2901756875184646,0.11110664231525522,0.02951930403768346,6056,100,9.297386061051343,-2.554048540793048,59.880554,-7.934454,-0.07442137304775098,-1.821494193956343,-50.56568,-9.562973
1217507,0.47795438045204797,0.2361301658795621,0.27894040556869526,1.8541098734057329,0.4760129376385121,0.24004886064938796,0.2842461810341678,0.562478056788983,6057,50,-8.081247116126757,-1.5798845985288725,-50.1887,14.168181,-0.9442499715608952,-0.7118957601652729,-16.767979,36.424446
1217526,0.5391349632627823,0.2620361652030792,0.019886050630859714,1.6865008122119782,0.5365383765404124,0.26615369396296396,0.01831377534678552,0.470538083575548,6057,69,-6.593930307749681,-5.216699079946929,-63.0482,-19.687658,-1.0731141539189593,-1.4256598407995882,-54.16249,24.940662
1217733,0.4947819246822594,-0.11560816094872732,0.01996072470622059,-1.0920014525814037,0.48764622770610766,-0.11517934400169566,0.03532044530605824,0.0578955705773912,6058,75,7.2258823209178376,-1.2648450151499224,34.856976,-30.115137,0.2851556707381518,3.4220900757116133,-9.012171,-17.171926
1218197,0.5832502890099052,-0.2756166623405053,0.1901704197515384,1.3807704764106479,0.5846980729107926,-0.2761302233859571,0.18540602585387952,0.5619919169833479,6060,137,7.061855341693529,-1.4616748314177164,49.480476,2.3657222,0.19714868547331849,0.5460548413534476,-37.175957,-1.2958753
1220283,0.43746583033440867,-0.2960566303130529,0.01996072471312081,0.5362905363597774,0.44531580877288346,-0.2355409825429514,0.1707953074096489,0.08433335310146292,6071,12,7.994343008588597,-0.8625109439221251,44.247517,11.926312,0.5158873732784948,-0.430106038482273,-36.060284,-22.434439
1221380,0.47166100209902867,0.2780892513458792,0.019960724713120822,-2.8583510951568636,0.47357676067064813,0.27558215553035204,0.057900467351293755,0.07582369303608764,6076,104,-8.538762974302893,-4.984275518286069,-62.98078,-10.640064,0.9858143686429982,-0.889558277792789,-40.535107,23.28794
1224306,0.486339304222269,-0.10824330414681876,0.019960724713120808,0.6078554804827545,0.48574271902984223,-0.11407752682436198,0.13736915159150068,0.07946514050678266,6091,15,5.57223123622035,0.6201855573513709,28.480137,4.094876,1.0314716148922258,2.424044143136655,-8.266531,-15.674077
1224933,0.39020818868979495,0.15196900556834933,0.18708119508537285,-1.135717455253899,0.3883380651712228,0.1559502347721571,0.18698907537207793,0.5614450228618537,6094,39,-6.86833919210167,0.10891104075258079,-48.47671,23.929356,-0.47831744205260046,0.5473405604877174,-1.7506578,17.15338
1225437,0.4286633778231564,-0.036952722077651226,0.18830385507863215,0.9038755058804927,0.42691364438401663,-0.03929445431950644,0.1906381603018954,0.5615187320559757,6096,141,0.8757263712142178,4.09652397688576,4.254018,3.0487957,-0.2940694562739469,-0.2735268245907446,24.664282,-14.935718
1225497,0.3958959083719205,-0.11022207026133987,0.02,-1.2173798787364938,0.4250000106062877,5.623929073444904e-08,0.2749999432290525,0.0,6097,0,0.5102422935463709,15.53321386415544,-3.4810796,54.389282,-2.4572841415833895,-1.9078420255082074,13.436824,-37.580677
1226142,0.3327220177015739,0.2529865374258795,0.22002266561604883,-1.2069764571616333,0.3316865686920383,0.2549531055663589,0.21842149723106638,0.5614708400032152,6100,42,-8.279001827134657,-1.4713745122989859,-57.510612,17.554827,-0.5793539586281639,-0.18819732735363187,-9.0398655,17.62991
1226477,0.4423114606228557,0.27286935600964507,0.0199607247131208,-0.4847586458082258,0.4094058876464641,0.2694182216944911,0.2053795203604374,0.08088684253501131,6101,176,-8.890688451818527,-1.687264582664271,-56.018406,10.972295,-1.8180093746402262,4.1966595136038505,-33.311405,26.464369
1226777,0.540061571656862,0.01628595781354551,0.0199607246302883,0.797276177287423,0.541988804872876,0.012749467598312346,0.018650718883739592,0.11809172528120947,6103,74,1.5561969781978968,-1.2995763183824178,-4.029267,-38.61875,-1.2183839293581102,-0.4415652220102517,-1.0203667,3.4972134
1227336,0.3241564169245797,0.1572334998184011,0.02259419168041975,2.743859345015463,0.324629704283781,0.15845552337316712,0.02052072838051902,0.5605852936536598,6106,30,-6.1217355461370015,-2.9362659496331043,-32.247086,-11.613869,0.21925910310653285,-0.43903701709700477,8.397386,24.665874
1227378,0.4825573376372581,0.1482423047520262,0.01996066243995728,3.1288892766187937,0.4829126520099256,0.14802620669006472,0.019023416509993424,0.3380636829297737,6106,72,-4.917171452038112,-2.5726167772538804,-36.09382,-29.880697,2.1862713981129795,1.2104396505225976,-1.5772336,61.01289
1227419,0.48255734657942406,0.1482422935770112,0.01996072471312084,3.128889276618668,0.47839050921769655,0.15092938382700355,0.02092805524244179,0.19085590933731875,6106,113,-5.113250445453781,-2.6268814005736485,-36.305378,-29.273798,2.5299931543412466,1.490045463165399,-1.6141387,60.82704
1229404,0.30280277444544473,0.0019611576557929315,0.019960724713120798,0.6730187743637924,0.41346434323271386,-0.025892276259938795,0.2503686790848396,0.03304078110108264,6116,88,-0.7130084713379174,5.522476128219087,1.5096449,32.905872,4.682201219767844,0.36412550242025327,50.250927,-16.900745
1229424,0.30280277444544473,0.001961157655792932,0.019960724713120798,0.6730187743637924,0.3110916628531592,-0.0007173987282765167,0.03645057110706648,0.030891548977481597,6116,108,-1.181911314880181,0.3612258523998845,-1.1728915,-13.58163,2.185830748916594,0.1342301093238826,47.90228,-17.490715
1229448,0.26728836168424336,0.058060657329375716,0.3198962795267201,0.7005091959065406,0.2577415978196383,0.06942919934407249,0.32210517209030753,0.561572622264796,6116,132,-4.429697283022955,1.9888189985194327,-44.10191,30.717485,1.101365241469857,0.7010579691923416,17.628784,24.940168
1229574,0.4668422571130354,-0.15174521648986952,0.17832259757311597,-0.6224160768782668,0.46599203994932814,-0.15313161722368104,0.18052411649520533,0.5615292660112983,6117,57,5.922756214274352,0.6594392478900245,24.146873,13.674173,-0.2879328124882262,1.2394877957984505,0.61872524,-24.8749
1229789,0.41529445432747253,-0.2557715545951624,0.019920800420900244,0.2050205865019548,0.412651712894276,-0.2603973215339237,0.017239101178555594,0.37744931201378595,6118,71,10.007869748072888,-3.547824623569178,65.72092,-4.09236,-1.372835240460876,3.8497203890965053,-27.926489,-45.328255
1230973,0.5652323455799569,0.03245744987975481,0.29533700262744383,2.1907402897052073,0.5644459296582981,0.03408534766249335,0.2914131456109739,0.5614784325267306,6124,49,-1.7250935461914176,3.070653304339838,-0.8180595,10.800143,-0.029282251704750364,0.2272647853287181,2.7443035,4.4174523
1231806,0.49607192230829134,-0.2304661681840086,0.019960724713106323,-2.8364964859905073,0.4885539540855022,-0.22765785616354522,0.07628293702149677,0.06533807896629715,6128,78,9.951681198954223,-3.1316345728926533,53.48767,-14.967195,-1.3219240727520338,-4.1126962382989705,-50.81767,-16.900713
1233183,0.4949074646290046,-0.05126179293953901,0.30027364095069464,-2.87094723018715,0.4921481844814778,-0.043194269984487055,0.2964588811422979,0.5617793419370146,6135,48,0.9315808569446109,4.1682370213449085,5.2027893,13.224667,-0.6898286989626384,-0.3138711033395058,2.429778,9.956075
1233232,0.5477286281064919,0.19269440101757326,0.0199607247131208,-3.0034297203235174,0.5237543514744067,0.17085107903929314,0.15606095561345587,0.0897564323587869,6135,97,-6.126477960955503,-0.8618179373984253,-31.399649,5.9070783,-1.3338304865269959,-1.4360501017143001,-56.254814,30.86519
1233260,0.5414329652530663,0.19088296952127873,0.1107016973153582,-2.9973566925407322,0.5410335706371916,0.19263288953871877,0.10715590930514496,0.5614542865911756,6135,125,-5.906927021946116,-2.79620568421542,-50.367622,-19.709387,-1.5913787342491557,-0.7257140291145352,-11.120961,44.416763
1235108,0.3606576076025417,-0.2638088574098914,0.019960724711635763,3.0954039683329038,0.3558087093372092,-0.249580687830532,0.09014212508838923,0.046468596788095416,6144,164,8.979693727367138,-2.6587504060535863,65.89987,12.700424,0.0005512402932763699,0.839136028296461,-17.792006,-61.43865
1235453,0.5433081435079011,-0.26001918768617494,0.019960724713120815,0.17586608686177682,0.5448979895529795,-0.26179011162193927,0.05947733454886356,0.011533689894480257,6146,107,8.740857427102389,-3.301014581037828,61.163776,-14.428785,0.6679676993872218,0.44574053811281,-45.282814,1.3932742
1235477,0.5488717989621895,-0.25478819122190616,0.22246333725207165,0.19798922344808645,0.5479747540857887,-0.251626675432089,0.21833995943182338,0.5613187020412371,6146,131,7.247730041597641,-0.9961187650912431,48.904198,2.7380989,0.33719482138716306,-0.5085086044270897,-36.540775,-1.1113625
1237687,0.3365829270996789,-0.12878395313942428,0.18211236747365628,-1.392451018690449,0.3301731909321229,-0.12988153062076113,0.18469212953360334,0.5614427593242357,6157,130,4.5486326269204245,0.563129546658557,38.763733,30.472412,-1.2438833883781257,-0.6416496791516076,20.961092,-50.44942
1238929,0.35899398138499566,0.07905592695290027,0.01996072471285037,-0.9798562770293993,0.3405554474627222,0.07650183014503549,0.06024668215510745,0.08479728364324153,6163,166,-4.334044887306041,0.4516515633041097,-19.355202,-15.041951,-0.7791722964397515,-3.0445094487779585,42.490055,19.082354
1238973,0.42151688742054777,-0.2679642257043604,0.01996072471311449,2.346995765294909,0.4234916428620605,-0.1738123904035933,0.2096503293173257,0.03687222701040963,6164,9,6.003608050871698,1.1013219401031051,38.440125,15.024471,-0.5015964728680375,1.4717391495926166,-29.983173,-46.496155
1239491,0.3792101685978477,0.04851597346967709,0.13492828425154463,-0.7531797380167566,0.3760084011995339,0.045255291137335195,0.13499108919812067,0.561498462102609,6166,125,-3.2293353600747343,3.222575305492709,-15.54264,-3.5946417,0.1960959653630679,0.048528972479051434,15.884119,10.113752
1243033,0.45618534301308766,0.11564962477973706,0.32090535165772294,-1.5869886206028037,0.4562638436001545,0.11682319262636898,0.3247047123426824,0.5618109839579543,6184,49,-5.510420766615435,1.5793217396270465,-44.24734,23.009062,-0.214260285067161,-0.5288699224852959,4.353828,12.896597
1244863,0.4943945506541164,0.05424656046263402,0.020152107128606166,-1.3933103005715535,0.49330131158706675,0.06017001449961769,0.017589853420323015,0.5411370708055637,6193,70,-1.3285537828413083,-0.850098878253868,-10.580014,-35.775806,0.9972514144836896,0.7820245139186269,33.77901,53.9101
1246057,0.35663006691947946,-0.2042341436944693,0.11519914690041932,-0.20836099097351804,0.35809128024818393,-0.1986514690626239,0.11138448026108078,0.5613416948297902,6199,58,7.564092171708559,-2.007376832200724,59.337017,11.823823,0.4024670938876703,-0.3344940444499366,0.30160818,-52.08632
1247160,0.3783918676153625,0.07581408199290302,0.02319094186964341,-2.486193540610398,0.3828733291475112,0.07930231829101707,0.024160102429795882,0.5613492380744018,6204,156,-4.008121345068355,-0.1630193427368672,-17.596092,-20.676159,-0.23810156999280596,-0.631083912224424,40.97472,17.870657
1248029,0.41897803242189086,0.2175331336373106,0.01996072471312081,-0.5504435842206201,0.42326022533549684,0.2191474216353826,0.04619061644479147,0.006473530217873704,6209,20,-8.337901168221695,-4.45992608107573,-53.3516,-6.7578373,-2.6622032002036797,-1.1554733938047828,-26.801619,36.314407
1248217,0.43540851549988596,0.21372968411880963,0.019960724711801964,-0.1950062884006807,0.43803345846384245,0.11522312964458731,0.19219799288582945,0.019014964486702587,6210,7,-5.903555740211591,1.9569341640756597,-24.894058,16.809984,-1.5716905947768178,-2.483818713899781,-24.617884,43.62036
1248225,0.43540851549988596,0.21372968411880963,0.01996072471312081,-0.1950062884006807,0.4372636803902985,0.2135377193753047,0.08927007744331522,0.0578647574004702,6210,15,-8.257915491354957,-3.3763907050561017,-53.838875,-3.384836,-1.7606680572347688,-2.5587012860964435,-25.283415,43.044476
1250676,0.35883173414700825,0.20373313624661232,0.22660851871759272,2.971406985232078,0.35018483466419525,0.20491729046349227,0.22370639629540842,0.5621939964298742,6222,54,-7.852870019966444,-0.5770297783784322,-52.826443,22.29437,-0.5646587832407444,0.8456259461447513,-6.7160606,15.591184
1250786,0.320021009241977,0.2186555145464152,0.019960724543234366,1.5981526294994906,0.3035943472501807,0.22627950816484993,0.05861753148389562,0.05999978499396649,6222,164,-7.807156686760045,-3.3167778249482547,-44.10058,-4.5344296,0.6224948276344314,-0.34501246071960884,-13.727387,8.949889
1250796,0.32002100923399956,0.21865551453296425,0.019960724713120808,1.5981526294994906,0.28526025606101235,0.09339549706568323,0.200604338689685,0.015407406155986772,6222,174,-5.572248651271428,2.2989736174422903,-22.309544,26.656677,1.8979892718062956,-0.40410960091179715,-13.4075575,8.85338
1250860,0.3622460041407264,-0.21933805168884335,0.12639786833214256,2.1302708246977837,0.3584352862511912,-0.2133950272370276,0.1261272313030739,0.5618106218954275,6223,37,7.9754845544425494,-1.8369658240778346,61.32485,14.123779,-0.2635486090953889,-0.6946670129730356,-18.464066,-43.50997
1252283,0.5702031475419601,-0.07318216549068354,0.25303665123670516,0.5547720614392604,0.5673154862891316,-0.06775739681697886,0.2525244552664134,0.5619634479763601,6230,53,2.564089802663024,2.622571648551181,7.7418327,8.275687,-0.5060356465577832,-0.49333166908716564,2.261538,-0.014335402
1252366,0.57604474399992,-0.038561340024396,0.3329137101620057,0.46691990796781274,0.5729719866147811,-0.03207716414112967,0.3313510326418613,0.5613449990327712,6230,136,0.5467647019797558,3.5005831000356253,3.699484,10.92237,-0.6396576156243695,-0.3088442693971153,2.536996,3.1183875
1252373,0.5584130575997073,-0.0885961406971155,0.17928248556658385,0.4323227047147198,0.5567155929097215,-0.08427141399724349,0.17702626034234867,0.5615568957846284,6230,143,4.088953332617748,1.1509577024307789,28.058489,0.7256813,-0.5299241248667997,-0.8442638813918828,1.8239299,-1.6908374
1252783,0.3653175940110672,-0.18637156037706842,0.04182414673273126,-2.840119442195911,0.3637287574109445,-0.18706060176016595,0.042502160863756994,0.5613534482209911,6232,151,8.16312735398997,-3.1077702986243083,59.918316,4.2716265,-0.6657412790227147,2.340924511012447,4.942682,-54.530293
1253071,0.5191562872782283,-0.14321386378378467,0.1375504173176394,0.9305931847728507,0.5202497938180598,-0.1414473568033348,0.13320071843596779,0.544862593734919,6234,37,6.926042161945908,-0.6581194929955015,33.334515,0.3307432,-0.8137762076069783,1.9672725979990997,-25.404371,-6.3134513
1253830,0.38904461098607473,-0.2980461893484162,0.019960724713120777,-2.9617792589191967,0.39496718651031565,-0.3044166509003617,0.11937667903608887,0.006384369984637099,6237,193,8.62856381233376,-2.285068881669415,66.641754,15.953408,0.09371511408219128,-0.007122327144205036,-20.259424,-55.665585
1254793,0.4000018543141607,-0.24331078520878563,0.033958223651039635,-1.6044366118222033,0.4000967616492393,-0.2447874305407291,0.0323250950756927,0.5615640288830643,6242,151,9.951339765793989,-3.3189477647919667,65.29879,-1.850453,-1.0479210961729095,-0.29621931274675734,-22.353996,-43.970337
1255565,0.4614699016760533,-0.24204732917392513,0.05079641123316125,1.8607134903335931,0.4623156616414684,-0.2416736436140981,0.04862794233803239,0.5613759280316551,6246,119,10.430147268680823,-3.540624076134022,55.150646,-14.605485,-2.078257813400717,-1.7005932563310586,-44.31808,-23.402441
1256661,0.44702761881199016,0.015002684146585534,0.019960724713114487,1.2844834205588371,0.44058241169514895,0.008720458475939713,0.18573057324436212,0.0706732353585283,6252,9,-1.8790395466952097,5.102268719951256,-9.719667,3.2965348,-2.328868807544674,-2.504209162588256,26.071247,1.7483863
1257571,0.432034885806423,-0.12896748428320592,0.02497444995199897,-0.7423749931898258,0.4309954368923309,-0.12802018015342784,0.022791850836120703,0.5613370776367164,6256,115,6.952469957189385,-1.6062709369274644,30.979536,-22.51375,1.0700007852123186,0.060578340530419335,5.888631,-30.67407
1257783,0.3506846127361716,-0.1178616277450362,0.14840881325201027,2.1055445556689696,0.34769266975077145,-0.1127799992777839,0.14736921283955448,0.561688388800929,6257,126,4.453441952924536,0.606473036869095,18.211853,-3.3803315,-2.2145712758450196,-1.1697888619424845,19.574408,-40.1722
1257977,0.458141168541951,-0.19271404520901905,0.04932666258062883,2.990156035599809,0.4544273926279557,-0.192012129048197,0.04700978924622967,0.5614626413902837,6258,119,9.398301616305504,-2.6540372536047716,51.166073,-16.78481,-1.4295243990693445,1.0006282712902663,-44.955887,-26.488008
1258069,0.40271507849936433,0.0997901174291176,0.019960724713120385,0.3972450280447896,0.4119603100794083,0.09463955749608781,0.16926953160006022,0.07533747011647748,6259,10,-5.34724534630832,2.4903267162820595,-21.893457,17.349928,0.2618539799357553,0.27794817856091336,10.688869,18.814209
1258901,0.5228586859115951,-0.1624865939927322,0.15334584218546565,-1.024049655979319,0.5204625208800591,-0.15874601861333104,0.15167823713318537,0.5614299711423767,6263,38,7.014336609967647,-0.6134036751825236,34.597965,1.582107,-0.42895977989054873,0.5125119698582191,-27.211645,-3.820417
1259317,0.35375069174898655,0.024004700561749377,0.17235639357421675,-0.5048034727544242,0.3506862212533718,0.0264469117531836,0.17256244388446124,0.5619357708884596,6265,52,-2.817757102993888,3.5443240135990073,-1.4232227,22.817102,-0.3406323591444447,1.1038863388229405,37.332233,-10.260459
1261381,0.446509796486167,0.18240488123995957,0.019960724713120805,-1.453927811318878,0.4551171037726688,0.17913742992053774,0.07048313440614781,0.031664945334970926,6275,106,-6.794133895061085,-3.0501778637932557,-41.27648,-22.022867,2.7518224645514433,-0.2307658397394326,-4.8368144,50.107746
1262021,0.44236863155539213,-0.19354425908603234,0.1712927076020299,-0.958707827442866,0.43782012942525284,-0.19730726573857332,0.1704656355524731,0.5613931818849458,6278,143,7.191823199520861,-0.4280826060482257,46.40562,19.895027,-1.0967690779623112,0.4592218356294403,-5.8695474,-30.233812
1262134,0.5190512827883574,0.14648232873436787,0.1601206260672718,-0.1713802011116143,0.5155533656697052,0.14702185318321193,0.1571182113895226,0.5619550590652226,6279,55,-5.4365540596665705,-0.45900478217857,-27.626278,4.7212234,2.2191032418939574,0.6355294029075113,5.206424,57.973377
1262709,0.5105664629414083,-0.11162492294880832,0.02013685323951154,-0.508778678858765,0.5105559104879798,-0.1115186406105305,0.016474050128635842,0.550030185130364,6282,27,6.771835339004883,-1.295127925509688,36.208084,-32.007732,-0.14493909141544986,2.61488773877939,-7.3190823,-9.673413
1262736,0.518466444676037,0.15432626918369502,0.1847020183969996,-0.26766113898487487,0.5155428555290483,0.15524482131361134,0.18227272946012243,0.5619528948717817,6282,54,-5.844121079493214,-0.29312703145315083,-27.443531,5.168608,2.13387298030791,1.0808886342100454,5.0184474,57.813206
1263786,0.46324170639515266,0.1305583067984413,0.0199607247131208,0.2417927476253623,0.4750955515355425,0.12779284253972112,0.1667455344801655,0.03354487410978381,6287,99,-5.611944791952689,0.955517105167894,-27.765692,10.422739,1.6517428410066817,0.18658124214406685,5.9947705,46.865273
1263951,0.5126765487730413,-0.0955642380370158,0.06328104371694697,2.8823762427033777,0.5137762632746236,-0.09202409478880899,0.06908869052976965,0.5614045047486975,6288,63,6.266777617244732,-0.5153968030360645,12.923433,-36.617977,-0.5130344429409442,-0.8094902014701345,2.7458763,-8.446331
1264125,0.315708908374398,-0.2012785132233284,0.1042304844054234,1.8305146487088015,0.3117752057586096,-0.20220546919842197,0.10347255478897194,0.5614454359316782,6289,36,7.168481034365877,-2.471747851892116,58.492054,14.0968485,2.568365090540687,2.245407181921326,-2.56585,-57.9401
1264252,0.39005635166047886,-0.26838826776033237,0.0199607244643293,1.3146805783274895,0.38299426661903496,-0.2644082353211564,0.0367150242050239,0.12754863651950152,6289,163,9.609302503849017,-3.4081470053503993,67.66222,-0.9112945,-1.5564580417346414,3.863197762490432,-22.942205,-59.628593
1264599,0.4191021328609426,0.1753478338823036,0.019960724713120805,-0.05795019872057391,0.42271472236274676,0.1745157713756078,0.030136997656444897,0.06843621291660877,6291,108,-6.519014580440051,-3.270014405052609,-39.48953,-22.998755,1.4610437319501506,-0.8497903688014855,-4.2602725,44.34381
1265034,0.42479881403587355,0.07916927395216547,0.16740136107860706,1.4585224868772662,0.42499516426057776,0.07860963830181338,0.16648185769129137,0.5618955700407186,6293,141,-4.501534330898189,2.5184326534201835,-18.342855,-2.1751578,-0.6359093418330402,0.14711618287528236,9.978824,14.881414
1265997,0.4102000962764272,0.04083634868911271,0.019960724713120808,2.422075430736764,0.414641234262844,0.036216078397818985,0.10134842457466525,0.014959382171024755,6298,99,-2.602763474745748,2.5456399745651934,-13.16294,-2.116561,-0.1412934912157228,-4.368304074547732,32.09507,4.9422393
1267310,0.4741322374541732,0.019551911457935885,0.01996072443845221,-2.5789624284799966,0.4467051254864181,0.005899781826812682,0.2533780578720491,0.003388662741261034,6305,5,-2.314114727835796,6.057864259535931,-12.140961,36.9556,-1.2876633500795809,-0.5407149272958253,23.519552,1.8514535
1267841,0.2957206665164879,0.12526817999742235,0.3212794562798606,-2.9961326999200875,0.2955767656264293,0.12486127457156197,0.3219964807116791,0.5619746250811564,6307,134,-5.977017881226906,1.1147676235570851,-45.288445,29.062387,1.5490881917913872,-0.041907089061095165,16.644363,25.334633
1267932,0.4880857376512015,-0.22713635371358695,0.01996072471312081,-0.2252244191021682,0.48674469826035655,-0.23130528953713575,0.0227010050090663,0.20101930342423596,6308,24,9.934734055559462,-3.582198176159997,55.30882,-17.20649,-2.0801395375338894,-3.6181499317093473,-48.532154,-16.204094
1268440,0.5704898306909714,-0.0750599030587175,0.2224302937195458,1.0294278603374514,0.564418431777837,-0.0717512359673828,0.2194695804660251,0.561835898868584,6310,130,3.1311210631137056,1.9055899541403218,8.25726,7.713087,-0.37336698961201215,-0.10358281778905609,2.4266024,-0.28743476
1268978,0.33997272886353946,0.20973088697176476,0.05280392449866955,-1.305013086028354,0.33670846344944055,0.2224402829874734,0.050996802041017225,0.5616728153999138,6313,65,-7.737844228472774,-3.7128108470120864,-44.53809,-5.5268683,-0.98816269000301,-0.554915950333063,-9.505854,11.067521
1269748,0.32956543331623944,-0.16846300537061737,0.050388526370680656,1.4229087087740062,0.3299689199514956,-0.1644829477475069,0.048755771161552164,0.5619072516551957,6317,31,7.220487637445575,-3.1979209096429986,59.229195,6.832527,0.08738191189068241,0.1963794092183217,0.12246613,-50.733685
1270482,0.4714254904435084,-0.1681444051198665,0.019960724702255857,2.9135867055241627,0.4672046421681291,-0.1677337486133462,0.01635739241196338,0.16063357554183505,6320,162,8.546727870912932,-2.3165257922764977,36.539433,-23.098206,0.08197245955472778,-0.13639376837109926,-22.929274,-21.67088
1271465,0.3917200591664371,-0.23495750534270587,0.2017508658428449,-2.62182333398234,0.3884733372387014,-0.23686796138525534,0.2014070365938349,0.5619548499046887,6325,140,7.255767534262929,-0.8067983495686385,53.86941,22.48118,-0.7878988128403704,1.6216300446251837,-16.957674,-44.562164
1272865,0.452397680338289,-0.31778235317916476,0.2549995405939655,-3.022763268118631,0.4478504687831372,-0.31801925220308075,0.2502324854856487,0.5614627324010354,6332,133,7.286130426124794,-1.1124598676693664,51.243122,5.1090775,0.2267718272353048,-0.5886268951917174,-41.856213,-7.6233406
1273396,0.4200127713722991,0.14795183330602624,0.07628829903176745,1.3266020406306813,0.414266969403836,0.1494596312876851,0.07792694779839984,0.5617993811974784,6335,61,-6.296618941833153,-1.7972415751267286,-37.86301,-19.691975,-0.7851019816991109,0.24259261344165656,-0.4684897,38.707607
1273466,0.4128090592247289,0.18638088221058458,0.257000350045791,1.3125087636500274,0.4028544228183114,0.18862736677342068,0.25559267303499056,0.5614873305615905,6335,131,-7.6811794421945825,-0.3819893480744341,-48.82212,21.474636,-1.3648748541594267,0.729709635373508,-1.2612144,20.16741
1274543,0.549873439427245,0.09332289186362921,0.019959899117348443,-1.1662402661911806,0.4330405984724832,0.0006227203047023046,0.2643581730441857,0.016681343758643892,6341,2,-2.523876537405086,9.4624551996168,-5.795193,49.141247,-1.598311844252369,2.1044198649191377,17.619015,55.606052
1275056,0.46894507484353,-0.22483319579360245,0.019960724713120815,1.1767182031079935,0.46797246564869444,-0.22612866044491928,0.018958256119873174,0.26860306079401236,6343,113,9.972407932589839,-3.449339783158758,54.21191,-17.124672,-0.9570297610592139,-1.1398389342094923,-47.52129,-22.50797
1275869,0.40982581035203786,-0.1975114371471127,0.07148148824884303,1.1487935024109648,0.4087110692704963,-0.1970029956079231,0.06987327073092905,0.5619158529681888,6347,122,9.123284516150791,-2.469160911174221,41.705616,-8.49786,-0.5611978442935942,1.3323939967771035,-26.58085,-38.188046
1277569,0.32795937371412326,0.130616680340859,0.019960724713120808,-2.504866372187576,0.3344238949151836,0.13044761978987848,0.1532329234962081,0.019601842887697184,6356,13,-6.3490942503121275,0.7507084180657169,-26.052946,25.062912,0.8245371940415631,0.03234307536414445,11.500779,24.793371
1277611,0.48517418846479005,-0.03771340850627342,0.1635663577656784,-2.8180758493821827,0.4780443650684495,-0.040045139871743185,0.16656625497216496,0.561612875238897,6356,55,1.765937062637348,3.161488339311923,5.7708735,5.4441113,0.34448390353590963,1.2346417247568682,10.199816,-4.2460613
1278383,0.5295121236069015,-0.2011497590045631,0.019960724713120808,-2.824300942488285,0.5230292945975806,-0.1999167966740848,0.017174452544126223,0.17046613613899422,6360,23,8.337768311864874,-2.7889425776020738,44.85013,-25.903559,-0.22979089125431268,0.01476326718332921,-16.95508,3.1959414
1278454,0.31294836263528103,-0.190016216921893,0.0199607247131208,-1.4210959418675853,0.3129670859479048,-0.16892536830968152,0.1728929732726239,0.08324634041935297,6360,94,5.286170184533822,-0.15223407801469782,39.539753,24.566929,4.944455688905802,1.1538463328817108,7.0044312,-63.592148
1278688,0.41271057285953655,0.22652057406648307,0.16950525706946978,-1.7714497797712454,0.4120154919582488,0.2242853503234534,0.1672433294535552,0.5614850080729559,6361,127,-8.499822165970345,-1.9406808407917029,-47.337536,13.883283,-2.1405713280730083,-0.612652309497796,-20.450523,37.859272
1279099,0.30171106562069244,-0.11145878628592848,0.260995980296982,-1.4076860901960728,0.3007292949573987,-0.10613831742251875,0.2610312936701201,0.5619890654573397,6363,136,2.436568575312486,1.3080347176013518,36.5296,31.979622,2.709421354306226,-0.5871229414082896,25.075731,-49.75238
1279530,0.3085349603025703,0.20466064787291283,0.019960724713084143,-0.06046748215470224,0.2975036479925822,0.19890894615057955,0.08337205653734264,0.09586903058748655,6365,165,-7.371447437019725,-2.311872646717955,-39.21035,-4.844114,3.2020040082262184,-0.10735213890393328,18.44537,32.8756
1279876,0.47791493985522143,-0.12868483880508189,0.019960724713120784,0.3791780278187955,0.48065477195857376,-0.13223545664663472,0.04020633343157837,0.0656235929093961,6367,109,7.4790266063999375,-1.4409687820478037,34.59409,-27.875416,0.3689902214169878,3.2348261673912804,-10.140737,-19.351587
1279922,0.48290265387440223,-0.13042488384305176,0.026282408582473202,0.39797736037899933,0.4807749829552028,-0.13135198114824467,0.024899932670580716,0.5614568014748236,6367,155,7.463107630916101,-1.4922302613320975,34.892414,-28.180132,-0.21603226524538938,3.653187746783303,-9.967155,-19.424934
1280872,0.32664302521404276,0.1834446591931743,0.019960724713120822,-2.7415657977531462,0.3384322501083505,0.17407910257164194,0.13635727797544214,0.04195155414673341,6372,100,-7.35567333215816,-0.7539476523478615,-34.83511,22.781845,2.762636992154625,0.16297144949149756,22.942102,33.546852
1281887,0.47784622329255433,-0.04221694398193226,0.01996072471312081,-0.676887088479,0.4781987081910925,-0.041924699883413984,0.023167818342707147,0.15504982673816584,6377,110,3.7678218827410515,0.09196312123994144,7.250555,-38.003407,0.047632634006037775,0.40054849296883616,11.751338,-6.6937847
1284038,0.427898279145155,0.08055066127723066,0.24345151551030075,-1.7475748333059042,0.4270772592674786,0.07575472608996095,0.247159302586164,0.5619473698192722,6388,50,-4.590247598139533,3.0599711024443454,-6.726018,16.92421,-0.6969731700092408,-0.0857605704469774,10.321485,13.954585
1284316,0.37686171183987954,-0.11364901580109713,0.2337256858851802,-1.4269903875061016,0.3765095379179709,-0.11020631682191778,0.2341357150507765,0.561516493861689,6389,127,3.8160735788694935,1.9387110924317783,14.918132,19.88212,-0.9064678697100024,-0.2912816099697352,13.534937,-24.81107
1285369,0.4320554623719409,-0.14804597684014614,0.019960724713120825,-2.8554688635466943,0.42747220148261517,-0.20179799923267605,0.20690137465203548,0.017250387521114855,6394,175,6.769629379923478,0.3602910095917017,39.816505,14.251521,1.5305416299998713,-1.7892438316467967,-19.031912,-26.61941
1285850,0.4065673216892125,-0.20069510892161566,0.2074644982269459,-1.4299710587941197,0.39708752025297644,-0.20184943819597018,0.21011392240702575,0.5619523794754457,6397,53,6.572997014403553,-0.1698096809150499,50.44529,22.505285,-0.6766044259044032,1.088679231786328,-15.135192,-41.65786
1287664,0.513936011113323,-0.008499007754278828,0.14205051925296394,-1.5123668410161357,0.5141188416380764,-0.009572144546528705,0.14792564726683335,0.5613430153331794,6406,58,0.8711515353832366,2.1139780298547866,4.5882034,-30.718954,-0.3618972219504934,0.20891996571686544,6.675707,4.394381
1289299,0.3400121632004055,0.06688346099983856,0.019960724713120798,0.5178015000461758,0.3924497883605388,0.019575525175644398,0.1821347600139724,0.021016650338616914,6414,85,-2.7675632862993202,4.841326528064561,-5.1457653,-0.20814218,1.6555152958997918,-4.972190836375968,50.57465,9.247143
1289546,0.3214929794293775,-0.2582077008506171,0.21197441814428422,-1.9603760748914987,0.31485975126490995,-0.255336845680009,0.21126860409125475,0.5614317267238318,6415,131,6.424392500726059,-1.182241467643994,58.527756,22.750559,0.8708045124161459,1.5430922897408592,-6.5934095,-56.199047
1291281,0.4864628174556859,0.08675621103187695,0.12582073755643322,-1.5947293026725604,0.48679329725120324,0.09541276031768643,0.12582597273948676,0.5614905094503202,6424,57,-3.811527804491471,0.6836142366194989,-22.327372,-31.216722,-1.4393276707057627,-2.0168886751823947,12.337091,45.450554
1291467,0.34856565602980943,0.09635203967287388,0.17910944543136467,-2.883858067563953,0.3377758561274044,0.09351955477935771,0.18144510166325098,0.5617341993123961,6425,42,-5.335142899966356,2.0358793946002365,-39.875042,29.17329,-0.9008835421154701,0.715999902323269,39.536255,22.280643
1292398,0.5223989745210516,-0.018671669086934364,0.01996072471312067,-2.8923601348226846,0.5161091350285368,-0.008736532828328578,0.12784917750154431,0.011724725998567566,6429,169,1.4424219005945318,1.4099211357319312,4.673808,-31.63909,0.720409296593669,-0.44513461132850357,-5.001757,6.358128
1293266,0.3894257386033301,0.19036235724277004,0.05150257940286616,1.2279647485062226,0.3891585323664771,0.19037891822976638,0.049326011586292684,0.5617122100222904,6434,32,-7.455025677557275,-3.567030697715616,-41.56531,-12.058793,0.6031021596233579,0.44811961266280526,-5.7925277,24.168278
1293973,0.5521052816999863,-0.16003035520533215,0.24106261302349447,-1.2374440834547586,0.5500695487857764,-0.15407293594285806,0.24017212744177263,0.5616514032614223,6437,136,5.382035775747724,0.7742855840252298,22.83332,9.646926,0.057618271885491415,-0.09448255893755134,-29.104559,-4.159837
1294325,0.5383431727256535,0.08956088937976933,0.019960724713120832,-0.6278652316830021,0.4417770586499134,0.04226307557288171,0.22104250331460087,0.04361919865908061,6439,86,-3.5026547576497333,4.903870054585019,-14.281964,36.24861,-1.4664273106733872,2.5932888236561467,17.786087,55.743057
1294933,0.35715995168724474,-0.10306823084836904,0.01996072471312081,-2.2959091547529393,0.37730284278080095,-0.015284546544786231,0.21381768950340446,0.09617046442489294,6442,91,0.052126754047601975,5.245180831692452,4.169351,33.346558,-3.2561753256002977,-3.3540229582947085,24.71323,-35.937637
1297056,0.337133971911728,0.013720035058458202,0.019960667509541615,-3.013140796369418,0.41462751923978464,-0.0004697100904160105,0.24900158341695244,0.06806181650856417,6453,3,-2.035772734848045,5.843644202005637,-0.043755323,33.804398,3.3186792252924766,-1.9172266630765413,50.506695,-11.03993
1297512,0.32555099157402434,0.2615571495022233,0.12379970469654555,0.7705053406573297,0.32356872811967974,0.2589430650307079,0.1183194474409372,0.5617917541147355,6455,57,-8.080609984318574,-2.4451794123021067,-61.240376,15.583785,-0.9365860948308581,-0.24285235739057467,-4.8660135,12.228449
1298618,0.36732866585243745,0.11922706288129128,0.019871608890505616,1.7567067417671365,0.3651910198756214,0.11898144241437102,0.021038502257375635,0.5377369839284128,6460,158,-5.353617785852354,-1.6720333947933743,-25.993408,-17.284788,-2.132416325990872,2.6905577978210626,10.649466,33.98628
1298756,0.4523776754063316,-0.26362701305714065,0.019960724713120825,-1.6911090773723871,0.46578514548052297,-0.2678157422908485,0.20526345131674828,0.018305664766829467,6461,95,7.849750681064952,-0.7583309635492228,44.94814,9.919136,-0.49216226462350654,-1.0969142338161624,-38.749004,-25.586649
1298940,0.31420718356131333,-0.1609182986360985,0.019960724713091894,-2.0079697877319607,0.3073365913484463,-0.15838081334410672,0.07457888180815742,0.01727579756342478,6462,78,6.291506933174699,-2.6843430650724764,57.67221,10.087737,3.0042404501849305,-0.03818305597993181,9.792956,-60.70892
1299845,0.3945696926386146,-0.04953493775012691,0.019960724713120798,2.9826681526279555,0.35115237326476034,0.030036794266514195,0.2335624814820012,0.06052885524208981,6466,179,-2.3140496151658816,4.969705462712784,-2.411665,31.49882,-2.963831850434021,1.0335810299590784,31.62635,-24.825962
1300184,0.403401717269818,0.060877498466919956,0.020034477085148047,-0.5269550409610634,0.4047408001251857,0.06313107204327827,0.018878518120414522,0.5611869251794573,6468,116,-3.236673095374093,0.1843056816250654,-15.561158,-22.318129,0.11749815280987581,-2.419945290710684,28.659185,10.241111
1301261,0.48590832695986974,0.13861127732990763,0.019960724713120815,0.46617799624821,0.4903138939060631,0.14107115610425594,0.17481680048970466,0.008980695951910233,6473,188,-5.8244852815979815,0.6790363882110577,-28.908524,9.050208,4.245105451885699,0.7835502004682421,0.18746594,59.748722
1301749,0.49411538309142194,-0.11917548900887696,0.019960728176795377,2.8746683596766505,0.4905471026576929,-0.11952856102092829,0.018088405911642458,0.2661120721700811,6476,73,7.10134299778322,-1.313926140482709,35.42474,-29.987019,-0.03296163143153753,3.8138363331838754,-9.176313,-17.8061
1302397,0.3246165472115944,0.1581057122933518,0.022230097963725284,-1.196062335379916,0.32404874059509675,0.1592409345001236,0.020983579992384982,0.5617035645252411,6479,118,-6.172697534832533,-2.9647052825805758,-32.414356,-11.505651,-0.029375417140547394,-0.43920610308931196,8.40497,24.744009
1303384,0.3614061921139521,-0.1408135355431732,0.01996072471312081,1.8308467218234898,0.3662560056799557,-0.14661554980242927,0.18435392343881662,0.009457180747386206,6484,100,5.114190275525431,1.0427744361356135,35.551487,24.272566,-4.361065113949235,-1.4303588408735632,12.391133,-46.918446
1304542,0.3850859708576824,-0.053230693388229125,0.24644167991700985,3.024528974800035,0.3856719257544623,-0.05033850221167395,0.245739235668323,0.5619930268492629,6490,52,0.8185214162623784,3.881696760154289,8.737184,18.91469,-1.4046190789280744,-0.9101641263113546,14.731997,-20.05965
1305050,0.40306143937489863,-0.016701933308071185,0.01886861556224512,1.312366399945371,0.40193957065205,-0.01617784566853893,0.02596879090334514,0.45411885401731944,6492,158,0.4270453697610054,0.6574051501576798,1.5396008,-21.090704,-1.0061030390341552,1.3240849076873582,31.18833,-14.405537
1305483,0.46203008243284754,-0.04291402817959664,0.01996072471312077,0.5371439498959375,0.4681976693829645,-0.03800515864142912,0.11404944242162554,0.06596973162054573,6494,189,2.4535876275899717,1.9761762755724002,5.990258,-27.204664,0.33816251884775256,0.6720011371789859,17.225973,-7.043031
1305510,0.4538947293609799,0.10886158611721555,0.019960724713120815,-3.015553313637965,0.457158938002692,0.10609909806114069,0.10198772737338599,0.010310697145144813,6495,15,-4.551872373054139,0.1671647972590054,-22.728453,-29.755749,-0.7974563858365463,-0.784307356688091,9.1795635,44.5111
1305794,0.5167216960324186,0.10477039060324585,0.019960724713120784,-3.0757534491999623,0.5143516436458139,0.0900575765654831,0.15168707373821635,0.04949975207044791,6496,98,-3.599718773021789,1.195602878473796,-21.649897,-32.811676,-0.4161361602528306,-0.2515032053216466,18.67792,59.273453
1305849,0.5157991528120915,0.09734312704213044,0.039247650086822475,-3.09326939348445,0.5151522036854665,0.09740658612509386,0.03938949365559921,0.561945989592422,6496,153,-2.3518206909611834,-1.4474435284987854,-29.971258,-36.754166,-0.7710949413530168,0.00888829870813944,20.255959,62.2759
1306810,0.331536049431069,-0.13881435629047106,0.019960724713120808,3.0142771559524535,0.33845036766431813,-0.1444018590332834,0.05635220645101591,0.01251745358533071,6501,109,6.1984523974211365,-2.62723797783669,26.28212,-9.935769,-1.0423917023226243,-0.8569394044341978,14.570456,-51.208794
1307636,0.41266189041606866,0.038097538840356195,0.24488761906573422,-0.8194567477535568,0.41013358366120434,0.036532343676328516,0.24466776900359302,0.5614093295485747,6505,131,-3.1123933325150537,4.33067099723891,-3.0967278,17.935673,-0.557456023843978,0.7396275346026622,15.810779,12.650149
1308514,0.46597231826815455,-0.14247710893259186,0.01996072074929776,0.4000150931398584,0.4401029749718491,-0.04161960456392653,0.24158422052310022,0.10217460521214211,6510,4,1.9482634612162308,5.295174267456286,8.901412,35.657253,1.1330889451007455,1.623111877262271,-17.884472,-23.08402
1308632,0.28614903949249865,-0.02083314561500655,0.07277030944026584,0.43107258783928365,0.28312611365310264,-0.022073784934174324,0.0743358315070245,0.5615859905835594,6510,122,0.39018433661234797,0.7133709416242062,6.3296423,-10.608819,2.2922404694978322,0.21001204783350716,46.71786,-19.91302
1308770,0.5310803022937373,-0.05749585345707994,0.12780334781654423,-2.7506785606228754,0.5227679946859048,-0.060981186054907176,0.1289113492178345,0.5611017215784048,6511,59,3.933712525627968,1.0211614209136588,8.447069,-32.198643,0.05422828766679101,0.5540661562035049,4.8219137,-2.3158495
1309934,0.5465678059104793,-0.27606843411329535,0.019960724713120808,-3.0648058008146775,0.5503782958817622,-0.27598480617617605,0.062188726104328185,0.03761128594764332,6517,17,8.400273307329742,-3.2193863207431637,61.86723,-13.957954,0.7882654051921689,1.0256576329531577,-43.34571,1.0490786
1309998,0.32980671326516464,0.1379089514253026,0.01996072471312081,-2.4624838685694046,0.3156492578510098,0.14154815358865916,0.10726492279574162,0.03975363116900361,6517,81,-6.5053755140181195,-0.5326558069045746,-34.59128,-4.2603717,0.34981632429811155,-0.35467749334894266,11.264245,25.111057
1311167,0.47284344638680353,0.06406465292513835,0.24308438068130503,-0.39850322533030813,0.46553580778888975,0.06694647068151525,0.24093634736460962,0.5614221079277434,6523,44,-3.7440203442983697,3.2869582389603322,-4.6215277,13.680106,-1.2761010403854054,1.0604891651162764,20.043827,16.322264
1311735,0.3635618189218613,0.2859136227272668,0.01996072471311449,0.8935412712537146,0.38398843248688364,0.16715809503377185,0.20668978117657158,0.06530110782461866,6526,9,-7.416538222672008,0.45124422318437984,-32.69759,19.073257,1.0212675147738501,0.26631407191771594,-27.100409,16.903503
1311979,0.4972147083476786,0.013071270911355772,0.2525971003189326,-1.336762245574061,0.49623426960753103,0.016988276159681178,0.25639181391741384,0.5619607667711705,6527,52,-1.7670216649878334,4.37126762149275,-1.2036504,12.842808,-0.7364263488484406,-0.6108005293661438,5.416595,9.050989
1312458,0.43852994552550695,-0.12442801237211328,0.20814577979593352,-1.831392815970083,0.43933288038463303,-0.12057640630889699,0.20502380475881923,0.5614318095059424,6529,129,4.813843729059925,1.7363631895343654,18.519981,14.810952,0.676097540307814,0.8626061890118972,1.919261,-26.63412
1313153,0.34486315354039976,0.048115086550472454,0.01996072471312081,1.486384435086146,0.3545406651172588,0.04677332873718497,0.056418189879993974,0.034599752935355284,6533,20,-3.133334314848014,0.9215710132718008,-12.379544,-15.35607,1.9441271905447,-4.267235338394624,50.57671,6.6274304
1314546,0.37268429139578224,0.05790784840894763,0.01996072469408796,-1.9758240009857793,0.39845580334017017,0.03344459288689481,0.23342709549794263,0.03686489359460227,6540,6,-3.6631474325413778,5.186491109555287,-10.949889,31.897148,1.987055079304811,-7.077361378787631,47.82602,9.770285
1314729,0.40458678624427363,-0.16996942374277607,0.019960724713120822,-1.4430178426183298,0.4081426831895084,-0.17851006718968196,0.08897462699600223,0.03936938508912772,6540,189,7.9332570592790015,-1.7347948819131638,38.081238,-9.663184,1.3203529090206985,-2.1157214345207045,-21.638676,-31.842659
1315151,0.5260685202702663,0.22465469305302524,0.019960724713029444,-0.4983274695380503,0.5094444005082777,0.13544942911619828,0.18652419832509493,0.07844666589464183,6543,8,-5.580038136619562,0.8038171982770407,-28.637213,8.578132,-2.2090390293387956,-0.14140589752185687,-55.277504,32.67665
1316044,0.5403464105147489,0.24721160368813463,0.01996072471312084,-0.9256003524285817,0.5275220846921326,0.21359458442625773,0.1896535244114954,0.047083368509292824,6547,97,-7.052903805173414,-1.2657585192266212,-35.17314,7.756528,-1.1342083098964004,-0.5452452351323156,-56.367878,27.698313
1316570,0.31803901111919447,0.20674872034337677,0.01996072471312081,2.671834005335398,0.326109935459989,0.20976003784771222,0.03598119103281491,0.034550037925840944,6550,20,-7.324931556546087,-3.6395274884339264,-43.82969,-6.7841983,1.4933219809958318,-0.32875318414899735,17.52684,32.784683
1316598,0.3851137538556316,0.14382658101279341,0.3012787779842119,2.9042550403175675,0.37513647766166025,0.14675143058419973,0.30224842297645704,0.5614564344645563,6550,48,-6.598605289952322,0.8262171638047476,-45.86829,25.367905,-0.09445980979061615,0.4270743368371741,-0.76527804,16.4253
1318611,0.5365157551637508,0.013535203647718621,0.2770455762326366,1.513275301811318,0.5370766634527792,0.013834231329561445,0.2744676544408282,0.5619604811631932,6560,51,-1.2904054304190133,3.911693235821328,-0.22993518,11.462413,-0.2842702689568874,-0.31027274057096604,4.0755033,6.4504642
1318707,0.48324085759024527,0.21559165968131982,0.12174190849946834,1.495461119157242,0.48319443482170965,0.21280574800887136,0.12024668558853344,0.5615069478310822,6560,147,-7.781043970746893,-2.8021824257425663,-51.68683,-17.361137,-1.4859999652435754,0.13347186186682525,-16.076805,49.32232
1318928,0.494665552769703,-0.17229884720537028,0.01996072471296843,1.0217070567220137,0.48502470565930433,-0.169680937277253,0.07875712224085787,0.04804145270112088,6561,167,8.63539755079064,-1.8736479143846125,42.180477,-20.397474,-0.5072504664788711,2.4623060945504784,-20.841139,-16.847311
1319194,0.4154976096222531,-0.05542892218706183,0.045574290586692,2.865482620058816,0.4125220120252057,-0.054541599320606295,0.044081535806798494,0.5617296699740737,6563,31,3.2866280634265896,0.691227005265833,21.15042,-24.404549,-1.4872885756237135,0.1024187643944449,14.92316,-28.568316
1321275,0.4246617154853736,0.1838895131951466,0.019960724713120808,3.103568109373144,0.4302521727269498,0.18340180222277133,0.12870444772980294,0.01151785637220372,6573,102,-7.44718781855994,-1.3671054449797029,-40.1613,3.3391325,1.5799785257958459,-1.3129356446000242,-4.513442,45.944927
1321287,0.4246617154853736,0.1838895131951466,0.019960724713120808,3.103568109373144,0.42281949046327916,0.18249397029247394,0.018849136913778874,0.344892377739475,6573,114,-6.568202479987688,-3.573257232988458,-40.066406,-23.418427,1.3157552478146486,-1.0036358801905505,-4.7638283,44.810856
1321615,0.4072721595654619,-0.20757973481026873,0.19513147162121947,1.4478431992482794,0.39899803343796647,-0.20653801557129525,0.19234537630297338,0.5614781383346675,6575,40,7.2110655259381655,-0.5495632100090422,50.24312,21.830357,-1.0820750462927327,1.2561017275838675,-15.290171,-41.26491
1321979,0.4898324874890639,0.08426100187142596,0.019959899117348447,1.3738949299407741,0.4314456323500944,0.003234472633790489,0.2642087242335979,0.05060023977120571,6577,2,-2.9689625261754298,10.516319116165556,-5.7324123,49.325,-0.6041892198827145,2.6973052539387883,24.18687,58.599167
1322265,0.38328336180222233,0.264406886234313,0.0199607247131208,-0.24164838501623445,0.455163927173944,0.11672136639225263,0.2504400100197715,0.023787724750025878,6578,87,-5.860307634588021,2.302187802951274,-25.560951,18.199053,0.19127945501856908,0.8441368774069963,-27.433094,23.150602
1323332,0.4217725754303232,0.0919558764424898,0.10989844864761178,-0.08314303360171417,0.42207323915583744,0.09310851064371813,0.10927368162633486,0.5615878527243395,6583,149,-4.765073972813228,0.9427540802419069,-19.591177,-4.015629,-0.06883555091517414,0.5018788333758534,8.9658375,15.701716
1323622,0.4254177962723681,0.07200264752528557,0.11108732886572796,0.5699037346636711,0.4221435828736683,0.07006300215921006,0.11064448299770427,0.5613460916733771,6585,37,-3.6648287070844057,1.812173770618248,-16.425734,-1.5039761,-0.9081908462697919,2.0500448785447687,28.697962,16.445807
1325356,0.5246874164117763,-0.11439916516946215,0.019960724393239235,-1.503521668090559,0.5260117676412852,-0.11433760438062289,0.017133398122726573,0.2256229487810359,6593,163,6.601794070574297,-1.4837738151104114,36.731247,-32.42466,-1.1596238096685636,-1.0699334213206573,-12.134367,-7.7052836
1325943,0.42528598837371634,-0.006090587646940213,0.10028480475397664,-0.7837384107803583,0.4234734051123573,-0.004071648473687545,0.09951493910468395,0.5615528640431175,6596,147,-0.30957228275583587,2.3490046695800593,-2.2220757,-22.480896,-0.685971531229334,1.7895598883574142,30.8042,-9.792383
1327256,0.3421406931454132,0.13707092470966648,0.18838991080317,-2.0003475214639024,0.3373851743671271,0.13901551971852574,0.18926063837369095,0.5616584431713467,6603,53,-6.492490362932454,0.6433769995568577,-42.908173,28.546017,-0.6552581344009814,0.29395974161166916,14.479341,27.839205
1327473,0.3671041964914336,-0.16122602858590188,0.02511823407408484,-2.9332219907008943,0.3686685005876085,-0.160905801045034,0.021295233855253254,0.555242058787697,6604,69,7.367256088979299,-2.803861775191502,32.993282,-13.014097,-3.139504691474117,0.26621978749645603,6.267387,-46.911163
1329210,0.3869020853580129,-0.2264337276667897,0.019960724713120777,1.2762163372065252,0.38713471430256524,-0.2267683825814499,0.029598645150014563,0.03234636584157485,6612,198,9.526841712484606,-3.2008078392730375,64.10044,0.5995247,-0.48016309361216347,-0.45011200845824584,-21.42441,-43.29072
1330276,0.4378608381257753,-0.14297467721074353,0.14811870948241104,2.2842325055454547,0.4327114903797568,-0.14753457192960304,0.14435473585188383,0.5617114811021446,6618,58,6.197502866970256,0.1330717853931383,24.638412,14.622174,0.026297051672978175,0.48137475004192426,5.6024785,-25.669317
1330415,0.4242453762373259,-0.14728922957313573,0.019960724713120815,2.2916310799240316,0.4224399051359629,-0.1447929565545026,0.0579011434880678,0.01620056981151057,6618,197,7.43519540011276,-1.7227225167586715,31.826796,-19.226562,1.0118234326070068,-1.7523286374822151,-17.724497,-26.763084
1331361,0.32069383759507714,-0.2508499990338028,0.291357822609344,1.6334631570764342,0.3163670757707179,-0.2510694253683922,0.2929530751074163,0.5619638194705714,6623,138,5.41300405589453,-0.6079981444981966,56.586998,23.678114,1.4229130399527894,1.5974089226327768,-6.223098,-55.93769
1331608,0.33876377551042125,0.22774858578222731,0.019960724713120815,0.019442780018330445,0.3462531635073439,0.21851288322212084,0.17481297973623702,0.02829073956026749,6624,184,-8.289577868743743,-0.9471724704441007,-58.454784,13.589891,-0.4927730713417859,-1.928423808631943,-12.692248,11.806081
1331721,0.44282975859748847,-0.2496535100665947,0.019960724713120798,-2.7796735282264016,0.4728140678899748,-0.23563575326003267,0.18972793208194183,0.06088210052775531,6625,96,7.870466521714719,-0.5905050320751135,42.69777,10.201645,-0.7676288633581976,-0.14800085888821984,-40.16348,-27.626774
1332841,0.34886947395096746,-0.22993069909609196,0.019960724713120388,2.4231944782369443,0.36056413037589097,-0.18391897949224886,0.22298223221604946,0.060018241407784056,6631,10,5.646949027995769,0.6200261395925055,37.373043,22.681969,2.872424120162781,1.7396742097064435,-14.073585,-64.17483
1333237,0.30129270388911283,0.23748853104165638,0.01996072074929776,2.3574399552404848,0.4043626081061316,0.047188820381939535,0.2519554797838769,0.0253501943754219,6633,4,-4.188521541886167,4.552040784382671,-12.061454,30.256056,3.7404831534851137,-1.0894092752897397,-13.414351,7.6186376
1333704,0.40114194266549874,-0.19274182016724212,0.025491727943892137,1.8351660922833646,0.4028266348283963,-0.19880385079105267,0.02228595589257129,0.561586576678769,6635,69,8.968876467065543,-2.8473949368846805,48.129093,-9.591383,1.0614356410142805,-1.6596937993759178,-26.22648,-33.03406
1334731,0.522708170816247,-0.2527494021334486,0.01996072471312079,1.5800093179239758,0.5389758837374388,-0.17446826060934092,0.21188111053709463,0.04112808344601503,6640,91,6.404288688352741,0.5544782601175067,35.734383,7.0671506,0.2128027679053176,-1.5892829231671342,-48.742386,-0.24437103
1335050,0.3570042278092089,0.0012459033483550597,0.01996072471302944,-1.4072317739203597,0.379418455354638,-0.004785802350366624,0.16520809963828173,0.004728637975485387,6642,8,-1.4215037544030356,4.514251776491614,-2.7444124,-0.109161116,1.228663458577551,-0.2205357138794159,48.966175,-9.145095
1335068,0.3570042278092089,0.0012459033483550597,0.01996072471312081,-1.4072317739203597,0.35983359891615824,0.0012072910997269156,0.020382699496218515,0.5310788720108102,6642,26,-0.9936205184258293,0.3610298123568314,-1.6333151,-18.49633,-0.18736359495749993,1.3594572077719909,35.000988,-13.922241
1335143,0.42234119687227095,0.2502744914984927,0.01996072471312084,-0.6609891469566787,0.42739162746732207,0.2500775236325807,0.11234477803377269,0.004061623643878621,6642,101,-9.06074455178733,-3.2200907342292577,-56.126514,4.715837,-2.8317528413368414,2.690743097175743,-28.84856,32.295597
1335349,0.4539431595186221,0.16875894389702792,0.019960724713120815,-2.916369585231046,0.4632125593246022,0.16902575727753621,0.06859385892625952,0.00830091020604857,6643,106,-6.404207223538048,-2.784486704585338,-40.328953,-21.789572,3.7974805288991305,1.357806141804029,-3.4625678,51.825436
1335810,0.3276048725849281,-0.20213264386964366,0.019960724713017037,2.563248081197262,0.3221306805436817,-0.1933086575545719,0.09115373832716711,0.02121186255235427,6645,165,7.510125617397578,-2.6176286038575087,58.73212,13.05684,3.900074877523423,1.4425883792785557,5.592571,-63.150143
1337452,0.5084450796786758,-0.05922747342089062,0.020275297691316398,2.8422899466786262,0.5061890108888791,-0.05860146752603691,0.016692625203824973,0.5474578115301413,6653,199,5.000861676071194,-0.1879937971287302,9.807754,-40.263588,0.8146984073813666,-0.11668635265999443,8.12295,-6.4496164
1337711,0.5451872779925844,0.08340127662083888,0.2030339119891627,1.2096712255796298,0.5406692748802182,0.08527677724526533,0.20458097767990424,0.5618737503786406,6655,56,-3.312527981941584,1.5931586977787413,-24.304995,4.4987435,-0.2928304460359127,0.9014832236453256,19.123003,51.861385
1339181,0.3396173117942963,-0.19618821613779103,0.02623643483637374,-1.324331088978273,0.34314181958733253,-0.19518524601237838,0.023151101244450245,0.5602560537506178,6662,119,8.139728811742607,-3.3949065303658066,61.420967,4.5814085,0.7702582954579418,3.0614501151137836,2.6607773,-56.74101
1339679,0.4561070752346938,-0.14856125852937957,0.019960724713120805,-2.8013855786005113,0.458492313993546,-0.1515058614260522,0.15685843872402191,0.021233264744451516,6665,14,6.1586617278235485,0.586380815448176,33.150837,12.6240425,1.9331288933532629,-0.834707487881941,-19.515905,-24.13107
1339963,0.34321649570671736,-0.1885225806217189,0.019960724713120832,-0.5175117478168711,0.353155614408505,-0.18809611642746205,0.14802936025149901,0.03385116794804249,6666,97,6.618371783682398,-0.7556923019314952,41.31772,24.789196,2.018899191964598,1.2469720002707,4.776994,-60.23711
1340272,0.3017441115874208,0.1734070337043781,0.01996072074929776,-1.9126911206732928,0.40035053737958937,0.034066727506457076,0.2489827364273564,0.06950026462773497,6668,4,-3.761067853766881,4.819005184173821,-11.304989,30.492916,4.732513542399507,-0.44795105308504385,21.016407,32.46287
1340690,0.44181161890610454,-0.252463302306935,0.01996072471312081,-2.4043603594051235,0.4502497478165799,-0.25768982900492177,0.04016636732351528,0.011411544848186102,6670,20,10.40072713376821,-3.5475665546399155,64.07174,-5.6641755,-0.5870477403238374,0.4177435620640142,-40.34061,-29.032804
1341100,0.3926947623408351,0.08177255300115738,0.019049320533810067,0.9727050679095502,0.3909387794502437,0.08313709068586522,0.019705036242898266,0.5592670372740283,6672,28,-4.069109133144201,-0.33785919253297647,-17.628618,-21.479452,-0.1681992006430121,0.9680095355513499,34.21815,17.64083
1341282,0.5008989420325268,-0.13450646595880836,0.019960724713114487,-3.133630789810179,0.501709115431173,-0.12828269045459004,0.15503202674743213,0.017073719092180323,6673,9,5.8605652234246035,0.6345086163551874,29.920994,4.8018823,-0.4446092828814089,2.1409603267328636,-17.832005,-14.789285
1342639,0.4890055701082775,-0.016493818619657243,0.019960720587978903,2.3341273296886476,0.4770781393483625,-0.009925379390299511,0.01711775619543973,0.20636614497615313,6679,160,1.8094554000223897,-0.068374312553486,2.3250096,-37.41728,-1.0002337885931056,0.09785231994626994,14.232112,-0.32480484
1342967,0.4563487116029717,-0.13203797856923077,0.01996072471312079,-0.822063802185079,0.43435786704785184,-0.01689428738565242,0.2033264835880521,0.006789902669546057,6681,86,1.152707844969054,5.308153425426197,8.660415,37.33395,1.9476266802280224,0.8545805486363656,-17.68574,-23.997934
1343905,0.34439420434698076,0.011070884219961196,0.01996072471312081,-1.6724700778509665,0.3503264979901402,0.011900450318862112,0.05491718927917011,0.02135617653552304,6686,19,-1.631352824057242,1.1848226884108533,-4.964383,-13.078388,1.6726473784264237,0.10124519957080812,49.696507,-8.307834
1343940,0.3288114267140001,0.12326926336154763,0.17201084238884212,-1.1349870500309542,0.3258551546977458,0.12161989981847295,0.17298948399750305,0.5616388417015313,6686,54,-6.003601752321685,0.8597815380368511,-42.068977,28.791973,-0.5153455732751452,0.5668324909746407,17.344381,26.798672
1344491,0.35469848846002594,0.21836690198416372,0.019959899117348447,2.1636760080327373,0.42054980580573365,0.011867440300773292,0.2687728665233634,0.07115072748040949,6689,2,-3.4121992479145904,6.879580328767125,-8.772076,32.906864,0.1902922016970991,-1.9036187362396337,-14.026427,12.37249
1345060,0.5174730930448319,0.09913481070043019,0.019960724713120808,-3.0623326417310235,0.5087163654491811,0.07616326550269999,0.13425470515164012,0.006317707997273092,6691,169,-2.7559435102325684,1.0396605060000956,-20.535458,-33.801277,-0.7746517747422915,0.5601399882236034,19.333164,58.930405
1345974,0.5185828427328301,0.25362105836580207,0.01996072471311065,1.6667287260034975,0.5075133886833907,0.2571336615123043,0.07991901945237662,0.059247466871822994,6696,78,-7.658991368739565,-4.454526321007527,-58.890762,-17.332907,0.15378118119005518,0.08477035251235145,-48.88031,34.63498
1346464,0.34882356805439146,0.0923924715785079,0.019960724713115788,-0.4369624713743875,0.3332627127973602,0.10068831359110392,0.10220506173699803,0.02960438134648443,6698,166,-5.449147755391574,0.7710420961550567,-20.062283,-8.161349,-1.0868332785579164,-1.2159936920517929,43.49322,20.59587
1347274,0.49052192675329986,0.02685330437683166,0.019960724713120805,0.6662122913815374,0.40970696613376373,-0.05399212621655338,0.20327195557850736,0.08230413043496033,6702,172,0.6337644429257143,4.522617676889976,10.007554,28.37568,-0.2180616119115319,1.8350978824175972,35.020317,46.418633
1347298,0.49052192675329986,0.02685330437683166,0.019960724713120805,0.6662122913815374,0.4980334527291739,0.02525537660437382,0.040237992978972376,0.026086106863817772,6702,196,0.10203261452773352,-0.24131887209801017,-6.3719687,-36.542187,0.008468088843433183,0.48670714357233635,34.1063,43.393585
1347595,0.5337652442167409,-0.1131049890863868,0.0199607247131208,2.508957862990639,0.5363440606060337,0.00817469773463763,0.1781641472537969,0.0671349984890764,6704,91,0.9355225468628459,2.8068735365781805,-6.178763,5.120138,-0.9760853128107317,1.1651513549569243,-10.229749,-3.3261714
1347682,0.5284023151041066,-0.10434613202522618,0.019960724713120843,2.4399487688999186,0.43534281750711545,-0.020005677165307992,0.20454618726911822,0.0375121736310376,6704,178,1.2162671724695138,5.335549659425858,8.481684,37.283215,-0.5113462613949599,1.851215957859568,-9.445992,-4.0344954
1347842,0.47708911146142524,-0.2410484815025818,0.2230246678035553,0.5990972559072052,0.4770956381826657,-0.24143370358899188,0.22395193172351768,0.5619484384095017,6705,137,7.537532834143499,-0.6058548852035597,48.801235,6.715749,-1.0057118873582829,-1.1520585619561163,-40.03076,-16.698092
1348782,0.5246305810819627,0.17905625254372853,0.019960541275806064,-1.525361131069284,0.5293131240626825,0.17942398100109389,0.0193403556946051,0.47598310137576944,6710,72,-5.02345299828879,-3.3895127348933753,-40.56311,-30.827564,0.3071593088030074,-0.5258820487890495,7.7530646,56.753513
1349082,0.4755665312198221,0.13718726723900537,0.019960724713120822,2.950013327430349,0.45700376202493886,0.15154338814920884,0.1829830844346312,0.008256984514582745,6711,171,-6.3526316517312305,0.690204851114053,-29.457893,10.406378,3.2953386800210858,0.7930198582744394,0.092420004,59.218636
1349373,0.3841973219968748,-0.24402776097943873,0.10195472152330622,1.1452155044612944,0.38648618988112693,-0.24781969602653295,0.10171977172623142,0.38390631486142485,6713,60,9.056023813356473,-2.447898243310496,64.57828,13.012972,-1.5728601834731888,-0.692163031258107,-20.750788,-44.920464
1350033,0.33348765338204966,-0.20137428234836593,0.020503817297347113,-2.2791529507474957,0.3326510393559312,-0.20063229904070154,0.019876416993203805,0.5614960196512753,6716,117,7.964121157249346,-3.4584404446708277,62.125717,5.022686,1.8233904990068275,1.5105604510048956,2.2183478,-57.56772
1350242,0.4042562443605429,0.0018393016989234835,0.11106947889766985,-0.10510721060939092,0.4042581162315609,0.0034118996499405943,0.10979299745937368,0.5614656578371497,6717,125,-0.6676902254819017,2.851840133588306,0.0129808495,-3.5170429,-0.8844301888553219,1.2169184051812187,30.963598,-5.4500604
1350340,0.38957657433960746,0.12182005678738382,0.01996072471312081,1.7756751267231972,0.3881066371386537,0.12321804672963906,0.024382461773735736,0.0862903526144572,6718,22,-5.322575393637751,-1.7370399440493491,-26.827477,-18.73744,-1.4028798372023572,1.8394302276351884,3.4214253,34.7916
1351953,0.40864911273633214,-0.0822197239461251,0.01999572872087398,-2.5390597672649275,0.4054074272869388,-0.08390540014249272,0.02016158666716869,0.5239689136144605,6726,27,4.716061716411101,-0.2710836786696724,23.299889,-22.928572,-1.8027822515157432,-1.2615353818098525,15.828199,-31.256306
1352185,0.33163279985592,-0.2525107958213791,0.1211524977485802,-0.3204802972558341,0.3318576910306097,-0.2524058618523064,0.12127869480669229,0.5614560334112486,6727,58,7.784040402248766,-2.242069246579549,62.07471,19.180834,0.23716391970294687,0.24365465870812364,-7.547617,-54.586052
1352491,0.3864977704700822,0.19746862839973606,0.019960724711918863,-1.5931150288845932,0.3739674901072829,0.1955301784897682,0.06836846849116654,0.06817137970706873,6728,163,-7.840122601792782,-3.2237603172791296,-40.676964,-12.006121,0.23656047475384256,-0.29922820317943405,-8.461594,30.78697
1353373,0.42062935257701245,0.051121522399834515,0.20646686572386344,2.0558023429280183,0.4187464060434053,0.05071877726704032,0.2061403956627513,0.5614241194753619,6733,40,-3.4845062364968804,3.839019051503992,-4.3512716,16.022007,-1.1772443143637863,1.273208202398544,19.63456,13.429028
1353809,0.5459707757828942,0.2513065004260615,0.01996072389896207,1.6274527817605366,0.5429223834428147,0.2452725081718342,0.017172451331936706,0.1698118068357162,6735,74,-6.276857413270037,-4.980964326899187,-62.298527,-22.0483,-1.5568213260751325,-1.1119953947961236,-54.230377,27.566872
1354763,0.382323829258211,0.04519662056691883,0.01996072471312081,0.42992457010378576,0.38362474186469925,0.04747409617687125,0.026672087125223204,0.1401625008318201,6740,23,-2.7306710010175026,0.5789814044319955,-11.474093,-19.205172,1.0696813037862636,-3.380109230516354,48.03904,6.8363967
1356922,0.3267490495353957,-0.2845635544567134,0.019960724713120784,2.9470130926358133,0.33855493011572463,-0.21874411600689844,0.14323576708072916,0.015476654926597617,6750,172,7.460303096028546,-1.4291407980686057,59.137814,17.583471,2.5203078861616173,-0.8345559666186013,-9.163329,-48.805317
1358761,0.3273683489606163,-0.25476037769300347,0.019948878065594085,-2.2424366452039464,0.42590857932814524,-8.055170064312774e-06,0.2715680668973804,0.053137247148238885,6760,1,0.20249947644055893,15.543379859914426,-3.8522284,53.076797,4.586552079977341,0.6270542030260285,-10.124763,-66.14355
1360483,0.46289508381774935,-0.2400154970765438,0.020958654416547057,0.3568915532532562,0.4628918348105389,-0.23999402321612046,0.018968211422971032,0.5608905165651364,6768,115,10.27995403970725,-3.7107818387291327,55.242676,-15.534894,-2.062884030211218,-1.4000626763905908,-44.401493,-23.542826
1360596,0.3984268836232243,0.29572678606608993,0.019390444528512,2.2511190575365223,0.39584182696191994,0.29890773084819927,0.017583470822449987,0.5600128671594264,6769,27,-8.799580169503743,-5.008966347997649,-64.28347,-3.9583025,0.5705397840202378,3.5939421352407237,-26.604013,20.49088
1360956,0.3552329353236046,0.14896451130949454,0.01996072471312083,1.6118540859473878,0.3900530080349327,0.10528028800153282,0.191416216566757,0.04772574056466634,6770,186,-5.798735864448003,2.3046054331018633,-22.251005,21.57123,-0.9192412931067453,-0.7195163762784784,4.665257,28.53823
1362798,0.5190225108625278,0.14466486776911594,0.01996072471312081,1.082667976757451,0.5231252295711395,0.14702823970134865,0.05540795384370786,0.05368113566775732,6780,18,-4.5689207828987355,-2.434240614396246,-35.301666,-31.870628,4.2541654113958165,-0.297794891064126,8.704908,60.658993
1362989,0.3950083147594105,-0.15158930616255492,0.019960724713029444,2.975462881618502,0.41151678670755987,-0.10762543938047485,0.1759261733631944,0.03833112050297261,6781,8,4.377163463066533,2.270856855003351,30.513702,19.666187,-1.2505332137390586,-1.473695326002078,8.046735,-42.11216
1363696,0.30356841092212483,-0.24412913447592663,0.019960724713120808,-2.9132111868162256,0.3050516762124074,-0.245751213863426,0.024673400147561503,0.2045587194231283,6784,112,7.499923371236927,-3.5656583918810734,68.36929,5.46597,3.640418154666404,-0.10707734967427904,-6.0300775,-61.785656
1365115,0.4165681456525593,-0.23355150624998752,0.15911758784641383,-1.988523992197296,0.4169473249541327,-0.23286697291608982,0.15608064090852095,0.5621250083980981,6791,124,8.284343208146684,-1.4079281577867442,48.939487,10.0221405,-0.7353115694136083,0.6293683514896202,-15.380078,-37.682156
1365276,0.48861268314260337,0.02455579532118478,0.01996072471312079,0.15997771717122045,0.46643729246801957,0.033991954500423235,0.16964329818159787,0.08775301970074385,6792,84,-2.308646114570538,3.9698864272258167,-11.959019,6.7243023,-0.13915885620622212,0.9884468784489507,34.891083,46.45842
1365416,0.5386198500516941,0.040600214174970416,0.01996072471312081,-2.6924050369121826,0.5375768458990058,0.04078207377732317,0.020327905261497664,0.25447706438619117,6793,23,0.2416250391468453,-1.525704689585318,-8.198507,-38.322468,-1.7460423680927712,3.1751761483232888,27.977797,45.844997
1365782,0.41007869865654606,0.12492620689061734,0.019960724713120798,-2.936962287889315,0.4155720401458382,0.12591767199508613,0.11744198669472139,0.020065084198537628,6794,188,-5.902356626561218,0.13436756243940068,-26.922342,-3.1145048,-0.6201405500917708,-0.8948803541676021,1.6801894,35.806458
1366668,0.48137984131988515,-0.14361133733594955,0.01992614793807024,2.9379656598893535,0.4790526226618066,-0.1526440927071944,0.018434822634945586,0.5301335807450821,6799,69,8.157384224280142,-2.063297637996365,36.972126,-25.334015,-0.4337600271338551,0.4309685258282756,-15.164627,-15.884008
1367167,0.5008773265890637,0.03808750288962672,0.019960724713074453,-3.1098927785240402,0.49124493671456376,0.04340542636699071,0.05881391432808711,0.023301519281185613,6801,166,-0.6582566783655648,-0.016033198034418883,-13.912142,-36.01462,1.1203132953344423,1.982269236721001,34.570827,49.382256
1367568,0.3953365416426045,0.1214081718227239,0.019960724713119136,-2.1433141791724934,0.38127939517264925,0.11644365475337176,0.12425796736999131,0.0456117143919663,6803,165,-5.799832795341917,0.8762919355258522,-25.66851,-2.8758,-0.40774293081451973,0.0603471655058006,4.46072,34.007843
1368210,0.48399009238310026,-0.276773148169173,0.01996066750954162,-1.36853991792594,0.4354540967202223,-0.037248138654840564,0.26338252920292404,0.019743553743300158,6807,3,1.5854736901850732,5.411475328257641,8.378573,35.889618,-0.9144177493651777,-2.7564740328044226,-52.0712,-10.318509
1368336,0.4450951587601568,0.2517572850221733,0.20520901458179405,-1.093902777840878,0.44411241218981773,0.25224722862982346,0.201115370708537,0.5613300423325621,6807,129,-8.498747977391213,-2.203801593918427,-49.832577,12.550942,-1.6307846962659083,0.3509569540773159,-18.331295,35.27804
1368817,0.4806194323942831,-0.24874521455403503,0.019960724711801964,0.1159334227377942,0.4633045139205486,-0.11856921208940212,0.21501547927089065,0.0334059028255386,6810,7,4.875374915748434,2.503199123166645,30.218113,15.7532425,-1.5089791307517229,-4.074225588670339,-52.095394,-14.24824
1370546,0.5536275967641675,-0.25636823890246657,0.20335589184241484,-1.212343938042574,0.5511730856008502,-0.2504784605785925,0.1995196608883916,0.5616407602997869,6818,128,7.401856711782114,-1.1640458817731898,48.909504,2.4725692,0.31872504515216954,-0.373900231646614,-36.594444,-1.0791408
1370849,0.3262348305741027,-0.23185922956231136,0.019664897004731983,1.5241039828181215,0.325871794343027,-0.2318386307758286,0.019063031444191664,0.5607271041693479,6820,29,8.121213202805412,-3.5340572909118007,67.04802,4.706553,2.0606499645434293,3.1390953947219873,-8.981383,-62.419956
1372666,0.4355543161479997,-0.05656384669687759,0.13519528821870982,-2.395309402923861,0.43566122254950856,-0.05621907451218443,0.1352768232136933,0.5614694049554622,6829,37,3.0882406500299426,2.3343652206139023,12.243963,-8.463549,0.6834548213294572,0.4753158921383867,6.781299,-18.13186
1373298,0.5080813495875751,-0.05371573990071316,0.02274979063507647,-0.3708896448072077,0.5039140649467335,-0.06447855819491187,0.021832001516454147,0.5614919606784677,6832,66,5.261512307130061,-0.18224935992667127,10.280689,-39.74637,-0.006476918961211442,-0.3527953771361872,6.3826723,-8.439704
1374974,0.426751976366968,0.16090141498203037,0.2794013092434882,-0.4635313189465407,0.41588030067069887,0.1662466312293262,0.27752332758071496,0.5617908499877259,6840,134,-7.032799917521144,0.26311855508190735,-47.300983,22.420145,-0.6490295573860766,0.4650364161522897,-0.62762505,19.348621
1375754,0.38433945227793553,-0.12244985248125072,0.0199607247131208,1.5853349321125305,0.3854429799452703,-0.13018169725939135,0.028718785123409696,0.09054013786121286,6844,110,6.547731843611176,-2.1946896921370302,30.071037,-15.797761,-2.4704289996970283,-1.3144634533669008,8.817463,-38.009308
1375922,0.4621094378917694,0.25756472060849867,0.01996072471293991,2.427293041172332,0.45934278894571784,0.25511720881225264,0.05710127688246219,0.08285753164953544,6845,77,-8.67950298382362,-4.920308019907599,-61.687546,-10.903332,-0.27997259902510274,0.32199564015067034,-40.28923,26.146387
1376163,0.5108490681101637,0.24835572279966223,0.022093031050619914,-1.5296593269623064,0.5108545227396739,0.24782901465188614,0.018077874958115664,0.5618161896445885,6846,117,-7.328967657030703,-5.239738341874062,-61.52348,-21.782799,-0.26042658137723007,-0.13174262423657138,-49.30949,31.517689
1377889,0.42996509717856396,0.08975551679625757,0.08499534840323487,1.0598842772204544,0.42654188252063463,0.09155489496815164,0.08297296012853755,0.5619335786729757,6855,34,-4.059080626496354,0.382393431203467,-19.406017,-27.272928,-0.7485692208235635,3.0281859566762526,26.852625,17.80339
1379187,0.510751768736033,-0.3081889991801931,0.18114271341445196,-1.3535552856213773,0.5090959017253468,-0.30132075632641764,0.17681214717322413,0.5617412596400913,6861,126,7.60439422810462,-1.6502641769885567,50.722958,2.4744136,-0.13244242857373895,-0.49212287117718917,-41.047016,-6.9464107
1380152,0.523650589881406,-0.046623794247166374,0.019960724713120822,-2.3959406531352947,0.48096779196954703,-0.1251208176909567,0.18221550869536393,0.05276224666286665,6866,86,5.101437128672646,1.6361035107488697,30.519981,8.747982,1.2547264596012055,0.27208308227003475,-6.4057884,5.0173473
1380473,0.3034890486402889,0.29577704130219157,0.019960724438452215,1.2020283701535313,0.3902417119037734,0.07848192175521612,0.23541936136568478,0.017110125385933834,6868,5,-5.155607284385148,3.3987661153756172,-19.608456,25.140545,3.018510818093952,-1.1086958434144991,-25.028305,11.267146
1381750,0.34006228638952213,0.2105257333068139,0.01996072465172923,-0.4229634782876713,0.31791289732602235,0.20956092558872513,0.04271896144916176,0.07392156368299344,6874,76,-7.572439838259668,-3.5578922820997714,-43.961006,-6.2624574,-0.11239129653008278,-0.4553429273610629,-14.702985,10.389624
1381755,0.34006228638735203,0.21052573331168567,0.01996072471312072,-0.4229634782876713,0.3337997092776272,0.20539674872338742,0.12202256452419827,0.051656073797385176,6874,81,-8.024791156090352,-1.6702793438847054,-40.238266,-2.7823539,0.3511792323091676,-0.6192061564956498,-13.994628,10.7843895
1382323,0.3684360167183399,0.2809560089316155,0.26873785661598343,2.9846381365465464,0.36214158944700586,0.28143654500783066,0.2647954147006697,0.5613994632159599,6877,46,-8.312418834147408,-1.7349044910095976,-56.480312,16.155396,-0.1603526253781727,2.6104700468185285,-21.343098,18.217213
1383386,0.46448564351143207,0.11902268204324953,0.019960724713120822,3.0272826895552494,0.4707749234290646,0.11899657413679454,0.08176675295377464,0.024941117589307556,6882,104,-4.5849529345713345,-0.9014906512059953,-24.987116,-29.734415,0.6332345414281454,0.019973078105832362,7.4645505,47.17421
1384147,0.5040779743350797,0.11205671594162321,0.07188609296994358,-0.36376109618283614,0.5068730583966167,0.11899333151492464,0.07174777801216245,0.5615196747078237,6886,61,-3.8093752592159915,-1.3878528749604557,-30.097296,-32.443718,-0.8073634999753752,-3.0092023847106133,11.427471,48.13238
1384252,0.5057773173538831,0.12391211418452354,0.019960724713119802,-0.41809351505327774,0.4940486520747433,0.1252489722670346,0.09010502183634345,0.040281892634349524,6886,166,-4.395655209006079,-1.0625467496584882,-29.046753,-31.53738,1.2532365007272912,-2.0668206641548172,14.498113,61.53279
1384292,0.4608071925233054,0.16696228020362394,0.019960724438452215,0.6281040315144362,0.44539914948546483,0.06773314972044701,0.2418313322701169,0.0033525326509989406,6887,5,-4.819127916330462,4.23248242519166,-15.337153,34.451286,4.646299600444697,1.1660265006492492,-4.061268,52.562862
1385464,0.5138959219573697,0.2815729858586101,0.0199607247131208,-2.7371250807871434,0.486813094490252,0.2167659352010894,0.19178957394714194,0.0164128589533674,6892,172,-7.717460638422571,-1.2713308489788417,-36.075455,8.5137005,1.8582075488847347,-1.366703448947724,-54.516006,20.604137
1387925,0.46889416794448996,0.27254172063825527,0.01996072471312081,0.9368978920945897,0.4702202909699235,0.2753020421256321,0.04933801329101903,0.018637748777654804,6905,20,-8.690727727791394,-5.156827257961449,-63.243923,-10.602095,0.13126391466940074,0.489997395051446,-39.909298,24.037716
1388058,0.35877548925833774,-0.01230739302907786,0.035407191950211477,0.763281332953457,0.3560313913996059,-0.009390605815129517,0.038377717024667274,0.561712670721787,6905,153,-0.5606448031000608,0.7244766170283454,-0.042565227,-15.87495,-1.71480833761627,1.0214675538369118,37.963932,-13.335046
1388414,0.48010946914611763,0.1945655009398814,0.01996072471312081,-2.9310894105694025,0.48042028450610696,0.19655266265051222,0.040099689761200624,0.014904874834983347,6907,107,-6.818559721651959,-4.15509030339699,-43.877808,-26.029917,2.506285686370857,0.7623077956365677,-11.328305,58.56097
1389051,0.43058742737178973,-0.2527218666255015,0.22754005066717214,-0.0846716886504738,0.42567539814758915,-0.2526108728652562,0.22530309826892736,0.5619539688674888,6910,141,7.498428583112922,-0.7381326652871568,52.20638,20.879879,-1.060370697599544,1.238777379532129,-15.015564,-39.07256
1389933,0.30134016630607807,-0.2196492083576108,0.01996072471312081,-1.1689337474860795,0.29967626219233123,-0.22523810235735123,0.05624675446112212,0.03539062327193466,6915,18,7.341580482605148,-3.4175446810869787,65.42564,7.3096023,5.0743476789568,1.056298474808394,-6.394825,-64.61415
1390273,0.4658794440593012,-0.11954397204273394,0.019921429388180877,-0.8683960969444726,0.4673681591529581,-0.12064612483879528,0.019465210980550263,0.5011458924533526,6916,157,7.046494236723316,-1.2798516497014503,33.943817,-28.246756,0.20339588070414472,2.443340332506038,-10.764422,-19.556961
1390552,0.5417456790612243,-0.19684811760578863,0.08838385289480992,2.0806698579150718,0.5404388520413077,-0.19465993370063933,0.0846541886310318,0.5615942573887369,6918,34,8.290170692004516,-2.4197837896885375,44.958904,-19.736153,0.32488132504519807,-1.0307111918193186,-32.365494,-0.25601843
1390664,0.5258035906733842,-0.15678374025394368,0.17457609345342165,2.5758692782078274,0.5216585468885013,-0.15411726066693215,0.17114278699095037,0.5621364678645752,6918,146,6.36890892726501,0.012273679254583031,33.887882,2.70607,-0.693208811716749,2.6943143673578516,-24.906748,-5.869078
1391195,0.4277857768436003,-0.0679166357581716,0.01996072394691048,0.657591907892621,0.4225813568826533,-0.07204505728183372,0.027506653394740593,0.14273562373953297,6921,74,4.332354721419306,0.28776633550455893,22.956564,-24.032598,-0.8428047780922784,-0.008931732572720529,14.312462,-29.442446
1391250,0.4270497581517166,-0.07510251966591572,0.22857191773488697,0.6420276009982037,0.42109301581140784,-0.07916980209946736,0.22812285003677513,0.5613462618027771,6921,129,2.904795645904868,3.168795830541585,13.807001,16.149424,-0.2074147409586924,0.7713469390749594,8.236004,-23.14247
1392786,0.5419564177373216,-0.08554273671626039,0.1541998330227791,-2.2508336513092035,0.535614863964541,-0.09351765808439001,0.15459986227822747,0.5615315084985952,6929,57,4.821878477906039,0.7422751344421767,28.447542,0.8224303,-0.2378250691838571,0.40200535155245004,3.7115555,-3.5355942
1393427,0.5111044658888667,0.1617268353890074,0.01996072471312079,0.40666692836813323,0.5065751358575783,0.16053681150648386,0.14715364510720225,0.025674518885050512,6932,95,-6.103490950933493,-0.6176068427822936,-30.28298,5.721808,5.352781112744943,1.2094118099073319,5.620769,60.447754
1394732,0.40201076232971983,-0.09648642428317332,0.019960724713120808,1.5289523684026434,0.40578281168622443,-0.10339815202915092,0.054503841808418524,0.07756016122263257,6938,194,5.708519248080954,-0.8667520424662402,23.429348,-19.616173,-2.78598649430792,-2.6514830970884704,16.498077,-32.38422
1395283,0.45397404431094485,-0.12688812244707418,0.20125942830892485,1.2015726166952256,0.44463961150929027,-0.1233949677581861,0.20017028160420205,0.5619067281930085,6941,142,4.707828783193435,1.7498841384599109,18.434128,15.038268,-0.05192871794187484,2.0014406156024522,5.7037115,-23.965921
1395932,0.48224208835975146,0.20905448899310175,0.019960724713120805,2.448773451781843,0.485610849428435,0.20779457731018683,0.1108235375495426,0.026793634142434637,6944,188,-7.541381371288119,-2.762413752922512,-51.048267,-17.829762,1.0045312605005763,0.3591502474698777,-14.176859,57.5472
1395993,0.3643392911045273,0.12739667375057528,0.27678526835106104,0.13383800442551264,0.3640151924223766,0.12918526893994728,0.2778503539207306,0.5618503410506098,6945,48,-6.285474340968145,1.29968261727136,-44.781967,27.240984,0.6922275156811197,-0.5056488899885678,-1.0528798,13.632287
1396083,0.3390624619104119,0.1710723452941774,0.20185124087928424,0.23338639638083655,0.3391981240626465,0.16984123462077974,0.20210074775701248,0.5620053484825532,6945,138,-7.166719330047075,-0.021456610373831925,-48.155586,27.51412,0.594422907185542,0.3756555569185147,14.008587,26.003586
1396392,0.46220363382440305,0.030882634062589013,0.2547953824526585,-1.4553586693873064,0.4542459314805065,0.030070498878574253,0.2507821211105165,0.5616073671038952,6947,45,-2.4349160708966795,4.45565186439786,-2.064653,14.068865,-1.28345583961968,0.8638928892809766,17.623516,14.912949
1396753,0.3441330300516118,0.09307328566115132,0.019960720749297764,0.03444230982717961,0.40445824718764417,0.025345410728763305,0.2451268720212852,0.049570204907299985,6949,4,-3.511999528574046,5.292677418830351,-10.44254,31.653885,0.04788028515567437,-2.093248598541534,44.237545,20.372055
1396906,0.44271431055766663,0.13633128302117653,0.019959038169037872,0.05372523633913603,0.4395186268290999,0.13543898736334165,0.018679765249244973,0.39300000827987625,6949,157,-4.937738843577239,-2.1280441282723563,-35.29001,-22.40545,0.9168075781838313,0.29809115425355076,0.123089455,41.88267
1397073,0.4946852271586104,0.13041904076592015,0.08013676458800063,-1.812696201855141,0.4892496440876367,0.1316994403353837,0.07669276573221018,0.5617547639671632,6950,123,-4.533334170804292,-1.5824758594215504,-29.842163,-31.34035,1.7244373894508696,-0.401054849031868,17.286417,64.282394
1397634,0.3741080372471186,-0.08325442367320496,0.019960724713119653,-1.6199039297440654,0.36351271259705953,-0.07314938841727392,0.1097767180868375,0.03133085217542587,6953,81,3.60544539742976,1.187070695538769,14.039302,-4.7508216,-2.2647145079162345,-2.7299522787979216,22.48854,-34.294724
1397796,0.45039055311567033,-0.17762462578926733,0.23360628119899102,-0.5486735980169452,0.44095835522446103,-0.17178953125239516,0.23063136280143168,0.5621004378010184,6954,42,6.023653034362786,0.6653269104589737,46.708847,22.010841,-1.0421839801629256,0.03725356870849616,-5.661447,-29.844078
1401132,0.37943569429623,0.1877268268491511,0.01996072468863745,-0.21497284364817051,0.36894148853143915,0.1874948285736963,0.036187602684744385,0.0646700258594023,6970,162,-7.372802818017868,-3.5706274789207337,-41.51215,-11.060393,0.39893788392199714,0.138424628257411,-5.788493,31.03198
1403950,0.48627243541861787,-0.157715587280993,0.019960724713093056,1.373740211716848,0.47811450771818514,-0.1561656210311501,0.10892735005734414,0.0409279928656277,6984,166,7.728430439826882,-1.0476706550091728,35.271317,-2.2343953,-0.4045843951383864,2.7788625045236595,-19.961071,-16.900677
1404758,0.49530489750857015,-0.0996589672090314,0.019960724713120784,-0.21922876340336422,0.4789222388111833,-0.0819785756728869,0.11771102383232507,0.04109501853477444,6988,170,4.989401353560927,0.865157424654423,26.594955,2.7710335,0.9114110679092161,0.7714891695970648,-6.894388,-14.679533
1405044,0.43803657367743415,-0.26880694175244096,0.24060771291264887,0.09316109379279047,0.43768190701213805,-0.2616462299774676,0.24184335058174597,0.561961658432516,6990,54,7.465443930828051,-0.7016629613680607,52.3033,20.598686,-0.17646613602941147,-0.9338827184804519,-13.84623,-37.776413
1406090,0.3877505586459726,0.06847067824064004,0.019960724713120784,0.5340297956660863,0.41241908237196956,0.080280168440179,0.1733989023636868,0.07664044560297513,6995,95,-4.923279442107496,3.079267909255015,-20.951567,17.58897,0.7320154457306477,-5.586960890919258,45.691616,12.106391
1406092,0.3877505586459726,0.06847067824064004,0.019960724713120784,0.5340297956660863,0.4001264382573877,0.07221234741759157,0.14652073097991308,0.08353769119711447,6995,97,-4.633466979935718,2.8210652652742696,-17.405277,-5.1529284,0.6753028960240653,-5.321669423303241,45.69577,12.13461
1408026,0.4881221521739077,-0.1586902274453079,0.01996072471312081,-0.6452140291112427,0.4837490644739648,-0.15335241542635605,0.029149378531635545,0.04235111879015138,7005,21,8.156465973557104,-1.9536688610679023,37.285664,-25.609095,-0.7146036481619317,2.8631326408194053,-19.207642,-16.960789
1408449,0.3677258120886178,0.054735936966550956,0.2481963339997156,1.4776145603789956,0.3673412806400699,0.053662647350345025,0.24801815212026945,0.5614811211709423,7007,42,-4.000165602345531,3.63793058172613,-5.9970512,19.972477,0.42710074199238934,-0.2831984682570129,14.26142,9.998931
1408730,0.49902005408224076,-0.11504459036922599,0.056955013285374126,-0.7695236332352225,0.49657503650228246,-0.11266984124266705,0.056527281640568916,0.5618095101156486,7008,122,7.189559735294221,-1.172648877217676,33.811295,-30.995996,-0.908095330188522,1.3925223670719769,-13.03198,-11.142661
1410027,0.40584430977551,0.023006316180105367,0.019960724713120808,0.11916786436861837,0.4119431822895018,0.01811199111654319,0.15570177464662507,0.019274875003193227,7015,12,-2.388493596715063,4.290682681461655,-8.735639,1.4108323,0.3673451503922672,-3.613591257167306,32.177597,1.6178956
1410441,0.3783518594145148,0.00924030056588956,0.01996072471312081,-1.111094221337874,0.3806701774702226,0.008279984606376392,0.020928016616606177,0.35545327433538204,7017,24,-1.1822612410929068,0.627648570027624,-2.8220963,-19.727749,0.28066719737752893,0.3366729289361589,47.15607,-3.71843
1411087,0.37267552953496985,-0.17104021367847597,0.02586716983338578,0.6285269862739297,0.37464228582872466,-0.16978038087664843,0.02531960956486881,0.5613496591953433,7020,67,7.741913887262691,-2.8249421131999988,33.738415,-12.82347,-1.910826994634618,0.8408799092693195,5.4242134,-46.840763
1412079,0.3420313397792945,-0.14457315233874665,0.21176079498835695,-0.3995111806106572,0.33402948069027183,-0.14125624934417352,0.2099308975012707,0.5614448666855792,7025,54,4.344987227173057,0.6511905221667836,38.407444,31.114119,-0.24428291384917067,-0.1368048153874015,21.247568,-50.639008
1412479,0.36862722912646834,-0.09840807533828602,0.2343646777526342,-2.5617278060025086,0.3672208698226287,-0.0956974496356311,0.23315578097477488,0.5617966437030937,7027,52,2.847959966273203,2.322124482559044,13.127907,20.173223,-1.234583304266523,-1.031902212600914,14.500628,-24.3759
1412883,0.3639603815470764,0.16895364413896918,0.16559507161689324,2.093866534930456,0.36228157410523204,0.17245890479321285,0.16178146963520024,0.5616061496162741,7029,54,-7.2418731195053745,-0.5852917136314539,-48.934166,26.076109,0.10722385217681395,1.080357404463572,-1.4058317,24.978397
1412974,0.35558939212091184,0.1829178051753163,0.11349814144559693,1.9244636479311301,0.3560041202429067,0.1822997197048695,0.1149243807592335,0.5614131333691398,7029,145,-7.323157177439197,-1.6856577289174082,-37.795567,-3.7138624,0.2831138189503746,1.252901079791703,-1.7433225,25.185707
1413214,0.4284965097855439,-0.21787192794503213,0.019960724713120822,-1.7244887281006251,0.4213372326291167,-0.18176935360985597,0.19198024504757524,0.07742256341892743,7030,184,6.451518281443291,0.6035249060929074,38.875465,14.286671,-0.9376220472426379,-0.015216392522293403,-29.141098,-29.909925
1414468,0.3660872752527494,-0.15036690035946326,0.04147820021702828,-2.00608219915333,0.36191433905670567,-0.14840698740417993,0.04065653216130416,0.5617120797685976,7037,31,7.221086170021859,-2.740812300461184,31.824137,-12.992418,-4.013683516419007,-0.2552777172371404,6.906276,-46.65254
1415705,0.3558797278185047,0.26182573938066905,0.058932243722482756,1.2229030151742675,0.3512533882212018,0.26359859799509,0.05547314723601268,0.5617307309884112,7043,62,-8.498853521548323,-4.050100397556566,-63.498596,3.0212753,-1.1109958662033066,1.5643953170569465,-20.396992,20.107239
1418149,0.3563090314790191,-0.06153442916788197,0.01996072471312081,-1.7034767682601877,0.4061222720066818,-0.11604881538388193,0.18820654936418924,0.06593364144889938,7055,94,4.231589055991214,2.0862673957633024,31.04509,20.924898,0.338328284476748,-1.7963802241747096,26.854204,-35.68979
1418311,0.4314726237469,0.26885237940186385,0.17407378206373597,-2.746482688748625,0.4280126558379011,0.2672644433544585,0.1761801418907652,0.5618522925218048,7056,55,-8.777525657757483,-2.451849386718921,-53.605316,14.161767,-1.312507055469178,3.834846783215344,-22.590082,27.171005
1418360,0.4228795930560016,0.26882561965180485,0.01996072471312081,-2.822796579363209,0.4278770712925303,0.27217174357511725,0.1251428056784675,0.009251617815695343,7056,104,-9.136398455826106,-3.1554477524536337,-57.124683,6.2117887,-1.8008215301329156,5.3942540082077395,-31.550657,25.430288
1418432,0.437130323908455,0.2744250609933943,0.019960724713120822,-2.81517312038058,0.5225401199133021,0.13181006767176176,0.2167592132918799,0.04802463532712499,7056,176,-5.464898751825702,1.0634671686792445,-27.756226,8.632377,-0.9544961916361533,2.37302702135,-32.881477,26.432964
1418475,0.47477511752912244,-0.13975754756929223,0.01996072471312081,-0.7194131122040938,0.4795649225039776,-0.1422396683044256,0.0789184099716311,0.008191105079804598,7057,18,7.563383917584482,-1.3158828462458798,34.17867,-3.391221,0.5910860819795298,1.7782749706573087,-15.470853,-18.852352
1418741,0.5295017482950045,0.041694069254385235,0.019960724713120808,1.0932739977555037,0.5278409916250555,0.012549153716807648,0.15715201077767071,0.03383216836371777,7058,83,-0.26835633886432525,2.130474912044922,-13.121331,5.0637484,-0.8524845425864922,4.372612046062254,30.138277,48.43283
1419206,0.3479257484072177,-0.21941543829330282,0.0740143441236913,0.8404474942751102,0.3472273691411105,-0.22059579221004447,0.07355997528416622,0.5614433184625343,7060,146,8.56719061650669,-3.0580765638431284,63.486023,9.351647,0.6557767965725354,2.234740770530615,-0.019162878,-56.42589
1421415,0.48131898898736797,-0.05289359659597097,0.12580049711521665,1.2278604503924437,0.47474285335420724,-0.05042881162008513,0.12554323744635712,0.5619587066865125,7071,144,2.994813622040748,1.9859955858988902,6.6378117,-27.586761,0.5713753745916088,1.2540843857609567,10.096941,-4.84974
1422163,0.4414986240852257,0.1450999994511931,0.019960724713120843,-2.110621646043965,0.35113655489026685,0.012916067248644442,0.19867540459312708,0.007789604268592681,7075,88,-3.075791559091712,4.88867193043408,-10.047802,30.136324,1.4094379332696405,0.3561505772675878,1.7847853,45.813633
1422635,0.5378964588661973,0.13917201785450808,0.019960490505865174,-1.698322640031779,0.5374730320387408,0.13416259675144546,0.018438388740094624,0.194916901260987,7077,158,-3.124851856543519,-2.134277322521637,-34.47774,-33.673454,1.1856213536004787,-1.885164063836526,12.096446,59.147766
1422832,0.36472288913519807,0.08112841354846426,0.04306833249195103,-0.7774313225422552,0.36096655206791356,0.08504568759743611,0.04362273852423504,0.561387374456986,7078,154,-4.559997705292018,-0.37285907230350246,-20.566742,-15.936735,-1.5870993017604662,0.18072962507121743,41.304234,21.14255
1423211,0.47488651267542836,0.022062526413381172,0.22252424209404473,-1.811719259175633,0.46608031617943296,0.02429132299932979,0.22129610699346655,0.561927028442726,7080,131,-1.8664278610824228,4.272530692323766,-1.0960326,13.3132305,-1.2218171603303745,0.645565891884288,17.558678,15.236854
1423652,0.4413144742224736,-0.2360634556940147,0.019960724713120808,-1.8818253776848717,0.42174043276096157,-0.2091685114263973,0.14759863153828995,0.03826044014024785,7082,170,7.84757463359664,-0.8585870112260685,44.76646,13.12803,-1.0837048014769584,0.8393653672688047,-41.173492,-28.075705
1424120,0.4670877102499464,0.11538923438075584,0.09002865961219422,1.4500715991417785,0.4674288571891884,0.1199983512266477,0.08697875392244278,0.5614276529066343,7085,35,-4.473917454170558,-0.7323393233478732,-25.085388,-29.994972,-1.679740786991578,-1.6746655987619223,10.59203,46.172092
1424956,0.5433423408293518,0.22818337969205862,0.023086652807138397,0.7024694366302722,0.5400314353500499,0.23221362674114723,0.02056008203942314,0.5617815928836029,7089,67,-6.350796426717371,-4.740755504370707,-61.772705,-23.380457,-2.933563660325214,-0.2794160714358558,-53.085743,31.170752
1425148,0.4512480182238316,0.19787604147043544,0.1445223053619527,2.243509206154157,0.44687490805738694,0.20303293506755596,0.14711955397619428,0.5616863300295003,7090,58,-8.007546704347691,-1.877774928742518,-44.71203,13.6543255,-2.0916912235715968,-0.4747240015192654,-16.815018,40.61085
1425744,0.41271152024714314,0.01900362127183242,0.25060916618116774,-0.8118321425631688,0.40737659284729755,0.013365578502686418,0.24893032573958673,0.5619461228449456,7093,51,-2.298659127955048,4.654847402721526,-1.435973,18.911081,-0.4422097763198721,0.779273453488016,31.737814,-7.9480014
1425985,0.3012338979534067,0.05669261466784546,0.0199607247131208,-0.4769334746848194,0.41519787876638903,0.026645991746137805,0.2637098560698614,0.022590181388137887,7094,91,-3.293232989245414,5.2465280366514,-9.656381,31.53803,5.376539915487493,-1.859218707308207,43.912716,3.4147782
1426402,0.3887259389424001,-0.11218305310627195,0.0199607247131208,-1.6517144426460137,0.39464386162589643,-0.11714021165972831,0.09541432922761309,0.014970688777308314,7096,106,5.6705711958578435,-0.375972338392243,22.994642,-16.321707,-4.165065943487224,-3.570601769011879,12.450104,-41.060436
1427064,0.3707497971591097,0.1457848726282834,0.019960724713084823,0.26854072397678386,0.35874943732133147,0.13902248134534853,0.08792495227968766,0.0522624228973049,7099,165,-6.40883361179142,-0.989953044039919,-32.854645,-6.126012,-1.0259315942278653,-0.13277033463312807,4.0036683,29.196198
1427387,0.5396924765174852,0.12634184216059574,0.019960724713120798,-1.8558511752941502,0.49940772784296483,0.1622199463602191,0.19349147666105995,0.01632173983643862,7101,86,-6.100881924372192,0.35037560024520376,-30.702944,8.640865,1.1334280936543042,-0.577108300628565,12.402644,57.041748
1428340,0.3981296560515974,0.00802227224904151,0.06936532387769258,0.0906427798545107,0.39769471708176823,0.010989049912712892,0.06686390562472658,0.5619175886258266,7106,34,-0.946365414799704,1.6567087234389115,-3.7433074,-21.811167,-0.8274416177288384,1.2149223361116468,31.311657,-5.051861
1428386,0.48466311465542256,0.07284967689616788,0.019960724713120798,0.22584935001857265,0.4855794297779502,0.08421998312000427,0.09022729521881928,0.038082460596565774,7106,80,-2.817490241688154,0.1310521820536027,-21.116072,-35.232094,0.23876058299827246,0.9119144658699564,25.246115,59.20801
1428864,0.5104600953544886,0.20215001068561708,0.01946516040676309,-0.4157986145612295,0.5086430559570353,0.19808187666878213,0.01982382979709227,0.5610213666713937,7108,156,-6.159580979093258,-4.090769326598395,-42.460426,-29.23649,-0.6738999889596088,0.6893516654955162,-15.785329,51.38069
1430147,0.42593783054812084,-0.25645774243588776,0.06709912844473345,0.8747687598157825,0.4232077957418108,-0.25417356551568593,0.06670049879561543,0.5619288540100884,7115,32,9.987301143327166,-3.1163351514796935,63.07411,-4.349636,-0.6469999962241406,1.7843285265104851,-27.019255,-43.848877
1430547,0.49725107440321137,0.26599424545746175,0.03542660037624583,-0.6722857297171838,0.49427989588355586,0.26827704565841914,0.03383760495547963,0.5618199943991833,7117,30,-7.905042456815923,-5.38263357583339,-64.20369,-16.105204,0.979586276525861,-0.8032466205255571,-47.553764,22.275032
1431465,0.4840073775083596,-0.2603366908423253,0.13799878430893292,-0.48844963966777794,0.4848305182636761,-0.2591389333637272,0.13554643871833125,0.5613757130762057,7121,144,9.06954550660186,-2.08486650309376,50.443798,0.0120081,-1.1796445604737222,-2.3654232923231793,-43.1599,-14.741913
1431743,0.4772224579730907,-0.01700732306896134,0.01996072471312081,2.385579597132662,0.47998769514043327,-0.02029007519193168,0.03259375493896202,0.04955688864878509,7123,20,2.3898875240039006,0.052377228862552416,3.4545534,-37.082455,-0.9334992735522415,0.4508407205832214,15.5528555,-1.14063
1431800,0.30540313036037486,0.08889605083649475,0.01996072471258222,2.682792046671804,0.298367522148056,0.0852738223203454,0.06017243857238333,0.05573493853840117,7123,77,-4.513278121266478,-0.09157892401290219,-18.626322,-12.437436,2.1510424199980465,-0.7071339117274699,40.8024,2.7018046
1432226,0.35343083984240414,-0.0007340427280742047,0.019960724713120794,-0.48815822354756594,0.35633756381197423,-0.0049931244169109995,0.11839965952523365,0.009380935381248283,7125,101,-1.178502917164607,3.246616598081805,-2.90215,-5.7623625,0.4550659844350773,0.08854754916604195,48.876717,-9.860517
1433058,0.46987017273726656,-0.1456583383240973,0.23883626449673595,2.0579362897186764,0.4670325820949974,-0.14684027673312924,0.23710717514496893,0.5614486152802304,7129,129,5.352837147401712,1.3109064895924845,21.121876,13.202416,-1.0316432687214576,1.894212261862109,0.77101725,-23.105318
1433412,0.38757271914833813,-0.1228838489971815,0.019960724713120777,-2.912145003328697,0.38127323003745117,-0.1150654919319834,0.11058851783717155,0.04039282215967102,7131,81,5.506468515135103,-0.008622369124856283,19.722927,-6.151463,-4.284430176568758,-3.135560896205658,11.946979,-41.76595
1434374,0.3080243637232135,0.20970606003683998,0.1347791395706484,2.6972155389897097,0.3039343929685284,0.21154722182128943,0.13247911988044433,0.5613839036576677,7136,38,-7.709234643595081,-1.6419403791634242,-60.395866,18.514246,-0.5347400301947378,0.09665488057577933,15.338149,29.247887
1434503,0.3714457771619659,-0.2551908591042391,0.01996072471312083,2.7107652606767023,0.36139809842878395,-0.24495571229091334,0.08991624078475649,0.015413246425801191,7136,167,9.055526929473936,-2.6341052380758976,65.75062,12.4924965,-0.6982044610093945,2.805292118397837,-19.42263,-61.95083
1434616,0.5179536563043917,0.03655672092380958,0.01996072471312003,-2.5121871411338184,0.5057815334952659,0.04035169281414234,0.08497055410964383,0.021550271808993656,7137,79,-0.5565801231798659,0.22431097566922403,-15.614981,-35.996872,0.35831011689706843,3.7835976698961398,32.15848,48.826103
1436878,0.40249243794541545,-0.21141473533105937,0.20387304323279815,-2.055818276028256,0.3990598451914898,-0.20944242884714115,0.2013346677476401,0.5617663464756917,7148,130,7.089720019307772,-0.4694685322285871,50.41309,22.015297,-0.978454603366723,0.6804461483802398,-15.243414,-41.261326
1437358,0.5414432386824805,-0.13067861171791526,0.019960724711801964,1.7387409729395185,0.49696393417713886,-0.07390985254279603,0.1909255320145789,0.009649630224277889,7151,7,3.6943321633683386,3.0484313442547277,14.410278,8.174728,-1.505863941690492,1.823618760493345,-11.043103,-2.165574
1438571,0.44132423686899475,0.03421428362246997,0.01996072471312081,2.7593275526867775,0.4472034420906752,0.031799348833760926,0.14543085837994868,0.009876700423324256,7157,14,-2.4587601935743715,3.6250030467300767,-11.395256,1.5026197,-2.501530206575821,-3.4442606549664116,27.814404,3.7581666
1438632,0.37963187609071974,-0.006958042770848968,0.019960724312654738,2.6193807858548723,0.36542051978183443,0.003042059471352272,0.04039612727545863,0.06811316160827072,7157,75,-0.8249212927462062,0.99494848844418,-1.6802304,-19.038202,-0.1711885741092352,1.1938837573040506,34.530373,-14.628237
1439010,0.44528118277982515,0.03253225617205391,0.2120861530201971,-1.4954375913973836,0.4475493301349397,0.03255252334827713,0.21271322895547845,0.561902665560978,7159,51,-2.669133678713233,4.202583394702733,-2.42347,15.505669,-1.4495603701949722,1.1890900961440354,18.842768,13.683471
1439258,0.3869298636631394,-0.21518583712901518,0.01996072471312081,-2.8742404642054122,0.3853252104845198,-0.21199171265372388,0.17221003778766014,0.020024507758751465,7160,98,7.066498872825011,-0.4336920721613798,43.837334,15.519881,0.35027522844049475,-0.8435488656992087,-28.633272,-35.556644
1439365,0.30986210734152037,-0.12219128192877762,0.019960720749297757,-1.8287792830179361,0.39521697550212015,-0.03478084272633318,0.2568802724195747,0.033997745567576274,7161,4,0.5431097803336995,5.114759036061821,5.3831596,33.089134,3.732461129256341,-1.3999124420262494,32.00664,-49.304832
1439857,0.5160961926460447,-0.22614062820963937,0.0199607247131208,-0.21640272368310162,0.5025472586683684,-0.16041545113887462,0.20418629704873295,0.021284746392593232,7163,94,6.123393350464045,1.096514669325099,35.701084,8.876914,-0.13754756515746358,-2.8751802350280253,-53.31638,-16.480923
1440261,0.545462383921617,-0.04109229621268404,0.019960724713120808,-1.617305990144696,0.531104151375591,-0.051074251583989295,0.14430397589175067,0.01405866579341223,7165,96,3.2205746052029314,1.6203257482593258,7.90624,-31.382248,0.4305582028592563,-1.12061885943166,-4.9065332,2.6559799
1441154,0.47187577496039207,0.21030942469240574,0.01996072471312081,-1.9164138946945333,0.44657311541693756,0.18551962131738814,0.19171535922055352,0.014176781819049893,7169,185,-7.517396675418731,-0.1840148368041881,-33.242413,13.891562,0.971483854880354,-0.06516107363940568,-13.524948,58.420376
1442479,0.3851351194541028,-0.1515206685082755,0.019960724713120805,0.42148789051503877,0.39367748605413505,-0.15720273368310628,0.10369627049771299,0.05929234600464918,7176,103,6.788943295841106,-1.082373884112495,36.705383,-9.566963,-1.9376020983355429,-1.1866664985586455,7.2706757,-41.774338
1442729,0.5072926817052685,0.036393271754188286,0.02622829682164996,-2.261668181843353,0.5036317318569558,0.03932115299982815,0.026225884200657357,0.5616183989298781,7177,152,-0.29155517018484134,-0.7262222653076527,-7.7086973,-37.09753,-0.1297876587619684,2.3458367498824244,31.975754,42.309566
1442994,0.3644762343162892,-0.252982619588813,0.01996072471312081,-1.186086877778932,0.36674934862985037,-0.25430118011346287,0.07866185599726655,0.03927984880644983,7179,15,9.192577360995452,-2.934302179210048,66.33177,11.522928,-0.19463168931014274,0.6244259494065211,-17.96992,-62.90914
1443636,0.4068103061000196,-0.06383940460279848,0.22193346262593036,1.6187863842801289,0.40244493699468065,-0.06466250319237458,0.22000028559755794,0.5617939862634395,7182,54,1.8166463877684698,3.586931867910078,10.33264,18.565243,-2.085617244044663,-0.32655595982786906,13.516354,-21.713896
1444118,0.3796067930365749,-0.24237831010243524,0.3183311710689191,-2.573992076048599,0.3788023827955463,-0.24285284559255615,0.3188886277443255,0.5615837014107161,7184,134,6.061173161292925,-0.3909857886839994,52.7011,24.103167,-0.2583956427608584,0.36264219082920685,-15.141685,-43.746056
1444922,0.3970013609479314,-0.15390627405600943,0.29185083892282404,2.3876323921100133,0.387130914729912,-0.1445898756093931,0.2907132434630078,0.5618640896125218,7188,134,4.485632432960631,1.2591232750288364,47.921227,27.095423,-0.5163019600228507,0.0925596830669305,-4.362272,-26.661217
1444986,0.3798093312338133,-0.13368630310399235,0.019960724713120825,2.3724662530815417,0.38507327695411653,-0.14041678165936966,0.03624438729031301,0.023193375581780813,7188,198,6.8893685085253695,-2.3550628594326977,30.732214,-15.282427,-4.038084801535509,-1.6809093690063923,10.362266,-43.800755
1445030,0.46663554400480123,-0.12579803886731916,0.21685362248675366,2.5821930442137613,0.46144685363326743,-0.1222690388735956,0.21416397212408128,0.5619249377922594,7189,41,4.845461224016106,1.738183416889998,19.272184,13.548323,-0.45109763767549826,2.290609043213923,1.84548,-22.562452
1448076,0.29969565435486345,0.07947210896643789,0.019959688615137784,-1.7182722281689196,0.299050359340747,0.08374164331277321,0.019824129114792977,0.3746077289408266,7204,72,-4.177559457305871,-1.1485810269419443,-18.434317,-13.812718,1.4741505053321566,-0.3566135980663682,40.34656,1.9711068
1448248,0.33539359997640417,0.2121122132311255,0.2253316915867872,-2.2067916707662545,0.327720024937042,0.2018559513698547,0.2226030023867841,0.5616280662425167,7205,43,-7.8176529044816085,-0.5938246479250687,-53.019096,22.276361,-0.021179473123420514,0.31606423760189123,-5.7032514,15.53401
1448991,0.3915330656379527,0.2694191840062167,0.01996072471312081,-2.302314782356204,0.3837715112003998,0.23751913752023973,0.1882124924437378,0.0906542244997704,7208,183,-8.790459381708782,-1.2853697829548754,-57.077953,12.742599,-0.303499409497267,2.9810593319703256,-27.933487,23.1614
1449681,0.3216277145779258,-0.07432816427909984,0.028063049601004305,-3.1237669446318654,0.3219065954705733,-0.07599249272652378,0.024511598700675458,0.5613095345414723,7212,69,3.026173956144296,-1.492319393183866,16.01532,-14.744833,4.879549161674235,-0.7709290725752351,28.069347,-43.536396
1450600,0.492549544532464,0.22227804173513688,0.019960724713120773,-2.9607700184782484,0.50277554831816,0.18849809026769873,0.19167093649691577,0.038128837221374015,7216,184,-7.0011194402519115,-0.5548819438564516,-33.00897,8.315098,-0.04088315757796148,0.787972562236307,-19.040026,56.830784
1451551,0.43991711456188737,0.1800768256079003,0.26000714089592064,-0.25859036530122265,0.43873714369398825,0.17651655096378005,0.2555144191553015,0.5610858526641508,7221,130,-7.179560345877855,-0.13543014272584844,-47.134415,20.39331,-0.4297295675280388,-0.033290105561648325,-13.955184,40.623474
1452271,0.3278949759022415,-0.19389948960808404,0.30438980881729755,0.5314404768384869,0.3224799530312702,-0.18537111000823575,0.3037662223517579,0.5616736221735484,7225,46,4.71558428688819,0.09529945969881548,52.745342,26.998602,2.177828628606309,0.6654915010509388,-4.673643,-53.836002
1453327,0.5060281066653722,-0.2573514544147929,0.019960724713120798,-1.3085013582806932,0.5093888324094362,-0.2543127726738108,0.16053043740847872,0.02146779893178484,7230,97,8.516422514359785,-1.5016933491132036,48.175182,0.57055724,-1.0071728473308017,-3.4381807680139724,-53.663574,-13.477073
1456643,0.5457857305924043,-0.0027209821864548314,0.01996072471312079,-1.7425097831372036,0.5477427279604199,-0.00041295869981651783,0.037251834680603196,0.015242524335624928,7246,197,2.0991358648203398,-1.1403245784268061,-2.6217656,-38.728558,-0.9598519370566718,-1.6348846518928433,-1.4785552,2.9065015
1456885,0.32014700360666215,0.23146063807062908,0.10213839934581136,-2.6532462973409014,0.3197353808266244,0.2320248468301903,0.10152271341376914,0.5614923332609123,7248,37,-8.02365136629552,-2.6107535757334324,-61.858727,16.631071,-1.6173666064558103,-0.5723104133999257,-9.091948,12.440953
1457141,0.39978825479154345,-0.005789655183940387,0.019960724713120808,-2.2333283542343247,0.5170721325088825,-0.052172650566023805,0.275665441281482,0.013996128662240282,7249,92,1.025784793649008,4.912569479682613,-6.069322,8.131942,0.407515572792821,-1.6443642837365895,34.519783,-19.778023
1457153,0.39978825479154345,-0.005789655183940387,0.019960724713120808,-2.2333283542343247,0.41365862706295925,-0.007942590809007803,0.14390684179953267,0.02275518264939781,7249,104,-0.8516661119127729,4.030505668581835,-0.97844654,-0.9338944,-0.15094270954567665,-0.23426881610386383,34.445988,-19.444864
1457790,0.44984517166170107,-0.22134725052907459,0.23116697934550384,-2.758693043781004,0.4484934439743027,-0.2186481029214777,0.23033984700164722,0.5617904123493465,7252,138,6.970760975222158,-0.2194837829042326,48.55271,22.050316,-0.6635806299974361,-1.005572533560146,-9.765296,-31.902569
1457960,0.4787594814859962,0.18032959981384689,0.0199607247131208,-0.34149147824365833,0.48195827824773174,0.18534917411972437,0.04837525160750403,0.031933744588936365,7253,107,-6.437614894910047,-3.7227036445838713,-42.838047,-25.993078,3.7782505594425975,1.9195020094392583,-7.5965633,55.74747
1457974,0.46729943513229133,0.1868332574250273,0.06469528871034368,-0.3398726156360572,0.46636482553245184,0.1848530757626033,0.05934217158867114,0.5615640591217447,7253,121,-6.642313525734831,-3.5378945792865344,-43.148247,-24.858612,0.8668718394513725,1.7881733646126048,-7.167211,55.117355
1458070,0.30718895466367124,-0.13377802007583423,0.01996072471312081,2.055121029916842,0.30702430932749286,-0.13284941928374927,0.08716704243910342,0.061169023396349456,7254,16,4.866368150537211,-1.6741825993575743,24.698948,-7.277866,3.744152350783402,-1.301101417697503,31.206806,-50.216885
1459823,0.43027909179672325,0.0710847493072453,0.019960724731167074,1.480765568039694,0.4264989658904177,0.07196180090824013,0.026365858918327684,0.14630897148921973,7262,161,-3.1757113573198,-0.04341154515236999,-15.486497,-26.039864,-0.27586030801607275,1.402529961401502,27.827477,16.636377
1460470,0.4833077764660134,-0.26030186958284424,0.019960720749297757,1.3964705729071623,0.44520935762469993,-0.057639202643538466,0.24240492358873297,0.034184897765519896,7266,4,2.508449293763917,4.8575802334084175,10.208653,35.024998,-1.7273286346604073,-4.024840749466803,-52.61801,-12.607768
1461672,0.455423014140104,-0.25221213049669094,0.02,1.8290193180691159,0.42499999794682514,-7.360562987656702e-08,0.2749998439475445,0.0,7272,0,0.8776544307095009,15.04120831005377,-2.9972703,54.537342,-1.3588831636254277,-1.2543650317673807,-39.65075,-26.498528
1461830,0.4642496287086704,-0.0742165450737777,0.019739208897069573,2.840866361022317,0.46354573606589916,-0.07382829092320654,0.018221305069407112,0.49388584703730454,7272,158,5.1436575343997495,0.09603426047830232,14.51326,-34.205692,0.36952806402591004,1.1289197774669044,-2.7714617,-13.948981
1462068,0.3673285633187407,0.11394360628025138,0.019960724713120822,2.7129975185325566,0.3743048611990708,0.11034988743361498,0.055497131994686116,0.025915475676353213,7273,195,-5.377081581926861,-1.0098420485392814,-24.948786,-17.424973,-1.361084223114037,2.1266066765658946,10.462785,34.603035
1462596,0.4626508011450479,0.1009042115363005,0.07061287374113831,-2.2543906734405823,0.4614573229351253,0.09986717256586483,0.06670581628015504,0.5618377204186952,7276,120,-3.5198945101516976,-0.5228326733358586,-23.68039,-29.495506,-1.7073150641057009,-1.3082928925353163,12.477569,45.32637
1463264,0.4612809623846729,0.1136192961958232,0.019960724713120822,3.013984714556774,0.45813765450208926,0.10787364510840224,0.14268764867698153,0.02515437327660504,7279,185,-5.017537805882998,1.2659152927943222,-22.684006,14.298692,-0.5120174275107234,-0.7955424210473401,8.545698,45.847347
1464111,0.43975969226107103,-0.11496049818159478,0.019584517195581252,-1.3270423318006632,0.4397949960932468,-0.11473632842858168,0.017897801688655568,0.5579341516748428,7284,27,6.470832061901757,-1.1680873833116263,29.716564,-23.727049,1.4004506036058582,0.5038253485553728,7.381346,-31.162905
1464440,0.34856823258160036,0.1066781270810443,0.019571711440296652,0.8003525456929158,0.3485573072621419,0.10677509506946066,0.020198121923263895,0.53854168595143,7285,155,-5.091440100768655,-1.3060634319800242,-24.732052,-15.667031,-0.8856972695655201,1.123903016829781,46.035454,23.529238
1464487,0.4820729057421135,0.29934371431850787,0.019948878065594085,2.463160875714102,0.4231586001990072,0.0007765833459226951,0.27247929260428777,0.001419988357904557,7286,1,-2.3736894733584313,16.751538442816916,-5.487537,54.4172,0.8216896504005525,-0.6925121893582002,-42.71832,20.609743
1466581,0.45821039430932325,0.23618478564738965,0.0199607247131208,0.3778350314350815,0.4055292085890831,0.17857367763721055,0.19613542105671777,0.056387082749297414,7296,85,-7.588554403879179,0.1233152068531016,-32.88469,15.755618,-2.378367881916736,0.5821157212758602,-26.545483,40.148132
1467327,0.4654240158609908,-0.22053599904520385,0.020057665725472136,1.3765383174696506,0.4667719395837542,-0.21368412881134896,0.016582023029614257,0.5622815645705262,7300,27,9.636901924705818,-3.1861177197162283,53.22674,-17.52448,-0.5300959116376555,-0.5185302526892932,-47.773098,-22.239687
1467805,0.41523221697913215,0.28264984282659644,0.019960724713120784,-1.886873750145223,0.4233496088865924,0.284233439812498,0.12177980179744802,0.03213933943840642,7302,103,-9.082769064717112,-3.2327874370095313,-57.466038,6.61148,-0.7843674722300916,4.843462936277336,-31.564898,23.757425
1469297,0.3820578213262231,-0.23971196924522759,0.01996072471312084,2.551421705577367,0.3860943767894377,-0.23982511452685001,0.14872621554178972,0.05447962014159598,7309,188,8.01866266260304,-1.3165467520013259,46.9764,13.920525,-0.4345809128817719,1.4087915726251952,-19.622221,-63.92046
1470215,0.42337727339657866,-0.03840733615627728,0.019960724713120825,-1.451992888849359,0.4293607476550373,-0.04044589778141784,0.1112618355519201,0.03251214941870763,7314,101,1.9323157279989187,2.325958539964312,5.5865607,-23.548706,-0.5823623357725672,0.5646084567518324,27.990202,-21.189861
1471539,0.489770880467097,-0.14534104708177292,0.01996072471312081,-1.5681415041324618,0.4913616978372426,-0.15095393848986724,0.048572581019015265,0.061337271911007914,7321,18,8.182206663390417,-1.8266561391507534,37.589813,-26.079514,-0.4719924869133658,0.8061160739491006,-15.89329,-15.673169
1472612,0.43535686468523865,0.026913712449022926,0.019960724713120815,-1.4439001858795222,0.3691678371670152,-0.057933440073754505,0.2198868168803041,0.08434062216997079,7326,86,0.4300831339923239,4.33584605215406,9.931349,29.114513,-1.9361553287330604,-2.3563021285570835,28.832666,2.5528057
1473320,0.3723668802878187,-0.04768256668527257,0.01996072471312079,-2.41583119073927,0.3740457226252941,-0.04502119860061947,0.11622125291739963,0.016374269101302706,7329,191,1.4843943311812597,2.5522072619648455,10.046183,-3.179993,-1.508649022589362,0.6593111193939366,32.428783,-26.450531
1473755,0.4812217053690714,0.2244153848063516,0.01996072471312081,-1.1547110722567777,0.482763534130875,0.2259678474603646,0.03061325260935091,0.0801318770543077,7332,23,-7.766127254014211,-4.923431604557258,-57.94003,-23.623604,-0.8443241475296198,0.7435305712536497,-20.686958,56.43708
1474234,0.32082437001667435,0.11533188944038841,0.019960724713120832,2.608860056812993,0.32648348454451775,0.11437574298825091,0.14189381590915467,0.05282288403053859,7334,100,-5.866164662340413,0.8754819519982061,-25.803638,25.86112,1.492153747469399,-0.09504138394217466,37.754112,2.265632
1474860,0.3069046291726784,-0.20465844155321303,0.10423778652549583,2.095532404205153,0.3057695988769989,-0.20507250854133383,0.10315648111578957,0.5615243318949051,7337,123,7.180811767989882,-2.472261152139982,58.547295,14.406625,2.679305735125986,2.024987343709993,-3.05044,-57.991478
1474949,0.4160426156155947,0.079386084728923,0.019960724713120794,-1.7611209255671263,0.42070843465249186,0.07517392657161127,0.15740035485203788,0.007587896726584814,7338,11,-4.6818607436958155,2.952575221593685,-20.858858,16.10535,0.24943973218342536,-1.0018862166539435,33.78688,10.413466
1475197,0.40205208675374343,-0.19382180930952556,0.14529853965323594,-3.1311264772524368,0.40206888267952196,-0.1931657618559578,0.14855242028236265,0.561465665082068,7339,58,7.243036195653625,-0.7950845795309844,46.78249,18.87382,0.016540595840801878,-1.203216635679056,-8.030309,-33.304195
1475381,0.45773308135545904,0.22433826348592778,0.17417681885807504,-1.4731416718254904,0.4492861293351276,0.22392273206004,0.16987114469100917,0.5617467487094403,7340,41,-8.27467923363575,-2.1009733646572166,-47.002617,12.683902,-2.65886954199233,0.544718927007943,-18.216822,38.68164
1475767,0.5028254493901495,0.02818078447123093,0.019960724713120815,0.6203695397076621,0.5006304131936745,0.02709864491363298,0.020582356092906567,0.38420589374900577,7342,25,0.3222538723194852,-0.6634187177317183,-6.3217573,-37.30106,-0.24572079860644214,1.0992593739695808,33.140198,42.58459
1477859,0.38753375608664486,0.24912481839768968,0.019960724713120822,-2.9031812149283165,0.390363004131582,0.25201426546139205,0.03694923369811037,0.014851571826004405,7352,107,-8.94930513117268,-4.680672375645396,-61.319504,-1.8052955,-0.05263350141544276,0.7640583689777585,-15.790491,24.477077
1478540,0.47770554518044134,-0.208454897677426,0.019960724713120832,0.7269760509394017,0.47102909145082833,-0.19974329340853855,0.14652506905026594,0.0755081345033816,7355,185,7.801782508633038,-0.7168479904927053,40.275394,8.031611,-0.8477674560230273,-0.9118516213992158,-49.314053,-23.525244
1478760,0.3576355294492771,0.21702056864834096,0.019960667509541615,-2.6259511229740755,0.4224223194919411,0.028935869781013458,0.25311543929792435,0.005734823822077556,7357,3,-3.738668511162263,5.265751919368103,-10.428539,32.36741,0.11461493521260462,-1.6959954362319098,-14.157008,12.532336
1479584,0.36620442786132607,0.025441583431306886,0.01996072471312081,-2.428924403969974,0.3708264167829404,0.024520903987294593,0.02218501514412788,0.29289855209691434,7361,23,-1.9257391866870464,0.5981978629788051,-4.5567284,-19.19881,1.5409663683851558,-0.6309932566778993,48.663857,-2.2354758
1480109,0.545212271822828,-0.2532212597553484,0.10079410361017598,0.4455399394026393,0.5461200671966998,-0.25539212037753195,0.09894569594687402,0.5619555025770783,7363,146,8.78092150629473,-2.7902928991169818,59.62707,-12.744685,-0.09865428513973439,-0.30362712017925236,-36.90913,-0.6034725
1480508,0.4755088269473326,-0.20372000378298585,0.16207629128833517,0.05098164593036463,0.4755277524633438,-0.20028824589563024,0.16011139529384272,0.5619459049444866,7365,143,7.603376246716296,-0.7640024099580063,45.13606,6.7896423,-0.4066833415085431,-0.19815923862110357,-9.921195,-29.751781
1483888,0.5434582846205303,-0.17451369239538286,0.01996072471312079,2.423058703820506,0.5391238886335148,-0.17390822770834669,0.04175300995516745,0.0700638769238215,7382,106,7.879327594305146,-2.282975754462472,42.640636,-26.882347,-0.5276041500397824,0.7728083337644762,-15.387885,0.5439749
1485246,0.3675093112678075,0.15152166749365048,0.13743978868291476,-0.4812121302953523,0.36523649684227055,0.14661650073065702,0.13684549949003316,0.5614455155910388,7389,57,-6.633866570021085,-0.32203625242232237,-34.137955,-3.382177,-0.4816209323367414,0.3381840410053776,4.555499,26.14265
1485258,0.3609219975578065,0.15353791346607962,0.021108191056178754,-0.4998373409704172,0.3590837735068851,0.15014893920177408,0.02016015787726294,0.5560786997432607,7389,69,-6.188305224195834,-2.732618965627312,-32.63757,-13.287373,-0.613526116060712,0.24327289833603333,4.142833,27.304277
1487449,0.4934386485951349,-0.04318555143210908,0.31321847596243607,0.9308712856873093,0.488279521765443,-0.039330047502695496,0.31425603210055897,0.5616162021458101,7400,49,0.46182475126659245,4.349466369351965,5.1279325,13.666305,-0.9427930583323997,0.4719545242332795,1.7330775,9.165826
1487532,0.5413513855225259,-0.12909215137733554,0.20700841201570525,1.0142739781583963,0.5346060946867105,-0.12477398360016911,0.2050232030770141,0.5617981011069773,7400,132,5.062583285296265,0.9489952968299623,24.083742,7.941045,-0.34065003465612403,1.3675252048827373,-26.923603,-6.8168755
1488526,0.5104778840346713,0.09771469038936538,0.056813668334595696,0.08371496518756827,0.504483984812503,0.09723778302081014,0.052538378000960256,0.561563838502961,7405,121,-2.448897074418608,-1.2507731569574787,-29.65474,-36.152645,-0.7881155574263501,0.049765834054733116,20.343834,62.39236
1489020,0.333739098506616,0.06780632311024885,0.019960724713120808,-2.221162117464032,0.3438516778790753,0.0641942942950033,0.1152801352825461,0.0039133862283731976,7408,12,-4.320916446848577,2.0196972894632315,-17.880033,-9.114778,1.6836222765582167,-4.184981625085758,50.667023,9.132009
1489082,0.39493915183186057,-0.24484254401098302,0.01996072070649529,-2.7665716057303134,0.3841714925041606,-0.2415509277593255,0.016900117035695772,0.19253039725712123,7408,74,9.741098062467081,-3.352326332102807,65.48939,-1.038332,-1.6454702035177196,4.171434944456173,-24.08159,-47.87112
1489564,0.40990736768530867,-0.06724931265656901,0.027684771357527324,0.41089530268093405,0.40916648490765806,-0.0651579622701158,0.02698759505875059,0.5614112827891035,7410,154,3.3748037263103403,0.40670961355500124,21.63206,-23.721613,-0.599754835193648,-0.5608882901742082,17.422274,-20.384758
1489935,0.5126057641666871,0.18775511584586876,0.10689030436290492,-0.8595181724799272,0.5094829390763065,0.18523159878781031,0.10200894346980285,0.562181657618687,7412,123,-6.203416499410509,-2.6024644475680714,-49.770233,-19.599411,-0.18047864636868965,0.932092596443827,-13.429093,49.23493
1490811,0.3513396694053872,0.05340222030922402,0.019960724713120798,-1.7579409465223075,0.36054909539874624,0.05158726316456446,0.07319320284329842,0.007706361429913067,7416,195,-3.470985505198749,1.3257010103229017,-13.158347,-15.663128,1.873268650530124,-5.296752365030985,50.65051,6.98467
1490910,0.3152001809476084,-0.2888436335487894,0.019960724713120798,1.1298608474240892,0.3011435270689231,-0.16551355661765005,0.18937642071821356,0.07765439705316933,7417,93,4.943513711247163,0.242481851017591,38.75374,24.520159,3.0730023981825703,-1.1828272607226047,-7.995736,-48.50503
1491044,0.4410971718193598,-0.1336235858882381,0.019960724713120808,2.827557716080018,0.4402427148850209,-0.13301867699758424,0.02111566252237912,0.5253244117601213,7418,26,7.10988999263458,-1.6696873650528707,31.695356,-22.742908,0.5732571378604485,0.4354091633398477,-15.984438,-24.852901
1493059,0.48833853263269117,0.10188765872260672,0.023791518530394396,0.5286141906866292,0.4851870986813135,0.10004955532995838,0.02124382135434008,0.5618597153279431,7428,31,-2.853593328805392,-1.3842761863769657,-28.891924,-36.93925,-0.6359691798442467,-1.0668568864148575,22.063755,62.924313
1493162,0.3559151430729768,-0.13703998008219825,0.31542276865953417,0.07410202356984676,0.34827939827225624,-0.1373907726966789,0.3132456431299592,0.5613394232568667,7428,134,3.838353547621842,1.0201876781731145,47.864017,27.994146,0.03301855831815591,0.733304464137683,-3.8590596,-25.259974
1493245,0.35024819292281334,-0.02390120106409969,0.019960724713120808,-2.0227835925873556,0.3617854462762658,-0.027508256003722982,0.09860047585821569,0.02188652672688261,7429,16,0.27013148343957716,2.3120739708568796,4.8856764,-10.703956,0.16390851918793287,1.356482782160025,40.275585,-22.048244
1493716,0.4751030384892934,-0.290791087880175,0.019960724713120794,-0.9064507840135666,0.44525575198003153,-0.21733508197957407,0.20191524986936657,0.012367984612799204,7431,85,7.225787783382991,-0.04582111146683339,42.139286,11.325891,0.08079581153431036,-1.6635344913948293,-50.70363,-8.750003
1493988,0.45170719593459274,-0.2885047613813338,0.021250740023993204,-1.3087225013854857,0.45117421851340406,-0.2862953426342666,0.019220697955285554,0.5617026191504401,7432,156,9.738004021129573,-3.8668474427700277,64.55095,-7.8323913,0.36121723589852056,-1.2526752275760318,-42.462597,-10.322365
1494375,0.40014210103294817,0.08474935404661268,0.1405171557243232,-1.466220282158873,0.3951921549188782,0.08412757691819116,0.14057190501242225,0.5619541009846003,7434,141,-4.929756336421704,1.9591543488929646,-18.366335,-3.278528,-0.689038975687739,2.0620915060423433,34.559013,17.367281
1494407,0.38920049031203635,0.08287306616838404,0.019960724713120815,-1.4874734319607956,0.48609611991563084,-0.036586522449474954,0.24061144036553167,0.06127101004856185,7434,173,0.11446685684455496,4.95870528791192,-6.9192424,8.146938,0.8007839601971957,-2.905094564538888,45.288086,14.08931
1494928,0.3122631590122194,-0.024101242206087132,0.019960724713120773,0.7694052197376758,0.38471497086471246,0.06374578188331338,0.20711542644259381,0.03814869664961679,7437,91,-4.285700056254913,3.823944337416185,-17.154974,24.963905,4.893850463961472,0.6649268674085892,50.751556,-18.25097
1497237,0.41333210827334155,-0.272726047296734,0.01996072471312081,-1.2843700429383218,0.4214774059975175,-0.2725256719702284,0.14830382245446938,0.04067192338929668,7448,189,8.6299615413945,-1.620781122354368,47.72856,11.955918,-0.5884249836585365,2.0484277516309777,-29.810543,-46.960693
1499625,0.3287898213169291,0.0007183531872345794,0.019960724713117828,-2.366330319657965,0.32160874327071587,0.004105888590401816,0.05821623180676702,0.1383702430960209,7460,165,-1.121752877749007,1.3235080673950126,-1.5013351,-12.979762,0.8234324636633948,0.11982158142221774,46.936966,-16.834856
1501535,0.37704280306232824,-0.23061540526654153,0.03242920476597958,-0.7784321907551814,0.37556439543833925,-0.22918733229303037,0.029195399351215984,0.561788179439424,7470,65,9.395419383027255,-3.3088385814477173,64.506485,1.2528185,-0.7701250355232291,0.6110069841546238,-19.768164,-44.187454
1502004,0.3188810752593686,0.17115615387100205,0.2625743926951793,0.7360169071641066,0.3123389151125888,0.16530895999142128,0.26428176474454745,0.5612933753467075,7472,132,-6.948985466672476,0.3587390164731943,-47.400467,28.169159,0.7388733285872945,0.12525729646885897,15.45904,26.699581
1502280,0.3215845106478255,-0.12111440972999693,0.01996072469408796,0.4338421418577427,0.3719729578003287,-0.06538310082252939,0.2419579448476176,0.004777741304013267,7474,6,1.9361126830392796,3.935548613389494,7.314542,31.579632,1.9600887625384686,-1.7953884682055226,31.958763,-48.706715
1503312,0.5066996515763216,-0.1602438298932838,0.06775292702313053,0.6593608187969024,0.505167546416526,-0.16117861319975504,0.06360319427627595,0.5611882897078504,7479,33,8.425066970362035,-2.017394742246647,41.747562,-22.554193,-1.1105657387006922,3.616387190179082,-21.872414,-9.975749
1503366,0.4215607700523841,-0.25125050970487633,0.019960724713120808,0.4229780308561931,0.5036137241993284,-0.11450581442929028,0.1860085445137064,0.0056995934456925655,7479,87,5.083492575759458,1.527661407753809,29.870527,7.5100822,-0.5009663446012567,0.7875199761716951,-30.593239,-44.163353
1503962,0.4593919569763039,0.1765531746260173,0.0199607247131208,3.108339812017303,0.45927896276378205,0.1680659305851124,0.09839568509605445,0.029238090400045946,7482,80,-6.533257565587715,-1.9042396060957176,-45.213566,-19.152477,4.354795907570346,1.3786910316716863,-4.5826063,52.569744
1503970,0.4593919569763039,0.1765531746260173,0.019960724713120805,3.108339812017303,0.3139244692118906,0.186910113034988,0.23831568406225562,0.019675947038530987,7482,88,-7.659753868066996,0.6499111801270573,-33.987625,19.220901,3.6527692660854147,1.1196629706510803,-5.7464643,51.463867
1506098,0.41881392667075956,-0.06310927059915268,0.019960724438452215,-0.8169243838234056,0.42832796579162713,-0.02125026121647533,0.234797258897031,0.0037018064518579835,7493,5,0.2384547707131534,5.856663585661058,6.0232773,35.84148,-0.8627250792351209,0.4539540430958602,28.670305,-24.048353
1509265,0.35909789932265296,0.25173052503044135,0.019981889943892554,-0.5603274323568,0.3598617230287618,0.2512672611923916,0.018781738649267937,0.5587751349054563,7508,157,-8.513089878523303,-4.653474063751306,-49.03977,-4.6688733,-1.7209389832114137,1.0604715613225588,-12.910408,16.721296
1509287,0.35864534783572033,0.25135285191676854,0.0199607247131208,-0.5614079173039426,0.40504154871375286,0.14772659251047615,0.20965755399132385,0.031889332028321477,7508,179,-6.866718752272029,0.9642676802427615,-31.531124,18.80153,-0.615148562446463,-1.6161799096235552,-15.083658,17.17315
1511524,0.46856433888201227,0.267927958691517,0.01996072074929776,1.9558504504865064,0.441655568096936,0.060873817649860176,0.25809763641292016,0.017960161051610215,7520,4,-4.851154556567578,4.432051571986146,-14.96981,34.598923,0.4137985660010831,0.5205276395390876,-39.71633,26.127275
1511598,0.42473737411595014,-0.017916049172538515,0.019960724712982988,-1.4854517430651897,0.4167930114337644,-0.01671334280914389,0.10231411547468561,0.029023320543482375,7520,78,0.8218972028383078,2.4650918167578295,4.4532228,-24.632483,-0.74187068652247,-0.2751685112115333,24.764475,-5.9354463
1511840,0.49684288404829346,-0.048850440727294185,0.030593085063146532,-2.5052421023188916,0.4946602727560718,-0.050352398354967916,0.02811270380621081,0.5618871193125937,7521,119,4.630246038992138,-0.06219539279509573,9.030633,-39.496044,0.27645823730282987,0.11798518822876407,9.236071,-7.1139092
1511842,0.49295818117380896,-0.04492801405667617,0.05839197730873072,-2.5086949548472837,0.4901836847496542,-0.04682621461301605,0.05556146545507723,0.56160899069571,7521,121,4.237934693044134,0.2258103708223997,8.75611,-37.070335,0.15618497474828924,0.41343064174050315,9.503763,-6.9906735
1512224,0.49447889035551784,0.033100181135486066,0.019960724713120808,0.06626399006844805,0.49841034185758576,0.03707915977905597,0.16899096349669873,0.005185289573808473,7523,101,-2.1716988727983093,3.18673834691186,-13.052929,6.7781816,0.6643438217679669,2.191140018673499,34.375534,47.62186
1512391,0.49574089872939475,-0.2524932087451112,0.030554467070081026,0.053778675446023355,0.4951566398585364,-0.2527271727095097,0.03150022672443831,0.5613801452308511,7524,67,10.132176718662437,-3.857905896562008,58.541958,-16.282663,-2.4744240235173347,-4.338423134698855,-47.53743,-14.51152
1512592,0.49100876326874204,-0.2077185964266971,0.025655311092028347,1.9803697545146777,0.49026952211370617,-0.20566266091340224,0.028534036135089813,0.5614763603203194,7525,67,9.47238771689285,-2.9541402272111217,52.536633,-18.61574,-0.28578437237753507,-0.671966076232657,-46.57726,-20.099371
1513983,0.36901570594377137,0.05302251558415965,0.25506973535044075,-0.8684335507201512,0.36844313230841375,0.05142119464716943,0.25876925294957953,0.5618609246263513,7532,51,-3.9852376355890953,3.522807284643393,-6.1206536,20.304537,0.2871133222617313,0.2884720279204253,14.705404,11.320611
1516420,0.43838308343512883,-0.11205684641857809,0.019960724701960735,0.667943697637177,0.43157597195394815,-0.11065618750156389,0.05374900117213774,0.0686663874064596,7544,76,6.471814970990868,-1.012976725274672,28.364525,-23.357525,1.4343676470506794,0.5121173662872504,8.394424,-30.703077
1516781,0.37318232323776585,0.17723197722133713,0.06295051963206551,-1.0762725387577905,0.37213127414937397,0.17884076523373843,0.06248834967291042,0.561407806646241,7546,35,-7.211284050183749,-2.9725541855543023,-40.123558,-11.532051,0.5722556099609627,1.3088288727563284,-3.7682247,24.89251
1517560,0.37925934223648633,0.08230662510260109,0.019960724713120385,0.07487410656753372,0.38890645685652026,0.07831620953302483,0.13069603509942138,0.019172682120533024,7550,10,-4.798755900658464,2.1647883684413785,-17.835087,-5.326536,0.6052811363299553,-3.8994325800722835,44.895535,15.476501
1518222,0.3123403849710687,0.030167211192698693,0.020015368249444918,3.030705814268964,0.31063111469476357,0.03120251021409299,0.020946379359697037,0.4993439813042794,7553,69,-2.234683830153997,-0.052455812517039443,-4.6674805,-14.655389,0.9471706303996837,-0.6644943111411439,45.164158,-13.663773
1519197,0.4645634897986539,0.12187957841810503,0.18504030484762424,-1.6032919690995424,0.46415948237575144,0.11898943941278504,0.1835639678513742,0.561374432871465,7558,39,-5.11767233033797,1.1921969612157217,-21.622604,2.7121081,-1.5178815090257949,-0.9751761148893049,10.6711445,45.546875
1519845,0.505542838838423,-0.24094688422323066,0.019960724713120808,-0.5187577001193177,0.5077519147881555,-0.2220652406390566,0.1795491276350155,0.021502456628586512,7561,84,7.899622252158636,-0.7575031018402939,46.287464,0.8222083,-0.8023378488653806,-4.161193359662303,-53.002712,-15.346028
1519908,0.5151302977108281,-0.2463635064623132,0.0871586171090151,-0.013301113963828264,0.5094030095417119,-0.24649217139772991,0.08523140602717436,0.5614496275211153,7561,147,9.76502943017222,-3.1269327414792603,58.004852,-12.69135,-1.8069471698271777,-3.260697184333036,-46.365795,-15.193626
1520047,0.3719763392303559,-0.22935999049262829,0.019960724713120808,0.6364493255918803,0.34730393399568704,-0.12195696064239758,0.2107258146448528,0.039525979866874825,7562,85,4.437087211099485,1.8390089211160667,34.389584,23.904594,0.9896820925704483,1.075156644096928,-18.660717,-64.955826
1520251,0.5242011696270074,-0.09700624181360067,0.01996072471312081,2.023789406568982,0.5275741500109418,-0.05568590037629457,0.22285523340042582,0.006981133539476626,7563,88,2.847368564171291,3.6096945060453205,13.634641,8.824175,0.21113443204093435,0.6822713782801246,-9.013715,-4.2338743
1520884,0.4847641312343149,-0.06694850486045274,0.07219477322755612,1.0345223291816255,0.48514471089120764,-0.06570373747775637,0.06918859217950721,0.5614977597236152,7566,118,5.1832189954879695,0.25368652188881535,11.657298,-35.134438,0.09909974888788316,0.035585827012292875,5.487432,-8.004064
1521090,0.31496324223015887,-0.2559382189437418,0.13899301551957793,0.5393997910912279,0.312856610613069,-0.25239444217735146,0.13657795841749695,0.5619196992761352,7567,123,7.331025792132374,-1.9666977454598729,61.83852,20.362288,0.49414514319959146,0.08983423084377898,-8.265499,-54.700554
1521166,0.3079360908403074,-0.2563387128966771,0.01996072471312079,0.5478568223215318,0.30777035628823673,-0.2549779587253729,0.019921485664836258,0.3623550833823259,7567,199,7.550234577344421,-3.589439857647316,69.073074,4.8964186,3.0671515519693,-0.16777848213808938,-6.1721544,-61.48868
1521381,0.4045153197322284,0.15394831273181825,0.01996072471312081,2.766796353973411,0.4124310786417972,0.14226177937637277,0.1242065897279582,0.021180840858912763,7569,12,-6.338957851768174,-0.27593695453174566,-27.79888,-2.7408807,0.06722193657228111,-1.019706307959458,-1.5691315,35.417854
1521485,0.3831496108110926,0.12795227444931428,0.01928551915400278,-2.7533644741305356,0.3817594541124086,0.13163191523776846,0.017532829831667124,0.5598261983780656,7569,116,-5.623410748901349,-2.1086445204156745,-27.398481,-18.495335,-0.5352028192249142,0.46920772961224166,5.5368757,34.512974
1521894,0.4549997272706617,0.1453450464148561,0.09400956662895837,-1.5274838566092974,0.4452043332481347,0.14502817163272225,0.09140968790679327,0.5621304079016126,7571,123,-5.786570783089435,-1.3262708980231364,-39.09155,-19.545,1.1609442991163388,1.0995228123195437,0.41981182,42.50497
1522311,0.4702880536821801,0.3197975100197737,0.2588489492863043,0.20115084961385088,0.47156525314248743,0.3155276405624677,0.2569207323711775,0.5619299847989931,7573,138,-7.9077882861091355,-2.304364259732573,-51.834053,8.875035,-0.24970353626251435,-0.659291351005764,-49.238506,17.45407
1522936,0.4899784076924908,0.12830069655024634,0.019960724301796434,2.7728608244370854,0.48116700122737416,0.13216608639005747,0.021056713559510998,0.10549504266424113,7576,160,-4.284472273204437,-2.1030973564423854,-34.212685,-31.038414,2.2541929913233156,-0.40868117227358836,16.664421,64.04714
1523787,0.4500161627377966,0.2033949705137304,0.019960724694087956,-0.5557104452978506,0.44054150276929444,0.09182299563909312,0.23359361487819205,0.018368828074421712,7581,6,-5.422975776856026,3.2271700100377685,-23.975462,18.85796,0.5718242431603529,-1.9603613551881065,-23.185627,43.7135
1524532,0.3277911550225868,0.0223373548458618,0.08696719938264831,0.4383075554392469,0.32738730977947217,0.02345043764336027,0.08935186233297021,0.5613474065787801,7584,148,-2.4094348410009063,1.8558451842925097,-4.558826,-9.094381,-0.618221171235374,-0.05514116226493378,43.777092,-13.660077
1526711,0.5331372090079457,-0.2201144105651087,0.02009111263343351,1.4658442920570016,0.5333466444625079,-0.21758246181273627,0.01836269190322501,0.5595512679407514,7595,116,8.241523210913652,-3.076132491258984,46.018547,-25.697723,0.15149362076893097,-1.5764916049792872,-33.875168,1.2265649
1526762,0.536910299833379,-0.21518383819915635,0.01996072471312083,1.473403430594732,0.5280382083741801,-0.21056458707663822,0.12852881335226615,0.018845094908889897,7595,167,8.477919991673437,-1.8406522329942625,45.026203,-16.77852,0.6331860988407155,-1.1969071459318603,-48.501774,1.8713332
1526947,0.3074089862458691,0.15366957188415603,0.0616085931793655,0.3051741394923946,0.3069034413942153,0.15593247243384542,0.06312852120546172,0.5613571056138061,7596,151,-6.235798632506275,-2.181627107087979,-34.27443,-8.598659,0.9567047912130532,-0.5420642016126707,13.699206,24.635687
1527015,0.4742551433453949,-0.2678861311003602,0.01996072471312081,-1.164723530015062,0.4796025424261579,-0.2696578226946099,0.10506864793114601,0.03460589016861719,7597,18,9.662073181644425,-2.7321807137736225,58.796722,-8.866527,-1.2719439230700802,-3.3169580597896204,-51.61872,-11.7592945
1527198,0.3397897850595558,0.04925111961814338,0.02,0.05105231482299031,0.42499936761462864,2.0815939664610163e-06,0.2749991708200736,0.0,7598,0,-1.7236639226260455,16.25745215344606,-4.7692285,55.6699,3.4494214136083676,-5.1014813345792795,52.161667,6.301147
1527743,0.41000817329620914,-0.2791190241584578,0.1905509529914319,-2.6394943149915626,0.4077228448461859,-0.2804553666329267,0.1884460927499794,0.5618024277999153,7600,143,8.057574150175409,-1.3467977259609456,55.031868,20.180775,-0.9560953466748664,1.652953872646398,-19.460938,-49.37724
1528518,0.3603695272418654,0.2423766340262973,0.019960724713120798,-2.7966619094134204,0.3599441176745392,0.23930746042975581,0.01937317098537164,0.28612013339739745,7604,114,-8.385724501356469,-4.540115765956677,-48.532196,-5.442876,-1.988586582019009,0.2635356114237171,-12.906929,16.338936
1530531,0.3309569384174023,0.07224671037919454,0.02254230926900166,-1.3003650414015364,0.3306818165912434,0.07215894243717647,0.02143263096796008,0.5616181809497331,7614,117,-3.8947592203346244,-0.4910958311594476,-17.84111,-15.44444,-0.8879901271339177,-0.5196772354135202,37.226246,21.519447
1530785,0.4172909720732472,0.24033320128609237,0.019960724713120805,-2.0573064886158776,0.4086459346902384,0.23660001522486146,0.1626319034803346,0.016608586959822924,7615,170,-8.752728030937192,-1.8981793827464446,-39.192966,12.90886,-3.2342999395942154,1.247828632248892,-28.376654,33.854897
1532342,0.3489981780050609,0.18524782312717938,0.039555158567814566,3.085791557381364,0.3491073548696135,0.18825726456521946,0.03929642844796691,0.561557835002249,7623,119,-7.240846100619588,-3.503938500743956,-41.850945,-9.365551,0.8023213796698039,1.3107144989723394,-2.889413,25.4439
1532796,0.35182873367126477,-0.1483977762201367,0.019960724713120773,0.6991977239014677,0.3739219157210963,-0.10098055467507798,0.18265450762934166,0.044372205843709864,7625,171,4.111658084078909,2.2296042649696206,31.256067,21.555014,-3.856335715608889,-1.0978050978616165,12.41384,-48.03722
1533126,0.3645127126792413,0.28177191263357376,0.019960724713120808,2.3028071009097015,0.36660895965203943,0.28152479854406554,0.13358304275424843,0.007489788871643528,7627,99,-8.902032580399906,-2.546173768627796,-59.905888,10.39614,0.5985836073826637,0.9383460131726374,-27.305397,17.331413
1533432,0.5474282439298034,0.16850764592724968,0.01996066750954162,-1.1709367606314862,0.44327109491189637,0.02304156229674,0.2598932387832905,0.015299812640830187,7629,3,-3.365940334729217,5.632648853362093,-13.036979,36.30085,0.2977710310419516,-0.796273925427822,9.595659,55.28062
1533497,0.3908939101725657,0.22791734752422269,0.02627949200003418,-0.5023096235786607,0.38903838679768193,0.22430630625402279,0.022483559412290216,0.561553818549203,7629,68,-8.258434377523107,-4.518293829090092,-50.114666,-6.9403467,0.08803359429779263,-0.8353912263684611,-12.502963,25.032148
1533882,0.4595323771167525,0.11034925200130367,0.26558363962757664,1.7064424953950297,0.45114178424885654,0.1094924003194012,0.26711101981535745,0.5619587307009711,7631,51,-5.301373033011881,1.9048844502992952,-43.787663,22.866686,-1.2033377394726688,0.7040589317439485,4.708678,15.568604
1534180,0.4396216525102447,0.20062973604270837,0.11214002992225984,0.6068673139425738,0.43876532882863367,0.20203240396389982,0.110127277583003,0.5615950911415744,7632,148,-8.000761203177618,-2.6636944633076736,-41.888344,3.6222801,-1.9825877152842555,-0.8196241092085951,-16.808083,40.862545
1535001,0.5431943290698035,0.2080421454923474,0.019960724712948207,2.771235544883245,0.5260737617615416,0.20674556334608565,0.064449702959615,0.0475746094609622,7636,165,-6.284185849358421,-3.8904232156297573,-52.322777,-22.09254,-2.9058977199308162,-0.7790303343459102,-55.54905,31.37531
1535156,0.43622318495391854,-0.21823190413026383,0.06770040396586582,1.1578030701204993,0.43253942795806555,-0.21661386978760824,0.06664982959123975,0.5616473055044204,7637,119,9.773172565102207,-2.746972624717292,51.192284,-13.06086,-1.4279322910591252,1.977022690821616,-43.233456,-27.43422
1535373,0.2695874040167806,-0.10606041509350095,0.1883225027155887,0.02229958305613469,0.2693060454949468,-0.0990940101228932,0.18827872486169342,0.561927870864321,7638,135,2.43044003836073,0.7045962833866329,36.20602,31.197279,4.138017479185065,-0.6936326961537925,25.971481,-49.69677
1536763,0.3972608768529631,-0.1889281465228973,0.030012265419541072,-0.30148490478481504,0.3974662011922039,-0.1878729170903401,0.027400234037099597,0.5616198940788599,7645,118,8.794092174674914,-2.769872702600171,47.52815,-9.6294,1.0958553232486732,-1.1893098975269767,-25.87096,-33.061596
1537532,0.40730713313662786,0.05449814729460516,0.01996072471312081,-1.7051108306392186,0.4097776987437821,0.05078731870528234,0.14753481594334356,0.06600771416866716,7649,83,-3.5598175059466874,3.6657442499767603,-13.376898,0.39806658,0.016333957884026265,-4.961187040833624,32.961266,6.7569075
1537701,0.39964782149728795,0.17624210403049148,0.2683492234892498,0.6972561895906694,0.3942802844629942,0.1824841031662821,0.2698715152055308,0.5620356195241453,7650,51,-7.478317772350527,-0.10368941159608148,-49.619396,22.322256,-0.45917882619718137,0.7387422419601133,-2.0390027,18.810318
1539479,0.47271830069726,-0.11224944814803131,0.01996072471312081,1.3021430293370349,0.47529258932798407,-0.11096327386364992,0.05756834400359337,0.013913913037359726,7659,20,6.754070787091077,-0.8771849231503975,32.51421,-29.908552,0.8023086212565402,0.8179752485105923,-11.883109,-16.970383
1539975,0.5498386937107425,0.17717374809577116,0.01996072471312079,-1.1490631854379305,0.5499511022888046,0.1777174368851856,0.019180726417049848,0.480267682169056,7661,114,-4.582740856838301,-3.2312480556832237,-40.443657,-31.360693,-0.7880126032351789,-1.537166287723042,9.034635,54.67755
1541120,0.500176862555398,-0.045861892549953244,0.19121867312924218,-1.1645640826986563,0.4908728443052659,-0.05014631036202014,0.18970427241786297,0.5620040020006709,7667,53,2.136532511123021,3.3005176320558345,5.9424777,6.412118,0.3159724052781127,1.349715885483147,9.746275,-4.5569587
1541452,0.3558814696401456,-0.14155409184163045,0.019960724713120787,2.9691842246691,0.34657397593534006,-0.13987530684742425,0.1703557255145998,0.027815894172236757,7668,184,4.944475460943681,0.8345673955115783,35.916584,24.94444,-4.603293284195371,-1.3182295636632568,12.76136,-47.861816
1541948,0.3931806602343514,0.22091387288193948,0.019960724713044865,-0.885214019364012,0.37714235052552636,0.2251100730357539,0.0908587480946505,0.03103301534669559,7671,77,-8.730914903303836,-3.149648541929035,-42.533966,-0.83182096,-1.2170946240639884,-0.5647248220737253,-11.511169,28.896835
1542053,0.3961460817281375,0.23579446566468237,0.019960724713120798,-0.876097148106188,0.4416656997616352,0.17291958893831158,0.21565333416413948,0.055830486855720785,7671,182,-7.3394856151986,0.2683012706765147,-32.660408,15.222518,-1.8628762491999717,0.013208690527308251,-29.756042,34.306244
1542732,0.5578449185179646,0.10799937211783307,0.1519478902951246,0.8013489159152346,0.5545003022420264,0.11144890466524653,0.14987808666205382,0.5617218685572704,7675,57,-3.4928292960254663,-0.18643324230467623,-23.641666,-33.570156,-0.049923461217870155,-0.8234484618473256,18.93717,52.006557
1543006,0.38568431627835426,0.23645246940077497,0.20452666053756757,-2.4439941345936633,0.38135435510610494,0.24130513593041877,0.20026186115419276,0.5615380982975152,7676,130,-8.658041895217451,-1.6773794666712094,-55.051094,16.969027,-0.982016731464323,1.9435100208428648,-20.678753,25.409891
1544973,0.31897264517175195,-0.09955844233944267,0.01996072471312078,1.7333485924398275,0.4072367882744009,-0.05191192816443321,0.23790718056837873,0.024045460689997047,7686,87,1.5989294585426017,4.682513806754653,8.070075,32.10302,3.4184581148024953,-2.2914711579254656,32.67516,-46.801403
1545379,0.4075532099885355,-0.22970691869890159,0.01996072471312081,3.0763288790601937,0.4098329186887678,-0.15588293071488435,0.16673943420419646,0.03260969667043272,7688,91,5.9798590243871566,0.7814154130198067,35.353104,15.927834,-0.6576247850271196,-0.04678646027659137,-28.961626,-37.009434
1546208,0.45257333725192606,-0.008384093592404817,0.020328631074287087,2.094087081119517,0.4510955117975036,-0.0057280025792653694,0.017942075525061024,0.5618460511798982,7692,116,0.9813656982056078,0.3461040868612235,-2.5826302,-28.817808,-1.8986627341788884,0.19112312481891128,19.388866,1.6072791
1546415,0.32821443894304264,-0.044460872344928695,0.11735060170827588,0.9547886759855368,0.3220134960899467,-0.0401578685853898,0.11863343014724637,0.5619191014648033,7693,122,1.1648344460827402,1.973157694466976,11.816026,-1.3933425,0.7834443105392354,-0.14892318129124374,32.319187,-33.912483
1546433,0.35706785625842635,-0.06712953583208088,0.1533708752821904,0.9451572488045084,0.3503507325772711,-0.06222980470145572,0.15523131619695366,0.5619089972946455,7693,140,1.7677627509382352,2.3642130416123686,12.783873,-0.33040166,-0.554106507502717,-1.1851311872776933,30.603525,-34.836758
1548846,0.31195242218479424,-0.3031875968928705,0.16926715153582625,2.376780034979105,0.31643235181673157,-0.2988014943065956,0.16993479209269674,0.561523631675584,7705,141,6.828823589700022,-1.722194785239537,61.539238,21.614565,0.15313527120395876,0.5597896084676035,-8.983964,-55.580097
1549266,0.5007276395106501,0.06409527567992775,0.019955437827891536,-2.270866015909746,0.49309127789193674,0.06712473140040094,0.019300554059249853,0.4020493444814845,7707,159,-1.6179585291748748,-0.9107323949829739,-10.944989,-35.710915,-0.11135370997452326,3.2007812000691285,30.615625,41.020588
1550115,0.3626275206148564,-0.16946234671064758,0.01996066750954162,1.7317898068576139,0.4209195696966935,-0.02013056062727405,0.25663160279925,0.028507137706523945,7712,3,0.3737726642596929,5.749575044120163,5.603093,35.14247,-0.9108258156964196,-0.021036455778755153,10.039727,-50.144363
1550267,0.4842705344796128,-0.030421624179866023,0.02466602540583622,1.8201163408719674,0.48331078257006205,-0.02601256608930297,0.02514760581661657,0.561466219202136,7712,155,2.8015706919504137,-0.10655930591747323,4.0846343,-37.651844,-0.7087389377057329,0.9476006644869277,16.24684,-2.448814
1550329,0.42339407936344614,0.29760218927999715,0.019960724713120805,2.689440851092208,0.42432846195752894,0.2884446854958218,0.09075934462060167,0.0876969109057699,7713,16,-9.022172727786261,-4.012244462651552,-58.136772,5.182732,-0.12485273931599164,2.993993547461345,-33.1392,22.84513
1550450,0.3793260994968942,0.21058452487664897,0.29384619983785876,-0.876248936324715,0.372988870648952,0.21866195537619162,0.29436319916015785,0.5616613002884371,7713,137,-7.995783401172717,-0.749481970549225,-53.375233,21.033852,-0.8431813233289335,0.9492296656236965,-6.9281273,17.471365
1551012,0.3500456351707344,0.29730166007429365,0.019960724713120784,-2.313781036606957,0.35283336695882844,0.28812616401573443,0.16262481123854686,0.026298927792943506,7716,96,-8.72810347031213,-2.1427665039648383,-59.696014,11.233229,1.095518294392241,0.38746104082106797,-26.19754,16.723284
1551803,0.46058605483747506,-0.036260181507316365,0.019960724713120777,0.22966156969392723,0.45115828810958747,-0.029635062596686662,0.12267763418292651,0.0548820290351211,7720,83,1.901613487490261,2.544309260189781,5.493006,-26.683237,0.01565102125597935,0.7097782556801775,17.841728,-6.6039605
1552334,0.32065945449846844,-0.2646387517745051,0.019960724713120794,1.7152355550357896,0.33076364355330956,-0.2288887768643513,0.13341867004764135,0.024676067425227093,7723,11,7.3037306203475065,-1.6993658263768965,59.584763,17.482998,4.014784305183377,-0.18062245028780363,-8.734738,-66.349014
1552660,0.4036070266172418,0.206489743553077,0.2218634954055884,-0.24854952351557363,0.40333861451774794,0.20458960311597826,0.22205817363745137,0.5619268473235389,7724,136,-8.072789511498442,-0.8333718691825344,-50.272766,21.259687,-0.946329731555738,0.16010499358838848,-3.136786,20.88259
1552678,0.38753200116299735,0.22682846313502797,0.023176534490089388,-0.25970826056904606,0.3878154773501903,0.22742134600680738,0.02386524011404942,0.5613536759600187,7724,154,-8.380314462105222,-4.569555411360898,-50.19209,-6.708853,0.2468924318445529,-1.0549121835678414,-12.514601,25.001867
1553052,0.5155715347243295,-0.1681832075423079,0.17720619603983281,-2.4851114211213448,0.5160780042907697,-0.16723998271432677,0.1732663276155234,0.5614378085038938,7726,126,6.820446175199204,-0.35104829688722367,34.69637,2.6847682,-0.1644678207554138,2.1165239734848496,-25.553465,-5.3002944
1553328,0.4499074036245046,0.18933953409441612,0.02,2.276917976781139,0.425000006327719,-6.297966872194945e-09,0.274999952660954,0.0,7728,0,-2.0011066685096575,15.091030170378112,-5.205558,55.53512,2.1565170744579847,-1.1331091330784373,-6.6057615,50.07125
1554559,0.32148734581993216,0.09528161287309748,0.01996072471312081,1.5332407465519224,0.31916077352054767,0.09836832908741573,0.024521710713009376,0.22159702844871426,7734,25,-4.768206307977772,-1.3108438437003396,-24.537191,-13.845618,0.659916622903111,-0.3467861134653978,38.482964,1.5687636
1555160,0.49890230943191316,0.16259276889029536,0.01996072471312081,-1.979119462249946,0.4972277420582884,0.1669668872210255,0.020280407911494852,0.16424127545950729,7737,23,-5.337123229097108,-3.127662446767491,-39.033676,-29.693768,5.250439233372078,1.4357327891440963,3.4808626,58.83043
1555370,0.49124615945747013,-0.0008770505992451885,0.0362764040687427,2.7264590920849283,0.48755217850504134,0.0006852068326695191,0.034468761397328435,0.5617470826691859,7738,32,1.551586155628997,-0.11987831342089655,1.0817437,-37.0009,-1.049366617398367,-0.6179763947598469,12.095328,0.7459313
1555918,0.3141196415970124,-0.07225672359896182,0.019960724713120805,-2.144495584957723,0.43518183245078784,-0.08208082807444847,0.23130317430439537,0.013914543842314477,7740,178,2.7087475836964736,3.872053373556493,11.42636,31.181517,6.477497265053818,-1.1200106018192708,34.326305,-44.34784
1556023,0.4501419092352579,0.036382572705452865,0.019960724713120843,2.4119162970830543,0.4341755530818184,0.022524500889810922,0.15894657937321421,0.08895201023364334,7741,82,-2.2274662591302166,4.353107205849865,-10.617796,2.550115,-2.4335280679872064,-2.941105916898066,27.435406,3.829822
1557068,0.393323546856756,0.24041487187736502,0.05152113127505074,-0.9882446917467449,0.3881553877289899,0.2371066353035378,0.047994770406729226,0.5617723516603602,7746,122,-8.904543007380184,-4.505202694142953,-52.88045,-5.402034,-1.4765971117656764,1.8144856951340784,-24.017702,32.123158
1557188,0.34009683625782083,-0.18079794732796955,0.2111406789401679,1.4871023476909677,0.34042995874387966,-0.17428013771597875,0.20923041731632586,0.5613528020338149,7747,41,5.59373739335625,-0.03102777912527868,54.21532,26.387432,0.917795041067545,0.08975583134324291,-1.1211622,-51.261364
1558321,0.5128228817436432,0.027541787572531118,0.019960724713120784,2.093157501806079,0.4971132559570347,0.01973163085411757,0.1443077776133339,0.08048050782649302,7752,169,-0.7712401377954621,2.5326789811206933,-13.104602,5.137552,0.14037872532595236,2.935001299227478,32.41912,47.311462
1559255,0.4850938982822678,0.16906345717851537,0.019960724713120815,1.5794989981863963,0.49209410276857857,0.1488752508863404,0.1626256310894325,0.1630645534938687,7757,98,-6.0052087046676395,0.15807821918256432,-29.402687,7.5532207,5.777002200942398,2.16682253323056,-3.0403743,57.91325
1561188,0.31764032176003754,-0.07769355935847012,0.01996072471312081,-1.8741514993730637,0.32126820617321045,-0.08415713858931215,0.033247581061767284,0.01620723256372548,7767,21,3.4387584741573556,-1.6122222973552045,16.81276,-14.276024,5.4573430259879965,-1.209515869746601,29.1177,-44.031693
1562588,0.40547378388437144,-0.09434845344645895,0.01996072471312081,0.5103265894645713,0.41080127048088544,-0.10103345957259349,0.09736207849032971,0.05061846701749658,7774,14,5.2463058634912425,0.19394943517407176,22.492826,-17.619482,-2.1019488859728326,-2.1066969481926217,16.818993,-32.484238
1562593,0.40547378388437144,-0.09434845344645895,0.01996072471312081,0.5103265894645713,0.40781966020261845,-0.09463532242883932,0.05098116242844539,0.03168011316849562,7774,19,5.327429567660121,-0.5217422125182166,23.250679,-20.271557,-2.26923853419836,-2.1468503668412833,16.537512,-32.17979
1564943,0.3405285638000335,-0.0908510445835501,0.019955896071950658,1.330907866212401,0.33761602366050264,-0.09008146653551738,0.019200318733992,0.35082561548487945,7785,158,4.058717857660004,-1.809021762487688,17.412292,-15.485679,-0.9311347728149739,-4.052238496519347,21.4694,-45.92314
1565901,0.2997936389544395,0.15578543995135943,0.019960724713120808,0.4766469742972542,0.30817113252540773,0.15956560362146183,0.044915461240578464,0.04156210587090268,7790,111,-6.176060448754809,-2.5205770365275333,-33.81004,-9.383319,2.8239529667165497,-0.8419419584602257,19.497345,30.75553
1566191,0.540256704887756,0.0648875038256834,0.02021728831721753,1.8503751353229125,0.5397131653987844,0.06483493440709492,0.018009884301400853,0.563054139369365,7791,200,-0.5798431066344392,-1.7137837830011726,-10.098477,-38.142082,-1.9832207933105914,3.5333345024329197,26.216976,46.298065
1566931,0.5473233286586514,-0.2085846579346274,0.27461714485069905,-0.4408177721182435,0.5382235570590196,-0.20415614088482828,0.2718445923537371,0.5620472573733257,7795,136,6.198236141267468,0.0813286087525796,46.918564,4.6588955,0.707731827144988,0.11921744512866922,-34.98855,-2.147389
1566941,0.5346017423716296,-0.21505193945930884,0.1562517120529477,-0.4568796996624338,0.5287737370038672,-0.2122601514171668,0.1541666794359342,0.5619635275495268,7795,146,8.040327515579289,-1.392757261048633,44.495243,-15.80127,0.2922624108323572,-0.29098508142083235,-33.18475,-2.4081535
1568246,0.3955093127619675,0.01848827328562696,0.2950164771340972,2.6500671824914197,0.3990755103806296,0.02537539714938969,0.2943644957408106,0.5613717588930106,7802,44,-2.817411535051186,4.317564081657825,-2.5774825,18.838343,-0.3860571146959909,0.11869370015315285,11.929802,11.351179
1568549,0.3174582573673752,-0.1117698637170662,0.10136308896644644,1.0990720910517193,0.31323538160420855,-0.10970155726628648,0.10303283038462924,0.5617531064486084,7803,146,3.858227424562567,-0.576503274457209,23.287895,-6.4480443,1.823596193981657,-2.1904830191039455,23.161304,-49.412525
1568685,0.49904274529014137,-0.11758585889728794,0.01996072471312081,-2.2566659034826144,0.4817681625940923,-0.1120716491021784,0.14105394237063318,0.040186238686042625,7804,81,5.668676385561174,0.6798983297592128,28.862013,4.255871,0.31823323415766447,2.5062658486171467,-10.317983,-14.980464
1569115,0.42908885796582813,0.03587120502325383,0.019960724713120773,-0.11354743045862842,0.43812039917527795,0.03538333787630241,0.06157226321826412,0.04270497393588722,7806,109,-1.7867172564047076,1.1925728790703451,-8.771817,-23.791477,-2.2179282425096436,-3.5452594318446917,28.80792,3.3069744
1569139,0.48269286243490805,0.08754677542192002,0.2620735813600702,-0.07149240478901682,0.48244619694005925,0.08903283301138182,0.2609561228673267,0.5614410214831447,7806,133,-4.356560111884438,2.4923771053070434,-6.443978,14.156802,-0.692162120002998,-1.2069082958790085,5.690137,11.718241
1569341,0.43236787115213704,0.1544211000713576,0.2224018918885375,0.20702299132297322,0.4322540242639729,0.15516204269558162,0.22175010245642382,0.5615454292691867,7807,134,-6.676542779352183,0.39187286988565195,-45.65166,21.736176,-0.7461968828515169,0.27024004863084394,0.688333,18.267958
1570085,0.36758267736345107,0.05737953022651773,0.019960723078622327,2.1876701964092775,0.355113481985587,0.06677666892330764,0.029149299971741843,0.11694332713912393,7811,74,-3.714615109495562,0.15519108186716718,-17.244925,-17.096342,0.2470298393507212,-3.9561087399940615,42.080894,16.018959
1570794,0.4907165541462432,0.2861239139248182,0.019960724713120825,-2.95364345363034,0.3976723496087566,0.20070608061354286,0.24220273942054193,0.041815306602371684,7814,180,-8.044128896151435,0.023984976898547505,-35.454872,16.56392,1.3309856676406069,-0.5844022845323139,-42.7402,20.66969
1571203,0.38200185889647464,-0.03258899494611394,0.019960724713120815,-0.18876865850072808,0.38780235537799057,-0.032958826978188846,0.08020402811224103,0.0061749865113892,7816,187,1.1082835009900975,1.6316020795960697,5.611699,-20.605196,-2.6591766510933255,1.2637995070929937,32.62071,-22.383955
1572343,0.3057558085398213,-0.12899660061507764,0.06745362675852723,0.4074620652924896,0.3044831491417044,-0.12595113281616174,0.07181868212057363,0.5614048161148302,7822,121,5.066748674331204,-2.1414761874648134,25.335678,-8.020482,2.202532726508374,-0.7327277001963096,25.48932,-52.357944
1572760,0.522297095670973,0.23680229997923213,0.26939766059265785,2.636533169961424,0.5193334636680975,0.23849555873215714,0.27119922396942375,0.5616692004083099,7824,136,-7.497261496484728,-1.6983478092197637,-50.53706,10.905537,-0.35879654794313065,0.2928382246746,-14.006743,34.13811
1574382,0.3491979228980804,0.2884036204868466,0.07011731702005561,2.81238894703929,0.34779241516634446,0.2841764640351723,0.06873024873923347,0.5614653145163965,7832,150,-8.434108784396452,-3.7703460949463468,-63.63211,4.2688527,0.1421948664734306,-0.7970429588873216,-22.897423,15.844277
1574726,0.428355499897065,0.033868938589545455,0.019960724713120794,1.3071788848494734,0.5035855803997987,0.058863726797008645,0.22576761920474003,0.07046945555246673,7834,92,-3.3968456920343995,3.900730135584564,-14.481815,9.828292,-1.8265302243379113,-4.679524827048071,29.029945,4.1921735
1574918,0.32136737341593125,-0.042457520494893125,0.01996072471312083,2.106900287882253,0.30695679845297635,-0.05229609490506049,0.12234909729986385,0.009926287751202412,7835,83,1.5798526265398534,1.700705089660803,12.706991,-1.784388,5.519470835267562,1.182912495078244,36.80727,-42.75482
1575244,0.5191207867867224,0.11426757121037491,0.019960724711801964,-1.8301101868249499,0.47929750436058427,0.056251527867092185,0.20085713292788648,0.081809326536312,7837,7,-3.6973355482087427,3.8365430514851786,-14.248771,9.947625,0.35339631482412037,-1.0114385825486965,17.186295,59.379604
1576840,0.5113455779111522,0.1322528340876416,0.01996072471312079,-0.33336428045267746,0.5156206428714968,0.1376685504796703,0.04606881028144971,0.04668172470977379,7844,196,-4.246736198358111,-2.1420310911960034,-34.455112,-32.15394,2.0433410078491425,-1.6097240623285682,12.79335,61.528275
1577036,0.44083237770009404,0.14554932744126364,0.01996072471312078,1.444508732524234,0.4450556108325727,0.14211977943336163,0.10692072188328625,0.04536518472350657,7845,191,-6.018283637292581,-0.7870267310167105,-28.650198,-4.329168,1.5407041920673228,-0.02533607823661798,2.9411194,45.760082
1577203,0.4939775639061615,-0.22486662467324176,0.019628916574035944,-2.026680754870628,0.49287146245990066,-0.22471959285949408,0.019311620873521063,0.49880568738745723,7846,157,9.672161408064005,-3.4994583807294815,55.32553,-17.735432,-1.1568009812236453,-2.884628638657378,-47.963165,-18.504227
1578867,0.5208666732087008,0.1597827765145691,0.019960724713120805,-2.6808475984741444,0.5194987606161382,0.1530283176653425,0.16395211966767811,0.00954140063775221,7855,12,-5.78494755006724,-0.18003763840329617,-30.172882,6.25215,4.720361436408947,0.3754519808708696,6.222036,60.208015
1579786,0.2784636773836671,-0.031080560947267712,0.18092650821263062,-0.4892943748259136,0.2796248942734597,-0.02906001669970158,0.18274812300166224,0.5616090995215715,7859,127,0.22938287010646227,2.3887893240380897,8.143193,21.993704,2.6197290776836093,-0.3987358703401794,34.705017,-33.67817
1582071,0.3430880871498013,-0.20097529187300606,0.02,1.872582222721259,0.4249998983494447,-3.773223596786052e-07,0.27499952793044996,0.0,7871,0,0.2147931263140927,15.335907096890972,-3.5865357,54.86579,2.730745818589263,1.1179121011075623,4.517415,-61.193714
1582105,0.33104867374629454,-0.19187927611405395,0.0707693963923349,1.862119408880622,0.332496182147846,-0.19123065216226204,0.06853039495575039,0.5620811721354732,7871,34,7.970287633791383,-3.0997567233146737,60.393375,9.169617,1.1198749756821418,2.9316110586593496,1.6036643,-56.750275
1582891,0.43010760433749,0.19186442865601155,0.01996072471312081,0.5274782620450571,0.4359556136412976,0.19492572146041717,0.1237982368229816,0.02834584671624471,7875,16,-7.833236734087878,-1.9161556530743815,-40.342285,3.5967846,0.5673779945804666,-1.9963978108148708,-22.434378,45.193058
1583945,0.32367273505624244,-0.03688783592167013,0.040503162799825514,-3.044701840741443,0.3235766079862318,-0.03502345434417304,0.0423937474746518,0.5614454180119057,7880,65,0.8310898823383968,0.09004063158603368,5.198262,-13.729454,2.585979458618603,0.3417868229336848,36.16883,-34.647984
1584243,0.3737581850077362,0.15036618865443746,0.019960707807299794,-0.8437410673641426,0.3678374087633223,0.1553689234353271,0.017509764092487584,0.15733172084410504,7881,162,-6.270598331715534,-2.8562864802203007,-33.455795,-13.771974,-1.2376257929273597,0.4239904702755267,3.0432076,30.273643
1584551,0.33557893485120094,-0.025866784836298985,0.01945439717763497,-1.4377338879821686,0.3365869189423677,-0.030375174926873978,0.024163326269568658,0.5336074293154607,7883,68,0.6422190913183332,-0.04858023272264454,4.7372003,-14.767261,0.8711597687603766,0.6374074289979403,37.076363,-34.361248
1585228,0.47853571342102935,0.07086405638764565,0.22230141444261758,-3.0979368914787573,0.4706145277710896,0.07059114507633786,0.22156393461119112,0.5619564127949318,7886,142,-3.9094239463391793,3.0419516705651337,-5.211639,13.966111,-1.4643438869112027,1.5897839492414165,20.945274,16.755983
1585467,0.37155132639488336,0.1686980073356261,0.01996072471312083,1.67496171387798,0.4169814653229832,0.13216279513750642,0.1768596960919533,0.03613078225026456,7887,180,-6.300762056322387,1.1004622051224833,-27.24429,16.231756,0.8716075074822153,-0.3353228555603197,-2.9533432,30.13241
1585637,0.324836822332742,0.07876113186410318,0.08911864960693557,1.837064548904626,0.31945368863309737,0.07717285502849483,0.0920745328093342,0.5616054801204142,7888,149,-4.467943935336415,0.7037245701040757,-18.492525,-10.924798,-0.7290525890317928,0.5623380864494473,35.91599,22.425554
1586715,0.4657974085349985,0.11925760443913022,0.01996072471312081,-0.1278141414193901,0.4681914926744812,0.11842005514468999,0.038306553318669834,0.09059600338416694,7894,21,-4.140659231346706,-1.51816899964349,-22.057434,-25.718302,-0.7608533635634023,-1.3389961392115612,9.222786,45.889095
1586914,0.48511857678087117,0.14401105794348526,0.01996072471312081,2.23669181994645,0.4887070691872966,0.147708553509469,0.06263643646768122,0.045627582595156466,7895,19,-5.357203108674411,-2.2686461065151815,-36.01453,-27.441034,4.5518429976839885,1.2505122106446525,0.335654,58.969906
1587132,0.5042735385774474,-0.007273769908450666,0.13306445738301453,-1.2579663735474795,0.5053342027552156,-0.0067662320208099124,0.12886375015968562,0.5617275250554143,7896,36,1.3026023337634574,1.4386462462687306,4.657616,-31.279747,-0.8080987354323963,-0.028318729938343737,7.8732686,0.51323277
1587344,0.5196193899057586,0.34442308484589,0.2726446384651764,2.2887282113048344,0.5117905446203829,0.3376711922656629,0.27392042404856837,0.5616173448338128,7897,47,-7.1159067434264465,-2.4576769234227456,-51.561024,7.8213167,-0.19771078671574324,-1.4378460994350724,-50.828247,18.520554
1588012,0.46883145168784135,0.15948544629482855,0.01996072471312078,-1.951516795131887,0.46621121636584356,0.16277507644883096,0.021616333744052446,0.1245915893436446,7900,112,-5.631216813955954,-3.045383981584895,-37.59731,-26.248108,4.875496963911702,1.5542700803483407,0.20348501,56.074345
1588315,0.4260329051010578,0.01910068298960171,0.01996072471312081,-3.0583543460049074,0.43142709443345595,0.015619137906021272,0.15352242158773202,0.007937966334303286,7902,13,-2.023734969624774,4.177373693720189,-9.834249,1.8526541,-1.741901367534049,-3.35698766984766,29.61575,2.1431017
1589002,0.4573392372911887,0.22159956221343868,0.019960724713120808,-1.3571325233802505,0.4487623086918473,0.20981852591942532,0.21541198556639554,0.007584422912961413,7905,97,-8.039993646075633,-0.6144603910694827,-36.18966,13.774438,-1.6542573425238398,-0.8907019840152829,-24.52407,41.90714
1589753,0.36717696365907154,-0.07673879650971295,0.2353997781001366,1.612668303901029,0.36273206128881563,-0.07685871775027232,0.23490844165214944,0.5617557745143635,7909,44,2.416838637100013,2.7994236303250757,12.295407,19.802603,-2.389633270714861,-1.1357626442838016,16.415192,-24.123993
1589806,0.4285508123838986,0.1261460904389347,0.019960724713120815,2.075112943969284,0.42747699590043003,0.12334043071498561,0.1480426664848384,0.0462419372287985,7909,97,-5.820882057024883,1.0324263291564937,-23.640944,15.005736,-0.4166284177910301,-0.6066515391162752,3.5423265,40.772316
1590532,0.3677377427525973,0.09123907950446149,0.01996072471312081,0.15356940411066713,0.37185758113403583,0.08975926394969626,0.06335542966479468,0.01628098543798246,7913,19,-4.772178309332276,0.03666379331760719,-21.126602,-15.186698,0.3212390210330437,-1.8676360660023672,44.27185,17.805342
1590824,0.4208083959436451,0.14234749312039827,0.01996072471312077,-1.3057680221755956,0.4254721490525755,0.14417408362655226,0.026314648025405923,0.0906486781026831,7914,110,-5.4860716571662325,-2.340293592361183,-35.56151,-21.546919,0.18382172257460194,-0.33201248535941924,-0.24998137,39.80229
1594363,0.5215097901143464,-0.2570628213535927,0.04593834584286831,-2.3509421986433776,0.5190367475890395,-0.2547758431466292,0.04155453794143957,0.5619097616653541,7932,31,9.299319792771847,-3.5960579700505253,61.039524,-15.1090765,-1.0200816650500775,-1.0056329037224994,-40.075214,-3.9412131
1596417,0.34939597759545565,0.2601874631052119,0.019960724691701962,-0.7010875895148502,0.33409042093352037,0.2530587284577736,0.06148769595230863,0.054303880069749844,7942,75,-8.591118862450452,-3.7933201522440676,-63.125927,3.4062357,-0.6407845032714512,-1.4101153249053624,-14.929814,18.821024
1597381,0.31836120799584444,0.2905825909620368,0.06555915791841399,1.3272884266503633,0.3148799107191281,0.2913156353954981,0.06272195496944435,0.5614507305311747,7947,34,-7.946607702158571,-3.56911874108958,-64.11002,4.5930176,0.3234436998839353,0.8808659108754303,-21.66523,13.849793
1597394,0.35083237009483537,0.2251715005677011,0.27514155490379405,1.0932932454462074,0.34267553127118633,0.22940141765673003,0.27248321850083046,0.561427607846382,7947,47,-8.111221039599751,-0.9141597949083489,-55.775547,19.274958,-0.8170138461214682,1.0039486293817423,-8.4215975,16.63369
1597638,0.40672144065901084,-0.04455845747298151,0.019960724713120822,0.26141837740675494,0.4570369467108491,-0.07284574231741195,0.21486980713332388,0.013283506498941177,7948,90,2.7109787228115216,4.0188596927275455,12.592151,32.54822,-1.1770494903483784,0.027314447286809554,30.608534,-23.590767
1597965,0.342849123982826,0.10936673748139897,0.01996072471312081,2.781843822693408,0.3474677479327421,0.10967366413589227,0.08046305189658942,0.06166469597131478,7950,15,-5.549967985055338,-0.4275705762378956,-26.315351,-11.4141,0.030816656732520695,-0.30616147048910713,45.98964,22.856031
1598315,0.328826048539142,0.19145664162709541,0.019960724631224554,-0.3078129391065317,0.32165013720010827,0.18234519603374155,0.03863151010599508,0.07189759507263128,7951,164,-6.935699459886645,-3.2294191160030254,-41.487556,-7.8935113,1.428830885678898,0.9090051441341636,25.231476,33.031555
1598429,0.31922681170862843,-0.22900873343084194,0.01996072470481601,-1.9821484400857974,0.31187353960244973,-0.2218605610181098,0.0591474257747687,0.02543071079370877,7952,77,7.88811119644556,-3.3577075829046534,65.41779,7.518039,4.344707280178185,1.8216902557291634,-6.7120066,-64.45084
1599273,0.43490607043961904,0.0002669242845274334,0.02033922983899136,-0.3419587184878456,0.4342714486319477,-0.0013952964284975927,0.018054318369612438,0.5618516836999707,7956,117,0.31229989932048796,0.5068121046702273,-2.8199587,-27.68691,-1.8625520305998875,0.19216961873413715,20.139297,2.6340544
1600570,0.4295283154782897,0.07377164587951356,0.01996072471180196,-0.6378634584291121,0.42698905765290734,0.03551536382638423,0.2425647268784507,0.01769200290530339,7963,7,-3.7959249622840634,5.37018659219829,-12.704354,34.24789,-0.4162901696588962,-1.2689229296607893,33.111122,10.266315
1600593,0.4256051866250293,0.0752521619617939,0.041573785275212896,-0.6243752663009665,0.42392307421026765,0.07646065465441858,0.042337570145870335,0.5618497871625553,7963,30,-3.372999456283437,0.03618040851055135,-16.046932,-25.556782,-0.35405941553067544,2.3230663713022794,27.932556,16.992575
1600857,0.346285499597625,0.04964273868049315,0.019960724713120805,2.728508488065096,0.3865965127697309,0.037199469319037254,0.17068677465898163,0.058994065508351796,7964,93,-3.5087087066005256,4.284692459225914,-5.7726607,-0.47798175,3.1535812127293603,-5.553086193887212,51.410286,5.97768
1600891,0.3754645587786009,0.07564310131053094,0.1952674242842689,2.7672753714646636,0.36824816883549016,0.07808127684082794,0.1942765946941083,0.5617748587272315,7964,127,-4.8026801389895395,2.7934774882659617,-8.152587,20.47624,-0.2709470026965918,0.656225802539341,35.769066,17.37808
1601199,0.3515471988391296,0.2329706570629254,0.06741541421968973,0.7845320400177853,0.34765348862985956,0.22911034403103608,0.0656377026448424,0.5619135752004079,7966,33,-8.413493744814712,-3.718863606690756,-43.919937,-2.963245,-0.7674370780504111,-0.9746335810312186,-13.129251,21.167435
1602914,0.4977145082052616,-0.16131880210883803,0.2085722469952271,0.6010136144010846,0.49425894666523873,-0.15614432113312232,0.20794391419751426,0.5619547243399051,7974,140,5.785358371423535,0.8226200378415525,22.530222,12.043984,-0.9166072973067141,1.1827520652978905,-22.594805,-3.5821385
1604404,0.47243162122723303,0.28357836616286036,0.019960724713120808,1.5970401596593562,0.47063307996017933,0.28612674027264823,0.022705542651855315,0.08526748978626376,7982,22,-8.334787264944222,-5.485381606295958,-64.4946,-11.813733,0.42149139882337683,-0.3410287905974846,-39.887173,22.723118
1605717,0.3714759158101085,0.023217577533241277,0.2237953957126911,-0.7485550024971906,0.3669396910418623,0.026823351728947762,0.2255605481097138,0.5615806770386526,7988,129,-2.829195958399655,4.179654032177803,-1.7426916,20.660284,-0.2396139341857732,0.890747816555589,35.844,-9.429598
1605774,0.3220099055783195,-0.008756091271591493,0.019960724713120808,-0.7930859715894331,0.32433810384717154,-0.003824830197008376,0.14986664217343407,0.02383853242961622,7988,186,-1.4048893286096407,3.517526714124063,0.8949183,25.408703,2.890872810854762,1.0465198934285707,49.70852,-17.659655
1607694,0.392016410563352,0.2769057078181232,0.019960724713120822,-2.9993645895666807,0.398713725689606,0.27215953308013635,0.16857166571132742,0.048484699847305156,7998,96,-9.002226324539452,-2.1861576681855794,-57.683796,10.45326,0.24921028092269532,3.050857314945019,-28.631159,22.657019
1607829,0.5210854651391562,-0.20695375788431913,0.0229984670730084,-1.037777980684687,0.5210024277889603,-0.20672097427999572,0.0191585535357518,0.5614619244266991,7999,30,8.600055731440511,-2.9874716303494098,45.501102,-25.653645,0.09962818953875695,-1.6245231679830512,-32.91191,1.5785799
1608090,0.4240404389984466,0.006343930659997678,0.0199607247131208,-2.3103699795963744,0.4471331656759874,0.11006119506977866,0.17913295042408736,0.040285380862475004,8000,90,-5.145747036674281,2.1139166296343475,-23.897411,15.898136,-1.328140280834473,-2.72862615407518,28.96967,-0.63816994
1608488,0.4385592458099484,-0.19066164172531683,0.019960724713120825,-0.5113121786422723,0.3754332048247406,-0.10095718034086239,0.18501148708722934,0.006702237052515046,8002,86,4.38683729406565,2.372388838281802,31.293127,20.723927,0.23651865012494416,-1.6158977923178541,-24.596817,-28.278358
1609004,0.5374067376196866,-0.0415797505640339,0.01996072471312084,-1.2925510046958593,0.533120477717768,-0.043534698995830526,0.018207114234315508,0.3267716605739826,8004,200,4.059015575076239,-0.603172588843244,8.627886,-41.993183,-0.48077866365966865,-0.8230720488501085,-1.2180228,-3.633105
1609046,0.46164826926242775,-0.06967804802391263,0.2112579023118025,2.967825100092901,0.461558915212658,-0.06903514474524648,0.2109216315960409,0.5613430017207224,8005,41,2.91921275614831,3.1864498289282075,7.0033755,9.124899,0.6237882494150022,0.13942167968068864,4.861715,-11.682047
1609321,0.3222922278942213,-0.20302738025417272,0.01996072471312079,0.2820506609137238,0.32292980985300124,-0.20140201491346346,0.020514140736150238,0.40375502610184283,8006,115,7.646925444855717,-3.542293741284109,62.438023,5.4648757,2.5064037665840253,2.38496095108689,1.7966732,-58.74861
1609539,0.46482204007355465,0.19344336523850575,0.24674393762592708,1.6366800967382258,0.45343924547624065,0.19272468648179789,0.24237983904071866,0.5619497063317215,8007,132,-7.5319837035097414,-0.691038993349724,-46.96645,18.533813,-0.5556878718894267,0.5853890528410849,-15.835908,42.068016
1609775,0.31268265477414264,-0.29676540714994226,0.01996072471312079,2.265077854976099,0.29897085987224953,-0.2885226849210288,0.11794577934260145,0.023739787137528407,8008,167,7.153296562556945,-2.3763659359227227,63.889103,20.527628,2.6022702093713708,-1.2674626573470629,-7.7888365,-48.333794
1609891,0.3678273744204323,-0.1446257448967686,0.01996072471312078,1.5314062967571929,0.37030864951171405,-0.14780966523316288,0.1422139020500638,0.007626454783726566,8009,82,5.990809205925151,0.06660603420665662,35.162857,17.640694,-3.6301922824615693,-1.1871674166192796,11.652894,-46.10291
1610158,0.5243876555526223,-0.10296169337409794,0.0962386707587975,0.008998360114205142,0.5214615060948359,-0.10314033301740555,0.094850591701127,0.5616091995948479,8010,148,6.391715659662938,-0.5070003021137728,31.136683,-32.311516,0.26952631652741493,2.6192931782162727,-6.8018723,-8.805465
1610610,0.40803973130686855,0.02766781863582864,0.019960724713120777,-1.482792835903023,0.4141738469812098,0.02300036652015193,0.03580311981784054,0.06752107039196405,8012,198,-1.487098700791633,0.8678281801053406,-5.021398,-23.982311,0.18414451470384857,-1.7023841672667361,32.151443,0.26645824
1611261,0.4420953468135232,-0.1042234809741731,0.28948199309341793,-1.7056460385053938,0.43320204247699884,-0.10354339182165243,0.284813739068859,0.5617959034545388,8016,45,3.5129406205229317,2.610712320477975,15.146835,17.123636,-0.6834071260324772,1.441794229612554,6.4545846,-22.935637
1611355,0.39930648445458733,0.07766498129078303,0.1952333426176883,-1.5675826176957492,0.39161966839253504,0.07759662193080928,0.19332951609659055,0.5619390961388349,8016,139,-4.793617794591687,2.7886968354866912,-8.259446,20.19261,-0.4494119522720285,1.2566316622301887,35.34784,17.219898
1612426,0.4266861668323867,-0.011449958433393909,0.01996072074929776,-1.757242965930594,0.42953001469672175,-0.001985347204618146,0.2479602290761072,0.0068428273127886675,8022,4,-1.5657454977212444,6.6370232669441185,0.7364692,35.63985,-0.9158238181635496,-0.6064667318866369,24.62536,-5.673552
1613366,0.5000495221814228,0.005548234869010039,0.24875943582551516,-2.7745233900582478,0.49801933076671057,0.011975475979080108,0.2482461985130873,0.5617942237495105,8026,140,-1.3589793430077275,4.315780298963775,-0.5210192,12.42731,-0.6875683245468899,-0.4133070749537606,5.283065,8.742867
1613528,0.32340133844541197,0.16834644201979712,0.019960724713120825,-0.981632283798619,0.3280945766477884,0.1671786000953516,0.09785475733576418,0.009499808264666162,8027,101,-6.89904945106954,-1.5159986961852843,-36.055454,-5.069353,2.1067660853429895,-0.4689912990255332,22.234053,32.0348
1615102,0.5222735062362296,-0.1015489050218601,0.024369319774925763,2.0972236883420163,0.5215579229297711,-0.10208402104506861,0.025308628060052962,0.5613489181874513,8035,67,6.532259993824793,-1.1135235499946643,36.004845,-33.176697,0.35128686540205795,1.9232363573783346,-7.0139155,-8.508795
1615657,0.3948022346685305,-0.046972056227649966,0.01996072471312081,1.6868650406565047,0.39941217737954204,-0.05108064903195274,0.060054800148039766,0.021360129815669628,8038,19,2.4269155989838156,0.9395707368615772,6.488472,-19.331448,-1.7539344076599728,0.02452073094153382,30.267883,-24.357399
1616727,0.4065934878196232,0.1792038995387345,0.019960724713120815,2.488229490824493,0.3706428168017902,0.14566528332017017,0.20888877624717186,0.047575239312074497,8043,84,-6.826279799813069,1.288408381301454,-31.159838,19.300806,0.72555555602218,-0.6734169160135658,-5.1813188,35.141937
1616776,0.35316858582489796,0.2382757398053533,0.2482437907532745,2.539180686794009,0.3485427415077615,0.24118027400753686,0.24549895850283185,0.5614446562010005,8043,133,-8.308905838250002,-1.1766024516687161,-56.31777,18.400501,-0.8713803932444546,1.0869718912302229,-9.138138,16.729431
1617016,0.5100721739178141,-0.20366696004647022,0.0199607247131208,-1.9041628493552132,0.4347583209348609,-0.16202576390455675,0.17179863795712882,0.0777196043015789,8044,172,6.339518928263568,0.7784157601683548,37.614605,12.6833105,-0.11146766923340821,-1.0159163208356747,-51.39528,-20.086672
1618724,0.46508902154074966,0.2417743273549602,0.01996056944939349,3.0441188665131667,0.4684084843463814,0.24355201409031427,0.018986024661628437,0.30132521296548187,8053,71,-8.304439224810492,-5.249342545585172,-57.727875,-22.66617,-1.5507163028191118,1.2617168020237584,-40.263752,28.34457
1619402,0.34510934987492214,0.16347383965054751,0.08620821017062655,-1.9613057437535444,0.3415964397991978,0.16494267219563988,0.08665923052090013,0.5617663270096102,8056,146,-6.817078999004324,-1.909159602397383,-35.899944,-5.842122,-1.2863101863622897,-0.062433020347650116,11.02642,28.75229
1619741,0.5477913962040024,0.2435764783119882,0.019960724713120798,-0.06994320266067873,0.534200944759998,0.22927196755844448,0.12129375668646347,0.028568672576954234,8058,83,-6.860230536584749,-3.0894389055479197,-54.04614,-18.260143,-1.6760995293607757,-0.5193197252969151,-56.009655,27.992954
1619933,0.48067273981898384,0.14524357374070784,0.01996072374550423,-0.686408151881465,0.4809867980770207,0.14446845095807687,0.022306768226843354,0.15049421829370724,8059,74,-4.844420054263969,-2.4263039552522536,-35.67392,-30.158703,3.939177884437064,1.0060929276887685,0.8538268,58.140472
1620325,0.5414440632072708,0.016436235139205325,0.04801693282409745,-3.003742118982264,0.5355441681235339,0.015632592860718646,0.04679865952039142,0.561736647512622,8061,64,1.3169952378177843,-0.9392116207201402,-4.8872614,-38.39454,-1.27465779601013,0.40827327421469484,29.245195,44.059704
1620571,0.43618729635602915,0.06395337888808045,0.019960724713120798,2.7458779247872145,0.44362241774474215,0.05985776797766939,0.04542372333683062,0.03543110657622654,8062,109,-2.710843244087948,0.39734959105487866,-14.554831,-26.718472,-0.6510522673978789,-1.9931977686296551,31.676792,11.344177
1620669,0.47920689380410647,-0.20535571259947702,0.019960724694087963,-2.736846922074377,0.4525874945520522,-0.0863856260768786,0.23469096117532784,0.023503784656459754,8063,6,3.763738070606684,3.800085977873189,11.866454,33.93907,-0.6359645525141014,-0.47073651702965225,-49.764397,-23.40232
1620904,0.4139017528714031,-0.24834199849074876,0.15990154887294103,-1.133947958472835,0.41690915575140547,-0.24740701147151,0.15752858184473917,0.5615112483024167,8064,40,8.464619594267003,-1.528788387418754,48.970547,10.017583,-1.0973479815316267,2.354780170851788,-26.671549,-44.538654
1622315,0.38237118808747433,-0.14031632506487593,0.29481506714752603,-3.0106139553876714,0.3734452182803344,-0.14130272742568722,0.29277955113810183,0.561510129547299,8071,44,4.333037341830542,1.170811166828988,47.953594,27.44789,-0.6998082821191085,0.5063465422975845,-4.0584702,-25.828297
1623056,0.41351070136548096,0.2693677421858153,0.019960724713120822,-3.0268330669439285,0.3909790860819414,0.28275999972047033,0.14322077495974161,0.00865164424011527,8074,182,-9.00379475102523,-2.523960335192166,-58.232334,9.787481,-0.8978450384849399,4.829980335693479,-30.015472,24.216166
1623775,0.5372538949947394,-0.16847125520366374,0.01996072471312083,-2.1288006080641204,0.5384003771768682,-0.17092240289695354,0.14799618868181497,0.03820408068093272,8078,97,7.2266642448219365,-0.7356547363504231,35.583755,0.8483136,-0.39200996560163764,1.1243101665854616,-14.786035,-0.06781331
1623985,0.38474074611706055,-0.029705127559338865,0.019960724713120784,-1.1378870878520366,0.392518333770262,-0.03414398245140032,0.06971190262509694,0.02717356747584632,8079,106,1.223200799892829,1.3415020064930907,5.2595563,-20.653337,-2.2315780976806057,1.2624735919808958,32.793804,-21.922615
1624049,0.384314727537098,-0.03355143713534076,0.0199607247131208,-1.5331819009424366,0.3841999104575695,-0.03400323035683171,0.1362845750597131,0.013412894154921234,8079,170,0.9649181915307141,3.4860975420420304,0.89821786,0.4416406,-2.5122238766685787,1.1648660707195015,32.559032,-23.19431
1625304,0.33985727195336085,-0.1368658206397615,0.01996072471312081,-2.494531528645579,0.34849848403846745,-0.14219272030499708,0.07811317742531299,0.017831444973126845,8086,18,6.075631823938671,-1.9150863648253496,24.962902,-9.666947,-3.4897656242047295,-1.9607559816665077,14.240641,-49.106255
1625753,0.45494043462115547,-0.13544963114744676,0.024272660672324628,0.03060434761897888,0.45529428794631654,-0.14346990395294093,0.02498118681207956,0.5614482485875987,8088,65,7.665757385481874,-1.8391665170239966,33.238605,-23.152403,1.378890346674566,-0.32238697762951213,3.9647307,-31.263912
1626075,0.5476182307361749,0.28836241130946044,0.01996072471312081,2.0309718753587642,0.5522119880271251,0.2770073506043615,0.13359248605275673,0.05404003294831616,8089,186,-6.921696855461003,-3.4773855704772507,-58.732483,-16.311445,0.35952039998283203,-1.3364962303279533,-56.1478,23.35759
1626516,0.3031402021703574,0.24192348925114962,0.01996072471312081,-0.18455450350722138,0.3013120100558646,0.23985008021571577,0.019568616718265153,0.26067860116576835,8092,24,-7.359913056321148,-3.923353600956014,-45.565258,-5.058231,0.5824052675645442,-0.1232138901114811,-3.0926273,11.734745
1630574,0.4375191823785373,0.26130523781010223,0.0727189640623226,0.7324921816958903,0.4365973697553472,0.2626694169209362,0.07643127466384578,0.5613437742655077,8112,62,-9.122879230532648,-4.43806616443763,-60.246376,-6.6647334,-2.0045266332680565,3.896427254915056,-30.90856,28.693062
1630643,0.38180727887234595,0.24615384287778666,0.24510507593898606,0.7357444228324039,0.37936893286010787,0.2489489751279426,0.24312042266605338,0.5614663247902177,8112,131,-8.57193775763483,-1.4625132776875547,-55.402016,17.143753,-0.8705852456659053,1.9771966272681736,-20.695862,25.331755
1632241,0.3851844959570474,-0.28275795208237164,0.08627327426058042,-0.7679735197035915,0.38459780791494064,-0.2831212027345434,0.08566077943646291,0.5615047261123338,8120,121,8.99354940356454,-2.769833131072142,67.60426,14.36048,-1.447290307791807,2.2022202332296534,-19.473267,-50.19103
1632681,0.4300966537460365,-0.286812740155291,0.019960719554152014,-1.2461876644191303,0.429059982593838,-0.28188653730432284,0.017190259571390615,0.20195659367018548,8122,159,9.625967355715868,-3.68759983966106,65.264275,-6.394891,-0.674100447469908,1.4603316930310728,-36.12702,-25.255327
1633161,0.394526617264699,-0.2872829855288474,0.13935020874637716,2.5406370324039647,0.39614667557790917,-0.2847126018461246,0.1402150397199526,0.5614776104735186,8125,36,8.489432211877125,-1.9418681917172176,65.921776,16.4587,-0.9058384190085101,1.001590642977701,-19.247793,-50.08414
1633225,0.5119254315137521,-0.1553254357090571,0.019960724713120815,1.8607517521933645,0.5132623953850067,-0.14718504378556935,0.15329021802073106,0.015451525788831695,8125,100,6.570546509783551,0.030924863348988946,31.966524,4.7264385,-0.9794625683766831,3.661649728557093,-20.12317,-13.424647
1633545,0.43521247198986773,0.27288042567764836,0.01996072471312081,1.9976810896661419,0.4422101129704569,0.2720541558679645,0.07783496164876721,0.02222741806400516,8127,18,-9.072042264018425,-4.449595338954726,-60.53676,-7.328362,-1.6690505804937232,4.364934177645334,-33.392937,25.80954
1633749,0.4987509303849853,0.2811963708558232,0.01996072471312081,-2.1150182809883433,0.5029880349073197,0.2824232446271969,0.031314862112896164,0.061402579225065985,8128,21,-7.685107517540937,-5.391938589307705,-63.688454,-16.519424,1.3854122116869143,-1.50854724780996,-48.11547,21.449554
1633872,0.4141521949639737,-0.06740147577893352,0.14452350230936703,-2.728461757011407,0.4108108946165753,-0.05923217342028948,0.14490381693182858,0.561737849736005,8128,144,2.316049551749711,2.768221486697723,10.815431,-6.8881807,-0.7363722150526382,-0.4365153682878558,17.83585,-19.64063
1634057,0.5034648202527663,0.1338867259939391,0.1691846049276334,-0.02052830933935499,0.5030576628976299,0.1303288432690257,0.16610149637769087,0.561459973425295,8129,128,-4.867833036871976,0.2389467488045211,-26.467232,4.700239,0.11281678291687179,-1.421716413720567,12.0181055,49.331425
1634490,0.43529911974756635,0.15144190082916373,0.019894155466588417,1.4718879072344915,0.4336127233160472,0.1519226780089517,0.018400592146644523,0.4701087167697679,8131,159,-5.571249904991113,-2.6412035189420697,-36.278694,-22.329027,1.5928350688740203,0.07436565741427399,-0.58875537,42.54998
1635661,0.5152298569722034,-0.16049827811934483,0.10126383268442922,1.7523495706886927,0.5142217926515273,-0.15632670872556256,0.09723551096626784,0.5613726419428382,8137,124,7.9040510628991205,-1.54143784823615,42.128014,-21.280247,-0.8632548587743311,0.08487935366055842,-26.854467,-3.3479447
1635777,0.46569087415917226,-0.16989823493791206,0.1471612654407917,0.04172859251891857,0.4651670953368614,-0.16203044922298204,0.1448575208162216,0.5614394791715335,8138,39,7.0195287955333,-0.377872651462201,25.518633,12.497276,-0.3422844359647082,0.1753182179158345,-19.49423,-3.883275
1636603,0.3636009632679711,-0.2793719386616253,0.06719384619653106,1.3274291901977702,0.36137847397709,-0.2885763876649673,0.06595321970619006,0.5615738330625016,8142,61,8.686996348108607,-3.146589499725354,68.928276,14.445521,-1.412105903928444,0.18147983798250814,-17.20899,-52.781208
1637326,0.3801875744267815,0.028338248701113473,0.01996072471312083,0.454717299631255,0.3940957806999774,-0.005614692976169714,0.2318370175379237,0.09137760997212767,8145,181,-2.0304258607693,5.600623172985632,-0.27722073,33.49155,2.6315544699440947,-4.412290855636773,49.87795,0.78291935
1637436,0.5409935289755085,-0.010433036292999692,0.01996072471312081,2.1800593182307146,0.46641504844230236,0.06281579229674829,0.2216162155844643,0.03026186092309761,8146,90,-3.2477633085789392,4.237027410744364,-16.900452,12.764406,0.46079743507386983,-0.6122679395290389,-3.886526,3.8075516
1637495,0.5424045687958295,-0.0006762046160477831,0.05675650040504575,2.185394561835083,0.5422548859707417,-0.00027507516051335093,0.053959729418182306,0.5615919466914295,8146,149,2.0215369795887908,-0.8399705989730848,-2.3912203,-38.314808,-0.7260996609360959,-0.9559295049215553,0.2940403,1.4206696
1638630,0.5168680967770934,0.1416656994178167,0.019960144685073008,2.070731085197788,0.5215561837808363,0.13103590269785595,0.06923187313126161,0.02523988163797436,8152,78,-3.935880770383599,-1.9499409408868598,-31.671465,-32.245922,3.7074847147603345,-0.756055730709979,9.198,60.660526
1639958,0.49993550761051925,0.17170561100538942,0.01996072471312078,3.0356961935935294,0.49241437148800493,0.17480807379084629,0.021975294848396526,0.1939364630771824,8158,200,-5.681710540408028,-3.4290574907570393,-40.116043,-29.052248,4.897900833128481,1.511241864125504,3.315015,58.734127
1641723,0.39680899888665033,-0.25928383104547925,0.020646305758289032,-0.15297855716315173,0.3921320227992403,-0.2584576656496861,0.01814010882468295,0.5540217348092783,8167,156,9.747514426289644,-3.4708711241875463,66.41227,-2.0624704,-1.7450087751070782,4.351993000627291,-24.756748,-47.72001
1642192,0.5343777795084073,0.1574714879034579,0.019960724713120808,1.9056042671841955,0.5330043206589016,0.15081865920508036,0.02942121283183885,0.10524017471010336,8170,22,-4.205064930222278,-2.5156260492560563,-36.021935,-32.615772,2.7311552993049912,-0.7949648728823093,8.229406,58.008938
1642206,0.5339867403481818,0.15847197453297446,0.12477137526163881,1.8959929233917834,0.5270801185954693,0.15628071160246773,0.12293079522978997,0.561754231479136,8170,36,-5.163381685562396,-1.5372168675469151,-46.606396,-16.39889,1.3899652546098349,-0.1578004193016972,6.9603887,57.492546
1643315,0.3697129674013787,0.060348066410367995,0.23085146536609819,-2.7547409813981623,0.36555073208680056,0.05881351477448236,0.23242190920239986,0.5618732210582156,8175,140,-4.247778533215046,3.3474073557768946,-6.5222716,20.692678,0.17344892477527063,0.3839233399122771,15.104059,11.570523
1643440,0.4134388048568813,-0.007951782903480687,0.03938363684473388,2.776620162326843,0.4147613213844632,-0.008400597576574546,0.0397443155897505,0.5619146094732655,8176,64,0.10755601822967786,0.8324894766267131,0.24440303,-21.926697,-0.4617884130736448,1.5720653738735373,31.592823,-12.234326
1644273,0.5474605979287317,-0.23818911060954273,0.019960724713120805,0.7332339352001752,0.5012664463736275,-0.1686145256127809,0.23730444441882453,0.05223833709455126,8180,93,5.942969129315716,1.389631216722941,36.48246,10.391509,0.6947844223686185,0.1463780809178275,-47.29213,1.2536308
1644622,0.3121086732781791,-0.1269705774096329,0.14739966893910955,-2.110426061397345,0.31203072694884554,-0.12623262672048938,0.1452197898125945,0.5615039529934543,8182,40,4.599491295311862,-0.13921044494875376,40.211277,29.140575,0.8653999336332857,-0.6284305121114134,24.35315,-51.82959
1645502,0.531479154826612,0.2683316811115755,0.02018693699898821,0.08591810074526504,0.5314777187662093,0.2679879769153428,0.01641477899467675,0.5611828690093182,8186,116,-6.631329988509086,-5.274266993230918,-63.10556,-19.35068,-0.868846350438023,-1.524979697781026,-53.813423,24.470263
1645865,0.4098907583961964,0.05033907482214094,0.01996072469718923,0.1363844113265023,0.40321865057640005,0.043990650071993535,0.07351775973572247,0.07941135764139466,8188,77,-2.501745762448661,1.7200595879954146,-10.491597,-21.793179,-0.33027850550662163,-4.303892028079707,32.20726,6.474995
1646690,0.34464663921816086,-0.25203899784246586,0.01996072471312077,-0.166367803990543,0.35213624478721905,-0.25482994290252564,0.1195863244209101,0.030057909568237624,8192,98,8.284640015721093,-2.1722240271987983,63.023346,17.810492,1.9999766160465624,1.1678862602488929,-13.072558,-64.99367
1647721,0.31846902234403446,0.009296437006336684,0.16307011225741272,1.2844611240199177,0.31854271501385223,0.009524206569052576,0.16276001752482136,0.5617023840272852,8197,124,-1.6690746056797119,3.4125377963421255,0.21039523,23.61363,-1.5368236458476838,-0.014251610463511232,42.20122,-14.0717945
1647803,0.5362873527299435,0.29388586458911814,0.019960724438452215,-2.0029802481235,0.46521474945105823,0.07741343117321102,0.22886258543239305,0.013989025997381698,8198,5,-4.579405748631304,3.622797765395789,-18.581532,13.152768,0.9492027676333902,-0.9960826656030043,-56.694176,22.755995
1648405,0.405870754798019,-0.06795803024600089,0.01996072074929776,0.18157057060738938,0.4263096641814599,-0.01962480353700993,0.25323228230048717,0.057552369830779236,8201,4,0.14350038680816896,5.912394163013354,5.6352935,35.706,-1.84748866987815,0.1938777812225764,28.863523,-25.16035
1648985,0.36874163864518816,-0.24314040726686792,0.019960724713120798,-2.9742070163031187,0.36062854051103493,-0.1359805804390311,0.2185026423938832,0.0208679884153599,8203,182,4.547762203424124,1.7106058794490537,34.533813,23.749313,0.8141207598154394,1.2990961977761721,-18.189186,-63.888306
1649929,0.4024268617964041,-0.1224535128970804,0.057590974446952894,-0.6613261494517213,0.4009109143263774,-0.12124784040503819,0.05687506706055351,0.5616924106818468,8208,121,6.699415556881551,-1.5794861382193606,29.14947,-17.51935,-1.611504172036872,-1.0527516080178736,10.959644,-35.511333
1650069,0.3760765762383566,-0.1300960942477855,0.12839273760577,1.2719088622603845,0.3724255717529657,-0.12904893065158515,0.12966170730376134,0.561871560337863,8209,60,5.196058393955509,0.06481865938295656,19.049698,-4.578689,-4.618542616868662,-1.9638182101349273,17.595184,-44.129105
1650556,0.3122495684182828,-0.13504309791119423,0.127272836165274,2.1475425632645035,0.3093051563591057,-0.13707815156692396,0.13003316221949648,0.5614486716487603,8211,145,4.51691891919665,-0.613856718438913,40.52561,28.953009,1.739816578820138,-0.861156013366036,23.493523,-50.85666
1650663,0.40784900680711733,-0.05162080050528275,0.2627991008592865,-3.074648527689796,0.4077768831799246,-0.04734683992187495,0.264592618278154,0.5619364887282161,8212,51,0.6376997517973151,4.20714951500558,8.542906,18.00288,-0.9681061551950993,-1.0813848715369065,14.461734,-19.640186
1650668,0.3872761549040553,-0.1113819139337301,0.15715857063578523,-3.0989137757870244,0.38741510355410014,-0.10991837548241112,0.158763709747493,0.5614576549435434,8212,56,4.145112754000114,1.3434690340055169,17.269573,-4.070469,-1.4489207083632583,-0.6709527785177972,19.272358,-38.417274
1650733,0.36308206680402677,-0.09897163964023183,0.06071889710298971,-3.035479028815124,0.3623379607547573,-0.09285793918500616,0.0599578200470437,0.5615088755139163,8212,121,5.163766468180855,-0.9378541024085917,20.219421,-15.557518,-1.411876991796113,-1.4580503900543609,19.979084,-38.61922
1651347,0.488466372306118,0.057687405392951654,0.26511008281132387,-0.046017045939205754,0.4881477068127705,0.059103506214688684,0.26213928825333843,0.561358648096329,8215,132,-3.2679770256324407,3.424306867189641,-3.4859931,12.933141,-0.37909777130614786,-0.7325471118170157,5.545638,10.447952
1651415,0.47841871527196594,0.11858006803993158,0.0199607247131208,-0.040682533099053446,0.4816812841213048,0.11556796549328642,0.01757085282887305,0.2802044037458544,8215,200,-3.482549708167422,-1.7151310547456657,-31.294971,-35.34777,-0.7375336272905894,-2.199619879740819,10.514969,47.03601
1651763,0.309644560886244,0.27338119370980624,0.14398515206496695,-0.45773380840954986,0.3078885182425936,0.2694510064423214,0.1461197273243287,0.5615965631089851,8217,146,-7.848717424786193,-2.0602700001935563,-60.3997,16.073353,-0.4268143859293488,-0.42122126890264855,-4.812947,12.008387
1652023,0.44435604569818804,0.2076116724275028,0.01996072074929776,-3.071785291296737,0.4330233104515153,0.04108214269849965,0.26043896366041275,0.019729196405449227,8219,4,-4.312233643142227,5.204482926681448,-13.179355,34.389996,-0.5966444689868879,-1.9960086131535726,-23.959312,43.616806
1652508,0.39360091305989264,-0.17024286090878157,0.019960724713120777,2.561828780076226,0.4745784756198976,-0.07513724870249887,0.19177746343785473,0.006501315346208277,8221,87,3.4702947349287974,3.1678039111347513,15.47866,8.14811,0.5993454555787121,-1.6608774186226105,-21.235134,-33.183395
1653823,0.5162469253310866,-0.20203897960197376,0.019960724713120784,-0.3153282324198628,0.5163710455428224,-0.1985348715551521,0.02351424997345694,0.2464713088684466,8227,196,8.68583966577251,-2.77534273102405,44.631134,-25.602955,0.18181336605965043,-1.1909849238965011,-32.439716,2.1079206
1654350,0.3799178029572657,-0.039922739500905476,0.0891174608524449,-2.8619665912000363,0.37825760263840896,-0.03481155296235527,0.08825835474049765,0.561725960050698,8230,120,1.519162310146434,1.8470866383939688,5.974702,-20.754164,-1.7260928402426028,0.22715502601533796,21.88466,-17.76114
1654412,0.388448264091199,-0.04801653486719808,0.01996072471312083,-2.8521053372994443,0.3845424737112516,-0.003792869485418692,0.20166204546088515,0.04949927002671076,8230,182,-0.8876474347712127,5.247027865372465,2.4591131,33.185665,-2.566585088444321,0.6069616547558702,31.772602,-25.233973
1654668,0.37547733518613075,0.20759476378695532,0.10762817169796553,-0.04810197670902653,0.3700109768872033,0.20772793308293644,0.10879583944911025,0.5617114300934664,8232,36,-8.189879318675892,-2.481428481157398,-40.93364,-1.4568357,-1.1653253932862582,1.0787745776438635,-6.758664,19.279116
1656102,0.5081167321202587,0.03024932735846774,0.0730023730148998,2.7071552742501668,0.5056087471946797,0.03157196943470051,0.07434362907745667,0.5618488858582198,8239,63,-0.2511199854611988,0.1867270265575462,-14.587516,-35.803413,-0.4434046816347441,1.45615418372258,32.72009,42.07597
1656271,0.41813326505236276,-0.05476554591690207,0.046687334972170993,-0.36550589103537634,0.41745218900127284,-0.055942629961248574,0.044917592305432796,0.5616515521634065,8240,31,3.4182608691850205,0.7079065534926738,21.309011,-24.507004,-0.034121210332896015,-0.4489071290586047,16.80315,-19.72663
1656855,0.5178225396080203,-0.03488202653955173,0.01996072471312081,-1.9770240138019857,0.5180011886804807,-0.034647327657553004,0.10859330273142179,0.033564601383491696,8243,12,3.07291849932192,0.8527170050689726,7.091776,-32.48863,0.8673518792149386,-0.14298017875977245,-5.5783157,6.201515
1656994,0.3562481051308798,0.26530945536028727,0.06009119462334131,-1.9875800960496077,0.35513411200204675,0.2623080114559514,0.06096543576147148,0.5614548764715958,8243,151,-8.57054078879282,-3.9562235134933914,-63.28431,3.18491,-0.3719082262161565,-1.106080760227748,-14.895195,20.26565
1657907,0.4913494198123545,-0.14620507686808198,0.13349181591532303,-2.721789672326328,0.4896930346940528,-0.1421050953253939,0.1345688992288025,0.5614990234606329,8248,59,6.59165618417928,-0.26025437173645805,32.310905,2.318774,-0.8657864409673621,0.8746489188837243,-20.931501,-4.776666
1658016,0.48233869211555674,-0.13878010993752107,0.019960724713120707,-2.7387774650628813,0.4730699239412675,-0.12837132670159157,0.14472947624800203,0.07889004068072786,8248,168,6.0688771176171805,0.4798265154967949,29.778694,4.7338657,0.41581402577467386,1.6368195141426998,-15.675846,-17.257755
1658119,0.31745190407270485,-0.23947524798324757,0.019877632297957228,-0.2694923694174764,0.3148011057402936,-0.25047228378982794,0.019601057569146818,0.42376591070395353,8249,70,7.72173978572548,-3.568351350417638,68.637115,4.7796082,2.686520204672855,0.2369949935880958,-5.988604,-62.188896
1658201,0.3165233793216777,-0.25712116308013655,0.03491788914923678,-0.24835818352950959,0.31709925979028686,-0.25564608336095085,0.034889418186053345,0.5615624653495388,8249,152,7.931940217963268,-3.5573947264963532,68.725975,5.396152,1.9055858237238081,-0.027218424077926802,-5.9875326,-61.39905
1659481,0.5376943703966401,-0.19063924829417658,0.01996072471312081,-1.7259441437084917,0.53615637951613,-0.19337857680684772,0.0163839080519472,0.4000668612206045,8256,25,7.752654273974694,-2.6391383738364764,44.472916,-26.351564,-0.2607848016953748,0.5694056997963164,-16.931776,3.1420662
1660699,0.48503828489502776,-0.13534801223314652,0.13894692192293442,0.41410433476083797,0.48426342657937793,-0.13377729968390756,0.13366518477889125,0.5614863003834857,8262,37,6.507682488816139,-0.1740619833500289,32.388615,2.2548351,-1.0177802475691586,0.6880774695019092,-21.051302,-4.864779
1662667,0.5200885896454427,0.13500777979620115,0.019960724713120825,1.831240360282367,0.5216809175024394,0.1365545138555942,0.019518298228676095,0.29024617129194324,8271,196,-3.6885788516366,-2.178707665848963,-34.582115,-33.136932,1.8398126364874046,-1.6326652404555868,11.941881,60.676212
1662979,0.4174195986316743,0.01921586771452398,0.019960724713120808,2.139681199489878,0.422887806514335,0.01507608568759622,0.059868382403594544,0.028976881546945277,8273,106,-1.1459408000799052,1.3655278909646298,-4.789726,-23.398933,-1.0701730605525988,-1.994628359980756,30.381128,0.76228654
1663031,0.41988326874797544,0.01768770480592083,0.019862395882090697,2.1489392863455237,0.4206255915323482,0.017854405104096267,0.02239915441731774,0.5011211248305714,8273,158,-1.0233818112926643,0.6755009249235231,-4.840474,-25.45811,-1.7941710756912435,-0.5253840362596127,29.046288,0.7583059
1665310,0.49822410704342646,-0.20559865425540547,0.01996072471312081,2.575715662559132,0.4985543327585255,-0.20756549214761427,0.023381548156955007,0.3280862087517188,8285,25,9.32494209565654,-3.0227582624137077,52.470844,-19.252716,-0.8650888624509454,-1.1805908321205676,-48.07997,-19.56791
1665665,0.45566496019593455,0.02228110346912114,0.019960724713120777,2.889679834228488,0.45248013924400565,0.04697123849413733,0.16211206102752898,0.0403386751224951,8286,179,-3.0490119024098603,3.7300116200172173,-12.439484,2.1921299,-2.2936520075764086,-2.964563006441568,25.777353,2.3544054
1666775,0.5100403551479156,0.056642767203132265,0.019960724713120805,0.34494763258442923,0.46396080350290114,0.013356549044062018,0.17871822679649502,0.03811922765478513,8292,83,-1.7117829529636381,4.4234594223980865,-10.642947,6.5909853,-0.1505837045661913,5.548688545702923,31.02219,50.904568
1667537,0.37108804419253744,0.02411231816135354,0.22820306492273787,-1.7236673241617704,0.35734574512177325,0.02643572127541889,0.22749219768873472,0.5617059529128229,8296,41,-2.698735256927577,4.174798836915775,-1.4942198,20.739893,-0.33869773549494553,1.2373347210767744,35.84546,-9.579891
1667881,0.3403593752534576,0.0061092743644446095,0.019960724713120822,2.5863335511126766,0.3712659768396518,-0.046769562823532077,0.19974803101977037,0.07555295845999256,8297,184,0.5936528332272946,4.28109161772949,6.8373713,30.244383,1.9031708792705961,-0.23612605947645987,49.666637,-11.264049
1667962,0.45219849786480604,-0.28821730094651987,0.05645900174717156,-0.7434762096209989,0.44913189768749134,-0.28545942488339654,0.0579094712037406,0.561851817431663,8298,64,9.891297316826344,-3.4334834587000786,63.67772,-7.3105545,-0.1348413913970431,-0.596660348894062,-42.105927,-10.591466
1668432,0.2726504661214499,0.14855445498000247,0.2552050633742191,0.8377525499962538,0.26942441193118305,0.1447349781665074,0.2562885633659979,0.561511536026146,8300,132,-6.331584646565992,0.6965002497562235,-46.37701,28.768736,1.4074787925857049,-0.0690657340205645,16.16851,25.971918
1668763,0.517044885486855,-0.12480774591204778,0.12434905451993589,-2.2811261070859086,0.5111592881517749,-0.11960535171252043,0.12192456719202144,0.5619640225617292,8302,61,6.282804209652124,-0.23398634798665513,30.792015,-0.114952624,-0.7299106874753305,2.329067418609939,-14.1407385,-11.3120775
1670548,0.3255962547346874,0.03280826551224244,0.13295510477767322,-0.7517880319868214,0.3244445443750023,0.03203722542110206,0.13194728731729555,0.5614031559915825,8311,37,-2.683847098686785,3.0384396934055364,-4.897462,-6.4278665,-0.7075379948921856,0.4274782208806023,41.32817,-11.993306
1671200,0.31122299854256286,0.2643059722900441,0.01996072471312077,1.1250582061676968,0.3595169917473842,0.1821979311035256,0.1622605392170618,0.048250866068156324,8314,86,-7.676301831070099,-0.5895753040037075,-34.896095,21.302298,2.6475582412658425,-1.1446716305526965,-24.595871,11.393432
1671651,0.2762181597736733,0.0962830425226828,0.31508176158277107,-2.7753910210935913,0.2672324475076309,0.09296913726199572,0.3169667860381392,0.5613470316614096,8316,135,-5.044662653089883,1.7944123700765156,-44.264637,30.280613,1.155250549455322,0.6932432366620138,17.701355,25.167221
1672119,0.410361189256954,0.08394913747212929,0.02,-0.12114009384882543,0.42499936761462825,2.0815939666187678e-06,0.27499917082007336,0.0,8319,0,-1.654764978276992,15.741849845236793,-5.3278346,55.360283,0.4662242006608748,-0.574939920810732,34.353542,10.537114
1672500,0.30896856732314587,-0.03824081446013312,0.019960724713120798,2.485626330325879,0.3382096294929567,0.03352844226565279,0.20308018335942976,0.017751119268498334,8320,180,-2.911119936807677,4.188701960235967,-3.4364564,30.645489,5.651217771894082,1.1303962789754645,38.1113,-42.991207
1672666,0.3233717719629292,-0.07412804236772454,0.09195142177974996,1.200128245385089,0.32336284928734177,-0.07476240849512047,0.09274686642294938,0.5613491405156847,8321,145,2.690688023719027,0.2002096955426642,14.30201,-2.8820856,4.058807788102402,-1.021114874553981,27.382536,-43.51729
1673153,0.37494992354782364,0.10813741601191323,0.022993282966928416,-0.8443002488462852,0.3711897875725287,0.11217819955281792,0.021144025703891373,0.5618557979967498,8324,29,-5.113904045154391,-1.4174462479650938,-25.821465,-17.796673,-0.6277397295014542,2.2661817221481146,9.715828,34.482857
1673241,0.32441959939165876,-0.13645808953040112,0.021269601782059326,-1.2149395291383434,0.32418560720150047,-0.13578972262622618,0.01997660249102773,0.5614533439342352,8324,117,5.628592742335693,-2.970415348137681,27.992374,-10.571709,0.36641461498664496,-0.6238370661700697,25.18909,-53.475056
1673255,0.2768494091631408,-0.16563619374972896,0.2672496973033377,-1.2649314426432097,0.27427309597081656,-0.15678939494326427,0.26617128009398217,0.5617013439152716,8324,131,3.7888718335265423,0.13611427563229772,52.684486,27.629671,3.2493754374797117,0.3613634800110983,-3.0537086,-55.00918
1675002,0.4074639639001097,0.2545285410753116,0.02045677805693777,3.0903617881828875,0.4080644883318145,0.26413458041382026,0.021402966439983184,0.5614853896251736,8333,69,-8.97742669590743,-5.031856331758433,-62.226955,-3.8834012,0.1778001200620753,2.252754481148217,-16.861553,24.800175
1675888,0.5303460364673296,0.022564009675930866,0.036090081657033306,-0.9190658784687462,0.5315662720577802,0.023322976917594246,0.037354928031930884,0.5614566755576613,8337,151,0.8698847996661851,-0.9767224394452028,-6.0444226,-38.269535,-0.7587600544426767,1.0589102142783864,29.526802,44.090317
1676066,0.31761742345697164,-0.08851054216625347,0.17018294556647953,-0.7921382547067831,0.3152576335472597,-0.08622186459191546,0.16897677217522863,0.5617542835845155,8338,128,3.0325050408637395,1.3152213449121564,35.33401,29.887825,1.5187207568872505,-1.8665172866460495,25.360725,-44.6814
1676238,0.44144490193824115,0.10111800194311278,0.019960724713120822,1.480132642696963,0.4420865008038112,0.09102288508267059,0.1524617180835004,0.016162373466688938,8339,99,-4.7976658279539475,2.1652569063912006,-22.043749,15.008657,-0.4810162420880627,-0.09391226867075317,9.719405,41.63318
1677291,0.41169266829980933,0.012819873119415038,0.13164091046197451,0.5382824137443033,0.40863130117089064,0.010810018244290153,0.13295565271301613,0.5615783387583243,8344,147,-1.5651389392093933,3.4873433789973696,-0.7698906,-2.8427653,-0.21139283305865236,2.099932445005744,32.341393,-9.488407
1677503,0.42564773423819086,-0.06756629233230621,0.019959796361957383,1.4730106193810648,0.4230135377654073,-0.07229580786937989,0.017817238732491553,0.32598140065349945,8345,158,4.268304439823069,0.30097849183773845,23.147165,-24.181976,-1.1864825343162417,0.2467893472075557,13.9400015,-29.327564
1679112,0.4158598544166006,0.2061490378942385,0.019959846964132066,3.055257234203722,0.4135738891993476,0.2046655963140068,0.01868586957810217,0.20068601195114835,8353,159,-7.427601397481681,-4.248812318162649,-45.494457,-22.441345,-0.36926959393989317,-1.6087125366462247,-7.6230965,24.909878
1680218,0.48839922228740856,0.14900886515186507,0.11499092064300509,-3.0998511147002046,0.4882180406457155,0.15930952326020606,0.11879617261304526,0.5614646717326235,8359,59,-6.105538563589421,-1.39757004578053,-45.19469,-18.304281,1.3401187775320895,1.996786178966613,-2.2317677,61.19095
1680400,0.3715376393647512,0.17642900700836822,0.1916960291501988,1.8526523247163336,0.3703353991841804,0.18150530224352318,0.18677473602510714,0.5627394348324969,8360,40,-7.590762810877878,-0.5606996920336751,-49.630295,23.62816,0.13947588637190722,1.0524163457549662,-4.2697496,22.757906
1680566,0.5227267928944168,-0.05948878761346954,0.019960724438452215,1.7413870002771068,0.468661134431433,-0.02460095256969278,0.24228782361037923,0.045896776684627646,8361,5,1.0043253889422736,5.5615908529371225,8.71709,37.875324,1.075844106210307,0.19913341914496904,-6.4842625,4.7625704
1680625,0.5474537178033738,0.05865805924749408,0.05898289764960273,1.2472305501644119,0.5428581680238602,0.060255647390762196,0.05844506197754082,0.5618139273860441,8361,64,-0.6819390883276721,-1.1943183018577734,-10.847903,-38.01163,-1.5108436185719254,3.6192204143179993,26.100607,46.07291
1680649,0.5375879144299281,0.05873641757223115,0.019960724713120798,1.2535912554265212,0.3781038111124661,-0.07377861853134839,0.22930787580832362,0.06050200213337111,8361,88,0.7879202441833606,4.077544278498143,10.415589,28.767712,-1.7578024825890464,5.140192321325386,28.269838,48.739628
1681426,0.3743409381310174,-0.10644329418187042,0.07149447869675188,-2.367784547892255,0.3738368912613999,-0.10578204216383917,0.07092008797402097,0.5618546740898347,8365,61,5.1732881577619,-0.9106511294424716,20.379074,-15.229114,-3.444730815648093,-2.947358521101744,18.979576,-41.3065
1684295,0.44289902217376165,0.14454770082784826,0.026435060537003677,-0.014266706450733531,0.442940237318709,0.14607208868520172,0.024747840165936147,0.5613315761146881,8379,116,-5.413530598242866,-2.4500808098037634,-36.103924,-22.888573,0.09100859682736771,0.574985680676701,3.712158,44.68736
1685198,0.43445592627319934,0.22300510159109183,0.019960724713120815,-2.8104716615414596,0.43710635720902363,0.2200687410212104,0.08778656886362118,0.03958840451744263,8384,14,-8.501818288706303,-3.590046582916033,-54.097435,-3.480783,-3.0987167671069145,-1.7905272221088606,-25.777607,41.594494
1686556,0.38357898778326194,0.04011474199365392,0.019960724713105213,-0.05460233810590823,0.36975551638262477,0.0411556295643356,0.09208687473838395,0.09722501675460987,8390,166,-2.8922400976794864,2.4818573433044437,-8.663967,-11.64639,1.973739045016687,-4.431140281919839,48.955254,2.7530599
1686913,0.4118835712933686,-0.2659870496096064,0.056831817085920985,-0.16824965925018595,0.4124484782653521,-0.2611597109816539,0.05514242964068289,0.5617987667612888,8392,121,9.927179981295783,-3.255464448338643,63.731834,-4.202926,-0.38713560291453186,0.6339749268361013,-25.794662,-43.219162
1687719,0.3051025896131439,0.0228512665138191,0.11096596409086548,1.311506805943014,0.3043768357869941,0.02096934280963134,0.11167117761382483,0.5615223027893609,8396,123,-2.042101770763302,2.4832224998981913,-4.19896,-7.447009,-0.9374946769690179,-0.2958882102667368,43.327515,-14.588782
1688004,0.35062007762425496,-0.05337174738917722,0.01996072469408796,-1.8944913106028907,0.39422449432176926,-0.02105593883633417,0.24225341089472632,0.04439583600232803,8398,6,-0.2246630138969461,5.485532841606463,4.033958,33.5477,1.0825931014118098,-0.054867204932627464,32.810707,-39.359135
1688724,0.4050782325992009,0.056617734664853855,0.12957631130234168,-1.92492681064671,0.40369423893445794,0.0534392749437188,0.13168719617049576,0.5613735479486979,8401,123,-3.3841710174166515,2.92744333718498,-15.711526,-2.5977764,-0.7594295823563032,-0.4929503665641934,12.039933,14.317754
1688989,0.343096461441997,0.112924151525152,0.019960724713120808,-0.46587466708634684,0.34865488900476616,0.11110274766004935,0.13046187237671353,0.030732054532566874,8402,187,-5.885144896476669,0.8732875848733309,-26.005274,25.99717,-0.864209019156358,0.5593243757477809,46.2442,22.241219
1689132,0.37888062599459993,0.1988299696352631,0.23868053731441355,-2.5402769243415655,0.3757875277636528,0.20277139336529867,0.23708031804108112,0.5614361939057991,8403,129,-8.062743997577563,-0.6757637138615599,-50.96968,21.765059,-0.822242934594413,0.860369987794251,-4.1594095,20.001337
1689243,0.30849212419595795,-0.1878315236142563,0.15353914620367184,-0.45086613791236513,0.3107892859544145,-0.18249342838924218,0.1520413148262494,0.5614905841624324,8404,39,6.104030711180584,-1.1467876240210861,57.012127,26.433264,2.2306045888432124,0.6327379175991903,-2.224677,-55.10668
1689528,0.41877902613732465,0.0439439331080452,0.08294593484432962,0.8659183806940605,0.4168426097964844,0.045484520270193625,0.08089601570406085,0.5617639733685168,8405,123,-2.265383666610126,1.7142514405374296,-10.322716,-22.07186,-1.678755076177219,0.09294381937894207,20.8958,13.539415
1689668,0.46916875251691714,-0.2991355966686948,0.05302753608622435,0.5551683379237637,0.46953762651152237,-0.2993865439352488,0.05021091419716972,0.5618117009962341,8406,62,9.636019676416081,-3.6423100898886527,63.523495,-8.461461,0.2185356699836491,-1.268982667991706,-43.61407,-9.3707285
1689728,0.46612899512390105,-0.29758557702696775,0.08414743632724277,0.15148371767725285,0.46522727760592086,-0.2926111960311686,0.08082069633740788,0.5619229602292124,8406,122,9.395998634528276,-3.122186357170163,61.619785,-8.459337,0.24720599701032941,-1.2303664108621573,-43.448547,-9.339729
1690285,0.5133983671086233,0.0960302601322231,0.01996072471289654,2.2532623644577536,0.514271020270965,0.09944486141976218,0.044694625917446884,0.050399620552454734,8409,76,-2.316063476672947,-1.434834849547284,-30.036774,-36.512432,-0.7268843880339856,-1.3794811804125104,19.985939,59.90379
1691223,0.4559708560088445,0.06882008243455705,0.01996072471311449,-2.017283045475149,0.4582549401463836,0.056460449246408737,0.14490825370729915,0.018309365454462854,8414,9,-3.392387500608921,2.9039494432401867,-14.35855,2.077044,-0.6452131968162867,-0.22830847256381026,26.833435,20.323944
1691371,0.46974730841495216,0.09332966486274819,0.020221505582230508,-2.0926095076809386,0.46888120351747264,0.09170089397750357,0.018812378079626768,0.5614580128703245,8414,157,-3.0464055438210402,-0.979305943063373,-27.483335,-37.081654,-0.9302454194131461,-1.2999402933089497,12.569707,45.28767
1692234,0.3086354878702081,0.05327055523717596,0.01996072471312081,1.0030759485460954,0.3154079153674081,0.05475345984762397,0.13175834308779796,0.08996397684340984,8419,15,-4.035641587863194,2.3527219378097053,-12.767136,22.701025,4.423508638299078,-1.4510358189070356,43.669052,3.966645
1692585,0.328567954287004,0.15713749605997784,0.01996072471258743,1.1893815292358536,0.3122362020967939,0.15183878049165705,0.09463921149872492,0.030114888890107036,8420,165,-6.5738568174511585,-1.1329441919844458,-35.031666,-4.818894,0.6961493416999918,-0.6830580901493195,8.317227,25.025236
1692773,0.3728463241769852,-0.03413016743127517,0.03855421315109132,-1.2608965139198136,0.37301436039017905,-0.034278436669521295,0.04015469383955039,0.5614686865167734,8421,152,0.9043464288823033,0.5901069634839043,4.7363424,-16.975666,-1.7089722983371283,0.7377586083835195,22.160265,-20.034784
1692986,0.33264989395844236,-0.11908612533900768,0.019960724713119927,-0.2391071140810788,0.3210652276089429,-0.11218978291952753,0.07257973210236526,0.06964500821935643,8422,164,5.03205769402256,-1.651641400219626,24.541256,-9.263426,-1.5145664563403556,-3.092840212151885,18.4385,-48.30295
1693728,0.4847684521371482,0.08416123383894081,0.019960724713120808,1.9514501214741073,0.49447014335920725,0.08199107473616511,0.12378444255913176,0.030609354495426764,8426,102,-3.3736840156794345,0.9623054190572616,-21.03929,-32.851578,-0.42029794619342775,1.5475494087022355,24.255602,58.993137
1693779,0.4889371646260839,0.09103480405530918,0.03567915885416433,1.5777995179023123,0.484810689022613,0.09097008351653413,0.03448041990670617,0.5619183854485812,8426,153,-2.7481812162614316,-1.0237908243417868,-28.06985,-37.107162,-0.5401500547226485,1.0985436278025897,22.420578,63.17432
1693955,0.3217688735447248,-0.06830666109733201,0.21933362608884066,1.5698385390043184,0.32166188958917397,-0.061005452884671504,0.2183252301406479,0.5615030408449121,8427,128,1.5737279721556487,2.543169980758651,10.749758,20.860645,1.4284553438614533,-0.9318917226653205,24.673935,-41.52723
1694690,0.42336754591808434,0.14917128668012145,0.12730016784347545,0.40078731034425846,0.43040979504568666,0.1520859276792647,0.12494165756548159,0.5618041194851453,8431,59,-6.448861956831474,-0.7788550731014924,-28.353746,-3.4851134,-0.795427120448776,0.6435599790444921,-0.2213718,38.825474
1694893,0.5364584052666356,-0.07191663109325033,0.0729049570706919,-0.8899650687344,0.5378490960307242,-0.07110393029057487,0.07241735475022715,0.5614608468265676,8432,61,5.424516564974281,-0.3559517278719144,11.431956,-38.44051,0.0009177732241831965,-0.33344960168512916,3.6066864,-2.41402
1694909,0.5373759563054114,-0.07017361464786623,0.01996072471299273,-0.8997090326296279,0.530585734924585,-0.0706957725957928,0.04952665521303193,0.10845612908020173,8432,77,5.591602886742259,-0.5435401147418106,11.293778,-40.296276,0.2673510130957066,-0.880650015556691,-5.604037,0.8155259
1696937,0.42790169160227665,0.07577610976508033,0.0199607247131208,-1.6597852882263346,0.4006771562954692,0.01815382787274519,0.22235673305115006,0.03478884983593647,8442,95,-3.2191951586521914,5.400027879346002,-10.792595,33.66759,-0.27292564566326893,-0.10313675506118478,33.286907,10.584031
1697486,0.33278770052507073,0.09265487358792303,0.15333620659372274,-1.7821853771825535,0.32271522302836564,0.09531437428125028,0.15394455148821984,0.5618847937139074,8445,41,-5.363002280169778,1.598350069566131,-39.58219,29.138628,-1.2959347217999933,1.0172141345844092,39.15935,22.576319
1697754,0.3489011511607553,-0.12637356308842562,0.01996072471312081,-2.3502817392601796,0.3542440448218477,-0.13061530645091146,0.06889583738427107,0.023182741240426786,8446,108,5.949569842467704,-1.9130307306021859,24.819754,-10.7850485,-4.68635259821438,-2.9074177818324394,14.932339,-47.296783
1698325,0.4643936995012263,0.2606643942893515,0.01996072448686941,-0.04589093415015989,0.456727053111807,0.26753081495203807,0.043657974820475426,0.07381918430366652,8449,76,-8.634899071586064,-5.1739083319790815,-63.097595,-10.7682495,0.20167082870633735,-0.045092898038799574,-40.268883,24.957075
1698616,0.43455042042280034,0.17734552336523138,0.01996072471305582,-0.02157251820619763,0.43434852030735027,0.17112871639390234,0.06703868818508923,0.03775221328208798,8450,166,-6.647452844189855,-2.6975856193184877,-39.883907,-21.577662,2.4120768967962642,-0.11345531113399862,-4.3152275,49.503372
1699102,0.4273383661437227,-0.28473233571294054,0.3058374168204655,-1.3010012922954077,0.42509110940475353,-0.2755014831318607,0.3053551615698692,0.5616017433125181,8453,49,6.800138061777275,-0.6086880579817706,52.78223,21.225737,-0.15779325798914995,-0.9965584360229313,-13.794869,-38.057114
1699112,0.39242577077768004,-0.2728477508391163,0.09849477486320907,-1.4977719157393579,0.39216054143161605,-0.2676236173187211,0.09738879651617485,0.5614350214995131,8453,59,9.212963981175205,-2.5793945874213686,66.17029,13.495836,-1.4571079891062795,-0.6374921408443177,-20.964512,-45.758278
1699601,0.3964789849519299,0.2691110654788265,0.09111168757302805,-1.8003362374629448,0.39537789963853487,0.26381644642345103,0.08986062083589785,0.5614466487159032,8455,146,-8.982075541509017,-3.64002478041082,-60.537586,5.3765235,1.1347115013993463,1.4714741987260231,-16.82931,23.7813
1702385,0.3568914358592537,0.15873312714155027,0.020500941311092712,1.53926979928687,0.3568373548320792,0.15695119128228696,0.018794523658545254,0.5617439791408966,8469,116,-6.326455725498834,-2.960215891322653,-33.105427,-13.10174,-0.24237012893864535,0.4455237862790118,3.9931417,27.15843
1702431,0.3609915618105869,0.17246648425485483,0.019960724546995882,2.265642933484734,0.3543820828496605,0.1659429935614572,0.05263424530532024,0.05157721332312714,8469,162,-6.836928738127771,-2.723857954642709,-35.44169,-12.402316,0.007813732174353508,0.45071071975740223,-1.4310483,29.627169
1702763,0.3442657365418398,0.14216144207548612,0.019960724713120846,-2.0985035298621746,0.3232793502759783,0.09752434001239393,0.22184511976200808,0.050166789087512514,8471,92,-5.771790472773856,2.5025564064746644,-22.050518,26.224949,-0.8577583624177196,0.25613385136117567,6.414834,28.159725
1702819,0.36330478763219437,0.14795876736403682,0.10524316229770654,-1.5845660403914619,0.35353847617045714,0.14806577819825123,0.10572555423143087,0.5619707450285346,8471,148,-6.617260002691455,-0.9923596698807514,-34.45906,-5.068908,-2.0412639239567687,0.6053213868983142,9.78295,29.17229
1703144,0.3244060042929927,-0.1135259038265892,0.019960186472493886,0.010141462988496589,0.3253307882494204,-0.11501805872716163,0.0195932192753506,0.4397648722201215,8473,71,4.82143443861467,-2.548289191682812,26.686317,-11.878122,1.4032590366237645,-1.258334495242468,26.125395,-53.40718
1704396,0.2973954748535756,0.022530219223045975,0.03937314777045399,-0.64684206335097,0.29609194666086003,0.020731508655906762,0.04060805648712834,0.5623896216901327,8479,117,-1.7238909077566908,0.5630396523113407,-3.070749,-13.696633,0.10089909879996099,-0.3495813339118903,44.66928,-15.145598
1704864,0.38383116981532944,-0.125131151145493,0.019960724713120822,-0.8822727008779793,0.3807228249826872,-0.13449794110939198,0.14866470057704018,0.05482101972135146,8481,183,5.266199191627914,0.7427934576950088,34.69428,17.541592,-4.656036377164961,-2.7262375039849536,11.451619,-43.357483
1707203,0.4416134972182889,0.2161774772001942,0.019960724713120787,-2.895501403980209,0.4420808534291519,0.21866515087056146,0.030514027850719022,0.01843523143567732,8493,110,-7.993380186110097,-4.727316862425309,-46.787407,-24.28799,-2.234849547445179,-2.1929380640993297,-25.931622,42.262814
1707716,0.33693586170131457,0.040970382417978964,0.01996072471312081,-1.6356105702890738,0.3451275275566957,0.043556170323063186,0.05969033918649727,0.05832598944686432,8496,20,-3.0485729178104766,0.9573504004583141,-12.015603,-14.78627,2.6026908471850554,-2.468112638043676,49.77688,5.4145722
1708190,0.5108234177771529,0.2257983414095223,0.019960724713120815,2.547804101622453,0.47899574553145136,0.1704653028696427,0.17828689569335043,0.015816253834650552,8498,92,-6.758443850264921,-0.04612128907031138,-31.004477,9.571633,-0.6441556480581415,0.8596920391328674,-18.989029,55.955418
1710047,0.5128106217157086,0.29470213471141554,0.18244858643759237,2.724400868956682,0.5113747992585246,0.29063207232788774,0.17993748163119697,0.561782092126912,8507,140,-7.5499328352341974,-2.7953509637510434,-51.004894,7.0797267,0.1539346671693429,-1.5344054197198325,-49.87274,18.708706
1710178,0.39036967051401555,-0.01684761438008091,0.019859358772147454,0.7829401815981004,0.38931935770688914,-0.014269290770338002,0.022838163388426036,0.44112049373398493,8508,70,0.10070775972828946,0.565516305806839,1.1677006,-20.317904,-1.4252565144055067,1.312463377825389,32.115025,-14.434678
1710725,0.5315155263437801,0.1106303958804289,0.01996072471312081,1.4484923901095519,0.5342430257520031,0.1080825448311422,0.13017025552722755,0.03351827868940605,8511,14,-3.616413313783562,-0.09398522790667152,-23.404522,-33.907986,-0.17671857324621343,-0.2560643096996557,17.943474,57.90457
1710860,0.475987498646682,0.07791841042657074,0.08575098957005879,1.02908993438854,0.47040001008169163,0.0814662207896811,0.08391041540228408,0.5615015191853151,8511,149,-3.09692793108991,0.2341689876291967,-18.801666,-29.39061,-0.8384745875707419,2.033776886884005,24.017065,18.308226
1711261,0.3984475329718861,-0.028356666299862266,0.11519050183066301,1.1827348384595269,0.3994522358004615,-0.02624733312983968,0.11581665493070603,0.5617336443709035,8513,148,0.45728446575822634,2.8228658607390438,1.2075791,-3.2141447,-1.5823637090566234,0.6028851514152416,22.744421,-16.754427
1711707,0.40640030473920324,-0.01772944376801288,0.019960724713120822,2.604708219815884,0.4107439932029464,-0.02042904509078465,0.13407534943115285,0.03908653809035574,8515,192,0.04240866329237,3.6306121092428674,-0.04484337,-0.49932063,-0.9448316603564916,0.3403685140727397,33.71205,-20.37151
1712269,0.5347008693145838,-0.14908055808826343,0.035814902090657776,2.66482851748964,0.5313623474596734,-0.14734038810753713,0.03332994621113611,0.561960220817465,8518,151,7.462834329242981,-1.985537697254237,39.29886,-28.720783,-1.1284025667563204,3.5255231487070957,-22.847376,-9.961556
1713931,0.36841138966255066,-0.14609889672497323,0.01996072074929776,-1.4950144473835967,0.41872526534550536,-0.029487291391935032,0.2650085566061574,0.01694249648818079,8527,4,0.722896984702635,5.6038568431674936,6.149432,34.91597,-3.4252095894096275,-1.1401953897864372,11.25549,-45.87843
1714122,0.40007338885071303,-0.028421757788136052,0.019960724713120784,-1.7270049430035106,0.4038703696510872,-0.03143143342566815,0.05101674655813804,0.026196817535986856,8527,195,1.1880866631884082,0.9994191213427891,3.5668468,-21.005514,-1.454955843766374,0.0880284306663926,31.332012,-21.30007
1716219,0.39651328601821534,-0.2984245449071134,0.019960724713120603,1.6401174140995889,0.39554087031577445,-0.2923185354888698,0.12629091444768714,0.07615356699027781,8538,81,8.598632018529152,-2.107049687065096,66.446045,16.117886,0.11955426362501491,0.15698205757617098,-20.504553,-55.477154
1716436,0.5176599058348601,0.06629780542464654,0.019960724713120798,-0.24131314799308884,0.5096903697593425,0.044369176329611966,0.16268706901130034,0.033825220026872764,8539,97,-2.31889336371258,2.682266930292671,-13.827334,6.773774,-0.5656854297163746,5.729972430371885,29.99506,51.323326
1716522,0.5190489602379301,0.06432589984745131,0.0199607247131208,-0.2269132379992557,0.519579372986805,0.07591861596062528,0.1772305547642933,0.03834973543637582,8539,183,-3.337161322696068,2.140985842258091,-16.018127,7.785965,-0.5011193905901015,5.470902865083973,29.75018,51.272865
1718035,0.3601054838622518,-0.23778246232289718,0.01996072471312079,0.47721673304515233,0.46471562191276533,-0.1053961106863617,0.17837705785597185,0.014111309297798191,8547,88,4.626849750653373,1.8987719000254955,29.800714,11.082793,1.6738720412410841,0.931085624338931,-17.35329,-64.18767
1718306,0.3346985969856518,-0.2732141803321793,0.01996030851155597,-1.4708855501507099,0.32959787468871615,-0.2670024652889915,0.019883664927670158,0.22397034569082097,8548,158,8.136375786595998,-3.5550239618299986,69.264595,3.8251736,0.9002157043102903,-0.2620064025075143,-10.841757,-51.892746
1718859,0.31237647742505825,-0.08146837150506363,0.01996072471312078,-0.5175791020086804,0.32605967594868934,-0.08787160141168128,0.06865258490968038,0.06920072088935209,8551,108,3.4739939266711213,-0.8875853905917263,18.057882,-13.227191,4.700624172145087,-2.104456762071228,33.64959,-45.741844
1719258,0.31549570334770505,-0.18553755487357873,0.019960724713120815,-2.0233225074536647,0.3200179272099064,-0.19553833394458597,0.10443756020542394,0.13028008758316412,8553,105,6.720471504865709,-2.2520833711247725,57.878654,13.064125,4.488537641439618,1.0014945374158366,7.370236,-62.8241
1719294,0.317011652231191,-0.20972777353451597,0.2136500543126261,-2.1722909272958635,0.31155927140799156,-0.2061731739214283,0.21552687373595145,0.5618826410072589,8553,141,5.45907739623355,-0.5115711147746484,54.893982,26.49555,2.8574585629438336,1.4084341790364365,-3.5602698,-56.337418
1719414,0.3310733542791894,0.07429164060650459,0.11013792315616426,1.0389029612507987,0.32580355992115223,0.07743767003268195,0.11016829300321107,0.5616319487033222,8554,60,-4.657858558167628,1.1396620040615728,-18.660631,-10.049396,-1.0161392788030021,0.5397961899806882,36.28011,22.438097
1720135,0.4917583605877415,0.04474085224847512,0.019960724713120815,-2.4048989173215984,0.3599988154654239,0.14564438112573372,0.20770286594686882,0.07031514650954568,8557,178,-6.382080612525084,1.811184001502903,-30.035467,18.620321,-0.03576348180254345,3.010055300980493,33.876457,48.213314
1720604,0.3726952714696981,-0.037868133806371565,0.2547735116966249,1.4979417092472167,0.367157813596828,-0.0375119077135174,0.2577622607303757,0.5615062147948764,8560,44,0.328716277817686,3.929013260046688,7.93217,19.109865,-2.2529458459513525,-0.269208230060419,18.30784,-23.233192
1720832,0.477747302152086,0.005343318642771232,0.019940535612445874,-1.1986259890225812,0.47698367765731137,0.006262546677377927,0.01987853757662189,0.4584874823533838,8561,71,0.8960725569895285,-0.04177091374850202,1.0987331,-37.32654,-1.1408774739214909,-0.43166587005363416,17.092823,0.22509302
1721306,0.37908788880965855,0.20753077164453002,0.158092454992877,-3.109932490317042,0.37934798415249765,0.2059352445576508,0.15983887686365955,0.5614919926246518,8563,143,-8.068140364039882,-1.4944856621533815,-50.73713,24.028954,0.24154219487239736,0.49332315247171266,-4.9951177,22.980724
1722590,0.5275665452221073,-0.2054438458540124,0.01996072471312081,1.2125004389255825,0.5296785990154259,-0.20779070290885418,0.04089110258970022,0.04192159886147377,8570,20,8.701845071112436,-2.9174704175047914,45.224724,-25.35349,0.42223694118888766,-1.6141267777662143,-33.441032,2.1050098
1723039,0.43063770240372123,0.11852217790759816,0.0266289802504578,3.0313894006295956,0.4203620802109723,0.11965164229019647,0.0220914793691801,0.5619965835684232,8572,67,-4.789503024755115,-1.5567255367175914,-27.148937,-20.180508,-0.6939526014125444,1.2334819633599148,1.7854999,37.803318
1724116,0.43228992447837034,-0.21531084784256363,0.22861549497160338,2.8515420559179474,0.43381761955878045,-0.2102286024661338,0.22639362369224775,0.5619457562189367,8577,139,6.79949819181838,-0.11642500157636518,48.788517,22.121058,-0.8309674497747634,-1.0561408304971711,-9.412823,-32.196056
1724254,0.3121789887425766,-0.18101230636469304,0.019960724690495573,-2.48763928696293,0.30861536863387046,-0.17449390998381212,0.03586978313408559,0.1008437677227798,8578,76,6.857495082687132,-3.5140053381230083,60.39185,6.4875693,3.5456638175330277,0.10607836841338947,8.990579,-62.876686
1724277,0.31217898874158223,-0.18101230636571636,0.019960724713120777,-2.48763928696293,0.31930610620295996,-0.17610013407747618,0.1721291650332316,0.026086876481415024,8578,99,5.45978528970473,-0.224478345643279,39.733032,24.504154,4.973072670529721,0.5565831977606184,7.7769003,-63.291927
1724379,0.30562259032559247,-0.23912112274652278,0.02,-2.5994142288381457,0.42495775314644624,-6.845088912163307e-05,0.2749593739263382,0.0,8579,0,0.1354690167035859,15.087333325443076,-3.393039,55.608128,5.894427228720789,-0.021336946464083226,-8.023511,-65.954216
1725947,0.47167854798899383,0.2696137424104261,0.01996070220120608,-3.041893417902287,0.4657155049949792,0.2692874157958429,0.02251904506583985,0.1343203417398658,8586,161,-8.472829252866882,-5.449578944437913,-63.75989,-11.808939,0.7637719543023637,-0.8088337261715033,-40.8054,24.165031
1726110,0.4686716363204949,-0.15687925101726616,0.11397523307469912,0.40419022005157523,0.4657943825287211,-0.15068096045839632,0.11160391471798259,0.5613415471369327,8587,123,7.427974879331753,-0.9411230856303611,35.802372,-3.0543704,-0.39387302559382564,0.5216419070417424,-19.864422,-4.319184
1726199,0.42074627650080043,0.01332446667627535,0.019960724713120794,-2.7860028581115266,0.424509461645216,0.006549510926230153,0.19891474789343938,0.060130174877656574,8588,11,-2.124000691459867,5.40521447954569,-9.140568,34.975292,-0.9929840941959834,-2.8048725870046876,30.534346,1.4228266
1727223,0.38930991838299506,0.27378706360322985,0.019495235021683665,0.3163082330365494,0.38970774183623874,0.2739214817818094,0.018996981423596515,0.5612735918238873,8593,30,-8.958487724046778,-4.91456983544586,-62.77762,-2.6107798,-0.11724078424391668,4.85358192650372,-24.400236,22.309166
1727389,0.38390978516806284,0.021924515688135936,0.01996072471312077,-1.8686143426529,0.3861026419794111,0.024848184675468336,0.022467733395163142,0.08766072470522694,8593,196,-1.8330250182479118,0.66413466263751,-4.5459194,-19.935463,1.6388849859973897,-0.32889302514355906,48.4419,-1.4078019
1727739,0.4596627156952376,0.25523254190439265,0.12937125234739014,-0.09841549095042995,0.45333228173255324,0.2560012750792204,0.12562469805669654,0.5619607299242014,8595,144,-8.837453388551339,-3.31479256039986,-47.584324,10.7204485,-2.3701477421642783,2.694985336080409,-19.88161,34.26813
1727866,0.4140043071485905,-0.1950380390838426,0.01994890713273777,-0.2408807507246331,0.41286890124732517,-0.19591312854016799,0.017498848735756523,0.4326702982580302,8596,70,8.944590639533105,-2.7630000872728098,48.215717,-10.399964,1.0637753859598216,-1.5272742323049815,-26.152529,-32.15654
1728031,0.3488089819425075,0.2652053728545201,0.08201392508056793,1.289660030711605,0.34508291109916633,0.26621080692172916,0.08355296854948308,0.5616727643601506,8597,34,-8.612613221319835,-3.4915235316797655,-62.83388,4.4773097,-0.5152515424791555,2.4312536426793354,-20.828238,20.150658
1728148,0.5009386225584664,0.29886486001609963,0.036063511733018555,1.0844307648999698,0.49787691921305505,0.30053982917982397,0.03568972188290176,0.5614820815424342,8597,151,-7.672892417280786,-5.319549479268878,-63.188297,-15.8661995,0.3839700728170816,-1.710804820062977,-49.467194,20.807133
1730723,0.3278489177727159,-0.2470484120477351,0.019960724713120825,-2.763440047171026,0.32722805916200004,-0.2469037060647572,0.021832470214505517,0.204074708841267,8610,113,8.209059974307518,-3.537887477184758,68.01895,4.3994884,2.3056868494182945,2.7028333201350856,-8.560365,-62.99936
1730975,0.5046166433662699,-0.051861411788492864,0.01996072471302734,2.2786443828855627,0.4972975192014252,-0.04759919459758847,0.07035048580335734,0.016347955849028064,8611,164,4.356419699430439,0.3051237765459807,9.730961,-36.071526,0.9341572390937446,-0.04191659405791244,8.65911,-7.8287964
1731190,0.38505771840508085,0.10443654074387686,0.019960724713120832,1.6051891433679122,0.5057276113758319,0.23416603286608853,0.31073785475858384,0.03766535109809463,8612,178,-7.653303581371017,-1.1033236135705078,-48.000748,8.242497,0.23656489034213002,-1.996590237069714,10.148971,19.423388
1731547,0.46572440372182483,0.03272902501091122,0.260549478187955,2.6286719836604924,0.4644915315192615,0.030888325424013433,0.256202702864914,0.5616371845422589,8614,133,-2.507180117630444,4.342264450061192,-2.1670072,13.877228,-1.0083458396685958,-0.4729358822533905,6.3212643,9.983522
1732429,0.42132012905375343,-0.18469427247882741,0.019960724713120388,-2.8530877198187445,0.42897956630419354,-0.15601831131546443,0.1564562103276806,0.028338293519969894,8619,10,6.163221269258058,0.5754075907623694,34.634796,14.765295,0.8617843802754203,-2.334250022859531,-23.300299,-29.95973
1732492,0.30093872386222725,0.1116008711101401,0.01995727972741314,-2.8123098231347172,0.30004722419254126,0.11049667806580439,0.02078851909227805,0.26029951282540903,8619,73,-4.922259401380074,-1.6572466021432017,-25.582209,-13.619207,1.067232561770201,0.5685792463087262,16.770576,22.281939
1732572,0.31096533474853094,0.11275855834883766,0.029056850972948373,-2.81736518847437,0.3084434036178789,0.11178645163339,0.032176467842323586,0.5615492111865591,8619,153,-5.083899012034963,-1.5928811445746502,-26.129465,-13.566808,0.12361695622596201,0.873648655423687,16.92369,22.293682
1733125,0.3535322831866122,0.22916809876101157,0.019960724713120777,1.5211748128859022,0.3580137033007642,0.23168341798623493,0.08346312686149285,0.010690887568590584,8622,103,-8.495331439288428,-3.246781159125347,-43.2208,-2.483101,-1.7991740365264792,-1.0466456015315297,-13.288051,14.45084
1733488,0.4028194262022381,-0.14666844817732613,0.05637774031260403,0.06409639964716764,0.402788876390195,-0.14248613183207423,0.05971524056435498,0.5613508476483209,8624,64,7.150865623737464,-1.9167598223297966,30.755224,-16.439854,-0.35596210085980373,-0.08103053975575117,7.5645876,-37.437862
1734111,0.30570224459789647,0.07253607330827638,0.019960724695265435,1.9292500023221115,0.29672394350642534,0.08145082997506174,0.18335141326471274,0.03514612038174945,8627,84,-4.972934410631741,2.571266395567184,-22.555193,27.318905,4.201409164451528,-1.3187101586843102,42.301792,3.5073984
1734122,0.3057022445816435,0.07253607330216569,0.019960724713120825,1.9292500023221115,0.3083297571606458,0.0734386941510297,0.17249639546730436,0.0672267219785689,8627,95,-4.758781460992146,2.5501135950651532,-22.579163,27.571138,4.176516255667936,-1.3530100368750158,42.29153,3.476601
1735118,0.4577532491351032,0.000617138046422125,0.019960724713120815,2.411735260636589,0.3465231904593267,0.07709099013312203,0.21819330590450828,0.018467695015135194,8632,86,-4.635107171725292,4.107622308131979,-18.882042,26.727087,-1.7506667528266748,-1.1484632698898811,24.50722,0.037951607
1735885,0.4883688556880652,0.21361818580181202,0.28493938141865965,2.7529366293449646,0.4857401686011961,0.20824820166807337,0.2886365778659934,0.5618055907197211,8636,49,-7.573459779164661,-0.9074986123125163,-47.278248,17.726019,-0.2609555314347848,-0.34889902691671115,-14.931838,43.069153
1736762,0.3734906619741396,0.1544677439514019,0.07987442974085318,-2.2860323050513753,0.36845670360101507,0.1488394454825244,0.07868272514629146,0.5602886888018863,8640,122,-6.5760866805980775,-1.6859476898424806,-33.22636,-6.4227467,-0.8844703380231911,0.6106705361184818,3.3727176,27.76918
1738740,0.34133310707913345,-0.2152456698605124,0.019960724713120798,-0.931608416444047,0.44112725648269874,-0.22558631402666218,0.20200043242615387,0.014097700624627483,8650,90,7.422766647540744,-0.4025851561149214,43.134964,12.27506,3.8318539137469276,0.6374428949882434,1.8820099,-63.565132
1738935,0.39366593366956565,0.2050922817464373,0.019960724713120808,1.9157876405625285,0.38146635043281957,0.1683992913843888,0.16467395043111185,0.004440904700411411,8651,84,-7.375388068455289,-0.08474162582837289,-33.016083,17.26752,0.03570557691928743,-0.9060278054563656,-9.140189,31.109386
1740981,0.366676618434487,0.19616319080440067,0.03290640547022346,0.003335093730147928,0.36661000623404255,0.19517219497565785,0.031093998518597232,0.5618673007602731,8661,120,-7.452375866061767,-3.8134632718589474,-42.220356,-10.70807,1.2136722534593114,0.8283472373692801,-4.9079466,24.452019
1741094,0.4053180718195686,0.07360524041523929,0.04989987634824951,2.0714701928599113,0.4047068188317669,0.07338886130980286,0.04757226299640621,0.561838264999903,8662,32,-3.4840629730156905,0.33028892206181626,-16.472094,-23.354456,-0.15219019268017925,1.4137036638151175,30.751076,16.89231
1742620,0.5101692905652874,0.17445875975601202,0.06285849551874736,2.7786691213333774,0.5094657224535236,0.172199715657043,0.05952004086983162,0.5614628946962708,8669,151,-5.664835810193292,-3.0819118280486917,-41.00154,-29.358652,1.6622304999967812,1.627965148772652,4.319961,53.865078
1743668,0.3669050732433601,0.08437656234574785,0.01996072471312079,2.379793603847304,0.3802646951895816,0.0813782437930061,0.09572534580194647,0.11285114100532394,8674,194,-4.680565662661698,1.1033797213083463,-18.95755,-6.3129964,-0.13863431598687584,-3.420359331994928,44.698624,16.94457
1743880,0.3472479444976643,-0.010202650964069677,0.01996072074929776,2.9805688844545437,0.4094125103568863,-0.003656033061243164,0.24209638530443928,0.11013241306123839,8676,4,-1.6031839362251303,5.786579957517594,0.5273901,33.642735,0.8838594753091067,0.6029525277147934,48.820957,-10.811274
1744092,0.4381846884154671,-0.1831393522544629,0.01996072471312081,2.4374228666108637,0.44164018192823695,-0.17764415575600986,0.09699052546665096,0.04501180979709609,8677,15,8.028997808671665,-1.4464502170022815,38.488754,-5.8012323,0.8663985649747932,-2.021752962087895,-23.518555,-26.983969
1744181,0.4260611930990748,-0.10300808569195559,0.01996072471312081,2.8378957056152916,0.4295564935981041,-0.10415821486660817,0.12699383610840642,0.07020895881298099,8677,104,4.9791228662850795,0.9401009104023067,24.097776,-1.1853356,1.1228052866174125,0.1286990304391677,13.404365,-33.596973
1745893,0.5020191452346136,0.0451068400130436,0.019960724711801964,0.7476615620976791,0.4871374091141456,0.024662142004742312,0.19233146116642566,0.026958871063364448,8686,7,-2.2798456324509213,4.243006581876523,-12.086329,7.7962217,0.2334841253424348,4.43032596209344,32.618618,49.316643
1746452,0.3909752074637035,-0.12152262444339577,0.019960724702547467,0.7205627893952985,0.3810006839936105,-0.1107508182054986,0.059914738447396754,0.032083488844086364,8688,164,6.19585835167681,-1.4491518140786588,25.21548,-17.44554,-3.8313434409897944,-3.064055588838411,12.163006,-41.232147
1747012,0.5304930260012232,0.05677117284199128,0.09334569254951457,-1.8612642040002692,0.5207526021304285,0.05956525974666678,0.08927474166817514,0.5614943449038476,8691,121,-1.0628000985175166,-0.23552275675152862,-17.544334,-36.377712,-0.8504445177791747,3.5349599016446147,25.796505,45.808865
1748185,0.41726453685672726,-0.13475747844528888,0.01996072471312083,0.1571817382845296,0.36494805228802274,0.02812588250776755,0.20968562233009444,0.03256649554733358,8697,88,-1.1557587823009392,5.171949355813377,-1.2813157,32.03909,0.05007416366664867,-0.844676866552824,8.880353,-40.170345
1748787,0.39000889769662195,0.2784282349489705,0.019960724713120822,0.9927668201881227,0.3873645264661664,0.2150772338507013,0.229165431051261,0.08788413634488278,8700,87,-8.451795211123978,-0.5874815060410277,-36.36521,16.702381,0.029188131121499775,3.061409280930727,-28.500422,22.46344
1748877,0.39873142873775,0.28478412561906724,0.019960724713120798,0.9641699099545614,0.48645847659934477,0.172406658738221,0.21859457364036355,0.06905855091004967,8700,177,-6.974959797716841,0.10797088623703549,-32.08943,10.9270315,0.5549020968441502,2.4526968904336313,-29.213985,22.269014
1749005,0.4943411813579059,0.21981220287651781,0.019960724713120832,2.915176242140435,0.5002554176659383,0.21893733408067997,0.09434423898383326,0.030551367760976774,8701,104,-7.661384676599444,-3.625987866817725,-51.83167,-19.66676,-0.5026597952201503,1.171464774749598,-18.666962,57.031506
1749051,0.5063214924970306,0.2213184645039118,0.08127064355192327,2.943049668905115,0.5002425617273132,0.22254221209882113,0.07862568087438865,0.561786366280551,8701,150,-7.609908082311781,-4.177530108308153,-51.89966,-20.492277,-1.4704732646052412,1.7291096659971712,-20.425491,53.61431
1749233,0.36940798852136947,-0.22453334965706295,0.24548621479520016,1.0688549906612081,0.3680546357473858,-0.22617653096192736,0.24532074332796452,0.5614219126809773,8702,131,6.589600300768858,-0.5019741843076171,53.410683,23.658575,-0.22985919238708946,-0.10224251926138554,-15.596503,-44.668903
1749675,0.4459240394112891,-0.2882576454971056,0.019960724713120815,1.6019065721227366,0.35017543232762954,-0.17687227393480015,0.2141148615701769,0.023715913931498123,8704,171,5.8341356861511535,0.700699267525593,37.535557,22.1376,0.0079108521607852,0.034491091832001795,-36.402237,-22.490963
1749993,0.45583695772928634,0.13883306736883044,0.019960724713120777,2.1869436126464077,0.41839727894442047,0.13751077325477598,0.21383789064713418,0.04837047816736181,8706,87,-6.370213146874146,1.6434305555589548,-27.65124,17.391802,1.9613035790100013,0.5402624203698356,3.3429534,46.63074
1752090,0.5469353070382287,0.29280428102056877,0.01996072471312079,2.30402031048449,0.5347023218633637,0.18559310693918044,0.19591864859768088,0.0357263120637318,8716,174,-6.342588393765998,-0.689904002922081,-33.66005,7.861338,0.7257385143718786,-1.1399101798570042,-56.68212,23.265188
1752488,0.46956894283369743,0.18544811137044925,0.01996072471312084,-2.670806013700444,0.4527879177350857,0.13950763288284598,0.16138138584899425,0.018945445393224996,8718,170,-6.0288657865687645,0.7134924090327505,-28.366493,10.633842,4.303198474492312,0.7860440324721916,-6.173931,52.721367
1752910,0.5381142547147748,0.20855268344341793,0.019960724713120832,3.111677483512257,0.5366854761858931,0.20699726992970396,0.08058641719041193,0.024385625655707347,8720,190,-6.329901480460438,-3.6788580073964487,-52.1362,-21.69478,-3.0128838766768133,-0.6489701182297555,-55.47718,31.465038
1753104,0.42337235954225316,0.2030771285941254,0.019960724713120798,1.7125780733191338,0.42729662755360265,0.17389654097586232,0.18282256867858196,0.04712640667715791,8721,183,-7.383998889418561,-0.07269767318206248,-32.30304,15.641179,-0.9260865158489279,-2.2646030137745896,-23.66201,45.276096
1753539,0.41375927563035536,0.009555030456640209,0.01996072471312081,2.335450793250814,0.41943940512930233,0.0054352011682756605,0.08501651540793129,0.038866894151703045,8724,15,-0.7389595437338534,2.0191428094821,-3.2954323,-22.311892,-0.4123666762313833,-1.3005173446941671,31.159756,0.052083537
1754071,0.4963762580096643,-0.04818454325273339,0.13570926555385457,-2.162286776218337,0.49420103925425396,-0.051846982611045894,0.1329437134925854,0.5614104388240446,8726,145,3.1336696860539273,1.8397023064589417,6.798339,-28.19925,0.15169448952413728,0.7822575886212463,9.866977,-7.848944
1754509,0.3507514108120096,-0.19962225437473607,0.019960724713120798,0.3095137931408238,0.3837857244314165,-0.13884624226799558,0.20657019134135216,0.029568427104186723,8728,181,4.963894799773059,1.650102403078268,34.10514,22.885706,2.046974760629683,1.1962679755526446,4.2327676,-60.672935
1756495,0.375504692554448,-0.1652616938621165,0.02311863236437189,-3.0054262129123126,0.3759434396910481,-0.16704673335840817,0.02414994768757009,0.5613533781625328,8738,157,7.716105465913844,-2.816117766082267,33.541824,-13.006755,-0.7430182258518111,0.028968861126504673,-1.742378,8.473382
1756884,0.33112412014757836,0.16208101045731355,0.20490730837535545,1.1481293753517021,0.32335478820248403,0.16568639113472916,0.20685690453123257,0.5619399914538101,8740,144,-6.983303577272769,0.18493476597235564,-47.860123,28.016714,0.12519850013374195,0.06568411332928431,15.654758,28.037704
1757461,0.37699773363319583,0.15238215689039303,0.030615915839741166,-0.46091466573455303,0.37524490324002824,0.15315796872226475,0.028656465612538234,0.5613782574942174,8743,118,-6.262253810259825,-2.7500068511128686,-33.851654,-14.220137,-1.500794564093205,0.47838353817837836,2.8740084,30.990688
1758142,0.47766495297545675,-0.21483311228124463,0.019960724713120784,-2.8836860662996053,0.4785556572955572,-0.21640359184696709,0.026653804402208825,0.07013828742612106,8746,196,9.757442744667133,-3.242452418871216,53.336033,-17.735374,-0.3744342340808986,-1.1925425218338424,-48.123104,-21.752499
1759196,0.32977767705034433,0.07112062175092783,0.20899079920728217,0.6323323288023515,0.32319112731207594,0.06729313856701262,0.20789135170460188,0.5612133198597358,8752,44,-4.4166633524343135,2.871994213134153,-7.1281323,21.716898,-0.01232954115643961,0.07031513963874236,37.736317,24.206636
1760811,0.5229144618522182,0.014231810599946052,0.23712519659892106,1.041429115492857,0.5133088086798633,0.02050564574826111,0.23655754391288492,0.561921226405985,8760,51,-1.5684342745187083,3.9174351198665653,-0.7670399,11.880292,-0.6364830667154922,0.8733743041106068,8.016895,8.572525
1760904,0.5449068775856183,-0.08829112465512022,0.15155450616307725,0.845153004641524,0.5389298663741532,-0.08278778704499921,0.14830488811391426,0.5618907992261035,8760,144,4.55285228902704,0.8592205467944612,28.112886,0.624057,-0.15572971056575552,0.2969159845016951,3.761044,-3.0639882
1761238,0.3770944531750463,-0.0850483032068682,0.019960724711003415,0.8847560077119019,0.3648477030936006,-0.08113919807608111,0.041032244444903276,0.07569154834213411,8762,76,4.407924079734329,-0.7530335877728432,18.116743,-17.707329,-3.337357548764418,-3.7467838187161524,22.974495,-35.69813
1761651,0.33950365732755655,-0.26719733103678994,0.019960724713120777,2.424031827465416,0.44422790152644,-0.21736237015598453,0.21207440018766557,0.08478798130877362,8764,87,7.2136582946840235,-0.15284805430130416,42.837902,12.144285,2.809724138018705,-0.15522235387780597,-12.378188,-66.12926
1763243,0.42467583723488783,-0.07146650752799064,0.019915051766153723,1.3489870431561113,0.42147203638644143,-0.07006170316225052,0.018362695369758736,0.514625762505281,8772,71,4.046986820212491,0.33712571937701685,22.782967,-24.295906,-1.2829975008694159,0.1465358973023033,13.959578,-29.305237
1763625,0.3629259969390659,0.1105920628721785,0.2649950706858319,2.2113503082914097,0.3569907206922488,0.11829945883653732,0.265309029988258,0.562151656938499,8774,51,-6.064340109773345,1.5442693248498567,-44.325058,27.91903,0.39422472201239994,-0.19624068357841362,-1.4187909,13.939718
1763868,0.4766053476778955,-0.1838168296874076,0.01996072471312077,-0.3380782287820403,0.45039927606192304,-0.11784538964595198,0.20400896781696917,0.056211780435841525,8775,93,4.8533653534618395,2.4585171952078344,30.49727,15.741188,-0.29121708911254296,0.4658693363497343,-26.616816,-23.730469
1764130,0.33075950067303195,0.12364718061211742,0.02645829667511343,2.421817640444279,0.32992732693282417,0.12437767408617849,0.029002163418685667,0.5616095069805793,8776,154,-5.550056298938029,-1.963953324720531,-27.896324,-13.409612,-1.2771841751501831,1.1356903055854586,12.841438,32.29483
1764307,0.5346432281412817,-0.011590818422948113,0.2243464780923607,0.9741913306559675,0.5274218865207608,-0.006984644292532694,0.22217006127116962,0.5614020353963464,8777,130,0.2507912232108739,3.437057257693011,1.7722806,10.68108,-0.6913117390900201,0.26614380662450887,4.029537,1.524528
1765109,0.3402703564522814,-0.03018114357666475,0.21270070552847692,0.31254558103378643,0.3331557222945562,-0.032313486211715,0.21225739607998356,0.5614349272816629,8781,128,0.2546581859515392,3.459889541010109,7.995002,20.835598,-1.4094947246967406,-0.1858980517938548,20.368116,-23.75711
1766664,0.3284338170123577,-0.22514259122094454,0.019960724606922556,-3.1087503040496682,0.33194892437390616,-0.22743331762724806,0.024072735787344812,0.11100537490577159,8789,75,8.520168520750135,-3.5176857230547736,66.60293,4.408062,2.1119577343718214,0.039831034562868683,-4.9776645,-63.616245
1768099,0.46812703518553783,0.1868334734050081,0.01996072471312078,1.2725650009425589,0.4706637862667467,0.18629341763162224,0.10145358991697945,0.03901776706395599,8796,103,-7.051174609172962,-2.4408851261107936,-45.654793,-19.639254,3.651471760285248,0.6362353779308787,-6.0422525,52.94227
1769081,0.47453519097087765,0.1505097875847325,0.01996072471312081,-1.7112677600598136,0.47321905844031675,0.16457191298969603,0.12152421439798267,0.07052883611223154,8801,80,-6.311973697984775,-1.2002040275609809,-45.919014,-18.357788,4.690685126960786,1.8738059887558625,-1.3099992,59.579075
1769847,0.35931116843637784,0.005934490263894829,0.22752051356633438,-1.9198416271510332,0.3545795308095678,0.008192034454254888,0.228440318571024,0.5618669407683798,8805,42,-1.8667204539419895,4.284790477368057,-0.4664165,21.019005,-1.1833735734239488,1.0023321211025817,36.402287,-10.682327
1771136,0.3939541224313463,0.10721400569649114,0.15449569659255993,-1.229787413004129,0.3930393041205113,0.10882856935796494,0.15365239094108718,0.5614452516205809,8811,125,-5.5013106320157545,1.3687348422736498,-21.134115,0.3934293,-0.5890977658170862,0.3650475368518825,8.521218,15.660302
1771302,0.39719784558869936,0.2665190345224768,0.019960724713120777,-1.4639198321103584,0.42098269488949025,0.2885585127121172,0.20523571470334337,0.01825759721738882,8812,90,-8.847305964868868,-2.0529503046965143,-56.1164,10.315581,-0.44853668267129465,3.3274600039144024,-28.621405,23.57789
1771648,0.38199133428585613,-0.24810679559879137,0.0821693410184001,2.097506134388696,0.37939751653248266,-0.2436959849342542,0.0801432981966812,0.5617462805052844,8814,34,9.363771425514257,-2.7854133495346307,66.39551,12.314965,-1.7134057548001387,-0.33516802921594296,-20.905191,-45.184475
1771898,0.5233404923039013,0.06584177668702233,0.019960724713120805,0.4070728222828115,0.5225093196987893,0.05658346897117157,0.16473556336299955,0.061568178130242616,8815,83,-2.3115245076195197,2.0570728137287095,-14.7826605,6.868826,-0.727278058842201,5.371913860613392,29.389765,51.255913
1772214,0.37054545998435756,-0.012552218996232954,0.019960724713120777,0.37055518058353876,0.3692841357116079,-0.014366579475497871,0.025576296002006033,0.1262757234629798,8816,198,-0.1779855736368543,0.5169621480033403,0.7236507,-18.73035,-1.3140562331830274,0.6053161509176046,39.365215,-14.633645
1772478,0.35467683883125845,-0.08213303130102376,0.09424858259133537,2.043970906288602,0.3580593116002565,-0.08840154269521033,0.09121828280806982,0.5613735817587925,8818,60,3.7885632419086095,0.058408026002167296,18.510828,-14.342434,0.1803471401898148,-1.6807119445114589,22.44798,-40.188686
1773615,0.3777890893480829,0.019325471044320863,0.019960724713120825,-2.8165163273755938,0.3827081029589757,0.02104202759262967,0.08738142114628111,0.04942084978246095,8823,192,-2.0892977491627547,2.339642374873737,-7.6152096,-11.983588,2.4591599318001944,-1.9706467800806002,49.328083,-0.8664468
1773785,0.42688237643360605,0.13556844512328303,0.019960720848794418,1.3252762383751149,0.4140363100096586,0.14152358446136312,0.037998600873345584,0.0697296025181304,8824,161,-5.683611853843518,-2.151928976572677,-35.493206,-21.140062,0.004684308895173711,-0.13116219493011422,-0.06270012,39.790592
1774181,0.45636990003176264,0.01964532533756729,0.019659459221556267,1.6510814863785699,0.45644303463445035,0.018398815943519345,0.019095962246485743,0.5606537008720178,8826,155,-0.17440255063043758,0.27769582647601365,-6.151781,-28.091133,-2.1848451935517246,-1.5650249121772235,21.159334,5.248159
1774336,0.35604530833785053,-0.2291163894037234,0.01996072471312083,0.1804951751521563,0.35898641074005455,-0.23260066570978127,0.027263506022820988,0.08136655749076982,8827,109,9.125405205111337,-3.393086338188531,65.61194,2.812081,0.31682104026055263,-0.6760203136594998,-16.344946,-64.98042
1774393,0.35894570216841354,-0.24630632571835534,0.019960724713120766,0.21952656890288733,0.3554751832050685,-0.23851071948589647,0.06294659134508013,0.020961084928343345,8827,166,9.225400893403714,-3.168279120622546,66.290016,10.283248,0.1119456563347986,0.37516733431665356,-17.518248,-63.480892
1774767,0.3274309495427397,0.3085358290330051,0.2685687014979943,1.8894019109733091,0.31962152472652783,0.3060566235189081,0.2675378484158659,0.5619049953154938,8829,138,-7.642810686803971,-1.7000634911929153,-58.14577,16.213568,-0.03751468752847428,0.45201000633598676,-20.284742,14.815232
1775006,0.4289110510271427,0.19532643265892835,0.019960724713120808,-2.841943802991746,0.34546922041390693,0.06905784061974474,0.2599911668747127,0.07944156970512449,8830,176,-5.3370585591638715,3.8314737746443583,-19.444405,26.5905,0.07799944082874379,-1.360884476952007,-22.250559,45.682255
1775314,0.43134974750909216,-0.25394960680533807,0.0199607247131208,0.8442635294430936,0.4168693280611719,-0.24810578722088353,0.15534197441899109,0.06582892374165372,8832,82,8.388290622883202,-1.2823687027049169,46.96282,12.1689825,-0.9431096764293178,1.7209011744623686,-29.927513,-44.500546
1780086,0.4942400727682155,-0.1396458821051773,0.027833283858301167,2.436227500828085,0.49173794278103333,-0.14236719542411802,0.0248038390831109,0.5616614489053074,8856,30,7.9315322898557294,-1.8722069885427461,38.234966,-27.279476,-1.2724529705347134,2.7223381439620358,-16.373898,-14.417971
1780276,0.31556130066778604,0.08237960588987488,0.01996072471312081,1.3324640461431196,0.3250094879950134,0.08328734916469131,0.05937128532478303,0.05445430092557666,8857,19,-4.566791292531999,-0.173404650224834,-18.941277,-13.03917,1.5975498199179647,-1.5105666921527465,40.35427,2.98914
1780551,0.3380723846691466,-0.18526471724795734,0.019960724713120798,-0.5023536600578026,0.2985958402065195,-0.08544350291986819,0.24781136288235042,0.042949361517494775,8858,93,2.4541301448059754,2.294706772958744,33.071144,26.685484,2.0977232694085255,1.6140563591346755,6.049689,-60.73981
1781179,0.4359187758630619,0.26931517649256603,0.025829654197737275,-2.9172244220556642,0.43533077659216113,0.2714365834791131,0.022578390225645506,0.5615464195587426,8861,118,-8.810192447375124,-5.32101865990419,-63.95501,-7.294145,-0.8397345809087884,2.220728068048134,-36.162903,25.276354
1782679,0.3542446312896054,-0.11043654680560513,0.019960724713120385,0.8276080944873176,0.3617989434361272,-0.1039210583102053,0.15799247378214293,0.02959109612355488,8869,10,3.7613079754467176,1.6586507060970677,17.816568,-1.1356627,-3.719025385497758,-3.7402458088909922,16.471521,-47.43671
1783941,0.34963921148723676,-0.29337319137573015,0.03947993868279338,-0.6168770094759248,0.3472129622387253,-0.2916457880362529,0.038465799045607346,0.5617706822364125,8875,66,8.2600347117847,-3.4460193261790075,69.86697,2.7964737,-0.6999917783120606,0.8342843155976564,-16.819109,-52.95702
1784151,0.3627921062412552,0.23987022624049723,0.019960724686155604,-0.9447210058756412,0.3588315842533539,0.23542511086269188,0.021571210091582887,0.1867783081841186,8876,75,-8.357702845217812,-4.531650009910739,-48.481945,-5.728108,-1.9597738988562263,0.05098474362280426,-12.914326,16.179897
1785269,0.4405816706607746,0.21758158673248096,0.019960724713120832,0.17609104723527477,0.4428528575580843,0.21779218791314112,0.16899861457939225,0.046010258050292095,8881,188,-8.344226326192267,-1.5016914165235389,-37.279526,12.923584,-2.7182546997920203,-1.574358684488694,-24.915533,42.63051
1785482,0.44484841174087375,0.05289045378680157,0.01996072471312081,-2.0803044212919106,0.4467015972217435,0.054108310234959475,0.028808970382000337,0.1382157175901808,8882,200,-2.28880453345224,0.23131614394551314,-12.568369,-28.430023,-1.5296143455977254,-0.5200722464717259,26.56121,15.310479
1785763,0.47088747971374856,-0.07927222382455532,0.0199607247130473,1.1166354052403882,0.4559777645280414,-0.08637359246876697,0.09985201388516687,0.044663147958677464,8884,79,5.187791918369189,0.4877661809843431,25.502464,2.0144522,1.2158500269817145,0.6699693661432878,-4.593342,-15.502137
1786276,0.43674954595799337,0.09091087635782982,0.01996072471312083,-0.9920118351359628,0.4385395809475715,0.09026688658854086,0.10488515120830685,0.0757041656856747,8886,190,-4.3758765565850535,0.9574334849249445,-19.861624,-27.910477,-0.07311530532420235,0.7555051759320376,10.792658,40.144344
1786639,0.5345831451528441,-0.06571593893920277,0.05473866894898066,-0.3323669648960765,0.5357324899190261,-0.06297507443193104,0.0532381963150759,0.5613817413696539,8888,151,5.069179408721216,-0.4340661065011171,10.437902,-40.71276,-0.6999940307546172,-0.8005999191816587,0.17914087,-4.2488346
1786862,0.4910192990500837,-0.1923065049071922,0.019960724713120832,-1.9386345118224728,0.46866115423635885,-0.2135301065149794,0.2019344588544837,0.022827535305849328,8889,173,7.3111986366537876,0.0033202112645498993,41.42808,10.652835,-0.10057452464532658,-0.007661368636038741,-50.737465,-22.848352
1787025,0.47550736396266285,-0.168654784455816,0.3100201072871428,-2.4157946024014842,0.47396217541576374,-0.17000683260034186,0.3088215290774966,0.5614407602702042,8890,135,5.220171406026227,1.068900923005713,46.981255,23.90871,-1.1372092102842661,0.28948390720007283,-23.173151,-0.59384924
1787144,0.5006563159958977,0.19791437469261774,0.2400296757636558,1.9213283634719784,0.49454028522827137,0.19537621550580386,0.2441681171229092,0.5616420088462167,8891,53,-7.25768106392088,-0.7747745033976216,-45.153133,17.953264,0.10446786695790193,1.0450946215631387,-14.781229,45.892963
1788123,0.4173036255241322,0.23558212046246726,0.020874046248425975,-2.638233760242081,0.4137261809976631,0.2337553286969057,0.018213909505637088,0.5627635381228213,8896,27,-8.480615376994871,-4.858239112551538,-54.49055,-6.730778,-3.3471822084364513,1.3685201339732131,-24.915033,33.972004
1788183,0.3777528940943237,-0.16426157227060156,0.019960724713120815,-2.422837897335523,0.45537901569016986,-0.06761569864371475,0.1943171376733116,0.0416808661612891,8896,87,3.1210244653089987,3.6418432988153393,13.036783,32.420593,-0.9553893247730573,-0.8955427248277753,6.477264,-43.2101
1788333,0.45437858553126437,-0.18179266979453318,0.12511077931140066,-0.4681600473975048,0.45469243610017696,-0.1807223674249215,0.1246912693927194,0.5613981533299012,8897,36,7.8896336322870235,-1.1065366595684625,39.20419,-4.992855,-0.6142567375921557,0.26615492340204727,-9.087648,-29.372425
1788350,0.42744223077716564,-0.1884439188960508,0.18034484255980943,0.22408510230561662,0.4276777873732676,-0.18931805497593085,0.18140948077710878,0.5619066500316982,8897,53,6.7371732657688925,-0.10303505596281712,46.717506,20.229118,-0.15509955999490083,-1.351691033051346,-7.8871727,-31.971333
1790702,0.4946338610623553,0.0033612631106597402,0.019960724713120794,2.0381645185111648,0.5031669714370003,0.00035186578195041873,0.06443065413544038,0.046106008938961635,8908,194,1.3130415029085052,0.1742135040812235,0.083818085,-35.436863,-0.07994621242657661,0.08737239592500273,13.7035475,4.36819
1791804,0.324877448883034,-0.0775226801173051,0.01996072471312081,0.8536322857192276,0.4439166356278238,0.034052886116210414,0.25509564466621626,0.03790444419381708,8914,90,-2.5716993409626254,5.292237240486984,-7.9056716,30.878927,4.112887503298151,-1.5420297772731284,33.33692,-43.921696
1793343,0.4592432003187302,-0.18073613016682014,0.019960724713120808,2.261137608453724,0.4638287381648569,-0.18255778265765346,0.042248860737168464,0.0360271916115899,8922,21,8.912372993039758,-2.3779259817037723,36.526447,-21.835005,0.4490838489830339,-0.9682279883235341,-24.153515,-23.842447
1796350,0.4496890838917362,-0.16214374825866487,0.01996072471312081,-0.9191367039163014,0.4549764973470712,-0.1624909929775831,0.13972948696433485,0.038414526259583796,8937,13,6.830080711854466,-0.11041622751756529,33.944233,12.797879,1.4320260314987372,-1.592128970095057,-21.022566,-24.409824
1796354,0.4496890838917362,-0.16214374825866487,0.01996072471312081,-0.9191367039163014,0.4553656000661597,-0.16554717822941067,0.09519395648147072,0.061009025756043306,8937,17,7.841462991165826,-1.3083369197822856,37.507843,-4.919526,1.307535181037477,-1.2971207561959146,-20.789072,-24.037897
1796545,0.42592610547163123,0.1705253283409519,0.019960724711801964,-1.5304022350370672,0.4312162069355392,0.11471190785729178,0.21630458808483594,0.003971554679130201,8938,7,-5.935938658825555,2.275947004990542,-24.845081,18.08533,2.0011369682045705,-0.9712437202312517,-3.5849488,45.61394
1797746,0.4473296426957001,-0.008103739150599833,0.019959899117348443,-0.6568225398958074,0.42718116635688985,0.0021789622843373445,0.2697113549108294,0.006340794871758048,8944,2,-1.4033989170067944,17.038531496014464,-5.0368557,53.796696,-1.4884062837465981,-0.6238270481846021,22.140453,-4.0198627
1798107,0.3374379728398596,-0.05221480409126045,0.019960724706011276,0.6865327698218138,0.3275191688018668,-0.0447068271336871,0.03556453329447723,0.07695843976481458,8945,162,1.834044147518207,-0.18310156751974518,6.593331,-14.361731,3.3039959840125084,0.29222891424810005,35.51098,-38.122204
1798278,0.5424366438552609,0.0458484919047599,0.19648798396791606,1.1115793286265134,0.5424776840441484,0.04628612336939283,0.19625213164103028,0.5613367794965723,8946,132,-1.6966661100302398,2.2154402823643937,-2.8656273,10.1399555,0.5363018791230192,0.25757390865439095,3.639178,5.8175416
1798481,0.51641205085589,0.11815836774657842,0.27451049712108333,2.739251469066628,0.5146671571844236,0.11388561862197465,0.2760180817980904,0.5615326142817553,8947,134,-4.736245408000409,1.4747787683093798,-42.746693,20.757315,0.19626208397317652,-1.138282672627613,2.7830098,13.243426
1800419,0.514619023737109,0.20246920528966608,0.0596264876688537,-1.050790579870789,0.5166857481183917,0.19899461364715884,0.06199348046129011,0.5614204939864185,8957,62,-6.4639301084583085,-3.899721284178664,-51.721558,-22.461397,-1.6582115352318147,0.7092936582377566,-16.201157,51.25603
1801336,0.44859815500273115,0.21833259282363354,0.019960724713120808,0.2780553628616784,0.4428518139115515,0.26298529423880534,0.21757540646858248,0.0349939669940306,8961,175,-8.561875228940659,-1.6398938576603874,-54.079277,10.228319,-2.3172412050035023,-1.1789665497842983,-24.705534,42.30118
1802585,0.4119273087805925,-0.10823140834375906,0.01996072471312081,2.2433534914318574,0.4149966806021383,-0.10609172636024242,0.07635423364906035,0.06854917917148237,8968,17,5.694304247207822,-0.5536853093642313,23.316725,-18.541086,-0.6268317082984934,-1.5168098062676452,13.760222,-34.68728
1802594,0.4119273087805925,-0.10823140834375906,0.01996072471312081,2.2433534914318574,0.4087357025123539,-0.11058357780991479,0.01877791710773563,0.36408758881388376,8968,26,5.929607466160171,-1.2652326568707069,27.824057,-22.259857,-0.5031287199759251,-1.0932176350413096,12.471682,-34.513153
1802979,0.43170666967103827,-0.13806127420565875,0.01996072471311449,-0.40548085741854073,0.43082093792148374,-0.10394340854458568,0.19655118257917772,0.023470570410620534,8970,9,4.308786960532558,2.77568666948345,29.845873,19.725,1.8182728172504268,-1.0560641087521976,-18.311115,-27.065878
1803909,0.35738027388195914,-0.020559067647219813,0.31743179440899244,0.09832640696269383,0.35677649837981135,-0.014721405998286573,0.3212325386201925,0.5614296756019445,8974,135,-1.1847730473436415,3.768536129029886,6.105744,19.446985,-1.094169253068528,-0.3433308933049748,3.6019015,11.752177
1804298,0.34655645609955427,0.023937393610976024,0.0812179355339553,0.9441921199951357,0.34495176246664927,0.02204469764380359,0.08151119170589671,0.5613650746231942,8976,122,-1.957601322209996,2.1067993091328985,-5.8047485,-11.288595,-0.44977933365816625,0.7126847906791722,40.973656,-10.51343
1804519,0.4745845001382278,-0.0258944009218102,0.16901995300330236,-1.9534744156036994,0.46838813916035016,-0.023431558305861494,0.16675700219342104,0.5619532389065075,8977,142,0.8268001792577468,3.548108350377061,5.685124,4.906689,-0.052131731345591834,0.9989103780606632,10.7702875,-3.138962
1806737,0.3644621914994523,-0.2139553620416681,0.0750406660132553,-1.5311606222977887,0.36304761642754446,-0.21419753156276114,0.07557801649941401,0.5613709108971071,8988,149,8.59142019905694,-2.916347647225665,61.994823,9.395855,0.28363573404511383,3.411655164593058,0.86493284,-55.835026
1807181,0.4482942869091973,0.06401208017182579,0.01996072471312079,-2.3672102744735013,0.45218272394677567,0.06176520632741588,0.07639090179978661,0.03143713423617712,8990,191,-2.7500124639397705,0.8868349676386279,-16.124619,-29.293623,-0.8040502679108295,-0.19065255126773245,26.940434,19.532005
1807472,0.4415631004012723,-0.16491635904983945,0.019960724713112294,3.1242205968325667,0.4353508218480506,-0.1751531348401333,0.10129057767292082,0.059175890754842045,8992,80,8.029097848544524,-1.3381989932018215,38.605785,-5.7894306,1.5561576083369935,-2.4110806191321767,-22.472757,-25.02511
1809169,0.3679688911521697,-0.21498502825526958,0.019960724713120798,2.483496391938015,0.38563347767503525,-0.18450607756798218,0.1692792758595724,0.01714517254563221,9000,169,6.784801127926865,-0.12597731504363233,43.440163,15.834616,1.4894814190763754,0.5165070254698493,-19.083342,-65.990036
1809903,0.5027971122283316,-0.24995482213741244,0.019960724713120808,-1.8492788383443728,0.49910129758058064,-0.23335906351751398,0.17137618294152043,0.020480740164749475,9004,99,8.150721615807832,-0.9505498873364576,46.657337,0.5542554,-1.241292583414926,-4.041429880634478,-53.29758,-14.031064
1810582,0.4622201274634477,-0.27070892339835817,0.01996072471312081,-1.473363567865864,0.40675168702526393,-0.19077395901112346,0.18547059114597753,0.005778381734674498,9007,175,6.781763032560555,0.2564373726144741,39.782444,14.294696,-0.9687863192736859,-1.5897689719910466,-38.877663,-25.290148
1811291,0.5128207054041861,-0.14366026210698352,0.019960724713120825,2.803463332197702,0.509266416987062,-0.13878756452440605,0.10926721726062014,0.04426707312646943,9011,80,7.292769344502988,-0.912446675784989,33.245,-0.94446236,-1.0151933253048493,3.885425773423822,-19.503494,-12.895257
1811461,0.30520494455412445,0.014397094238538431,0.2707341692969934,2.661087517853204,0.3022612600325121,0.009503818971853187,0.27387259098480554,0.5621589425565023,9012,49,-2.251090649163785,3.0491752351245758,0.47233838,21.304605,-0.1694726994952226,0.035141533502309065,43.22201,-12.784878
1811967,0.31936633991955876,-0.004574903161707264,0.025147746361977093,1.4417340447626257,0.32041617209288126,-0.00467839417513099,0.02937264651653948,0.5616867570420133,9014,153,-0.8678325642902085,0.2524231922410495,-0.14922863,-13.974312,0.26671424755878326,0.8298203588299368,47.04999,-18.204765
1812336,0.3036615485239462,-0.0035030922203918044,0.05017980390230624,-3.1136323433238298,0.30351592621025814,-0.0014832481387555114,0.049571344600469386,0.5618146161879782,9016,120,-0.8287169713765967,0.7371431339782328,-0.4725512,-13.124602,0.2619967895442674,-0.3840794832960993,43.841496,-16.191275
1812577,0.3408135941878197,-0.1878252486438945,0.019960582510084472,1.2373008287644702,0.34066134419464855,-0.18105783119130647,0.022913292817186126,0.23138461172556732,9017,160,7.657354297787376,-3.332637320514746,60.24244,4.8541346,0.657281556339066,2.2872772584252443,4.14745,-56.803905
1813885,0.4394429078683582,0.14371331576720076,0.07937429391004427,0.35419635371746044,0.4373265914939709,0.15005573769568997,0.07634022178470451,0.5613540520587024,9024,61,-6.108826587816438,-1.8591275591877516,-38.201763,-20.327477,-0.5009909309549087,0.6474314448350978,3.632948,43.747845
1814200,0.39013491698391883,-0.2903479203703712,0.019960724713120825,1.0946979517892275,0.40304330777656255,-0.1840426494761886,0.20229154266334112,0.026160924904846592,9025,175,6.2473768461544985,0.6038451719937442,39.59621,15.364467,0.013928978635473988,0.5110087659969605,-20.207127,-56.573917
1814593,0.29938084354980543,-0.24622952646174345,0.01996072471312077,-0.583870395662115,0.2997811784555588,-0.2444983409379325,0.08934869035085038,0.027594313725377788,9027,166,7.443449603233886,-2.8549935994478153,63.767776,19.488049,4.8898146129805005,0.19440453931047424,-7.607417,-64.75452
1815167,0.4985785602757936,-0.17646795070923837,0.21773845698194919,0.5267940293760869,0.4943322614568266,-0.16901902724237006,0.21669116064645327,0.5618337821164135,9030,137,6.00402292071972,0.6519063306837835,22.951468,11.891384,-0.7624658853722792,0.7948881851195593,-22.686644,-3.0932562
1816493,0.3555363035073464,-0.08500739422319582,0.14965856276644046,-2.8190475900444856,0.356792524238515,-0.08752633163520315,0.14878647833960615,0.5614425769236523,9037,56,2.997225360353349,1.5364340033828037,15.343292,-1.4177393,0.23317908872387016,-1.356256604456951,22.687052,-40.496304
1819957,0.5269764375004795,-0.2699586040666693,0.01996072471312081,-2.134879684219371,0.5284375416914613,-0.2772199014467527,0.09527550762443196,0.015427207752700732,9054,103,9.006170072948702,-2.882833305186347,60.32456,-11.78611,0.3460196668598056,0.18904170992024363,-45.156586,-0.85534245
1820199,0.507611213271511,-0.13603539238747822,0.10926425386231758,2.3285384563749316,0.5072097806518894,-0.13667781865478942,0.1104874882374238,0.5614841218790164,9055,144,7.0086953373663805,-0.8003260703029178,32.789562,-1.3914217,-1.1173596469233167,3.2828559322828834,-14.746921,-11.4004
1820692,0.530781763855055,-0.05681125640150805,0.06211491049907753,-1.6306685729315475,0.5299242133780198,-0.05594319814728009,0.05770295746604345,0.37646884269833775,9058,34,4.864603762393475,-0.4202295891675436,10.0742235,-41.010506,-0.49395571985578535,-0.7788242472505877,0.5521175,-3.5292695
1820768,0.3094086775019592,-0.21052642547158693,0.019960724713120825,0.47705524008377026,0.3128932227577281,-0.21208883655731386,0.03700868779295599,0.046576779793579666,9058,110,7.5365494949501555,-3.6319316762106664,63.90452,6.224493,4.120748931902711,0.15753014350770914,8.534522,-64.40378
1820800,0.3198928585441194,-0.23095197633633555,0.17274646821262987,0.5805119247348214,0.317449957640788,-0.22727991511639573,0.17457944398695907,0.561964735639277,9058,142,6.3846725777054445,-1.202700019366672,58.191875,24.655092,2.054931985420448,0.42322125210850986,-4.3545446,-56.25953
1821637,0.36251128764951945,-0.29300867695501037,0.01996072471312078,-2.936012374696767,0.4417445725380481,-0.16630009691820796,0.19973135961227648,0.007468898018275981,9062,175,6.212123062126751,0.8437123521746325,37.680683,13.569523,1.0700449062161466,-0.9019818493976565,-19.030598,-56.311382
1821776,0.3541104967787068,0.2737407929983971,0.019960724713120853,-2.7509056220335744,0.35223975619378184,0.2713586493751725,0.020214855969764023,0.37163723354301326,9063,113,-8.615948369859678,-4.603148826951044,-64.179665,1.5873466,-0.3271748845576666,1.3671828455367863,-21.171503,20.0181
1822887,0.3989250939548086,-0.10332275923407767,0.01996072471312081,0.32077095766082864,0.40486956231697413,-0.10165012515000124,0.07633258309811683,0.017995936311157305,9069,18,5.3700581733927395,-0.3922606672193665,22.824997,-18.406584,-1.2240845974986694,-1.924124698036837,14.301044,-35.56382
1823860,0.33326573210137034,-0.18735379632662727,0.019960724713120822,2.5343512885679624,0.33974318367772344,-0.1854832152312968,0.14691153234007875,0.012292593237209073,9073,187,6.381760364338707,-0.7891195645768044,41.13461,24.695265,2.8480501001970326,1.3048482635953023,5.6161637,-61.04853
1826014,0.28538684176740386,0.1663858173999241,0.21568304487627504,1.0758070536453346,0.2789012707910127,0.16972397877741338,0.21731465845300119,0.5614191653361644,9084,130,-6.919175787770189,0.13088644045936337,-47.93163,28.41892,0.780190085223618,-0.06637604419875931,16.275658,28.04443
1826098,0.4108566912470351,0.04960086801507218,0.01996072471312081,1.8215836997682406,0.41245976027722586,0.04380998295904231,0.16914812115093467,0.015649635615240267,9085,13,-3.656898662562116,4.14821584291792,-13.347054,0.74997306,-0.07664055848674975,-5.374723551500353,32.551586,6.5483336
1826553,0.37679678580623394,-0.1505493869567909,0.032478105002947566,-0.41799152328919803,0.38086566052041104,-0.1523688930275595,0.029952864551721137,0.5617854647877526,9087,66,7.26320782663935,-2.5761089816764278,32.234364,-13.9872875,-3.7129219096988013,-0.672892714920459,7.270722,-45.991177
1827225,0.36701142608215387,-0.014709152909272227,0.24979489481273542,2.7642215202311125,0.3662656470506591,-0.01634297477830964,0.25056659242237367,0.5615067986213979,9090,135,-0.8740456107349863,4.248807207393503,6.3345876,19.18202,-1.7003811599354446,-0.36422239066950735,16.794535,-16.688667
1829678,0.42193208474294697,0.030727600650754482,0.019960724713120777,1.9340273394852465,0.3130833106649139,-0.07862909373010711,0.2079356017915649,0.03120182452496837,9102,176,0.9539308495468704,3.0648379977369906,31.060295,27.738882,-0.9806572838315856,-2.5572794261712435,30.724773,2.8571496
1829689,0.42193208474294697,0.030727600650754482,0.019960724713120777,1.9340273394852465,0.42352178073010055,0.027369759500699215,0.16252787487642273,0.02770127607684699,9102,187,-2.776393753616119,4.412167673270595,-10.142198,1.9145644,-1.2308441958846945,-4.111196491995152,30.541113,3.7952309
1830620,0.36626627112286136,0.006779069736959734,0.01970820200876529,-0.9529531004157015,0.36693218041550923,0.005801655265841341,0.018855789442823484,0.5619968976767203,9107,113,-1.1580621588644515,0.5366746535318279,-2.3060389,-19.122353,-0.10196522374262047,0.6246113602073828,47.10906,-4.7126856
1831545,0.45308108803768943,0.030800063573189453,0.05300339052050414,2.9161446581966586,0.452674754284226,0.030888708936640114,0.049358045162847364,0.561691001079113,9112,33,-0.7104369112200182,0.6896489902770316,-7.7044272,-27.674128,-1.8104376852061543,-1.6485924695056349,21.08895,6.544999
1831735,0.390993694298135,-0.13820369690578554,0.01996072471312081,-0.18845097281107062,0.39171639473879494,-0.1432597159739367,0.04122773867520915,0.013657938568980137,9113,22,7.096563128650626,-2.275859495449966,31.146204,-15.7490015,-3.461811871953803,-2.2191914591129924,8.8335085,-44.283287
1831903,0.5046168534848176,-0.13339172311393363,0.019960724713120815,-0.5071961649533056,0.5097019738038769,-0.1361523322875641,0.1187987872892608,0.03432411556554195,9113,190,6.91925535762727,-0.5777619345044662,32.662483,-0.8328781,-0.5572095482372208,3.394265539956523,-17.995888,-14.286307
1831911,0.5046168534848176,-0.13339172311393363,0.019960724713120815,-0.5071961649533056,0.5068513784344394,-0.13164011587321933,0.027492266020503198,0.13296751224498193,9113,198,7.433246448037305,-1.6233214165614256,36.875095,-29.97884,-0.6685763973346386,4.089041613087054,-17.02597,-13.7289095
1832031,0.46688582373039667,-0.1253900032759296,0.024570056684278398,0.5858142150501868,0.46787590609683805,-0.12688830040682536,0.020446782963002758,0.561505557555061,9114,117,7.323387643563309,-1.4668799281769322,34.23237,-27.777178,0.19129129185835414,0.7299738950327833,-13.266075,-17.13991
1832881,0.38435890382408794,-0.2384017187917807,0.01996072345356817,-2.870999695267367,0.3793950055092346,-0.24116307820075963,0.01835997032323672,0.12866902128994911,9118,163,9.66461482894822,-3.370632692510004,65.51086,-0.53361905,-1.398600628332479,4.050548510905935,-23.813757,-47.974472
1833058,0.42711313387041233,0.009773982736695105,0.18235558507198002,3.0553578223212656,0.42691544012305754,0.01007475798686028,0.18435130684492124,0.5619455642742994,9119,139,-1.6651039947125594,4.359862461379819,-0.42482504,16.754581,-0.7929276582317986,0.3592108325482791,11.80502,9.498288
1833697,0.394446068960879,-0.05792233661407393,0.01996072471312078,-1.2442380076388326,0.47218599111055815,-0.06009226900310825,0.24294754002637764,0.05514554557860402,9122,175,2.159122964933157,4.606191717081041,12.897006,33.159046,-1.3837326623419406,-0.4321378714929121,30.03805,-25.296335
1833796,0.5274944458064889,0.27821666035496934,0.019960721472629308,-1.842104682940181,0.5253733712524666,0.28151919878925397,0.015013268723043066,0.22675843501251672,9123,73,-6.779604443385152,-5.394005574808777,-63.69084,-18.421377,-0.43050508749901933,-1.3868668707214726,-53.84848,22.678415
1834200,0.530232873047402,-0.11889546998053492,0.01996072470070048,-1.4254648444101574,0.5262924005050932,-0.11997516433598017,0.04050429684480697,0.057310764711514875,9125,75,7.066895841105969,-1.571435287008505,37.07791,-31.84529,-1.1759343111121312,-0.5305514472981558,-11.984877,-7.00434
1834230,0.5302328730455613,-0.1188954699787081,0.019960724713120825,-1.4254648444101574,0.5350930705141218,-0.12096841040541652,0.0823217648598496,0.03470707808815036,9125,105,7.0554119954756365,-1.1911499135354018,32.31856,-32.642574,-1.0558378046493753,0.10071431762966802,-11.839937,-6.3891964
1834589,0.43244038897055054,0.188186371633196,0.08627945826009452,-2.6104093571768527,0.43227896716272063,0.18804899424135874,0.08392857845644072,0.561372327995445,9127,62,-7.399652237044241,-2.932803989415615,-41.751095,-20.514446,-0.23388153222014285,-0.2270982461213108,-6.3912725,45.32777
1834999,0.527376281464901,0.09385838696013804,0.019890469272047167,0.612481566769578,0.5205146476525125,0.10506539239280287,0.017489560415180322,0.4457959848642862,9129,70,-2.2410957047918645,-1.7443396605204717,-31.083,-36.86474,-1.0187046100353125,-1.6427728466053406,19.763361,59.724373
1835273,0.40199393032194836,0.11066677619977311,0.20475115932595675,1.117806248407956,0.3986573237513419,0.11240854075190554,0.20937766339168473,0.5619095204239714,9130,143,-5.773429852755067,1.6397371751264807,-42.59027,26.737627,-1.0533251513414161,0.8360518004549641,-0.10510852,14.81162
1835857,0.4868882030106982,0.13349259981137895,0.17014722534641144,2.691149454980052,0.4849118258326557,0.1302321697792018,0.16637657614070953,0.5613489021375414,9133,124,-5.128999158895935,0.4337056085185518,-26.181976,4.770906,-0.4006736700156361,-0.9044494234688669,11.920623,49.112267
1836537,0.36152394312789415,-0.053455613137710356,0.02,2.470417283606279,0.42499936761462814,2.081593966877566e-06,0.2749991708200731,0.0,9137,0,-0.4175414938889897,16.689309441383543,-4.1467934,54.431347,-0.29754422913914985,-0.18651458164942303,32.417072,-38.79855
1837459,0.5037828062642424,-0.23071827582694449,0.019764152724220826,2.8828897042028263,0.5001674836920517,-0.2297218238005002,0.016859864062402197,0.5610532149743751,9141,118,9.523810652131676,-3.5367121493776126,55.995758,-17.669844,-1.7887526546812331,-3.662902360597088,-47.723892,-15.624396
1837794,0.45035141088565533,0.2169800080958525,0.2278986285567871,-2.712464494935802,0.4404784880222733,0.21238832250010622,0.22708398532715293,0.5619413301963051,9143,51,-8.140722203789958,-1.1474656203255165,-48.087418,16.505478,-2.5092232571975903,0.13350502966778788,-17.145607,39.318382
1839260,0.4629428565627762,-0.2046372210756398,0.019960724713120815,2.4994481600619602,0.4683159884164978,-0.20858994939587194,0.05120271786666586,0.015348428252584227,9150,110,9.622362501348814,-2.828264233353108,51.615723,-16.749514,-0.8837388487667163,-0.0010242789146959492,-28.91609,-24.580044
1840047,0.4497702529983362,0.29567052717030623,0.019960724713120832,0.3188306032954822,0.41165661196825704,0.20537160046894884,0.19863083718548644,0.019945184029899882,9154,93,-8.232477609958924,-0.6596031655571928,-35.67279,15.402611,-0.4297326942762102,1.9246331243702817,-34.14504,22.405235
1840275,0.5354443023466667,0.2303925982635103,0.08502535724077707,3.096600014084627,0.5343086032229895,0.23036905619230785,0.0795838000662662,0.5620124611210824,9155,120,-6.664546431958702,-4.149374711904636,-58.395515,-19.374199,-2.80730287226584,0.4008595442071775,-52.45936,31.951378
1841709,0.4005788599312996,0.27474602766120587,0.09429711934569689,1.244409790784113,0.3942531337671363,0.27694960530128715,0.09275628815623702,0.5615378853511639,9162,147,-8.978755960283642,-3.6844023236097176,-60.277607,5.6748767,-0.041293204653776915,5.385278707635589,-23.91631,22.167212
1841906,0.5429509693427644,0.24366843694641396,0.14676297572776587,-0.891546791295927,0.5425183676289324,0.24440369870724418,0.14511118092065065,0.56162090465905,9163,143,-7.1175698195236325,-3.079051023816636,-55.31613,-17.220879,-1.5060087398628947,-0.006333952214752166,-50.87831,31.348278
1842210,0.48216236021568826,0.2523969350390704,0.26175241550504796,-1.7795545928765495,0.4744535600630677,0.25363978392539294,0.25724934827435897,0.5616153635902227,9165,45,-8.048098500617957,-1.92299786654683,-50.525337,11.838887,-0.5358728055737109,0.10947028702265371,-16.222786,35.40411
1843983,0.470744184826566,0.009292213335885865,0.019960724713114487,-0.7703970091392034,0.4728803586356251,0.0069142901647625,0.13492677817081447,0.009138558003602465,9174,9,-0.5025581506669314,2.987609910799046,-10.134107,0.21487476,-1.644062038463129,-1.286015587567918,23.295603,0.89579886
1845894,0.5162161250301581,-0.150621961496592,0.019960724713120822,0.734047682685197,0.5128419901253999,-0.1524148041281007,0.022604182817935747,0.3195086729712666,9183,111,7.851127863680126,-2.0463688781129665,40.010918,-27.644875,-1.235497007047089,3.977678422156149,-20.151043,-11.618388
1846212,0.3172606422878282,-0.24491781452444933,0.019949887406342914,-0.7320585606409536,0.3163776998825731,-0.24565354031604103,0.018353965499803726,0.5411602201694199,9185,27,7.792961243273279,-3.5635646271268753,68.21172,4.841349,2.48081703757235,1.5491282266626154,-7.530348,-62.97429
1846218,0.31855170712366826,-0.238426261245242,0.04840465116187887,-0.7363189272344537,0.31781260280280604,-0.23878535322431155,0.0462112512543853,0.5615613083425556,9185,33,8.187421382837236,-3.4375479671605436,67.96197,5.9990063,1.7544141698204283,1.9621338442017482,-7.8907332,-62.501354
1846344,0.3338883526707421,0.27618146338095645,0.019960722033131567,-1.0869673049312578,0.32385053554373594,0.2735013788752856,0.019970135464234012,0.16815572204838541,9185,159,-8.125024596660344,-4.330000112100068,-64.77877,2.6870275,0.4456507484173412,0.5079075848444933,-22.884653,13.445806
1846801,0.5489169522492673,-0.11079116665193146,0.01996072471312081,2.5447523572225847,0.5540405147579015,-0.10947344462500587,0.16157028235124288,0.037346666111151366,9188,13,5.3663755128381565,0.5103346665396711,29.753792,2.0846953,-0.9733090268413683,0.28578593246096323,-10.326299,-1.6712043
1847758,0.306021757699062,-0.18564584857669916,0.0199607247131207,-1.9710136367139581,0.30468182470292476,-0.17326384614698748,0.14079442341830134,0.010589341551233068,9192,166,5.95374356451451,-1.0314296199493211,41.21752,23.979515,5.4103018275558465,0.4439421338141308,7.726314,-63.718594
1850216,0.3867374978038526,-0.27981141485179867,0.019960724713120794,-0.5812403986224813,0.39551549588538615,-0.22664600192467754,0.17687038815446327,0.022586016139553883,9205,11,7.404162005547438,-0.5983184494096687,44.53399,14.763147,-0.35643914776519336,1.1201812948148286,-20.429485,-57.96185
1850452,0.47641376627949444,0.041393433146109375,0.264323458024056,0.6113751852002013,0.4749207387850206,0.04305014715964856,0.263624373395671,0.5613325688637936,9206,46,-2.879618796056768,3.9603364300961137,-2.6514702,13.359979,-0.9423478335203108,-0.11665054593266383,6.0843196,10.02117
1850582,0.4840754525401966,0.15491104184261992,0.019960724713120832,1.086356089789315,0.4076337398482439,0.023129251336237208,0.2376700634953098,0.007189087565616973,9206,176,-3.5060189728343865,5.581587473026265,-12.1156025,35.167126,5.22317099987565,2.0557737898147925,-0.8407981,58.876793
1851058,0.343591344386802,0.11366548685708763,0.32207724152632616,-2.0673763434129198,0.33480230939256783,0.11876845323613061,0.31904263742156325,0.5619523127090129,9209,49,-6.025422793519299,1.4454312689419737,-44.804462,28.376642,0.6043762917805454,0.37891795503220765,-2.1437306,14.32387
1851326,0.44618161335197404,-0.15460070092815947,0.03149635062100698,-0.9262844452566145,0.442241349354401,-0.14936833799772986,0.031067057386990227,0.5614102452306683,9210,116,7.937471190699807,-1.964564055215578,33.449543,-22.209454,1.3457930758396273,-0.5831758565295728,3.855577,-31.310947
1851351,0.45187270735189394,-0.16987828279434725,0.16699485532668137,-0.9253296018185916,0.44601541466281075,-0.16188670279131614,0.16706013075786474,0.5619967291876291,9210,141,6.324204670723445,0.2377246092274069,24.770695,14.004368,0.1675789351004605,0.018170994697254268,0.46293566,-27.335037
1852162,0.4854696607962534,0.10944726686123983,0.09019809742765723,-3.0713049401241426,0.48556552379814094,0.11046956475939475,0.08877786015426817,0.5614007736103135,9214,148,-3.9777674547384962,-0.6079890372379794,-24.602201,-30.251375,-1.6335511111297472,-2.2967153371264097,10.929897,46.476894
1853717,0.39258466090669,-0.18819139525290837,0.019960724713120832,-1.908773769948862,0.4353849416047572,-0.1289602696991794,0.17157290452825447,0.03997665582443901,9222,95,5.256936353221905,1.477299769293992,31.691227,13.887156,0.8320351284505512,-1.54957879172806,-23.474674,-33.524708
1854605,0.5304630863267924,-0.13520237509383848,0.019960724713120808,-0.5238837265908096,0.533451160485295,-0.05642996456141374,0.17885406817442198,0.06687530297860327,9226,179,3.3075637074253685,2.4211431958871765,13.772926,6.736871,-1.3745585024311122,2.0125666414040992,-12.5568495,-3.6503563
1855570,0.5578306910268345,0.17209480840026903,0.264036689276421,-2.091355892457782,0.5517834833801846,0.1759294956049313,0.26386071014255663,0.5618657597464316,9231,139,-6.002089025038806,-0.44428381330948086,-42.87387,18.028246,0.28483941985001154,0.1957296917489262,-11.8931675,46.669384
1855781,0.41019095342799683,-0.18347776816051828,0.08181052111446128,-0.4175599382935068,0.4125498018477405,-0.18458978762376663,0.08269470921384134,0.5618970279635735,9232,149,8.397052526677493,-2.048125715704104,38.49456,-9.652589,-0.27749535864847286,0.5256590952032013,2.528571,-44.728424
1855826,0.4062700926207314,-0.1764699907739018,0.01996072471312079,-0.3922634309377082,0.40775437655049035,-0.17819112311371121,0.07632584717996369,0.018348357264039685,9232,194,8.10807657456826,-1.983295841448133,38.118366,-10.06756,0.7541795388606535,-1.1979529405266411,-22.343407,-33.904255
1856279,0.523269649263316,-0.10008199802735558,0.23502569475699936,0.2934404855597527,0.5207412183495155,-0.1006039140201415,0.2323009345809956,0.5613347813797877,9235,44,3.9758512416451377,2.069715800628743,20.23974,10.265699,-0.5141424557564022,1.7467440223236728,-26.445648,-7.770102
1856867,0.4627722971863483,0.29213970515289,0.020031356145804775,0.7940515546658716,0.4619980709699645,0.29132911561288405,0.016239998044137727,0.5612904341112703,9238,29,-8.300788238938857,-5.499928021437055,-64.70533,-11.079394,-0.04850332984575673,-0.5327562360187699,-38.385124,22.634539
1857371,0.44095782273916534,0.2504019558510908,0.2454467674562306,0.8858568032870279,0.4408268890796738,0.2505198009778295,0.24044501420341305,0.5616591655815056,9240,131,-8.4455483347755,-1.8504552425494305,-50.30502,13.524337,-1.8375113290528287,0.742282913212367,-18.265505,35.72505
1858240,0.36016505993712744,-0.24924812486169542,0.019960724713120784,0.778340728070855,0.36307659316864765,-0.25199343961171644,0.041716361168698646,0.011524348181619038,9244,196,9.396681861398049,-3.4029363465094575,66.883484,2.478114,-0.5669974633824343,1.7297180794554798,-18.23071,-62.903896
1860435,0.4163733597757789,0.045556878363997765,0.019960724713120808,2.3636887131070443,0.3130830312864567,0.16551226489522353,0.2316085609573778,0.08571573875722924,9255,180,-6.969021851150397,1.2079786791561329,-32.916534,20.109383,-0.5883266123689809,-4.484781591472916,31.070484,6.198959
1860798,0.5022295434741999,-0.06716543367345516,0.2038254730941456,1.211933512471569,0.5027561010898061,-0.06599003292591518,0.20226111411643666,0.5619439355513964,9257,141,2.833280109980554,2.9182202242520865,6.5959764,7.6573067,-0.09431321945287344,0.13843375312432504,4.274775,-8.5381565
1860932,0.4835064852936495,0.23619622552032613,0.019960723642139383,-0.8606160886445944,0.47686967153484533,0.23000185705340878,0.0254086089944294,0.16027938153674662,9258,74,-7.841752165866469,-5.035923797359366,-58.14214,-23.416338,-0.5281042159689211,0.48250659921388145,-22.310093,55.300877
1861299,0.3838092668925305,-0.2736592030753336,0.1522851970768319,2.55091676498638,0.3773322261047548,-0.26984199069927384,0.14980454754189232,0.5617313254544897,9260,39,8.309830290784419,-1.7686105130684737,64.80124,16.683077,-1.5559980135335696,1.7355487774870977,-19.103436,-49.26551
1861499,0.41769076184044746,-0.07177447146488325,0.10489343132500484,-0.631551766141297,0.4165710337958051,-0.07303878461532338,0.1022367988737633,0.5617541330039514,9261,38,4.1503301481098225,1.1754238083260735,13.802131,-10.07766,-0.000530426739197426,0.12842745181181922,10.035421,-24.363916
1861508,0.5302131453128645,-0.10554227914628439,0.2635590029727863,-0.15803973882684488,0.5297970232285779,-0.10696320780034232,0.2630062415171204,0.5614037780696831,9261,47,3.8493915942541994,2.130948258567504,20.408722,10.34532,-0.6460155496547981,-0.307683001867921,-28.522392,-5.503776
1862036,0.31589323233094024,0.09277853476971197,0.01996072471312081,1.0057407954328996,0.37117492924735174,0.05880316716553462,0.22197592395709678,0.018679223561963876,9263,173,-4.39836726301841,4.077193521946504,-16.9805,25.168615,2.855767298305147,-1.61136370049772,40.91443,3.6319978
1862097,0.44196840339737037,0.23766916020541887,0.04404698840514001,-1.3153783884613972,0.43653559137132103,0.23617196735120613,0.041627429295963,0.5618912741530476,9264,33,-8.629044865943749,-4.940151285955509,-55.935448,-6.6812162,-3.9176370237050775,1.613628450994292,-22.936583,35.66934
1862406,0.3976628313270925,-0.24089488698288106,0.2211530366246654,-0.6083948509153863,0.39572716674977515,-0.23991778819341564,0.22184422930857917,0.5619508952904669,9265,141,7.152194369298047,-0.639006798573363,53.23545,22.534105,-0.8808125533442396,0.5370840661726445,-16.176962,-43.762325
1862706,0.4596890460219843,0.08760569876051633,0.16726692865216,-2.625158264130425,0.45465555458714635,0.08532880534763132,0.16456021749356492,0.5613449649003679,9267,39,-4.0171045830911005,2.0796879865707316,-19.105192,1.4508847,-1.5452477512568883,1.2158964939986163,21.81701,18.228167
1864029,0.5427726928515557,-0.015442566695551089,0.020974627563130448,-1.5927761638283562,0.5421105277214553,-0.015324368190335972,0.01779415205090229,0.544838406934476,9273,156,2.7893930196782875,-1.0223452143451293,-1.4174275,-39.35639,-0.9438003504748951,-2.1704885572947257,-1.2833754,2.48263
1864929,0.42257043835306674,0.028486941267344325,0.2601343022896,2.9783940130109,0.4115865665249187,0.030104816885803916,0.26186619560459934,0.5619854489203138,9278,51,-3.102388643011045,4.369654179810733,-3.0439355,18.643944,-0.3954405479132715,1.388722818704397,16.826912,11.788874
1865570,0.32526600165228603,0.009932530323099873,0.019960724713120825,-2.712559825164641,0.4532610837774689,-0.1154647548300663,0.19877064102343597,0.029391118322192083,9281,89,3.982002069830746,2.2819248781967856,19.836079,16.030258,3.5521549939140855,-0.662434363728779,50.535904,-12.396227
1866344,0.3818264364004856,-0.23867803051872155,0.10707492301932496,0.5786970375645584,0.3730533573468132,-0.24450809978121155,0.10533494921277933,0.5617106889128723,9285,59,8.841087522599162,-2.4149349862362843,64.212875,13.142994,-1.327032715260435,3.149631178051841,-18.3753,-47.05922
1866843,0.39493775281687127,0.042611196457878815,0.0262771782075467,1.034461322563752,0.3932557820051787,0.03962132157666485,0.02589061727474773,0.5613568970915331,9287,156,-2.417743891979465,0.6697542751215607,-11.113356,-19.642323,0.27812229158246593,-2.1769282318869267,27.894297,9.524622
1867265,0.4582090727330828,0.16340604630813343,0.01996072471312081,-1.6145913843360626,0.5222394329156806,0.25546885528529756,0.23426983856971031,0.07280872967335822,9289,176,-7.485871964325305,-1.6231359414409434,-48.567627,7.0719347,4.004093523010775,0.6469702324318629,-4.0566497,53.634052
1867321,0.4505006603125797,0.2164156714133132,0.041341846168310804,2.371293859919321,0.44690035173717657,0.21285264012896682,0.03838049557613052,0.5616571235818483,9290,31,-7.763202782192606,-4.598497329524661,-46.23284,-24.79935,-2.125458127800853,-1.36248445339943,-13.861156,61.184395
1867780,0.35879781371792413,0.2392163705945369,0.019960724713120805,2.704610567012381,0.38895417316714237,0.3013872481258557,0.23739944733234922,0.027657724806925885,9292,88,-8.596667788594832,-1.8113624561789448,-56.731335,10.5440035,-1.2291628776090324,-1.3725412445740224,-14.938059,16.637007
1867929,0.3747180439189614,0.12063428782793514,0.11574586830048124,-0.018063661686088348,0.36820975484474855,0.1207885919909904,0.11437074263682637,0.5619286534008796,9293,36,-5.977510182089225,0.21491821491042895,-25.086897,-3.5008693,-1.7798176208252536,2.0530710781799457,10.414053,33.854027
1868484,0.36584171249706854,0.28745190392988657,0.019960724713120815,-2.550567473892155,0.3655746302886533,0.29494285381225094,0.1143408590559544,0.018040560088279835,9295,189,-8.85600931514484,-2.944723576312184,-60.27111,9.749379,0.854536418404006,0.9850682723419583,-26.664234,17.596678
1868752,0.3645524287440504,-0.21233517187470025,0.2076557649790557,-0.32332644848909725,0.3662867835227667,-0.2080025045503231,0.20456890904706382,0.5614831817225365,9297,55,6.420513010592967,-0.4479013334220404,54.671543,25.509972,0.5046474290873089,-0.4064089002197575,-13.335593,-45.512585
1868770,0.3549617696208148,-0.20852990919934114,0.019960389442960677,-0.29750070813082996,0.35208468609341875,-0.2011520704694994,0.018956195679216692,0.29712365252238027,9297,73,8.374189588526336,-3.3138677987926317,61.67381,4.0741134,0.9994650240282431,0.12759531307839572,1.6948162,-52.42417
1869716,0.5018346445540096,0.1846729181378387,0.01996072471312081,1.6750689927937714,0.5067156461119838,0.18282351052423304,0.13409345876353948,0.022641723315539753,9302,14,-6.630416570653791,-1.5845582615898017,-48.332188,-18.050577,3.0891035129946682,0.8643705267921372,-11.926222,55.58916
1870807,0.47168303969221703,0.10344443973264196,0.019960724713120832,-0.04831203888955856,0.4749202371508327,0.10018769365429174,0.11744666028840348,0.006347615465302012,9307,100,-4.263041073733704,0.6271328726818776,-22.505888,-30.626211,-0.6861139581770128,-1.2941737514179168,9.703797,46.56007
1870920,0.4809175961737706,-0.16471243838890634,0.01996072471312081,0.8632920091905552,0.48423429285675784,-0.163014774573528,0.1421046908290887,0.01983665837640646,9308,12,7.0326087759672795,-0.24762250868150837,34.45905,5.488691,-0.10506714964961189,1.4563058980782415,-20.602884,-17.69717
1872001,0.4000158216177841,0.061645271632784035,0.0199607247131208,0.0867455701746691,0.38801845399809,0.038922200533600015,0.20222559343941293,0.04089289173184619,9313,88,-3.787739706842437,4.883702347784813,-11.424617,31.861921,0.6507064093810426,-5.664801565203634,44.811855,11.059165
1873472,0.4092319881794304,0.0787576211041382,0.03935816139916017,0.5209711102639172,0.40833843667122555,0.07813356558397515,0.03980049404804936,0.5613666483857386,9320,152,-3.8153760330580755,-0.003842089285954864,-17.176266,-22.15463,0.05003679940483975,1.4963322590445542,33.409668,17.319288
1874630,0.46292993455901155,-0.06413522805668995,0.019960724713120808,1.5256845518116426,0.47000673022784795,-0.065985072962938,0.08353032442443326,0.02287581744712666,9326,104,4.393227017789911,0.7995826807113043,12.606262,-33.04339,0.9055398652010281,0.6251445592514415,-2.2788496,-14.980115
1874698,0.4596550631147379,-0.057545694366579594,0.019960724713120798,2.7181408081214533,0.4444939808725559,-0.10783045238921178,0.16768523900871213,0.06390178458112891,9326,172,4.5520795382194645,1.9413134914690016,30.547535,12.495652,0.8179186300742793,1.0149285246907087,-2.0373116,-15.558986
1875042,0.414524582083828,-0.07024752329533973,0.019960724713120808,-1.3440684012247508,0.4158667483410265,-0.06866777188564657,0.021602747979810488,0.5049069101869516,9328,114,3.9013197533461392,0.35287626135815864,22.406221,-23.98178,-1.7114847117585221,-0.15956185836642411,14.4341755,-29.360777
1876023,0.422899207420881,0.19386816000795903,0.01996072471312083,2.6267651011769293,0.5435629422799406,0.24318513514532253,0.21533391156154963,0.1453225825145444,9333,90,-7.354977660002489,-1.7785420184299192,-48.43515,6.8098607,0.092989014838901,-2.5440741501028286,-23.409225,44.889614
1876076,0.4309434312300381,0.19239045474935101,0.19130425488189454,2.594245806371334,0.42907205742862126,0.19378256409207684,0.19257731646511475,0.5619545497840791,9333,143,-7.830673843181321,-0.9469528824804089,-46.623356,16.298492,-1.6919396061018035,0.30159204096215414,-15.693688,39.515404
1876678,0.5212034872802671,-0.010182012488745514,0.2359281897138557,-0.6224296226971142,0.5152580490085059,-0.005635737807030738,0.23416633736414189,0.5619665045554147,9336,142,-0.296568213051592,4.064629351462244,1.1413646,11.374654,-0.8095252116702388,0.4859947367592702,5.88293,1.7782981
1876709,0.4852381091970848,-0.0007058244266237335,0.01996072471312078,-0.6317194562486954,0.4459741892947247,-0.02727589804112735,0.17541838990799982,0.014500540819641588,9336,173,0.4909831776837774,4.456402406860492,-3.7585993,5.6057925,-0.5674214580298694,0.6314322893613351,20.055914,-1.1521467
1876948,0.4395901025993255,0.23581962324572517,0.019960724713120385,1.2940253603266187,0.44571088262295644,0.18615105850726124,0.12823416426547396,0.015532643580055544,9338,10,-7.534200447005691,-1.6066011835478946,-40.093277,3.7238703,-3.3222514830321788,-0.631836213130222,-26.273684,39.31933
1877925,0.35058563358009237,-0.29973432087055335,0.01996072471312081,-0.6915494760572181,0.35059642591251294,-0.26489726436904965,0.2007691845434848,0.008813810462248503,9342,183,7.015882795909418,-0.8431343662343885,58.408707,20.298233,1.2729621126118746,-0.5178708401034889,-18.37888,-55.647625
1878914,0.32281720278920073,-0.05663862840598227,0.01996072471311974,2.089068345649751,0.3118864821888685,-0.047769655042044445,0.10254983538409657,0.09437950491461185,9347,167,1.7264377498979033,1.2938739533237604,12.599808,-2.4151676,6.064576219814759,0.2920433700755921,35.638012,-43.22201
1880299,0.38966436106460073,-0.04103593607663217,0.15250291464133417,2.965573367704173,0.38098263986824005,-0.03939675968350003,0.15545875935404863,0.5618957498781998,9354,145,0.7495400141316346,3.3376854755368415,4.4829354,1.0290004,-2.9063805954891855,0.34637245537167116,26.831045,-15.940574
1880544,0.3377635018242385,0.021114965019626692,0.019960724713120822,1.8138732026550344,0.34617964848259747,0.019380537181054494,0.10544944822917224,0.043506718327434024,9355,189,-2.3693721272340746,2.6947610221196525,-5.2160835,-8.590728,2.864998238625537,-2.0830734787316403,50.64954,-10.52075
1882903,0.5063901766366694,-0.025292783563324393,0.32198517148869504,3.0723992034093666,0.49557755690760474,-0.02466922862623008,0.32163435523700534,0.5617947020612877,9367,136,-0.12254820630094074,4.349663241810708,4.586779,13.602382,-1.302518990813781,0.9031329146386384,1.70341,8.734503
1883029,0.5059949899970131,-0.24358948951151824,0.10769166528925325,-2.1033277468208005,0.5019439123963533,-0.24130912697957377,0.1048864777424991,0.5618678083604025,9368,61,9.526275405298998,-2.6322728428332263,57.13901,-10.517405,-1.7237081411960524,-3.1550373318530336,-45.78116,-15.432395
1883129,0.4987878163410167,-0.24029425796787182,0.01993235617277677,-2.1204786868969467,0.49605078779969736,-0.2365454656436619,0.019271509089117428,0.37992780821178185,9368,161,9.744189395085137,-3.685253893834053,56.504185,-17.18933,-2.1086959987681744,-4.291931366648719,-47.826305,-15.354386
1883804,0.4041851737676289,-0.05150254449317855,0.0375390811265294,2.81535011793712,0.4048124116583415,-0.051852790122818536,0.034612920600972236,0.5619262056903017,9372,32,2.962868670421218,0.6641705805730139,20.926765,-24.310617,-2.0321785567067803,-0.075986796831865,15.073549,-28.485712
1886941,0.48021522609239814,-0.025627732886932854,0.026840817847498814,-1.1355479417409167,0.4803461088912058,-0.025924726069563052,0.027602807194563178,0.5614469460092478,9387,154,2.6520847340015763,0.015195449506488462,4.0417037,-37.385994,-0.8548252930264318,0.9528717821473555,16.334904,-2.2193017
1888019,0.4313531883838941,0.15489952781614416,0.019967962654635307,1.837591402572158,0.4354283751226339,0.15611359920487541,0.01763313128135427,0.5314470602943535,9393,26,-5.6802136758861375,-2.7870829238968113,-36.70922,-22.635118,1.683610004800482,0.08302655320948711,-0.74079,42.88961
1888688,0.508005760938844,-0.15614156382214753,0.019960724713120815,-0.7477698833698753,0.46419368947479056,-0.1910624452832047,0.20745412156009232,0.06714553713678344,9396,92,6.5972040687423865,0.7454977331027629,38.590458,11.959169,-0.7577741939236874,2.7989541823566597,-20.345152,-14.695854
1888804,0.491245243107012,0.09422509286334524,0.01996072471180196,0.6880406909455401,0.46992302540546194,0.0586726383773157,0.227096372329338,0.006005161464174216,9397,7,-4.1097807371625175,4.324244317557015,-14.869916,11.101133,-0.5664698036717151,0.2452812132292023,22.987907,59.554413
1889372,0.5293299077389512,0.11150588928153249,0.0199607247131208,-0.9758059784487075,0.48853913622691764,0.13007094156692126,0.19910067460873726,0.005343361230555012,9399,173,-5.421165899363154,1.4415746398170337,-27.625257,9.290594,0.2502559186511219,-0.6750002695896598,17.333357,58.345116
1889478,0.5379982193698348,0.10222978147803911,0.019960724713098083,1.2955992897485318,0.5257195916886296,0.09697278745063484,0.09913699026491274,0.01709933532137335,9400,78,-2.675518934732956,-0.57220283035518,-22.811909,-35.25468,-0.5824250109594329,-0.6770659753935078,17.806381,57.066708
1889543,0.5441310305279479,0.09588332634579788,0.127545020910104,1.3326187636535907,0.5442472088845076,0.0957249426269986,0.12594846292730166,0.561469838638655,9400,143,-2.770324548989117,-0.18713086677967256,-22.699797,-34.493546,-0.2511933444492953,-2.116289636124644,5.2261643,19.961565
1889590,0.534122593439413,0.09716800349183717,0.019960724713120822,1.3040208559268351,0.5390272159684683,0.09808810756613753,0.11653317223019183,0.015458151120044606,9400,190,-2.996512216042725,-0.31756213734284244,-22.815876,-34.744072,-0.6265455890087709,-0.347367611212943,17.939203,57.12376
1889994,0.4970092640438469,-0.06252275966194494,0.019960724713120787,0.7208485923941631,0.5004387211690198,-0.0628357523022547,0.07597980909891539,0.0804011724334812,9402,192,4.77881190217979,0.35048694792732227,10.9579735,-35.423676,1.0883883985177292,-0.04832826409171199,8.196756,-7.862371
1890032,0.4533557190599142,0.03886967544059578,0.019527971962393417,-0.6543117424008738,0.45475794117886903,0.040518860216425874,0.018749543104440825,0.5599289481717414,9403,29,-1.4394871121877109,0.1906899292498982,-9.590612,-28.80722,-2.0541029927285543,-1.8762689302141375,21.352764,7.6631274
1890236,0.5050786362672178,-0.13523200891790468,0.0595983569847279,-1.2561601625238492,0.5046858266793196,-0.13428596271797025,0.05549214809828826,0.5518964067585316,9404,32,7.822246827697819,-1.6434394253485487,37.710644,-28.861652,-1.5341237447704177,0.06385716287164087,-13.547693,-9.327945
1890949,0.41718757208102747,0.026851363913244827,0.16390468024604687,-1.5368378636064584,0.4091329096557879,0.02624111072523977,0.16431433952897015,0.5618003177692525,9407,142,-2.5177192341139003,3.91832765474962,-0.23906264,16.261517,-0.27487885397621253,1.6928876287446735,17.916328,11.31249
1890951,0.4230562466373719,0.0409971247112138,0.14681506363888627,-1.5359814768880988,0.4157313414321195,0.04053751810498473,0.14740848538184104,0.561765809976146,9407,144,-3.010498504928279,3.3902719080543773,-15.318526,-2.9242702,-0.6655515702144846,1.217434187681222,18.726385,12.01657
1892465,0.5161842899872567,0.16495544148404565,0.29106169057938874,-0.92995314723869,0.5105261138818045,0.1617536667633112,0.2934840561212336,0.5619386729052054,9415,50,-6.106024776478141,0.13993997621800797,-43.59524,19.284853,1.014614455207758,0.4716846729166521,-11.822424,47.943367
1892670,0.4508946214494779,0.04926185046776397,0.20007544547926667,2.2628281131579606,0.45139434650631227,0.04848266431755348,0.20122005103422907,0.5619792638378893,9416,54,-3.3278075766062245,3.698110123160809,-4.2026553,15.277695,-1.5676606683506153,0.6397517084556263,20.042671,14.580561
1893055,0.502286393440071,0.25325216069646594,0.11128203389149992,0.43939295738367684,0.5014223415622537,0.25424824681428315,0.10648678262277614,0.5616021019552364,9418,37,-7.779865354167683,-3.89145211886447,-57.019722,-16.437841,-0.203102907756534,-0.14623925563920698,-48.383423,30.105967
1893221,0.5432060647412493,0.22311521918089958,0.019959899117348447,-1.3504611461951597,0.42960445853815177,0.009160077992652622,0.27019050667582134,0.002292056094829069,9419,2,-3.236490838873636,13.4574126263699,-5.454016,50.431484,-1.9846168093397054,-0.19837372085002503,-56.360584,29.328218
1894505,0.5360717608761683,-0.11507192846862001,0.01996072471312073,-2.3439579172466827,0.5257082388855372,-0.10678744397976984,0.09283427653601817,0.05064227723236705,9425,80,6.612680667979463,-0.7443886556895193,31.554346,-32.607754,-0.9256455384424576,1.0948854794739975,-10.292741,-3.4301603
1894585,0.5311882186024592,-0.11143228051579679,0.019960578926573522,-2.3058797559265627,0.523056617342823,-0.1057027762637775,0.028458641412020508,0.17855664669650315,9425,160,6.606912802863314,-1.234960562451925,36.296906,-32.945347,-0.4003406737979422,1.125338652296839,-7.724247,-6.8412766
1896005,0.32577380484256213,-0.032953981847111256,0.019960724713120808,-3.016393416577183,0.33305667646893494,-0.11892219416885845,0.2671525504267852,0.011451022252225157,9432,173,2.906405187829287,2.0451333640305664,33.7029,26.260433,4.044238746126083,1.908420388205107,37.66724,-42.148365
1897388,0.3475955000398195,0.128408008118879,0.0814012994439836,-2.518296066218825,0.3429230893324731,0.12483185586869754,0.08157212392938817,0.5614059066925422,9439,149,-5.962009915935605,-0.9244129355618215,-26.934,-11.324492,-1.7594248622362545,1.2305619135107329,12.4184065,32.70263
1897469,0.5074693500898945,0.145260799948196,0.02495516005549604,-1.0575753862990063,0.5074316004468952,0.14529052237515228,0.0216022648980351,0.5617009097241117,9440,29,-4.380200208157106,-2.374421328538881,-35.382854,-32.23164,3.4951593992392374,-0.16106610027115806,8.459715,61.280853
1898685,0.5098712267707887,0.05285171395622976,0.19386935125246987,1.320759980077873,0.5033698565934216,0.05478358386953113,0.19387898043104998,0.5619190072315069,9446,39,-2.4645678570962355,2.7439897306690324,-2.8872476,10.632468,-0.21614712167441094,2.071944415410571,8.677037,9.140327
1899793,0.4598151449637014,-0.26971180605636763,0.1693112501480936,-0.3372684253372171,0.46108721708207556,-0.2666194003765068,0.1678032038835144,0.5616725989873625,9451,142,8.563722717890359,-1.536090258061328,48.50961,8.142981,-0.12111128897618265,-1.1078106865757185,-41.265392,-15.064204
1900760,0.29685180262041605,0.20102720578887684,0.01996072471312084,-1.473613885256033,0.30443423475225545,0.20374819466918714,0.0972267973777256,0.02258080207865225,9456,104,-7.3279323285662725,-2.0360143344567065,-39.253677,-4.719101,3.9077292230956004,-0.09665448268841503,19.004786,32.891315
1900811,0.31010482111633625,0.20287596211215939,0.022451328541351224,-1.45710463636925,0.30946257144748857,0.20286710398540603,0.026763446560360782,0.561868398978898,9456,155,-6.784929579484326,-3.510583090625084,-42.98681,-7.1010036,1.3698997931853751,-0.33932016580049007,17.483185,32.048264
1901978,0.34856560649724283,-0.22893526890186458,0.021745196284146385,2.981259989558643,0.34652989976054155,-0.22862103611233175,0.01975141479843648,0.5618298385236267,9462,116,8.81529830485032,-3.416606363515188,65.96656,3.515229,0.3095834607434356,4.000091922903399,-11.692584,-61.768017
1903873,0.32355870200461273,-0.24458271938583542,0.01994887806559409,2.509437862819837,0.423108743935771,-0.000696752245888741,0.27671838358637774,0.057601592645093284,9472,1,0.10661569724441058,14.073168925065454,-3.6857893,52.27779,4.966284181659424,0.7534392148683478,-9.774165,-65.899155
1904127,0.42899689350170905,-0.09685128257127144,0.22115838570912796,-2.2669335742364667,0.4248489295672608,-0.09327766028221199,0.22578682328192465,0.5617190872141712,9473,54,3.2241018473957466,2.8822177903950457,14.21771,16.233438,-0.42056475083691025,0.681393235265667,8.242059,-23.46391
1904188,0.42755935497062386,-0.10152683686764566,0.019960724713120815,-2.1731356510815933,0.4236710384677105,-0.10231006166603102,0.017920513563664975,0.4725802640325094,9473,115,5.763606267764263,-0.7547411233752429,26.544598,-23.305368,-0.4987424924830844,-0.20339993677013055,10.657459,-29.695992
1904679,0.31592197569372704,-0.15216471220479147,0.01996066750954162,2.090880382600681,0.41046061623579805,-0.019245356829685915,0.2666688285953378,0.0028223442518190305,9476,3,-0.08473163706264611,5.591290255517536,4.7094226,34.414448,2.8840518235563515,-0.5532324407040035,10.663134,-61.303135
1905016,0.39184577745024896,0.342943513645466,0.29745064892728307,-2.143116780962502,0.38588510359143163,0.3336816809870205,0.29839227667025475,0.561765297100306,9477,139,-7.866243561537016,-2.1406816889704436,-56.574223,15.192678,0.274010515653411,0.6958995990841613,-22.054962,17.239592
1905412,0.3631678619749647,0.11757144897830052,0.19131910222387039,2.4952155849973026,0.36151925567789794,0.11559157878042108,0.19099122582486916,0.5614623405493402,9479,133,-5.930815992101634,1.4200039651118437,-42.18304,27.525211,-0.09103968747419836,-0.11537340188124409,1.1848204,13.32611
1906444,0.5157819457308734,-0.02221564280197174,0.019960709898305715,1.2739840822188597,0.5161397215725068,-0.024297719036345977,0.017114507801914286,0.3347169864697289,9484,160,3.1728060457560145,-0.6363455939595226,6.882246,-41.723267,-0.295325109968279,0.1317717768869979,-2.2122538,-4.473722
1906907,0.5105139057145248,0.1480781053441898,0.019960724713120808,-3.0336843790843555,0.5142934180673052,0.14774012238112721,0.04579736770393497,0.045164302279715504,9487,20,-4.70781387639457,-2.4783432250885737,-35.603966,-31.683966,4.671864958049443,0.1574830046705358,8.36658,60.948586
1907875,0.4440001196005074,0.20677953310225403,0.019960724713120808,-2.537663303966854,0.43807783514780724,0.21993722423295498,0.14365871363981997,0.09859718412208189,9491,184,-8.425023949873022,-1.990536783927492,-39.27122,11.446766,-1.2710652849558528,-2.0027423541310325,-24.333467,43.629375
1907899,0.3940944430480173,0.16669239522818807,0.019960724711801964,-2.272650837920567,0.41047006830903465,0.10531179117560903,0.22106361562030916,0.06979433298261187,9492,7,-5.8925238070015835,2.6261861158119513,-23.21659,20.535826,0.48552315459659967,-0.6539054223059081,-3.5885477,35.474407
1908199,0.3819660010852328,0.10532305935825223,0.019960724713120808,-1.415201408280058,0.388572700887095,0.10324281155001801,0.05808126435715641,0.003741639467078849,9493,106,-4.981845160003798,-0.5505819709045285,-24.73239,-18.038301,-0.7560880591656142,2.103545158504463,10.078603,34.67091
1908815,0.5425067550693979,-0.05024474159060752,0.048256993022125085,2.1505236597522535,0.5415853026671985,-0.049018363038293815,0.04379890499184422,0.5617394464195498,9496,119,4.43399497875849,-0.6930567538284854,9.459714,-41.770412,-0.7999561193808051,-1.1846484367158105,-0.38466546,-3.1061108
1909353,0.4414761665502583,-0.00934348031075223,0.21179975323960512,-1.0061596672192332,0.43785617958053336,-0.011923524850575781,0.21543723311606217,0.5616439469661306,9499,54,-0.7470080279498137,4.7209265944513055,0.7729799,17.632177,-0.1832279682188151,0.6427132789263108,30.583961,-8.78741
1912563,0.31134708391168886,0.3063109311591413,0.2577559499303448,-1.3901421155834326,0.30252466823975815,0.304732870326001,0.2579168264932977,0.5615383476804927,9515,48,-7.458056447472282,-1.6262657695892124,-58.478813,16.33294,-0.017049119526694315,0.5433564447723699,-20.234188,14.692259
1913393,0.4114148394654664,0.26030365388813703,0.019960724711893165,2.6574186923718814,0.4116878391764227,0.25912588624335686,0.019758336005543498,0.10999468755472476,9519,74,-8.938133172068298,-5.112694953113407,-61.82445,-4.2364054,-2.3370814270666553,5.420060276932758,-29.445965,27.278635
1914391,0.36954606671501256,-0.2282020009778622,0.031864670616765844,1.613214400957646,0.36992532796729244,-0.23167911388717025,0.030212709578474023,0.5613249337801716,9524,67,9.339650834561072,-3.3441874304372385,64.90577,1.7040501,-0.5674046360764619,-1.410063000045877,-20.438238,-43.81009
1915764,0.3241183706251772,-0.10458521269243004,0.05545540802071728,-2.005451744531458,0.3216967785171706,-0.10344222648971477,0.05518905933538984,0.5617212705295769,9531,33,4.769932856613971,-1.9525967910956492,24.971882,-12.1643915,-0.8320030287719375,-3.3281341844409553,21.119217,-47.29758
1915947,0.5473429244645043,0.2975108806993961,0.01996072471312081,2.5809014780759014,0.550163787798414,0.2803430001675319,0.09601599428817162,0.07520897249803696,9532,15,-6.747045888128748,-4.244043478459648,-60.122543,-16.719715,0.25098457881102537,-1.375163628617834,-55.76248,23.134258
1916004,0.4928122084915053,-0.2750361423632726,0.019960616084978525,2.0547651958247566,0.4859242003168959,-0.28042470826417326,0.015380364113276895,0.2944874241578126,9532,72,9.689189896988067,-3.989300971954796,63.81162,-10.638708,-1.723312247806485,-2.86691722610911,-47.11768,-11.951737
1919077,0.47801240056410366,-0.24557990749823871,0.20353746511322263,-0.8654445601513134,0.47247227497158617,-0.23925904772582007,0.20056516676770406,0.5618528071143645,9547,130,7.901099880467609,-0.9256889075591596,48.335194,6.7939773,-0.6533161059324875,-1.6252794076432444,-40.85355,-15.499701
1919335,0.35346669907152417,-0.15108385255034174,0.019960724713120798,-2.2219749621773754,0.3568511751476001,-0.15418283077077116,0.1413529424571951,0.0540921482193768,9548,187,5.712555576658166,-0.1070076351292201,39.933846,26.593191,-3.658299192193595,-0.6710548580845376,12.416433,-48.463345
1920731,0.46997551374574,-0.19085009873722825,0.019960724713120836,2.1765456385689537,0.3942394399629504,-0.03446709297289819,0.21647058996112864,0.021406548828751825,9555,176,1.9666711265861667,5.061140340718896,8.492987,34.835613,-0.5165207237682495,0.24163223101014933,-26.65316,-24.19277
1921304,0.37370323304416786,0.30204773030329846,0.12647577883457736,-2.9362896000791086,0.37450133650037815,0.29903881663384657,0.1267644912322517,0.5614980879329576,9558,146,-8.59890927397146,-2.918143960953146,-60.118076,9.392495,1.0068566315861625,0.7707776322585852,-22.416393,17.48818
1921985,0.5260737999359826,-0.20577700906428623,0.01996072471312081,-0.24812619236860134,0.5266378439667504,-0.2047738164615834,0.019071373130236463,0.14113953631894982,9562,23,8.372646786456324,-2.903880991254325,45.315952,-25.876535,0.3006944586610083,-1.685948242015487,-33.369984,1.7541436
1922198,0.47522266113203443,0.17349236797526274,0.0786025495882918,0.20628199191220298,0.47112302592422106,0.17266746003561353,0.07458166063985047,0.5618196843636745,9563,35,-6.29271491508227,-2.848928717523339,-43.03503,-22.449005,3.2724551093180425,2.0869579330717665,1.3575108,55.54012
1923416,0.5215011885216346,0.0525427199674385,0.3101900681541925,-1.3915925630166037,0.507006850052416,0.04978561377971208,0.3131986513232451,0.5617019382418874,9569,47,-2.922401781323784,3.402922795163171,-2.7116659,12.586047,-0.8222058177456811,0.9389683330693056,2.3488388,7.994823
1923877,0.3196951061266587,-0.0017791794001200672,0.01996072471312084,-2.4732748889551615,0.3276925894995359,-0.007022847594255302,0.05008286743819007,0.006294968017468199,9571,106,-0.7847435495489006,0.9161289484425966,-0.22585492,-13.446896,1.6391519239489147,0.45366705636754107,47.734024,-17.594675
1924071,0.38778432396182916,0.2406979195215364,0.01996072471312081,-1.8009738468922836,0.39356275163264803,0.24079050675071448,0.18657899779756365,0.07010405940567889,9572,99,-8.833453329266211,-1.3637091463786657,-56.95225,12.691347,-2.056253066477747,1.045993297448683,-30.11962,34.110363
1924315,0.3190598876631167,-0.14489577424973818,0.14868430129103619,1.593632017370564,0.31896421283746845,-0.14111078536598806,0.15062115846085636,0.5619506482056884,9573,142,4.6383440943264755,-0.2544422551186035,40.276367,29.126991,1.442572705706316,-0.43257753699115037,24.600433,-52.256886
1925135,0.32613694659635756,-0.05328698936940998,0.019959857156537447,1.3828503942906714,0.3183057492187427,-0.054373896514953994,0.023357954588723084,0.31825862951629796,9577,158,2.123667817771331,-0.8450349396220183,14.123464,-15.195195,5.249353733561028,0.08104661867480592,29.227009,-42.45695
1926070,0.48569078899239587,-0.21035957869320754,0.019960724713120832,0.1703468231133546,0.5320464798756122,-0.07422546564473641,0.24070654772592823,0.006563929582818441,9582,88,3.353641203813476,3.279275380935949,14.053169,9.167293,-0.016373749291162185,-1.5822193903733484,-50.213844,-22.056894
1927830,0.3100539736541057,0.0231325359131386,0.11255442303216752,-1.6393333187349661,0.30995271508236755,0.027340335719139568,0.11183437862703602,0.5614236971433428,9591,39,-2.3964378474584684,2.4206266605568985,-4.5312467,-7.6027317,-0.7837014977608504,-0.24688403940505882,43.418312,-13.929708
1928420,0.4241891638977813,-0.2704162679518181,0.020115062952863163,1.8596449281189638,0.4229575705139488,-0.2701016188622353,0.016716823258523472,0.5243776884700672,9594,26,9.879805269431225,-3.6822553252512007,65.372696,-5.3657117,0.09185544062530519,0.32360858444077417,-25.892162,-43.11848
1928734,0.4038198265372906,-0.07587823093388203,0.25594232993097027,0.05803168241380754,0.4038854234727559,-0.06982052568393317,0.2568118953088241,0.5619491971495353,9595,139,1.8344829967812517,3.5179372846731125,11.141471,18.252962,-0.86530204148734,-0.7577782993192701,13.977836,-20.473131
1929034,0.45507745617125445,0.014986425416780944,0.13667207069749573,0.34071043839529647,0.45314004858432466,0.020400817492748066,0.1348622223820048,0.5615237631677592,9597,37,-0.9051122932102083,2.884546924150156,-10.476437,-1.7322855,-1.668638877311661,-0.6854649658586972,20.158812,6.206398
1929406,0.4401680997214465,-0.030457152798832224,0.019960724711801964,-2.244612920201547,0.4478036923821543,-0.02803161061978586,0.1745291829454805,0.03424922054198143,9599,7,0.7094519427965862,4.443564907094838,-2.119406,4.3296614,-0.13911249217109978,0.27122623809067437,21.020176,-6.5272436
1929474,0.4661761799642773,-0.16998940791004796,0.019960724632668313,-2.5786356176600096,0.46032937961357123,-0.16996348164983155,0.020326280453586115,0.08861395118389026,9599,75,8.623735872752748,-2.351397478124295,36.335697,-22.609524,-0.03155565873464504,0.6000277390623671,-20.289125,-22.264818
1930595,0.3256660561122579,0.08506336558146556,0.019960724713120808,1.8920633773453819,0.33512436595547834,0.08736535460153191,0.0978193729980339,0.012837093762116279,9604,191,-4.961988529246742,0.7790549053852167,-19.31997,-9.671168,0.4009690380367422,-1.5767355194697021,39.994152,4.9405184
1931043,0.5222342162369559,-0.05711628322666654,0.10080934311426239,-0.8235070047683065,0.5224481737953616,-0.05650753918330909,0.09590768128981206,0.5616138388033534,9607,36,4.5565929795896825,0.18297421316647905,10.312768,-35.1429,-0.25802492090774587,-0.2869192573546244,3.2754648,-2.2981002
1931859,0.43424775757994866,-0.10225806142898036,0.32447354542576234,-1.4004510735436895,0.4318919406158866,-0.08963289065176588,0.3270324593017313,0.5615355639798779,9611,48,2.4802599561103396,2.9910635841248117,13.082789,17.32094,-0.4664962333688704,0.011301822127901321,10.354052,-20.899012
1931981,0.4041389149598558,-0.04114835046378545,0.01996072471312083,-1.505038829384599,0.42607507537570094,-0.017369206350541407,0.16374647583872817,0.06647733948984344,9611,170,0.442845519362425,4.425670333726297,-1.7693634,3.8986075,-1.4680979425226741,0.0383890591915394,31.24101,-23.519026
1932549,0.4129991248122478,0.07373199392023419,0.3015290256137844,-2.432370064163923,0.406122178397273,0.06777877079992381,0.3005102280339117,0.5617907436989212,9614,135,-4.541782515091794,3.1478352658832813,-6.5825706,18.535824,-0.16554209511224544,0.5253064494402975,13.301448,12.39136
1933027,0.3887560579864525,0.050906274005120974,0.019960724713120385,-0.788027787485086,0.4026055982101686,0.04389635068281779,0.14757105558505965,0.003977301820303348,9617,10,-3.55488801968579,3.651688324329469,-13.307743,-0.15607922,1.4349108536147293,-6.328584645876897,46.448597,10.038382
1933075,0.36859700614012564,0.08780552790988835,0.16546499420234093,-0.3614130448538221,0.3673685008957882,0.08835489922332732,0.16411151839172583,0.5619618109398326,9617,58,-5.239885573859981,1.948080538501419,-39.219616,29.108606,-1.0718375903880695,1.096704549643846,39.92229,21.619793
1933245,0.4448249654977098,0.2653385230515325,0.019960724713120808,1.665061561085559,0.4425719275550988,0.2654081746430276,0.01772816089820023,0.3851851178111303,9618,27,-8.792138175282071,-5.365641447686749,-63.76382,-7.585026,-1.0531355053258367,1.7207523489961296,-36.526127,25.434816
1933250,0.43409298353714276,0.2664537673208588,0.033858387037924174,1.4905789781137622,0.43404793364524746,0.2663167838078522,0.030476648811489815,0.5612453292021924,9618,32,-8.873775016791434,-5.187331967085913,-63.492188,-7.0047646,-0.6880422813111831,1.562995495854091,-36.345287,25.539549
1934109,0.30388180986770624,0.07089253537654963,0.019960724713120815,2.501549625662576,0.36073473015363167,0.16527533971588496,0.20138796312771154,0.029680968774020888,9622,87,-7.217789780617332,0.4232479638371517,-32.878483,21.361189,4.549483595562582,-2.348720198654616,42.942516,3.2918072
1936193,0.32315640782704386,0.002038836694057251,0.01996072469259471,-2.311100675804318,0.32171510932361763,-0.0024771766479748706,0.023947862146182608,0.08190419063345414,9632,161,-0.7693464898810216,0.26488012965289937,-0.036825668,-14.369609,0.334549742618423,0.07150368392587952,46.550514,-17.167894
1937021,0.5222735823364546,-0.13672691785381866,0.019960724713120822,2.1967042046116485,0.5245708039219021,-0.1410874886249411,0.1286034836933205,0.08206885983999601,9636,185,6.886994015913874,-0.5704424836234838,32.93929,-0.4305393,-1.148653865718081,2.327750934682234,-18.6057,-12.540461
1938766,0.4859941551321522,-0.0098116078142359,0.0777760488573314,-2.35624470399188,0.4826950179967507,-0.006603810279795099,0.0748342958530592,0.5619192073471555,9645,121,1.6869482073195712,0.5857696077286662,1.6472456,-33.90775,-0.9993176219040072,0.24442106335357566,13.132433,-0.33739534
1938775,0.5346670513577566,-0.004980131229945066,0.23858207836922363,-2.3650856492785857,0.5285493494654278,0.0006305859677614056,0.23661018884468915,0.5615079977863577,9645,130,-0.2074395125461993,3.640403983682238,1.4572728,10.925178,-0.5261330265492029,0.19379037811212266,3.8849726,2.013417
1938876,0.3581713671838688,-0.11057962656448467,0.019624151376213574,-0.8257231220348236,0.3567792545440589,-0.11184232715021519,0.018694914323499068,0.5613411326304516,9646,30,5.426760618591946,-2.1225174911083657,27.072285,-13.960256,-4.407291115944825,-3.7102586495446848,17.793745,-42.81883
1939124,0.3713274310325548,-0.12640345144317017,0.019960724710439387,-2.63843003143051,0.3506034608222445,-0.12326632235529203,0.046948644387982824,0.04794387490353816,9647,77,6.271556925634439,-2.301468018731123,27.118982,-12.741463,-6.005835744397586,-3.3144340399959287,14.679808,-45.53391
1939509,0.46560876561050374,0.03396682106610248,0.10954572561979964,2.6187313513040897,0.4682726892766758,0.03249145980700597,0.1110856839975859,0.5616392828147073,9649,60,-1.407552262688491,1.9475102300474987,-11.005651,-2.7280161,-1.7885450338662265,0.1580930871150747,22.500986,11.701996
1939664,0.3849489857647923,-0.27714299085524846,0.019960724713120815,3.1033214682953187,0.3944644920976114,-0.27045386147883543,0.10514677861438843,0.006793277430989905,9650,14,9.142992335012298,-2.443978191605438,66.095085,14.197656,-0.8704262793227746,2.408421370644647,-21.3015,-58.277023
1939688,0.3715988632581229,-0.22984356700989825,0.1464813805222593,3.124396712725493,0.36338958842615116,-0.2300669323408929,0.14352532462267983,0.5615897811650001,9650,38,8.067119434766436,-1.650475232160725,61.739918,16.153107,-0.8807347279209705,3.0216219897156313,-18.26358,-47.02088
1942008,0.5204968058039188,0.21753999095470392,0.119124140725226,0.20725631140363748,0.5203910489777943,0.21886901369285972,0.11823247843072307,0.561602397399188,9661,147,-7.2084519547557075,-3.1476727416265744,-52.50248,-18.4191,-2.008038211004602,0.6314991325514883,-17.666449,51.510727
1942287,0.31858748631001155,-0.04441134693976706,0.01996072471312081,1.34497050511441,0.31468186029214973,-0.04287854059911933,0.02302972594365224,0.3324225059278102,9663,24,1.4194203288141491,-0.5964377555423293,6.2945304,-13.998948,4.979032550831308,0.4549432424867888,35.961227,-36.258102
1942805,0.35737027263367843,0.23340558737827685,0.2510972925682595,2.6385154543578513,0.3539582307001489,0.2350175183459964,0.25275282016300604,0.5621786980964066,9665,140,-8.17553336520877,-0.9682175485784075,-56.317265,19.037457,-0.8796779843840192,0.8008139875531349,-8.610208,16.456642
1942858,0.3538501030542504,0.2564133744912321,0.0199607247131208,2.619089092503688,0.35801867898927064,0.25818871466288684,0.12992038849031015,0.05302958513710907,9665,193,-8.737514836175077,-2.2963914656992404,-60.42813,13.225535,-1.0548096622347958,-0.27308974787501117,-15.014426,17.638477
1944354,0.5531288622962932,-0.05634782374100475,0.01996072471312079,1.9719216597195228,0.5220614368621234,-0.0608539835073724,0.14184706395011631,0.05267764142595107,9673,81,3.9636169070272342,1.3994088056637635,8.549878,-31.455666,0.1401122481543896,-1.064323774618242,-5.0884886,2.1144485
1944960,0.40469498426426503,0.2497195380970736,0.019960724713120832,-0.6690451442805492,0.41873387832215825,0.2073703482383397,0.18077437746081335,0.026338090240060064,9676,84,-8.320627618215426,-1.0826734655701442,-36.12185,14.633269,-1.8755513743997243,2.162350688644305,-29.734127,32.895584
1946064,0.3284627154565886,-0.2914509979629945,0.019960724713120825,-1.2161782920916318,0.3604920920299445,-0.25574561203861595,0.19045165509097728,0.021882644464974323,9681,183,7.297722141901245,-0.9362830739238331,58.187325,20.08826,2.331567332854382,-0.9009348806888865,-9.279546,-48.72961
1946270,0.49618148827052944,0.004750129881702578,0.0199607247131208,1.038900302402314,0.5028688730803753,0.007067219031768182,0.09832030134514164,0.06014199310411909,9682,188,0.5787529611824375,0.8551702993347864,-0.5378855,-33.817905,-0.19339289342818944,-0.2999565898114142,14.575166,4.2188864
1946475,0.42385598317093653,0.039325118872046795,0.019960724713120822,1.6649910338258858,0.43205607015612835,0.034350719513251735,0.13276056416758097,0.014858498709469505,9683,192,-2.632568614770014,3.3433266447828673,-11.872068,0.51046944,-1.6287027437158061,-4.524612349836465,30.08666,4.2167144
1946945,0.4905579664258239,0.24888834432042486,0.10087387340069015,0.49998079430397285,0.49168353806021836,0.2471762594155843,0.10025149640766975,0.561363098061593,9686,59,-8.279794355617353,-4.007694759201674,-56.17012,-15.846734,-0.35719254823570107,0.2674881949881537,-22.421164,52.669464
1947121,0.3972523463786156,-0.05609163366182692,0.07288490989565326,-0.6380261852244231,0.39486677101697565,-0.05878206543613454,0.07079876562995768,0.5615500764038827,9687,34,3.400723785019247,0.8949872430109854,19.496141,-20.286636,-1.2880082808149242,-0.5569072566231199,17.369993,-20.58801
1947441,0.4448431737465836,0.23305351914229758,0.04617649266741704,2.467801050235432,0.4428844108878698,0.23491428594232683,0.043628401275760176,0.5613779278022507,9688,153,-8.591180982647549,-4.909703765789897,-55.498287,-6.663381,-4.071268439673137,0.8955117902212311,-23.21004,35.869137
1947614,0.29325836900301555,0.25729020963511606,0.118864651985621,0.7943606406585207,0.28914569664309336,0.2532135931860844,0.11950669782252027,0.561550020398691,9689,125,-7.8177714664809415,-2.237138092440221,-61.046864,15.898822,-0.46129899899999954,-0.1029176470578438,-4.74457,12.0708
1947814,0.4572268389665097,-0.1153033466032459,0.11783772451220244,2.848700494474927,0.4502457457473906,-0.1131728948789999,0.11664443751939499,0.5616508311029191,9690,124,6.040553655853158,-0.0037720727836641488,25.30884,-0.062770344,0.03650016715516434,3.1670142820703613,4.2942915,-22.449978
1948295,0.33327450714874357,0.2669203459944002,0.019959899117348447,2.2335757503363443,0.4196118590411597,0.01647710220405174,0.2717401106501135,0.002299759939452635,9693,2,-3.279150129669741,5.648335727661908,-9.230361,32.455467,1.5758952133871162,-1.6971291915509108,-26.733644,13.655134
1948857,0.383223470598316,0.11012930038545832,0.01996072248398621,2.6569478951165,0.3862380583378057,0.11427498512534111,0.019313067230677383,0.16578257172897978,9695,162,-5.009761841648135,-1.4613255280812396,-26.209166,-18.705593,0.6382342266751899,0.5905625757724384,6.773004,34.239944
1948943,0.33221970990663724,-0.2059346678189793,0.2842953421182323,1.278219656150738,0.33318414145390246,-0.20186290037988774,0.2838898601732548,0.5614955567070893,9696,47,5.230314239651364,-0.08660467324134617,53.046787,26.591726,1.9115581108085298,0.3480919793617645,-4.9277806,-53.642483
1948974,0.3994350448350138,-0.20736884674056522,0.01996072471308582,1.3295423143584175,0.3915193780313011,-0.20191512292633942,0.10337787265208115,0.06953076266944018,9696,78,8.454573692480123,-1.8258354121108993,49.569572,14.2367525,0.4047753653706152,-1.3843064596402601,-27.347864,-35.437134
1949543,0.415493005857408,0.18214797682830813,0.2663118546311281,-2.6286047576123233,0.4113388469229813,0.18013201583562746,0.26133379720191274,0.5617300005299452,9699,44,-7.39250700985679,-0.15640666118359564,-47.985115,21.526709,-0.9355586470188961,0.32528356309855766,-0.9886551,20.13322
1949742,0.43017723859854384,0.06288981662355844,0.22787431768342892,3.084947221738928,0.4200319615847398,0.06354501409199628,0.22582136777726805,0.5618787823440721,9700,42,-3.9886012941362865,3.5860051679152254,-5.492313,16.181538,-1.2551162739437272,1.7699421784041078,19.963278,13.691801
1950129,0.3282978313176767,0.0007379099728991538,0.02103312002834935,-0.6937639961271668,0.3277336524003496,-1.0556608994528985e-05,0.01962876597955429,0.5409207684751294,9702,27,-0.9516051785832358,0.19220972016069,-0.6432287,-14.674763,-0.6956279199674865,-0.08716495959435441,45.29429,-16.378069
1950509,0.5405374346174115,-0.062309752528755306,0.019960724438452215,2.354148794688224,0.4668298856921735,-0.020412251338516773,0.2532784910117131,0.05861572400171831,9704,5,0.7408146717781328,5.690120400271037,8.297043,38.007885,0.13955471297504957,-0.4096808415936296,-5.5689535,2.432546
1950978,0.36482939279509236,-0.19058182195941312,0.019960446035727886,-0.6820854335740487,0.35957442974980625,-0.18793363023553405,0.020493730570095126,0.25532532759892357,9706,72,8.149616703391214,-3.149599711904173,60.38058,3.9806983,0.249421119030048,1.4678725077626624,4.5916805,-54.8054
1951051,0.3651778442794138,-0.19868153909250655,0.1165727817995946,-0.7004941842030937,0.36333241446677256,-0.19713412533354113,0.11604225943316879,0.5619490371719,9706,145,7.608853993998388,-1.8279953991670674,59.516983,11.882976,0.16885311658035596,1.5713700724196902,1.3530246,-54.89858
1951338,0.48615970559387006,-0.048145176804832185,0.03329575932400956,-1.3147197266499544,0.4854795709918323,-0.045891413331023936,0.032673341711792175,0.5499520090088921,9708,30,4.181201814501288,0.05080817966207388,8.116234,-38.27563,-0.32191100014744684,0.4151237275437778,7.3753905,-9.094076
1951391,0.4464494618811124,0.216759618937324,0.019960724713120784,1.5529572434541503,0.4431630675871252,0.15775950544971107,0.17850924965752063,0.032558324381982875,9708,83,-6.748076494818873,0.4168306290431306,-29.99064,11.811604,-1.8493904852839125,-2.002949828040899,-24.682343,42.765343
1952256,0.5086404930185006,0.22348040546135073,0.1427902232580962,2.2984749037857832,0.5024127163351916,0.21775117579613967,0.1412555460739705,0.5616624772339862,9712,144,-7.609292382039899,-2.5388776565212114,-52.51536,-17.083136,-1.5004112695865557,1.1856692206830977,-17.469738,51.1937
1953092,0.4906587238967721,-0.09682078267683936,0.019960724713120798,2.7580538503173715,0.47362785060756973,-0.005689645328429003,0.2014319367906916,0.049457426779381516,9716,176,0.8114144941372148,4.84161786866632,9.633133,38.71988,1.1889442418056202,1.553057417139474,-6.3805566,-14.927244
1955332,0.4243304572192156,-0.17222546663141236,0.01996072074929776,2.2224818423196764,0.4315867211916848,-0.04632688437510286,0.24072302234198698,0.015450189801204378,9728,4,1.9441816044749365,5.249946812500528,8.880527,35.01792,1.3501083678563655,-2.2332025429188063,-21.84703,-28.268324
1957221,0.4363852705602831,-0.05909580479558268,0.019960724713120784,-1.391827395810378,0.45813827594538475,-0.05125193271311839,0.17325091189666972,0.020156843067641542,9737,84,2.4713842288399355,3.5937589683091273,12.158087,7.3900027,0.5287306911257023,0.7130821862855082,26.757402,-22.136854
1958273,0.4890073707906801,0.008052748837839593,0.21295931632061257,-0.15082419757603513,0.48886741450306304,0.006717691924051144,0.21095819172232744,0.5613554972035669,9742,131,-0.7409941494284138,4.025996841990435,0.5667132,12.066876,-0.5078646041046252,-0.4194248685613056,5.262428,8.239908
1958363,0.37430868177057963,-0.2547665451279416,0.01996072471312081,1.548252644502491,0.3813045069504637,-0.25783411061869405,0.07040635015779381,0.013079751251821042,9743,20,9.507338584164321,-3.005009903185333,67.02229,11.849914,-1.0908753183483617,3.389275258421405,-20.504036,-61.362648
1958614,0.31727674396352834,-0.23585287878330927,0.019822543829056804,0.6288595251421855,0.3193291191258583,-0.23714292438727716,0.023079673939624984,0.45284818706928825,9744,70,8.03076549665889,-3.591594430047762,67.5969,5.0806456,2.4340670173662127,0.3497211784077257,-5.65151,-62.61262
1958722,0.3288126646996496,-0.24079443712722007,0.01996072471312083,0.6358749746817092,0.35968219550084424,-0.22635116054107415,0.1790517816717748,0.0985038308503808,9744,178,7.106269098476334,-0.75194958063912,57.788364,18.94404,4.47897731531195,1.3932903989007444,-10.460144,-65.473206
1958723,0.3288126646996496,-0.24079443712722007,0.01996072471312083,0.6358749746817092,0.3527213640182886,-0.22830757119504008,0.17895481812824787,0.09377018474135997,9744,179,7.039782987172865,-0.7838348892514093,57.927704,19.003561,4.469195712196523,1.4428224194909753,-10.367886,-65.45205
1959931,0.3287895082279908,-0.07083246903873423,0.019960724713120815,-2.3912850270841273,0.2934532845309642,-0.1363240899098429,0.2619043831467829,0.011439734374784474,9750,181,3.1070387871063683,1.307371293200993,37.001133,26.241346,4.203035841610026,-0.3241071988693199,35.824287,-45.309307
1959992,0.40923789476624767,0.16861388302479557,0.22297766222036944,0.8093220889529981,0.4038290593868631,0.17358976131258105,0.22199518770277707,0.5614737365780209,9751,41,-7.327073636299084,-0.1374822406067414,-48.29058,22.430931,-0.8512680029147335,0.5420786322904453,-1.2500708,19.479763
1960080,0.41920595104859715,0.24636964053549934,0.18070919260018325,0.17753108812117527,0.419176690827748,0.24642728453983254,0.1773729513607766,0.561563000136718,9751,129,-8.69731398330306,-2.296143719262846,-48.87415,13.186431,-1.7745685151232735,0.8820536706839514,-19.410946,36.453335
1960868,0.364656559710469,0.07954435856071637,0.019266453125923,-0.03447175709850815,0.36486543828103446,0.08196873089813085,0.01934650431626811,0.5602926059746569,9755,113,-4.226993223848486,-0.3471403295246198,-18.797997,-17.606863,0.16974284044841614,-2.16964889709411,43.505424,17.543983
1961358,0.3086545166920652,-0.15431825278261116,0.02,-0.01164509610843314,0.42499936761462836,2.0815939664237605e-06,0.27499917082007364,0.0,9758,0,0.07785216136546697,15.335921965349787,-3.0076408,55.240097,3.661627509369453,-0.5705402061240694,10.627151,-61.417465
1961989,0.36398918407478587,0.0680138852206656,0.021079815112818617,-0.7849966669187073,0.36317764001699837,0.06725669722395183,0.020219163934300677,0.5613499447202384,9761,28,-3.7066778046168616,0.01741383947135855,-17.425312,-17.450474,-0.24149671752764829,-2.690961048864473,41.881012,16.623058
1962749,0.46118982295780414,0.018435792824293255,0.0199607247131208,-2.0965844114975423,0.46508200202419725,0.015179575040601181,0.13418482582711233,0.02373853826302083,9764,185,-1.15254475091745,3.1044777432642516,-10.297174,0.3427504,-2.1750471874126567,-2.249284818047814,24.750193,1.943442
1963768,0.32688907747425766,-0.27747687164966167,0.0199607247131208,0.6430952013310132,0.32715334353661657,-0.2786180189114698,0.020857920279709036,0.5246915265720341,9769,199,7.873972438708104,-3.549873801382814,69.69542,3.7285957,0.6581427541060787,-0.28683299098096243,-10.791887,-51.99863
1964599,0.3619565318879938,0.2399670382076545,0.01996072471312081,2.5285845910875895,0.3562564630281223,0.23680019869101532,0.021391460068997142,0.4459465292739077,9774,25,-8.335650813304001,-4.474166819851565,-48.02177,-5.5553474,-0.8382733285782082,-1.7566810801929778,-13.253314,21.121851
1964781,0.37503949629678873,-0.07681801632913417,0.01996072469408796,-2.809698217493609,0.40130340824374516,-0.04109423125499889,0.2354779267356784,0.041751136164339196,9775,6,0.9835231976089189,5.159758595007148,6.1316752,33.31823,-2.3921571572300593,-1.9873357593558694,24.837835,-34.296173
1966113,0.33364520701169226,-0.2133506929855037,0.2651407435131368,3.065926544444497,0.33417862006941906,-0.20382543885449944,0.26472577041789597,0.5614680748048848,9781,132,5.544713472612749,-0.19173674839728785,53.223927,26.242043,1.520021435479163,-0.05872242152746638,-5.2006497,-53.433933
1966781,0.527718889720822,0.23271985671844558,0.01996072471312081,-2.5158208553110724,0.5249844371145347,0.23250191650621635,0.020119931944243163,0.13506164048981634,9784,197,-6.720227992234628,-4.834186686231035,-61.174263,-23.31029,-2.5251047432761933,0.2602497799996364,-53.1733,32.232525
1967251,0.3483016357094953,-0.11855438791663642,0.05198981647639472,0.8257766552776916,0.3447724221132785,-0.11516206621822386,0.04671943240805532,0.5622287264948017,9787,64,5.22751214889008,-2.0986561655937335,25.623728,-12.511762,-2.45974066659583,-3.2062918185705658,20.259783,-46.732025
1968319,0.48769305325263723,-0.17016842846559263,0.18519753346484508,2.946785737652735,0.4815642130272382,-0.1692384175129383,0.18275578501079834,0.5617650389035193,9792,127,6.630012189105038,0.03532089205612282,24.302214,11.689429,-1.1070476088761685,2.3960887316082644,-24.166693,-2.8145149
1968591,0.5348370260200831,0.09682110776819558,0.019960724713120825,0.9367494140003132,0.5355696963705102,0.09417760222760764,0.017517515296863823,0.19730001437639688,9793,198,-1.5535711802137921,-1.7775052966363325,-30.57948,-37.82244,-1.4660525568370288,0.4861013744581795,19.585775,56.677357
1968689,0.44189151338426785,0.1308058776542788,0.019960724713120805,1.5533447830862197,0.44868475581670547,0.12234507083399945,0.1831530385287374,0.012629578704725647,9794,95,-5.783741917391936,1.6377432076639593,-25.022228,15.928285,0.2436764114819201,-0.5613586025140492,4.831578,45.742233
1969218,0.34340795890623915,-0.0414946196214732,0.019960724713120815,2.130319262068154,0.34653099708608864,-0.04291613351052853,0.027527437138652355,0.11244727241235032,9797,21,1.364801570143015,-0.07059134137463884,5.7173185,-15.165054,1.721703031466643,0.9436133435474402,37.167,-35.862545
1969444,0.4489470261310294,-0.13064819157360233,0.287967423919143,-0.8152949391986128,0.4419928124237599,-0.12309568091393,0.2861458328410609,0.562266806755919,9798,46,4.113676469548439,2.188696886881222,16.135046,17.33715,-0.4442598724233828,0.7712338638873414,3.4686022,-24.676548
1969664,0.3594207288626728,0.09077276548320386,0.033757657918590596,0.7965432148806612,0.3546913030395442,0.09540511562291334,0.030873176577790762,0.5614658078548789,9799,65,-4.842587760646086,-0.86889891872012,-23.236387,-15.693983,-1.742423054033502,1.1639342261447392,41.710526,22.070255
1971071,0.5265338848676621,-0.18832861116625133,0.02418270499036799,-1.1712248409623656,0.526317564837141,-0.1874337802957479,0.026686640097209807,0.5615802981459711,9806,65,8.287100646389272,-2.5906167528036557,43.737457,-26.262043,-0.0379205188308649,-0.7745880957133409,-31.24262,1.1924181
1971141,0.5562907287149861,-0.24932173776996897,0.3071429322140544,-1.1764550886586642,0.5538825305602502,-0.2437567061486987,0.3073270902116611,0.5613313400241261,9806,135,6.244966267675468,-0.364603148846368,48.65044,3.972343,0.5851373641788283,-0.5689332187337539,-36.321064,-1.3830103
1971518,0.3477851524088935,0.25176160309925893,0.019960724713120822,-2.950189710833874,0.34719494047276767,0.2508169749316293,0.029872696295471984,0.03182037410208222,9808,110,-8.443585984968848,-4.420858887401859,-48.392155,-4.456575,-0.9603417712290386,-1.7958585113475543,-14.571218,19.502695
1971989,0.3697731812583653,-0.28000853507496776,0.01996072471312079,1.4926432309951583,0.34068033704032397,-0.11987202559662202,0.20522388889600388,0.050806738344077604,9810,179,4.0914986382580185,1.857394336785183,34.320286,24.56246,0.21245752191821748,0.9239735679534017,-19.302061,-57.776203
1972435,0.4093885511428892,-0.18583272048081526,0.01996072471312081,-2.4807725402364276,0.41631751248211657,-0.19282996514896644,0.040336004879586995,0.06408543269611343,9813,22,8.893421266512139,-2.612771774730294,47.386147,-10.233476,0.7853460335881767,-0.8170663602742458,-22.805552,-33.963696
1973781,0.4096204355510191,0.01908049296990794,0.019960724453320183,-3.120479250061345,0.4085913898141927,0.01277795573306247,0.043452948166950695,0.05600613798830364,9819,162,-0.817030790201213,1.1008079157136876,-4.373402,-23.862099,-0.8697894758250061,-1.1739291905364182,30.350796,0.30794773
1974059,0.4899193945883117,-0.2564625975233413,0.15460122999518372,-0.8025256544660994,0.4837768075845576,-0.2505935339594761,0.15229874735122514,0.5620046347503946,9821,38,8.716846426631065,-1.773173427194426,49.87141,0.75351405,-1.1829020373099206,-2.435414366138717,-43.546814,-14.763026
1974368,0.4628984559443742,-0.0738641302809172,0.11670412477665035,1.6055244462488993,0.4627889086010581,-0.06775610231834156,0.11664922222577875,0.5614575540882943,9822,146,3.88100829672392,1.466665116858715,12.749291,-9.1971655,0.8867112192175012,0.08015417207935382,4.8713827,-11.665618
1974621,0.455257301219483,0.20851262697916598,0.019960724713120787,0.9709925024783287,0.46334250749677086,0.21097369278362846,0.03889106425999256,0.05713493657333044,9823,198,-7.52648559290259,-4.552531456727298,-45.811977,-25.08901,-0.62338568396197,-1.6619315229616383,-13.569664,60.63343
1975268,0.5040990017096764,0.03231806398755441,0.15457445117367752,-0.03416154140656661,0.5000003938275027,0.03218079366974292,0.15399298514452353,0.5619286231450874,9827,41,-1.076683402462198,2.2741517443272383,-9.6045475,-2.0765035,-0.354531355004572,1.6554026674488544,8.801136,8.924565
1975649,0.3835118912436782,-0.08716359335579113,0.01996072471312081,-1.5051284794762803,0.38444821214723246,-0.08947875804101574,0.05220918506309313,0.007803711727884782,9829,20,4.597085184003449,-0.5465206550735324,18.751356,-18.154394,-1.7217394520282203,-2.3447278332167962,21.129793,-34.393055
1977132,0.3492804176443601,0.13451228523141648,0.019960724713120822,-2.825651942664303,0.35260673293280215,0.12223457388038925,0.16140469487863832,0.03007925388615633,9836,96,-6.245734944628748,1.174441522890104,-25.65853,24.718727,-0.9410740308361902,-0.12504178683604983,6.263459,28.281162
1978144,0.3971337932777423,-0.10617016441978666,0.019960724713120798,1.1787434770173288,0.4066774251795947,-0.10684414127654054,0.06600577060396295,0.04312749721776109,9841,103,5.845240277246985,-0.8347819613638977,23.488892,-18.847631,-1.4331917559490261,-2.058898876722371,14.090625,-35.512527
1978966,0.5112660208974373,0.2885180439994517,0.05304234419278948,-0.040755409660360155,0.511035848514583,0.28682361181313526,0.04837966312692393,0.5622597548122688,9845,121,-7.212220489186944,-5.074480661328634,-62.38871,-16.83534,-0.09509596749230542,-1.9374447176005358,-51.750847,20.965586
1979421,0.456886357047882,-0.17161094572011418,0.019960724713120798,1.227941843110441,0.4860617312088117,-0.07233081965518522,0.219633860469363,0.005727142369709302,9847,174,3.465440984124568,3.6520349829176957,14.697565,8.7150345,0.5867568651244311,-1.0872446248740133,-23.50813,-25.077692
1980508,0.35374828007593384,0.2726877344340111,0.19294057523617436,-0.7961786762594709,0.3515369676271552,0.27029506110654494,0.1891158284671312,0.5622607459490764,9853,55,-8.382234091297033,-1.85035628735998,-57.859085,16.950583,-0.3390424409591774,0.012315658963560306,-9.330194,17.88566
1981178,0.33116123798947844,0.1844087546201514,0.07908319847815491,-0.6017084520846324,0.32583162813315647,0.1836833868725401,0.07810624011095676,0.37530171771024523,9856,122,-7.164397591353488,-2.474895905915122,-38.020443,-5.376459,-0.5323319140813041,0.029081511676491444,12.7107315,29.309961
1981362,0.39601260281647105,0.228733393531858,0.019960724713120794,0.8701947671404178,0.3978661158314257,0.2295837868913096,0.05381684006437745,0.018013304722304443,9857,105,-8.708272947749274,-4.304405143447514,-52.64184,-5.8018174,-0.91075823237002,-0.7227583474936645,-12.503452,27.6201
1982448,0.39867722131401057,-0.2663731896192739,0.01996072471312084,1.6588952764113247,0.3969992790105499,-0.25880949494544236,0.18277626638884284,0.02154139858228925,9862,186,7.800927548634891,-0.8942960086638602,47.59755,13.404485,-0.746674974732061,1.2851627792076334,-21.765772,-59.701694
1982555,0.443254210309742,0.2666711538895338,0.019960724713120825,-1.2550625192699425,0.4079681648109844,0.16382792337863852,0.19992316610387242,0.051406752842076305,9863,92,-7.282768332677259,0.5418579408044882,-31.97573,16.702183,-2.0995663673060534,3.862999113734799,-33.46502,27.013794
1983711,0.43842382778959693,0.12957433703695387,0.22136490690756863,0.5959749289929344,0.43491830774727885,0.13421065069978713,0.21880380340172417,0.5613594390153249,9869,42,-6.036536428073462,1.0124472864703216,-44.584812,21.837336,-1.2036068505465016,0.24022993706004217,4.4982753,15.245327
1983795,0.4408999241297793,-0.1312103052414206,0.19338354703792895,0.00726539099769294,0.4405652971962648,-0.12347470538374306,0.1944309233634601,0.5613198098024708,9869,126,5.037915816776632,1.4856996597058045,18.813381,14.63158,0.7741435007227733,0.712442140408571,1.6828659,-26.821104
1984009,0.513748917982726,-0.012182656214537615,0.16204902798334894,2.4950575679736695,0.5089699475472863,-0.018700814657145008,0.15926681304321808,0.5619304016001555,9870,139,1.241743194514731,2.51466150895664,7.325909,4.607936,-0.6782282349113532,0.4514693137725705,6.8585606,0.10306271
1984786,0.49735209316352996,0.0525526808874114,0.019960724713120836,1.6593978821384994,0.49520614783665484,0.05537542709424254,0.019184093158154558,0.38959184993141605,9874,112,-1.11928720293545,-0.8309824264153446,-10.230001,-36.042763,-0.3781810767698799,3.851946284386263,30.862425,41.257988
1985330,0.41328149031100503,0.0010220911271022236,0.21886061160658737,-2.161314986977587,0.4137044002979021,0.0009221653284126464,0.21690408706307177,0.5615529972228003,9877,53,-1.5599328403668926,4.704400008019309,-0.16662408,18.371082,-0.5407579269654709,0.5505510153712333,31.215513,-7.949226
1986090,0.40031584469321413,0.03439703892444841,0.019960724713114487,1.773320435719501,0.413182869392651,0.02157132751247112,0.2081593196346222,0.05394979139223901,9881,9,-2.959521231896955,5.321771178611356,-10.2858515,34.021305,1.025858589005459,-5.031068332802062,32.88939,3.0291784
1986416,0.3230487806600911,-0.19191718445160305,0.3129873545610918,1.3944619006024501,0.32447321599183493,-0.1826981825474888,0.3117828335665554,0.5614264488166316,9882,134,4.580933999962382,0.18622596318659296,52.630836,27.075428,2.108138423727773,0.45567173254486076,-4.66142,-53.66851
1987116,0.5130444535401363,0.054950907042983756,0.019581498897020867,-2.5574006935431073,0.514627189858952,0.05249245852710676,0.018782182326849584,0.5610030057952232,9886,30,-0.6493498229831218,-1.1684778466671073,-9.616513,-37.123577,0.20338167640459748,2.9314424262204586,33.174717,51.86822
1987460,0.4673515532737457,0.18651134070914546,0.019960724713120815,-2.9670993809843482,0.38656515402561814,0.0864843969901466,0.22739202755375598,0.09126902420414809,9887,173,-5.568001244078922,3.5862950889362915,-23.860773,20.032759,3.72081118251285,0.6258906176663873,-6.2923036,52.06009
1989201,0.38347658585892364,0.20742251024383357,0.01996072471312079,-0.08931348709629942,0.38573618532838516,0.20948987019122786,0.08320612782815406,0.06724660972584218,9896,105,-8.24177515889862,-3.191019430846973,-41.66118,-1.3440475,-0.4720606866767628,-0.27908111975187344,-9.540298,30.051487
1989229,0.3183743951201087,0.2475760273691881,0.1996501797596753,-0.0497637578133584,0.31046578022012844,0.2477746679919,0.20073098777086026,0.5616957204861378,9896,133,-7.975581679405427,-1.3542907196684535,-58.525314,17.709808,-0.8553267491371974,0.6224974565648491,-7.3356814,14.36047
1989670,0.46900098131052587,-0.11090719638839898,0.01996072471312078,0.7763593569260852,0.43980691561617774,-0.07120549159087518,0.207760267746704,0.08204439809093249,9898,172,3.4459670736665404,3.8622376887857697,12.265374,33.503048,1.3323588287446682,2.5701207988386456,-10.681288,-17.358885
1991685,0.5497250467174714,-0.02020327261585183,0.0199607247131208,-1.3963560968571305,0.4466640881249754,0.06946791937461763,0.21480219282134744,0.03798456865148251,9908,177,-3.3711896920095454,4.11114397116797,-17.259542,13.183985,0.6071972142824869,-0.7430863825067692,-4.432794,3.40264
1991824,0.499251462261189,-0.05598668380891089,0.019968675762832865,2.6527727640393097,0.4982412438439154,-0.05778717710380314,0.01646051057863429,0.5613548526918896,9909,115,4.972602101389833,-0.1246617380686225,9.669226,-39.832413,-0.004970105616944526,-0.19922354391160352,6.5999093,-8.458885
1992894,0.4716173016957896,0.27521101929056624,0.019960724713120815,-1.455712586525942,0.4814300119148472,0.20666617045360616,0.20950843707917535,0.00571696215553479,9914,180,-7.731667826028931,-0.8172846458918867,-35.990902,9.283916,1.0849717145863824,-0.41704181763997233,-41.12295,22.562664
1993137,0.32499472663289297,0.13850973594377583,0.01996072471312081,-0.6280657162553205,0.33306154280061606,0.13843042824766996,0.047545738671019244,0.023610167051168057,9916,21,-6.01778074360628,-2.1101116400213358,-29.816051,-12.465027,-0.22945165640858767,-0.08044761186360792,11.338992,25.401964
1994153,0.505114937618414,0.04455705290437317,0.07275752291868136,-1.4114272999968416,0.49960820902347186,0.04379669418667725,0.07171662065422063,0.5617203012439884,9921,32,-0.6361846029934373,-0.06597575787886624,-14.627263,-36.12939,-0.36422445164982353,2.805309882652051,31.715605,41.98995
1995514,0.4227606925107106,0.10685240726729843,0.01996072471312083,1.6785490665383325,0.42927675987374553,0.10682133216063416,0.15161993030665463,0.09382299974047811,9927,187,-5.453960573958321,1.6490446282668572,-22.860231,15.394492,-0.19439833747751267,-0.24977904539303403,9.506786,40.641655
1996441,0.5068067220472449,-0.0060716104260603865,0.019960724713120808,2.854572829292236,0.5127110720585624,-0.008814246984043612,0.032958386453111804,0.08993867029604838,9932,109,2.1955725951427967,-0.4944248010198644,-0.30205554,-38.13256,0.12230375431951494,0.28001409657664916,12.288862,3.9481025
1996549,0.4224691116038077,-0.16417288025287038,0.01996072471312081,-0.4687848128069804,0.4350951813177067,-0.16700959347667446,0.13589037445390179,0.021078848669648508,9933,16,6.819986330680536,-0.20589616650101045,34.23594,13.260391,1.593329304492586,-2.7033091633875883,-21.392672,-28.328728
1996584,0.42839507757150197,0.0813472726405561,0.3028328424702507,-0.5373134221377005,0.4283605025315538,0.0815388170865528,0.3027536695440163,0.5619638284735174,9933,51,-4.874718148829161,2.7964878267330167,-7.216122,17.54383,-0.4863128352399517,-0.0746419123756573,10.685227,12.830523
1997141,0.3835442367633435,0.14430355359286456,0.019960724438452215,-0.1777541399008247,0.4108069297424976,0.04504422572827366,0.25242774672380774,0.01169450811077652,9936,5,-4.30318298642852,4.905808025658191,-12.005907,32.326553,-0.983371515683734,-0.6562730226339737,0.8549793,33.560127
1997313,0.4969205452046366,-0.1442367743272738,0.019960724713120805,-0.3105712579732534,0.535061331133501,-0.18293235861312465,0.1927771684026307,0.0627060657109649,9936,177,6.878812580281295,0.020444733650691244,36.2001,6.6907654,-0.5351274953681424,2.221930268627009,-19.474724,-14.440533
1998979,0.4465095399887148,0.28597028193548174,0.08813604923869504,1.269346532162932,0.44343911568158184,0.286719902562286,0.08430891139715865,0.5619173098077725,9945,34,-8.702994985539766,-4.274316089299416,-61.122124,-8.233749,-0.7585199842822822,1.8805185972006144,-37.34793,22.940128
1999159,0.30291940506423404,0.09124271797027317,0.01996072471312081,-1.2863129570446168,0.3119273874840181,0.08973721282641482,0.1691643250967243,0.03255364608510733,9946,13,-5.296834974002553,2.0382719003697733,-23.233469,27.054579,3.432772198555928,-0.7881146800639018,41.433296,3.2428105
2000082,0.4733175286609026,-0.18047681309395863,0.23553083483992554,1.8378115049907353,0.4634430152447845,-0.18282470795268088,0.23254571122167303,0.5617926565954218,9950,132,6.35361243394522,0.37780606922576343,47.01721,22.520319,-1.3487564109629597,0.6642011617749313,-6.0532193,-29.471571
2000249,0.4028441365057247,0.2267494433517624,0.019960724713120822,0.8767290537349746,0.4053067129349061,0.22244538150715976,0.20114210243902395,0.06416192797541184,9951,98,-8.597420723470377,-0.9594815409086227,-36.5818,15.906317,-2.4697163695968807,0.06048216019515806,-29.074093,35.07087
2000387,0.518278314021751,-0.27005323859523866,0.10651337562537462,-0.12219104490372208,0.51787740613288,-0.27099622252237826,0.10207166414394869,0.5614994503050916,9952,35,8.863760925554109,-2.793448604134736,60.219822,-11.329917,-0.7334136668118194,-0.28232789470006403,-40.49286,-5.638797
2001454,0.5303062357175459,0.27279039021855034,0.019960724713120794,-1.240096891536983,0.5208239429430919,0.274171415777799,0.1656978202614157,0.03716508862265988,9957,97,-7.653302576504541,-2.6383614611226975,-49.759407,6.3546867,0.6315868698336174,-1.0289792272093596,-56.414734,23.803429
2001508,0.5361804042751436,0.2735400209964051,0.08818434023143186,-1.2585661176275535,0.5364584271459891,0.2735506420043263,0.08533258777352343,0.561383086506291,9957,151,-7.169984056397869,-4.483738718850111,-60.187073,-16.98255,-0.6015632059894139,-1.3021486543280658,-52.99126,23.7613
2001615,0.5478976688856113,-0.11843707315314662,0.14642819840040264,-2.6397008714379564,0.5339757729407425,-0.12593980583065126,0.1509994197335396,0.5599763363194991,9958,57,5.975959452734669,0.06384334200908742,31.353273,0.461044,-0.39942888497013773,2.7931324927375725,-25.626974,-8.105969
2002179,0.32383756158170557,0.17182322641915876,0.019960724713120815,2.7782431041724314,0.32555610250471634,0.1689967607874861,0.09352870246789954,0.060031316077401566,9961,18,-6.868817713190733,-1.6980227177409204,-36.311047,-5.3277617,2.1571682146707167,0.028108760390075982,23.390905,32.189327
2002350,0.4885767787722919,0.16925516089696993,0.019960724713120777,2.0645278323634066,0.494699171226744,0.1682216709948932,0.12128679742462142,0.03854159338937137,9961,189,-6.293918469477435,-1.4460856608780648,-46.334988,-18.242865,5.932739396159533,2.174776112202925,-2.923592,57.928783
2002452,0.39932832017187764,-0.03285664496566348,0.019960724713120808,-0.6394162030234526,0.4982216979868855,0.12652743883373208,0.2106478579702038,0.007944293273768074,9962,90,-4.889422422235675,1.2748026936480539,-26.580301,8.637202,-1.1721391305192783,-0.6540815000294123,33.44123,-23.801058
2002882,0.47736428092971844,0.07047621319732503,0.02005657458298136,0.6528622207763861,0.4751075504523634,0.06876205100105366,0.017247988744838127,0.5613146957161252,9964,118,-2.1037231839488704,-0.6270998071282083,-11.224872,-34.218777,-0.18025557534537484,1.536161893345235,23.964354,17.805006
2003182,0.4827397889522959,-0.01239729284335264,0.019960724713120815,-2.769933853564125,0.4888690005554383,-0.017012351878385318,0.08468712015337435,0.02691745111072448,9966,16,1.7737842131543908,0.8172955255180068,2.2678576,-33.233986,-0.5100618401925797,0.5607211386890414,17.648447,-1.1719811
2003758,0.398575099922343,-0.035733009185417296,0.01996072471312079,-0.0925784307525771,0.4016970046444879,-0.03765180865183032,0.1318191973253568,0.026613310928621726,9968,190,1.1852549775182128,3.2534375393211232,0.9824196,0.24041864,-2.28586557485046,1.0257844311754767,32.07699,-22.796177
2004207,0.3292016029268268,0.29049046952507973,0.08394787136683092,1.1245769652861404,0.32444439404694464,0.29256697438824664,0.08211647021975954,0.5613135205251614,9971,36,-8.148133426174205,-3.323033707107329,-63.7383,5.200318,0.07851580426466566,1.1830709091416391,-21.716337,14.0123005
2005632,0.4427277119845233,-0.11582547412540765,0.21337068772296802,-1.3121974756040635,0.44101940139726137,-0.10831508406239887,0.21198456927304618,0.5614520223280454,9978,54,4.0047535353464,2.3553038321425004,17.080023,15.178784,0.8127493716257058,0.8177655997421971,2.9536152,-26.390179
2005906,0.3787695778227652,-0.2042616620379626,0.1383702169767054,3.1406891093101446,0.37872929075120665,-0.20407930473657046,0.13537030897982877,0.5615370300120438,9979,127,7.80356221691663,-1.4133384381833651,61.23405,13.50057,-0.24225573928940863,-1.426032988985499,-19.845522,-42.2886
2006777,0.5395433549191913,-0.012689518679487904,0.019960724713120798,-0.2705973966402473,0.5434312693450728,-0.01316916943354288,0.058521925019475035,0.10333128077949291,9983,194,2.6253773226546135,-0.8305764399621183,-1.6344272,-38.36033,-0.45272952784112974,-2.0165744133620205,-1.6814386,2.7142217
2007060,0.5190289331709209,0.17702630617706164,0.019960724673584417,2.8054086469718396,0.5105388145370978,0.18167750647398015,0.03294731800827999,0.14843976477926055,9985,75,-5.572146435912347,-3.5413613097202297,-41.091003,-30.035912,1.9132183935485108,0.524132180242042,4.967453,54.10855
2007263,0.5272325681192791,-0.15371812244087787,0.019960724713109775,1.3105324051651577,0.5124285297731728,-0.14997943774506528,0.08134673756710212,0.042598920574360315,9986,77,8.024249490727462,-1.6538537020189308,41.97329,-21.972555,-1.1115825735438123,3.7360003870712015,-21.128626,-12.217232
2007765,0.33713440432146785,-0.05530556250481478,0.01996072471312081,2.3661127314696104,0.3954194314153514,-0.11404534205572908,0.19691822719211494,0.02464141437551923,9988,177,3.8710876778330188,2.2441114237234108,31.105837,21.659088,4.1574716306415915,-0.47134495000881144,34.13706,-41.299133
2007802,0.33323437028133923,0.2766933200754116,0.019960724713120805,-2.6298862195610866,0.34440724548687573,0.2576373679831411,0.1652522010606133,0.0393396559995021,9989,13,-8.640951897991462,-1.7070020466663713,-59.857006,13.875186,1.3334812413220407,-0.6561534020501333,-25.67685,13.512
2008211,0.3110729265805059,0.1309625230137696,0.01996072471312081,1.9859395847257268,0.32114158405449555,0.13376074247539121,0.034248152631674716,0.009333054281076702,9991,20,-5.731971260856776,-2.20133977364972,-29.0065,-12.719125,1.4333111205105813,-0.3744378876108753,12.311392,23.985651
2008281,0.39141466974957057,-0.19605778994333406,0.019960724713120815,1.7330575447987113,0.4012198984579174,-0.14829912587668548,0.1621966326505864,0.039105103059188184,9991,90,5.795561733969521,0.7622049798423438,35.031036,16.494856,0.931988676498149,-1.643072170792945,-25.665234,-35.06969
2008323,0.3707640582911002,-0.24809779479641975,0.19171033765556492,1.6812517179227338,0.37031097795354795,-0.24368180648411047,0.1901903733802078,0.561582651553287,9991,132,7.421575353612101,-1.0578539416974033,55.613964,21.723099,-1.0070856796738616,-1.1687798201775563,-16.094654,-45.93192
2009368,0.46908484450027976,0.23259012363433015,0.01996072471312083,-2.764445370067245,0.47298264479188695,0.16916887657676996,0.17913904147585638,0.00950638527050782,9996,172,-6.882694286933068,-0.09658188708248877,-30.956648,9.858946,-0.5750906324430592,-0.30260572306672123,-25.604013,52.68178
