row,agent_x,agent_y,block_x,block_y,block_angle,episode,step,epijepa_pca1,epijepa_pca2,epijepa_tsne1,epijepa_tsne2,released_lewm_pca1,released_lewm_pca2,released_lewm_tsne1,released_lewm_tsne2
443,368.93164,173.74062,192.67061,335.15677,2.9476998,4,7,-2.132587934270504,4.915789494720234,-11.789562,15.191289,-1.8495206377324376,1.701001597269687,34.931675,12.7589855
517,159.5481,430.72977,192.09763,321.4666,0.8671616,4,81,1.1696597014312244,1.207833060143149,26.691744,35.578964,-0.9511822749297324,0.7191298168117688,26.07366,37.464878
701,84.056694,302.50723,192.32678,335.4081,1.6003228,6,47,1.2471565406973077,1.5224858111893187,37.98232,22.114403,-0.7341384125912208,-1.0499743024756831,33.32419,52.916443
1607,158.32716,430.49524,191.7673,321.81033,0.8847896,14,81,1.1629358965677616,1.248962706125004,26.626183,35.5902,-1.0228258254730302,0.6548933364282106,26.109415,37.56896
4479,306.96838,188.75494,192.67061,335.15677,2.9476998,41,10,-1.763753279276087,4.156827026653106,-12.0334425,15.249225,-1.6729965093242878,1.569080258118671,34.94834,12.809878
5449,150.1162,355.51675,246.70052,261.66754,0.80609566,49,108,6.167751472196704,-2.067028229712936,57.838642,-8.607654,-3.3593928874855936,5.070446217170582,-32.346516,34.102768
5653,103.539536,404.5725,200.73634,311.2342,0.7648607,51,94,1.915637197384371,0.7815228302281102,36.319542,36.016384,-0.44022556095278476,0.35619228404509895,16.50048,46.36178
5866,78.47447,443.88336,191.25659,327.89764,0.8667713,53,89,1.3265326415641556,1.480245683787628,33.154514,36.24132,-1.7991001048408137,-0.4500750895339065,20.792746,45.724743
6226,265.8713,201.52286,192.67061,335.15677,2.9476998,57,13,-1.3122221045610358,3.1665362574784566,-12.318798,15.349338,-1.479296320446881,1.3674347378754097,34.95225,12.896943
6391,127.30455,458.8951,188.84235,337.10773,0.9260229,58,69,0.9836133227332385,1.4022911972536938,28.364857,37.094654,-2.1299809251447543,-0.46422691834473073,29.028448,39.856644
6733,134.50227,447.5005,195.2894,315.8029,0.8527932,61,84,1.4785861861950524,1.4041692566627895,33.94515,36.079117,-0.5258300724459276,0.9275122136978692,25.575188,37.347317
8253,179.39696,379.4225,192.65778,326.2903,0.83975774,75,78,0.8576807265539356,0.8454088968539505,23.837116,34.74496,-0.22991798087600432,0.06945314625891934,28.131685,36.852066
8725,409.2062,172.04353,192.67061,335.15677,2.9476998,80,5,-2.2536924059213184,5.1749084755349175,-11.707079,15.16222,-1.818581496591446,1.6858792338382347,34.907696,12.717703
8923,77.91911,454.1343,182.57668,338.01996,1.0388243,81,94,1.094187726810052,1.592165554279495,28.844156,37.407764,-2.1847976854760716,-0.4355916909278931,29.969648,40.187344
10300,142.38095,346.35806,182.73247,385.6808,1.7830431,94,54,0.7195627134104129,1.6639380543728455,20.05854,26.136503,3.7410752441809145,-0.8167875611346569,53.535034,25.93942
11027,445.92093,174.32014,386.97336,282.2548,2.7307215,101,18,-2.4365701974905005,-1.7262269371051522,-36.325222,-25.084066,-1.860705977939686,-0.3593766419766311,-8.963996,-42.911343
11437,438.69644,278.27283,386.97336,282.2548,2.7307215,104,35,-1.7550087385267108,-2.14913653902323,-35.039913,-25.818714,-1.196073656190753,0.3255674116858045,-9.209046,-41.534073
12293,213.70918,150.23999,238.14091,237.88486,0.75054556,110,105,0.6824596764787506,0.2562618466727258,50.766933,-27.606426,0.3313619105771187,2.700906331037809,-53.871037,25.951956
12491,436.16763,236.0333,388.43567,258.33453,2.4185786,112,41,-1.7150651089570375,-2.0822123403162442,-34.9033,-25.825596,-0.9408900402211314,0.4075811787398975,-9.100135,-41.334385
12508,369.79532,162.56876,354.5026,203.3285,1.5827814,112,58,-1.6844883915448774,-1.7049636476178112,-45.66275,4.232231,-0.15637285328105047,0.32231522979321936,-16.322254,-37.875233
13633,285.76495,78.88115,386.97336,282.2548,2.7307215,121,4,-4.909448306091239,-0.6414384532064568,-37.33776,-21.91461,-3.195294165904064,-1.6788787681250203,-9.198581,-44.10564
14422,323.87866,88.393295,386.97336,282.2548,2.7307215,127,7,-4.250431602293474,-1.0663175842870711,-37.39156,-22.064697,-2.969485587508102,-1.3986623334597001,-9.186957,-43.876812
14794,131.12341,219.9878,236.85223,235.3666,0.8713141,129,117,1.267758700488548,0.2936105401553762,28.886648,-2.8666444,-0.7011982548018282,0.04757378405580706,-10.31519,2.132322
14959,461.90497,192.64682,386.97336,282.2548,2.7307215,131,20,-2.2503055218014705,-1.6729279583679406,-36.10581,-25.290956,-1.8886822275205284,-0.36190870757682214,-9.308039,-42.93801
15407,291.5839,160.38332,298.58298,193.60078,0.91054434,134,75,-0.7205052184934386,-2.641932700774882,-21.09471,-56.65345,-0.12240843674963345,0.23173066081325633,-20.222046,-39.575333
16898,172.85953,256.72202,242.77582,243.7258,0.633137,145,125,2.9011512397911146,-1.023531674051768,39.965668,-6.4005814,-0.09416663320873801,5.1511304874616695,-15.770859,38.549843
17538,125.51584,164.56557,236.25104,243.2396,0.71450865,150,110,1.0793393254567771,0.4760767528945312,51.355724,-26.604889,0.5051401476205484,5.28831078802328,-53.37478,26.885244
18756,443.83868,177.45186,386.97336,282.2548,2.7307215,160,18,-2.4140747039694896,-1.758550573508798,-36.28777,-25.1163,-1.815176357999103,-0.34127990459555235,-8.866637,-42.83783
18956,280.94373,177.81494,276.29968,207.53777,0.5787368,161,87,-0.3308877411541692,-2.7280671288210705,-13.94648,-57.1328,-0.7185284696948521,0.3771861153451328,-47.809,-28.621489
19333,292.7392,166.75816,288.05768,190.30675,1.11432,164,71,-0.6371223192243067,-1.8286372215611695,-39.610157,8.10854,0.1938047804091349,-0.46022134826329064,-18.591875,-38.71416
20989,478.367,233.18318,386.97336,282.2548,2.7307215,177,24,-2.1002906330777433,-1.5855367621238603,-35.75881,-25.50923,-1.6902044541224945,-0.2102424791832127,-9.223412,-42.405396
21927,374.38168,209.15057,346.43063,219.54059,2.2723956,184,45,-1.8879641697495015,-1.7467020883680586,-44.001198,-3.4233806,-0.4754090056104485,-0.00866520771592445,-7.0159483,-38.860672
22749,269.41052,191.82315,389.47028,284.64185,2.222178,190,81,-3.0727955001999163,-1.590386356843063,-28.88411,-4.455009,-1.20061070853325,-1.6716533905475235,-13.701265,-28.261618
23050,122.9995,193.57509,112.355545,115.102776,2.206651,192,120,-0.31925826290925874,1.8357607807625334,-36.584633,43.07752,6.82684051430774,-0.4958063008607649,40.4838,-26.842955
23234,494.62662,194.09892,386.97336,282.2548,2.7307215,194,42,-2.2894370184836244,-1.269713858010515,-36.0868,-25.376743,-2.009547835263632,-0.4495559394893781,-9.477203,-42.945377
25619,176.3075,404.7939,201.25189,338.19138,0.79181373,218,35,0.7142143167574246,0.8427928836437609,24.212492,35.76945,-1.143366868630262,-0.1957026288014832,27.606733,35.695126
26800,173.45093,393.51697,198.86006,333.5055,0.8778387,232,40,0.8392045379870788,0.8867424428433703,24.09727,35.317837,-0.969997475869507,-0.14717108062037548,27.766312,36.48666
27812,176.6474,387.01685,199.19345,330.52182,0.8944282,244,44,0.8436182467503036,0.8058074385299905,23.812695,35.079197,-0.7034462576910103,-0.18956749559725072,27.750023,36.817837
28208,257.63382,443.7627,229.51144,351.95502,0.0197077,249,20,-0.46356870200391664,-0.33483351963355684,8.3609,-10.72915,-0.44448891279568803,-0.271340243687274,1.1523601,20.799501
28253,98.63586,409.47418,192.97055,313.08304,0.81632465,249,65,1.8355896247298147,0.8926759350920119,35.79519,35.581367,-0.8898505310421304,1.4735433930469506,17.723177,46.1535
28355,160.94106,353.68945,257.08884,259.02625,0.7758326,250,83,6.020294446760524,-2.410713763084026,55.241276,-10.660237,-3.7509680695895105,1.3670755248678135,-29.26446,25.724205
28376,253.30356,443.79434,228.78372,351.93018,0.05953182,251,20,-0.35321726191748654,-0.30974364204344057,8.421001,-10.70448,-0.5549719851391274,-0.23896862709950645,1.0944672,20.821487
28864,347.1146,342.21475,231.8189,351.7499,6.100366,257,4,-2.2655863062860755,0.5717737774250078,2.256374,-5.5219574,-0.6265706790278218,0.5501390688643003,3.4523325,21.297356
30382,336.22543,413.2618,231.8189,351.7499,6.100366,275,10,-1.869926809611851,0.22820291504307783,2.573762,-5.6916876,-0.6872490717373041,0.19579827191598748,2.826682,21.19598
30951,116.60011,382.2455,217.10045,328.4283,1.3434358,281,75,1.6523921280997178,1.0190227145324726,23.3619,29.452063,-0.8744054280466663,-1.3647603061182025,31.457853,52.645752
31197,151.42036,338.55307,143.2265,281.51578,0.53471553,284,69,0.9559990338589149,1.6247714468171166,4.223069,39.20074,3.2522901343503707,0.2402463790904768,57.365116,-0.9764182
31275,80.54572,379.53357,199.99759,317.0626,1.069949,285,63,1.9070379753168574,1.0281031838750267,35.594624,37.189922,-1.6327184906884211,-1.0612822799829442,20.356644,44.870346
32074,251.57605,455.84457,231.28773,351.17166,0.09060769,295,22,-0.43249744736524837,-0.3112840632064211,8.418808,-10.626767,-0.4911478109986106,-0.14945144617372474,1.0525159,20.75831
32742,442.7179,285.9733,403.90707,338.10977,1.5065246,303,18,-2.6295612358903995,-2.0618583462190303,-22.81463,-25.222162,-0.7680419147211452,-0.49001472090552145,-21.427664,-32.10991
32832,400.44238,291.78293,308.47537,198.89873,0.74765164,303,108,-1.8512482766520073,-1.439286834542787,-42.14836,-10.700571,0.450120986218465,-0.2758653271612541,-33.83956,-54.696022
33870,350.3422,317.10385,308.67136,199.3599,0.41333982,311,74,-1.300813128445717,-1.981578054778473,-45.6353,-14.060908,0.8950958794161474,-1.4402955015973706,-30.777077,-55.90836
33878,300.3693,310.77365,308.67136,199.3599,0.41333982,311,82,-0.8643275938260295,-1.8763227505558722,-45.257225,-12.987012,0.3535415064698522,-1.2884326468628973,-30.727694,-56.741684
33956,453.50018,390.36157,403.90707,338.10977,1.5065246,312,26,-2.169561253620382,-1.7700985893511778,-23.075125,-25.82301,-0.28044116996965235,-0.2225553141197651,-22.106918,-31.826662
34323,305.09247,199.5227,296.11038,211.33597,0.7509609,314,125,-0.4651546395170013,-3.4420161118044525,-16.53388,-55.869526,-0.9512517906190333,-0.14047503372331205,-43.63,-34.25865
34509,400.22485,361.93845,390.8861,284.8877,1.1675208,316,43,-1.7161410994206385,-2.215949231597574,-24.462856,-26.251842,0.4792071057003004,-0.0824221706434482,-23.971008,-31.10078
35494,268.19196,306.14807,308.60983,197.62119,0.61669165,323,90,-0.6560087426943193,-1.3670887993187772,-44.444725,-9.895,0.2809013682546155,-0.7243657617939732,-32.166718,-56.784428
35996,380.49667,263.8443,329.4173,205.89496,0.6008192,327,56,-1.6701800742638007,-2.5409382620014958,-49.15839,-14.446284,0.9892811271583737,-0.7665408662593635,-32.505306,-51.952618
37021,384.9888,177.89345,403.90707,338.10977,1.5065246,335,9,-3.9439880395133318,-1.663133468098553,-25.537634,-18.432356,-1.5048517953747294,-1.0271469081886084,-21.244432,-32.172634
37324,402.1677,354.5097,387.25372,278.48474,1.1061037,337,44,-1.71981596951985,-2.2402610639450744,-24.582052,-26.292978,0.6273531824704713,-0.10477632701192593,-24.091753,-31.235296
37775,258.5962,293.26175,309.58014,186.5907,0.7012848,340,93,-0.7397712104525012,-1.2253447923231593,-45.055744,-9.233457,0.10925952211811493,-0.6680481710990621,-33.853916,-56.27688
38117,412.6427,436.6078,403.90707,338.10977,1.5065246,343,33,-1.8892915982666827,-1.7772702144352284,-23.18584,-26.010742,-0.30571106481220117,-0.3300647571436514,-22.5824,-31.555967
38571,284.17654,300.0276,299.5971,196.80695,0.43758985,346,85,-0.6205941583849313,-1.6174430514473488,-44.255733,-11.681293,-0.021423386016333867,-1.2193854364874732,-30.425589,-57.52757
38946,376.72507,263.06308,326.96786,203.31784,0.6044969,349,58,-1.6359772594091588,-2.529071224373291,-49.113064,-14.417588,0.9605060728097945,-0.7671486032704066,-32.592606,-51.993122
39681,305.46194,189.798,295.8834,201.2279,0.76982474,354,123,-0.6117684020772974,-3.1437098358702067,-16.164768,-56.78466,-0.6368803944337461,-0.23424369554191365,-45.367245,-33.594383
41107,345.89688,316.40405,306.26248,202.33916,0.3481391,365,75,-1.2336875051825464,-2.0172839703828482,-45.54715,-14.197454,0.664377082889708,-1.309935609237905,-30.542019,-56.12986
41766,365.8929,249.80803,307.37918,198.2846,0.4494279,370,64,-1.4105169325978442,-2.4750046434720754,-48.927048,-14.752617,0.5110323436851456,-1.4578393924659112,-30.64264,-54.392258
46736,172.63039,206.13817,245.98428,248.98492,0.6355949,410,64,2.060170311458082,-0.6673235055810778,51.551052,-23.973083,0.5107910230832771,5.279857985896515,-49.402027,28.784492
47152,177.64702,208.0579,247.10045,249.00601,0.62865424,416,66,2.0192168351693387,-0.7656686297463002,51.17891,-23.702477,0.41451711557532933,4.886867900599884,-49.017212,28.713715
47579,412.61276,235.93602,367.23346,271.1561,2.0352263,423,10,-2.1345633002571884,-2.5488798496886553,-31.459879,-26.093056,-0.1440168407041466,0.6487091599800735,-13.717997,-32.405144
48747,443.33728,257.51285,367.23346,271.1561,2.0352263,440,5,-2.5006545672609954,-1.9305371578180666,-31.713842,-26.591528,-0.07920737643167444,0.7140753248895785,-13.510436,-32.476234
50264,445.20316,261.5125,367.23346,271.1561,2.0352263,462,4,-2.520782628715797,-1.9143864286281302,-31.719233,-26.602787,-0.07494553488617452,0.7199956705658812,-13.491716,-32.48599
50410,396.28238,223.56941,364.15027,265.3598,1.945854,464,12,-1.9471489986466206,-2.6352822188049108,-31.24481,-25.429867,-0.04058661074042084,0.6924121791576879,-13.938637,-32.38878
50437,232.27539,216.19489,249.05095,245.35182,0.592507,464,39,1.1335363621653591,-1.4913307693665951,3.1502988,-59.716736,1.1140775374881142,2.662157259292769,-51.966877,14.541394
50865,194.08308,158.04771,238.4346,251.3661,0.7208265,470,53,1.3726353469557158,0.21508598209276591,51.800808,-26.55072,0.8740652860825059,5.459160153487081,-53.662918,27.730865
51580,418.7627,238.4581,367.23346,271.1561,2.0352263,481,9,-2.18550693180806,-2.457825789451067,-31.512115,-26.19739,-0.10164466327978502,0.6752004129909975,-13.70538,-32.409966
52792,207.91095,77.66062,339.16132,243.66588,1.511274,498,48,-2.176373633678959,-0.3168754739386787,-30.463385,-1.220064,-0.05065042569652468,-0.7660580177379039,-27.134441,-25.463556
55275,195.63757,236.65678,87.681305,236.10289,4.9930553,521,32,0.11025246726320338,3.058334093831898,-7.4170804,48.67615,3.161853227927564,2.4708273175814366,52.23843,-19.680145
55833,171.80046,185.17226,246.48013,202.52908,0.440366,525,86,0.24879232092937015,-0.3699859731864126,-45.54465,25.304594,-0.37643650387435695,-0.3844264096401389,5.869749,-9.275755
56056,47.779125,304.16733,87.92937,232.86108,5.473713,527,57,0.9780843821674429,2.919984989281873,-10.762823,58.060333,0.731008611161275,1.2045860495670093,52.98942,-29.45314
56491,296.83847,210.9539,191.84482,201.4722,6.251941,530,114,-0.41678445850052026,1.016039337931186,-31.55013,19.937475,-0.0643535116073721,2.065526978699642,33.077034,-13.810077
56667,198.77246,299.29037,87.85228,234.24829,5.4786186,532,38,0.37575016950844475,3.659536899157575,-7.4728947,49.98243,3.183947325179539,1.9856375833371611,52.577164,-20.512053
56831,109.87699,191.73235,184.5573,191.41783,6.2470717,533,76,0.6909679171812666,0.4412093022833669,-31.141226,29.046417,-0.3659430050564927,-0.47175623701128083,7.8306484,-9.772844
57152,161.85979,102.54943,86.31606,226.83945,3.987438,536,19,-0.5993710663582771,3.785070421078149,-29.321356,34.874718,2.9501475023198926,1.5368583781424314,34.684303,-31.108248
57192,48.01768,291.78864,90.60534,228.09923,5.508129,536,59,0.95313183610527,2.5253691691361912,-11.185649,58.06856,0.39592750945942273,0.929351828713893,52.966396,-29.614597
58332,73.49032,256.77136,130.516,202.96173,5.8271675,545,65,1.1400286370316683,1.5751813174251685,-13.293891,58.10519,-0.7325481767637482,-0.04068890525818786,53.245728,-30.79075
58918,150.91785,123.66462,86.31606,226.83945,3.987438,550,21,-0.24120103525886621,3.057106077088905,-29.387255,34.72025,2.9267585374724723,1.3803780365401348,34.577694,-31.355335
59494,199.45654,184.53296,100.247955,239.93748,5.556654,554,93,-0.13143893443317936,4.1709429615662605,-6.908265,46.726524,0.6375078301286577,2.3228984668116013,46.16584,-12.228775
60001,208.45802,193.94443,195.9836,209.07603,6.2785234,558,96,0.30782573339635666,-0.0164797990795962,-34.089935,15.569597,0.5343137948324239,1.1599417318874348,8.061865,-11.471326
61559,189.32707,88.51624,86.31606,226.83945,3.987438,571,16,-0.8710770523691684,4.44088617620546,-29.222929,34.951984,2.9098569476602942,1.7007763644260379,34.786884,-30.991198
62584,188.62611,242.97516,87.5097,240.29692,5.0404363,579,33,0.1947799556177799,2.962144725901277,-7.299748,48.787586,3.1407923026110502,2.229028192585957,52.296978,-19.685184
63520,193.24599,195.1613,157.43405,121.54532,5.4570904,586,87,-0.43552706144458136,1.0123322806047024,-37.656498,39.972683,1.1565036742052783,0.1289258264742057,43.612602,-33.55507
63958,149.32613,124.560196,86.31606,226.83945,3.987438,590,21,-0.2403906481459595,3.040097689513651,-29.401182,34.729347,2.9282943785039977,1.3208630432442088,34.560066,-31.37045
64808,263.51877,177.02357,245.5262,213.11186,0.61720693,596,115,0.09801200359756436,-1.1546374318365404,-35.56682,8.077872,0.714774881737541,0.7881023880176286,-45.278442,-24.192646
64952,357.81815,199.76985,86.31606,226.83945,3.987438,598,7,-1.614514108774041,6.099225636201923,-30.414587,44.526752,3.3531653158225994,2.561984392383489,35.255634,-30.760704
64990,148.50713,391.19623,88.561775,362.34274,5.615474,598,45,0.5067959721073575,1.950534309065298,6.9068995,39.890793,6.094445770831984,-0.5715002917947779,57.8394,2.040361
66064,247.77266,335.0518,257.45285,245.57794,0.7749377,606,111,2.6583589511746015,-2.3816156080817903,22.001951,-33.18846,-2.779974219856202,4.665695126675602,-36.98593,15.892868
66091,262.91614,227.59354,249.99057,253.69443,0.78396535,606,138,1.0136076747185045,-1.722598137397494,2.469586,-60.451286,0.5970988600392981,3.8594608152429437,-54.1783,14.657198
66203,303.3493,345.05954,300.04535,277.69788,0.41023332,607,92,-0.5333303662841999,-2.5190909638032184,6.9883056,-28.12922,0.23069498924237083,0.8505563301375594,-26.142584,-0.32896438
67457,365.3141,342.03125,333.70935,286.32135,0.27602908,615,82,-1.6131754405003418,-2.406329079832544,-5.3837404,-18.751635,0.5219991210666451,0.29858984642751285,-25.232489,-2.9820395
69454,366.09912,158.44427,333.69165,212.01947,5.6028233,628,25,-3.2796051055809485,-2.157578857067392,-39.61362,-22.733091,-1.5680203965209938,-0.9051536095129177,-6.4464846,-42.776318
71294,282.59427,224.21004,344.6877,425.48975,1.0812343,639,127,-2.3400930014264425,0.5185980888436659,-5.1935935,1.3776277,0.5934116947046999,-2.1692901147198005,15.410434,-5.1574078
71934,266.5066,247.94789,259.81903,263.78012,0.91382813,643,135,1.0032813021252167,-1.9973499535356931,1.3322376,-59.557194,-0.5332347452047355,-0.42936034553558494,-48.39462,0.93263817
74225,419.7002,333.3601,390.97733,327.98495,0.7190624,658,56,-2.2805090418641174,-1.8713992223398401,-17.330236,-26.455664,-0.39280133534928635,-0.9170036696180329,5.0769653,-28.760113
74872,433.07874,387.21246,383.06094,330.33823,0.6939384,662,71,-1.955599928931639,-1.4905440850840364,-16.784399,-26.146353,-0.5925776634463286,-0.15775100384640336,4.908349,-28.371174
76069,337.48944,358.68283,333.69165,212.01947,5.6028233,670,4,-3.637406686400695,-1.3147062562391088,-47.834885,-22.581047,-1.693371463570638,0.24940694389555618,-2.1679986,-48.635727
76895,417.50278,260.14868,380.75946,272.6068,0.064875856,675,40,-2.709385601491417,-2.2376783768821578,-20.375454,-26.806402,0.5836179851161087,-0.9872102672233907,2.96458,-32.38979
78380,261.28906,295.45963,348.81778,360.08194,0.505054,684,103,-2.6788285471624063,-0.6966120708474466,-6.0349493,2.067126,-0.7088140974723358,-1.9137475321692223,6.3124146,-21.30793
79420,390.99384,244.83818,376.82434,262.58246,6.105825,691,37,-2.7481629111069092,-2.240214296340144,-20.545345,-26.41395,0.09365315799947557,-1.106430822732127,2.7155337,-32.991863
79783,349.79233,353.47678,309.32355,235.09038,5.385815,693,84,-2.106128512675286,-1.7640279592121684,-46.578125,-22.390322,-0.4458326142761225,0.31359183370976434,-2.5644758,-47.774483
80347,281.02545,213.02773,352.00345,197.12871,5.7633405,697,16,-4.479090776493431,-1.49638819393233,-59.98216,-2.7310643,-1.8996095805940278,-0.8354653375178981,0.7772289,-39.29578
81003,421.79578,271.51868,386.82404,290.8144,6.220971,701,40,-2.656370826944867,-2.080589042210054,-20.10167,-26.878468,0.08270252054282243,-1.1446869627796032,3.215382,-32.48575
82599,86.036354,310.5539,203.49,331.99356,1.4973452,712,63,1.3952342162069835,1.4214878714097514,38.410095,21.631937,-0.831112143818402,-1.2837131495474912,32.766598,53.13145
83146,241.13754,384.5702,268.11996,263.94348,0.7744797,716,110,3.4955135911993915,-2.665032728434353,23.785608,-37.7516,-2.057618018398258,-1.0618294391366314,-39.70182,14.142563
83578,239.13077,283.37436,203.23067,332.22766,1.6379275,720,42,0.3371480981786144,1.7847192875007758,-6.1308417,23.154966,0.9423367970956438,1.161430236583434,38.629498,20.386694
83600,84.892296,316.16022,203.19545,331.75784,1.4487184,720,64,1.4158031739252925,1.382156052438442,38.3098,21.526297,-1.0593492302847995,-1.4322485924668231,32.6756,53.067284
83641,173.16805,371.7881,266.8037,264.9146,0.775235,720,105,4.880456949808738,-2.2234739436996858,50.63565,-13.407173,-2.536692848315914,-3.1353256748340947,-29.185577,21.664776
84070,252.70392,305.17877,219.49448,349.6683,1.939236,724,34,0.16974503523285767,0.9020336247917308,-6.2725086,22.618425,0.5541859661887302,1.2474957003522698,38.65598,21.065657
84439,272.0818,357.40952,230.3947,378.7346,2.346015,727,28,-0.435555967887007,0.8255978245127589,-2.808078,21.685396,-1.6203409108529092,0.8529610900615513,29.642807,24.316748
86078,238.27965,277.48508,203.6256,331.56284,1.6065464,740,42,0.35766629650293724,1.7679010951981884,-6.1867743,23.208117,0.9205480877626073,1.1239622373154805,38.66117,20.387918
86249,91.826035,424.6906,201.63152,325.05902,0.7917516,741,88,1.4766537494821668,1.111682580382228,33.92429,36.849342,-0.5923175918935486,-2.2309044144549963,24.954983,46.22423
88433,295.79214,378.9832,231.85658,391.10712,2.5020692,759,22,-1.4267578422718825,1.9398902839448515,0.14931005,20.62714,-3.2541549986124183,0.8315459539775183,23.51333,22.583479
88955,252.88211,254.56381,205.26306,333.65726,1.6189033,763,44,0.10399358525270848,2.299913128517183,-6.2129836,23.367744,0.40027134296182837,1.372867206906598,38.65839,20.371262
93366,43.649456,476.72388,198.8619,408.37433,2.7659342,798,80,-0.015007906409996385,2.597230194511507,1.7573117,25.98744,-2.998898331966213,-0.6378140532868153,24.461416,19.547798
93883,164.01659,397.2997,236.31442,390.0514,2.3835847,802,97,0.38026135358667684,1.004165141922612,0.39298886,26.315506,-1.0761059784110238,-1.5137137290968394,24.526691,18.228638
94550,185.64311,366.21103,205.72455,421.52643,4.6146317,808,14,-1.2098353632034569,0.956682277575313,-0.2868351,3.7641594,4.299564841278808,-1.406653464889046,22.002121,2.1208286
94821,104.67165,364.02142,247.9588,288.41458,0.76105785,809,100,3.108211930276289,0.010120379580118903,55.322105,1.1758964,0.49187162878705765,-5.79724716905976,-23.18995,22.447714
94902,174.92813,205.44676,246.62105,245.58249,0.6750248,809,181,1.8860051678372178,-0.8198115627914038,51.293724,-24.384073,0.38123122413439514,5.182719579288985,-50.656284,28.01089
94967,179.46887,441.571,185.41327,371.7181,5.4868655,810,61,0.10531538850863327,0.6540910749004344,3.9650385,3.8214269,1.1849967734687712,-0.15977017510247205,22.219997,8.682027
95213,237.40784,348.2938,249.29213,290.67484,0.7693805,811,122,1.5315824189782328,-1.4422191536418612,18.687855,-24.645115,1.0247843919169712,-1.2732323358515034,-13.723254,22.238522
95389,222.90602,416.88007,247.45935,287.86624,0.75800014,812,113,1.926660487963371,-0.8645997899364193,17.025969,-22.273209,1.4096925867370484,-3.3479529723568304,-21.304241,22.4234
95621,165.13216,356.362,246.06535,248.27937,0.6823604,813,160,5.274475943248745,-1.949620072468341,56.51322,-6.6972384,-2.8080320368944163,8.232129028635272,-35.72161,39.41344
97070,235.53297,328.77448,241.58414,275.18765,0.7015004,821,129,1.963752639707173,-1.6802954597847104,19.698122,-25.551374,0.692695013593821,-0.37633610841788573,-14.33194,21.546585
97290,146.63258,377.50314,248.69598,250.39612,0.7040854,822,164,5.970375740425365,-1.8943810755053108,58.987194,-14.25513,-2.4799173037747324,9.37512773221058,-37.24301,37.21107
98438,204.71782,345.552,210.5099,419.73056,4.693624,829,17,-1.4892893445714679,0.8394947470263333,-0.6395463,4.003629,4.194047742372077,-1.0902006311438455,21.859255,1.694518
98547,235.62158,333.20767,244.37051,280.00293,0.7501974,829,126,1.9544833533483454,-1.6703340710415864,19.417837,-25.413588,0.9014202870902028,-0.7890054259420168,-14.082211,21.767841
99111,218.83508,327.29434,232.37071,266.59042,0.72052085,832,135,2.641973476841642,-1.4993356772565922,20.225067,-24.785625,-0.20451199699537354,1.525013702848496,-15.360503,21.692333
100100,185.76537,364.79608,205.63272,421.5207,4.6211395,838,14,-1.2399014936287132,0.9897900148218512,-0.28244793,3.8261197,4.344332801975362,-1.37099295485305,22.06635,2.1296663
100519,172.28348,435.93167,194.13889,364.0866,5.6496024,840,63,0.15613799371915416,0.6057632454189943,3.9429934,3.809692,1.5834155472412215,-0.2966570215297104,22.077316,8.905076
100863,351.69482,466.3571,213.89668,419.53305,4.7129326,842,37,-2.2136756924468726,0.042501098689651455,6.6008816,-1.2736843,2.187847470456352,0.21285701337570306,35.648445,2.394923
100970,124.908424,440.39627,230.63493,267.752,0.7321362,842,144,3.970440557944516,0.060691178847170464,59.808613,6.870893,-0.4098590250401969,3.955557041236455,-29.1973,46.224903
103497,163.8632,324.28116,226.28299,301.57144,0.39408076,856,81,1.6835920525516919,0.4983038037493728,22.793304,12.001044,0.900918448508573,-1.5590250529384795,4.615321,53.751823
106758,168.22598,397.09274,193.30016,431.3843,4.4401455,874,12,-0.841525497521681,1.1422785308602277,0.28987765,3.4009967,4.528489094200164,-1.4818598605816067,22.301516,2.6279933
107527,307.6605,472.25732,204.41914,420.89755,4.665435,878,41,-1.7952497486982615,0.11719287458724581,6.5919037,-1.2213595,2.5583270635777193,0.11267645806256855,35.731895,2.540826
110015,232.54543,323.46268,234.77385,404.9605,4.851566,891,124,-1.7673178827601632,0.11918673743096367,-1.9933082,4.3338733,2.350289992309841,-1.2006732440643304,20.481575,2.0015938
110125,240.81805,494.50043,227.58711,408.08426,4.868509,892,49,-1.31610576830145,-0.1707618209904483,0.12604785,5.1538386,2.017008169391811,-0.33105012897069597,21.87391,6.7054477
110625,164.1116,182.94788,226.20576,238.4134,0.18153977,894,179,0.5208118848677953,0.3596887461735328,46.239246,-22.774046,1.1458037541841546,1.4874226317966257,1.245266,6.358911
110964,95.820404,405.44202,243.46924,285.61026,0.17472287,896,148,0.8564068789600314,1.1019432007632188,18.32085,9.100649,2.244772080125594,-2.02325804851014,-5.773287,30.801039
111465,105.17359,299.41296,191.64362,304.5728,6.1175976,899,94,0.9905534564894648,1.9148174072481332,25.423723,13.732425,1.7268230278030923,-0.7625538477345549,6.104262,55.61348
112654,129.76956,449.82108,208.63734,367.79535,5.22264,905,173,-0.7228143377871908,0.5804496964410725,-1.1587995,5.964743,0.5962601221491481,-1.159178881818115,19.297707,6.8153586
112683,248.2142,375.903,260.2383,409.0117,4.793753,906,17,-1.5669550681707018,-0.518008910050446,-2.1991682,3.9965398,2.1327639501733437,-1.4596726282918149,20.338915,2.2013507
113299,97.766716,295.5581,221.71635,294.16473,1.2904313,909,78,1.7965876010719322,0.960884689821526,43.70796,20.302895,-0.5424412347523115,-0.9563884491710443,12.947789,33.111305
113418,95.272064,288.06207,221.81079,294.06995,1.2897298,910,75,1.6907487294699157,0.9712911496607315,43.64855,20.284458,-0.5476961562890731,-1.012204848946642,12.995908,33.107784
113727,285.75992,418.6823,228.56093,386.27084,1.7106035,913,18,-0.6776069134998176,1.4195091402623163,9.224128,18.89353,-1.2644848240336464,1.2791582352843591,34.715656,28.923376
114453,313.19455,319.96606,228.56093,386.27084,1.7106035,919,12,-1.1884406412233828,2.162667789193191,8.769891,18.066349,-1.414733612125958,1.5572379071768774,35.60899,28.954737
114804,146.51884,358.37817,248.78632,270.52002,0.8642691,921,119,5.93898525905057,-1.9571063060985914,58.682053,-2.9196725,-3.3035972950972847,0.11687746861420857,-29.679096,27.461834
114919,121.519005,379.85507,228.1815,294.44702,0.9240004,922,112,3.3199655999781608,-0.07635977410195915,55.298336,10.133496,-0.8349920395295679,-1.0687641381518334,15.708617,36.352764
115606,78.1368,305.38593,220.96829,293.92017,1.2746681,928,67,1.692266295204781,1.1361212305301687,43.746414,20.676569,-0.5391128159329165,-1.0372362116523939,12.938459,33.38445
115636,112.26824,329.70108,222.19513,295.78592,0.87700015,928,97,2.294402986155858,0.8358552917677627,50.83759,13.797783,-0.3757510296800963,-0.9640783736989571,13.235954,36.087147
116303,196.84006,446.91,229.8491,374.33218,1.6461519,934,32,0.44753903598956246,0.8407571071037407,9.196341,20.986662,-0.9236719628960068,0.6341492897431958,33.077576,29.088188
117590,89.11736,329.61584,222.54782,294.73486,0.88529414,944,99,2.0458277260340987,1.071252418895315,51.477623,13.632616,-0.38943819012977005,-0.9900527887386816,13.099985,36.172817
120475,171.14998,417.8391,246.71747,334.7059,1.276237,968,56,1.1421619124062707,0.27500891048887954,22.332504,29.879158,0.3026948618690292,-0.5613716881138208,28.961065,47.505928
121410,308.0036,377.91647,228.56093,386.27084,1.7106035,976,15,-1.0113740393486583,1.7896611891596492,9.071077,18.464075,-1.3349791595892229,1.4319538491517028,35.18129,28.937658
121775,304.6929,356.92404,228.56093,386.27084,1.7106035,979,14,-1.002792721434216,1.8109950119904161,8.974824,18.34504,-1.2144943171575748,1.4295292306484861,35.392704,28.972925
123377,206.16675,454.84558,229.05698,382.38913,1.6817739,992,30,0.38120381143726223,0.93894314038679,9.181803,20.779926,-1.054208904309732,0.8154474732832374,33.168884,29.03678
123519,239.4419,372.7888,211.61946,302.2905,1.05965,993,50,0.706333609521319,0.6904809709188547,20.350485,34.365536,1.0081267246621641,-0.2420138346001252,24.05753,37.64871
123808,156.3207,353.88504,228.31703,323.35092,0.7164124,995,95,1.3666504102593713,0.806589925257211,35.55252,17.139624,0.8472990503718946,-1.9279503389847112,28.852024,50.554848
127255,314.37784,392.4879,243.37227,293.77493,0.93387485,1024,74,0.15238102691199906,-0.06617708042158693,14.008323,-40.42385,0.7062395210157247,-1.5365414590576916,-16.380981,16.417295
128169,330.0189,279.74216,301.48428,267.1331,0.9109182,1032,52,-0.41496664732405136,-2.1822547817594415,-17.56769,-42.966553,-0.0471762941376876,-0.8961359775059854,-21.078306,-4.6677814
128690,137.26416,397.58542,241.41634,271.50986,0.78076637,1036,105,5.477134326045854,-1.3779847566601664,61.08745,-1.2263129,-1.0673912501401355,0.74485280810306,-25.750147,31.86159
129598,284.04535,405.80865,246.57944,294.80414,0.88838476,1044,77,0.5433554971951536,-0.5164170071447689,14.141933,-40.057514,1.2473094895917172,-2.0546516366830447,-16.430645,16.682747
129657,311.75378,73.42798,284.08276,118.93808,5.641981,1045,19,-2.290190267516215,-1.5511609631927423,-49.721992,6.120379,-0.006369094514514027,0.5335224272420129,11.32956,-53.711742
130096,130.19363,374.45718,239.90997,269.19827,0.77478284,1048,107,5.647302283595811,-1.4140801572730621,60.92187,-0.8424779,-1.4642180752822993,2.489477361580023,-26.039207,31.592957
131534,324.17343,76.264336,286.9094,119.65201,5.683788,1061,24,-2.1526590150089437,-1.6348516811290017,-49.57311,6.024393,0.025834333552957132,0.43792122404938877,11.285949,-53.48999
131640,236.69038,82.72508,284.08276,118.93808,5.641981,1062,13,-3.1908389826694186,-0.8727907282037712,-50.77093,6.3606725,-0.31066412313266273,0.5983132039880467,11.457803,-54.06681
132931,288.85916,74.99287,284.08276,118.93808,5.641981,1073,17,-2.5498419106275767,-1.4549072045807885,-50.064247,6.224242,-0.04335044336746012,0.5772922397216362,11.366355,-53.830044
134343,329.60953,91.715,297.01346,124.16613,5.8269787,1085,25,-1.9212182351575724,-1.8066610437197814,-49.34586,5.820614,0.10045440948400863,0.2195163786816829,11.138112,-53.162487
136688,375.25024,103.14999,320.99466,124.275734,6.1701717,1105,30,-1.6551634019714418,-1.8324941562722947,-48.584732,4.7543554,0.1640484194266811,-0.36866426632627447,10.907882,-52.649048
138792,254.28816,440.61703,277.36777,382.91458,0.8831856,1125,32,-0.6307383875826205,-0.48190152946330345,8.330018,-17.157589,-0.4152066618365569,0.6350573180860904,-4.5255938,-10.025572
139284,300.3447,492.99402,282.7911,389.28198,0.8494445,1130,24,-1.3051987737223372,0.19374234921946804,4.746459,-10.790268,-0.5897828732652021,0.41010445029132964,-4.981789,-11.137816
142453,140.4395,367.23248,236.33258,272.464,0.7857729,1161,93,5.121406041807644,-1.3256057261225382,59.617798,1.3626456,-2.4240515232316793,3.1910627138871144,-34.1882,45.752148
143085,287.0285,490.4834,282.7911,389.28198,0.8494445,1168,25,-1.145901353470525,0.0696548579424694,4.799343,-10.807282,-0.5213054168839215,0.39498633572452413,-4.962018,-11.105533
143362,329.08157,200.77266,282.7911,389.28198,0.8494445,1171,2,-3.533984224848714,2.191499911124076,-0.22980992,-11.151776,-1.9018716310158148,0.8851032474807373,5.062309,-0.42575157
143901,226.30853,404.03812,249.0976,349.04807,0.91474736,1176,41,0.0571718383119557,-0.24314825144411967,12.634418,-17.398636,-0.13580601040247153,1.0660296136547114,-3.3238947,-9.733332
145246,112.8361,388.02948,216.45091,291.6496,0.82631564,1189,86,3.0083950756726883,0.36988240342100054,55.440876,11.9167,-0.7819751186291332,1.502450666101444,9.585932,38.999363
146808,247.39148,365.89377,237.61154,307.2072,0.45283192,1205,48,0.08931901341276453,-0.6811457515862572,14.400917,-16.787346,0.10172829047970058,-0.10681521771376552,-3.4621441,20.604015
149253,82.54873,195.87863,165.39407,258.86334,1.9307935,1227,38,0.4549048871009198,1.519730496562231,-15.486717,34.389095,-0.5724943632072911,-0.20413710997959922,7.1226997,-4.990561
149955,81.092926,197.54707,163.97064,260.14282,1.927137,1233,38,0.4371762021141886,1.6022561276746148,-15.45305,34.41286,-0.4434176446125348,-0.17576700518734395,7.1563473,-4.999938
151515,147.1574,283.5437,198.98239,268.9633,0.7090633,1246,77,1.773085731401011,0.3487847941109935,34.302773,5.211624,-0.43725602454772655,0.10044071946613757,-2.036388,48.32092
152356,110.39626,387.974,244.59433,300.78168,1.2979988,1253,99,2.412032710214362,0.4004320740722419,37.696796,15.323733,-0.8315405156608079,-1.8572651464406367,-10.73193,7.3321295
152738,301.43323,269.87857,184.2693,242.69043,3.0242276,1257,13,-1.5825286114830435,4.2580865402648795,-23.202847,24.501085,-0.9900930416762782,1.3039863699434984,22.27259,-25.570381
154234,217.40504,377.38214,246.98465,273.00348,0.9050299,1269,105,4.006264143500027,-1.9720132116974989,24.90016,-27.098011,-1.4896253085158573,0.6209353700023037,-27.627905,32.650066
154373,239.8676,310.31302,184.2693,242.69043,3.0242276,1271,10,-0.8278160731971385,3.681531754614004,-22.541418,24.921967,-0.5546209170002866,0.8797006137412746,22.195051,-25.212114
154654,64.50558,315.1388,180.65636,260.50278,1.5421903,1273,57,1.0122060216626436,2.0723977618567724,-14.972782,31.20514,-0.40976818566115664,-0.7353278511925109,4.685272,-5.6859074
155469,73.24377,304.5991,168.55376,257.8076,0.8302024,1280,53,1.2574775257705526,1.385305591540878,27.875011,23.493935,-0.7711045180620355,-0.5097790292484529,3.457533,41.061882
155652,66.81847,341.55362,184.2693,242.69043,3.0242276,1282,2,-0.4102265383485864,3.3934745807520668,-20.950321,25.71316,-0.6497320998320067,-0.7796682310055691,22.44844,-23.47334
155703,86.80872,303.41382,154.93623,305.19675,1.1443541,1282,53,1.1153848409204288,1.7369568734299592,33.78445,23.59707,1.6429607898806242,-0.724915226512779,20.095818,41.226295
157018,194.57832,291.54337,124.72908,380.46017,2.3136396,1293,81,0.15808458659001579,3.144725751853845,3.3494744,43.29176,7.8377685389666345,0.8782572699542947,59.32342,3.8446891
157413,170.66856,324.75485,184.2693,242.69043,3.0242276,1297,8,-0.37516765167696103,3.348114634622225,-21.643684,25.424244,-0.5052241693274914,0.2833514433342204,22.238716,-24.509361
158397,93.468376,366.19348,99.29881,421.684,2.3968456,1305,56,0.4748968798300962,2.216047182397456,9.074318,41.02768,8.6189727350136,-0.8802072337818191,61.606018,6.206354
158447,186.48364,409.02277,72.741005,488.02402,2.8703012,1305,106,-0.1314626966386731,2.5533532255186513,10.047344,39.674805,10.393353194994225,-0.7832356906365493,62.764156,6.787404
158516,-3.3750005,301.10687,184.2693,242.69043,3.0242276,1306,58,-0.5260176389825956,3.3126851149942524,-20.771858,25.882242,-0.7503371973518035,-1.2012638073240023,22.588984,-23.360271
161755,348.3164,334.36264,311.58765,264.0987,0.7524586,1328,93,-0.8429964823222764,-2.093449514782217,6.379549,-31.032532,0.5169405906333848,-0.35946716665373274,-23.120804,-3.0459535
162815,261.58383,189.99936,336.3614,297.4737,2.323101,1335,40,-1.7998136448434983,-1.4308440804633968,-29.449179,-3.9402502,0.22177456245184493,-1.9388187266455559,-12.654986,-24.66435
163882,295.66257,215.28317,263.53564,236.09578,0.6450842,1341,153,0.22079002175575935,-2.654250230195219,-4.651026,-58.035847,0.2899216210928314,1.2274700169959403,-52.305614,-6.6396823
164154,299.2205,328.955,287.8571,255.2839,0.60745,1343,107,0.07127686769161747,-2.345269145975777,9.1409025,-31.215343,0.45393772618674394,0.6178855936222617,-25.226292,0.7416491
164414,246.01186,275.85992,340.71286,300.96588,1.5211473,1345,49,-0.9643300532104411,-1.2472974423706573,-25.845749,-4.229492,0.15274780150233044,-2.910863513313805,-17.462875,-25.105175
166743,301.18964,202.64877,256.73947,231.72437,0.550244,1359,152,0.02897455986510286,-2.1895994926823263,-4.6934905,-57.855034,0.4922940393698711,2.922754712147603,-52.20924,-6.88136
167491,327.8929,338.03464,292.41745,262.75842,0.5254063,1364,105,-0.49042184991906135,-2.3659551045202445,6.9128633,-30.828484,0.4363086365657109,0.5987260798972048,-25.00843,0.68082607
168678,449.87115,329.55203,337.56268,296.48422,3.5395062,1372,20,-2.544837386131947,-1.886414555657132,-31.979568,-31.79934,-1.2320061150640935,-0.16039666812559067,-9.608246,-30.7772
169618,217.37526,292.74936,337.56268,296.48422,3.5395062,1378,6,-4.3052992366079925,-0.8511608853392695,-28.189096,-17.070698,-2.2759633439181988,-1.7240611374906123,-10.104417,-30.93881
170244,284.4663,222.81216,287.03665,199.97623,2.3854532,1381,155,-1.1967922642571982,-0.4534302677909113,-41.96694,12.617545,0.08695807972280092,-1.021006051352932,20.527473,-51.387062
171074,384.25613,205.64319,335.5839,295.83395,3.3414185,1387,31,-2.6210132564796367,-3.1035913707728997,-32.758114,-29.306541,-0.6787897587871243,-0.24455379460373405,-11.075651,-29.409834
171709,392.63354,195.9077,337.42572,296.40604,3.381381,1391,30,-2.7631516638887073,-3.085128053877121,-32.792423,-29.686855,-0.8486556889111826,-0.41748609419999927,-10.900127,-29.567816
172085,352.13364,332.87872,328.8754,316.35617,1.1953014,1393,88,-0.9986413209829877,-1.9949654749284906,-5.5179434,-17.203096,-0.7510599179466415,-0.3519575725293186,-18.90911,-5.731981
172135,331.30875,307.95392,276.8836,331.13998,1.0502551,1393,138,-1.0426098110995228,-0.486475185031365,-4.9873233,-14.416333,-1.419230729305862,-0.5133295850449032,-1.8082315,7.8589916
172155,276.2017,219.05664,276.8836,331.13998,1.0502551,1393,158,-0.8383075695829332,0.12112559038406803,-5.2440624,-13.495005,-1.9442023201177576,-1.3757342429460953,-1.844698,7.8550825
172353,264.235,199.16905,320.67563,298.17853,2.361218,1395,38,-1.3172931074223193,-1.4170639337830946,-29.582056,-4.1022887,0.18882591274975696,-1.9456075581210446,-12.583949,-24.219646
173448,457.50897,339.9321,337.56268,296.48422,3.5395062,1402,20,-2.5751968171783735,-1.7288860613599342,-31.9756,-31.83375,-1.246400106892974,-0.20379071966510154,-9.616572,-30.782303
175410,192.1037,161.48875,272.59747,242.1486,0.810095,1414,74,0.3156348131237865,-0.6959816052808953,38.481327,-21.82319,-1.4208686181930674,-4.445995693798181,-49.621597,-13.009095
175591,165.40114,207.37177,272.6393,242.93358,0.82212585,1416,71,0.8287123943000617,-0.49233885386161147,38.305904,-20.586214,-1.8094834907728141,-4.304537109730174,-48.72457,-12.715997
175678,190.76523,260.33536,272.28925,241.91411,0.811996,1417,66,1.4856443574707447,-0.8991805554846992,37.122128,-15.912612,-2.0346420273287347,-2.8324697892611,-47.34208,-11.569407
176058,241.46165,153.03638,272.90805,241.91322,0.80308187,1421,78,0.10502978808636283,-1.3314247936176662,38.27443,-23.001114,-1.1441071181210039,-4.2369865296171225,-50.164448,-13.087408
176340,303.01465,206.65517,272.91437,242.37321,0.80971795,1424,84,0.023541006257345953,-2.4134314497415756,-3.1976569,-51.40111,-0.23247955283500932,-3.1963511759816967,-54.18608,-1.6017653
178475,150.81299,89.83543,169.14488,187.42152,0.1369809,1448,11,0.1678495327379853,2.2103600677073865,-30.442196,30.958078,-0.6597603498749736,2.2200459715446614,30.16823,-15.326586
179719,200.51993,249.40373,263.9166,237.10034,0.84425926,1461,59,1.4867185426397063,-1.055282140142112,37.14844,-14.574638,-1.3370664324812183,-1.870461215970075,-46.012276,-11.841217
181365,183.23117,219.11937,249.8725,219.03917,0.7510175,1479,49,0.8978845062958842,-0.5771365601745211,36.272675,-14.378987,-0.4543244752204973,-1.3554107911345135,-45.10065,-12.546486
182311,191.46056,163.92056,250.07487,208.61404,0.24378777,1489,75,-0.1076990037118937,-0.5417535683826512,-45.610367,25.401068,0.6016062301833272,0.1978680189556672,-17.777376,5.4529757
182342,97.94834,139.6596,169.14488,187.42152,0.1369809,1490,14,0.5690484420837965,1.343315480892232,-30.155588,30.794432,-0.5254720691118688,1.296471433284343,29.847628,-15.406462
183525,403.04663,67.87768,169.14488,187.42152,0.1369809,1503,1,-1.4051912911835014,5.066391907856605,-29.531399,21.395798,-0.719717525307957,3.216067084876807,30.532906,-15.217014
184047,173.86073,290.84482,214.29721,191.52724,6.261901,1508,63,0.8384359402472492,0.45889821637269856,-40.755444,17.690853,-0.3239689261810021,0.07999872362532787,12.419134,-14.526146
185073,353.58356,432.97656,302.90344,461.26428,3.6635084,1518,34,-1.5421852768031483,-1.1267090416076186,-13.589227,-20.718357,2.1117577119675626,-0.8797486589617196,24.451462,-6.3558025
185802,204.19633,451.57147,252.09378,390.18646,1.9592202,1523,78,-0.08325198619651128,0.6453984866728383,-0.58976996,24.520933,-1.1778490070784124,0.36616609724074056,-8.204125,14.755993
187254,438.1932,440.79196,321.06937,472.19247,3.702308,1534,23,-2.2107974937705537,-0.8033921266765062,-13.46847,-19.560091,1.7880336334805997,-0.5397537300678673,23.49183,-6.627515
187634,100.1494,366.57184,263.59128,264.57,0.941903,1536,129,5.278788513834111,-1.4120646285579082,53.591324,-13.647817,-4.967104985972109,-2.986419888651768,-33.266277,24.120825
187779,355.0,78.0,318.13748,480.1027,3.7812803,1538,0,-3.832849441625251,0.42013118269564453,-6.406936,-1.6866977,0.5324696348570985,-0.7569066868263392,21.885084,-6.3468733
188869,118.47946,365.51532,239.48315,276.9668,0.8446868,1545,131,4.680024134536397,-0.9155186227534994,60.159943,0.29487967,-1.5818599431982217,-0.45308418232380687,-25.931892,30.17032
189315,395.7374,452.6022,321.06937,472.19247,3.702308,1549,29,-1.888263782653177,-1.108620242722893,-13.474046,-19.781572,2.014778790950586,-0.7318179371336645,23.819777,-6.619331
189869,347.64713,426.5113,296.72916,457.90024,3.6384747,1553,35,-1.5584773332385888,-1.0681492529343355,-13.640446,-20.808733,2.1752458209475494,-0.8337274877797572,24.574392,-6.259179
190226,141.144,308.7736,311.68048,319.80615,1.6693606,1555,118,-0.06489315814497652,0.12124367720306145,-25.44824,-0.12509346,-0.0411869192010478,-4.885353240528507,-17.792812,-20.580374
191596,133.09888,317.79477,73.11447,272.8043,2.838947,1565,118,0.31868739101153143,2.5501800901139657,5.6232,42.223503,8.059279063371159,0.6423672176949071,62.912678,0.6174192
191847,222.56625,399.7797,336.5607,350.85803,2.1743648,1567,95,-0.7869262240625182,-0.7818518896341766,-24.435299,-5.083121,0.6997623393754175,-2.621682951048431,-17.026175,-18.772877
192056,383.90176,451.8331,321.06937,472.19247,3.702308,1569,30,-1.8116768704966935,-1.1449842502669032,-13.480626,-19.883184,2.03742602244531,-0.7845049636237273,23.908985,-6.5978875
192218,121.391655,321.09262,231.51672,446.92606,2.4108145,1570,55,-0.30563291049400904,2.3176166035943244,7.69545,26.115349,0.8686097993027201,-1.3537079668006884,52.076965,13.263377
193315,75.80607,322.1628,117.77471,414.63315,2.415249,1578,56,0.5328593120320676,2.429567339773612,9.324008,41.3518,7.943052797794955,-1.0345788541126937,61.22077,6.722874
194665,349.58698,420.4414,296.77792,458.20523,3.6126764,1588,36,-1.574590596314934,-1.0928551462133702,-13.672229,-20.809517,2.1314130778595626,-0.8726764585619834,24.60952,-6.2450366
195086,226.66287,341.97406,242.5299,445.6964,2.7036586,1591,46,-0.5039324619292589,0.8979134565254736,2.7608442,7.3015833,2.227880186198587,-0.8077070892400269,23.88016,-0.36094126
195526,173.11896,476.43402,241.89096,440.6244,2.3807247,1594,75,-0.34797220337255846,1.3134782832640972,5.225737,26.844759,-0.2642594824743106,-0.5895024523822591,52.7429,11.601657
196077,217.07835,466.49103,299.175,466.51035,2.6712043,1598,78,-1.0579523319673843,0.35803003746846146,-1.5986544,1.592754,2.572853660938195,-1.8850312952109374,20.390753,-1.4905753
197084,84.412125,352.12286,66.797195,237.5027,5.0843415,1605,126,0.8482710814848229,3.162995015699923,-8.585283,56.994755,4.152360118365192,2.3059012071070577,58.30683,-12.814036
197903,70.294914,290.88068,27.243284,208.73106,5.0572233,1611,123,0.539806138840709,2.255065027998921,-11.877591,52.140854,7.299097678250271,0.37929352330413846,63.038593,0.38285655
198116,63.861893,423.73615,294.03433,465.3297,3.0005326,1613,62,-1.6410023795089757,1.0691581795195815,-2.0757875,1.9746091,2.82852690519069,-2.046074136551794,20.286095,-1.9329039
198195,355.05984,81.02075,320.81223,472.79135,3.70907,1614,4,-3.847840191211163,0.3625850869156467,-6.403969,-1.7039119,0.448045594820278,-0.8179723192081665,21.877483,-6.3399954
198531,295.4006,300.93423,258.06693,283.01312,0.81146365,1616,66,0.376940582408154,-1.4834197397205282,11.650214,-48.316174,0.6018875851097057,-1.4822637460898795,-18.59231,13.313014
199310,137.87721,145.46516,150.7904,201.60284,4.9000926,1622,23,0.2998474806592205,1.2571075888028376,-35.29317,30.971977,-0.5115703357951589,0.6383033529989849,35.30074,-39.461807
200663,328.33212,199.59619,150.7904,201.60284,4.9000926,1632,6,-1.2731277487676345,4.158706316656269,-32.05744,23.556396,-0.7021163733423526,3.5653515069566484,32.56412,-39.29039
200786,156.65695,251.436,246.96182,251.12912,0.6567233,1632,129,3.518735701008821,-0.9993115417176778,52.26971,-23.015854,-0.14654802120115856,5.660042058994685,-48.6484,29.817675
200791,165.15721,239.88878,246.96182,251.12912,0.6567233,1632,134,3.0091074827144655,-0.9962420915944501,52.100025,-23.316706,0.0949473137395882,4.969302256988657,-48.92892,29.60446
202360,309.6815,253.58408,252.53279,248.32457,0.3535964,1644,59,0.08953132449491001,-2.0565179783306373,9.424543,-50.24176,0.7329649004035109,1.4830291032230178,-19.525402,8.25918
202647,335.4273,331.7715,257.72693,283.855,0.83270544,1646,72,0.04052698285712897,-0.9180383593887611,13.652277,-43.039757,0.6331983826439651,-2.132477650591492,-18.496414,13.944204
202970,107.55678,309.1192,249.5371,250.39796,0.65218335,1648,121,4.747938992464747,-0.9984213457057972,56.651005,-17.823029,-1.1491902597629446,7.302822440694073,-45.144634,32.122616
203580,254.09209,158.6096,193.12819,202.959,5.5305777,1653,46,-0.3058877264692394,-0.15054919682353432,-33.979385,18.267773,-0.46839019217927874,1.1400809240218372,34.35981,-40.628937
204193,245.88177,377.09503,250.72134,247.28648,0.59735525,1657,111,3.3453682376870715,-2.301208332307994,24.084454,-34.757942,-1.2193241571608704,7.179870780069139,-41.025093,35.584133
204418,312.4571,293.31918,263.35727,276.8885,0.6146262,1659,62,-0.1022121503747635,-1.523745562427205,11.577094,-48.15059,0.6800290819592734,-1.1821809897937148,-19.662365,10.009433
204649,109.80962,119.27754,150.7904,201.60284,4.9000926,1661,19,0.19829109561488106,1.8963266940524137,-35.05421,30.962912,-0.4255054750251453,1.1908222949022957,35.0345,-39.30872
204864,240.6417,330.34952,249.29454,277.00375,0.74810517,1662,97,2.1176696124489607,-1.986017344351088,19.503614,-26.539604,0.8541623265251469,-0.70195950525703,-14.299429,21.172398
205376,313.4553,278.8573,260.54956,265.41382,0.5270538,1666,61,0.040375603800223675,-1.7530141495312856,11.033165,-48.646057,0.7010480786359247,-0.24488601082106526,-19.757996,9.355358
205887,151.34348,138.94879,152.77934,200.54843,4.9335766,1670,24,0.14485129553547665,1.1029501488714168,-35.44067,30.949762,-0.6291445279569604,0.6685386593342592,35.269913,-39.546196
206442,184.73045,149.12042,175.756,195.16269,5.226257,1674,31,-0.07293518854251155,0.3162846063962213,-36.65893,29.811773,-0.6291187919533363,-0.018538571877010253,35.45257,-40.300533
207586,311.2079,391.90155,194.75911,202.91193,5.589033,1682,79,-0.6221224535080492,1.3391106359439944,-35.92643,21.07602,-0.2534506088791112,0.8895156969770046,16.33892,-24.945164
208374,243.24005,176.96733,223.46269,207.75827,5.7049994,1688,45,-0.4574603359812298,-0.9321157495685181,-36.48446,14.956406,0.3751530879236019,-0.7951891674928322,-7.5019197,-14.616415
209457,195.70445,141.55179,178.8527,193.86713,5.2973795,1696,32,-0.10679195162346347,0.2848146334594861,-36.68231,29.630226,-0.7341979430115191,0.4363574343416897,35.211514,-40.416176
210568,255.66177,140.93787,156.8294,201.11905,4.985297,1704,47,-0.5089412263227793,1.9328852850601845,-32.903214,24.210558,-0.8126961109731908,2.6452250880894876,33.080826,-39.225388
211747,258.41458,391.3993,308.82382,262.07895,4.5435314,1712,130,-2.954933187056268,-0.9866960121360062,-47.963593,-21.771435,-0.750471938078243,0.19207262102150452,-2.8994067,-48.234154
211805,340.80948,250.7842,302.95288,268.71548,6.1978936,1713,51,-1.6032449349853486,-2.216185075127971,-10.596596,-16.359205,0.7078446841859923,-0.41990595197348424,-0.24795128,-22.927359
212025,214.80902,239.89235,201.73335,187.81961,5.453228,1714,134,0.19144447486717447,0.12731207801440583,-41.835323,17.44436,-0.8959499431401726,-0.4708863277905641,46.927696,-36.169918
212142,290.38092,492.91873,244.32492,223.11537,5.88599,1715,114,-0.947795937551765,0.0914084527794232,-19.759516,19.331995,1.4420049843510216,0.02040110273874044,-1.9043789,3.174804
213039,75.80514,484.58762,178.46222,483.4838,2.79084,1725,17,-0.37044310836741684,2.3782931526978524,7.5428686,27.985191,3.7605984761092137,-1.204630355726538,55.04506,12.622902
214040,136.6024,490.64764,210.41841,466.79898,2.5537558,1736,28,-0.32864880551424147,1.8117399801816907,6.379173,27.324207,2.132000212377973,-0.9085520171603401,54.021328,12.212868
214530,213.1973,417.39407,256.6749,255.7875,0.97796506,1741,68,3.6884202021685577,-1.1058313198354457,62.27857,-10.143416,-3.625617942865856,1.2091771390654682,-36.81442,18.885725
215407,253.01294,431.45312,283.65063,361.27463,1.7733521,1751,45,-0.18032737642692154,-0.483193756542317,-10.532789,-4.023399,-1.2114704126155065,0.024848574307321056,-8.395571,14.387436
216487,242.76273,438.14868,275.9517,368.8863,1.7913743,1763,45,-0.1966422735101625,-0.20344778424254498,-10.468235,-3.9095323,-1.241150780132173,0.20305342157046097,-8.335761,14.507636
217187,125.54539,496.5755,198.70178,473.87115,2.6285467,1771,25,-0.28672447745912316,1.971816645531176,6.8086333,27.683704,2.5910877014418947,-1.023753032629789,54.454002,12.388597
217855,283.52496,328.65805,313.49277,272.76456,1.2739123,1778,63,-0.32893099431103306,-1.4408603066218604,-17.327951,-5.730514,0.1060228167506411,-1.5586306966887005,-21.181643,-12.1197195
219064,50.085484,425.30884,178.46297,483.48483,2.7908218,1792,12,-0.3810402471765793,2.536451970609038,7.795445,28.004627,3.578358854370574,-1.3287946142443265,55.088997,12.730655
221260,297.2913,518.9359,178.46217,483.48376,2.7908406,1816,48,-0.8865216845137379,2.1716366990928817,10.048864,35.17326,3.7327345821380753,0.08399626427979322,55.521027,12.079359
221503,402.99347,308.85394,318.4811,233.93996,5.7046943,1819,28,-2.046946430082331,-2.568213936897821,-45.221104,-22.76942,-0.14162246822461724,-0.2805603104662102,-2.3155043,-14.594355
222813,287.63742,173.43622,318.5161,233.9113,5.681165,1835,10,-4.430311591005884,-1.6666649774923434,-31.30058,-12.096876,-2.059404650337112,-1.7639860500610658,-15.014184,-27.986843
223805,232.77644,201.27269,318.5161,233.9113,5.681165,1847,6,-5.237237176237699,-0.7823675422420306,-31.312376,-12.144948,-2.170188394698461,-2.2270316902853557,-15.0354805,-27.947903
224237,428.38535,264.42578,318.5161,233.9113,5.681165,1852,23,-2.4654212270088824,-2.636858915921921,-44.77388,-22.608986,-0.7463776669719041,-0.5579550217277599,-2.7165177,-15.605488
226845,264.0944,331.5144,309.41504,226.92752,0.91847795,1883,58,-0.2714760317096319,-0.9327698354438847,-18.216284,-6.3853526,0.6833205463480002,0.21880099613505316,-23.382511,-11.377395
227346,334.87527,314.941,286.79016,225.04922,0.72160417,1889,61,-0.626460317339075,-1.5623695071226165,-2.6873572,-43.380455,-0.3004455289076163,0.14140654420156018,-20.761988,-0.3172796
229422,393.0732,376.92453,318.5161,233.9113,5.681165,1914,62,-2.3152089670076292,-1.8993064625245915,-45.82566,-22.341248,-0.6620561700359174,-0.3765021834774402,-2.600683,-15.521095
230677,353.78568,445.2507,302.2505,320.60278,5.857345,1926,27,-1.5877822718581476,-1.805162711761858,-8.445567,-23.705364,0.031013730596651294,0.244051858256927,4.5171328,-15.100275
232052,352.09055,445.9558,303.06897,320.22787,5.8710165,1937,27,-1.5693924883326846,-1.80575684326427,-8.390207,-23.691204,0.06026788658537636,0.27535497506671874,4.5126247,-15.09295
235658,300.29028,477.19617,317.6068,356.8862,5.8128533,1966,8,-2.07346398401801,-1.2306246917692587,-10.793213,-22.354042,-0.7765428526830691,-1.0995431758818048,5.180144,-16.433321
238607,354.78442,337.55142,281.85315,222.42987,0.5541397,1989,82,-0.6497412866977206,-1.39587401475986,-2.25967,-43.089916,-0.03127934102017989,0.3216212822686068,-20.918325,-0.04792737
240040,345.0033,483.27805,317.6068,356.8862,5.8128533,2001,15,-1.7502377394697268,-1.486505703550975,-10.349282,-23.009361,-0.6404167894006856,-0.7657089580930937,5.075469,-16.305634
241067,314.34674,328.18707,271.01703,200.1463,6.008961,2009,42,-0.7810376456230983,-1.536479638831515,-44.15234,-14.465819,-0.027521740617054584,-0.11971919835026731,-26.905706,-62.992878
242050,382.72375,485.90335,317.6068,356.8862,5.8128533,2017,25,-1.833751520228626,-1.469917495693523,-9.998709,-23.476116,-0.6066132661388556,-0.6657832045527087,5.0067015,-16.20893
244918,147.77777,354.0689,245.58766,261.0619,0.8058736,2037,138,6.093936127495832,-1.979104984401274,58.155888,-8.283885,-3.204841714888372,5.409359541287455,-32.69737,34.447826
246212,335.45166,441.50195,228.96251,403.86627,3.3665404,2047,32,-1.4515658553876176,1.1891591400646322,-4.405325,-6.486966,-0.9390672096376744,0.5360818474796527,11.759702,10.011365
246507,282.9754,388.8755,246.10536,379.0048,3.0050585,2049,47,-0.4311697054935917,-0.5035285869815777,-8.128815,-6.564525,-0.4248222177196812,0.2499258086148115,10.122044,10.794964
246819,148.68869,128.1472,213.41254,262.40546,1.6994784,2051,79,0.45270269777615346,1.5850856477592075,-11.675124,29.560884,-1.1370264048835854,0.11841138808692071,3.0596445,-3.9446473
247316,256.1362,183.94504,228.96251,403.86627,3.3665404,2055,16,-1.5837533725457293,1.4591779424370157,-2.5435374,-5.276759,-1.8881844946369322,-0.5131982627763912,11.858599,8.397269
249146,367.1819,363.09845,228.96251,403.86627,3.3665404,2068,26,-1.919977952910241,1.3218808306421868,-4.08869,-6.4039745,-1.5759037188894043,0.5772596044476422,11.752759,9.48366
249549,142.13918,149.81065,228.96251,403.86627,3.3665404,2071,9,-1.2773509426323513,1.9681692333116407,-2.1910887,-4.794346,-1.5505760760183187,-1.2005465352162585,12.166204,8.298796
249779,120.067055,291.2995,225.59346,280.24066,1.1808784,2072,99,2.0615067998931336,0.6765626966694902,44.27206,18.621578,-0.8174357366568621,0.2884187220736613,0.2800755,-3.5429246
250049,103.675514,222.84926,217.72293,263.99777,1.6687988,2074,89,1.0414766460414653,0.7574665579507481,43.794804,16.239683,-0.7033403323959486,-0.8361501941703042,2.04074,-3.692647
250324,115.65236,187.56354,229.03453,284.97006,1.6679198,2076,84,0.7075901510130794,1.0303740453041783,43.2539,15.835718,-0.22108354124376384,-1.2409723084714337,0.9799028,-2.205025
250903,114.44647,296.79346,203.92355,240.95921,0.72648627,2080,103,1.9239503846504429,0.5255458431791703,30.882616,3.9167964,-0.3883906166237993,-0.05417905872596796,-5.9586377,42.002075
252356,260.75772,190.64714,228.96251,403.86627,3.3665404,2091,16,-1.6001340475628802,1.4087672688580761,-2.56737,-5.300998,-1.9076199118052481,-0.4313204970531113,11.835033,8.419782
252990,104.355804,250.144,213.97652,268.48044,1.4642646,2095,90,1.2624958907577726,0.8822703891647322,43.952827,17.053478,-0.828975669863679,-0.41991038469821884,1.8671486,-3.5522828
256016,282.90247,457.84827,228.96251,403.86627,3.3665404,2117,36,-0.8483336454679001,0.8583953591640108,-4.762271,-6.455549,-0.47033029642500285,0.39755498439303594,11.68252,10.236226
256403,82.5546,162.62346,228.96251,403.86627,3.3665404,2120,3,-1.1678890626924885,2.2236699375191478,-2.0310278,-4.5405517,-1.3039831774593607,-1.483616954315302,12.358966,8.305536
256429,378.20184,469.19305,228.96251,403.86627,3.3665404,2120,29,-1.8060558856213902,1.8131968742070532,-4.286925,-6.506003,-1.0307686659252602,0.3962032765922656,11.818261,9.852387
260613,42.698586,259.70703,147.02069,308.60815,0.70089793,2173,17,0.19234147149962116,2.768117124749433,-0.12941995,47.563293,2.675247163689816,1.0931875607419965,46.454952,30.556293
260623,68.80455,325.49405,147.02069,308.60815,0.70089793,2173,27,1.10593716813479,1.8605414891045977,31.745813,24.710987,2.453355993110208,0.1473844413127829,47.026615,29.92072
260963,58.473198,419.00446,186.54622,331.9635,0.80323666,2177,55,1.0676751520675443,1.3992170556499806,32.94743,36.063797,-1.2416890528540503,-0.902771697379002,23.208874,46.33324
261282,93.23833,427.7414,191.438,333.59512,0.8081707,2181,62,1.3919779246076642,1.002470337191093,33.105415,36.77742,-1.2311935911142449,-1.541568869257832,23.725039,46.33758
261861,37.526337,254.13605,147.02069,308.60815,0.70089793,2189,17,0.13672962743573736,2.871884837896926,-0.13539377,47.561768,2.6678608894576996,1.195385078357953,46.42318,30.585165
262870,61.151188,212.33511,147.02069,308.60815,0.70089793,2202,12,-0.1032372047023229,3.360164629061536,-0.17479278,47.502254,2.6452698094091147,1.4534785519003746,46.33466,30.661535
264431,276.69467,226.9259,216.74818,320.9993,3.1471884,2222,13,-1.4009811718078358,1.120036728715847,-13.643405,12.889054,-2.0255901955177555,0.5317933313894992,9.71641,16.25844
264457,103.51111,309.85455,213.02554,327.477,1.4593855,2222,39,1.582474987102212,1.2638683010363996,39.06719,21.258244,-0.5470230994484692,-1.5440070565825341,32.405396,53.715763
264592,121.303795,267.69446,213.4423,325.2961,1.85125,2223,34,1.209898229997755,1.138414678892718,40.382545,21.570358,-0.0018429981385496078,-0.8645395756370577,33.41384,54.56129
265423,188.3609,211.70282,217.00348,320.85803,2.6182024,2229,25,0.2769861311527848,0.21520224751332118,-10.136443,26.167955,-0.949960843167132,-0.7356050139364417,10.755543,17.713175
267301,163.48572,424.71085,207.00142,315.61658,1.0886811,2242,83,1.23079187191387,1.24385703176424,24.73045,33.674385,-0.12193588722944748,-0.5036687181806719,25.029055,38.602787
268032,98.82771,423.69525,212.50662,301.9071,0.919086,2247,114,2.0974211754430927,1.2145310917103174,55.00668,13.730356,0.35449752392574924,-0.23366721807116447,17.441534,37.172443
268242,99.09014,338.43628,211.92963,330.29785,1.2321134,2249,44,1.6286171463460164,1.2554664558769597,38.16548,20.748924,-1.1567284335991725,-2.1198088099934753,31.902925,52.843414
268794,110.07089,285.10147,212.48268,326.31888,1.6787087,2253,36,1.3501740208954216,1.190454656502069,39.93148,21.54462,-0.2628537212222854,-1.1392694354437334,33.048935,54.143703
268866,174.3748,414.9205,210.18585,305.06985,0.9600284,2253,108,1.512890116601764,0.8605063730193465,24.75005,32.976234,0.6240228301804482,-0.15543478012330214,24.09345,37.894653
269170,161.53719,375.77487,244.59062,269.1983,0.72215366,2255,132,5.583859203719085,-1.9882990358148314,58.836376,-2.1305242,-1.6683911711820583,-0.29014912862194153,-25.85918,26.496946
269883,362.97595,297.41013,216.74818,320.9993,3.1471884,2261,5,-2.093286814835519,3.0283186684711154,-14.200276,13.131062,-2.14220671096326,1.3586975404927757,9.686488,15.792321
272817,155.47392,368.09668,244.80594,267.1646,0.7348502,2281,139,5.856409889381574,-2.0057464917152785,58.98028,-2.8404028,-2.2980728701812736,1.3203795969501533,-25.92333,27.056986
273445,245.30182,387.1887,215.13075,323.0039,1.2930245,2286,67,0.578620436137508,0.6931148641845112,20.536503,34.62552,0.28990337580193865,-0.031810831292191595,25.322638,39.376976
273459,191.9961,417.91748,215.13075,323.0039,1.2930245,2286,81,1.0113110615392993,0.9222951289870253,22.006237,34.506058,-0.1287152677776296,-0.274665875884925,25.63862,39.65581
274654,252.20256,219.27199,216.74818,320.9993,3.1471884,2295,16,-0.8339845089372181,0.17203449806795942,-13.357211,12.785452,-1.7676068347388085,0.22265723537180981,9.795394,16.603718
276519,200.07852,450.0101,210.95961,338.94482,1.2748669,2308,61,0.4331781331788438,1.3602243746861824,23.00425,37.010693,-1.3120822773962788,-0.25508172802948215,26.335648,40.04973
277779,187.76747,477.44565,212.12962,338.6358,1.1157948,2317,61,0.2791648354169884,1.4659295905061804,24.059996,37.555664,-1.6585761341719696,-0.8333694187520161,26.707838,40.47408
278070,414.31305,298.32065,468.70566,301.67093,2.2013617,2319,72,-2.2324887250028285,-1.875910032060147,-21.124655,-25.546965,-1.3600361091996829,-0.4870500031252426,1.3003032,-38.292988
278183,120.56574,348.4845,230.97273,337.08536,1.1968417,2320,45,1.441878061286762,1.2305070100223066,36.876038,18.02983,-0.13853427540702942,-2.2759477224300744,30.60565,50.198208
278289,308.57916,259.10995,216.74818,320.9993,3.1471884,2321,11,-1.7601473501883909,1.9934972557906856,-13.975191,13.039065,-2.0905000055972147,1.0824804325707011,9.641969,15.967037
278302,188.37936,263.74768,178.0349,328.27768,2.824342,2321,24,0.443950467926466,1.3340984481322633,-7.4242334,26.227942,1.3480713278267713,0.8546318823919945,35.934475,17.357893
278697,95.73351,427.76196,220.2192,299.02982,0.98615915,2324,61,2.0363765517368146,1.256985765495503,54.355682,12.8983965,0.404330237061662,-0.7610449811346794,17.261576,36.78924
281696,352.62006,368.35196,249.43188,340.02682,0.87127876,2363,18,-1.568396184022628,0.7615652039250398,1.6109108,-9.755504,-1.9072352167054014,0.030215931909267968,1.9298204,0.8871298
282309,162.30333,51.004887,249.43188,340.02682,0.87127876,2371,7,-1.4478873188034806,2.7549950909317595,-3.2109947,-11.373926,-2.3353812356627284,-1.3197887664063253,1.8475345,0.91865516
282534,151.81453,354.07678,254.27705,266.19833,0.89685786,2373,76,5.94408198811668,-2.1842137959104275,55.738914,-9.849366,-4.081237384382982,0.5073083371483104,-30.81095,27.409264
284316,86.60426,392.6283,215.67262,283.2987,0.8315678,2396,64,2.5753179712156316,0.9284347953603349,54.47175,14.586734,-1.0951227489343938,2.067770175020088,6.529145,40.17169
284625,86.92583,410.80963,207.81447,275.199,0.8088885,2400,61,2.429580108080318,1.270705997409335,54.216457,15.658731,-1.1024911218999884,1.907338387665967,5.706394,39.847996
285749,324.34842,299.0278,249.43188,340.02682,0.87127876,2415,15,-1.4478484169327301,0.672716317382817,1.5359132,-9.803446,-2.1026719783279395,0.03606262836478641,1.9751964,0.9098427
286400,242.95775,323.85776,174.97073,289.27026,0.28188375,2423,42,0.45054314417917707,1.3059977593091108,1.0332965,36.775486,1.532296218973392,0.331406375793533,50.685543,3.2592769
286718,277.95306,281.23544,328.57916,182.86336,0.7497267,2426,68,-1.2860588363803043,-1.758027919526717,-46.45032,-8.811499,-0.3137668213661139,0.001127944018328067,-35.69733,-54.145027
288223,340.01187,301.35425,327.41376,183.48405,0.7671762,2440,75,-1.8331918330604067,-2.039283716397874,-48.01254,-8.953801,0.12923373486729392,-0.08681239509497259,-36.109356,-53.135162
288880,382.52567,169.51907,327.17563,185.32367,0.77362984,2446,90,-2.2306911677667367,-2.682589133897673,-49.28102,-2.1720603,-0.5771503819940161,-0.5358438152964246,-39.00864,-43.90726
290049,427.49536,237.9298,334.83887,172.60518,0.7951848,2457,82,-2.518762906296252,-1.648260414859301,-49.78772,-4.6653576,-0.7191099537144471,0.10758662092106418,-37.778774,-49.963463
290500,280.2499,244.65738,263.76166,247.52261,0.866981,2461,105,0.7505486070478993,-2.249939716913047,-0.92777765,-60.452877,0.5534190380877285,-0.253468141055034,-54.234966,11.836564
290562,288.16702,291.3774,334.76782,176.1915,0.7058373,2462,60,-1.6713576061627886,-1.8736899889499659,-46.994698,-8.43471,-0.5611512431817058,0.3039008330719005,-36.133698,-53.967777
290709,307.37625,212.16734,297.87357,222.92719,0.78668576,2463,100,-0.41129218279672536,-3.4602453952639523,-16.782246,-54.75242,-0.6622008800844409,0.052275283606521894,-39.416943,-34.751
291860,314.44482,297.6993,332.3693,175.21797,0.7685393,2474,74,-1.8619293203272342,-1.9187993876065428,-47.632954,-8.397106,-0.41813998022231014,0.2233465627264014,-36.439354,-53.54262
292776,386.1519,394.3611,405.1077,318.06726,1.502254,2483,27,-1.7112504633838492,-2.031585048805711,-23.763033,-26.089287,-0.13833493501685926,-0.1346467191439987,-23.35997,-31.029316
292783,398.8208,333.6763,390.03552,255.95966,1.1594965,2483,34,-1.7212725590086022,-2.1971206908933594,-24.871977,-26.610188,0.25684407729003744,0.14397171308963141,-24.249317,-31.36672
292931,335.2627,296.03912,329.24588,176.8331,0.8021673,2484,75,-1.8835683958796523,-1.9008013344210994,-47.962425,-8.482727,-0.2974131264967774,0.10800338905767733,-36.57876,-53.28076
293654,376.0632,255.35043,334.809,187.47221,0.68521947,2491,49,-1.812865669224154,-2.4800739712428213,-49.29955,-9.720669,0.4839140965100787,-0.43347548592498264,-34.493458,-51.401066
294301,335.0518,323.95535,329.15707,203.70517,0.5242017,2497,54,-1.312827262674645,-2.0240072933457047,-46.74309,-13.703233,0.8704684546938752,-0.7168026609856741,-32.130394,-53.955776
294382,389.18124,379.80005,404.0902,302.63162,1.4509304,2498,28,-1.731442396255436,-2.1160205647318753,-24.007122,-26.183117,-0.03417181054931462,-0.05214670731921296,-23.571611,-31.101614
294722,386.20093,251.22295,328.29587,201.34747,0.51409435,2501,47,-1.710459907573707,-2.6089269596375653,-49.204906,-14.509399,0.8987673806036351,-1.0131387225448698,-32.16047,-52.0879
295628,304.8431,161.35413,249.95882,118.548134,6.1345344,2509,97,-1.5308790432330366,-1.2394211317859107,-42.107544,12.181214,0.8910690573846987,-1.1456294421612898,24.110886,-48.972576
295997,408.7906,276.55905,374.65286,357.23355,1.9447699,2513,38,-2.1875169633484846,-2.0132786109287526,-22.06336,-23.417109,0.020496087884072763,-1.162122718994406,1.404704,-25.009455
296790,318.06198,291.8645,414.122,336.735,2.482526,2520,82,-2.630099304950517,-1.700758525032073,-20.605158,-24.652521,-1.35533060396497,-1.6493429481241555,1.48267,-37.300533
297301,204.20074,133.35362,247.41794,251.01889,0.7127447,2525,58,1.3659072168121125,-0.08326901485905547,52.286903,-25.43674,0.37789553341874454,6.5894754892114795,-51.96838,28.717354
297381,74.24167,354.48035,196.24283,157.17847,5.7529745,2527,4,-0.7154315963641793,2.1007955223303525,-40.2444,39.81126,-2.2789122401821835,-0.26774634909474454,39.577053,-42.21784
300037,298.03506,265.58414,247.65984,247.11398,0.6275015,2566,47,0.6918183886896874,-2.094575508051746,3.881178,-57.3817,0.7270232559606208,5.175275029337669,-50.35669,13.414903
300615,180.63649,107.47065,196.24283,157.17847,5.7529745,2575,22,-0.5161408501292308,0.22981700045790315,-38.242714,30.942776,-1.732922127929308,0.18581434187085172,38.16267,-42.339855
303157,134.58038,125.30016,196.24283,157.17847,5.7529745,2613,18,-0.31666250141191615,0.6642557257720003,-38.286755,31.329876,-1.904998990808183,-0.27890166110403625,38.357822,-42.299683
303252,295.17236,295.4909,268.81982,303.15753,0.28035808,2614,46,-0.9345234547373572,-0.9056142143535791,-6.11978,-14.498148,0.5353704392624763,-0.5578754536241994,5.0246854,6.008745
303263,224.1951,185.7516,267.96915,323.3935,0.41638637,2614,57,-1.055395118663205,0.97566322649675,-2.882876,-11.762306,-0.4934541644013621,-1.5373098245205956,7.080244,3.354932
303432,172.26208,87.741936,196.24283,157.17847,5.7529745,2617,25,-0.626399773258466,0.47614160484572243,-38.222935,31.112192,-1.843572188452275,0.23101615931786595,38.260082,-42.37481
303765,176.33774,154.04947,196.74138,158.90671,5.7430096,2622,23,-0.1593714849720129,0.0962252411321241,-38.709877,30.598349,-1.340097104877297,-0.45004371826679446,37.892605,-42.14254
304876,111.71751,174.25269,192.75475,233.36649,1.8992509,2632,20,0.84985070724912,0.9277347738422665,-15.94272,33.62885,-1.5496267600462852,-0.47515783076721224,30.131716,-21.296232
306693,251.35117,117.249535,200.37328,225.21411,2.9544291,2645,4,-1.3717013372808688,2.050825419786811,-25.232878,37.241604,-1.9210211785382276,0.06814972867035761,27.429996,-26.47621
306903,140.12332,219.19934,228.82008,273.0822,0.66304684,2646,73,1.4088644876234229,0.801349045481064,31.00026,12.234195,0.21131426193734673,-0.775771810681695,-12.450581,53.330353
307160,139.75305,273.74103,199.80212,246.5495,0.6768244,2648,48,1.6719452841160363,0.3067115615054199,32.839302,3.7245247,0.14858308097310396,-1.2215232229389197,-5.3381515,45.657684
307778,114.71381,386.80804,242.98093,282.83,0.75095564,2652,102,3.791468445264229,-0.4610883063932116,55.600067,1.2883117,0.27867999764038076,-4.934410052717783,-23.086164,22.821377
308106,222.11345,115.044235,200.37328,225.21411,2.9544291,2655,7,-0.6589022570354589,1.3775767925329008,-24.858286,36.816006,-1.9480216125731422,-0.13691370844098,27.30399,-26.317144
308917,160.61325,362.125,256.8601,267.57892,0.8132819,2660,113,5.953729527584016,-2.357489077987867,54.259914,-10.7677,-3.1487108280743836,-1.78753994008225,-28.655638,24.235653
310124,149.69125,278.07742,204.04993,262.4619,0.7353035,2669,51,1.7906313987749014,0.23635897711110243,34.223896,4.5231714,-0.2636024857479805,-0.23670576218529377,-3.181363,48.046608
310381,93.08042,224.44754,188.88522,244.14864,1.4640882,2671,26,0.8705650981085751,1.3101369533660263,-14.32561,32.98695,-1.2347610287841664,-0.5392899585793057,3.3436506,-4.896918
311301,108.31057,370.7327,248.964,287.44064,0.8092913,2677,100,3.522906269595381,-0.28409454662159284,55.38147,1.1203737,0.1987200738581177,-5.9253102081676206,-23.30791,22.510323
314360,163.11105,284.29535,218.43492,263.87424,0.6838772,2699,57,2.3198674857909496,-0.3301914550180534,36.949593,3.094783,0.09610592108440122,-0.04976907020044293,-6.811431,48.25108
314563,167.37975,361.62823,276.6535,282.3779,0.9180313,2700,119,3.40228148801723,-1.6580848566955355,48.629116,-12.922782,-1.9471628647253394,-5.443356695151741,-27.433573,19.401188
315204,160.08339,284.8067,213.26921,276.5042,0.8278858,2705,55,1.8557642652941466,0.11547167947844733,35.598698,4.791772,-0.15046366957296456,0.5554928413592508,-2.4115906,47.867237
315288,237.29291,313.00546,257.49695,257.67178,0.88039076,2705,139,2.6985052200797095,-2.4115121309979792,20.707415,-31.871655,-2.6826190708784377,1.7674290353103301,-36.049694,14.536427
315679,129.2655,349.04187,223.39621,259.94644,0.5916096,2708,107,3.7039612196367746,-0.5218649533622667,52.99909,-0.6968197,-0.8420349663051047,4.284129906626698,-30.793434,45.369686
316053,174.98247,320.9293,228.09572,330.5981,1.162465,2711,58,1.2739159491596643,0.6708039243122378,34.893574,17.480427,0.7468589876470931,-0.8255410424774396,31.047626,50.562492
316665,174.38857,380.74213,282.0577,299.14462,1.0033958,2715,106,2.1627340000059685,-1.261265749331588,47.821404,-12.804272,-0.8780133462116682,-4.498223094844391,-26.681427,18.82924
317547,255.2054,120.31434,200.37328,225.21411,2.9544291,2722,1,-1.4273516891396971,2.1224541262717094,-25.264961,37.266384,-1.9126306481673143,0.10971865809445404,27.439522,-26.46365
317970,265.81708,112.327965,200.37328,225.21411,2.9544291,2725,1,-1.6147479064773134,2.3607228324914575,-25.324923,37.378258,-1.9951825550135562,0.15415533312270135,27.55666,-26.436777
318163,96.5066,278.57513,207.55142,230.13332,1.872474,2726,53,0.7478760438544253,1.9529372872902089,-17.49608,27.77504,-0.332496889217811,-1.0883332317291459,19.346668,-15.358136
318753,316.85532,212.1083,243.10222,318.95996,3.183778,2732,12,-1.8990214427750578,-0.2800773640500081,-14.036119,12.219818,-1.875811127220695,-1.6366442350690393,9.062728,14.000047
319115,201.22466,369.27448,219.25894,293.7016,0.80157685,2735,80,1.6362626986505135,-0.0008494539113658023,18.160463,-18.968931,0.6294389628106659,0.28516781199771957,8.371283,35.151546
319349,185.84492,215.82294,241.0504,319.3506,2.4030724,2738,20,0.3878016838774794,0.008446921106947426,-10.308491,26.124298,-0.578137875755007,-2.1622489416704997,11.265273,17.474155
320638,133.33672,346.73898,241.4704,320.43686,1.0615641,2751,35,1.8020133961284093,0.8086182224544601,36.808163,16.934956,0.2814720988006712,-2.4667203060796856,29.259817,49.772144
323350,443.81943,252.72112,243.10222,318.95996,3.183778,2779,3,-2.8661670760302207,2.1018875834108095,-14.499448,12.2798605,-1.6120057584897463,-1.2249407570146948,9.071145,13.931622
324305,199.6112,347.3239,265.79623,312.4269,1.7419282,2788,76,1.255724472958215,-0.4067695005300367,-13.892916,-3.6372507,-0.38410912383782253,-1.2081882160045636,-10.742346,9.320025
324334,403.39758,230.47664,243.10222,318.95996,3.183778,2789,7,-2.703115752674471,1.4805736156445473,-14.421339,12.265522,-1.7770204972652808,-1.3086473965556797,9.065889,13.94712
324391,243.02116,370.88208,237.3553,317.1466,0.4812772,2789,64,0.06917565780127193,-0.5276000342891927,14.088137,-16.877506,0.10966619464640945,0.101092630336052,-3.5535066,20.3048
324660,127.52202,362.82028,249.40477,316.79175,0.9937215,2792,39,1.922180756325136,0.4928048816812727,37.1444,16.114702,0.36537621338577597,-3.460919376355464,28.038906,49.273735
325204,134.55495,361.46902,217.60005,278.37155,0.5254542,2797,93,3.004322659009258,-0.1455396020108159,56.083286,6.280358,-1.2359574132224789,1.4192644748838266,-0.7218988,55.366585
325856,234.15495,392.7328,242.24765,331.70898,0.6827065,2804,59,0.014201775315765733,-0.38820141123270435,13.025088,-17.254871,-0.010717207417342278,0.5711970539694132,-4.047206,19.54638
325949,222.80568,404.3905,259.79855,324.08295,1.8626758,2805,54,0.5722931531750388,0.04476204836166781,-11.819531,-4.2186747,-0.16001275917127022,-0.05764396791249228,-8.88095,10.059583
326024,113.0908,320.57623,248.89546,321.61603,1.8113643,2806,31,1.426541452021454,0.9318347758064993,11.92181,13.935662,-0.0747767733390036,-2.48828411603481,-10.405497,8.1169405
327619,246.5552,399.0744,133.49474,503.4332,3.1527157,2822,58,-0.46107490610214336,1.9234475760656542,10.287875,37.630512,8.538064164377953,-0.9366965526404212,62.260204,7.7570157
329220,72.84673,263.16306,125.87713,209.29541,5.624047,2835,70,1.1866047511394973,1.7450775356363262,-13.134644,57.955032,-0.8429514605269226,0.1516038496616724,52.931145,-30.937225
329683,204.3158,183.75082,278.8707,204.66446,0.5305483,2838,104,-0.5208463902540218,-0.9479039892419714,-48.253914,24.223276,-0.3659204235532052,-0.5199274254543007,-28.309576,-42.063046
329758,118.894775,445.0735,78.04724,378.27322,4.4559364,2839,36,0.5330503017799371,2.3731104381530965,-4.8036485,57.75759,5.457656782857657,1.4132311821354384,54.78291,-7.000392
330774,82.93193,374.5058,73.26751,296.8626,4.879987,2846,51,0.9988706272627835,2.6981749535730555,-7.2765174,57.54503,3.343290273151351,2.4783920634782253,58.492138,-11.122149
330816,172.5884,188.12218,250.69579,185.9878,0.2580873,2846,93,-0.030112148744260256,-0.15555531489363134,-46.276424,27.24805,0.4880004833934953,-0.5052243577695786,-24.115715,-43.528996
331059,85.69256,379.80426,73.171165,302.0726,4.8631525,2848,50,1.0256763244992777,2.6796857956692426,-6.923069,57.58516,3.552340331920133,2.4763554592094,58.461033,-11.007169
331074,66.0018,290.56754,106.78654,226.9783,5.4264627,2848,65,1.22635423980867,2.265896992208792,-11.774413,57.90366,-0.36578338688433026,0.8610165290520935,52.832394,-30.254854
332313,233.43634,450.85376,94.31784,416.9933,4.176086,2857,17,-0.7451261976177707,3.4920739546555115,2.224453,13.837216,5.121420160533028,0.7941707032984192,51.16499,21.01993
333139,321.69336,232.29553,179.26096,213.97362,6.06696,2862,128,-0.4761170333245491,2.026862620501478,-30.929777,19.754734,0.0066093110986956555,1.931698000983058,33.548695,-13.547405
333878,266.44083,384.49982,94.31784,416.9933,4.176086,2868,9,-1.118955744517955,4.116069301195343,2.4559112,14.075418,5.217149291977252,0.9808677792880424,51.235855,21.062353
335828,200.64827,176.60909,99.99687,131.58443,4.857803,2881,100,-0.5437080949060533,1.6046943882152815,-35.590527,41.604504,4.202366663191769,0.5468809585798752,42.008038,-31.16103
336064,83.6708,380.70056,74.23321,302.88953,4.889357,2883,50,1.068678330231697,2.68550151057571,-6.975408,57.66496,3.3657342863686233,2.3894463307339646,58.551514,-10.90173
339538,186.79228,205.987,116.07508,138.92442,5.15998,2907,92,-0.26839019528766306,1.497442309529851,-35.977726,41.018295,2.430911484246212,0.6647836360264714,42.718296,-32.229465
339593,263.2963,317.07874,94.31784,416.9933,4.176086,2908,4,-1.2948450342669289,4.605426713277181,2.5922189,14.227888,5.362786336184069,1.0206077885520792,51.368156,21.111206
339747,240.26057,437.64566,94.31784,416.9933,4.176086,2909,15,-0.7824387057585127,3.568678218905564,2.261823,13.866954,5.144883749687619,0.8213962061912895,51.17125,21.03327
340784,88.70598,381.67603,49.374474,344.9632,4.8733172,2916,51,0.8436716402983764,2.339876083860655,-5.6905913,58.21219,6.303470390883657,0.8815679556823375,59.340748,-9.084602
342217,47.690445,432.71664,94.31784,416.9933,4.176086,2926,54,0.1838505890941196,2.8294450366076775,13.439741,28.10303,5.372551865709331,-1.2320054882131954,59.051826,22.44529
342250,41.297222,364.6224,94.31784,416.9933,4.176086,2926,87,0.17960743076544783,2.938099129656449,13.442015,28.118204,5.5443750632357105,-1.3384294697976606,59.048813,22.41237
342744,110.558784,198.02046,210.05873,204.58704,0.8100673,2929,152,0.6758060457603997,0.7419825435084424,27.108095,-0.4662104,-0.7822120325615901,-0.751590863318221,-6.2228074,-2.008661
343645,311.5146,321.02933,282.39017,336.83698,2.1749604,2933,69,-0.7444349666446772,-0.9434486633448027,-9.354202,-8.789817,-0.17081772480562835,0.24370257861865902,4.863935,13.046627
344322,256.44785,180.47095,253.4999,467.97107,3.6651943,2936,8,-2.53443165164599,0.6998099695166657,-5.429248,-1.1922377,2.9013094927779166,-0.021747857998672807,20.820406,-4.6683316
345025,335.6027,294.7181,266.25452,260.31476,0.7122036,2938,219,0.2217424631590202,-2.0490435892292704,8.284027,-48.236305,0.028803858567110076,0.5570927406623378,-44.497826,11.336365
345800,231.77954,205.53806,253.4999,467.97107,3.6651943,2942,10,-2.3042700299407013,0.5976013627905096,-5.217182,-1.1299719,3.0674871200800875,-0.20990456018877335,20.800968,-4.6116858
346187,100.04117,198.4362,212.03287,201.70361,0.859477,2943,151,0.6191678913222853,0.9125309510768768,26.889324,-0.23835969,-0.9554746891627244,-0.9440623931221839,-6.0941477,-2.0104218
346321,216.01591,491.4243,253.4999,467.97107,3.6651943,2944,39,-1.2184366802639646,0.060753984381515545,-3.2990334,-0.7366858,3.882947643524551,-0.48112285478956307,20.317448,-3.6989777
347196,196.2514,273.42587,253.54153,239.30779,0.56317854,2947,176,2.3752859789044067,-1.1601300650430446,38.199707,-8.029448,-1.3793744020912924,2.492135553389795,-14.177948,36.326183
347204,160.8058,220.20923,253.54153,239.30779,0.56317854,2947,184,1.2300755630254074,-0.4820280653714987,48.074856,-22.343977,-0.44390205567878366,2.300405611456174,-46.116814,27.6448
347408,73.02256,313.06564,209.51959,204.78024,0.7943015,2948,142,0.8113049417738086,1.507282402340349,26.355719,0.48585424,-0.956667114902444,0.42147505050746614,-5.3268614,-1.0803937
348421,178.70496,254.61879,237.4955,227.26718,0.65604115,2952,171,2.033213580565277,-0.7446799583501732,37.13085,-6.025381,-0.5308100393469075,1.6112082761776656,-16.479095,36.72187
348554,324.26407,405.76907,293.85464,401.071,2.7909899,2953,58,-1.5110941991924238,-1.0795548373177513,-7.73659,-7.2246165,0.19965418034756635,0.022615208532334806,9.486574,10.336401
349798,303.61478,299.95947,274.75708,325.63837,2.019408,2958,72,-0.4325085418895093,-0.7521112669239817,-9.605198,-8.890339,-0.2111192555046286,0.3899438446071474,4.8861985,13.352982
350729,161.2772,312.38193,253.4999,467.97107,3.6651943,2962,19,-1.7060789533547283,0.6749036441136257,-3.7325938,-0.661684,3.689471340880842,-0.9460933586478258,20.67965,-4.142795
351932,264.01794,310.4432,263.10553,250.7613,0.7026811,2966,238,1.7683652151430662,-2.6504038376226298,19.826763,-32.707283,-0.9225131340018679,2.807031487342492,-36.627808,8.93737
354243,261.89307,263.86523,247.88297,303.71417,1.54615,2976,89,0.2995996722101443,-0.36852690086886863,-9.97717,-10.296475,0.21375584214728474,0.1755095870578156,5.316721,15.048879
354853,273.1081,221.36739,273.86517,240.54102,0.66066766,2978,207,0.33793145789249407,-2.580118843913081,-2.894728,-59.47058,-0.0875983662614797,-0.47777828134011335,-53.7639,7.909659
355579,208.80432,250.12784,289.40744,264.45114,0.61953735,2981,195,0.48438537097919565,-0.6751249081113143,39.200397,-12.075433,-0.33891621818153317,-3.1212011085972895,-44.42832,-8.38253
356040,148.90358,225.91673,218.42563,204.28159,0.8484762,2983,164,1.060621701040915,0.20062963555192248,28.696102,-0.9646728,-0.6138239117952226,-1.5119568811385773,-5.909845,-2.7919478
357434,277.34476,263.98727,259.2179,311.15674,1.6399715,2989,82,0.07738142146195699,-0.6692523532800533,-9.9865885,-10.364766,-0.1589532032572212,0.21092210612409013,5.0910406,14.860729
358215,248.99312,292.70395,233.5953,293.8985,1.7628604,2992,125,0.49972334750888103,0.16347883809393174,-8.296884,22.226412,0.7414673315847876,0.34423869349511776,6.278373,15.782596
358334,243.6388,316.53418,228.21358,327.00354,1.6192362,2992,244,0.45673852036532503,0.20695308849486882,-7.106674,22.432163,0.8623505112945924,0.578940954214129,38.814137,21.194906
359784,308.68808,305.01764,352.48123,336.61157,1.6078336,2998,218,-1.421734202835066,-1.4146361953041988,-18.76772,-21.634716,0.3410908752437756,-1.950155462788286,-1.2334647,-24.184017
361115,295.96567,307.55518,268.90494,325.52197,2.0789819,3004,73,-0.29745058708382394,-0.6065061371191999,-9.6045065,-8.706509,-0.037098303098340654,0.47443144246323155,4.917665,13.309198
361525,270.74942,318.13904,241.1228,243.6828,0.82790446,3005,237,1.468325089757303,-1.5249563353219935,23.166348,-31.235518,-1.4177870760835394,3.3049443815448845,-38.486626,18.621666
364279,216.97284,482.009,253.4999,467.97107,3.6651943,3017,39,-1.157608996353895,-0.02168274993594428,-3.2864053,-0.73417616,3.8969591095055223,-0.5413744446722722,20.325138,-3.65491
364519,155.16354,459.0365,253.4999,467.97107,3.6651943,3018,33,-1.3396179694167503,0.4245320409475477,-3.319848,-0.6062013,3.861761980358791,-0.7412048904425409,20.396854,-3.7260642
364664,171.14288,312.30475,278.43723,253.64465,3.234768,3018,178,-1.5259650842997727,0.6992269688206195,-30.153328,2.1760068,-0.6226532536167659,-1.1664070961357935,-27.393175,-16.259872
365843,280.2648,79.83975,266.17325,356.88477,2.3621082,3023,127,-0.9656626952613933,0.8492580300090646,-11.400667,-11.570643,-1.0386045844757266,-1.634179697484818,6.4119153,10.837732
368903,184.20671,380.16614,279.99155,374.3753,0.96497476,3041,2,-0.13386252991073902,0.49606240837635085,2.0593488,0.50364035,-0.5689096189873337,-1.4562721713289006,13.883185,0.22208849
369953,124.306114,371.65027,226.15544,280.20496,0.7737759,3048,121,3.886982245909799,-0.47786597513081847,57.62892,6.5379434,-1.8709075258255987,2.6763351334619943,-32.1605,48.2281
370806,353.3306,381.30685,279.99155,374.3753,0.96497476,3055,43,-1.4302976256452087,-0.011465085587970256,3.3075492,-10.452176,-2.2833877696641243,0.3441348619287301,0.34936532,-6.6605115
372021,309.94022,466.7535,279.99155,374.3753,0.96497476,3064,61,-0.9449012665111765,-0.08230681152518772,3.7913485,-10.568456,-1.2591645251021792,0.3822105332138842,0.271504,-6.780837
376467,120.42712,372.37585,226.4631,278.3715,0.8271786,3097,118,3.8947073300093615,-0.4285809822647266,57.897453,6.566954,-2.054758986469027,2.933754338725029,-32.24875,48.43244
377223,261.81335,396.10065,273.66776,343.65515,0.81053245,3103,76,-0.6367683489975534,-1.3268523839889714,7.272949,-17.578182,0.1465960493316738,0.8811713666307749,-6.9584193,-8.25455
377770,227.21582,342.53107,238.9318,289.66745,0.8033208,3107,91,1.6896418080834914,-1.1706402645057794,18.990295,-24.018482,0.8450723195006875,-0.3800414501593008,-13.956714,22.704924
379404,137.38051,334.69638,252.97145,265.72488,1.003404,3119,129,4.934369976108464,-1.493173941239427,55.536583,-8.989812,-3.759697852738211,0.23102486558084934,-32.52119,27.157825
379519,163.916,349.83408,172.24188,239.92606,0.34876758,3120,111,1.1504609265502184,1.2613382257776493,2.4500916,39.13482,-0.37343156001149336,0.7520257471104521,1.7360141,34.42679
381367,175.42749,264.15143,240.10742,240.8329,0.36604258,3134,70,2.1501783775306964,-0.6342009915541632,37.91674,-8.76322,-0.4398086557560989,2.277083384434388,-12.532954,36.241802
381741,116.26769,365.1307,220.20316,376.01007,5.1480374,3137,18,-1.2931485274747114,0.5354556526960089,-3.0975385,6.9289236,-0.5139484378638768,-1.4971440868323367,17.912151,6.215194
381888,125.16121,414.5472,220.20316,376.01007,5.1480374,3138,23,-1.056888579321277,0.2482778475582994,-2.7424943,6.7776856,-0.21224373624736778,-1.3125393148989042,18.331696,6.334571
382804,177.16725,201.93,268.07104,232.38957,0.7932966,3144,87,0.5937493877696842,-0.7292422271808177,37.73854,-20.657131,-1.046015909483127,-2.7214324697497454,-49.23105,-15.047817
383720,137.91333,226.94821,220.20316,376.01007,5.1480374,3151,9,-2.1580601306774754,1.233994778122297,-4.5454054,7.502169,-1.4478601748061484,-1.2038693818791113,16.921497,6.2098603
384710,184.68893,176.07524,220.20316,376.01007,5.1480374,3158,5,-2.675881265958883,1.6357394176417157,-4.6693707,7.566706,-1.865565689635972,-0.7859218448686656,16.734932,6.255365
385077,175.33968,193.44788,267.3997,225.86636,0.74473554,3160,88,0.3130808605875965,-0.6507705276760831,37.23703,-20.90113,-1.005983223145834,-2.2105098003074297,-49.64224,-16.018593
385392,233.31235,149.66565,283.50876,238.60515,0.85972804,3162,119,-0.19913488153161768,-1.4305844113927972,37.277172,-22.745295,-1.5077978246505384,-4.473316040518782,-51.55673,-14.0204935
386110,294.15402,188.61,273.01004,231.09352,0.82102734,3167,127,-0.07458011021582442,-2.516776881662994,-9.832012,-57.50953,-0.04499036069233947,-2.0997012023351123,-49.714794,-19.78481
386744,201.56839,341.32034,211.9579,287.6604,5.8694468,3172,51,1.1429878142773189,-0.1572619427589053,20.446018,9.860041,0.173657751486522,0.2580610504836689,-8.721993,32.32435
386961,290.47992,178.44106,282.27643,231.67365,0.8683364,3173,126,-0.1176861718802327,-2.65837163991281,-10.051369,-57.526447,-0.8868161744832733,-2.5285140130226087,-50.741417,-19.256073
387741,186.08817,328.10233,212.69798,277.02982,6.08218,3179,54,1.4455533335865225,0.09060700058915169,21.113085,9.907339,0.2588588986197675,0.2065477050805425,-8.562295,32.74078
389919,187.07199,183.46017,264.11755,234.533,0.73582923,3194,102,0.5372556616215645,-0.8889134130953622,38.366413,-21.26175,-0.7203035624056837,-1.6674704335684627,-48.934418,-14.173927
390070,200.82959,191.6421,266.46814,236.62784,0.7722323,3195,111,0.6350761061552582,-1.1669169418860146,38.046356,-21.219227,-0.8083594284764306,-2.408278449169575,-48.94625,-14.179843
390981,152.01534,451.3528,220.20316,376.01007,5.1480374,3202,28,-0.9168872185779112,-0.02194478186966152,-2.4261088,6.634165,-0.07255859455856187,-1.02269939514902,18.655157,6.6065974
391015,176.07957,306.8244,218.64093,261.16098,6.2664866,3202,62,1.778695162210825,-0.023543838634417363,21.778301,9.431235,0.09200027655866605,0.5462040908378792,-9.069361,33.184277
391562,223.86101,423.6136,213.85716,362.03702,5.344368,3206,41,-0.19558230515089162,-0.3176097876003698,4.582844,3.3944058,0.07789651534908532,0.10514492420203615,22.80468,8.005716
392968,140.79677,442.62842,220.20316,376.01007,5.1480374,3216,27,-0.9555851067106826,0.05959904297491376,-2.5285096,6.681165,-0.10089099538849618,-1.1281688215719834,18.57351,6.507763
396640,238.63974,409.14224,232.02179,274.3084,6.212621,3244,47,0.4530390958762862,-0.7115350872551488,14.28918,-13.42524,0.5499160903069654,1.0872225519925542,-4.62064,27.167778
396899,210.76222,378.351,228.19681,273.41022,0.44965857,3246,76,2.0931788718848203,-0.781502045449428,18.025122,-20.725126,-0.7555236165888514,0.7502223153228393,-9.263828,24.620676
397062,370.97125,334.17294,237.62904,351.3217,6.1635456,3248,9,-2.375816004101505,0.8271197568876816,2.2014704,-5.4887133,-0.9819215951658832,1.1759710787674211,4.1133366,21.526949
397284,374.52017,237.97855,237.62904,351.3217,6.1635456,3250,1,-2.672006217121219,1.5487228093341885,1.8902003,-5.2147145,-0.8670488065585666,1.5344780625529801,4.4276986,21.619493
397808,252.16515,382.07104,225.68495,271.21182,0.030666301,3254,65,0.4868970965850724,-0.7637311274584381,14.281476,-14.418731,0.06397791321380161,1.0683009062938533,-4.7287564,25.937742
399225,131.77753,378.60846,229.9369,277.20453,0.7675844,3266,102,4.273230467991521,-0.7716138123145503,58.662895,5.915256,-1.9443664050730864,2.6602882381696458,-33.17314,47.58389
399745,243.06476,407.53403,226.45609,273.54547,6.1506352,3271,47,0.4276673709050792,-0.65954023572845,14.2548895,-13.438188,0.5383856509774276,1.28031199090406,-4.561101,27.144962
400285,372.09128,375.29202,237.62904,351.3217,6.1635456,3276,12,-2.2654059333388994,0.6975438697070334,2.3560905,-5.588594,-0.9955311971020274,1.0780958178814766,3.9953952,21.513874
400329,277.4999,389.1067,233.33284,271.29807,6.231866,3276,56,-0.20386425839126937,-0.9168243373192921,13.7674,-13.93368,0.5001775993109403,1.2101921829036444,-4.347767,26.289042
403134,141.39139,384.34866,100.17116,344.6233,6.13295,3300,101,0.6932045261477914,1.8782916491883042,6.628675,39.975132,6.193865649949032,-0.6087194191638359,57.903927,1.7154881
403465,163.14828,376.5724,138.35962,323.78644,0.09572953,3303,87,0.7984346470268406,1.4813203416642224,4.4891605,38.25595,3.1889616659471116,-0.46593601432165443,56.870945,0.40787208
404143,197.66524,378.97986,236.7749,276.1339,0.638861,3309,75,3.2646688695551,-1.2250487344620946,18.605892,-21.796074,-0.5829390255452748,-0.38665837627209554,-10.95888,24.358807
404407,166.61548,363.15317,234.92354,246.6806,0.5801119,3311,109,4.447555017257191,-1.3534097367015852,55.316658,-5.5929346,-1.833451545088423,7.609372957654058,-33.606888,40.505737
405892,194.20291,362.31674,123.61871,341.2806,5.5675573,3324,99,0.4676901127966733,1.4798712755406822,3.540571,36.450138,2.8041170478231914,0.031223882929251642,55.4814,2.6922786
405920,399.91034,363.43784,237.62904,351.3217,6.1635456,3325,12,-2.525401863702351,1.1229006609323702,2.2475152,-5.52621,-0.9975444960179847,1.2490024063362366,4.1749554,21.567526
406475,211.76154,461.4855,238.29767,346.8509,6.2541065,3329,107,-0.1364495086808446,-0.20748296397387897,8.567354,-9.423056,1.2487122112912046,-0.27263509264867625,21.44764,9.3860855
407104,115.906,256.1283,288.7737,360.95322,5.6051674,3335,2,-3.5744065440717336,0.44992943681100905,-6.944913,4.464143,-1.644043775303617,-2.3622302109295705,14.815994,-1.5947556
408141,379.85098,423.6692,321.73874,320.1308,0.7987055,3342,80,-1.7154179832339462,-1.3469496289487077,-0.89550173,-20.525843,-0.17251474691692312,0.21714818788932133,-15.688115,-5.92529
408402,361.46548,320.49197,326.87488,309.39426,0.7257649,3344,67,-1.449618717063116,-2.0207055683962487,-5.6565113,-17.102509,-0.30404682503041874,0.059285138480881405,-3.5903103,-6.202943
409029,132.89368,363.47873,288.7737,360.95322,5.6051674,3349,9,-2.9484088698720177,-0.01177840741639806,-6.716465,4.052094,-1.0614401066497172,-2.3903918241527418,15.049061,-1.1465455
409099,392.06973,420.8307,322.33344,317.4106,0.8058211,3349,79,-1.7611003482663223,-1.251752141233905,-1.0856645,-20.446524,-0.3093861137312691,0.21348806825712102,-15.808757,-5.8352323
409474,201.28996,302.4387,326.22543,286.4793,0.41219637,3352,43,-1.7260851827580885,-0.7928552409614764,-22.82704,-2.6156418,0.04529547541722998,-2.039410899240946,-4.0971804,-25.632204
409583,192.99199,428.46036,288.7737,360.95322,5.6051674,3353,15,-2.1918018284614393,-0.6743870128840153,-6.366073,3.6780589,-0.6328552123562813,-1.991202228712592,15.171595,-0.93229985
409939,295.21927,365.43436,309.89633,307.13217,0.76621544,3355,97,-0.5082034018707036,-2.6799220410494278,6.7350807,-26.544525,0.26221126869475564,0.09718803403612385,-28.17349,3.1495507
412294,375.24057,272.65485,266.17004,248.6168,0.8244829,3372,123,-0.4416824750204352,-1.1410739224587283,1.0350138,-48.863956,-1.0664113599141856,-0.1938070792961717,-54.744343,1.9429479
413675,290.2687,239.84323,257.10092,246.00775,0.60257006,3382,134,0.4412025359249132,-2.4731514842174755,2.761092,-57.570484,0.6058184358020077,2.9989845530461037,-49.724796,12.301313
414461,283.54587,363.64563,308.92612,304.0174,0.87950844,3388,98,-0.212342879218676,-2.5929069604010753,7.553838,-27.106562,-0.13576342902751382,-0.49640090512877677,-28.909714,3.2122352
415540,366.8199,432.86325,318.61728,329.1376,0.8233941,3396,81,-1.7398932929527913,-1.5057498953117339,-0.7299543,-21.107113,-0.07574252640346699,0.043209076593322654,-15.301635,-6.23617
415566,265.9962,317.68066,270.40665,263.97446,0.66961443,3396,107,1.448176552372541,-2.697135827603922,16.572687,-30.316147,-0.12732227759337222,1.4201351596072482,-34.764996,8.548403
416246,267.27188,330.0174,284.11664,276.67993,0.8629772,3401,102,1.156712968085231,-2.7251778339995707,13.99478,-30.370588,-0.6086571806836727,-0.6219693920657741,-31.297947,5.834503
417728,396.01648,432.9565,294.30942,288.16226,0.09777914,3412,77,-1.9216573759437796,-1.5672789883424467,-1.5676353,-21.32454,0.9502802594339246,0.5666415837091808,-2.245831,15.974314
417824,263.92538,327.4673,312.35992,292.54852,0.21575399,3413,36,-0.9378951051121419,-1.5092432916958411,-23.12125,-5.560097,0.53441640728208,-1.1100080131339853,-3.457981,-25.153969
417832,184.05174,269.13736,325.5085,281.35727,0.4181643,3413,44,-1.8948353763461354,-0.6262437507933923,-22.859196,-2.5419526,0.031958531934925975,-2.3253706201068542,-4.3063645,-25.680105
418026,321.01956,350.30545,298.0497,292.59497,0.12365685,3414,101,-1.1687867733994517,-2.293121512772975,0.31353772,-23.092274,0.3204832360193418,0.10181910769588397,-3.3475108,16.84772
419123,321.77106,318.58286,308.81332,255.13042,0.27918172,3422,102,-0.8622021701309485,-2.2474081775917476,6.5628796,-30.468344,0.11583599756590254,0.5060249256474604,-24.61687,-1.6560338
419362,436.9677,310.98315,330.07117,252.33206,0.09374946,3424,67,-1.9294697715713385,-2.355948237691389,-44.898045,-23.836468,0.831225232925047,0.0245161026205339,-3.1682918,-13.416365
420023,209.86668,282.11746,345.70303,294.24017,0.63099545,3429,43,-2.2310157786768006,-0.780812646463843,-22.87073,-2.8237486,-0.5996150848950317,-2.2111294293970154,-3.9255395,-25.852406
421157,266.9548,380.74606,226.42651,279.89764,0.7427998,3438,80,0.9225931084743134,-0.057425803422098236,13.961668,-38.42154,0.3808732598438798,0.0955814307149553,-12.877675,21.17249
423043,249.85999,206.97292,283.55508,314.27533,5.3761754,3457,9,-4.293312934550516,-0.4838650425548653,-28.10943,-9.93015,-2.2493222501958354,-1.0314521175390563,11.432548,-3.9601033
423605,214.95491,371.8825,252.7377,307.2975,0.94173044,3462,56,1.5145927625587106,-0.9383256339181048,16.006994,-20.290537,1.0080456085023675,-0.5456132718403999,-16.347889,24.388634
426466,322.08374,393.92062,275.37598,318.15253,6.0641336,3490,33,-1.4327663575773621,-1.8052256565363787,-5.395106,-23.043678,-0.22766843624199992,0.1359644032258725,-1.8461267,17.699886
426570,301.46616,405.97842,271.92368,318.3289,0.0015563478,3491,34,-1.2315614804995083,-1.6803787690981273,5.196999,-17.137499,-0.13484207367825018,0.07370066318363273,-1.998776,17.799038
426587,211.71828,391.66418,261.11115,313.62958,0.8935865,3491,51,1.2137355104755483,-0.881473667209252,14.229323,-19.156239,0.9966520320721324,-0.8757729647259861,-16.812447,24.584856
426930,230.02237,457.57678,263.42108,297.35727,0.82936984,3494,85,1.0734519976191346,-0.7673729234768991,21.205406,-18.409445,1.7158466411354778,-4.064417275800601,-22.567755,21.804314
427029,270.15594,404.23746,240.5187,278.3763,0.8380116,3495,81,1.8550015710941428,-0.8033944386609989,14.394751,-39.040268,0.6294675105651387,-0.710771250261319,-16.623241,17.893665
427166,292.38016,199.97649,283.55508,314.27533,5.3761754,3497,12,-4.120112572666358,-0.8762135021238295,-28.048094,-9.865931,-2.2707767536884766,-0.4156747217770798,11.385155,-3.966865
427750,249.39693,396.47726,234.93489,275.33505,0.7961341,3502,81,2.259968588367843,-0.802259071824892,14.267523,-38.433205,0.4245842074914005,0.39644531798311283,-16.365114,18.649422
428095,327.59628,207.29332,283.55508,314.27533,5.3761754,3506,14,-3.9303484660491055,-1.169437041044308,-27.983023,-9.797654,-2.1688979397451003,-0.013575875988105585,11.352394,-3.967355
429394,301.8229,371.91714,252.94763,303.95816,0.4855419,3518,77,-0.654200809231709,-1.0142056293350143,6.004783,-13.624022,0.10654449413205813,-1.0350103333996548,-2.5026865,21.223705
429513,83.2091,367.54584,209.53307,256.62982,0.7485295,3519,93,2.370719883554887,0.9117246067172651,48.891117,9.041777,-0.9791724225585386,1.9503320375337179,-29.56865,44.49148
430954,201.61046,503.3075,269.09137,297.86148,5.4495664,3533,92,-1.3116607704956171,-0.6950700635401684,-21.285625,-0.19968323,0.19893403922796768,-0.8622448446663418,-16.470457,-16.580084
431564,111.66753,359.24472,247.71489,260.5432,0.7474784,3538,115,6.566807341489102,-1.624769714073328,57.530037,-12.823059,-2.209887029574612,5.2415586550609286,-32.408222,30.917961
432301,122.97114,232.17613,247.36853,258.27844,1.272393,3544,90,1.2639296177181163,0.8901520248468744,28.752386,-5.2837234,-1.000668890834815,-3.2961873814510083,-8.61642,4.4696007
436742,123.91368,175.9325,243.11899,252.59996,1.2745886,3579,86,0.7319389700502299,1.2979622759794998,28.584114,-4.9323015,-0.8723818211212585,-3.1141485150825843,-8.213107,3.8612244
437387,132.52579,258.77914,248.38385,251.96733,1.2413192,3584,96,1.9444524028836794,0.25896813955965864,28.889277,-5.403969,-1.403101506911594,-2.883489935220371,-8.789021,4.4849114
437592,345.6542,273.86475,305.47348,306.43176,2.1714518,3586,47,-1.3614296253822225,-1.4407611941346639,-27.618784,-21.782825,-0.4713953705777951,-0.08767558577917298,-8.274075,-17.694344
437669,161.52948,368.34222,257.70496,263.43262,0.7726064,3586,124,6.138251022353796,-2.37861035968952,54.231133,-11.67031,-3.1956618793606766,-0.7725333818703952,-28.736082,24.708784
438165,114.16004,333.2558,259.3077,268.84338,0.88449514,3590,112,5.563311133309041,-1.4361835047595082,52.985054,-13.125014,-4.392898723586144,-3.4409731942182806,-32.48691,24.609888
439079,142.74474,385.47256,296.9016,408.4366,3.2999966,3598,10,-2.343102985760303,0.22267666973150757,-8.756551,2.8481328,0.6778706856579249,-1.5125390967935421,11.742417,-1.0373001
439494,345.685,298.034,309.26242,314.30197,2.33631,3601,44,-1.4320275983027042,-1.4850787240572196,-28.002403,-21.981356,-0.6501492136539181,-0.06696069836508126,-8.322037,-18.07933
439758,322.6563,251.88622,293.25687,285.85632,1.948802,3603,54,-0.8047613502931941,-1.0806232224357135,-15.791413,-9.150345,-0.22268259475950872,-0.1630121371511618,-8.288051,-17.213205
440150,263.76538,208.26962,252.30698,240.52945,1.4701929,3606,65,0.33580599441971454,-0.2882591514296413,-35.13175,11.054787,-0.08873829281376035,-1.345706511504195,22.690603,-37.708206
441264,340.91217,334.97305,311.99326,333.507,2.6764479,3615,36,-1.3787161561604242,-1.5430526248612093,-28.440744,-22.152538,-0.5368072942259668,-0.5090149997776074,-8.901064,-18.867605
441421,312.3492,230.67407,296.9016,408.4366,3.2999966,3616,66,-2.3479242247318934,-0.8075304694641599,-22.517027,-20.858013,-0.06112772255843956,-0.3057199788037074,10.059108,-1.4922111
444972,45.178368,499.12686,177.53499,384.00378,1.2493802,3643,55,0.16136496816325757,2.593307764007315,19.716867,45.31705,0.04819516594554784,-1.8611065572035308,37.1098,41.501286
445695,37.014755,405.6163,177.68611,384.58826,1.247664,3648,48,0.39836098860750957,2.4769613971475666,19.243916,44.617687,0.3254650401622414,-2.4529896551036217,37.98303,42.573624
446141,65.49993,506.01584,177.64374,384.18805,1.2458652,3651,56,0.16768438978978062,2.5741530311303897,19.6523,45.31187,0.24678011916341144,-1.6797397329796293,36.97032,41.2293
446302,177.46579,442.66476,173.71362,361.02036,1.0239973,3652,71,0.4654872512478896,1.3619336497583114,22.331135,40.010746,0.1467768532767423,-0.4077223207156749,36.321598,39.04395
446686,258.19223,305.11597,193.17288,377.70312,3.5610905,3655,17,-0.4338030139393285,1.0029612831105792,-6.9219213,19.13109,-0.8460110772182728,1.066957846465472,29.189713,25.414639
447177,173.19228,448.05368,175.1302,367.22516,1.0543164,3658,70,0.4474726221809219,1.4420859338523626,22.225946,40.336895,0.16828230480696904,-0.5790217730892037,36.358932,39.233223
447297,53.141975,388.323,175.57239,385.97076,1.3063265,3659,44,0.5215141884453987,2.3943490496199185,19.14576,43.94376,1.1767554708373853,-2.3707254892942564,38.32144,43.14887
447832,163.35939,190.89452,252.05212,254.52695,0.76063246,3662,141,2.520007870263053,-0.6755320240665559,52.61806,-24.70804,-0.9550222138314968,3.7947250904313665,-51.341656,29.371223
448076,131.4872,464.66293,172.43762,336.2188,0.7265413,3664,93,0.9108911332312508,1.3630220193897424,28.359106,35.979263,0.2608268244801991,0.7566161592442708,45.98439,24.79798
451316,161.71571,361.32797,235.29431,248.12383,0.60523194,3686,121,4.686805151385914,-1.3865353471774988,55.772358,-5.64488,-1.9581539646605963,7.590761763302639,-33.764225,40.75674
451406,160.3262,468.18436,177.1629,385.2509,1.2396659,3687,65,0.4662620155384042,1.7441029713286236,21.342714,42.38961,0.7834731007078659,-0.7789537304411673,36.588673,39.840267
451449,102.2353,420.24866,189.32733,317.6014,0.7110753,3687,108,1.7221680240095378,0.885984315906748,35.099552,35.46224,-0.2578787564135045,1.2293437328480077,16.658327,47.346264
451537,29.799734,431.4282,164.38928,399.37143,1.2306118,3688,50,0.3075669608114218,2.5662085199987983,18.2274,44.462704,3.351894294253414,-2.6624747773408766,38.886566,42.160053
452223,332.17957,187.29364,194.84564,378.58594,3.6820655,3693,6,-2.3923411078399783,3.346923418933795,-8.087919,14.583287,-2.6728050931140728,0.6844581858603656,28.289736,25.60297
452864,128.9722,481.15558,179.05774,382.0597,1.3439692,3697,63,0.477339210956118,2.0858953017579283,20.850754,43.94879,0.0002914403488311554,-0.9943439889481356,36.332184,40.504112
452957,310.54196,272.2187,194.84564,378.58594,3.6820655,3698,10,-1.882662606858804,2.2369153241552637,-8.188133,14.659571,-2.2594229357463327,1.0723602164521784,28.642504,25.568628
453121,164.00337,276.88397,186.23198,377.9489,2.631526,3699,28,0.6425485671324501,1.4222826712550625,-7.1634398,26.771803,0.6104422524317297,0.18724866968541398,37.481495,18.237444
453651,148.99127,356.60568,185.74753,317.1305,1.338501,3702,120,1.364269674614997,1.0455188929451054,24.939651,29.569231,0.14532347697084286,-0.4234556896038299,30.50006,37.94903
453653,153.9308,351.80057,188.86356,310.74545,1.2920232,3702,122,1.4049716925721196,1.0107329710606032,24.914957,29.567942,0.3637059205247521,-0.4281420444699427,30.447163,37.890713
454376,113.94256,377.09012,184.34311,317.76367,1.303765,3707,115,1.5689653626641336,1.2223516621299468,25.176933,29.460382,-0.7595009305473587,-0.2371064072023354,30.49896,38.447212
455408,159.06802,366.46954,144.15652,303.6765,0.3743475,3714,125,0.8821898874746724,1.455187558806041,4.410686,38.48035,2.9747966153337044,0.131797777753207,57.091602,-0.33356497
456377,150.16132,417.52066,197.14883,358.43546,2.072934,3721,72,0.9560344804042203,1.4094460878214046,-2.2084458,24.468077,-0.4023218537224137,0.43514672168416135,33.878284,23.688
456865,127.79479,357.46765,164.77867,347.23834,3.2673073,3724,122,0.9144892841973123,1.6437852800019692,-3.2478583,26.258486,-1.1984505484660508,0.7238074034729599,28.982397,16.994514
457270,77.42611,378.23602,204.06009,369.90518,2.7472577,3727,89,0.47459028115532176,1.9051110872937804,-0.26090804,26.576105,-1.6080519827584472,-1.4220716484897098,26.450996,17.712526
457452,138.23547,448.31912,204.90273,359.3746,2.1339884,3728,125,0.7511150439602289,1.691959966749418,-2.154256,24.554472,-0.2992473316427894,0.4537570101662924,33.62319,23.64218
458996,308.54166,181.1985,301.07996,194.21645,0.63735956,3739,81,-0.872490109304057,-3.341408450359177,-18.903904,-54.15419,-0.6730155635432525,-0.748198330702256,-40.462807,-39.41189
459729,266.56287,355.69214,260.62296,266.37524,0.77914333,3744,129,2.884720699401447,-2.920530564819121,21.613928,-37.205544,-1.4088062085142903,0.6638002664398093,-39.721706,12.206048
460336,266.96255,102.64501,340.6084,124.7978,0.5149768,3749,51,-2.3782887306732143,-1.6893937228511748,-54.792652,6.0946712,-0.33956174758607294,0.09668075899155969,10.898741,-51.3066
460387,333.37045,269.14603,263.45193,255.0062,0.52199274,3749,102,-0.12388788775780107,-1.9072612770670068,9.913575,-48.808846,0.6364054002652522,0.8289457690782308,-20.317421,8.46487
460456,128.61876,193.35802,178.27095,132.0437,5.732742,3750,34,0.040236361849702265,0.9800334229127454,-39.00073,37.691647,-0.5880528345368314,-0.34840803800655756,45.087524,-36.018528
461579,270.18622,69.25014,341.90588,137.98819,0.6610506,3758,61,-2.7580968700405117,-1.5280149400943595,-54.589127,5.807479,-0.8339180557678201,0.2795895685016868,10.900543,-50.82377
462786,132.60965,183.13902,186.70274,126.281975,5.7803516,3767,35,-0.16515365644826657,0.9090683097704519,-39.298363,37.70226,-0.2951967677880622,-0.37216356464676614,44.91089,-36.12508
463243,308.67038,184.17445,308.06433,200.72217,0.4866967,3770,81,-1.0819823462675466,-3.000507752433268,-21.30294,-48.79005,0.0673863048028043,-0.88813115638246,-36.754856,-37.888348
463301,137.91911,454.8837,107.99922,317.26398,4.41319,3771,2,0.04868582730316197,3.9381794888542694,-2.5671957,55.738636,2.7233914634780394,3.2759519217377657,54.018562,-9.448072
464287,95.16466,242.73538,135.22633,178.69875,5.4128523,3778,29,0.9980507622453184,1.378629486739749,-14.903932,56.776104,-0.6564058879727509,0.36856601065675576,48.54543,-33.66815
464887,311.2492,166.42795,313.15787,183.70337,0.4293937,3782,81,-1.3105927100903123,-2.8942311594756522,-21.422308,-49.98416,0.35715165387420894,-1.2145082319806235,-36.679787,-38.10649
465242,96.893364,276.33453,116.43846,202.7427,5.145743,3785,25,1.212800765792377,1.715506222989567,-13.736238,57.022213,0.22112782514732512,1.467882345010226,49.051342,-32.51233
465336,337.7732,332.10468,250.6615,235.47398,0.87831855,3785,119,0.1300756787167628,-0.09772795722038505,-4.356263,-45.658775,-1.0029424134325664,0.9966576351433577,-39.437023,18.413155
465643,129.36452,369.35977,103.5259,297.71567,4.5614147,3788,15,0.9483165039208378,2.4169464095712607,-3.5165339,56.7315,1.8263146537443435,2.83293648772045,55.061733,-10.073808
465956,286.2348,95.87558,288.32486,33.962,5.8151245,3790,54,-2.06597162200232,-1.0302680596967204,-52.488388,5.2598915,1.1908884620616873,-0.004549257628790104,10.885193,-56.340702
466201,103.0403,285.99164,112.68026,209.48007,5.0786724,3792,25,1.2278499467951725,1.8125488214659233,-13.390136,56.913403,0.6621559686325561,1.7825971481712117,49.134518,-32.066944
466290,300.17365,289.38412,278.61682,294.108,0.52580494,3792,114,-0.7798929090675263,-1.1897404967578737,-5.9247036,-14.416841,0.35081021787888444,-0.8675922395345262,4.6194344,5.8779435
466668,303.0466,186.61804,437.76572,150.8112,1.1533159,3795,81,-3.5666204532698154,-1.5003685869031722,-59.161057,-2.5004694,-3.3000144403498815,-1.150002531548784,0.8390954,-56.11829
469444,352.1585,304.48962,127.51859,82.50822,4.636647,3815,117,-2.2496069133949925,2.2553898094259615,-34.085155,44.22307,4.434787279436195,0.42663934683043225,40.805424,-28.185984
470484,237.68712,64.244835,125.015884,306.88077,4.414552,3823,61,-0.5966225066628948,4.536568310995691,-7.0336127,42.760643,0.7279206057875873,3.020583536415191,49.876476,-8.102477
470774,332.15237,145.5924,140.2301,75.795525,4.230608,3825,77,-1.9060977555971954,1.0553545419049988,-34.73969,44.25645,4.994945347539132,-0.16754667042957144,40.600754,-28.209267
470947,340.76233,253.52856,107.743095,90.56794,4.47344,3826,113,-2.0392264875931727,2.3215162036266523,-34.089195,44.351185,5.29478671584902,0.15332191969099135,40.56937,-27.950855
471206,199.18233,140.87999,125.4367,157.9582,0.7983281,3828,98,-0.3196935358214215,2.6388611178741694,-32.925327,45.872723,5.386220698691204,0.44010221725657883,38.859085,-26.061277
471969,159.48848,135.70724,164.11053,82.237885,5.7894845,3834,39,-0.6384173696234277,0.6793707346560607,-39.44199,38.707264,1.9258948868119916,-0.024230123342530784,43.80589,-34.18234
473857,95.048225,119.739494,135.3951,255.7829,2.9084852,3846,27,0.1223916050869716,2.014559554843593,-19.207481,36.523247,0.8802117102670273,-0.10613079363358864,36.36685,-19.757885
479133,131.38939,326.86115,199.72867,282.78394,2.0450597,3877,64,1.1179086699429246,1.6463150545912513,-16.22397,27.951931,-0.20356613891625305,-0.21335955293047354,19.445366,-13.496999
479910,194.14693,259.9248,249.30872,235.54031,0.63755685,3881,165,2.2667462295831102,-1.0838210340064094,37.97367,-7.432801,-0.9984175750287492,2.3232458969947856,-15.427036,36.75298
481067,253.51643,193.33505,230.36328,230.73203,0.82926035,3888,139,0.34013692327528,0.3539824209550204,-32.85984,11.6429,0.17698153782591455,0.2937734945057949,-9.301806,-0.20918281
481265,208.64703,269.50146,261.3018,257.79282,0.7657784,3889,168,2.775740911809285,-1.6463963758629414,39.644806,-5.5273733,-1.6741560539626232,0.11436545104315803,-16.461987,40.439323
482917,258.76062,214.02303,234.61299,218.17912,1.0771858,3899,130,0.23011648710107258,0.05392514905637583,-34.356163,11.471306,-0.062466916376477485,-1.1190217169419205,21.942278,-36.46077
483471,214.9684,156.12018,135.3951,255.7829,2.9084852,3903,8,-0.4939102997595752,4.038260155140782,-23.379683,43.738693,1.1966089262377748,1.3823827771588333,37.33118,-19.604744
484247,290.716,337.6469,235.46721,239.39995,1.2759616,3907,108,0.21118171375606976,1.1962861343683227,-28.235065,16.864225,-0.3499860573933661,-0.7707459111452806,-7.7534876,1.7524332
484890,148.57144,320.8833,226.3467,298.74515,1.8752235,3911,75,1.5850530996778878,0.6372885456281722,-14.764474,27.365744,-0.33375779915522835,-0.11288412382192235,18.346388,-12.602177
489247,111.47006,97.08439,135.3951,255.7829,2.9084852,3937,38,-0.03788783116975447,2.4993721892762943,-19.440228,36.691677,0.837406813453946,0.1421884784427122,36.520805,-19.734129
489385,196.12794,194.29198,135.3951,255.7829,2.9084852,3938,7,-0.035406960218919405,3.006330656647479,-23.35307,43.733166,1.8972961144689346,1.3276195410827627,37.538887,-19.589508
489931,233.1188,156.15924,254.6783,232.77383,0.59768564,3941,104,0.32006171644270726,-1.1945715647860573,39.436974,-22.323757,0.5069755714014378,2.3541671327087053,-51.800602,-8.099546
491662,424.74344,362.30157,308.0185,389.51883,4.729868,3954,15,-2.283082611023845,-1.7625642507886703,-12.276406,-31.84589,-0.3098988001181673,1.0296467925530433,33.498447,-3.9807665
492124,229.30301,402.2135,195.17899,319.87238,5.3038087,3957,57,0.3264212681997272,0.02032044131888385,17.140411,11.869046,-0.6288008386877958,0.21078664432483685,26.818344,8.742759
492266,210.4868,391.51553,195.9476,319.39838,5.309325,3958,59,0.6243071912661583,0.1285718114450748,17.440502,11.865069,-0.5255493053973884,0.1767849459875609,26.516819,8.848781
493653,311.46344,414.50452,205.06474,331.1344,5.277638,3968,46,-0.9043049295798791,-0.6341218302000944,8.7468405,-3.7315621,-1.3510729540968556,-0.019684227292246458,31.780107,3.4350426
495630,187.72318,376.24942,190.3268,307.16678,5.4559917,3982,63,1.0662923012691141,0.2959917583649482,18.404886,11.720545,-0.40237905840234095,0.3661668139650026,26.120146,9.252906
497736,141.26514,337.67172,183.72417,273.46182,5.911577,3997,69,1.5370378710055128,0.8381902660120839,20.778057,13.616592,0.04200313834412658,0.5820918659840368,24.817863,11.654107
499106,388.66565,418.29437,262.4126,371.3329,5.0454845,4007,39,-2.185029236651194,-1.7421096537006184,-9.384361,-29.995203,-0.7087339444775467,-0.052655189205356105,32.999638,-0.43798068
502998,438.56555,313.84045,308.17328,389.94522,4.624604,4035,11,-2.738202697913675,-1.4623315564665191,-12.715264,-32.828312,-0.7109318654978927,1.4378843920574775,33.609814,-4.437072
503294,423.9733,387.79532,308.35254,392.1873,4.9300604,4037,27,-2.0555794163672108,-1.7239675510332109,-11.745225,-31.381449,-0.46172316368344624,0.5206088259437571,33.594654,-3.2318566
503532,160.14943,272.53232,306.51572,379.86575,5.579828,4038,125,-2.9692257773084605,-0.10453180457779508,-5.877756,3.4876854,-1.304387354996413,-2.568448705057856,15.045998,-1.9439901
504232,273.15836,211.76195,244.35902,264.06992,0.89607817,4043,104,0.5743613691886084,-0.3478909134520124,4.2511377,-62.464386,-0.627885444432674,1.6429929352118786,-55.665874,17.540297
504744,225.46794,216.02321,331.75076,223.95285,1.3610705,4047,28,-1.13626976393016,-0.8970082782011596,-30.729675,-1.9843992,0.0592031244011877,-0.5434116007174716,-25.860512,-23.481657
505459,390.1969,150.17336,331.69507,222.22987,1.6872791,4052,8,-1.9068037841040546,-0.8244456366425303,-42.46474,3.6196063,0.11397052815096304,1.397263482449612,-17.135206,-36.635994
505568,143.84993,257.04254,244.82854,263.4508,0.8851486,4052,117,3.3031712425401194,-0.5503471778696619,44.98683,-6.295808,-0.9988383021827177,0.6572986942736052,-35.384304,28.3244
506781,394.79813,161.19016,331.69507,222.22987,1.6872791,4061,7,-1.9332481199348908,-0.859079447344183,-42.474754,3.584781,0.08652752579158868,1.3377378913162883,-17.133644,-36.633938
509535,148.11908,244.65816,246.94142,268.74915,0.9255594,4079,115,2.7407230805428897,-0.29393804930580353,44.89984,-6.408023,-1.1970116384836471,-1.2998034342921714,-35.38366,28.130053
509598,227.24901,241.26544,332.19278,224.96504,1.1318055,4080,31,-1.1740922705409387,-0.9687848032837895,-30.547848,-2.3820071,-0.11805381071587129,-0.897632161974492,-25.731638,-23.421494
510260,264.07037,191.31033,240.23866,261.79,0.8739067,4084,105,0.5444782198611269,0.2773899032929334,4.368643,-62.580204,-0.3029554129241445,1.9896638238129045,-55.567257,17.554298
514263,106.58988,351.9384,240.46597,256.3604,0.823779,4111,139,5.217408049142773,-0.9120344023230258,59.5779,-10.643316,-1.7079735896904797,6.301518305455762,-34.158314,33.522934
515209,398.38022,276.5158,333.3322,230.12616,1.009292,4118,56,-1.769325390784634,-2.2883669674521814,-24.698719,-42.049656,0.5589367364399396,0.07435326051355169,-31.958084,-30.699821
519126,223.465,367.92252,249.88966,320.95596,1.10023,4147,52,1.0108341353929824,-0.8587418154792541,15.963952,-20.048855,1.1242504059261822,0.7885941074565694,-2.3776712,-8.711424
519298,218.27757,398.94937,255.84854,345.9546,1.0953236,4149,44,0.3543522246221591,-0.3294238153266164,12.797251,-17.658916,0.5474074633005418,1.3239477476895647,-2.8552537,-9.173359
519618,383.8085,269.4708,292.0539,375.31802,4.9292393,4153,4,-3.3181000499069127,-1.2359972928993443,-13.435185,-34.145294,-1.3856348094578002,0.8379187133645497,32.730175,-4.9390054
519717,422.22543,371.22906,292.0539,375.31802,4.9292393,4154,13,-2.359002036816786,-1.7923867741544939,-11.83934,-32.33228,-0.5699561542178666,0.8044564421411332,32.570236,-3.6317277
520192,230.55582,432.45557,268.85645,364.9126,0.9093062,4159,38,-0.15080485198490207,-0.3985082693180427,8.615752,-17.176342,-0.32114509492257964,1.0804307901205203,-4.129243,-9.552372
520318,210.66248,418.2173,244.85384,264.88385,0.7533615,4160,74,4.79630414494513,-1.8254833826176795,25.372118,-26.80649,-0.6881662193018995,2.9123647993156756,-26.70529,33.550007
523717,218.04579,366.75836,247.14516,321.40118,1.1567523,4198,53,1.1305099616040342,-0.7115190420376692,16.019901,-20.023598,1.0442154606708995,0.7990421913798839,-2.3675735,-8.719586
524039,421.14075,382.40427,290.49234,375.00436,4.980313,4202,15,-2.2798457643987673,-1.8350484526455273,-11.402289,-31.949884,-0.6043260715612392,0.6712794879723591,32.595303,-3.103351
524937,421.5612,376.1141,291.94443,375.28745,4.935075,4212,13,-2.2690738762092653,-1.8301677437775068,-11.662045,-32.121822,-0.5992070802827542,0.7970228042651475,32.539368,-3.3898144
525908,128.93762,359.28516,144.38318,278.01303,6.087547,4222,84,1.3274705716567863,1.3780386169633276,20.888393,16.526352,-0.18025332847374198,0.11873740904649942,7.0596294,47.500957
525976,237.47725,313.65717,285.93616,287.7236,1.6470733,4223,62,0.6550364833013516,-0.8375585297268595,-15.742041,-4.409607,-0.6742418704165429,-1.6637233908716977,-11.273197,9.390751
526936,332.73813,437.0539,286.87387,373.20615,4.9176292,4234,32,-1.646596143506952,-1.7476356534787016,-8.622945,-27.659613,-0.5630791299574478,0.5623927419044142,30.593533,-3.1011424
527177,375.0231,274.03027,292.0539,375.31802,4.9292393,4237,3,-3.3331028654084145,-1.2242021073264537,-13.432867,-34.18001,-1.2816464693031275,0.652020190452025,32.734657,-4.976775
527366,402.56152,358.76572,292.0539,375.31802,4.9292393,4239,12,-2.3014969021205016,-1.9525975727660703,-11.892548,-32.1592,-0.42787468297655434,0.5315502002040242,32.597477,-3.844397
527980,296.32425,388.82394,234.01163,308.77087,5.919289,4246,28,-0.6612128518691506,-1.2543384932187769,8.074323,-12.562123,-0.4535537705472747,0.7239679984771017,0.32942766,18.639135
528578,187.03831,367.43185,222.30402,301.1915,0.9000867,4253,52,1.8162525076250449,0.05559437457533451,18.337727,-18.932642,0.7947933913210862,0.0987857566271055,18.323246,35.656307
528783,358.15106,202.5339,240.97917,303.66373,4.92138,4256,11,-2.3050573842454276,-1.1087561551330802,-10.90173,-14.550049,-1.2318904798189645,-0.46898300341945204,-11.709076,-16.098713
529335,111.778244,392.06833,220.71448,300.8742,0.9040004,4262,71,2.608937541928749,0.5105920520980982,54.677635,12.245868,4.333909216644449e-05,-1.4764723272541138,15.918194,36.774174
530147,176.69743,405.98203,219.7496,300.04257,0.9190381,4272,63,1.8088442590430425,0.4263878921082363,24.907984,32.47707,0.8929442874215896,-0.30891610537771946,18.20467,36.312626
530443,272.5733,409.86362,231.373,309.89462,6.1709414,4276,31,-0.3742700021739881,-0.9000695901102039,8.387307,-12.214215,-0.2448511180676228,0.555791551716618,0.33655247,18.950104
531801,151.27568,372.98322,242.16473,273.0277,0.7761954,4292,77,5.426286680394649,-1.6972868864489785,59.23688,-1.1468222,-2.1149512090664233,0.22556259546096324,-25.356133,26.90577
531834,296.01367,384.93384,231.72734,311.9493,5.872225,4293,28,-0.6803260410737646,-1.2035465947079411,8.006627,-12.469863,-0.5372763240144561,0.6202451843565822,0.3461503,18.749228
534291,276.2751,346.05338,219.73776,344.61606,5.2862225,4323,25,-0.5976979700456565,-0.4620724344028463,6.3732505,-8.289474,0.23189162818852085,0.010845796591719102,10.493772,4.6383157
534511,132.83868,348.19025,240.2596,267.32498,0.9052239,4325,81,5.015138989182316,-1.2405369414907048,59.218647,-4.4086814,-2.6720716372423943,3.341609630333721,-32.680958,35.49676
534980,170.96472,400.4289,237.02171,290.70596,0.23935235,4331,58,1.4526549712268775,0.12713730504651807,19.255291,8.854798,1.1759639694184667,-1.4746267881731698,-5.971565,30.969702
535823,155.56949,315.203,243.89711,284.74597,5.1788607,4341,81,-0.6024190213112322,-0.25636382024097887,-22.491613,-0.60670334,-0.0965486499963947,-3.2357888418411798,-15.224924,-17.276098
536348,230.5573,148.88098,297.49908,192.36916,0.93005145,4347,46,-1.0725997599212573,-1.4449580453429163,-48.47822,25.495613,-0.2528456117659102,0.3614022266135461,-29.963753,-44.58919
537375,350.01437,188.0141,312.00183,212.81174,0.8357968,4357,83,-1.4087469497723053,-3.1746965834651166,-19.924139,-51.91657,-0.6126520699007021,0.018105282367318863,-38.445827,-35.892353
537772,341.7434,194.57349,310.1449,213.10065,0.8336597,4361,84,-1.1698466336566102,-3.2971156273478828,-19.449425,-52.434597,-0.7229875283040988,0.0668744509512414,-38.65071,-35.788246
538285,374.6373,330.17746,196.01144,120.36804,0.24720906,4367,3,-2.775173808136382,3.9851622563490303,-29.689861,42.526886,1.1417649012336277,1.5170706858266307,32.134747,-50.025517
539196,71.2984,73.72317,196.01144,120.36804,0.24720906,4376,23,-0.5357732990087709,1.3733546243608927,-42.09784,34.113735,0.7309834147997204,0.18662933090889244,31.746138,-51.577477
539395,68.578094,82.78517,196.01144,120.36804,0.24720906,4378,24,-0.4828298594340625,1.3305924292450995,-42.09347,34.111794,0.7306697378039013,0.1601585949454099,31.746595,-51.582394
540132,187.84558,226.41986,306.4957,221.124,0.8848807,4385,68,-0.7465258821165373,-0.5898915969491162,-49.304947,22.09116,-0.5173789345697412,-1.2010404388427294,-27.532576,-22.454569
540218,217.34201,184.54817,312.15103,216.85016,1.078534,4386,55,-0.9417330229311643,-0.9898711396323863,-49.01859,22.032206,-0.28885976593431845,-0.40700209738064463,-27.38724,-23.118252
540251,314.85477,217.10027,304.52896,227.87825,0.8505011,4386,88,-0.5521420710799809,-3.361995446143808,-17.254635,-53.088753,-0.3617433544397518,0.19479485709127747,-38.311497,-34.605206
540289,92.33325,103.909584,196.01144,120.36804,0.24720906,4387,27,-0.30026813129411284,1.1330301607937363,-42.06644,34.103947,0.7053299957158387,0.1022243867898303,31.730537,-51.62194
540740,345.57446,175.02751,307.1181,209.29282,0.846859,4391,82,-1.3514130527256039,-2.6993060369420094,-19.991957,-53.25351,-0.9010212914504468,0.2333854866433817,-40.491356,-36.915966
542326,354.63593,203.3331,316.1786,229.03036,0.89468867,4407,84,-1.3850604543375074,-2.874392592364534,-21.752783,-47.71981,-0.1884251771733943,0.04135402386733035,-33.896496,-31.851133
542344,373.97546,327.64236,196.01144,120.36804,0.24720906,4408,3,-2.7650383848539346,3.9715318686853887,-29.690277,42.52657,1.1580793576714614,1.523832332757105,32.132744,-50.02644
543765,172.45137,129.05629,251.24365,146.39784,0.5968953,4422,38,-0.6457936482428455,-0.020025334031962952,-46.663986,29.184586,-0.09997149433279395,-0.07090821004133345,-23.078863,-46.600567
545716,368.8698,229.13383,196.01144,120.36804,0.24720906,4442,9,-2.571204180086477,3.3848014081507523,-29.560003,42.464115,1.143999512655895,1.3332278962403386,32.03289,-50.106056
547833,162.9424,252.0164,137.74918,271.08344,6.1183047,4456,20,0.6394186895667829,2.2118508846363154,-1.2503004,39.030884,2.2592933195892946,0.5807597145353532,49.691742,1.1668403
551694,99.95484,437.2678,199.57161,308.03464,0.41872987,4480,65,1.2270885371648896,1.4247975722717665,33.013195,32.271454,1.7443261710957796,-0.803025516188933,10.727075,54.92048
552011,86.06512,425.7107,192.96724,303.55682,0.38462353,4482,64,1.2672551023424166,1.7856445189857892,33.03463,32.089924,1.7833044116504957,0.020179953372265552,10.69928,54.90823
552267,41.888687,186.28737,66.39148,207.23804,5.4057875,4484,2,0.09716154215914212,2.3108082004418637,-16.018303,51.217865,2.7197652493110644,0.5889717287184674,47.372303,-16.20649
553141,172.23854,354.0513,212.53139,225.33412,0.31380334,4489,81,1.7381705471961462,-0.013227423616903163,52.07875,-4.195317,-1.1148992628977754,4.169478673482757,-30.719852,40.54476
553790,109.524506,240.14803,224.38191,224.68304,0.36074892,4493,94,0.587707707026686,0.3040504465698645,46.1243,-22.779005,0.30950057179739265,3.260556081547501,-46.528805,34.672394
555089,263.157,177.34373,252.56422,250.42813,0.6656524,4501,121,0.6432193913747521,-1.0270611574198314,7.157981,-57.55082,0.20686862477448556,4.875183371909608,-48.569736,25.92341
555225,147.47064,203.06609,220.57733,219.99622,0.29264486,4502,98,0.8104594766759937,-0.1786604724102423,45.891636,-22.742058,0.21670440826013734,1.210354697581207,0.73056287,5.572627
556433,106.33355,244.37254,154.71454,300.95453,0.009244704,4510,34,0.7464239634665907,2.7371106687380795,28.448067,16.652138,2.5121646296617546,0.28989389573667446,8.06473,54.068867
556466,94.36549,463.3227,187.41623,305.36475,0.24976142,4510,67,0.9299226549495637,1.936545530199627,32.588196,31.852705,1.8814225713085997,0.08906025724478064,10.212716,55.10359
557433,181.75722,373.64584,222.76854,245.18558,0.34806985,4516,80,2.806653116527999,-0.6857647650450405,51.814003,-4.6252885,-0.9512476596640438,4.986895433189043,-29.918346,40.102333
557803,295.86185,268.7591,250.99414,253.10675,0.6542217,4518,132,0.7942707914058699,-2.1940470927116995,3.847592,-57.08828,0.5947919629289793,4.224102328911887,-49.8541,13.083173
558107,228.7141,156.83989,257.98016,232.96458,0.690413,4520,118,0.36827917162727564,-1.388003737764006,39.14394,-22.288422,0.569248702166951,0.8159101083004727,-48.03053,-15.268817
558649,177.7046,266.8498,146.39226,284.1247,6.201336,4524,24,0.689486062805229,2.078637617328945,-1.0023382,38.515797,2.671721123966062,0.5260118840127683,50.23566,1.5215087
558953,95.5754,182.7,82.92082,214.71207,5.534587,4526,10,0.23745840537457935,2.2118100204171895,-16.10352,50.623318,1.2847052280535527,1.0520381384814703,47.365997,-16.185678
559325,31.767944,427.34702,152.40004,299.02917,6.2065487,4528,64,0.730184107403894,2.694624742922597,24.034231,17.928719,1.6623975141791683,0.7674935504479289,8.610785,55.63189
560903,94.43882,160.0904,117.7161,240.85199,6.0900445,4538,52,-0.00640377116901629,3.3065174745120496,-3.6121044,42.740128,1.326424129709394,1.6782891145009498,47.170696,-0.29705146
564068,346.54248,410.5991,311.2967,306.15384,0.7525566,4574,45,-1.2820080583178153,-1.9245374971410067,-0.03743203,-20.410017,-0.030756545511538478,0.23348459635479485,-15.448696,-4.5992985
564496,318.48816,401.91177,309.11438,309.75397,0.76938015,4580,47,-1.058214133916082,-2.3156020588739445,1.2760838,-20.98827,0.21162177828722986,-0.0005875144775994157,-14.7798815,-4.5964637
564828,341.50488,302.02252,314.4182,298.64972,0.69416624,4585,24,-1.0893218269320546,-1.9934267151907639,-5.5366106,-16.853275,-0.3763504274839771,0.21918781257445424,-2.9656394,-6.051426
564844,406.9517,412.5456,311.42358,305.61615,0.746234,4585,40,-1.6803457014420864,-0.9865564431383776,-1.2286752,-19.746042,-0.21405499487451865,0.3529232296410506,-16.046883,-4.707282
565432,265.97937,332.1333,277.41895,273.83627,0.72098565,4593,60,1.3609326320353012,-2.7649495406674838,14.79358,-29.88371,-0.05368279978961214,0.4626891434396196,-34.034706,8.167867
565976,410.35126,355.76614,312.53647,303.5,0.73353916,4601,36,-1.6640477131855473,-1.3309248825011777,-1.8106178,-19.556675,-0.5644915439906303,0.4582826061642816,-16.270142,-4.6696196
567869,317.2609,209.96103,319.54407,278.05432,0.52472985,4628,12,-1.701394109177271,-1.810442329434627,-11.362009,-15.467222,-0.49497594345180307,-0.5580711244544534,-2.5785038,-7.2551064
568030,340.3723,312.1702,307.68066,311.61902,0.76750314,4630,31,-1.2225123276387906,-1.8198459391872266,-5.178355,-16.733103,-0.522850473027483,0.04793398071605533,-3.0386634,-5.8733697
568759,263.45706,360.7428,315.4318,275.04327,0.8450289,4640,50,0.19492195634438675,-1.7666717960839058,9.650399,-28.895695,0.05134881551466739,-1.1299267624840803,-28.656147,-2.6447196
569154,334.53085,330.89975,288.83127,325.14615,2.9375517,4646,19,-1.3085986248814951,-1.1848570012410826,-29.44584,-20.505674,-0.2045505232241558,-0.833458706231866,-10.039973,-19.30968
569761,232.05981,159.07863,270.91046,240.32428,0.7583508,4649,146,0.20533392135218104,-1.2909857626153822,38.362457,-22.743734,-0.9186573626759442,-2.8784436115603333,-50.25558,-12.69468
569847,179.68929,260.2362,282.93478,256.4786,0.9804142,4650,72,1.5321396682443298,-0.9057515120730348,33.172085,-16.11878,-2.3965564542945708,-6.457401918589512,-36.943348,-7.687664
572754,311.0181,315.52332,276.22043,247.00424,0.882116,4668,99,0.2148134797376433,-1.8352669852632095,-1.1882691,-47.00026,-0.5692421986439505,-2.2842126423218483,-57.419395,0.47502854
573681,184.90823,272.1548,283.30118,256.52374,1.1091064,4674,66,1.5520141754997536,-0.8397775132614932,33.069603,-15.620671,-1.9965532628728422,-5.71434673250971,-36.554447,-8.038855
575217,115.33988,355.93768,282.4986,336.97504,3.108284,4684,2,-1.4151053878509254,0.9244303959795409,-26.534859,0.4411069,-0.013955969741876857,-4.252303886693471,-14.754539,-19.942032
575269,190.39844,188.60913,280.69513,247.30537,1.8670061,4684,54,0.10990195691558578,-0.09882593986273448,-30.164932,6.7814527,0.1786449380116613,-3.0681775127662543,-29.63337,-16.221601
575992,180.42982,263.54825,273.2358,240.69803,0.7412362,4688,137,1.4671611987794724,-0.7641990999757072,37.13924,-16.109934,-1.9429705308497451,-2.3461438651128668,-47.536884,-11.2316
576095,281.40707,153.3219,282.83228,257.31424,1.0011381,4689,80,-0.25136006022868573,-1.356229861727759,-3.4680479,-52.265903,-1.9166034537619752,-6.1130761121012585,-46.337467,-2.1971607
576276,304.82596,300.29874,266.35666,234.31854,0.8440707,4690,101,0.08936121910786891,-1.4594512034686504,-2.4287772,-46.601116,-0.4528347649894236,-1.1489966496042219,-57.48073,-1.5044414
576865,212.72687,148.60419,280.61682,245.76872,1.8582298,4694,50,-0.16707176386713674,-0.09836414858724522,-30.65002,6.886003,0.18664275260281696,-2.290079986877235,-29.608786,-16.35196
577468,311.60306,378.77142,282.4986,336.97504,3.108284,4698,13,-1.2983596821054835,-0.6079962710081402,-29.605814,-20.026821,0.09646399384553517,-1.3384411778458016,-10.472299,-19.332235
577528,173.56769,232.08801,285.23334,254.76619,1.0542117,4698,73,0.8505768660096026,-0.5980352137292076,32.630013,-15.8851,-2.0388101133130774,-6.662356399690482,-36.85099,-7.990532
577546,342.9134,311.19138,285.23334,254.76619,1.0542117,4698,91,-0.5777922034532287,-1.4625195764649992,-1.914113,-47.645798,-0.6085453918420763,-3.832766398519105,-59.40438,0.27804962
579232,333.8182,345.4569,284.15497,334.52548,3.068892,4709,17,-1.3177761344547465,-1.0711463026817454,-29.525534,-20.330973,-0.17406011615637668,-0.762071874322581,-10.13959,-19.337149
580324,269.43738,159.07518,273.85165,239.60439,0.77531123,4715,149,-0.048149801547284404,-1.678824777071631,38.256332,-23.418425,-1.038859640272166,-3.489834950449217,-50.670883,-12.855073
580964,280.6413,169.98161,282.9729,280.9738,1.1678989,4719,149,-0.3795032994076412,-0.9950864813741876,-12.361755,-11.943824,-2.82193550609764,-4.769906369805768,-45.9733,-0.9210722
583918,133.40823,286.32278,270.3498,293.46545,2.8589263,4738,63,-0.3969400444760173,0.8122072227982585,-28.60215,0.7409869,-0.4990376221482334,-3.941401648362934,-28.559317,-14.773988
585117,185.08742,145.21922,274.01935,252.17737,2.7860756,4745,142,-0.8805340840332191,0.22260784684058021,-29.69494,5.8109055,-0.11909272344059876,-1.5416353622620933,-27.280195,-17.443676
587036,320.80792,273.78848,255.51408,207.79912,0.026150841,4758,113,-0.5323056560945832,-1.8625781055406865,-39.616722,-11.102909,0.10129441499428579,0.45989069104116653,-20.837477,0.92464066
587168,339.11108,191.78288,273.7324,200.8754,0.08066275,4759,97,-0.7940828741427264,-2.2348645050833973,-19.91323,-47.207085,0.2225283704704892,-0.1914240977456252,-30.044863,-38.225983
587683,335.24615,363.86722,148.3172,418.2197,4.2213426,4763,20,-2.0480682325952406,3.2965821751204984,3.651968,14.157239,0.31982193562562733,1.7942082135232602,50.724083,18.085762
587903,320.16348,160.75713,273.57816,191.55814,6.276263,4764,92,-1.0186458371737097,-2.0533794926815045,-19.697054,-47.306126,0.6220832984602274,-0.577393648238872,-29.942198,-38.325226
589223,192.94753,205.4743,193.34499,151.38568,5.702285,4773,80,-0.08023019112111276,0.4924143302854197,-38.859562,39.05523,-0.5033302009950431,-0.348603815829461,46.158466,-35.958008
590899,315.1015,309.736,270.39572,246.81374,0.7136091,4784,128,0.4477260568602486,-2.2358222492907087,1.7404585,-47.43076,-0.08385399226134482,0.70023719209122,-48.005463,7.485548
593652,155.3173,256.93347,130.01794,209.21832,5.2079654,4803,69,0.9533351122882553,1.2668479576150924,-15.508843,57.363552,0.4825900504455846,0.7966850871698636,47.36901,-33.32329
594176,266.96695,100.926636,148.3172,418.2197,4.2213426,4807,1,-2.235932392855691,4.914148383832799,4.7899313,14.598008,0.5668284883558764,1.3007198634233215,51.276646,17.83219
594204,248.92345,437.10648,148.3172,418.2197,4.2213426,4807,29,-1.0109767545175912,2.069855654901647,2.6357617,12.425961,0.697845866531352,1.120704160170273,50.36881,18.311232
594249,164.74483,229.58253,145.04965,178.12866,5.343797,4807,74,0.5610620378732952,1.109702825056125,-37.518486,39.144737,0.19526694472162198,0.37633031839609854,46.77681,-33.94429
596095,317.4778,260.22784,269.4215,258.74332,0.6455338,4819,144,0.021116076896450287,-2.095450168017183,9.483584,-49.240475,0.24414898434927382,-0.343906271365214,-21.14358,8.517808
596849,316.22272,217.8065,148.3172,418.2197,4.2213426,4825,10,-2.234041145227957,4.16988261369509,4.406159,14.51016,0.44545375115978736,1.7547615388111621,51.13788,17.888885
597021,210.67216,458.8694,143.73213,415.595,4.2874203,4826,34,-0.4018100854832842,1.7848697060651344,2.6415057,12.217198,1.1746303390792885,0.87009942437674,50.269634,18.393255
597973,324.71976,148.58714,161.09196,288.044,5.3591075,4832,98,-1.058154047507646,3.3779589093208378,-6.9074063,16.559547,-0.7720481219407622,1.7308622596216479,34.290977,11.920729
599304,494.10492,294.80734,131.74815,369.47943,4.2825866,4841,97,-1.351708424762956,4.145478618910353,-4.088392,16.201584,0.5696397366592666,2.833651174067596,32.43543,22.333633
600482,356.22162,204.89159,342.76917,218.91699,0.95309496,4849,94,-1.6732176076478473,-3.0237825527733575,-23.657892,-45.315678,-0.1626239964644013,0.09435132315634291,-31.294071,-31.765745
600912,352.08398,154.74901,342.32468,218.08922,0.9445217,4852,89,-2.1367101467167404,-2.5444557696868255,-25.603062,-45.104885,-0.5772157579985616,-0.21436938899099073,-31.138803,-30.434765
602731,370.28806,333.5391,343.99747,317.10016,3.205638,4865,23,-1.5872661048879697,-1.8922884443774117,-29.21725,-27.99426,-0.508279171711729,0.471734825641395,-8.540866,-36.686005
602794,336.78473,121.09975,342.59995,218.32031,0.95662963,4865,86,-2.4427897183912646,-1.9558362382818097,-25.854454,-45.109028,-0.7626691225269012,-0.4997393285673913,-31.04418,-29.993967
602976,363.76776,370.3412,273.48022,267.50183,0.66865015,4866,123,-0.14717181562623305,-1.2831199943807434,13.04484,-45.78158,0.7809536785847755,-0.5145275225406162,-26.29894,10.09384
603397,288.9936,256.01102,277.4614,265.84756,0.65626705,4869,109,-0.004140458346383602,-1.7847148844119216,10.568865,-51.061985,0.07808900056211043,-1.0194583627667018,-22.53459,7.3992457
603951,282.47873,116.43361,342.06708,217.02806,0.9480576,4873,83,-2.653031183875431,-1.6153510490246508,-32.0974,-5.0269203,-0.8282002348679676,-0.9055974025844421,-30.933996,-29.715181
604186,379.05194,266.0,354.1892,259.63095,2.7728028,4875,28,-1.728112687477901,-2.0727379806842077,-29.593216,-27.010118,-0.8679435747507023,0.4960222323676793,-8.427661,-37.95383
604488,398.37347,222.57013,341.3315,203.86276,2.2137196,4877,40,-2.2023498112459605,-1.3114970874404541,-43.98577,-3.4648914,-0.4520858409903703,0.47932964337024153,-6.914882,-38.950176
605605,257.32767,307.9421,263.0459,251.17142,0.6532191,4884,142,1.7811403840042834,-2.510765730572549,19.612207,-32.495293,-0.7991269862346864,3.003110898241585,-36.419277,8.855657
605995,334.11807,215.19707,331.94443,238.2827,0.96265745,4887,97,-1.431639113923014,-2.90221735162895,-22.292772,-45.937336,-0.12038258242329192,0.051830017001627815,-31.725592,-31.719496
606323,254.70265,328.5151,262.94128,267.17657,0.6389048,4889,135,2.08963365413534,-2.663173443457612,18.393608,-29.802494,-0.019755211259026656,0.9625899298506725,-34.645214,9.341599
607574,248.06096,135.66502,342.7812,222.65038,0.9690349,4898,81,-2.7135112231235423,-1.3092324257298873,-31.892069,-4.882846,-0.6797786581366735,-1.2151139983535097,-30.773151,-29.453482
607839,305.36438,115.97983,339.06277,200.81085,2.3035214,4900,56,-1.9500349484799049,-1.844881904712485,-45.126343,5.421214,-0.21396440955859117,0.6363298025332667,-4.0944366,-41.031216
609160,253.34169,239.35829,342.76163,216.56575,0.9940273,4909,72,-1.5395469221726588,-1.453093664383191,-30.361862,-2.8170795,-0.2615345522845023,-0.47411872844655606,-25.494392,-23.659588
610994,354.3461,357.98935,331.45557,337.10294,3.4033146,4922,21,-1.616368538872015,-1.8385545315839202,-28.955576,-28.250296,-0.11325763640328909,0.6517322377167626,-8.284805,-36.298782
611385,368.41998,378.88153,268.1531,280.25598,0.75947267,4924,122,-0.24394115310143988,-0.7178422828949673,12.933059,-44.584908,0.9506140952479389,-2.388699925362085,-20.243753,13.5413475
612225,335.97903,214.36504,324.1072,222.91055,0.8197032,4930,92,-1.307528138058853,-3.182890261707536,-22.186733,-46.561306,-0.05136249220194086,0.05114978491981677,-33.450592,-32.88699
612862,298.124,270.15472,330.23407,335.68353,3.4380264,4935,4,-2.4516222550566495,-1.7329063039381136,-27.525927,-18.154129,0.11613150859912161,-1.1148130664243787,-13.096121,-27.981714
614900,121.06991,228.4659,123.26777,451.12946,4.2236776,4949,12,-0.9637587609155046,3.852369138387979,10.28574,30.757341,5.6748136532573765,-0.37996202726564576,57.763992,17.878447
615960,191.02502,439.33383,193.83644,373.10995,5.4994698,4955,76,0.00515915164391334,0.3990465291138871,4.0634365,3.7399902,1.29155020975878,-0.022454966047249225,22.188593,8.568602
616323,193.87015,262.25613,255.54497,245.50255,0.51504946,4957,107,2.267639538744937,-1.0325884066793851,38.52979,-8.342961,-0.8392934351441831,1.4628804515071527,-13.338207,36.5593
617944,226.9595,475.68515,201.26376,400.4649,5.103346,4967,68,-0.7951687141014746,0.21158446359198735,0.93674684,5.073502,1.7700651291117486,-0.00205883951130003,21.986525,6.901008
618001,260.83563,157.74498,255.32547,243.67307,0.50018066,4967,125,0.13973780618943793,-0.7487898993643973,7.5329227,-55.340443,0.2906662849462025,2.0896736361397874,-46.866936,24.968018
619654,158.44287,168.15091,256.02518,245.91957,0.5297292,4977,118,0.6488341119962948,0.29642338638706583,49.05639,-21.824646,0.018867258293460178,1.09962684599271,-46.74173,25.93568
620150,139.48465,182.89673,257.12933,254.14607,0.59828454,4980,116,1.5434774309904222,0.3484425779996469,49.887028,-21.29827,-0.28095489021156383,0.3782369365192542,-46.43779,26.174538
620411,201.83832,348.3483,196.49551,401.8933,5.093288,4982,45,-0.9334768697333237,0.9778454170043351,0.18463868,4.1595144,3.6495964085193044,-1.0541583557346335,22.80494,2.0387652
620499,310.4137,245.39813,250.08937,248.16077,0.5187208,4982,133,0.2358012334316329,-2.0036368805042186,4.718148,-55.81641,0.7201302716979173,4.038023517066184,-49.075603,13.091801
621133,191.10135,263.5977,253.4308,244.77818,0.46901673,4986,103,2.2116164654925967,-0.9201564705334063,38.302483,-8.534189,-0.6728433168802043,1.5306249010843453,-13.032117,36.45543
621417,118.58854,437.13965,205.43681,399.83548,5.0627637,4988,55,-1.0844329408451152,0.9872135237897275,-0.55110204,5.05544,3.162757442647496,-1.2126414108212686,21.815475,4.398195
622243,150.19112,362.49252,210.00021,398.2553,5.1057076,4993,51,-1.2371487336983147,1.0608593713039303,-0.87849194,4.763216,2.7911901441390903,-1.3069339303796175,21.836775,3.7744827
624853,322.3273,169.8505,123.30478,451.6553,4.2219286,5009,5,-2.3911510011508788,5.215837180215765,5.2785587,14.46269,4.764272785101595,1.0164491684061645,57.569668,17.419102
625337,258.38635,391.9359,229.59657,247.96484,0.44688424,5011,157,2.1842418473278853,-1.0595023507174235,50.757774,-6.0141554,0.3009308835025177,5.911338581247984,-30.288597,38.981537
626194,53.668976,321.9221,123.26733,451.12323,4.2236986,5017,18,-0.5821970625922587,3.2344627814670392,10.13729,29.82122,6.172648232589847,-1.1274431813939192,58.075977,18.334106
626429,194.80736,350.26443,258.13385,332.007,5.707278,5018,87,-0.6968465605724922,-0.18176743904579973,-2.9263613,5.1206536,0.6214002651539792,-1.940627762973188,14.829517,0.8516642
627204,124.20689,425.4823,144.15393,435.95477,4.3299265,5023,32,0.011549158446295116,1.9034372657513576,10.84189,26.75518,4.978182797295547,-1.6826510504759282,56.865467,19.739025
627763,192.02104,302.68234,227.02504,260.22644,0.0741362,5026,93,1.7962850879594452,-0.3496266791125595,22.039818,9.02223,-0.015934766767401687,0.5274343195493361,-9.601639,33.675667
628093,189.21356,314.9013,223.03223,271.9979,0.061410815,5028,91,1.711267307805603,-0.11551790409419202,21.774878,9.479188,0.2293476956803295,0.09656203875913551,-8.99482,33.605934
629527,110.61861,418.0028,133.88608,439.32684,4.366655,5037,31,0.06146099744150961,2.128211393334281,10.779049,27.061758,5.737736302802767,-1.7792002131258742,56.99464,19.65506
629612,172.00479,194.2976,241.74973,393.33533,4.398263,5037,116,-2.2297905202884265,0.6527478161238583,-3.58707,4.5990343,0.27839781648811796,-1.500371784260573,12.65809,2.7667167
629812,339.36023,308.9424,261.3849,332.69113,5.5597186,5038,150,-1.7952044814492194,-1.5293181074737972,-8.286059,-14.61101,-1.4021917763519518,0.037889708022762494,10.80678,3.5702586
629817,288.2937,362.2776,235.31833,352.10382,5.485907,5038,155,-0.8901005582129301,-0.6416760459760952,6.3612227,-8.360153,0.4509765116929009,-0.1106994434848086,10.497107,4.6550984
629854,47.952316,424.7621,123.26732,451.12308,4.223699,5039,26,-0.3903827673098635,2.892931076318848,9.988105,29.122238,6.510116720989886,-1.5743619295390525,58.107037,18.86308
629858,101.59764,429.14865,126.697426,447.14575,4.2678833,5039,30,0.00944984398372807,2.350939349982749,10.4694805,27.791233,6.188113087400124,-1.890532022009242,57.420803,19.647097
630133,415.69232,259.67145,181.35066,209.96915,3.8992407,5040,139,-2.3552525089574687,2.5323577711050325,-31.27846,41.356293,-1.2802858066614373,0.8828968855587606,28.556065,-45.87924
630345,63.107353,347.50104,123.26733,451.12317,4.2236986,5042,19,-0.4213847427739364,3.0854259931259116,10.136782,29.60626,6.42651469773662,-1.302881689988684,57.893806,18.510197
630689,82.50772,485.17188,123.26732,451.12308,4.223699,5044,31,-0.3558464148777963,2.6981368996223214,9.964028,28.688515,6.440382962397144,-1.4691671478125397,58.14876,19.13674
630877,160.6866,428.40005,266.91364,381.27228,4.985858,5045,53,-2.1564883844781773,-0.41635635900540685,-3.9842215,5.26079,0.3070499319484863,-1.2149176186050514,17.757774,4.7623744
631619,343.83548,288.32303,226.64029,401.57953,4.6570687,5049,131,-2.4566323435172497,-0.2653622442939963,0.09451804,-0.8756217,1.091732134194707,0.1402160087152633,19.340382,1.5237718
631923,208.44424,334.95114,173.5169,332.5669,0.5061042,5051,81,0.3223697149647882,1.5040417261992813,1.7647399,36.221367,2.807636269009292,-0.033656226921275324,53.428062,2.3555493
632023,174.76808,195.17523,245.66612,244.36409,0.7047856,5051,181,1.7164135134042935,-0.6991986843177891,51.467113,-25.106241,0.48467339762970213,4.783959546882136,-51.66978,27.480556
632240,39.90695,186.77834,72.19035,254.13153,5.0256767,5053,22,0.11748358681616324,3.4153370865310024,-15.706585,52.15745,0.7914033197557475,1.6996701710939168,48.25793,-14.222084
632482,215.81108,325.85135,173.35234,323.33142,0.41760767,5054,76,0.3089345733729482,1.507725537533635,1.5687766,36.32345,2.722427732526597,0.1461276054646783,53.19308,2.3295321
632622,56.41831,208.81407,72.19035,254.13153,5.0256767,5055,28,0.3503259214064857,2.9972488338576198,-15.700793,52.109344,0.8733596017054244,1.376650810835327,48.196686,-14.68186
633316,151.35744,354.8154,237.8157,251.26393,0.6834595,5058,158,5.185904377279015,-1.4779828525232237,57.095253,-6.1155267,-2.144423760752749,7.834787491111477,-34.32597,41.415585
634522,155.00488,221.79645,126.76371,257.71384,5.710584,5065,48,0.5123566899123586,2.343333937791425,-1.8884265,40.30488,0.4643815145070999,0.752210987555024,45.88344,-1.2123345
634919,209.60558,297.05917,168.54985,303.4027,0.21236303,5067,69,0.5188531206752868,1.6663129670284227,0.10625054,37.344555,2.74634893267064,0.3783732409090556,51.539654,2.0573695
636380,44.144073,205.13268,72.19035,254.13153,5.0256767,5075,26,0.2447484148691514,3.2175061463096526,-15.693533,52.172375,0.8247702457358567,1.4927712644774325,48.268997,-14.511639
637434,102.37248,422.67233,187.27446,317.91348,0.6859348,5080,140,1.6714961476219834,0.9219470755063639,34.976032,35.31757,-0.10725401545332561,1.1386841310216718,16.574368,47.54044
637855,186.00876,208.82957,250.28082,249.35982,0.73503035,5082,185,2.017701504114688,-1.098456578879737,50.822777,-24.384745,-0.0630497892695465,3.493333724525473,-50.893536,28.189646
639152,80.22852,335.69803,241.00081,236.76181,0.64968354,5089,166,2.425294524163165,0.07458145085672463,58.16558,-18.367092,-0.9159980006288704,7.126037566281135,-44.75416,34.84168
639161,135.89822,167.63133,241.00081,236.76181,0.64968354,5089,175,0.8321516786565578,0.06828395877511709,51.121746,-25.778837,0.45007250171926444,4.820467947101703,-52.380585,26.72468
639176,317.27426,189.52168,72.19035,254.13153,5.0256767,5090,2,-1.1543725079223972,7.279785359074025,-7.341969,45.121365,1.5182270003951472,3.5077800436249285,47.831028,-12.551818
640308,301.05093,170.19887,72.19035,254.13153,5.0256767,5096,6,-1.11828467902734,7.168412211135237,-7.294874,45.112625,1.5459209132803662,3.4572388188084995,47.848694,-12.568814
641870,209.9928,271.62994,159.06853,282.416,0.075328186,5104,64,0.5854367234948106,2.0820564233490084,-0.5239889,38.087097,2.5199767035865697,0.61733845024245,50.53381,2.0552616
643061,146.65042,446.64084,178.73778,333.86404,0.5930965,5110,127,0.9191567879877597,1.0813328262879909,27.998594,35.380306,0.16342703081537205,0.07007325178914545,46.189354,24.58202
645025,40.028816,196.77138,72.19035,254.13153,5.0256767,5121,23,0.17316180991171143,3.338250229461363,-15.698293,52.16282,0.8161436255583149,1.621951010307185,48.261158,-14.315188
646672,67.81396,361.91324,235.86147,275.94183,0.78265357,5129,166,3.031178288962498,0.2944436478271718,54.71774,3.6081243,-0.557268007836738,-0.47081445237052844,-17.324528,50.36432
646943,179.10268,256.0438,76.929855,262.6155,5.083638,5131,61,0.2740826507417835,3.2408637728778045,-6.8868704,48.60338,4.015814221874234,2.2392646272549617,52.603813,-19.006865
646993,149.91977,463.7915,76.97995,262.50345,5.22189,5131,111,0.5331598560877621,4.22226602581415,-6.9733467,55.947,2.4610985164062753,2.956265652229731,57.98668,-14.152464
647260,320.5373,188.44658,72.19035,254.13153,5.0256767,5133,2,-1.210072193230045,7.364923942100921,-7.3519816,45.105453,1.5481257102757688,3.5050255363531284,47.83513,-12.540814
647287,57.261124,218.65402,72.19035,254.13153,5.0256767,5133,29,0.4469886508069931,2.880873388130934,-15.657915,52.182056,0.8191363938483933,1.2326228901286673,48.18678,-14.82128
648533,145.02174,362.9078,69.33932,253.48486,5.0780463,5139,147,0.8357449485928998,3.5863713005182714,-7.272753,55.925526,4.170003289499989,2.9220983595835506,58.240726,-13.175497
650337,191.868,263.50272,159.06274,290.67282,6.0437746,5149,71,0.6242229763933412,1.744364782318827,-1.0558556,38.135796,2.093412343539745,0.680556480013475,50.366283,1.3506777
651303,314.61047,245.70148,289.12186,149.12083,0.046637904,5155,53,-1.503196081274484,-1.5125923476067888,-45.300587,-10.835153,0.11653700994848484,-1.9316823369074119,-25.382347,-57.89688
651696,155.01898,257.32672,254.26909,254.24089,0.8645393,5157,142,3.6695229797882454,-1.2255070568148057,53.402973,-17.456316,-2.552905917486813,1.0292825800288472,-39.480007,26.331882
652112,308.16168,203.34062,274.23413,203.13576,0.4618618,5160,102,-0.4729830119446516,-3.0329175507397936,-14.817936,-56.41367,-0.4650409210364582,0.09882662327545301,-48.331257,-29.31923
653596,333.54172,276.8083,287.94452,147.95055,0.2825817,5170,66,-1.8393701584000766,-1.1933500018761902,-45.724506,-10.418858,0.901633072709341,-1.3038230578546648,-26.015371,-57.028084
653816,152.04863,182.1113,253.8926,252.8244,0.8830306,5171,134,2.16763823303524,-0.4359344300468314,53.001278,-25.827349,-1.74339619817704,0.228879055036114,-41.312057,25.956926
654854,302.83078,228.90224,271.83392,224.00034,0.6494953,5178,108,0.11509994336049782,-3.001620490072438,-7.7048297,-59.92567,-0.13294506921861773,0.3198178101663388,-48.70221,-27.570484
654976,388.37344,124.63202,285.73264,149.05074,0.26870504,5179,78,-2.1692954622893437,-1.0209396812512235,-49.913548,0.9298815,1.628783340836308,-0.87273122840928,-23.380335,-51.94258
655786,252.07672,151.96582,258.78772,251.3486,0.9178488,5184,128,0.7382468733357331,-0.6986766572444815,50.917034,-28.785446,-1.279610134291791,-0.871859004483012,-41.74274,25.667482
656838,272.35486,245.70284,257.02014,251.27478,0.803841,5191,116,0.9886548119312367,-2.159990163674132,0.71027774,-60.139503,0.733700618937158,1.6802497796235973,-53.601818,12.807969
657771,161.72522,205.35892,268.90546,242.51733,0.81539166,5197,137,0.9881560850102132,-0.529225194435684,38.374203,-20.346119,-1.6549777432568817,-3.4742498200585508,-48.40507,-12.978916
657837,329.27634,241.28651,291.3162,148.77873,6.196314,5198,51,-1.6605221521444085,-1.5546017247669117,-45.25306,-11.108394,0.09174791464005644,-1.8890281242127056,-25.185902,-57.92679
658037,297.10242,198.39323,275.4909,203.93567,0.47583243,5199,99,-0.40295733958519087,-3.086150842707268,-14.790756,-56.74435,-0.40457072481192646,0.12425065785633498,-48.338364,-29.242464
659181,454.8368,166.74112,299.90536,142.04422,5.004429,5207,27,-2.667746202805726,-1.1156106655883926,-58.992275,-10.748194,-1.120161733137194,0.8468159663632627,7.6227775,-55.45289
661210,354.5783,92.713425,272.52853,150.22632,0.23458184,5220,80,-2.0780224692414655,-0.9067578810304192,-49.95827,1.834108,1.5983442697903678,-0.5720151746737263,-23.327799,-51.77546
661675,311.66196,121.742546,278.51788,150.06294,0.18822429,5223,89,-1.6404468901318705,-1.9525555770374075,-49.79135,1.9798648,1.3587113991261857,-1.138649943505303,-23.228733,-51.67536
662328,155.79408,161.04596,258.67325,237.14989,0.8096727,5227,134,0.8390313186995975,-0.4273312726784462,39.545177,-18.76754,-0.38799207488855414,-0.993575663575715,-45.773746,-14.85787
662810,210.42873,344.55283,299.90536,142.04422,5.004429,5231,8,-5.101099999280935,0.32665794683048116,-61.08685,2.645766,-1.8915930172306705,1.853928009789934,6.805316,-56.792156
663761,315.55048,239.7688,271.95837,159.222,6.113515,5237,47,-1.3290917709114896,-1.4074475397155346,-44.91473,-11.428527,-0.1262502549326323,-2.0854544350446558,-25.315535,-58.363926
664248,414.62808,152.16182,279.42023,140.78127,4.919808,5240,78,-2.0797342206196716,-1.5030094661637565,-58.812202,-10.120597,-0.34978897188052427,0.2364116985186293,7.827221,-55.281094
666560,33.508957,170.48448,114.08303,139.21263,5.6694407,5257,16,0.15852286179613206,1.9053734402049929,-36.532448,36.136032,0.5337611642122325,-1.3362850575705179,41.1021,-37.010773
667093,153.60626,352.9276,251.6078,260.38333,0.83206004,5261,109,6.2077950722322655,-2.254850334025619,56.987583,-9.247519,-3.9842742149785333,3.882961724422925,-31.29159,29.625612
667385,108.60272,245.89479,177.30635,277.2511,0.55235946,5264,71,1.0300951067768858,1.6432133932583024,29.543013,20.18748,0.35990086521477727,-0.11763258262504872,2.503097,49.366154
668105,59.33811,104.62804,114.08303,139.21263,5.6694407,5271,21,0.027173525433968726,1.6575894555083146,-36.35328,35.839893,0.39534787001729577,-1.2443754020565212,40.860485,-37.082195
669230,205.85349,270.5013,161.74951,265.66714,0.453095,5281,46,0.4842228227557407,2.1685357277848136,-0.19376984,38.585243,2.080000529139549,0.3492664229909339,50.37533,3.0540025
669494,99.01033,314.2263,205.16963,301.50702,0.81476396,5283,90,1.7788833945960691,1.1447061754617898,50.314457,15.329486,0.07274499006810445,-0.35533352125908524,12.8603,38.892097
669944,114.52477,388.56107,215.86215,299.84592,0.86521107,5287,100,2.6916057106712996,0.39228706407175495,55.411922,12.142729,-0.6155721619144546,-0.37687987937028206,15.570182,37.236656
672962,173.16603,188.33696,159.08226,203.27809,6.2539377,5315,38,0.31778496036967185,1.1520993279188316,-33.348766,15.564907,0.07582191372173055,1.1751670135316417,8.724549,-11.984488
673176,164.94696,117.435196,130.1433,147.18121,5.898376,5317,32,-0.17144309354629894,1.2118899611574252,-36.116444,33.135685,0.8242989522304038,0.6758893334772159,34.57968,-33.702164
676855,110.999855,305.99133,211.51599,303.57858,5.0301304,5350,81,0.3040704190909444,0.8089329485677742,17.123993,9.275773,0.1360436657505296,-3.617529824874901,18.22917,9.17756
679290,182.13422,271.1103,234.52695,257.873,0.73631907,5368,116,2.82941597288425,-1.149826406758257,38.7871,-0.980661,1.4110000047445546,1.0513261794982105,-11.055381,43.56561
679296,189.4072,275.58136,242.28778,262.8556,0.75249916,5368,122,3.083546533602764,-1.3884399940644672,39.31155,-1.0523038,0.9551021661526007,0.8578880127422448,-11.453633,43.547104
680095,135.08429,275.72873,189.67982,254.79012,0.50930357,5374,93,1.5101561054087944,0.4052637875671056,33.096825,4.6476455,-0.2889970587536694,-1.0086642826346512,-4.0807652,48.571625
680311,80.54151,421.42203,104.68055,435.9092,4.202797,5376,33,0.4656603167922406,2.367400393826891,11.975772,28.18957,6.374204171991165,-2.127261688013518,58.432293,21.339756
680710,39.34382,353.6482,87.4947,458.0931,4.0154095,5379,18,-0.0786595546047469,3.116767869351107,11.15314,30.055622,8.620600756972696,-1.9247420894388128,59.5966,20.495043
683712,187.61194,265.05536,241.18777,251.65964,0.7534631,5400,122,2.9708280055512146,-1.3872501516380091,39.15144,-4.0389194,0.31502371796497564,2.425971001269255,-18.318386,40.11225
684573,43.715622,342.88065,87.4947,458.09323,4.0154095,5407,17,-0.10178774215973599,3.143851227976344,11.116397,30.155342,8.55880060027138,-1.8324467159959297,59.561028,20.263264
684716,28.726122,380.60834,87.494705,458.09296,4.0154095,5408,22,-0.05187043449657766,3.0067721799466565,11.229889,29.853548,8.62852658289448,-2.060661776967307,59.427986,20.71394
685231,188.29028,275.31635,239.2169,250.11154,0.5561592,5411,123,3.225753714717535,-1.3297890266403174,38.898666,-5.877407,-0.030516828690602047,3.4655042988162386,-14.320522,39.239113
685750,114.35267,299.3939,160.33937,264.07596,0.22911207,5415,90,1.3379647278021796,1.047515466764559,28.18017,20.019283,-0.0564904210840985,-0.6222994067465316,4.7580957,48.49632
686110,113.789696,369.8611,136.70396,405.99744,4.5021677,5418,36,0.4079688317403396,1.9697122676761616,12.062832,25.51733,3.725580277753103,-1.628320960349156,56.127228,20.421614
686257,145.7687,342.5025,174.37082,384.88058,4.996818,5419,45,-0.16896440970366816,1.5299249904597265,2.1633759,3.8385532,2.3467988618285127,-1.2919623246803231,23.821505,4.2919226
686578,132.20628,294.04108,176.6927,259.49966,0.26022106,5421,90,1.5008182010794069,0.6285329763149523,33.822567,6.975414,-0.38006127435762777,-0.5185375269811902,4.3289585,48.36909
686637,114.50372,276.5658,87.49416,458.10638,4.015428,5422,11,-0.3290609742688756,3.6839598173095394,10.805551,30.767855,8.557328481649217,-1.1848974687657856,59.817722,19.995514
687360,163.24345,335.5962,172.3698,384.35086,4.9729576,5427,44,-0.10217382056438024,1.4501201221169508,2.1831872,3.8629055,2.499951527657096,-1.1673662743357536,23.821476,3.9785283
688189,139.3169,345.19666,169.3515,387.13016,4.9475236,5433,45,-0.0760357713491105,1.67820945851787,2.2912023,3.8208141,2.479073877543753,-1.1402493947216248,23.934568,4.310294
688329,108.02796,327.25616,123.3393,417.84033,4.673637,5434,47,-0.03673360364340722,2.6261646655546738,11.516027,26.031065,6.200200330644296,-1.3440466894116254,56.185852,19.583174
689593,189.08243,440.45157,192.2862,362.4143,5.3567467,5443,69,0.03753871832004388,0.392124067266128,4.135367,3.7302377,0.3226993850670352,0.11852423026656707,22.562988,8.307692
690333,235.60193,253.8196,212.45055,366.69092,5.703743,5448,119,-1.3548336949483426,1.1453346481083213,0.0056749005,-0.13925508,0.44590229041656926,0.5136402873929429,22.489363,0.26522827
690511,42.215103,422.8504,108.711334,466.22357,3.823353,5450,21,0.12199302605351596,2.564568791900361,11.788254,28.990833,8.586860174132912,-2.3883625777448736,59.00508,20.459978
690923,46.921295,370.35788,87.494705,458.09302,4.0154095,5453,19,0.06921679289387785,2.956009990513857,11.305254,29.860094,8.726109668836735,-1.9655059280211684,59.56098,20.60981
691647,300.07822,110.00931,176.61362,236.50763,2.2284741,5460,11,-1.5387813454439783,5.287805482101798,-26.891659,44.807793,-1.096275355075328,1.4684520910415426,28.128666,-30.121658
691670,67.17955,230.61444,175.70357,241.92969,1.3997654,5460,34,0.6617865179097894,1.6034437564516892,-14.780352,33.208206,-1.185144839297916,-0.503210102049335,3.6319792,-5.118697
691699,155.77136,288.38208,207.11809,271.38425,0.66225016,5460,63,2.004143950544806,0.06643998707390852,35.526443,4.570198,-0.5108447241373196,0.2693320460943182,-2.8814096,48.800636
691927,147.1543,364.73828,238.4083,265.3907,0.75606126,5462,93,5.67890085076019,-1.6177214183874862,59.395348,-5.0547976,-2.5046600559471774,5.047571218527695,-34.327087,44.82841
692005,173.8044,287.31644,226.88687,275.651,0.7700594,5463,72,2.2639059032719886,-0.43764218623392404,38.658955,2.6406803,-0.045197873572005436,-0.014669155321394456,-7.406281,49.026203
692289,151.37941,290.0244,204.84221,270.95544,0.6734012,5466,59,1.9646644167274774,0.1613891104681018,35.07583,4.9590883,-0.5948156715058988,0.2751348439665332,-2.5639524,48.805775
693246,97.27942,156.92642,176.55214,236.57115,2.090315,5476,26,0.7142361545446924,1.138806614446757,-16.492655,34.797546,-1.0906456759856151,-0.3921604903217437,30.44152,-21.604414
693473,140.85658,284.34308,195.69754,263.93344,0.6778913,5478,55,1.7335994525787128,0.4062102688719704,33.784,5.210789,-0.659556719160514,-0.13802035889672304,-2.152782,48.352062
694645,67.85456,258.95273,175.73811,241.97754,1.1388849,5490,39,0.8661327908768478,1.4558377375489366,-14.624026,32.70556,-0.9903243253918776,-0.4707900781662763,3.5148222,-5.3503633
697108,92.855,160.29994,176.67723,236.37831,2.0401769,5515,27,0.6888227859877338,1.1330030435860154,-16.376413,34.666756,-1.1760128607261127,-0.4400416521717755,30.354809,-21.534645
697116,64.58851,232.1738,175.86124,241.11383,1.3801512,5515,35,0.6657185483752205,1.6324869466961303,-14.788035,33.18255,-1.1547938111112281,-0.5047951139922476,3.6265352,-5.132614
697776,455.5329,150.3537,176.61362,236.50763,2.2284741,5522,2,-2.39585669054332,6.510951488784563,-27.027699,45.10879,-0.8934133457819837,1.559217047969771,28.124758,-30.129887
699284,107.90088,161.166,176.00305,237.36726,2.117783,5537,25,0.7374772296194539,1.1441950897542263,-16.429523,34.653275,-1.0302988967518953,-0.13612425327531047,30.453835,-21.572184
699459,455.3507,140.01715,176.61362,236.50763,2.2284741,5539,2,-2.4215110076553383,6.533953329995389,-27.01726,45.107403,-0.8986580901552302,1.5092121135676542,28.124743,-30.128069
699719,126.11756,257.44177,185.63649,255.3532,0.9280705,5541,64,1.345196938363784,0.8793237105447941,31.877096,5.583839,-0.22951066545529547,-0.41310908774462063,-1.234584,46.73802
700131,88.5816,161.49576,200.61586,257.10324,2.1081471,5545,80,0.6512493865146085,1.202034028045037,-16.502483,33.698845,-1.690802656367888,-1.3714674732774326,29.38809,-21.093956
700739,200.06798,324.9754,224.89374,187.5075,1.4726114,5551,94,-0.15094565858217002,2.2422092751925367,-20.115475,27.310595,-1.0633979686350667,-0.37073869688537514,20.911814,-28.196962
702117,115.79664,341.94138,250.2378,259.85492,0.74347144,5571,52,6.360068454276479,-1.6164565414460703,57.178345,-13.345762,-2.552395153013973,4.242776491334181,-32.824905,30.230263
703026,311.32898,364.14075,227.9797,236.4978,0.85581374,5586,1,0.45931777573521027,1.8158426868725392,-27.868954,17.291004,-1.1547604109906489,2.0623640635112253,-38.875397,19.21949
703107,88.2041,281.04025,227.9797,236.4978,0.85581374,5587,18,1.7140383779833446,0.7798822997615853,28.561153,-2.1942384,-1.4156961823114493,1.4430776894463861,-10.152404,3.219319
704614,127.70359,353.44495,259.22818,271.011,0.80655646,5610,53,5.66975231296144,-1.5621822880812932,52.536,-12.728805,-2.749437669270339,-4.501822215589717,-30.53782,24.041008
707889,173.44087,405.12527,187.32544,297.82797,0.40905324,5659,39,1.2164022226469349,0.8021343819476511,27.397959,32.799263,-0.08692584736574455,0.6610755498372808,21.217926,30.06267
708069,125.85832,390.82202,217.71619,292.12088,0.7507738,5660,104,3.0487283764847932,0.14315971381417972,55.91551,10.715279,-0.6109757269526032,0.8740811968981778,10.042781,38.02492
709168,92.71673,434.5565,186.68385,297.12967,0.62873787,5670,53,1.734356838979148,1.5972281815026004,36.486656,33.73809,0.7490075799749143,2.2756830882765993,15.90113,51.790825
712044,77.57082,417.8425,184.99274,296.57312,0.65157455,5695,54,1.7126915614519778,1.6253331736464816,36.53284,33.622704,0.6609028623341334,2.031373148428451,15.843847,51.417576
712742,67.48434,278.36914,186.94807,297.13135,0.5871572,5701,62,0.9348359009648831,2.002450118133161,30.329105,21.600327,1.2962064795473882,0.5309655996777398,14.068301,51.13848
713499,318.2939,311.74857,190.67047,297.36295,5.839196,5708,14,-1.0196837742641387,2.063792196894369,-5.11683,15.453279,0.048311841710261184,1.3371132974684412,14.337333,23.79667
715548,164.09293,371.99762,257.28888,274.57,0.7589385,5725,108,5.051148181403022,-1.9885571664883182,52.90815,-10.693944,-1.3258501481710714,-3.7951162983811173,-25.944653,22.784964
715645,61.081593,409.46313,209.40373,314.1213,0.7743398,5726,90,1.1858404392032043,1.589990147080369,36.532078,36.926537,0.47177799289146144,-2.5368191668321427,25.516644,45.71917
715955,83.075966,415.148,191.23831,296.90967,0.5585374,5729,55,1.6943695383036501,1.541010640484784,36.767303,33.36432,1.0646574838425669,1.6316938360888749,15.039852,52.407787
716483,345.0441,199.8786,190.67047,297.36295,5.839196,5734,8,-1.7239387347119546,3.48639305260932,-5.6906013,14.603111,-0.054467994624347725,1.8170395791318699,13.993791,23.75517
716735,229.49391,399.15268,188.8816,297.93414,6.1793303,5736,30,0.677401186600733,0.2094363165093565,12.713096,-0.80928993,0.04752383379982041,0.16534129979905865,21.559874,28.509264
718394,221.49275,279.5022,285.89594,252.64291,0.6265241,5750,79,0.9420417680179197,-1.1243575671033035,38.920235,-12.234534,-0.776166038643603,-1.901880868372493,-44.58601,-8.65434
718401,149.49074,357.04092,285.89594,252.64291,0.6265241,5750,86,1.4775665697074554,-0.6626333680238433,46.727764,-14.45626,-0.20897230648657394,-2.8951325394489404,-35.90389,-1.1103622
718547,344.85352,70.43479,190.67047,297.36295,5.839196,5752,2,-1.9156924180039416,4.367132983520638,-5.8725767,14.208934,0.007862734085433296,1.6976089817289663,13.740236,23.74178
718664,356.27063,91.1386,190.67047,297.36295,5.839196,5753,4,-1.9768039204153605,4.307094818376498,-5.8601646,14.239418,-0.038246949628211,1.773931901165372,13.787569,23.74467
720631,158.06754,308.41687,211.34427,299.3212,0.81472236,5771,69,1.8147845646802627,0.6143352632290794,34.114708,19.488194,0.3124815864182355,0.15701034575795064,16.45308,40.340557
720894,73.95127,194.94572,152.71689,275.52582,2.1014447,5774,23,0.30312401622526297,1.8223202483694516,-15.536699,34.92116,1.1156266938845456,0.05947516536629971,7.394058,-5.1680107
722351,46.581615,308.1527,150.6759,281.33118,1.0368872,5788,38,0.9726862953257925,1.827916238423745,33.002068,24.245419,0.8054121307533528,-0.49261553525429735,20.01815,40.123188
724040,63.878735,334.1602,210.56535,296.01022,0.871847,5804,79,1.8708160631779684,1.343597604557559,52.538906,14.550552,-0.1620176365351824,-0.1719759938077568,12.009612,39.357452
724044,70.20084,372.51874,210.56535,296.01022,0.871847,5804,83,2.1538274329146367,1.2363047788486377,53.335033,14.339667,-0.14540181012768857,0.2913861537277102,11.840338,39.565296
725063,132.9811,306.2009,196.71008,283.99835,0.5643335,5814,72,1.8533435290737805,0.6729270497218518,32.41445,19.193996,-0.3721208402650516,0.24337794868574036,-0.7055548,50.125225
728433,53.339233,288.03522,154.94849,284.54333,3.0240867,5847,43,0.5775552929375808,2.4259777471583575,-17.412909,28.103405,0.7685725781154061,-0.5444194722625898,22.800764,-15.613877
729273,124.52951,330.83182,185.05038,338.18045,0.9509429,5855,59,1.2479647031525796,1.4216785957767832,33.301014,22.018715,0.26464739823620453,-0.9487997318061803,21.578848,42.126865
729738,277.3575,269.85358,187.93143,224.78421,0.8195648,5859,67,-0.0370622976406773,2.7608475597655753,-29.087011,15.946129,0.34085568997762594,0.7418851797873265,39.349747,-13.412581
731955,241.73898,297.8861,189.16478,222.49078,0.84111625,5874,64,0.3757199224276947,2.0969018590474913,-29.031866,16.35875,0.7148510711370273,0.2624055841145092,39.52445,-13.271793
733244,278.23508,388.0975,216.30635,382.33533,1.918548,5883,21,-0.6460124984352796,1.7252540530431975,8.777906,18.990751,-0.6681052151240139,1.3995733373045145,34.76315,27.949162
736051,327.3906,329.00446,216.30635,382.33533,1.918548,5902,16,-1.3078101915742362,2.7234949873963834,8.407626,18.160095,-0.9554547502844987,1.7319389360780786,35.333355,27.972868
737438,270.31125,185.26978,185.87672,220.80879,0.8065151,5911,71,-0.1450463901860395,3.17162686818845,-29.210897,15.5680895,-0.13118883056085323,1.1173598944722922,39.105835,-13.671757
737729,273.72824,295.79984,190.96628,237.98921,0.8220957,5913,66,0.20203454694358736,2.2997895164023516,-29.070787,16.27018,0.41349133425023843,0.3467438854778966,39.443245,-13.214432
737814,336.26932,112.23332,216.30635,382.33533,1.918548,5914,3,-1.8963695238135547,4.535048835106177,7.817868,17.400015,-1.3046465105685203,1.441702089877697,35.887974,27.900534
738388,85.64556,375.11826,180.9582,373.06653,1.2402406,5917,133,0.7779263006162132,1.9807786734048234,19.617708,42.679413,0.6430151128644227,-2.12873320849683,38.21416,43.877472
738581,211.9331,456.42288,216.30635,382.33533,1.918548,5919,30,0.23244824827335542,1.343631052595425,9.115251,20.267849,-0.8829438988932191,1.0654334758715853,33.63996,28.006739
740207,231.03236,441.7212,216.30635,382.33533,1.918548,5930,28,0.05998881325214324,1.2754642928642372,9.0749035,19.972683,-0.8122361631760905,1.2021914529656628,33.942486,27.915659
740592,186.32564,287.0897,240.06752,271.10144,0.71679306,5932,117,2.872157960641043,-1.095389524206323,39.580746,0.61273295,0.6790460966286679,-0.8563864528503972,-10.174031,48.14761
741232,313.40338,341.1218,216.30635,382.33533,1.918548,5937,17,-1.1439717693249996,2.452631896848774,8.480832,18.38166,-0.8485774329806602,1.6648712292980818,35.23953,27.994524
741867,197.89583,281.0879,249.85913,251.591,1.5775605,5941,60,1.1592870024247706,0.029857352956931295,-16.013113,-2.5904856,-0.5762086483381106,-1.3509261133392254,17.029535,-12.951124
741914,117.779015,230.92365,235.79128,73.559525,1.6073779,5941,107,-1.2698952982940281,1.468193609374532,-37.64026,41.913055,2.9410290645666524,-0.1788818117272406,41.287155,-28.75209
742314,228.39607,291.88046,174.58725,358.5712,2.10303,5944,63,0.19704895817583357,2.6174590671387596,-5.638347,23.196833,2.677980566811772,1.5196232501527192,56.909084,4.7826524
742665,178.65935,223.72064,216.9633,290.4307,1.1948425,5946,118,0.715821278081868,0.6308498131097315,41.385406,19.020601,0.10076451962015706,-0.2137871991905433,15.073079,30.347542
742826,39.194233,371.44208,195.18956,242.36868,0.43337306,5947,131,1.3029521660826329,1.6962351858739204,25.443525,23.70504,0.4502977032814441,2.0755307926689777,-29.705322,42.133698
742975,90.75463,422.25302,134.65733,60.507233,0.94299996,5948,132,-0.667549582685041,2.3749920141514114,-36.673546,43.200607,5.812163146693528,-0.7011038182217894,40.675865,-26.957348
743130,249.41179,381.8484,227.94635,448.1218,2.579497,5949,139,-0.5144244277071787,0.789908591285427,3.0639052,7.8137436,2.505357663487131,-0.4564715918440017,24.606293,-0.5688419
743899,258.3559,396.59055,216.30635,382.33533,1.918548,5955,20,-0.3157529678295106,1.3393408880701565,8.932659,19.39421,-0.5245173988781938,1.2571688520375868,34.583157,27.961674
744515,402.15057,320.71878,367.6551,334.43112,2.3501794,5959,44,-1.931951219685228,-2.2603840774509933,-28.203697,-25.650938,-0.2926144450329285,-0.17773760580896752,-3.8230276,-19.22478
744670,148.69325,310.435,255.46597,265.46344,0.9133809,5960,92,4.858479157884699,-1.5801207029501363,51.403893,-10.741822,-3.7625300669753066,-1.6774444842587817,-33.14305,25.904606
746181,153.79893,358.14465,261.0357,268.6587,0.89093536,5974,105,5.810815022139552,-2.2587544360936933,53.78662,-11.474115,-3.9318772788683147,-2.8302967301503705,-29.792025,23.876888
746483,122.951355,252.4787,259.124,267.1986,0.9730952,5977,86,3.625675297713873,-0.6302886285341076,52.815228,-16.69587,-3.937037688532576,-3.422861467420768,-34.203167,25.795355
747619,398.25977,312.5646,365.46094,328.6552,2.2697015,5988,45,-1.9608682889128621,-2.3436099831422803,-28.270355,-25.513193,-0.2754235872152669,-0.18253425470082701,-3.8505862,-19.246063
747640,276.55844,230.1648,275.85458,266.5798,1.1704625,5988,66,0.5660467781064425,-1.8926030442361048,-1.5738806,-57.22399,-0.8250956737840766,-2.1509067982964853,-47.3717,-0.31657714
748404,134.25787,168.41719,251.83084,260.75787,1.0497682,5995,81,1.391973828781805,0.5448636401305568,44.875237,-7.567581,-2.2052142893469475,-2.0594809187683856,-35.412457,26.634113
750030,130.10435,352.82858,230.82773,247.58171,0.6509463,6010,102,4.22000172174865,-0.7071188556575823,55.016064,-4.8014555,-0.8971271540318654,7.414523289633636,-33.435265,41.454292
751185,158.44289,143.4524,274.26053,266.4036,0.88341916,6021,80,1.2247586900697998,0.10910513580803943,50.03201,-19.662975,-3.2081941984135542,-6.182641372332371,-42.728024,0.23828186
751363,408.83047,317.67166,369.7214,338.7886,2.3071797,6023,44,-1.9684143886291299,-2.2517530078746115,-28.032257,-25.656155,-0.20149816468585896,-0.2947214784440675,-3.5655973,-19.512468
752301,372.87274,465.35962,363.19745,438.74298,3.2485194,6032,19,-1.4409067014026513,-0.9624609659945901,-14.920646,-22.671223,-1.2255502698084437,0.8664804179291272,-1.1902481,-15.189428
753028,134.80945,366.42975,211.56389,247.24905,0.42539957,6038,104,2.6349901312663127,0.10294529888207832,52.498997,-2.4799902,-0.8987944187028215,4.440594775450578,-30.349901,41.77685
753334,156.03017,332.41327,337.26825,432.8374,3.4067063,6041,89,-3.2926488971245713,-0.21428325781492438,-7.6744795,2.9840698,-0.9938687289409596,-1.5562753756406313,12.194498,-1.0794656
753873,168.21338,364.97815,323.24893,226.0523,2.8390346,6046,93,-2.831072955793913,0.21067461421783412,-46.56974,13.588381,-1.9813350512926826,0.5775457282682881,16.607742,-54.00575
753943,362.87177,260.4008,373.79144,377.18347,2.3699362,6047,56,-2.4145888674022404,-1.8743406698374845,-21.291046,-22.962984,-0.25935739733090335,-1.5801692267306784,2.0151439,-24.810894
754296,31.736725,320.84055,330.81122,224.21303,3.2873096,6050,88,-4.041881244201916,0.4241331923905336,-58.196377,1.5621827,-3.8141229392486844,-0.2999601971976942,15.984664,-54.849583
754303,65.425804,349.4491,330.81122,224.21303,3.2873096,6050,95,-3.966973017014111,0.3525681753281112,-58.20201,1.5508955,-3.823250205695738,-0.20192996953038,15.997516,-54.833107
754491,171.59875,208.23149,383.79736,317.55243,4.2760572,6052,69,-5.9124305010420395,-0.8169771255235178,-24.794016,-13.78149,-2.4695412994972403,-2.1171887567235066,3.0564866,-37.13109
755719,172.03429,480.55707,220.24321,327.48453,0.923345,6062,101,0.4360807951964062,1.2105821883433387,24.641241,37.268936,-0.14355568397569957,-1.4729545543724623,26.851019,44.45321
756420,241.23917,379.1754,205.14496,309.28647,0.78391194,6066,122,0.3497172352267575,0.7712355855575748,20.717976,34.05402,0.5679788420295723,0.12404308506570673,24.213396,34.95068
756814,291.98795,293.75977,127.254654,215.96173,2.7720227,6069,6,-1.1381969578227125,4.931068280603048,-30.507172,45.962082,3.3630339223902026,0.5484561242671049,37.266026,-21.371304
757294,98.261,403.75064,200.01068,305.27264,0.74645877,6071,146,1.994562127582041,0.9200970281672171,36.739136,35.446384,0.06045033231615551,1.4858125636988184,15.164243,46.83197
757855,87.599266,73.05642,127.254654,215.96173,2.7720227,6075,27,0.0017968822991550892,2.347388314671298,-19.143187,37.15288,2.1369862686703343,-1.3733896043973026,36.03505,-21.01332
758763,104.70089,366.26205,217.6992,266.96387,2.7657955,6080,85,-0.3727147653157412,2.42261773499634,-19.72992,24.877346,-0.5904468826447351,-0.8840083504251636,21.715374,-20.646717
759901,65.677734,103.723915,131.5702,222.24199,2.7395914,6087,33,0.16417821598439558,1.9117814725043218,-18.833555,36.936134,1.8727506818809057,-1.639871363146546,35.82844,-20.876698
760450,132.08073,270.9992,218.05484,330.69705,1.8875701,6090,72,1.215500062310755,1.0372222871083983,40.41712,21.597021,0.1503257303614972,-0.9394323983031424,33.494797,54.662434
761019,213.666,448.03186,198.99103,311.44373,0.7383922,6093,131,0.5663417794568533,1.4265391858185716,25.232409,34.862896,0.3667438737284422,0.6687064391449138,24.025875,35.06708
761663,63.592823,432.19693,215.96283,269.6505,2.791601,6097,95,-0.6656685135945815,2.7807024755616956,-19.71894,24.84106,-0.49419618797520926,-0.8604387460946584,21.846996,-20.607101
762839,91.63317,324.2058,204.70775,327.28394,1.3316511,6104,81,1.5791482819236218,1.2781053833640095,38.306034,21.241661,-1.0241104750438068,-1.6733979876377183,32.21884,53.2417
762887,225.81407,405.80124,193.86052,334.36652,1.1644963,6104,129,0.33127582220856966,1.3468832457211024,21.605171,35.82628,-0.7352042731828441,0.0918605553938641,26.38562,39.038643
763304,79.04723,122.82777,143.739,241.30264,2.6842444,6107,36,0.340614011892849,1.6698311873875493,-18.648989,36.44038,0.8881440614963363,-1.3054337025137597,35.649242,-20.455196
763538,150.41571,479.5043,214.34885,350.48743,1.0195088,6108,100,0.4006217556062431,1.376774769029147,24.549965,39.51412,-1.8852564655503756,-1.199447632520343,27.774933,43.680744
765236,86.20317,465.53476,211.47751,251.14845,2.7063522,6118,98,-0.8943647805935072,3.2140903141637045,-20.33418,25.237593,-0.9555408159490036,-0.7576360006296866,22.134802,-21.933918
765637,146.63365,355.23032,218.40752,265.21027,2.7912233,6120,159,-0.290958355584689,2.2582133498078734,-19.858395,24.693983,-0.6427132080308193,-0.5578413643156633,21.504192,-20.79735
765904,126.59698,361.43658,181.53276,391.62247,1.5811238,6122,86,0.5918770286740013,1.8961173552568749,20.048445,26.118942,3.47430601537307,-1.3223074290813976,53.576176,25.968374
770107,82.93798,168.41966,151.31459,256.5239,2.7727325,6147,39,0.34240599254261206,1.5775214964753497,-18.131613,35.37441,0.3954567780853749,-1.3278188834462668,35.444843,-19.959572
773042,98.46445,129.14185,178.93953,211.19406,2.1033502,6165,30,0.6455966596342512,1.1131021082363637,-17.585745,35.646378,-0.44193041408988304,-0.907261228638259,31.485413,-22.51527
774691,118.103714,258.7707,254.63539,248.7801,0.73658484,6176,128,3.6038287660616657,-0.8540183738769409,55.589417,-18.994553,-2.119125812712309,5.048734137413905,-44.39415,30.772001
774817,138.09746,373.04794,235.72855,259.28015,0.6188958,6177,113,5.542967961277538,-1.3653459200734246,59.798786,-6.8603673,-0.647648349428486,5.94361845232788,-35.700844,43.562737
776034,107.543526,275.2769,187.30804,242.35054,0.8254578,6186,61,1.4454715791986088,0.8157620757096666,31.07136,4.6870217,-0.7597964031762858,-0.8480799446742396,-2.8154547,45.166206
776762,167.46913,278.2219,218.37337,260.34256,0.645349,6191,84,2.314171566396699,-0.4901456477010375,36.929676,2.547143,0.6491318226684482,-0.20237831760622993,-7.1793566,47.649536
777055,181.96199,271.7955,232.91055,253.07184,0.6241198,6193,95,3.075152240244106,-1.2212595455174096,38.837517,-3.425494,0.7856059256710501,2.3376213163457327,-13.847272,40.59519
778375,240.92441,60.470856,178.35867,211.54848,2.9998143,6203,5,-1.3787372595119585,3.2438824404195157,-25.12392,37.91595,-1.2808690974413766,-0.7995840695602526,28.544083,-25.580278
778631,148.45206,338.90637,218.36003,234.05533,0.34965232,6204,120,2.169730369210746,-0.09195680014198812,52.406433,-4.051521,-0.8052384675926426,4.5448624897799705,-31.118076,40.5674
780157,191.9309,275.7389,246.3277,276.39313,1.000261,6215,95,2.0658948139150164,-0.8130567798899802,39.825195,1.0809398,0.32623384419623047,-1.8363923375955544,-13.585575,5.594096
780742,162.09908,355.20737,240.16133,244.96751,0.5814373,6219,116,4.591543164542813,-1.5483769661633309,55.74108,-6.0157595,-1.984055121735834,7.956069060066487,-34.425262,40.278778
780755,126.715195,235.6706,247.55664,235.66579,0.6026888,6219,129,1.3175902235059136,-0.18125636069638906,48.703205,-22.941992,-0.45562300486256896,4.68624611856845,-46.016415,34.107555
781967,134.78017,293.68933,188.92203,298.1851,1.0689753,6228,72,1.5612948691131074,1.2281971164806722,34.5382,20.721611,0.45706149489865694,-0.519299899910742,18.149864,41.02175
782006,128.60196,358.0684,237.32845,315.45636,0.93999106,6228,111,1.9059273222415403,0.7451829964534393,36.93857,16.727476,0.3229777453577448,-2.826247679113377,28.938534,49.711525
782163,115.797104,271.09665,263.7107,255.11581,0.8472076,6229,127,4.002966174284945,-1.075423552962112,53.77888,-18.616613,-4.12444415257857,-1.8508283316467717,-39.366554,23.903376
784445,191.68506,100.85867,178.32527,211.5507,2.9892304,6246,12,-0.2769645873790507,1.7613416962098198,-24.221554,36.635284,-0.9195862747898135,-0.6191580892676452,27.975657,-25.631931
785505,193.38701,282.4185,144.40218,363.66263,2.4465423,6253,85,0.2958441471355853,2.856214632903547,2.7120357,42.51046,4.843407229067531,1.5564651712279223,57.874035,4.4385076
785823,138.61284,425.5507,178.47906,215.3272,2.9515805,6255,121,-0.6710602696648432,3.1748557294492343,-21.077335,26.286386,-0.3861728814972462,-0.5841289589824646,23.415152,-23.779654
786047,72.238335,262.14777,178.35867,211.54848,2.9998143,6257,63,-0.13710682994511433,2.506232913914147,-20.954796,26.55529,-0.6031502180570083,-1.782115920085008,23.507797,-23.613123
786309,48.439396,205.8599,177.55199,215.02924,2.2576418,6259,43,0.4394325716692462,1.937034228635422,-18.076696,34.884697,0.7423198401550367,-1.9586519708654746,32.78703,-23.160347
786857,123.85123,305.348,235.3692,274.44196,0.7782981,6263,74,3.372174103669612,-0.31794628486105325,54.073166,3.3095264,-0.40806397497815217,-0.10291651864529662,-17.305973,50.381172
786923,136.42377,248.95982,202.0659,246.7551,0.7573298,6264,46,1.3291244596076586,0.3993967441199859,32.083035,3.3091588,0.7910047408917693,-1.7348854989485183,-5.556799,44.966732
788625,162.45332,264.44992,215.61632,254.68924,0.8013502,6282,56,1.655193647829989,-0.09994840981004591,34.765823,2.2412076,1.3179122873358768,-1.1879379031063848,-6.812908,45.660347
789293,177.28224,289.66266,233.95375,273.40613,0.7585873,6289,66,2.6520653405452705,-0.7140150442907139,39.251633,1.7874475,0.2738611413704125,-0.4611419560913084,-8.7353735,48.49119
790379,110.04713,204.41489,182.62827,231.15585,0.6095781,6301,24,0.8380322224626714,1.0306545187940694,28.515053,4.1575108,0.2768486625927133,-0.9710932189477328,1.0608588,-11.061122
791345,146.96721,253.2886,201.9881,244.46274,0.7797317,6311,50,1.3471688224171887,0.3069291098277789,32.465534,2.8237069,1.1175796153903808,-1.8698610008308023,-5.9727216,45.02066
791589,67.80598,174.76363,144.1314,211.95856,0.2961175,6314,12,0.3150611244071701,2.2609672443668107,-15.711838,42.291473,1.0689009314668376,0.7072994430631372,2.0310616,-11.352415
793403,119.157936,234.2577,140.04791,250.82861,0.08262883,6333,40,0.6971225215460328,1.9143279898804941,-2.8836448,40.998276,1.4104414717324063,0.007907759978268751,47.74553,0.42662498
793655,70.25233,169.43008,144.1314,211.95856,0.2961175,6336,10,0.2837513503710496,2.3852489047107848,-15.774802,42.31782,1.0536446813758116,0.8582959938168623,2.0593007,-11.359368
793902,177.37407,289.04492,247.39098,291.16858,1.1024264,6338,69,2.05550894700481,-0.23902832787417858,40.632545,2.3442082,-0.13319549102034106,-2.0931668714625493,-13.6499,5.417749
794206,181.38017,354.35815,288.0895,271.7236,0.9728058,6341,91,2.6551021807216992,-1.720839398267342,47.863728,-13.744213,-2.0339117862956337,-5.281188430099056,-28.049732,18.14004
794560,182.55132,314.42758,247.69324,287.8458,0.66152805,6345,69,2.274432671023564,-0.40061436999351735,40.870205,1.8205374,0.32840504868139203,-2.851445460547514,-12.755625,47.920692
796437,368.93893,305.08658,307.24362,245.07854,5.832719,6366,29,-1.92619168515182,-2.4840282779812557,-45.046513,-23.354256,0.1520689033324623,0.034403827664114886,-2.460136,-12.955996
797782,415.50546,233.33655,330.19376,221.33505,5.205822,6384,24,-2.6540101264264626,-2.8572994820984388,-41.496414,-23.6356,0.20554870532078637,-0.291833841834705,-1.1294799,-11.121202
799112,246.42256,154.66466,333.47858,211.45457,4.858361,6402,4,-6.703433729545659,-0.9785608126171778,-32.867077,-13.483021,-1.2741064679991605,-0.43295266112719666,2.3220234,-48.17479
799484,247.72487,172.49196,333.47858,211.45457,4.858361,6407,1,-6.6283207169552805,-1.028848398463093,-32.869144,-13.505893,-1.2890681298851085,-0.37898775782120364,2.2733183,-48.25353
799497,390.5211,90.757645,333.47858,211.45457,4.858361,6407,14,-4.255523463661633,-1.642765420374048,-39.330975,-22.370344,-0.6956778214990642,-0.0689775620331468,2.6463358,-47.708702
800517,385.8234,343.92007,303.72104,230.4961,0.9551956,6420,59,-1.3609047516770307,-0.7690325136616215,-2.9918551,-43.445297,0.6251104830307381,-0.3612062016421235,-23.693058,-10.79794
802735,378.71375,261.64435,314.1793,247.17648,5.388245,6450,27,-2.380907518092996,-2.8109392098882657,-43.649345,-23.837051,0.5763800549768284,-0.13599001154861537,-2.1850119,-12.140091
803611,236.27124,173.32382,333.47858,211.45457,4.858361,6462,3,-6.805968864495754,-0.8934257885463837,-32.857574,-13.531061,-1.3314081586457027,-0.37751669090546564,2.2617414,-48.264896
803613,249.19048,145.60768,333.47858,211.45457,4.858361,6462,5,-6.5980880780570486,-1.0217339842279778,-32.8762,-13.461543,-1.2498865357012965,-0.47675212770989556,2.3413866,-48.1503
804639,68.02127,303.8229,176.21779,305.28973,1.303926,6469,76,1.1824882802625267,1.5665654432573863,34.420933,23.651402,-0.5705419537836893,-1.0260958387884764,19.437052,42.47515
805457,85.97875,373.42392,177.56543,308.27158,0.6317745,6474,89,1.6384939661824374,1.1322295993185745,35.05008,31.536514,0.564607559375393,1.0416210990680939,16.240591,48.893642
805751,130.31,187.01192,175.3758,300.38614,1.9214406,6476,61,0.38829449102668,2.450210806887397,-8.731501,29.08202,0.0646586393003162,0.4968616149821822,34.051758,16.255579
806686,214.06163,408.9413,170.72543,391.33234,3.2053704,6482,30,0.30663720812180695,1.2870883400990565,-2.7904043,22.592697,-1.4643163351888255,1.391406072266021,34.55416,22.955048
807139,381.0,387.0,135.45082,420.04376,3.7453742,6485,0,-1.7133857557463452,5.337039719960176,3.2341473,14.958415,0.8337065131518581,2.212654756946549,34.422237,25.77026
811189,179.905,448.15295,146.1556,415.3399,3.5926828,6510,25,0.51624878729704,1.6730365511875587,12.731125,23.138088,-0.25166372627858313,1.085769210688386,34.546852,24.954361
811624,148.27173,352.7732,190.56673,319.2848,0.31171584,6512,138,1.3794247154075236,0.9999150100174796,31.73677,17.842983,1.2359001819187156,-0.9433756185073273,9.960184,50.04016
812246,91.96625,305.5617,186.38185,374.72412,3.0595539,6516,116,0.7473519286231448,1.6945109028510918,-2.0227897,26.881487,-1.8057960951958472,-1.1799895808195386,27.1602,17.955313
812873,70.19923,263.5857,166.67537,284.20703,0.6842589,6520,99,0.7962835322319347,1.8910244965509952,30.468016,22.990524,0.7406382142174261,0.16154752801830574,19.615108,38.916077
812976,238.02458,305.94925,189.5054,335.63065,2.3255847,6521,41,0.22806701671032348,1.5994322899582556,-5.9465065,22.559002,1.2347297005322677,1.5387572516400474,36.762314,19.587963
813021,99.50489,381.2109,182.62097,318.82712,0.6355353,6521,86,1.507028996934338,1.0230020237582098,34.83546,31.427008,0.28570543183609776,0.1413342127780267,15.886615,48.603283
813511,62.968727,295.83252,173.00258,301.3811,0.603774,6524,93,1.084021001898157,1.9770458833165656,30.37367,22.312702,1.4988138705270024,1.0871419772984703,15.501861,50.02834
813556,136.2028,364.6937,241.93413,281.13782,0.8716793,6524,138,4.784310990850617,-1.2357089894944127,58.798317,0.007927563,-2.1330742606112048,-1.5863505301564442,-25.613514,25.323195
815952,45.09701,350.05527,183.75258,316.79242,0.7744931,6539,119,1.06694552348834,1.6525801632679464,34.76986,33.164917,-0.06225216587355679,1.1538063664041511,17.730326,48.53479
816498,165.12839,472.00177,135.45082,420.04376,3.7453742,6543,21,0.3994805414267969,2.4740372764729592,12.878275,23.097792,0.7956168740667059,1.0079764990555509,34.554005,25.170843
817047,127.32128,391.73553,138.11021,444.39935,3.5263205,6546,87,0.368138942971877,1.8219766254507825,12.595519,25.559162,4.681597899368159,-1.4854254036511543,53.870983,25.777252
817364,84.48953,370.58188,148.16602,411.20602,3.5533822,6548,82,0.7653868799278055,1.9554436287678407,13.480899,24.654102,0.17773505472974677,-0.7856784970992485,35.60066,24.763872
817797,227.90392,387.42093,155.97072,374.61188,3.211801,6551,32,0.2848354071476347,1.5608162186472279,-3.1210287,22.45496,-0.4979822113850826,1.7532402785701358,34.935944,22.305132
818319,11.229369,262.3889,100.983604,163.56651,2.3745012,6554,71,0.004927999214971127,2.2876603499250683,-20.342068,41.438007,6.671228857547234,-0.9486723424602698,40.559612,-26.09664
820308,294.13068,389.53076,266.16675,276.53342,0.8824927,6567,79,1.9490687429762605,-2.2133997685298468,16.024706,-43.300182,-1.7160469565377787,-2.207789991682963,-40.6749,12.54133
821607,109.76745,238.59439,180.24846,203.84448,5.9958816,6580,13,0.973033901322978,0.6962411668430568,-30.42411,28.64465,-0.0772107893735807,-0.7179320605195356,11.816225,-11.932265
822412,245.67403,363.78873,266.2651,275.32944,0.8748532,6587,83,3.1508463569830223,-2.8073347519506613,22.24189,-37.110775,-2.040442896062388,-2.000469145174907,-40.33206,12.769418
823476,245.64491,322.77444,262.46805,271.43265,0.90400565,6597,97,2.5459356954680623,-2.695726496829585,19.404867,-30.855213,-1.6495822338915869,-0.12232470711827685,-34.885456,12.693693
823827,212.13864,207.10864,290.73334,206.00104,0.29483047,6601,28,-0.6359395595664306,-0.9783893612307062,-49.76128,23.728039,0.7344636585953215,-1.449514282449849,-26.437727,-40.66923
825942,338.03333,194.93692,286.07556,208.3732,0.35260764,6621,43,-0.8406511983690219,-2.704277000485998,-20.723959,-47.38206,-0.08909386001696751,-0.6447070927770218,-30.31421,-38.029037
826396,326.3668,398.4566,363.90488,445.39343,1.9569427,6625,77,-1.4830537230964826,-0.715485812376343,-15.047595,-21.425222,1.7734614521704544,-1.6504897749427276,1.1855562,-22.642553
828492,333.84033,346.43045,331.406,399.50803,2.592018,6645,73,-1.490016846410351,-1.3703751669314932,-17.428173,-21.530382,0.9688143582689064,-1.0091597685053477,1.0662373,-23.178574
828506,228.69305,348.4358,249.37498,456.69232,2.642147,6645,87,-0.6778523391072123,0.8938219470172736,2.704279,7.211495,2.677401380653244,-1.00591024249415,23.800108,-0.41650108
829635,295.04077,321.38943,298.60287,123.033875,5.6319513,6656,61,-3.1465318012856334,-0.7326821821390762,-57.22857,-3.6320488,-1.419893012795109,1.0883571465686952,6.6399364,-55.9265
830023,220.10681,200.76901,298.51242,220.30379,0.51494575,6660,29,-0.7406033929100495,-1.2041065061296794,-49.600323,23.297375,0.041567368125000524,-1.441088643391598,-26.477068,-40.635708
830409,178.94739,334.15567,405.09113,290.26215,0.72763014,6663,100,-3.875413850835425,-0.6501928581915948,-23.711714,-12.946775,-1.9091155354327138,-2.1956704109624945,1.3082488,-36.303513
830549,137.78546,163.10738,180.24846,203.84448,5.9958816,6665,30,0.46278646746969365,0.7015897768495158,-31.872845,28.875122,0.014960763646202989,0.31734061001627495,7.766806,-10.109271
830794,256.36526,391.1594,150.55089,247.25438,0.2366672,6668,4,-0.364410368641686,4.387822360824502,-4.96221,36.680805,0.8716765273399208,1.2189812202608612,0.3397185,33.270485
830999,184.205,271.4439,231.66982,245.92747,0.49062753,6670,43,2.8760184808971623,-1.0810335424698692,38.52766,-6.056683,0.04185898251794968,3.0192650639262704,-14.124401,38.932213
831089,201.86986,270.99283,251.23013,248.9673,0.5637936,6671,50,2.757134401840339,-1.394670648793794,38.711216,-7.2080603,-0.8426847409276972,2.6449636880025142,-13.921916,37.619926
831960,196.6178,431.53223,150.55089,247.25438,0.2366672,6682,8,0.11409260593776473,3.7525832305290243,-4.9054165,36.6696,0.890669329663106,1.322060808622668,0.1655081,33.50302
833425,159.09384,398.23526,256.9041,249.83795,0.6247752,6699,62,4.557959550941574,-1.6844472216763626,26.480492,-35.730366,-1.6163807274123312,4.083475936949229,-41.49682,34.329063
833439,231.618,359.49878,256.9041,249.83795,0.6247752,6699,76,3.5915038335056733,-2.542480835372206,23.722223,-34.871323,-1.8211370379368876,5.214755679541444,-41.19684,35.142933
835028,252.27803,407.83072,150.55089,247.25438,0.2366672,6719,5,-0.3448561720519586,4.361054759603799,-4.953637,36.677963,0.8935352810229876,1.2906491487984533,0.25937027,33.342323
835319,189.78348,265.95306,239.20905,244.03116,0.56401044,6722,47,2.92715183004066,-1.22718904279293,38.50058,-6.341683,-0.21123868176502802,3.622032925644317,-14.773054,38.433735
835689,252.4988,375.0309,150.55089,247.25438,0.2366672,6727,2,-0.2763126422514468,4.282265187184181,-4.962807,36.681858,0.8231972058981737,1.0678546128950488,0.47835246,33.199062
836927,218.58867,347.94983,247.85014,247.52113,0.6385617,6741,78,4.006877241042292,-2.300408970914277,24.155048,-33.624496,-2.15869002713686,7.759524235132352,-40.52341,36.28128
839780,282.7568,151.42184,277.2097,167.84009,0.85953444,6773,47,-0.8926418671775944,-1.6990905202684556,-40.02283,7.7238903,-0.06686266661405474,-0.33239092088515354,-18.258059,-39.957443
840382,294.0898,136.62164,292.61624,159.6202,0.93051404,6778,44,-1.2649809342012528,-1.803997047758923,-41.02512,7.194999,-0.0458733380304755,-0.252843875790189,-18.059818,-40.109688
840967,430.7315,143.65541,393.0598,182.99913,1.9342842,6783,24,-1.8790349688529036,-1.461141990531144,-56.320488,-10.768231,-1.1224534526017402,0.4283904518919916,-3.5061183,-59.79061
841946,359.34683,123.7895,350.2881,155.74854,1.391445,6791,35,-1.7056166751174977,-1.6061846121641692,-47.203274,4.33346,-0.3384795797645161,-0.10662360675390958,0.05206464,-43.994335
842759,440.9426,412.8008,393.0598,182.99913,1.9342842,6798,1,-3.7127025189122436,0.28642049121932417,-57.769512,-6.8096027,-1.6818878662324641,1.6695388455640068,-4.057416,-60.15038
843362,195.11472,254.35156,247.49673,240.83205,0.7311748,6802,120,2.383854092956718,-1.2639536998513758,38.116734,-5.569709,-0.4699396067274008,1.9918061987938056,-16.88017,38.381706
844388,243.35828,167.54367,248.16675,191.38348,0.72130066,6811,57,0.04166407605024089,-1.0788528324573263,-36.600433,8.509137,0.25594706875030593,0.0053490061031633215,-20.342388,-38.268173
844768,239.74385,211.27803,221.49051,214.34578,0.88339764,6814,74,0.3738880491255205,0.24374522588334657,-33.877308,12.089011,0.30232312908438375,-0.5029092767621242,21.791176,-36.02258
845723,222.28731,186.35747,216.17094,203.1112,0.8224843,6822,61,0.2955026237476471,0.21267831229205014,-34.294903,12.1117525,0.039900052502279314,0.10850677021983039,22.721083,-35.6496
845789,434.99054,358.49054,393.0598,182.99913,1.9342842,6823,6,-3.4240291500429074,-0.13093212361417508,-57.714123,-6.844076,-1.603386364710758,1.564163204493255,-4.038136,-60.138626
846969,132.53305,217.27518,220.44931,215.89984,0.82484704,6832,97,1.0156197981189334,0.366399520963142,28.200132,-1.3017452,-0.3794664392934789,-1.0687283717391078,-6.905388,-1.7739792
848525,226.25958,200.95209,215.48122,220.49007,0.86945385,6845,80,0.3843000831558449,0.5037825817635319,-33.5291,12.365381,0.20544249839667308,-0.3970857766814749,21.706043,-35.93963
849348,234.78932,153.03152,264.33444,184.69826,0.38471448,6852,56,-0.49886657531911766,-1.4415239824020312,-47.43705,25.19472,0.08480870498681545,0.21479487183030177,-31.336548,-43.29756
850307,313.31534,128.97743,392.73868,183.84752,1.873206,6860,47,-2.4858811040231124,-1.8544163283117405,-52.546825,4.687705,-1.8656604434820212,0.1706665727729873,9.687852,-53.12969
851831,242.94633,153.54883,149.69473,396.14294,5.120443,6872,7,-1.8869624130220473,3.551176048340753,11.842779,7.210371,1.5330684466653552,1.8325467231435284,43.73905,7.0393987
852032,154.0325,413.62497,139.8441,361.54593,5.4296017,6873,59,0.7015314425577779,1.3272210328684217,18.877375,16.725924,0.41074513945150104,-0.005791193591923198,9.325517,47.190624
852058,98.91162,316.23877,157.41336,281.86575,0.18776864,6873,85,1.4274046000485625,1.389879986560301,28.82447,19.435081,0.7735497264778632,-0.337511966203891,5.9014997,49.477913
852121,150.56055,349.079,255.1457,263.72177,0.8638297,6873,148,6.079832058890614,-2.253127353941081,55.63091,-10.155168,-4.217880062361328,0.7492834089556866,-30.849407,27.241873
852212,109.24834,302.0142,166.31339,274.35782,0.3340912,6874,90,1.4147998507823303,1.1108125325804585,28.82454,19.93997,0.2808789602093629,-0.49151217776644873,4.9640346,49.031857
852440,325.64883,357.83853,149.69473,396.14294,5.120443,6876,20,-1.6405256341076317,2.2633493101988975,10.808105,6.878134,2.0531923538910095,1.940864629690804,42.726917,7.0919776
852908,238.73169,487.8777,149.69473,396.14294,5.120443,6879,41,-0.5790963264194853,1.6113926200560091,10.431249,5.8886786,2.2581409048634544,0.9866890366974933,41.93651,5.9484696
853128,163.64726,281.5627,215.72691,267.6115,0.7229657,6880,112,2.107171535047159,-0.23979533089230237,36.578827,3.6196675,-0.04484954728481083,-0.0056739869137185615,-6.0482044,48.81976
854511,234.59735,142.30376,149.69473,396.14294,5.120443,6890,5,-1.8576470249504038,3.6307383073411366,11.873887,7.2156196,1.4766172118316088,1.8604183362242086,43.74254,7.0190315
854636,96.90196,329.40466,239.6171,277.55124,0.899534,6890,130,3.6185448240079605,-0.18948116854684058,54.505966,3.2098916,-1.4401219525259281,-0.969319827897155,-26.103529,29.932926
854822,324.10464,328.68042,149.69473,396.14294,5.120443,6892,18,-1.751561323107505,2.4147573961593882,11.060226,6.8634133,2.010870745505471,2.008939363621227,42.8225,7.390863
855218,179.74667,287.22253,232.60309,276.198,0.7777657,6894,116,2.3808066828528527,-0.5662871243153189,39.248035,2.0587044,0.17445196422323073,-0.5035311129075134,-8.240823,48.66884
855888,235.43904,487.5623,149.69473,396.14294,5.120443,6899,41,-0.5572658178273359,1.5497549929985888,10.389459,5.8654914,2.286157609099911,0.9411092786481667,41.883327,5.958911
856091,119.26938,275.79993,183.425,264.77298,0.58395654,6900,95,1.4232293595111971,0.7575952340107335,32.634705,5.979843,-0.5422483533234693,-0.6473319064148335,-1.1878438,48.650898
856552,159.33847,284.6206,207.80252,260.93106,0.52918947,6903,109,2.131810754937559,-0.16804319974704435,36.39341,3.2699893,-0.12173164157984287,-0.1221050875689295,-6.07755,48.266872
857072,306.67633,481.31223,149.69473,396.14294,5.120443,6907,33,-1.1315488068540924,1.9921909420308666,10.667618,6.3034406,2.192087565278839,1.5380894086042591,42.319748,6.394296
857904,182.27147,285.05872,234.65837,266.35306,0.64951783,6912,120,2.96941207012578,-1.0703673629847807,39.24232,0.40254295,0.6706984424163885,0.06928256261498394,-10.153356,48.13414
858990,301.23953,261.31384,149.69473,396.14294,5.120443,6920,14,-1.8686766368621008,2.814607441666386,11.386612,7.016075,1.8762883586944215,2.116801653794534,43.2807,7.4066625
859147,331.0203,386.7658,149.69473,396.14294,5.120443,6921,22,-1.5495025024451783,2.1545774811955596,10.653265,6.8201213,2.0823021990545407,1.8824837828538947,42.427887,7.192963
861066,234.12666,142.57803,149.69473,396.14294,5.120443,6934,4,-1.9237267650356131,3.699311665021412,11.891767,7.2328715,1.4365817828374483,1.85974968378078,43.74783,7.0141516
861102,244.86969,481.33182,149.69473,396.14294,5.120443,6934,40,-0.5861497231852245,1.525581308463763,10.307619,5.9362016,2.251967831961393,0.9983766958423225,41.744976,6.176109
862099,142.01341,369.67947,247.65411,285.86328,0.8993282,6940,143,4.460566420133067,-1.2321842728408499,57.892982,-0.28394464,-1.3892083565245161,-3.5443919545999703,-25.631319,24.029345
862195,82.58474,304.36755,160.8714,317.81927,6.2576594,6941,90,0.9310819576479726,2.230025753334888,28.650824,17.369534,2.3071058166527703,-0.5320955834416646,8.622584,54.01063
862337,86.78437,321.17932,155.53609,284.18176,0.1062919,6942,83,1.3685459387249617,1.6376294467430872,28.641493,19.008684,1.0451741579834952,-0.2734602055139793,6.200969,49.761192
864248,121.330086,409.95175,138.38525,348.5673,5.7539687,6955,57,0.8469933371424669,1.6581907759697978,19.198471,17.46231,0.940152605612074,-0.6775660454259326,9.400943,48.055378
864835,210.69681,485.13742,149.69473,396.14294,5.120443,6959,48,-0.3508161301135841,1.4788740685098214,10.23905,5.714503,2.2253244841532,0.6317494325747154,41.67658,5.7035856
865121,285.54968,434.79095,149.69473,396.14294,5.120443,6961,36,-0.9124682392759889,1.5153988245730883,10.110718,6.3314304,2.3538180306501455,1.0912038993980893,41.82627,6.9756064
866405,460.1057,266.74048,332.27615,342.53387,4.1357646,6970,23,-2.7679630917394578,-1.595366713679882,-21.683289,-28.82491,0.48627348003328535,0.20948510095971928,0.79715735,-29.855556
866532,441.18512,376.6608,328.92426,344.86758,5.2470903,6971,45,-2.2869796116119945,-1.7426325591431482,-14.161892,-31.534203,-0.17038771040166786,0.5930534785764564,8.529544,-26.727085
866947,437.22528,313.28363,328.37665,343.79337,4.7071257,6975,40,-2.575699035175658,-1.9818178663614667,-15.173168,-31.624832,0.8039500843455644,0.7857364566120228,8.023588,-27.633118
869304,249.01819,338.91113,268.047,286.83887,0.9103156,6997,87,2.016177612147,-2.5478292796300446,18.10546,-29.145536,-0.12622123720351022,-1.2827544098912296,-33.047222,11.503987
871409,261.00754,359.30554,316.87836,352.28693,4.1436,7017,92,-2.6430362356811186,-1.2874750479584012,-23.021605,-7.9776893,0.09809811626099663,-0.9520586593087706,-2.2428367,-30.066973
871709,295.78802,391.7985,305.52777,337.1956,0.74553347,7020,77,-1.244367452155313,-2.220919271988372,5.108378,-21.315186,0.5874572191199741,-0.4676541694260754,-11.388894,-6.93793
872170,421.02692,418.115,332.27615,342.53387,4.1357646,7025,13,-2.315419723044848,-1.3935303151604164,-21.485977,-29.176985,0.42535937065513474,0.9609855898823737,0.15400875,-30.229053
872807,463.19495,306.16483,332.27615,342.53387,4.1357646,7031,20,-2.5722295153272374,-1.6119863970330626,-21.641384,-28.896204,0.5860640872637383,0.48181434359847053,0.7400278,-29.916624
874012,291.2151,433.92136,302.4484,351.7718,0.74855095,7042,70,-1.3236145930243342,-1.4735884080794592,4.991158,-19.441236,0.19108201445490386,-0.3094375002936815,-10.288492,-7.8037677
874661,238.2938,309.51074,225.0855,257.3633,0.33650863,7048,89,1.200165382535723,-1.200646633880824,20.993965,-23.382877,0.17988776783709481,1.283738604220987,-6.933579,22.707783
876149,241.96202,438.70117,332.27615,342.53387,4.1357646,7063,2,-4.192590917177571,-0.7819524731397487,-22.821568,-14.898061,-0.31303926014544453,0.05898647146542435,-1.36203,-30.543783
876916,129.0521,378.65485,139.8984,323.1051,5.8201337,7070,34,1.1624604357012036,1.5347951509855668,20.082067,16.635874,0.22942976443401528,-0.11004900729902715,8.561419,47.675583
877240,114.404625,354.65057,143.56306,302.0654,6.0573764,7073,37,1.3666205792515094,1.6232410875026455,20.782213,16.991365,0.46091114726633625,-0.2290422422479867,8.021445,48.03858
879622,133.4457,255.95497,202.40904,237.4629,0.72396225,7095,65,1.5134401147325032,0.3823407849550203,31.733763,2.5961668,0.9994375441167558,-1.6818023620055877,-6.192316,43.12424
880179,176.66217,278.3405,233.95421,266.01465,0.8225291,7100,87,2.5709131115050625,-0.7928878736571879,38.60509,1.2602884,1.2139788134409548,-0.26262240981195245,-9.553187,44.819946
881365,102.58219,331.9492,239.65675,277.58023,0.76191056,7111,96,3.626064502094859,-0.22067883669027893,54.49314,2.8388052,-0.34309519634939345,-2.911696857088328,-16.369022,50.27852
881518,119.91271,370.2027,140.05989,314.8648,5.9091187,7113,35,1.253578524140688,1.608047832690864,20.344149,16.836021,0.42940277673187266,-0.21188957608834075,8.385506,47.85424
883442,129.28354,386.1171,144.42538,328.14886,5.813181,7131,33,1.090193200289439,1.5373580205563908,19.818363,16.684626,0.260307838154585,-0.2203770085342085,8.850417,47.771862
883477,143.25839,263.2876,212.71748,270.87454,0.874501,7131,68,1.577861741079691,0.3420008217265833,33.64696,5.0711274,-0.3793757093215249,0.025855852707160093,-2.2190838,47.105247
885399,111.64591,258.9002,205.27272,257.34045,0.8388709,7149,64,1.4917878427755564,0.555782105485291,31.850266,4.860413,-0.532312632170904,-0.609552900516344,-2.6077578,46.283115
885615,128.58096,274.57077,210.50899,300.21756,0.46762112,7151,66,1.2685114369369404,1.3772332051289156,30.437479,15.912332,1.1583509075558747,-1.4617244785056722,2.983283,54.525623
885728,137.03728,249.60426,198.125,232.35788,0.8061461,7152,72,1.3973012408335246,0.4567082663715192,31.729595,2.3926811,1.0760165500463899,-1.9808941232603254,-6.0606885,43.622246
886233,76.23991,321.1307,177.9855,345.253,5.5832596,7157,42,0.17930205083713274,2.09589450693166,17.650602,15.125301,0.55001494936659,-1.0553561541775438,24.584244,5.98895
887300,81.009865,346.42184,169.11087,374.6477,5.1106896,7167,39,-0.10377097381523344,1.9257736676517851,2.6140656,3.7449777,0.7469535153996315,-1.1602927010285529,24.137302,4.976944
887474,273.42386,472.5062,357.80365,287.2452,0.39140105,7168,106,-1.765673773032719,-1.0907957902421528,-22.990807,-7.567923,-0.01095489657313621,-0.20131450908633958,-3.2515347,-28.064323
887597,368.07727,410.1059,173.31795,400.66006,4.8313346,7170,15,-2.1717676017442638,1.8036837953791565,9.642701,6.7669835,0.06805248202209199,1.7217422391130108,36.573547,4.1582103
887866,155.38403,166.29591,227.6541,280.61536,2.6485357,7172,52,0.23461430569053776,0.6166636719776736,-20.389587,31.731169,-1.341620050324128,-2.698081571686462,26.609768,-20.956364
888601,146.35783,116.00376,202.16666,238.97763,2.7752633,7178,37,0.07448758833496548,1.0146260882711908,-20.990143,33.513622,-2.2821101249882205,-1.9106304860812753,27.72055,-24.00147
888740,155.63174,164.46584,226.75899,279.43228,2.65407,7179,51,0.21179726720938385,0.6252755708066414,-20.392488,31.77191,-1.4535055392196936,-2.724641231518092,26.639502,-20.98587
889431,119.79207,392.9644,228.52213,284.31818,0.8133624,7184,117,3.417344972953614,-0.20214524558372535,57.0144,8.335098,-1.0573404602693965,0.4588566571869269,6.322064,30.654747
891246,175.02324,116.413506,228.06662,280.44833,2.6460156,7199,57,-0.04819891101065685,0.7724980351279787,-20.789215,31.907455,-1.4403694853166065,-1.6986322052806078,26.405643,-20.908775
892416,123.87886,336.37668,224.63695,290.72723,0.8715339,7208,102,2.687758753271307,0.3594670875693234,50.535194,13.240958,-0.8891445379278673,-0.055943622826582065,12.922618,35.82427
893484,154.23605,153.71696,219.99872,271.6509,2.694253,7217,45,0.24472536637222375,0.8006169210193295,-20.415161,31.993834,-1.7446849811952039,-2.6319698524769994,26.758097,-21.189613
893822,329.05594,145.2037,186.41962,204.2522,2.8619716,7220,8,-2.0615096194888034,3.899097032682627,-25.41633,38.367786,-1.0823805094014027,0.042190658589016675,28.781376,-25.954185
895330,173.35165,40.018612,186.41962,204.2522,2.8619716,7232,16,-0.5714817327673828,2.082251658452979,-23.878077,36.468414,-1.534353790494617,-1.3140155174164476,28.704504,-25.212917
895422,85.97373,406.3969,232.32402,302.70578,0.7436651,7232,108,1.5878527748699762,1.0235965981851785,52.921223,10.991314,0.9704067809335197,-3.980582974718451,26.727083,48.70602
895838,147.87988,74.944534,186.41962,204.2522,2.8619716,7236,24,-0.14747140037169879,1.4568074000737705,-23.590527,36.236835,-1.5394095365176654,-1.644702842069663,28.441473,-24.917387
897042,107.80635,345.328,228.129,280.69495,0.84826833,7245,103,3.149043535401176,-0.020431927358084995,55.669685,8.048737,-1.6156382597153938,0.9520559022593212,6.8112445,30.719322
898835,140.52016,52.1397,186.41962,204.2522,2.8619716,7260,21,-0.3338981764388759,1.816534723938648,-23.62023,36.29039,-1.524257107258697,-1.5768169515988417,28.596052,-25.030474
899401,67.52583,378.7236,227.48727,280.02594,2.6978858,7264,87,-0.4079333728844044,2.2935199135110906,-19.42086,24.644081,-0.33972207372908336,-0.7313291051589548,21.707672,-20.109236
900953,147.46213,246.64613,210.24811,261.91708,6.080569,7276,107,0.8980216095648186,0.9001369182477493,24.857222,11.84302,1.2525374832825908,-0.6183735195060958,9.514182,23.08474
901807,458.64697,407.44687,300.00372,414.5796,4.699509,7283,30,-2.148096295901459,-1.1602516496007087,-10.774515,-29.414415,0.5559226581987597,1.0043691097875815,35.61128,-0.41768098
902000,130.40913,339.9065,174.07143,275.17767,5.906668,7284,90,1.5553879613693549,1.09580157252837,20.76105,14.209977,-0.03140982393397841,0.501092827981862,24.901098,11.57906
903087,143.28432,249.55313,208.6368,221.13863,0.5154218,7292,113,1.3623695788149868,0.08752371214843313,29.85901,-0.68273455,0.22881366439972442,0.9183615344565514,-17.945614,34.911777
904222,316.08548,422.96042,183.54828,396.94275,4.8736634,7301,51,-1.2559147769426833,0.07256769009536299,7.8821363,-2.1720195,0.6107202748234217,0.33739479382186294,35.685722,3.7864218
905081,146.02228,251.21846,191.94283,290.5259,5.6523204,7307,112,0.7302708193203132,1.3131236654677838,25.3388,12.353137,0.28805544025403207,-1.1599270339110357,10.841574,22.509172
905084,129.38805,252.82814,191.94283,290.5259,5.6523204,7307,115,0.73691394574392,1.4990106542116959,25.277277,12.401481,0.29721056912535815,-1.2519651301077679,10.848257,22.397308
905363,152.43846,211.72856,198.0646,276.6986,5.7574415,7309,128,0.3461022972639,1.362296825232605,25.43678,11.971998,0.659088462148732,-0.6456800463761243,10.372416,22.929102
905587,140.29509,360.8564,152.03836,297.9234,5.6717634,7311,86,1.3535677158834765,1.2208379333377655,20.301743,15.516478,-0.5234760431733906,0.4425979835533581,25.174852,11.277833
905809,399.5771,418.33026,264.9755,411.02484,4.757993,7313,42,-2.182257134015676,-1.3821128814785535,-9.638238,-29.584894,0.8865523268948282,-0.035918359195320125,35.024754,0.32099232
905963,261.30276,451.94427,116.91559,397.90216,4.8335567,7314,63,-0.47119909569664087,1.8390323506383182,8.027875,7.412105,3.272345261770391,0.9720451654051111,47.871002,20.881474
907664,437.6237,437.7156,300.00372,414.5796,4.699509,7327,35,-2.0175045345337304,-1.3657367299132546,-10.545081,-29.634163,0.6023318745657967,0.7416997989500396,35.48687,-0.331218
908122,129.49353,316.33044,242.65512,368.62436,5.258576,7330,94,-1.9327414403654175,0.3710370057203888,-3.4818642,5.7844086,-0.6135662023046562,-2.0989052490048414,17.659843,5.355765
908514,150.27895,359.62827,234.36232,365.1369,5.170333,7333,87,-1.406754505507704,0.20041600742293203,-3.0385256,5.868191,-0.03404814603291918,-2.0963556137509087,18.09535,5.606221
908607,371.0937,426.45746,238.18811,403.06064,4.8511643,7334,47,-2.122108876468091,-1.1337733651079596,-8.571842,-29.154884,0.540449360670688,-0.18651967979916617,34.853863,1.1389923
909085,154.60725,216.9508,204.7855,279.32416,5.782185,7337,126,0.36741807585766884,1.3663870448324371,25.38174,11.847298,0.5873873773593818,-1.0426799734357066,10.2515745,22.907778
912922,119.90779,320.9424,300.38098,397.60565,4.777759,7366,106,-3.217909578149557,-0.11518075487841402,-5.4747505,4.078497,-0.2679843906673831,-0.6750491346194227,17.009993,3.1109514
912935,110.04962,258.25516,300.38098,397.60565,4.777759,7366,119,-3.423765384200612,-0.032162446077275364,-5.536336,4.083053,-0.41690384304163736,-0.6520973446866682,17.015932,3.0325887
913479,203.96945,323.6611,273.45367,380.37955,5.110324,7370,131,-2.3237214292886534,-0.3841005140070282,-4.119453,5.0156035,-0.59583989752753,-1.7734588316558297,17.132195,3.9038932
913606,105.919365,137.68047,24.905027,437.8627,5.0171695,7371,125,-0.3885269796008527,3.1261935212325747,10.422063,39.99903,11.158016888953522,-1.0273242804332319,63.859146,6.985674
913970,282.89105,221.04398,275.06955,234.27165,0.79017764,7374,108,0.3743934417653841,-2.785915469321313,-6.17667,-60.04126,0.2735570067274039,-0.695610818729869,-49.403065,-24.603683
914309,314.21127,201.63963,293.559,216.0786,0.8042049,7377,102,-0.423118283689091,-3.313733494222549,-16.04603,-55.936413,-1.2987458567428072,-0.08231417867355742,-43.85699,-33.357548
916721,342.30164,189.8313,290.04636,215.13475,0.7887144,7398,99,-0.9179213021819267,-2.149160900935107,-15.033244,-55.37591,-1.4219487569664555,0.0035052890549768304,-45.274433,-31.689901
919849,242.55832,292.9933,321.51355,216.31938,4.167634,7426,7,-4.884581023307979,-0.27154231543386587,-62.206177,-0.37888315,-3.782173445677355,0.47850575381219473,-3.4689074,-52.399418
919855,244.85313,187.88123,321.51355,216.31938,4.167634,7426,13,-4.999457418251667,-0.4429957936192742,-61.77061,-1.3184987,-3.448242545659162,-0.44205470493081866,-3.524187,-53.13503
920202,250.88802,156.17035,321.51355,216.31938,4.167634,7429,15,-5.008509096132296,-0.5097266192495636,-61.742294,-1.6759827,-3.3599033341998736,-0.6185437319487174,-3.4815705,-53.317398
920503,336.421,325.02374,302.69077,222.56644,4.4382305,7431,86,-2.5058497903326753,-1.4437118092474799,-58.43448,-4.77514,-1.5853712691513229,0.9825905845069159,-2.546593,-51.00156
920686,419.06665,217.08675,320.83612,219.28006,5.000312,7433,39,-2.4954621473770597,-2.747518811679297,-41.349808,-23.592554,-0.032807285180015786,-0.08811478984243594,-1.0680314,-11.150268
920771,242.7499,262.14563,321.51355,216.31938,4.167634,7434,9,-4.8473924097329695,-0.37087004634532245,-62.001114,-0.53030103,-3.742302585288266,0.19275415845485128,-3.576585,-52.623108
921325,310.06934,203.11147,298.52206,212.23732,0.8423121,7438,103,-0.5146536641307226,-3.259685912446428,-16.28833,-56.19852,-0.7577153415264783,-0.14828670040469777,-44.153893,-33.818012
922210,287.6863,292.89035,309.15054,222.52975,4.3319697,7446,68,-3.1595252268329546,-1.0700575991814916,-58.604446,-4.2924743,-2.433155952725492,0.8196608832716344,-2.7587857,-51.379242
922432,290.98373,321.99188,285.00146,236.71924,0.2872231,7448,60,-0.06395721336861808,-1.9160896573883914,8.358262,-31.718641,-0.35145785945235564,0.9461618855791792,-22.658978,0.3764231
923274,377.6669,204.38849,301.559,221.46016,0.6842786,7455,97,-1.3647105229142296,-2.2621305381980834,-21.30249,-47.886932,-0.424533026223267,-0.21618038839622927,-35.99872,-32.659603
925251,255.87988,342.61105,321.51355,216.31938,4.167634,7473,4,-4.681814180780525,-0.23133249785263285,-62.400345,-0.3585909,-3.683320770775091,0.8338525044992051,-3.3500292,-52.193634
926048,418.67337,179.48325,400.1339,271.58,3.0048575,7478,26,-2.408875422189047,-2.3728455140850215,-36.87641,-24.559769,-1.7900173811158406,-0.6069843902250723,-7.88988,-43.71487
926231,256.17685,270.06094,378.8602,292.89053,1.3982259,7479,44,-2.4777587601342086,-1.4114719546908556,-26.629929,-4.7055917,-0.4272774237560315,-2.3291490841630775,-17.499842,-26.276705
926615,306.34827,272.9906,323.96368,196.42502,0.7263392,7481,98,-1.2117510768140716,-2.2010280086776204,-46.884247,-10.178172,0.44692165853144167,-0.26899289466762544,-34.753323,-54.11925
927802,365.35883,169.71262,316.171,194.07837,0.7817019,7488,130,-1.8755699657597305,-2.7490126452713035,-22.672949,-52.480305,-0.5811083951238403,-0.32807106702441313,-38.44959,-40.815342
929990,149.12238,179.99301,400.1339,271.58,3.0048575,7502,8,-6.4382441478707495,-0.1516029710452587,-31.849634,-14.565162,-3.880188483465149,-2.1286398668763367,-7.9637933,-45.843105
930504,404.94324,182.73271,397.21426,272.0855,2.8986275,7505,27,-2.521712721941994,-2.5305871300782736,-36.831753,-24.58059,-1.518150571223039,-0.6186808537243965,-7.740522,-43.518547
931140,110.80543,317.88467,400.1339,271.58,3.0048575,7509,3,-6.434842227001164,0.16684185862377193,-31.508606,-14.885505,-4.029393294372144,-1.8541856404362111,-7.8478026,-46.17489
933328,216.24751,275.37918,383.18604,286.8995,1.3594439,7522,46,-3.021839419706301,-1.0521783149749588,-26.620136,-4.8535824,-0.8470040643002711,-2.6717414164188917,-17.420193,-26.46772
935512,375.46664,280.78668,352.89508,303.06534,1.5760602,7535,85,-1.7025492910252134,-2.3622674467063165,-26.195251,-23.128183,-0.038667487754455665,-0.46453686623763935,-3.3543,-20.961304
935761,104.473885,292.16687,400.1339,271.58,3.0048575,7537,4,-6.470961556846214,0.12934677662968727,-31.547583,-14.850992,-4.0318961502271025,-1.9145111299616433,-7.8577576,-46.150745
936361,292.3047,274.77005,282.1472,303.65955,1.386984,7540,109,-0.016571846278266328,-1.4358134688098116,-9.491555,-10.928691,-0.8189319528254024,-0.6413148961972187,-2.3051548,10.097374
938412,350.4855,92.89558,400.1339,271.58,3.0048575,7553,15,-4.3247013736635065,-1.4328351507631347,-37.77794,-22.315056,-3.1533923349458868,-1.5565430116983119,-8.280599,-44.62746
938500,310.67218,241.98425,326.40387,170.3447,0.6588569,7553,103,-1.5574580120811081,-2.1427466225611504,-46.796204,-8.916638,-0.45154511157567023,-0.6017566302867445,-35.938053,-54.91274
939260,249.13153,282.3209,381.73398,281.63443,1.3662602,7558,38,-2.522242924450334,-1.373499849991493,-26.651934,-4.717699,-0.5385603569863775,-2.001887949430829,-17.473135,-26.360596
941068,353.81552,129.93854,400.0905,272.91217,2.9979134,7569,31,-3.517829753831057,-1.9477180167199555,-37.7681,-22.876785,-2.835816428519428,-1.438281236149136,-8.149096,-44.50689
942078,384.34686,275.5302,352.75223,155.98276,0.78934157,7575,51,-2.462062877784182,-1.8168673686287162,-49.452415,-7.117431,-1.7939892955203822,0.6562314602814622,-39.007877,-50.921474
944166,387.73468,121.687775,351.76816,155.31795,0.7916708,7594,68,-2.235719370384197,-1.9653276367848456,-50.72079,-2.7033372,-1.9640692496637988,-0.2046396279670442,-39.375595,-48.211624
945577,422.45792,134.83522,358.314,159.41959,0.81907487,7607,62,-2.3045792191384034,-1.7310493719325573,-50.75327,-3.3182833,-2.3056164826078698,-0.28347419078678027,-39.650288,-48.48559
947186,359.35236,233.62122,364.86777,167.26277,0.5486525,7622,36,-2.0281439272541295,-2.2520200833218142,-51.118332,-8.309107,-0.9691914190872597,0.16605836237147703,4.458938,-51.850685
948805,389.1571,316.1852,379.72333,174.8363,0.35693866,7637,20,-2.5988484340620115,-1.7186385977255496,-56.424774,-6.7887516,-0.8320679296123417,0.9564224844001493,2.8226488,-51.655296
949338,210.01012,435.15897,379.72333,174.8363,0.35693866,7642,8,-4.930635370384269,0.10144619616497297,-63.16839,0.50287175,-1.6785956393447574,1.1277253585607732,2.0773408,-51.014572
949360,361.2291,255.30746,374.68576,172.4323,0.5248215,7642,30,-2.162082938551277,-2.129907732039639,-51.5404,-8.391312,-1.1735511341450986,0.43912166072276315,4.097738,-51.929184
949375,316.1055,220.06017,350.89062,151.97206,0.8736114,7642,45,-1.9834760352198169,-2.017881615285384,-46.89739,-6.8659086,-1.536216642575618,0.213699874761331,6.1314964,-52.151234
949927,411.31903,274.55106,346.09085,156.49596,0.6063015,7647,52,-2.372626847317763,-1.8186192962845709,-49.538742,-7.1313024,-1.1175341881018377,0.6398897394941417,-38.88542,-50.973225
950005,398.9135,312.00577,379.72333,174.8363,0.35693866,7648,21,-2.5425721702081927,-1.7713657726381413,-56.38411,-6.8365107,-0.7520467297368141,0.8669957158455708,2.8699286,-51.658546
951041,340.9383,142.50421,336.21558,161.021,0.9319607,7657,76,-1.67645643425711,-2.2558643296354055,-48.669064,0.66608566,-0.6297796139331584,-0.47321302981238117,-37.390915,-46.146244
951394,297.80402,223.82387,293.80215,238.26003,0.21766996,7660,102,-0.8417364953369251,-2.0030351925028937,-10.921821,-16.401434,0.6674653248703893,-0.4916800125845044,-6.130791,-14.617008
951921,353.38437,180.36255,347.67752,194.60588,0.6339235,7665,84,-1.9253259432447618,-2.832472814807923,-24.279045,-44.61595,-0.032911855076782626,-0.5211889710835645,-31.090849,-33.215286
952798,399.70828,231.43874,373.52795,219.02429,0.96883225,7673,89,-2.1291273284590493,-2.8384273694487887,-25.117075,-40.893276,0.20226115675624898,-0.36918056661839366,-27.427763,-32.89538
952802,391.24405,238.0718,367.57385,226.99393,1.0478313,7673,93,-2.069875759493758,-2.873925057454445,-25.039654,-40.992958,0.3313184972086681,-0.22546851774684662,-27.625362,-32.800842
955737,320.06665,279.8605,263.70044,266.85867,0.75397724,7701,76,0.28678426524148837,-1.9425840026504626,9.165099,-48.40264,-0.2770836549379911,-0.48105472175999364,-44.45941,12.495199
955757,265.23468,333.5064,263.70044,266.85867,0.75397724,7701,96,2.3516520788393933,-2.969788259056941,18.48231,-30.372204,-0.6060343056485946,0.6494777898623417,-38.140118,11.284933
956481,338.53622,383.0655,262.9237,265.41162,0.7489507,7708,85,1.1984689560525432,-1.7975908549423647,15.868221,-44.031166,-0.4410509701126732,0.18740307257703281,-42.140472,11.942745
960486,265.9362,324.54926,283.73514,260.96875,0.76807266,7746,100,1.0973929799943478,-2.3780764694599728,13.343363,-31.06875,-0.4220277150732795,0.024789336475148534,-30.794577,0.3660888
961699,202.40657,157.17807,258.34122,226.5987,0.30537704,7758,53,-0.0829106482834094,-0.3173860092533486,43.923943,-22.75416,0.6402446994523108,-0.08928952574876795,-18.05595,5.631883
961744,214.67249,311.18393,234.64381,246.22206,0.7482209,7758,98,2.753696687502126,-1.4085212926237254,23.240797,-32.04145,-1.3391822868288832,4.886414011443038,-33.756474,16.342955
961784,103.398186,268.23743,170.77298,230.02438,6.034005,7759,33,1.252445647452935,1.0045328891532066,-26.943052,29.714344,-0.13426151487069604,-0.44957051155096184,12.479152,-10.029582
962087,87.11004,286.28915,146.30911,236.65808,5.8381257,7762,21,1.2877466341652053,1.6925241157090831,-26.672491,29.955883,-0.6770406214493976,-0.5829197110426183,12.573772,-10.019266
963703,146.91734,352.97845,250.41473,266.44824,0.82112044,7777,62,6.261976723471256,-2.1653460128096422,56.188606,-9.931876,-3.525376416316635,0.7348852092802611,-30.169502,27.44575
964136,233.72244,325.26566,248.58327,269.94318,0.81284857,7784,47,2.8941763097565434,-2.2727383268919272,20.313478,-28.096825,-0.2854060299582817,0.6930155142267675,-31.948742,13.836122
966420,296.05203,346.24353,257.31778,279.04688,0.79059637,7820,27,1.0913787007168925,-1.9106666185918708,15.24465,-41.045433,0.9071844522703489,-1.3573793290849752,-18.418575,14.792485
967396,245.32246,331.2714,256.67755,277.36252,0.78020185,7835,43,2.3016514379743196,-2.3679012427083284,19.31307,-28.098059,0.5252716115916218,-0.758441671562487,-31.4464,12.700559
967704,282.9092,365.9876,259.281,280.02014,0.8158619,7840,31,1.5721053038510002,-2.110914889381517,15.46309,-41.138172,0.7587703950767791,-1.9257120145982287,-18.624464,15.194358
967767,289.5259,366.757,258.35416,278.06964,0.8192393,7841,30,1.6366602152304626,-2.0669388516499,15.426257,-41.422386,0.5131994170904282,-1.6628772809772872,-18.57245,15.256081
967930,390.7388,443.8345,294.13406,336.19745,1.2119781,7844,1,-1.5711335678039642,0.308987304669814,-1.5796404,-18.678093,-1.4429710573779493,-0.5200883140300859,-14.882183,12.216409
969520,129.18883,493.81693,279.54507,303.68353,1.0295305,7868,55,1.4264999883984557,-0.27804994550987155,46.984898,-12.156368,-0.7821516683713827,-4.675968565374658,-26.07372,18.44936
970136,162.24927,480.40823,241.22398,442.1292,2.625062,7878,31,-0.32486388223740603,1.6397748627217759,3.5566297,24.869596,-3.6709663855499173,-0.8720194126590546,18.24538,18.651487
971242,259.78024,198.10703,273.74274,235.81616,0.8375422,7888,87,0.567621012114521,-2.2888807014021273,-6.043686,-59.352158,0.3355755397574321,-1.278854017193533,-49.774776,-21.92849
973364,333.67023,122.3336,241.22398,442.1292,2.625062,7909,4,-2.8448765464833703,3.9934526505360606,3.7722168,18.144653,-5.172232022833566,0.4100987444156219,18.751827,20.447077
973504,221.95825,458.27008,279.9596,408.76816,2.2465756,7910,39,-0.5207098378996636,0.48087004892377516,3.3079965,26.713247,-1.7991148633998844,-0.8871047140298652,18.502605,17.694668
973701,113.83136,455.68326,241.22398,442.1292,2.625062,7912,26,-0.3498972749327198,1.9339160082645288,3.8057115,24.810974,-3.9763585180497785,-1.3516894369976993,18.112097,18.987791
974059,360.42026,318.80484,276.3261,248.50684,0.87711483,7915,69,-0.6278352908922016,-1.1901317600684063,-0.58439773,-48.4935,-0.5820906501058231,-3.4443899059084857,-56.760105,0.6886073
974212,181.65193,190.81491,241.22398,442.1292,2.625062,7917,12,-1.630267030364205,2.9766485460421994,4.3911004,23.386211,-5.066156445660074,-0.5094291465572884,18.442907,20.151104
974435,111.35023,445.23203,241.22398,442.1292,2.625062,7919,25,-0.3161767650447126,1.9315421557641868,3.8427877,24.78954,-3.9743589081745228,-1.4420210974199459,18.091333,19.023952
975537,318.5258,195.09023,281.5491,234.79982,0.8792628,7929,77,-0.38941843271493704,-2.5170746566781816,-10.125974,-56.952126,-0.5545295894766097,-3.0282952624677852,-50.86318,-19.376474
975730,318.96503,302.68723,275.32315,241.42867,0.8705754,7931,60,-0.0445533639047707,-1.8105036363852562,-1.8109518,-47.330776,-0.2639573930820411,-2.420861560241105,-57.467068,-0.8429148
975831,326.4345,334.01337,244.80786,421.27826,2.5096369,7932,56,-1.5509999267436996,1.300913716464037,2.6284492,18.147396,-4.801740954251116,0.6679896226027253,20.251585,21.318604
976315,134.46375,245.63307,241.22398,442.1292,2.625062,7937,15,-1.0234229570115678,2.5481607577283065,4.30922,23.772104,-4.880174355893758,-1.057658322762218,18.25639,19.926212
976425,93.63459,358.93082,241.22398,442.1292,2.625062,7938,20,-0.45581446311875423,2.155020086497237,4.0401855,24.531897,-4.366750238738092,-1.6283603561343214,18.053806,19.396809
976789,354.94052,308.4824,280.1181,230.11285,0.9315903,7941,69,-0.9750910547814758,-0.9509055460946875,-3.912631,-47.10314,0.00010686948488389247,-2.217697958445834,-58.056973,-3.9937005
979114,278.17822,186.01991,238.7551,424.71393,2.4859147,7963,84,-1.6362377520656466,2.5029184224288583,3.1676486,17.596382,-4.908737832199906,0.6589490049554005,19.98068,21.148523
979930,324.19568,380.9307,241.22398,442.1292,2.625062,7971,60,-1.6526022540847591,1.7484036175513191,2.5729654,18.343456,-4.32807092868819,0.438729289602553,19.287067,20.866898
980541,281.7943,392.5437,338.84406,400.44714,2.2551615,7977,41,-1.0191284013938289,-0.9397421002798105,-16.053509,-20.88525,0.44463612387175516,-1.7692528706003476,-2.3757381,-24.639675
980802,256.5054,331.60004,280.48062,283.26666,1.0458921,7979,92,1.5013309397995187,-2.5861046356261586,15.021092,-30.911589,-1.4998921269311698,-1.6394265828392425,-32.65156,5.2926917
981492,255.89352,330.97687,279.9922,282.68655,1.0481985,7984,92,1.50447337198779,-2.559772827621158,15.047146,-30.949314,-1.5070876566375941,-1.649044636428485,-32.69673,5.321958
982733,258.03497,335.48502,282.18878,287.32233,1.0510238,7993,91,1.3591160831321047,-2.54357410048383,14.764404,-30.721535,-1.284285542216315,-1.6032093839261732,-32.41672,5.1255116
985101,341.3772,317.24,271.8751,246.24902,0.9547495,8010,113,-0.3283995854089565,-1.0276264817907381,-1.5858309,-48.108814,-1.1341456566193415,-2.659196280664218,-57.807438,-0.57177675
986457,269.26083,345.6612,293.39996,297.4613,1.0542431,8020,89,0.5778666463784186,-2.5328472924483347,12.830013,-30.066565,-0.6944744201360838,-1.4025246643462743,-31.307001,4.759318
986519,68.28496,278.82242,427.59644,377.72867,2.1525931,8021,13,-4.469837835136372,0.34128047609818934,-24.867922,-14.634878,-3.373049310149291,-2.313772477666201,4.167687,-36.880722
987105,438.85132,364.92374,418.02396,370.05505,2.125158,8025,47,-1.9577620671728617,-2.098788936355872,-21.997509,-26.25947,-0.40111409447801605,-0.6071956983039266,3.3458526,-31.33763
989044,371.13632,320.00485,354.5003,325.2,1.9063749,8039,54,-1.7030003132218148,-2.133098262688794,-26.7218,-23.781507,0.07822146821930798,-0.22518561225807004,-3.2515986,-20.375467
989141,63.398346,280.2583,427.59644,377.72867,2.1525931,8040,13,-4.472475451984723,0.3648669416361631,-24.83539,-14.631382,-3.3702288828413485,-2.301177973802657,4.1639237,-36.880695
989819,49.130478,110.46079,427.59644,377.72867,2.1525931,8045,1,-5.261748422185236,0.862123979034684,-25.57905,-14.462239,-3.341415728291838,-2.382426169474939,4.1515074,-36.375015
989988,330.20447,458.68835,427.59644,377.72867,2.1525931,8046,32,-2.210002963478991,-1.193481396090515,-20.94135,-16.874662,-2.5583413834123494,-0.6155842891143372,4.8923874,-37.81693
990388,119.36963,389.62622,427.59644,377.72867,2.1525931,8049,18,-3.896324939324504,-0.054727826923220105,-24.201454,-14.653868,-3.2945888259911658,-1.853487268997828,4.5646877,-37.083046
991094,341.7249,467.0716,427.59644,377.72867,2.1525931,8054,34,-2.1453962739523997,-1.190567571427712,-20.926945,-16.90462,-2.4655908259469514,-0.4832443147999551,4.9496536,-37.860043
991643,311.28958,466.34097,427.59644,377.72867,2.1525931,8058,31,-2.3937610992504763,-1.03678826531907,-21.00127,-16.790041,-2.699340915760378,-0.7284733171606088,4.856751,-37.72814
992435,171.962,235.3807,451.7507,323.1079,1.7988713,8063,133,-5.015845709010891,-0.9285625336213474,-24.389908,-13.841881,-3.0667633742884077,-3.126023813452675,2.6445816,-37.142982
994175,169.17996,428.75146,442.2736,351.11276,1.9298754,8076,79,-4.06837770537825,-0.7058097583018015,-23.409252,-14.320272,-3.045887756859713,-2.157226548440118,3.854022,-37.663464
994456,210.63336,404.704,451.87735,329.72537,1.9532521,8078,84,-4.14252134143596,-0.8898946254669211,-23.418272,-14.267379,-3.123741771422141,-1.9318021241505863,3.430493,-37.70114
995028,418.06802,432.37848,291.9155,384.96115,5.0880938,8083,23,-2.0707743831868806,-1.7158191671682417,-10.578057,-30.960741,-0.8177270551147069,0.23620382998968237,33.27879,-1.6135659
995256,467.42807,431.0272,329.50815,401.18643,5.047835,8085,13,-2.0296630013118007,-1.1888271114596776,-12.062267,-30.546322,-1.5025268960733962,0.49727422807027377,34.655293,-2.5680666
996178,184.65578,249.40955,256.46198,276.41382,0.5723353,8092,102,1.6344858450150745,-0.25137060123536203,41.90948,-0.53136086,0.7365282045146514,-3.1921716742470996,-14.452834,47.77416
996765,164.1777,244.75511,217.71397,231.09201,0.69956654,8097,94,1.6133797243552919,-0.21311144600824627,33.954453,-1.636473,0.9501115458287048,0.46060595825075534,-18.455603,37.232044
996930,431.50992,443.37115,307.2391,391.17813,5.086772,8099,21,-1.9092886000531861,-1.5260608363090824,-11.047586,-30.891764,-1.0256229786855078,0.3929938940883983,33.721855,-1.9506487
999323,334.90826,411.53198,212.97124,353.94073,5.1093183,8119,34,-1.5402771812569438,-0.8357869953459798,7.8544726,-3.9498296,-1.4963449811486966,-0.16653331185180625,32.508118,2.2846932
999571,285.81567,396.2928,168.3284,325.58792,5.2130947,8121,44,-0.17908378816697895,0.39629329918175005,10.013114,-2.5270028,-1.509887228345418,0.6684972104401704,31.38508,5.8348546
1000242,449.77078,388.9424,329.50815,401.18643,5.047835,8127,1,-2.285323398806917,-1.3804988073421591,-12.461306,-30.726894,-1.610278267932328,0.3340494913235977,34.785873,-2.9381702
1000350,183.1984,246.49405,180.98572,280.7602,5.7980895,8127,109,0.7240045566538618,1.0945661997635303,26.02466,12.597048,1.0075878041510211,0.00960622081532772,11.166736,23.320646
1001135,194.52795,404.1839,170.02873,326.12442,5.2052507,8134,61,0.6740244606052331,0.7438716275931516,17.567915,12.473357,-1.0018202123952624,0.5976557052484958,27.347692,9.458661
1001734,176.5812,399.34576,178.29544,318.99506,5.291216,8139,65,0.8655288586643,0.6608109224641154,18.012909,12.518109,-0.6625132198517765,0.276678382835544,26.722433,9.556498
1001817,360.98712,415.5611,236.94095,363.33643,5.093148,8140,29,-2.064187568937985,-1.369210747537923,-8.075144,-29.04379,-1.1201172229788716,-0.3460164490282198,32.804848,1.2028089
1001821,333.77713,410.93085,212.73665,351.60526,5.1269164,8140,33,-1.5544146501984697,-0.8933368476086013,7.8899684,-4.021717,-1.5691805004192092,-0.19485999103801577,32.36414,2.3335779
1002571,134.39395,380.88724,166.2244,308.5303,5.4551635,8146,69,1.1488902494494875,1.1249961251065552,19.63142,14.870941,-0.5845486326071554,0.2942702271970501,25.828539,10.586136
1003118,433.33426,440.10165,307.59708,391.88907,5.076771,8151,21,-1.9110924664640458,-1.5316496179211452,-11.078012,-30.863634,-0.9972270450181597,0.31137310802196383,33.735577,-1.9636924
1003783,133.88448,244.19205,172.23216,307.4898,5.375727,8156,91,0.5340154500485836,1.8171445709564538,25.419584,12.903323,-0.45494208817364995,-0.8923961131918374,11.346998,21.840866
1004308,424.32483,436.4782,328.44937,400.63028,5.3628287,8161,21,-1.8266336812430626,-1.4840441318322068,-11.553143,-30.013165,-0.5364211338831762,-0.912491475819603,34.36987,-2.0459747
1006189,259.6599,200.10559,276.13635,427.18347,4.5445414,8176,117,-3.6032656366717077,0.11434361871793103,-4.9360094,2.7156057,1.3412455912575902,-0.27579388869439214,18.128345,1.853541
1006547,291.88593,245.66122,349.24194,253.25333,1.1122112,8179,118,-1.5828811605086504,-1.822100610225891,-27.989817,-4.6449547,0.1301845330582845,-1.1456240304751448,-18.1609,-25.780828
1006830,268.73163,289.07867,347.6439,207.27684,3.9125223,8182,1,-5.164976931434048,-0.4465662915209818,-62.167076,0.067200616,-4.6311209520739895,0.14978837507921233,-4.4022894,-53.667828
1007078,241.62175,440.12634,229.42686,337.16855,0.16752379,8183,87,-0.15755008718846952,-0.26350458971492563,8.648585,-10.976641,-0.5844939335547525,0.0700539788114667,0.7456879,20.474218
1009256,147.67587,367.34662,247.58955,276.5387,0.85814077,8196,159,5.32890669213786,-1.7485759186476526,58.568275,-1.3899755,-2.2949299267128995,-2.0487275934697253,-26.250195,24.939123
1011481,187.58655,376.01013,209.13066,323.18393,0.93524635,8210,116,0.9010654594152646,0.5714222779558773,23.270592,34.4717,0.2666141718776805,-0.19566880367318312,27.254532,36.9322
1012152,208.36993,391.2992,193.51326,307.14188,0.68541175,8214,139,0.7539671754942265,0.8386812414170023,23.02776,33.97391,0.540667338553225,0.540910650076636,23.760378,34.67553
1013043,281.0367,204.1967,243.66963,340.31293,3.7843463,8220,58,-1.3026049364028074,-1.0019334256395367,-10.436059,-13.400921,-0.21983557328994327,-1.4068718724204754,5.5980835,10.382183
1014025,326.26624,261.46732,226.54308,323.52322,4.412794,8226,68,-1.1518475738922287,-1.3038093096291312,-9.720217,-13.722694,-0.08160986921651602,-0.03044556130541878,6.0065446,10.076884
1014954,455.09836,87.04408,347.6439,207.27684,3.9125223,8232,25,-2.6050399581582018,-0.9245864512425772,-56.436996,-12.236383,-3.8725245207386907,-0.740346731533681,-4.924778,-55.83149
1015095,250.23999,275.4509,347.6439,207.27684,3.9125223,8233,4,-5.50141432638853,-0.29255196882137197,-62.249496,0.16054788,-4.752720763108996,-0.07139120425717935,-4.446855,-53.732277
1016809,162.57494,426.48605,219.16692,324.48676,5.23203,8243,98,-0.20885343148380953,0.23714992046551803,16.292477,10.591396,0.20857873762413046,-1.6405644706023248,18.541618,8.569848
1017357,130.07172,360.45673,71.0115,311.733,0.069732375,8246,160,0.5488755358116173,2.3181327469201993,6.8764634,40.971535,8.230047901709856,0.16689104780799713,60.195747,1.9517977
1017877,421.36972,127.17693,330.45483,226.78935,3.8913853,8250,32,-2.0855893672755563,-1.7903684921055383,-56.360867,-12.178649,-2.744690007124094,-0.44268096395227224,-5.079787,-55.738537
1018192,446.9074,79.73254,347.6439,207.27684,3.9125223,8252,23,-2.6618483644532223,-0.864264653529732,-56.43454,-12.259217,-4.003675637987046,-0.8033866373008764,-4.915682,-55.814182
1020809,330.17343,226.82605,283.2517,200.8988,4.631218,8268,48,-1.526157184045952,-1.6618525943069995,-44.547005,-6.6412916,-0.7477547365572069,-0.4588676617567563,7.37816,-51.089466
1022986,202.76128,464.89136,242.27362,178.61469,4.716796,8281,119,-2.441565337082668,0.6512416393394307,-45.28513,14.639857,0.6199806588992784,1.2390090726038252,15.772774,-52.37615
1023605,330.32892,310.04892,320.76514,232.96436,1.1822152,8285,75,-0.937840671335389,-1.4337521233793675,-17.45487,-7.4950995,0.572187064300044,-0.2685182867120327,-22.599651,-11.673362
1023704,254.6289,117.10965,373.92322,290.78757,5.770413,8286,7,-6.242369727166486,-0.7681907487781874,-28.548786,-13.07846,-2.180181360646167,-2.542463433174325,3.1717825,-35.2393
1025320,203.23438,110.80596,301.68634,203.45052,0.7010439,8295,120,-1.7621268114566484,-0.7065437916252914,-50.040207,25.357294,-0.22159332124039705,-1.173243045662362,-27.68322,-43.13277
1025370,205.18915,125.57736,373.92322,290.78757,5.770413,8296,3,-6.662178456303788,-0.4199200008366001,-28.523102,-13.1494665,-2.3490226090458766,-2.6882575816226564,3.1274745,-35.4789
1026022,333.7954,350.68213,252.80595,262.608,0.72718614,8299,154,1.3407153622631363,-1.9205641350513343,16.754965,-42.873318,-0.23001419778245302,2.9702840171861906,-42.824528,13.149707
1026597,304.44678,386.08847,331.4565,287.96216,1.5674633,8303,61,-0.7853392028528808,-1.0096337511287876,-18.75833,-6.729273,0.5494527723840136,-1.4315367388009368,-21.970966,-12.903723
1027055,435.3029,223.30428,373.92322,290.78757,5.770413,8306,18,-3.5228671736168775,-1.8840775966812888,-19.504429,-27.815485,-0.5713641721490124,-1.5740999665673823,3.5694811,-32.79003
1027169,330.6508,160.2698,308.5809,200.96423,0.7204251,8306,132,-1.4570388922231026,-2.9790376906831786,-20.627005,-52.298576,-0.8068758513996699,-0.7503393455701134,-39.072323,-37.73948
1027788,340.47284,280.71777,300.727,201.14186,0.90612984,8310,83,-1.0814689867354008,-1.3778732013801271,-41.471767,-10.030121,0.23708470134941753,-0.29484197282699615,-17.627823,-11.1589
1027853,308.19037,256.5425,255.57317,259.3885,0.7267908,8310,148,0.5513304278119371,-2.015942672012198,4.0607247,-56.084885,-0.39118692637513197,2.6832016031129653,-45.95395,12.960405
1027896,464.82114,305.40094,373.92322,290.78757,5.770413,8311,24,-2.958536895895457,-1.7284306029568588,-19.674835,-28.107706,0.45954672999547114,-0.9018757108602506,3.3484793,-31.87891
1028656,186.83951,191.70157,306.6091,206.40627,0.6889539,8315,116,-1.3469403568521534,-0.7586145168773233,-50.003094,24.380865,0.1089045247254227,-1.4264074120024615,-27.158552,-42.76022
1030377,201.0,110.0,373.92322,290.78757,5.770413,8326,0,-6.714482458954092,-0.2923583810150336,-28.529585,-13.14326,-2.3911039124933375,-2.6916790674357762,3.1405122,-35.449085
1031238,461.24164,328.4111,373.92322,290.78757,5.770413,8331,26,-2.8583506760229622,-1.7485981322265136,-19.710752,-28.176035,0.4820105060534247,-0.8242566801975402,3.3142624,-31.807043
1033362,289.82138,237.16687,277.81558,254.02824,0.59664696,8343,146,0.017286913254711864,-2.120017980158658,10.184252,-51.4275,0.12319865702343094,-0.7794914213622363,-22.114681,7.3231587
1033710,215.83623,380.06497,239.01692,276.85077,0.60480195,8345,160,2.542076156434124,-1.2464432259748506,17.947235,-21.82703,0.06877962287050732,-1.1620941801270424,-10.8508625,24.359709
1035656,182.86893,227.80157,332.9433,232.83412,0.52124774,8357,102,-2.2091373051301546,-0.7953461928593798,-25.38676,-2.796342,0.5097827675052169,-2.342515548579047,-19.601246,-25.034231
1038031,335.62418,155.40698,106.32496,236.36722,5.3708706,8371,139,-0.8744629420147866,5.6974300723157105,-8.094817,44.65444,-0.36221133204988176,2.8886705857340966,46.778236,-12.172875
1041359,326.02045,362.6038,339.14166,305.70016,0.76102877,8393,73,-1.16540272734486,-2.351528441234056,5.753055,-27.657776,0.3308029344271273,-0.154914308422561,-27.713554,1.2033446
1043565,426.01746,477.43036,392.09354,390.88025,1.228888,8409,55,-1.4074682384853487,-0.7382427644038406,-14.249853,-23.060516,-2.061509910619966,-1.910976958345228,2.8129046,-19.715532
1043621,331.88635,341.36523,279.40375,234.27751,0.8099835,8409,111,-0.5002674925573422,-1.2660763511223887,-2.319081,-47.368828,-0.29722619234198,-1.6180880940245617,-58.277164,-2.1158216
1045019,370.3088,236.62263,267.96045,230.65063,0.522234,8419,119,-0.4419135231131765,-1.793771218118431,-0.9679423,-42.853836,-0.025374597404704952,1.245620934159404,-21.402023,3.487753
1045676,294.3673,316.1888,284.77762,263.17508,0.41027057,8424,81,-0.06020351921020297,-2.3992042227753445,9.031493,-30.855276,0.288308471999609,1.0115345636743074,-25.357672,0.0059060305
1046485,418.63943,475.2394,387.93488,391.3298,1.2543962,8430,56,-1.3905544262409295,-0.8066574580404006,-14.139822,-23.10496,-1.9968287625923333,-1.944915581488584,2.8059175,-19.688822
1048606,262.40146,304.1363,338.43112,270.7524,1.5266987,8445,92,-0.5467157747058833,-1.0839910205155354,-19.413767,-5.6550913,0.13951250068711762,-0.8937236580648603,-21.113998,-12.846385
1049413,372.78262,402.42627,387.25827,348.05508,0.90817267,8451,65,-1.7105661241021277,-1.9650295936538131,-12.29894,-24.204159,-0.6413134954356198,-0.7077960351906778,4.030917,-28.117102
1049441,265.33032,284.8671,321.9932,239.35687,1.3188597,8451,93,-0.37194184213663595,-0.9679307496981985,-18.90225,-5.6913705,0.21135458295523393,-0.28728215383089595,-21.630505,-12.202435
1050508,440.57205,426.63995,384.1813,392.15387,1.330374,8459,48,-1.5828571125879123,-0.8608880666062362,-14.635723,-23.33735,-1.659360115898618,-1.8709810776540519,2.92249,-20.00968
1050929,424.8284,469.9251,380.9681,391.0669,1.2209251,8462,52,-1.417104643467162,-0.6730844386717334,-14.118415,-23.035425,-1.6537497224674242,-1.848745810746176,2.7651532,-19.605621
1051024,267.3898,103.51565,439.9153,398.24054,1.5094365,8463,8,-4.704972264924886,-0.7679764199403772,-26.303457,-13.34048,-3.0594025865341066,-2.4398442101865276,7.5872517,-44.29674
1051291,205.28815,220.05466,319.23187,399.9042,1.2257863,8464,136,-1.9613847068931494,1.0150467103104799,-5.1587315,1.5748118,-0.3964321491747827,-2.2583493405798882,15.276977,-4.8328595
1053206,300.09152,273.13098,322.29178,387.5517,1.4042633,8478,105,-1.6805890467798492,-0.2956786499831172,-5.660309,0.8035773,-0.33453903356361575,-1.5835361653744107,15.10297,-4.756083
1053551,414.61697,397.29395,389.712,404.70557,1.3076797,8481,33,-1.6301125831352816,-1.304810539098319,-14.851479,-23.4934,-1.3464201683340113,-2.078625171232713,3.0031111,-20.32082
1053569,405.94263,465.6806,350.11194,413.75998,1.1245692,8481,51,-1.4643598176979438,-0.6365551269786522,-13.674051,-22.254494,0.7148553260049807,-1.5119808439234845,1.9844676,-18.187641
1053782,325.56494,243.58829,456.04385,286.39352,2.2116148,8482,125,-3.28927653615656,-1.687265685984733,-20.450388,-24.774012,-2.190399187225472,-1.397357083106301,1.8091499,-38.28879
1054201,331.9604,169.3812,323.51645,181.4552,0.7003191,8486,56,-1.3457166637319418,-3.2273409679173204,-21.94711,-52.200493,-0.5859667247503523,-0.9863944516152662,-38.828,-39.471645
1055391,299.71664,362.14093,258.4938,256.73163,0.5495964,8497,91,1.3935719103259676,-2.3791482096618157,17.914473,-41.50158,0.6885968341197942,2.2577117675662044,-40.393528,9.535869
1056005,275.90018,235.36127,259.1517,258.60248,0.50210726,8503,75,0.31756173372199525,-1.5894477911642395,9.757913,-51.755157,0.5138128884723976,-0.2757603531297908,-19.380774,9.040375
1056586,204.53804,146.85709,283.2645,150.36859,0.35878664,8509,26,-1.2330422196573183,-0.960345288287972,-48.53576,28.056028,1.4874541214051056,-0.780216799345994,-24.562588,-47.606644
1056927,339.49722,139.48175,324.9522,175.93488,0.7198308,8512,52,-1.902226952017392,-2.863366163011801,-49.67145,-1.1874293,-0.5968954075390863,-0.790924899965116,-37.97936,-42.196415
1057115,230.51399,143.35826,306.23196,159.94511,0.47821054,8514,30,-1.659005820990758,-1.5396120501141937,-50.008884,27.122124,1.2415593589034033,-0.7896696184507127,-25.839247,-47.193264
1058494,322.75418,76.779854,323.30258,177.58397,0.7623117,8527,44,-2.5366577114263524,-1.7978560797316674,-50.26527,-0.92403543,-0.4206772367089258,-0.2793023230605713,-37.219418,-42.799755
1059033,331.43994,175.51646,323.98196,188.41795,0.7362702,8532,58,-1.2943220083810987,-3.23932075896062,-21.485031,-51.95226,-0.5705415245820517,-0.7688140206444934,-38.73182,-38.74839
1059594,263.90805,367.9267,257.09372,257.74445,0.6260442,8537,94,2.8351286527391446,-2.666202960329613,21.489147,-37.445995,-0.28226533943871573,2.9301896146239077,-40.55955,9.816589
1060225,246.95216,360.71402,266.08398,257.03873,0.4696322,8543,95,2.084846754979404,-2.351558275419366,13.393735,-33.140392,-0.5330507381207344,1.8569721967345596,-34.21149,0.76570636
1061161,355.7486,325.3041,261.99948,258.05,0.35254973,8552,86,-0.39269737458182447,-1.5035308864365555,12.411027,-46.938023,0.9666019381215702,0.6969629562271764,-20.066744,7.8885236
1061203,179.13715,155.11943,258.00647,142.62642,0.20295198,8553,23,-0.7504067613646315,-0.24557074803147114,-47.302803,28.860443,1.273582431368717,-0.8507102746818888,-23.411747,-47.910164
1061309,196.10088,143.58833,273.72348,147.01266,0.31204352,8554,24,-1.1339981522937468,-0.742966055114903,-48.092648,28.364363,1.3611259350526215,-0.82210990097696,-24.082827,-47.692482
1061778,244.952,242.18193,251.90334,260.457,0.3399261,8558,73,0.5116190330750386,-0.8418538457801426,9.468737,-53.29835,0.8696572767732113,-0.5205697553050933,3.4765117,6.06879
1061857,324.15863,97.700745,315.4689,169.40819,0.6514223,8559,47,-2.2289020450164414,-2.0992739397731084,-50.09478,-0.5779633,0.2718901244689683,-0.56911542419379,-36.58608,-43.142845
1061925,106.19703,209.79066,227.8778,139.00856,0.019508187,8560,10,-0.7766711313865392,1.059219111844706,-40.308064,36.37833,0.8280039886897904,-0.7880280651780519,-22.494902,-48.21962
1061937,178.79837,139.97183,255.02524,142.59332,0.23640937,8560,22,-0.872742744795705,-0.25485070324946896,-47.3203,28.850136,1.1213908560780659,-0.7266276454310366,-23.558863,-47.6264
1064814,37.223953,482.43253,178.2202,432.65894,1.3843611,8587,44,0.04436095467621365,2.7671946478213814,15.7513,44.60443,3.691848275009866,-0.38866631000099316,51.533825,39.199688
1065795,123.17082,385.4386,219.23505,290.93997,0.8227329,8595,105,3.2166536155107948,0.12701012691702065,55.989986,10.567829,-1.0849102615195891,1.5529148790482357,9.644207,38.220837
1066187,24.474562,453.54785,178.2202,432.65894,1.3843611,8599,37,0.044521056382727325,2.8322549504884917,15.514875,44.71156,3.668738285991177,-0.4145721895950653,51.92047,39.234516
1066303,23.842861,457.48962,178.2202,432.65894,1.3843611,8600,38,0.042645803731526294,2.822644998285135,15.650155,44.29381,3.6963344178709954,-0.42048448917690306,51.588135,38.700317
1067738,64.64825,430.0187,184.03268,324.49338,0.868397,8612,93,1.3981877731961074,1.439727795527825,33.46794,35.512215,-1.3520373495417892,1.1387536122605157,18.963179,45.48752
1070135,168.97137,389.31668,186.09749,338.1386,0.90938103,8633,75,0.8075903368123277,0.9836058183809768,24.346048,35.34892,-0.3103902623868492,-0.19153425456686074,29.056398,36.89313
1071415,48.231148,452.2607,180.03662,328.5806,1.1160879,8644,90,1.2278143892487705,1.8911564469211044,29.28236,37.299244,-1.5512623070545593,-0.04243973870218223,30.108799,40.27173
1071475,18.732983,445.9091,178.2202,432.65894,1.3843611,8645,35,0.02791736274594024,2.8521214931365173,15.465271,44.71712,3.638817697701436,-0.3691120674657611,52.052982,39.156326
1072224,49.539043,417.71387,177.86833,322.57794,0.9769743,8651,94,1.4640264723304683,1.5366417163829418,32.73251,35.164925,-1.1996686031717199,0.5995511637454177,19.090267,44.76414
1072515,34.873276,470.97,178.2202,432.65894,1.3843611,8654,40,0.07942050021898596,2.7628387500418072,15.74591,44.346504,3.733688723922925,-0.49812943877200655,51.42809,38.98659
1073079,34.35685,395.13803,178.2202,432.65894,1.3843611,8659,29,0.09563248520472213,2.8555840423664214,15.167167,44.365425,3.670234796789605,-0.26441305572984714,51.971428,38.51334
1073306,51.02357,380.02002,178.2202,432.65894,1.3843611,8661,26,0.10688870726101836,2.822739653986645,15.049248,44.36376,3.6843282439214304,-0.15408058584673173,52.27436,38.77091
1073522,232.11244,289.09695,178.2202,432.65894,1.3843611,8663,12,-0.654738699709433,3.4508712120375566,13.350948,44.873077,3.442612421559188,1.399973447983112,52.9971,38.200928
1073697,147.86496,415.11246,182.17068,373.43063,1.2761567,8664,72,0.729432483225961,1.3753708812965633,22.77865,39.804546,0.11156947837350945,-0.8176056563473791,34.891033,39.51983
1073953,150.86647,400.91095,260.213,321.55157,0.8943,8666,98,1.4483608927964464,-0.0052945012440068495,20.083328,4.9796143,0.6981210095377833,-3.0012870974929626,26.944925,49.58085
1074561,164.18538,312.99365,178.2202,432.65894,1.3843611,8672,16,-0.2065591976876358,3.0615329322460476,13.922449,44.721344,3.669753072266565,0.9291801065170205,52.785255,38.30489
1074667,355.40036,276.66458,178.2202,432.65894,1.3843611,8673,7,-1.3369320666047657,3.873541719872089,13.042807,44.939697,2.8244440518771343,1.8881422994158488,53.111786,38.1433
1074726,137.04593,454.74368,176.12729,417.52206,1.397595,8673,66,0.5366373808219155,1.8671525130986353,21.354502,43.183712,2.8974396622443903,-0.9623375811370751,37.457077,40.267128
1075693,242.68867,296.23343,92.65885,330.80176,5.938035,8681,113,-0.3379609125872412,4.180486231391149,2.566629,44.245075,6.9520342367087355,1.0779827655731233,57.991673,3.74178
1078876,375.167,313.55746,297.82114,234.10243,5.778106,8723,20,-1.720667828047778,-2.3192676894190485,-45.43534,-22.898518,-0.1507226408986265,0.05535879257193327,-2.0444207,-13.371496
1080615,434.30347,139.40923,298.00024,233.85077,4.7157054,8747,7,-3.165414587777538,-1.88026843351699,-40.282448,-22.98313,-0.216655466066466,0.044227129108430394,-0.89715266,-12.292103
1084322,117.52812,408.2067,223.97624,277.28955,0.7388085,8791,126,3.3086820334194047,0.14419520505761016,58.42681,7.7840614,-1.2653736480114897,2.6214624184150908,-30.071499,48.435272
1084986,151.96118,423.49463,224.90776,277.14297,0.7401298,8795,122,3.117822505799238,0.05120920630157164,59.11729,7.4254045,-0.9501079470087804,2.239746825467109,-29.388494,47.872612
1085849,133.48894,341.91083,255.35754,248.82124,0.7568872,8800,150,5.279622039461667,-1.6687338532776765,58.225033,-15.523806,-3.4965636683001615,6.118576509201371,-43.36292,31.196909
1086172,148.15929,357.31784,240.87453,259.22583,0.7537685,8802,139,5.839615205653459,-1.7400485831629007,58.54838,-7.156286,-2.6480019510509343,6.734229063296496,-34.35324,43.334373
1086511,159.2036,346.05173,251.46838,247.649,0.7614134,8804,144,5.279054603849934,-1.9270161788274667,56.55279,-7.265309,-3.3293935140575215,7.159939169729798,-36.453594,38.285355
1087330,115.08461,390.89502,224.16809,276.8914,0.7460026,8809,128,3.488139655910208,-0.07097791199853137,58.100742,7.619145,-1.5283679297089954,2.8870895330644273,-30.496788,48.577587
1088751,202.14131,192.458,168.73946,222.97632,5.8790455,8818,46,0.2908967551478596,0.738846575294642,-33.69365,15.663746,0.2727637488845714,0.8683493654377453,8.423364,-11.716174
1089711,319.03748,368.5185,91.8267,214.41402,4.9043655,8824,4,-1.2310524212784912,6.15657746548715,-31.279306,43.749397,1.6132714961317267,4.429858863267556,47.500114,-29.386415
1089740,111.84205,160.20412,106.95329,209.00557,5.1187363,8824,33,0.3850138489245643,1.5123178531463453,-34.763718,33.462666,0.022448353020925606,1.2421363248333845,36.153896,-38.26535
1090110,119.83349,208.82674,199.05443,265.65567,0.25012192,8826,69,0.8647975740305799,1.7911289286356993,29.472603,13.447214,1.0867965338088283,0.24921623086901112,2.2505314,57.606842
1092514,128.88986,371.27167,223.79774,272.76553,0.7312134,8840,135,4.038660053736443,-0.478799492385877,57.776665,5.306685,-2.086852105234698,4.162991264026593,-31.346533,47.26374
1093865,154.42766,354.33475,269.08264,261.08517,0.73373926,8848,150,4.276975626535544,-1.6640332364714736,50.097702,-13.702717,-2.216825217585052,-3.3063588786505282,-28.953928,21.19975
1095457,95.68903,236.08229,200.0346,269.53302,0.27137753,8858,72,1.0361239791106973,1.7597939153922235,29.485943,13.56123,1.0300729022167674,0.05977775149841345,2.2659073,57.51063
1096135,120.89637,248.10063,195.5303,265.0458,0.14253117,8862,82,1.2423663679520125,1.2621041581739143,29.259018,13.657606,1.0180110405264864,0.0020634893146894775,2.347088,57.523293
1096823,203.65878,426.3173,234.1841,271.08057,0.5395801,8866,102,2.5902721862029487,-0.60531960009819,17.722946,-22.098932,0.6485516778605099,-0.021455882972236887,-10.970885,24.803448
1097155,156.79272,465.13,234.82774,294.2119,0.40268633,8868,100,1.0629879428039286,0.7169872953703463,19.121908,8.208241,1.7519740169421911,-2.309802985189922,-5.5701656,30.887712
1097673,149.85997,340.2671,145.85489,451.11765,4.223892,8871,117,-0.48184341781084866,2.3231173418492523,10.991216,25.99842,6.156437632405791,-0.788925462144685,56.695354,18.359348
1098637,118.157364,251.2699,64.70582,285.58212,4.6577106,8877,79,0.4665356841995725,2.4905277319882795,4.293463,41.643627,5.371384625433435,1.4884490054368344,60.866245,0.11708018
1099963,210.62732,288.23538,118.3549,136.45995,5.3814597,8885,69,-0.38768063864294794,2.611616801711352,-34.47451,41.942562,2.0278566335027155,0.9890926642258905,42.348038,-32.593643
1100072,98.34092,327.45285,91.8267,214.41402,4.9043655,8886,11,0.6189278069185963,2.9260493228879123,-11.685443,55.77519,1.7986208287290797,3.207901395854483,48.11313,-30.281433
1102430,301.98666,361.17297,317.5184,298.8926,0.728179,8901,85,-0.58500916399138,-2.5609391024596766,6.813311,-27.23657,0.11987165315541243,0.18329419609404418,-28.252665,1.9396601
1103229,334.2583,233.22572,275.38058,241.73756,0.8405042,8906,134,-0.3064966151915342,-2.1354000634872774,-2.9604254,-50.147625,-0.24145032050662915,-3.4506652241938434,-54.92061,-1.4744458
1103524,351.96478,275.31152,273.63318,239.1436,0.8473618,8908,129,-0.5915865463082125,-1.535461761611618,-2.3312273,-48.792595,-0.2168884432948165,-2.4967121776453975,-56.55417,-1.6457905
1104874,353.14813,272.05978,269.81015,239.57947,0.81430537,8917,129,-0.5260428432393799,-1.4989174447953986,-1.909713,-49.005398,-0.20749962165716018,-1.503687598148158,-56.071846,-1.127814
1106753,399.5297,341.73975,345.71155,323.67834,0.62760013,8930,58,-2.015141690234932,-1.7339607257442764,-17.082312,-25.056053,-0.2003048563687707,0.12483320845562738,5.50181,-27.309143
1108665,264.13214,396.87796,308.26956,345.67273,6.1504264,8943,20,-1.2629056833870596,-1.115749960136576,-15.958806,-20.427711,0.7633938416903614,-1.4245291142966408,-2.5828397,-24.726131
1109901,393.49634,334.0576,347.6804,320.76337,0.6018213,8951,56,-2.000931511705802,-1.8098712003751065,-17.105349,-25.069622,-0.05452110821227759,0.10365765302806586,5.514107,-27.30722
1110147,170.43704,429.17896,299.89597,368.74048,5.820049,8953,2,-2.897979915642937,-0.2641806291323946,-6.954177,3.520139,0.2913952204841425,-2.3399355930070604,15.47442,-1.1520181
1111156,313.23685,349.01562,297.65317,273.26913,1.1140581,8959,111,-0.09687032637947104,-1.7553117058633467,6.659663,-34.831436,-0.4327752732330366,-2.7015674688629954,-60.223804,0.8969701
1111270,331.98776,410.5382,342.09888,334.9547,0.74687254,8960,75,-1.5496964987395694,-1.9444611296081027,2.905127,-21.152771,-0.31868547427669897,-0.05249554183616775,-14.356199,-7.465043
1111472,349.8436,319.95023,281.23096,257.15515,0.80919653,8961,127,-0.20968955890544289,-1.891528949048513,3.047388,-47.084606,0.17168419409188285,-1.8652437078818742,-47.432507,7.1332073
1111527,270.68063,315.90738,347.14252,306.2393,0.54334885,8962,32,-1.8774947022073267,-1.39920875571792,-23.120955,-5.5872293,-0.15689376689580875,-1.4501514796864452,-3.2159982,-25.614075
1112334,288.28647,353.20276,308.4117,290.05533,0.7759935,8967,89,-0.1428934547218177,-2.570677987493291,8.014043,-27.867876,0.07689381953034624,-0.17897658175742676,-29.007986,2.054158
1112577,234.86215,322.8856,305.5644,366.0373,5.8599186,8969,32,-2.5230213680283637,-0.5150318653620667,-5.7681212,2.888271,0.05487609119491562,-2.3748184032101807,15.897588,-2.2822366
1114899,357.52356,390.7546,380.33466,314.05264,1.3050535,8984,104,-1.467379320472481,-1.9996701471928922,-24.108652,-25.397705,0.09522230682146238,-0.4742719503609478,-23.4049,-30.05506
1116764,124.50528,229.17236,214.95871,249.79182,1.4675217,9009,19,1.121349811544122,0.7213113016805933,44.133793,16.213753,-0.339347126368078,-0.5968117685522571,1.2607932,-4.2351837
1119380,127.10692,358.4958,230.87712,271.25406,0.77100205,9052,55,4.558625593529863,-0.8686633405517158,58.943,4.6321707,-2.1827536732250867,3.988890872153992,-32.73256,46.66836
1119542,152.81766,315.79425,228.84424,274.4764,0.7201465,9055,37,3.101084351700067,-0.4685734646616604,39.843563,3.4533129,-1.0834579043563433,0.6904849685879646,-8.381172,49.58452
1120262,162.3771,306.18277,232.24194,289.33176,0.9064418,9067,37,2.325713588483887,0.09380556335226686,40.241123,3.9462771,-0.4330154207391912,-0.24031370686020959,-1.9249135,-4.2339997
1121512,105.7092,235.31158,215.01279,247.9539,1.387404,9088,27,1.2431123013936076,0.9187277883095635,44.210033,16.173786,-0.5138273241500741,-0.6830079793778207,1.2825795,-4.3110456
1122689,291.82748,389.6834,273.92096,314.1824,1.0742,9099,76,0.1914179994600575,-1.4832589066708552,12.548513,-24.136517,0.1229505285525839,-1.0117450439571698,-15.309906,13.073561
1123103,82.68431,405.5356,208.11118,355.96765,1.205648,9103,42,1.0999569042338992,1.5624481178648868,23.36449,42.102467,-1.8030002206808937,-2.501230221767315,31.995985,47.437492
1123369,280.47165,357.00525,251.69118,283.5959,0.878768,9105,84,1.3422945784580793,-1.6711771945160496,15.315078,-40.205524,0.6067364238728967,-1.149128621381715,-17.167015,15.981166
1123499,144.9911,411.75952,240.6857,270.21255,0.79385984,9106,102,5.324691767059051,-1.2839686619204351,61.38484,-1.4840443,-0.9142465815822077,1.8924901978017736,-26.073338,32.265835
1124167,221.70361,421.17316,241.62708,269.70093,0.7869298,9112,98,3.986596290643187,-1.3628507239767975,25.242935,-26.491446,-0.14752496428852355,1.608360667685054,-26.089378,33.263565
1126000,32.280415,408.43036,173.11649,369.15067,1.2108679,9129,27,0.6264518967664502,2.411876348888157,19.911983,44.444588,-1.2267192824988562,-2.164596513801317,37.202152,42.902172
1127005,33.66565,397.97952,173.11649,369.15067,1.2108679,9138,24,0.6076241232570168,2.4495737258494774,19.795439,44.327988,-1.0719982032762434,-2.1756761763063523,37.478176,43.07965
1127702,120.18068,401.95847,237.99992,336.64957,1.1094879,9144,49,1.4103488931101014,0.8504883220430999,22.584576,29.747265,-0.20258693860275104,-2.561728492060959,29.622292,48.105324
1129484,61.827274,400.59796,192.1831,365.8003,1.268247,9160,39,0.8735063352976884,1.9387540246249213,20.340607,43.33149,-1.6587770756826503,-2.3321474520087406,36.35647,43.996353
1130925,16.854061,407.61578,173.11649,369.15067,1.2108679,9173,24,0.4206005855472901,2.6712624290272173,19.922653,44.686626,-1.2884083505549742,-2.009585313933572,37.23284,42.667007
1131004,121.73177,456.25735,187.93382,360.21545,1.2341129,9173,103,0.7355304381462363,1.6322628704403814,22.148462,41.58559,-1.7381439607782347,-1.0904420573398834,35.23984,40.62946
1131242,71.28891,245.98477,173.11649,369.15067,1.2108679,9176,5,0.10935542105335296,3.4751414847956696,18.555157,41.47177,-0.736492229912828,-0.9847659022960653,39.172596,43.629425
1132737,36.18043,460.8291,173.11649,369.15067,1.2108679,9189,44,0.4573460180816231,2.5261181643237496,20.181145,44.937275,-1.2660756952224383,-1.7593013404408244,36.710564,41.996613
1133344,200.72238,269.32956,265.2927,272.57275,0.8194338,9194,73,2.63474320997393,-1.264315636760728,41.657116,-1.7864197,-1.188425854601789,-3.646801387799317,-15.7408905,45.47992
1133358,199.76976,165.74721,265.32806,272.5677,0.8198882,9194,87,1.3750872326802221,0.028007028803847624,49.556824,-19.79132,-2.3860721434684753,-4.570095858470062,-44.417336,2.301282
1133847,334.35056,376.29013,265.79984,272.5313,0.82096314,9198,104,0.9505260322040258,-1.6599004264876036,15.569078,-44.167206,-0.9669131085768154,-1.522126573094783,-41.591434,12.110831
1134134,149.43752,392.9434,169.44638,342.86783,6.0774984,9201,37,0.8636981417611658,1.1849904507491782,19.282572,16.475956,1.3864227103886686,-0.8499561912883434,9.763204,49.64511
1134895,264.69037,181.31717,265.7193,272.54135,0.83970326,9207,90,0.4549976611264357,-0.533339269634052,8.586646,-56.714394,-2.2937389940903077,-3.732078576231331,-44.478523,2.413317
1135845,348.73547,272.32806,263.91507,272.97708,0.79971015,9215,96,-0.3005694671634017,-0.9101617844228013,9.749927,-47.509575,-0.9431727367801527,-1.8942945458317506,-44.08612,12.750351
1136410,203.6698,268.60577,268.38776,271.64734,0.8142432,9220,71,2.4297568874337756,-1.2592893751924668,41.67357,-1.9301605,-1.2372689157906944,-3.633980585496816,-15.741534,45.44947
1138052,198.84166,279.22632,261.6393,272.64862,0.6869154,9234,61,2.531250161383442,-1.1110609160822291,41.460636,-1.7394543,-0.07248284206085487,-2.7919615451318798,-14.956879,46.197796
1140474,77.12883,285.02808,158.1625,357.18033,5.9706206,9255,5,-0.41932905440619156,3.3584531572264313,16.33755,23.307455,1.3332607278054442,-0.30677362209139597,57.696907,30.632236
1141005,187.62215,267.11377,259.7163,274.756,0.7737888,9259,64,2.78843094130818,-0.9925301653992745,41.624744,-1.2195432,-0.4568145777303484,-3.749144423304792,-15.450534,45.962883
1141071,52.162804,353.18912,158.1625,357.18033,5.9706206,9260,12,-0.25176246440793304,2.828822248902691,16.354336,23.31048,1.4342190532714296,-0.6740546551104734,57.628597,30.678288
1145396,131.4005,372.45737,228.18643,278.75925,0.7955864,9298,75,4.191972430162729,-0.6009321344203115,58.452248,5.456411,-2.1412340522816753,3.007879084792077,-32.69551,47.718304
1146880,179.59375,155.32265,171.76286,247.30107,2.8997374,9317,20,0.28059372455410314,1.2874036000180118,-21.563128,33.245605,-0.7773352210795768,0.45620822841231456,25.021011,-26.704893
1147272,339.3421,317.92444,182.22098,247.89436,3.5720778,9322,7,-1.958806270724914,3.6690546733688647,-23.727352,23.417704,-0.48166421240938134,1.848995995272275,22.658247,-26.752779
1147926,282.69272,196.97626,182.22098,247.89436,3.5720778,9330,13,-1.1784556743132066,2.246507242704935,-24.067467,23.85919,-1.0991777581806312,1.5277384448737392,23.867086,-27.38121
1149748,149.78831,306.3935,203.50711,302.46432,0.91403157,9352,53,1.681375778681539,0.8986308688117999,34.171597,19.949306,0.46772597331980675,-0.14091779364252177,16.989233,40.514446
1149780,337.6693,407.72354,182.22098,247.89436,3.5720778,9353,4,-1.9522710886214876,4.07190246112803,-23.573362,23.341787,-0.17468792294990984,1.58773917470569,22.480715,-26.579788
1150198,230.24414,162.1297,179.40002,246.85979,3.3736043,9358,17,-0.20922034507288123,1.3366467090157421,-22.441994,33.468605,-1.300117297170599,0.8345508286080405,24.623117,-27.285553
1150544,87.74428,313.96597,166.23157,299.69635,1.0062145,9362,39,1.3615706379458272,1.458174035716851,33.69285,23.32324,0.3180302039337412,-0.5912520737781267,19.904812,41.46918
1151376,74.81794,341.373,135.36977,402.4043,2.0041773,9372,61,0.5783244224803108,2.380121690196605,9.757922,41.6592,7.163377415572604,-1.3317998124998334,61.09714,6.9282565
1153242,328.31268,346.67307,280.7261,257.66254,0.9506039,9395,48,0.05878179759579531,-1.632756524529679,-0.14689316,-47.455418,-1.1773183047367561,-3.642069207568713,-58.572746,1.4167218
1153855,211.20149,347.08572,281.00143,257.57278,0.9479826,9402,38,2.3678791833206625,-1.7119351118585413,15.035852,-33.796085,-2.3973710305182134,-3.3090164310352743,-36.3957,1.3324629
1153973,340.45508,328.51407,271.08566,245.42142,0.85751724,9403,67,-0.16472931205613026,-1.282854279924666,-0.55784196,-48.236416,-0.999004321824894,-1.8832394482062518,-56.588116,0.20655824
1154470,224.52911,349.29263,280.99304,258.03192,0.8371235,9409,30,2.383292676097742,-2.0917011847808262,14.585746,-33.44245,-1.8707926056662891,-1.712609741026684,-36.03203,1.122972
1155021,326.66907,349.9738,281.98676,258.6476,0.9707519,9415,47,0.04734827680001892,-1.5904536054233351,-0.2322292,-47.402725,-1.1696337278820261,-3.810230829296802,-58.750122,1.2990005
1155324,284.23575,238.05742,271.53644,246.2786,0.8520894,9418,83,0.57831757647453,-2.618585557291654,-2.0702186,-60.43829,0.5196315766391643,-1.5640218251897704,-51.8389,1.0855654
1155762,314.16483,230.70314,271.0301,245.0628,0.8501911,9423,76,0.04399114449087413,-2.2974422268224215,-2.811946,-51.2639,-0.19283628224515412,-2.8728455687806336,-54.62666,-0.5758525
1157376,280.76712,247.53653,270.63715,258.5804,0.84431016,9441,88,0.7063725546997714,-2.50273993100216,0.97960275,-58.564987,-0.07052753145576945,-1.6037761229394552,-48.59539,2.3358424
1157492,239.95802,364.35318,283.9629,259.77274,0.6650771,9443,26,1.7466385798567616,-2.1622663865648577,13.521116,-32.908955,-0.7008458979707335,-0.4128082919651473,-35.100197,0.5615892
1159092,259.4389,373.95828,285.55637,259.5886,0.47797015,9461,24,0.8514712378387491,-2.1572985378534484,10.072782,-29.183714,-0.15249319092798969,0.6216613311810409,-34.54823,0.57774955
1159095,233.05264,358.06924,285.3634,259.49255,0.7545313,9461,27,1.9272082772164398,-2.0466887899686323,13.865225,-33.053913,-0.9917709425153822,-1.167965346178285,-35.471233,0.6429951
1159220,298.08163,319.7457,271.70544,241.99866,0.8776374,9462,63,0.35428685202837257,-1.6309641433939237,-1.5633664,-46.640663,-0.9139100329764792,-1.6806520742415187,-57.441372,-0.30944136
1160571,285.6068,255.49115,289.2947,187.49568,5.486639,9477,79,-1.6361562426367215,-1.5118574511381513,-44.427658,-6.794461,-0.996932642042759,0.1763371520444681,7.405006,-51.03007
1160934,287.22513,228.50912,243.48242,246.57379,0.5904135,9481,86,0.5259894735425459,-1.5951772482798994,4.4240565,-57.775482,1.0442136534210538,6.27889401782865,-50.462143,14.100209
1161297,384.0689,245.642,297.82623,252.26112,5.023381,9486,4,-2.4359979899540365,-3.017642579932895,-43.555695,-23.845331,0.11828588002212431,0.18087292975680325,-1.6368521,-12.198208
1163217,218.49283,360.04166,245.79813,263.5369,0.78611475,9502,124,4.531267547074866,-2.360761949408795,24.84691,-27.495165,-1.6038821740043323,3.796388865480188,-27.394945,33.667988
1163497,137.75511,376.24875,245.78738,264.1748,0.78718686,9504,132,6.580673517908708,-1.872294452264109,57.777542,-10.689631,-2.253947336219152,4.026328397657736,-30.13205,32.374733
1163798,438.01773,304.3444,362.64252,206.60555,6.118948,9507,25,-2.2744652541843875,-1.9812994812571314,-46.64518,-23.368769,-0.07537401947173795,0.40730981049401704,-0.6481397,-49.437183
1163928,398.903,374.7352,362.64252,206.60555,6.118948,9508,19,-2.6629796882640453,-1.4332987321398047,-47.14599,-22.975191,-0.5813711891364612,0.8939613166598459,-0.9721195,-49.618458
1165259,194.04698,381.31598,245.58633,265.2627,0.7767815,9517,126,5.417501233107421,-2.1874253232139766,25.354685,-27.124243,-1.6209311248634037,2.8603895044924434,-27.094158,33.412415
1165558,367.80292,385.35104,362.64252,206.60555,6.118948,9520,17,-2.9586159039996427,-1.2647769514823948,-47.433735,-22.85154,-0.8023520699287269,0.9964060350996647,-1.1379783,-49.697792
1166699,395.27542,182.40192,333.38943,195.20132,0.8426462,9528,70,-2.2768310107459504,-2.6631689966135355,-49.042717,-2.3666751,-0.4686159197135004,-0.2747204865087296,-39.223423,-44.259846
1167013,246.57048,335.70264,259.33224,277.65997,0.7437708,9530,112,2.1895132174092407,-2.387426892858348,18.889957,-28.05008,0.649540672616343,-1.0453809725069754,-31.293627,12.495007
1167955,328.9686,355.22092,256.51715,290.8965,0.68177813,9537,102,-0.37645879912433206,-0.7773336167251914,12.669017,-42.832733,1.1265757803172816,-2.256333538317526,-19.50828,11.507322
1169576,280.5542,228.94493,264.19,236.10512,0.5627109,9549,91,0.3902847804373875,-2.6400915890357277,-2.4321337,-59.50582,0.4188826548935238,1.1947201477415113,-53.4932,8.643257
1170883,344.19556,291.8741,348.24353,204.15668,0.3945538,9559,38,-1.5672725229187994,-2.2348480644706488,-47.687046,-13.259103,0.1849452603387271,-0.24989433040403897,-28.759687,-54.708073
1172402,334.20486,306.12915,318.07016,192.44707,0.7222032,9570,61,-1.4445796785556138,-2.0034326572516767,-47.274853,-10.360814,0.8268837958202432,-0.6341820697106197,-34.214546,-54.60899
1172460,213.90335,335.6939,235.75903,276.15262,0.8442835,9570,119,2.8437421271004446,-1.4495218137878254,19.861738,-24.428719,-0.13109934899148468,0.6746954365509309,-15.17551,22.140415
1173008,231.20683,332.2647,257.1772,251.24324,0.8350244,9574,123,3.403928566897292,-2.44141505520135,21.919048,-32.859024,-3.3812953264070846,3.46166643872586,-36.694077,15.859781
1173009,222.82642,349.38953,257.1772,251.24324,0.8350244,9574,124,3.990316186398006,-2.4132324029073238,22.5269,-33.43501,-3.748314803494024,4.027797845047457,-36.765266,16.083403
1173496,429.6266,240.7023,351.2182,203.01897,0.8280792,9578,67,-2.0736117658004356,-2.441181655109537,-51.790195,-6.663204,0.23575085431808815,-0.23092764654568937,-35.149765,-50.004005
1175338,161.09665,380.98914,362.64252,206.60555,6.118948,9592,5,-5.451291162928149,0.27865939176735927,-30.62474,-15.386669,-1.6534324235771738,0.2739557433142136,-1.8703489,-49.836918
1175732,192.2171,445.61197,289.47,257.32306,0.8079764,9594,127,1.1363984078364522,-0.9687830629658281,46.74008,-14.494429,-0.324092133121743,-3.690359982732956,-35.937756,-1.0033997
1175796,69.5319,370.6528,185.53613,266.5214,0.7689414,9595,55,1.7765596816298794,1.6577379446262341,27.053917,24.355442,-0.8256251889228482,0.635152709974809,4.6095924,39.97217
1175938,89.30726,394.76068,211.97537,290.3267,0.7179171,9596,88,2.234346092176878,1.1302936321306982,54.036842,14.348064,-0.15692740555593568,1.329635094502975,7.9935927,40.389473
1175996,143.14618,376.0339,185.7154,266.5374,0.62819815,9597,37,1.71810188161962,1.1703820913822807,25.681814,25.733881,-0.8750515014523756,0.9298213864487771,2.1252007,36.325493
1177223,129.58858,288.5607,188.1226,268.95993,0.7420458,9608,65,1.6892889918665897,0.8339515229005092,33.00316,6.0732665,-0.6025251087073922,-0.08169561819314568,-1.1185868,47.79695
1177305,141.66695,374.52936,185.61487,266.53394,0.645328,9609,38,1.7282432546072328,1.200260359152492,25.701979,25.68705,-0.8686937990136883,0.88627846765017,2.227978,36.35689
1177723,265.22232,348.39114,189.3295,266.36566,5.8065143,9613,20,0.4317051957191276,0.0729585336682223,12.844219,-13.616978,0.30131667666281586,0.925303992511146,-1.6876414,25.316511
1178226,88.30249,387.957,215.74065,290.60895,0.7427752,9617,87,2.279054647476515,0.9801686420951976,53.977303,14.013732,-0.19091693700482307,0.7797198663308752,8.133319,40.364822
1179178,76.05308,329.98672,184.91847,266.48514,0.7813969,9626,58,1.7329630851673832,1.2763239948826497,27.394587,23.93533,-1.0452758600711916,0.0456243185002668,4.426657,40.426765
1180496,128.98256,292.96396,190.13602,271.0285,0.748146,9638,68,1.7669842303585535,0.811308607449106,33.03221,6.2302785,-0.7112281820158541,0.017287818476249134,-0.9992924,47.821808
1181281,97.615234,397.78415,207.64,288.2577,0.73787224,9645,90,2.4964283253548305,1.0487289036955574,54.359608,14.842742,-0.658367626998873,2.2313817531238036,7.3135643,40.24958
1183683,125.80561,368.07867,223.86516,274.36713,0.69559044,9667,94,4.000341989845245,-0.5327708171332287,57.716892,5.795478,-1.8743472624151067,3.6178055188674123,-31.121353,47.920216
1183738,130.87222,368.81238,178.61218,266.7546,0.7063933,9668,40,1.6948535071942274,1.3609424849479053,25.850924,25.539007,-0.48312022328962306,0.5856783436879016,2.6542923,36.489517
1183989,133.4096,308.79962,196.31203,261.69467,0.5386702,9670,73,1.9134151472157799,0.40630350006123456,33.939537,6.548449,-1.384086523622242,0.3110142215903463,-3.4992843,49.338608
1184537,158.05885,317.5958,213.61638,286.99442,0.5768871,9675,76,2.1456971882355638,0.23671938742340953,39.89483,4.6520166,-0.6798958506860688,0.37205373345129783,-0.8733411,50.49021
1186239,151.65538,369.23697,184.98549,262.44022,0.57357293,9691,34,1.5734776495927152,1.1139527732884542,25.390976,25.779081,-0.9015867889730281,0.7688818186574582,2.003864,35.939823
1187189,411.47946,58.703056,340.9365,151.47949,5.315397,9700,11,-3.8770486392023398,-1.6575675939907786,-60.593292,-12.037406,-4.610074906211181,-1.6943045545169866,0.9589889,-58.87022
1187409,441.76315,118.011314,340.9365,151.47949,5.315397,9702,17,-2.92367392149931,-2.1148585939606916,-59.63321,-11.667353,-3.757726814967921,-1.5556588113090999,1.3162664,-58.393917
1187420,424.37164,212.76465,339.06088,153.56319,5.610893,9702,28,-2.1757744117308944,-2.1955838350446535,-57.497566,-10.356024,-1.542434415130153,-0.9667991923074718,3.6139672,-56.087986
1188002,370.29044,122.04548,328.9868,156.5484,0.6405306,9707,75,-2.231710573139804,-2.081186928413363,-50.37822,-2.0164843,-0.2388548069070262,-0.4519559633434218,-36.35226,-44.51295
1188044,398.06723,53.567104,340.9365,151.47949,5.315397,9708,10,-4.048252671253739,-1.6483132932506186,-60.732418,-12.080501,-4.645105582040119,-1.6827222840450602,0.81596345,-58.68981
1188311,363.8165,268.63684,329.38522,156.74582,0.64348704,9710,63,-2.2509260900943304,-1.834149917005591,-48.748405,-7.575538,-0.5080966177877092,0.20040667012086283,-36.95961,-54.39695
1188512,295.34113,272.50412,329.8386,156.1426,0.5374119,9712,50,-1.7842621023080023,-1.836762546132497,-46.77547,-8.195432,-0.9313650912429283,-0.029601519212273903,-36.17292,-55.542397
1188868,322.68967,168.35182,312.69043,179.54567,0.65685767,9715,85,-1.1952803779729595,-3.0891975687813904,-21.630959,-53.073566,-0.41289668417132147,-1.0762873196989016,-39.372818,-40.487392
1190288,353.08304,49.008762,340.9365,151.47949,5.315397,9729,7,-4.630899584373084,-1.526745432057101,-61.063835,-12.164848,-4.786545490628152,-1.7259641700747255,0.5892323,-58.790524
1190425,371.4576,250.70291,332.09647,156.34407,6.185239,9730,37,-2.0794620660468266,-1.9965250921614637,-52.33324,-9.603008,-0.6713162385086116,-0.6157890990988252,4.667756,-54.368584
1191116,329.51694,168.08032,316.6904,176.80975,0.63997215,9736,86,-1.3195932610449297,-3.1736201350034636,-21.958698,-52.556778,-0.44165497057309067,-1.2231710636003759,-39.183647,-40.34103
1192027,385.48416,236.91113,333.5809,156.04008,6.028594,9745,34,-2.1409644100951053,-2.0273247492593622,-52.680195,-9.599785,-0.8006598589207471,-0.7041732150249439,4.5813417,-54.530666
1192859,398.93878,55.415195,340.9365,151.47949,5.315397,9753,10,-4.000471729405851,-1.6848443962713608,-60.701344,-12.068956,-4.651798864838203,-1.669191147005741,0.8329722,-58.656067
1193520,427.73312,215.79564,340.21594,152.30692,5.6197047,9759,29,-2.156479757374322,-2.168632314595523,-57.497917,-10.357765,-1.6397257758748485,-0.9012067922137478,3.5478623,-56.15373
1195619,246.87871,172.27277,244.69987,188.2556,0.5292137,9778,95,-0.047585347808088846,-1.2440398336112704,-36.501194,8.305615,0.2310552115929219,0.49513660263967574,-21.152338,-38.110687
1195771,389.49988,250.55994,338.80997,152.83069,6.0766077,9780,33,-2.1599548591086064,-2.0247625933942452,-52.677685,-9.499732,-0.9162383891786776,-0.3740212130965812,4.4673896,-54.635468
1196762,315.73795,281.23618,333.06787,140.09534,5.970284,9789,61,-2.7648091345792767,-1.450746673011516,-57.542404,-4.2236953,-1.692099441301261,0.7454887067132652,5.6048207,-55.335247
1196808,307.0,55.0,340.9365,151.47949,5.315397,9790,0,-5.3788367070808265,-1.2323179670913404,-61.36211,-12.222319,-4.997453359147426,-1.7353166063727825,0.4022356,-58.791668
1198212,348.36835,100.7712,309.23508,230.68369,2.2055395,9802,20,-1.999003681493301,-0.09006521234608614,-41.12236,3.0070717,0.34139669573913795,0.5546287018008934,-24.552408,-18.078333
1200723,288.71994,225.53549,278.43103,236.46596,0.80071175,9821,118,0.2880172792799471,-2.8996235217256543,-6.547178,-60.117096,0.06964389829182435,-0.9802833056993501,-42.790375,-30.479425
1201345,352.22586,203.51718,293.92816,226.09036,0.8003191,9826,105,-0.8844734484048051,-2.4042386013115986,-16.159523,-53.368534,-0.9807138685409588,-0.25981472112465065,-38.271324,-33.426704
1202775,371.21704,214.03227,309.23508,230.68369,2.2055395,9838,11,-2.077467960447064,-0.45021029782404814,-40.863792,1.6955409,-0.22976859221893248,0.17605550058888436,-23.618824,-17.936592
1203256,322.86554,218.23834,297.54166,232.23795,0.8318312,9841,111,-0.33861893583647157,-3.3610791917320837,-16.923538,-53.06082,-0.5232801710954026,-0.2145528997288011,-37.93933,-33.744328
1205223,199.42194,258.48083,308.84573,240.38516,1.1330904,9857,46,-0.0508409298810516,-0.5863101076415678,32.609917,-14.441813,-0.3509868889251916,-2.701606816729011,-33.441246,-13.315102
1205282,349.50302,186.76297,285.5942,208.132,0.76007426,9857,105,-1.1028795203606245,-1.7454896818878691,-14.244171,-55.4809,-0.8064530533987038,0.02688218736843931,-46.160477,-28.1808
1205586,272.8213,126.03728,309.23508,230.68369,2.2055395,9860,28,-1.460209885697118,-0.8234767160401106,-40.739616,4.376642,0.6193153289600059,0.25923509580189585,-25.170399,-18.076906
1205706,351.7675,106.24074,309.23508,230.68369,2.2055395,9861,21,-2.000195607584221,-0.11504723680407955,-41.123055,2.965687,0.3063847213811189,0.5790270296950444,-24.510397,-18.079126
1205800,302.90512,234.16974,283.63437,238.90999,0.61559093,9861,115,-0.09009121152138409,-2.8954070148866444,-16.779688,-47.870052,0.0904986717870597,-0.20474684530749743,-40.0833,-30.793787
1206308,293.29083,217.81236,281.70807,227.46219,0.68352914,9865,115,0.03738615447423459,-3.177242004705349,-7.963299,-60.138367,-0.4147130660812185,-0.20257244800563917,-42.352745,-31.150394
1206326,339.38266,279.16394,309.23508,230.68369,2.2055395,9866,6,-2.033065864195391,-0.1259619340476787,-40.503265,0.81753725,-0.2826793624705978,-0.13732358929473976,-23.273664,-17.650486
1206650,272.548,292.33115,290.7077,236.4749,0.84718823,9868,76,-0.025354363393814194,-1.4381225503572834,-16.49184,-5.9280076,0.19932320802809114,0.04057744846173374,-20.882109,-9.726314
1206857,268.53708,123.47862,309.23508,230.68369,2.2055395,9870,29,-1.487270488439876,-0.7162672049784321,-40.722813,4.367644,0.6440095089346946,0.24807913974051365,-25.168886,-18.077797
1206899,294.5797,298.97998,292.11807,244.09209,0.53017396,9870,71,-0.22388872642141788,-2.111649256575649,8.798736,-31.711504,0.3918119424624579,0.8103998104562541,-23.679766,-0.08488052
1206909,299.8293,284.7643,289.04184,230.63838,0.41993782,9870,81,-0.35838677083083487,-2.128327713660056,8.175237,-32.03219,0.12354691368467374,0.5673380659216245,-23.025145,0.033218652
1207243,236.56386,146.93494,309.14734,230.79272,2.156332,9873,34,-0.9876432361139625,-0.8050273473763548,-40.205338,4.5965686,0.7358445179982103,-0.35611377318179444,-25.733734,-17.995667
1207576,315.56512,207.13235,294.5771,224.5015,0.63069487,9875,113,-0.4740920247383605,-3.3814249925582045,-17.577627,-52.066925,-0.5549505453259099,-0.3375564126956351,-36.90342,-32.86561
1207699,341.36105,201.08868,284.055,207.76245,0.5330389,9876,109,-0.8288944645592989,-2.51509237302891,-16.019554,-53.592915,-0.9323210884199662,-0.30032291385628757,-47.932674,-30.686016
1208744,373.96896,213.1014,309.23508,230.68369,2.2055395,9885,11,-2.10452570822207,-0.41668292487022435,-40.866596,1.7029561,-0.20964827262055835,0.22473386681609814,-23.623964,-17.934738
1211269,286.20782,419.70456,319.94315,325.9933,0.6471619,9904,39,-0.9568782197871366,-2.0882832769436277,4.3055778,-20.969019,0.013578796761945615,-0.07218669285910136,-13.023262,-7.5852246
1211544,351.7972,431.55298,325.51486,328.16678,0.03632925,9906,32,-1.8574164779582403,-1.8723891509781325,-7.8049183,-23.235481,0.051384190784897095,-0.1094276945070589,-11.606571,-10.849281
1212239,438.73788,362.29953,334.37415,323.7017,5.3381414,9911,22,-2.5163588680993545,-1.7789283373906717,-14.957033,-31.576597,0.44137435538399983,0.4280760393724342,8.572197,-27.00926
1213547,273.78912,361.55734,301.22067,303.71567,0.9285495,9920,61,0.18247747383960894,-2.569237081162487,8.3590145,-27.295633,-0.3333280698701889,-0.8848286933141799,-29.435541,4.1297665
1214055,326.22052,118.3451,334.34692,323.7042,5.155548,9924,5,-5.105504192589638,-0.4587187121067194,-28.774464,-11.379818,-1.4531913525342195,0.166140109418903,10.483464,-28.165087
1214096,302.87036,418.44907,321.37408,325.0984,0.72187537,9924,46,-1.137849679885709,-2.164440434340805,3.7377691,-21.148695,0.034162865377417216,0.04723121698794036,-13.53344,-7.032874
1215440,361.4305,319.6735,262.49893,251.80254,0.67514277,9933,121,0.1475473773786043,-1.7533065976198807,4.9999676,-48.47013,-0.12830529169265184,2.851829640990636,-45.57394,10.333632
1217861,311.03732,116.84108,334.34692,323.7042,5.155548,9951,4,-5.2472113153258,-0.37719804414412866,-28.774195,-11.393059,-1.5593302293492282,0.03727510852146221,10.536401,-28.184639
1217896,283.61603,420.93695,315.91833,327.72513,0.64059967,9951,39,-0.9478655012817361,-2.0167152582644987,4.6512055,-20.76766,0.17833551688297042,-0.23088712071718043,-12.594521,-7.524764
1218378,272.46283,227.14687,279.9188,270.65167,1.0611541,9954,98,0.5454270716446741,-2.2153415206499782,-0.57322574,-57.127552,-1.1863987372521874,-3.200585446017085,-46.66991,-0.43630162
1219282,450.64615,278.51108,334.34692,323.7042,5.155548,9961,15,-3.3367440145402165,-1.6455516778581947,-15.326462,-33.122814,-0.17381932484778068,0.6722822799869478,9.6355915,-27.836475
1219858,395.1178,397.39838,328.61398,328.67383,5.833128,9965,27,-2.1358906594580613,-1.9533251632791389,-12.778279,-26.982574,0.1684221199477487,-0.06991316941256306,7.4991665,-25.841684
1219868,300.0435,425.5381,317.469,328.97293,0.48182082,9965,37,-1.324306297431777,-1.9653634704489147,4.0757833,-20.354996,0.1165008796534992,-0.17357642053480782,-12.3240185,-8.278878
1220051,260.00848,323.34073,235.43173,261.87982,0.13400696,9966,79,0.6366676158257324,-1.3232820341283067,21.072987,-23.042488,0.20172724559778274,0.8455809874175623,-6.410678,22.866428
1220792,294.5238,230.05243,260.3286,256.6349,0.80979556,9971,115,0.5664020186887017,-2.077815934961224,2.534513,-57.34083,-1.1453090278648215,0.8248500141689094,-48.355366,3.3356764
1221760,269.56693,221.14471,280.251,273.0376,1.086168,9978,96,0.5076362045456556,-2.0768274758390723,-0.6265564,-57.007168,-1.4955594209171943,-3.538147993693651,-46.50548,-0.5509438
1223383,383.00403,364.488,319.47745,342.3313,5.5081162,9990,27,-2.0462290494456687,-1.95161421207806,-12.697616,-27.533398,0.061398448103946325,-0.32537488202379067,7.626623,-25.94967
1223453,218.5645,182.37332,158.40205,413.75717,4.7763224,9990,97,-1.9048354289258842,2.762101825061536,1.0404619,7.470517,3.424452913528716,0.6663402049108128,55.71916,17.633223
1223858,295.54352,281.45364,248.36389,338.45413,5.328198,9993,79,-1.62050113274675,-0.8751543706187173,-8.262877,-14.542192,-1.3978843373252061,-0.5341754092011779,10.973116,3.4555845
1226075,87.84363,438.02533,183.48294,322.61044,0.7520813,10014,70,1.5148248030879972,1.2739120471574827,33.820366,35.395283,-0.429081205391619,1.8579002829828732,17.342558,47.25692
1226273,135.47295,376.60904,225.02046,275.57977,0.73121643,10016,84,4.162188996310657,-0.5798173613841213,58.15239,5.188296,-1.967046480170798,3.790702850053973,-31.734566,47.35102
1226677,183.305,402.0745,206.01282,347.4877,0.92483425,10021,28,0.5592296725678294,0.8589302749009936,23.699858,36.033974,-1.1056524161580779,-0.05543788835515777,28.113754,35.714336
1227799,228.3705,413.22626,198.82867,339.48666,0.84774643,10033,46,0.07612496381976196,1.1042518660847296,22.147427,36.181877,-1.3704449206123903,0.4313920303232399,26.128561,34.34883
1228607,190.14288,398.68008,204.26587,345.45502,0.8328648,10042,26,0.4633413857389912,0.7718962066160541,23.430883,35.684483,-0.8562629411513155,0.07782843164147374,27.826195,35.497974
1229809,189.37633,421.50967,207.40488,349.71774,0.90078676,10055,32,0.33124538510299056,0.8327244423920069,23.675306,36.591652,-1.6479240354799163,-0.08695344438142764,27.939503,35.23296
1232302,232.38933,420.17844,197.53006,332.21292,1.0310704,10082,41,0.154093635111967,1.4225831161681535,21.983408,36.167286,-1.1744992289758625,0.1314051305872972,26.424843,38.81044
1232888,77.9453,448.769,221.98721,359.29755,0.9363746,10088,75,0.5668652705225241,1.6686202497899867,23.546907,42.603317,-0.9447968217250772,-2.6207973806985776,32.717426,46.64374
1233316,318.2427,461.4758,209.3826,351.1198,0.3882848,10093,43,-0.9618954325196388,0.6490748490118835,5.9840884,-6.64157,-0.3254145782150822,0.08673258989599121,1.51056,22.000437
1233913,60.267223,423.63345,239.50084,391.10028,1.3792539,10099,88,0.21244254953093245,2.0934856684416605,23.072454,43.39855,0.2195626745287008,-1.5574438830245285,32.82621,47.229652
1234935,97.147156,441.62714,207.40886,363.7705,0.9498176,10105,88,0.7570761955070637,1.5034058956162275,22.98132,42.59126,-0.5185060386784477,-2.687383214739218,33.484108,46.08993
1235362,254.98166,322.0124,276.0383,270.00842,0.947288,10107,143,1.8462535437308654,-2.570350762416854,15.796527,-31.261034,-1.7783291577536615,-1.152374324974225,-32.67395,6.0641966
1237190,180.27077,450.21198,292.58792,301.03198,0.9423589,10117,111,1.0098969823366606,-0.9642770385287778,46.49997,-12.42187,-0.6486453828591486,-4.139085215325255,-26.289276,17.757519
1237351,84.98902,451.57617,193.72015,371.75836,0.9343905,10118,86,0.6643774318329365,1.6760097655618962,22.114172,43.00971,0.19190641735453176,-2.67363177548531,34.104877,45.600525
1238181,355.62048,291.84787,255.55583,248.91122,0.7518726,10122,172,0.206028593115075,-1.5501639005939387,3.7492986,-50.490437,-0.9088678297708181,5.353964202954413,-50.441628,9.866857
1239139,210.91982,472.08075,156.60744,465.90894,2.615235,10128,14,-0.21232489054593362,2.2211588307834336,10.400894,36.561,6.344847201166141,-0.780090113124007,60.39593,9.696293
1239690,283.3283,470.34158,156.60744,465.90894,2.615235,10131,7,-0.7292900536094806,2.6868175872287607,10.545149,36.245975,6.383267743936652,-0.4179800904349026,60.29794,9.784417
1240057,298.19583,439.61197,156.60744,465.90894,2.615235,10133,2,-0.917613235117248,2.861227288669337,10.614079,36.19483,6.403124231590083,-0.2572862834425269,60.271835,9.765614
1240190,265.47043,327.0912,286.7313,277.48172,0.9910762,10133,135,1.0176642411399357,-2.505426135101892,14.0767765,-30.960855,-0.9889485358888893,-1.5697494556199227,-31.885914,5.4452014
1240726,213.10597,457.5423,294.82663,308.86008,1.0195278,10136,113,0.6014594877693779,-1.0403392345620168,46.30861,-12.3607,-0.5952723425188384,-3.3904076953766893,-26.195429,17.763346
1240923,281.43765,378.0211,289.5859,294.4724,0.8719688,10137,124,0.42134560246210323,-2.5458049173997455,9.035906,-26.03646,-0.10280294750686149,-1.4987491450495036,-28.526787,7.003777
1241614,15.802647,460.10522,136.17761,409.96072,0.83260834,10141,71,0.2235312879532147,2.5538980072567012,14.780782,42.86135,7.370172542249067,-2.400032242435749,63.493412,10.591151
1242248,246.93877,348.469,275.0384,266.8314,1.0963283,10144,147,1.891225218103221,-2.0004342181864767,15.516745,-33.212025,-2.9133031661396194,-2.639974195728109,-34.143314,4.987334
1244967,13.881648,490.4903,135.82947,408.89972,0.88940036,10159,76,0.16957725643371147,2.5993509415509686,15.078186,42.992107,7.152565842848745,-2.309656629622157,63.55916,10.495604
1245779,258.10223,320.25967,279.24954,267.32632,0.9340419,10163,144,1.5069665480012728,-2.46594264064967,15.275161,-31.43422,-1.4465009515769611,-1.1708641774311348,-32.35786,6.121763
1246574,255.34465,476.25064,156.60744,465.90894,2.615235,10168,9,-0.5513240019809476,2.546936251596631,10.502116,36.317394,6.405879833161208,-0.5335791364560679,60.323456,9.77276
1247359,38.80131,376.89417,139.33206,409.08377,1.5939136,10172,50,0.4116285423959534,2.55416940260532,13.641508,42.14022,6.998809220695553,-2.278557373324025,63.10551,9.568603
1251103,23.87168,458.10126,148.53404,437.13718,1.1590153,10192,74,0.10441134857009642,2.5256565121578207,14.636504,43.056442,7.794534154933146,-2.289416698968559,63.60929,10.50104
1252235,141.11981,388.992,189.24612,364.45526,0.51102746,10198,90,0.7011685208443865,1.3650683533010606,20.173008,24.411085,2.821959303564533,-1.8013410382007644,52.25927,28.183546
1253132,139.12547,370.94696,227.85448,269.3097,0.6959378,10203,119,4.558789822566219,-0.8717921093206009,58.60952,4.0830092,-2.1106006570061866,4.658943417890206,-31.63129,46.497585
1253149,106.11982,285.41882,245.67035,249.10739,0.7066912,10203,136,4.202798765964266,-0.7875822385271787,56.215,-18.756105,-0.7980168663807287,8.577811105391511,-45.06541,31.121296
1253163,174.78273,203.0082,245.67035,249.10739,0.7066912,10203,150,2.0493576047984248,-0.7295760818350309,51.818176,-24.822319,0.5540860550836008,5.511786104027438,-51.213062,28.409292
1254520,121.630684,419.25473,224.00919,275.97458,0.7036893,10212,112,3.277405175355348,0.20965932901413326,58.724068,7.711608,-0.9879841174447355,2.4899110393219637,-29.62508,48.239098
1254919,334.73193,482.34833,341.889,403.4424,1.3224845,10215,46,-1.2065692013215883,-0.7252116682903141,-12.84613,-22.133259,0.8427217994856053,-1.1384312801101621,1.8049887,-17.689436
1257844,380.90036,496.3254,346.89664,433.9515,1.5030001,10234,26,-1.3786091661271729,-0.46488574325780707,-13.391844,-21.754866,1.8823522147189933,-1.1215869892066213,1.8013393,-17.71955
1258745,175.3035,211.46472,244.54622,253.85316,0.7171056,10239,152,2.341558030290114,-0.7476460344878825,51.9072,-24.676554,0.5918322988617768,4.897507294701024,-50.74286,29.1094
1259661,122.71976,260.93735,250.33887,256.9308,0.6701592,10245,138,4.250829895786702,-0.7100939893203919,55.455635,-18.070593,-0.5327447653858376,3.744391199794075,-47.902683,30.153889
1259688,424.38818,176.78938,346.89664,433.9515,1.5030001,10246,10,-2.9679700137619403,0.1450603078341384,-6.3864207,-0.9414147,0.7563259746325546,-0.844861616784565,15.315642,-5.744049
1261072,188.92061,201.86452,253.89024,242.06754,0.7556954,10254,154,1.4961666691498492,-1.1091735650378902,49.415657,-24.440277,-0.21527788738770792,1.19338487472541,-50.99831,26.233261
1261600,321.31268,359.92642,270.09576,301.92404,0.58230656,10258,62,-0.7741711517276094,-1.4819743323915975,5.5892887,-13.922559,0.6090006439239494,-1.4175738115238858,-20.191608,11.450965
1262763,87.22907,229.49518,306.56528,283.59872,1.0796593,10265,140,-0.16577349433158683,0.32685666222400933,-24.787085,0.30597323,-1.794025834609184,-6.319526958857525,-18.611938,-20.397877
1263647,214.66385,367.33487,218.86809,292.70227,0.46607912,10271,94,1.0227373260805295,-0.14269958944455133,16.516354,-17.94854,-0.26667121838401564,-0.087423109044509,-4.6599336,22.186216
1263797,228.74869,375.2515,221.06776,292.87595,0.2761366,10272,89,0.6528309563067112,-0.33208268311752615,15.492389,-16.919237,-0.2888355744258839,-0.0670748292025988,-4.567188,22.376581
1264551,307.41934,345.30646,239.21658,309.34326,0.24892165,10277,68,-0.6554355640533106,-0.6548583468218685,6.1718564,-13.060396,-0.4159523465197012,-0.15338943845269298,-2.2066233,21.168484
1264768,131.0904,371.22156,321.20676,297.6746,1.237189,10278,130,-0.13683049156721544,-0.2945224779423518,-24.676516,0.20114927,-0.7344287351821507,-4.772818284166793,-18.363422,-20.386593
1267015,283.3153,357.03366,250.27225,422.27203,1.8279458,10293,52,-0.7285180711038532,0.525948053704544,3.3948545,8.541257,2.158323254892312,0.09176517717195616,25.010195,-0.89368135
1268686,334.65625,161.38521,324.46835,199.30174,1.4490448,10304,44,-1.3026286674673557,-1.6604355048573614,-42.425587,5.930934,0.1292236466099236,0.21146961129090325,-17.439505,-38.23819
1268757,121.92591,322.7267,245.31096,260.03467,0.81846637,10304,115,5.719267585531597,-1.4138578637142443,58.85961,-11.518241,-2.091974649472733,4.991054291489674,-33.39061,32.49627
1268763,129.9157,344.64697,245.31096,260.03467,0.81846637,10304,121,6.1730663448018355,-1.7424152720997976,58.681747,-10.612231,-2.664389992154477,5.707901134372992,-33.088005,32.98204
1268907,134.61044,346.83398,245.49272,260.84186,0.82890654,10305,123,6.185965716390855,-1.8461958956177316,58.474476,-9.820401,-2.9108947695323732,5.453908152203881,-32.93264,33.311195
1272271,196.1277,162.83871,227.64407,242.07838,0.64138365,10329,79,0.7794477488953395,0.6223021965760673,50.737846,-27.290823,1.0223929252592256,4.456167478111686,-53.914684,27.133413
1273776,421.45627,258.84833,376.0271,263.51675,2.4110568,10340,22,-1.8693850414474222,-1.9865399752144097,-34.239063,-26.052343,-0.8598151417300387,0.5042369722752346,-9.060536,-40.388546
1273969,251.67957,243.24794,229.22723,249.03706,0.45176348,10341,73,0.7428839254254344,-1.0689331789005783,4.240549,-59.06548,1.4143463102590583,3.123898052617805,-51.141087,14.998033
1274171,124.56037,328.9494,249.02798,248.87785,0.6131942,10342,133,4.723327113282681,-1.1288109978073504,57.38839,-17.24922,-1.2626531745324292,6.969239784992971,-44.913036,32.568436
1275417,166.50967,215.24763,234.15187,254.74306,0.82536465,10351,101,1.5232472502690777,-0.0117586647880343,43.91196,-6.6913743,1.1580172819977061,0.8546718379496485,-54.556187,18.041054
1277079,267.7043,157.02203,278.8785,193.35503,0.87823933,10363,59,-0.29392957535857756,-2.122046299827859,-38.286865,7.6417637,0.1052237193865487,0.11319089575288281,-19.943417,-39.100452
1277428,140.22525,347.68405,244.58311,261.5204,0.83193415,10365,124,5.988845847331447,-1.8438852191593444,58.3604,-8.691039,-2.98546020539412,5.173613684764551,-32.91454,34.024246
1277582,126.32258,308.3082,245.2106,243.89952,0.998667,10366,136,2.952494703852903,-0.3803093646103137,50.24822,-0.97704434,-2.2002065713384233,0.7002234541699618,-10.0685,3.8147032
1277969,172.2453,214.55925,238.26279,251.58826,0.65508574,10369,97,2.115982026081682,-0.6198149796086452,50.857086,-25.004723,1.157310208742441,4.399243668573635,-50.314644,29.326569
1278198,353.9737,165.184,338.5291,206.7336,1.5932832,10371,42,-1.5078109496180427,-1.661792895402001,-43.152344,5.398035,0.07635753835686532,0.49729049909690115,-16.98466,-37.851788
1281516,101.209274,277.59933,84.96808,284.71097,0.5772376,10394,94,0.43713831663966807,2.279354520369177,6.418939,41.549908,8.090129941982886,0.2077872594668757,61.16772,1.6731672
1282331,290.94766,89.53644,356.73962,221.58128,1.737796,10400,57,-2.197389353282808,-1.3066824999973816,-44.70763,4.980342,-0.520219966747638,1.1454734500163903,-25.920076,-25.903389
1283499,184.40996,356.73514,155.38347,244.0523,0.030989902,10407,39,0.6834325432450622,1.9142506866956628,2.0898001,38.670605,0.20187599678219106,0.5302125996854895,2.017824,33.586857
1285966,188.17793,339.93155,155.41055,244.47192,6.24919,10420,36,0.7603595123399755,1.6934670331605115,2.0297177,38.666843,0.41596694434976356,0.3004464034768557,2.1150162,33.476986
1286514,351.68695,284.03116,172.02078,232.46959,4.9257917,10423,14,-1.5379568215319555,2.4576902962288423,-27.075518,19.736893,-0.23881056430511305,3.083254223813581,15.248487,-20.78928
1286847,293.6202,242.2457,266.1782,254.39423,0.77052903,10424,157,0.49812049687879467,-2.4915387941600327,2.1908338,-56.97576,-0.3052069944967741,-0.3822848390131873,-48.900135,3.8053143
1287539,249.66734,378.8523,241.54338,236.12483,0.32473457,10428,89,1.5078600395403807,-1.3968229286017886,50.09906,-5.423722,-0.3001044960441329,4.80781196286945,-28.16603,38.66165
1288559,294.14728,243.60374,270.17856,253.98561,0.77329844,10433,159,0.49188890346696934,-2.6041615151829633,1.9125873,-56.963478,-0.1013844349036781,-1.2015581310574646,-49.100697,3.7844975
1288855,199.99269,269.1345,242.78925,236.11559,0.32638502,10435,75,1.8939429961138747,-0.8861150632225507,37.541546,-8.560288,-0.6927873919822648,1.7459967849253755,-12.428601,35.456623
1289805,197.68654,266.37613,242.24904,235.93472,0.38333777,10440,75,2.063829221968446,-0.984885209335514,37.681347,-8.173556,-0.79225084130089,2.1296699344240877,-12.930594,35.68048
1291046,343.4911,338.45755,233.5245,255.07176,0.42571896,10446,176,0.3128234304122695,-0.6430514694738294,12.919248,-41.10023,1.101367262049801,3.2925663128138316,-12.180279,18.360394
1291996,357.51685,332.39175,270.82382,256.98096,0.78761584,10451,176,0.07537970598638956,-1.7236709066741618,4.196357,-47.92423,-0.6633535194445737,-0.36895636594180437,-46.07374,7.76881
1293247,229.95276,371.18414,235.72922,236.01945,0.10841065,10458,97,1.4206797255120922,-1.0808650992746114,50.273407,-4.698187,-0.16434743517695902,2.803443105950641,-27.400555,39.279694
1293251,215.29918,367.8367,235.82565,234.30751,0.10648783,10458,101,1.5525388798237425,-0.9304932554088001,50.31493,-4.613811,-0.1863949900991007,2.7797165681584284,-27.422262,39.28676
1293639,142.87634,384.5255,249.42262,237.6201,0.6036596,10460,109,3.2776630128372557,-0.8992018083414318,58.877815,-17.210875,-1.6025336147202893,7.456411770345349,-44.203556,35.413303
1293832,115.19282,320.3097,249.9801,232.82437,0.49912542,10461,112,1.6553605572104033,-0.14662427573660874,59.23127,-17.688456,-0.7353194901512196,4.3143271143870985,-45.114716,35.724586
1294009,215.76027,360.07816,247.73915,240.25339,0.50431246,10462,99,2.964490515145071,-1.937358368987336,24.878582,-33.662586,-1.5055673469514363,6.322349046325162,-41.77513,36.50292
1295432,147.56253,420.66556,172.02078,232.46959,4.9257917,10470,2,-0.5232953292393161,2.455474878185087,-19.815647,21.78102,0.20305493414908352,2.631933565930018,16.294592,-19.875734
1295483,107.71336,294.1737,148.48726,250.92856,0.038462155,10470,53,1.170710615892902,1.1298891703066016,27.658274,20.141918,0.06011156987799269,-0.6958944658361975,5.0333157,47.85816
1295558,168.0452,192.69147,230.73389,238.3041,0.6792869,10470,128,1.1753872146870712,-0.01275669930838922,50.443077,-26.997171,0.8156605517544603,3.3762097910080353,-53.389927,26.774479
1295883,199.94984,277.01675,239.30217,234.14044,0.20637588,10472,73,1.7159061521917236,-0.6938473548741262,37.217434,-8.919115,-0.5698116079318168,1.268568321729162,-11.895815,35.012108
1297298,304.1569,231.83647,237.03963,235.17162,0.43152273,10479,158,0.07357402598347769,-1.4674494212554294,5.1693797,-56.7741,0.9222416875383564,5.496693630795103,-49.901413,14.424319
1299554,225.52386,191.4698,282.33118,240.15508,0.7378376,10491,134,0.14311855894771797,-1.4284574645654242,36.954674,-21.744417,-1.249923643263674,-2.8933412444428046,-51.581406,-12.104542
1299720,164.46405,404.9906,232.30527,211.75574,5.8968706,10492,110,-0.05132863732136789,0.6004990366985359,-19.891737,19.643213,1.0612919966877605,-0.12352245729838626,-1.768642,3.0853822
1299812,328.08765,338.89423,172.02078,232.46959,4.9257917,10493,12,-1.3515709580761646,2.451605774259514,-26.913998,19.660164,-0.16551859996308524,3.027313379011309,15.490886,-20.616941
1299883,162.81454,372.90363,242.11383,250.13002,0.60566217,10493,83,5.360243860663333,-1.7929973311959557,56.50641,-6.23672,-1.639780047600764,8.69941012995141,-35.1085,40.30625
1300889,43.17482,235.11592,7.5443783,443.78128,4.723129,10498,139,-0.10290395328551688,2.8032521468734566,10.37463,40.513927,11.208610432534037,-1.104215078106554,63.706596,6.837281
1301295,377.9134,187.16862,205.95665,191.27942,5.356585,10500,165,-1.5654186302622262,0.43639399188760136,-34.038895,22.04841,-0.6589460391254223,1.4236031881818616,31.520206,-40.840355
1301532,284.8481,235.88364,155.26314,232.20009,4.961634,10502,22,-0.39695965581536735,2.1321227566113183,-28.275406,19.54677,-0.4550220034449446,3.0194306571262133,14.974563,-21.21568
1301791,275.1975,360.65936,216.4544,187.1894,6.1541424,10503,91,-0.4585904385651406,0.7536886628463524,-35.812195,20.674551,-0.11537845343824801,0.8116358863178216,16.474293,-25.415579
1302014,292.05112,205.4317,288.7738,223.37096,0.8090427,10505,56,-0.0002046636717732142,-3.158314754175789,-14.591542,-57.876087,-0.7423500795557635,-0.04366547803394238,-43.547356,-32.882595
1303233,312.20386,168.18486,292.92355,220.42317,0.8446696,10523,51,-0.6498421962669237,-2.586514124608024,-15.365595,-55.42595,-1.5287923810431443,-0.13758295278850408,-42.128307,-33.41347
1303419,216.58012,179.83426,288.42953,214.45567,0.7985082,10526,33,-0.4924905507072933,-1.1661030302029487,-48.05047,23.548433,-1.2439565180629302,-0.5695496607533067,-29.99495,-42.224087
1303879,143.35017,158.03937,218.0271,169.9225,0.29979113,10533,17,0.1773747970408744,0.25953532206909746,-44.382183,28.10238,-0.423352804764242,-0.12094860750117103,-20.98896,-44.834995
1304319,311.12482,146.20872,294.61713,224.23643,0.88733715,10539,49,-0.8886470805355196,-2.0845103173354906,-14.756587,-54.906967,-1.3587732455949384,-0.6160529512075156,-41.640472,-33.475483
1306430,317.574,188.43327,295.81253,226.74104,0.89973265,10570,52,-0.5348319100271495,-2.994910301978872,-15.729104,-55.025265,-1.139293946432576,-0.27393892564818034,-41.360153,-33.586758
1306710,276.11337,214.49388,195.82195,188.89403,0.102873564,10574,60,-0.4762972167275188,0.655954998987671,-31.789928,19.868135,-0.18251643118835367,1.4769806251395476,32.809143,-13.99675
1307474,98.503975,177.72087,196.08055,165.28772,0.113142245,10586,8,0.2907186754907917,0.7703084635837095,-40.164707,33.17001,-0.16012551736274294,-0.27776428330369607,-20.802832,-44.71354
1308153,110.33798,218.64636,196.08055,165.28772,0.113142245,10596,7,0.40533486033196386,0.8134920979899914,-39.973404,33.35796,-0.12268703409637993,-0.4366984006686833,-20.686604,-44.596153
1309166,34.90901,395.4406,198.49689,300.7136,0.88016385,10607,108,1.5399906912255195,1.8111777320786993,37.693466,34.46399,-0.011867510309784328,0.4363358354448187,12.00968,40.580452
1309939,156.24777,357.5389,244.65755,251.59843,0.74161536,10612,131,5.705312856787056,-1.8485435913396457,57.156155,-6.9698334,-2.7459308211627524,8.468175875890017,-35.653008,38.416332
1310373,103.04251,384.24878,205.56918,296.86548,0.8984089,10615,115,2.49032152207594,0.6881639453916211,55.63091,13.493988,-1.036867050835623,1.3206497118032263,10.987074,40.379604
1311390,84.43378,418.2063,145.23558,328.77478,0.31660026,10622,82,1.0510259545010676,1.5824999056076883,30.281984,28.41363,2.8257245397719486,-0.2463482007836006,49.219112,26.985952
1311879,136.53792,373.4934,228.4886,274.2127,0.82265896,10625,121,4.3032182838890325,-0.7183097154158048,58.36139,4.6512814,-2.2799438488540744,3.8164851431446714,-32.517708,46.70674
1311912,152.38281,82.51231,85.92931,286.52234,5.551348,10626,4,-1.4105404157469743,6.0969147839887246,-2.2103672,45.058983,1.4623445837629383,2.722778685976051,48.8643,-3.352723
1312240,134.91954,253.39368,99.50057,291.09015,5.7578263,10628,32,0.45337580248399634,2.9732899618638107,-1.311741,42.365364,3.489769014609041,0.9202568568390072,49.787956,-0.5422968
1312987,129.14963,239.54895,90.96669,287.69556,5.628366,10633,29,0.32451343262665533,3.327777615139028,-1.4095832,42.7555,3.2813421989635674,1.34363103929871,49.632,-1.0137984
1313011,260.30505,449.7536,141.2378,338.77118,0.2426525,10633,53,-0.3033645593677648,2.650118473170684,4.0591965,34.03678,3.934474387619965,0.5521161818142711,48.70997,22.989758
1314222,137.37524,463.3505,138.9172,336.48056,0.25637272,10641,64,0.6137102688209581,1.695548838333044,28.381039,30.404709,3.3359387966060363,-0.022936477238289718,48.20118,23.833923
1315369,104.69876,146.8179,85.92931,286.52234,5.551348,10649,11,-0.8700386665664,5.1592709919222,-1.947027,44.73179,1.7632032604352537,2.3683492786404488,48.959778,-3.0331945
1315503,166.92938,257.504,258.53488,219.07962,0.8675538,10649,145,1.3681228673279624,-0.30987741318735024,35.51109,-14.540371,-1.1128043451678697,-1.637622764908288,-39.634792,-13.057218
1315520,101.00378,158.00447,85.92931,286.52234,5.551348,10650,12,-0.8192424438864028,5.045502637849607,-1.8951691,44.688877,1.7792383858840874,2.2944583860642846,48.758743,-2.8943062
1315605,134.47952,295.31146,269.85162,246.22847,1.0840425,10650,97,2.206312864313496,-0.22824542945122317,29.136871,-14.540033,-2.235172547080997,-3.8011846404248275,-37.641205,-12.168509
1317480,106.35946,214.12767,85.92931,286.52234,5.551348,10663,22,-0.19453439407921483,4.141062617855271,-1.7628677,44.079563,2.4872277130553533,1.7432990349988884,49.244076,-2.0680058
1317545,87.371315,348.42987,149.53674,330.158,0.4654166,10663,87,1.1411975362573512,1.686153868046115,31.16105,26.448912,3.194359381477257,-0.5860960861022835,49.75334,27.868706
1317552,126.04812,307.88824,188.51566,319.72388,0.96969163,10663,94,1.4705085717529258,1.2629832579948885,33.822365,21.663738,0.197132639573412,-0.5105564214004609,20.939867,41.960087
1317775,108.27447,191.07796,85.92931,286.52234,5.551348,10665,17,-0.4824063239769679,4.585389805183012,-1.8336729,44.396595,2.12502777566886,2.02932303825644,49.180862,-2.5190787
1318753,131.3959,297.84528,156.07443,249.77707,1.0625654,10671,95,1.1443715739785103,1.5368078784208485,3.5915873,40.18738,2.370000920851695,0.16440540335634757,58.313324,-3.164728
1319990,141.79697,392.92908,209.21893,302.5617,0.24943945,10679,132,1.509081026533268,0.7228367668829463,21.982948,13.827535,1.1220843194094752,-1.0954601929136805,5.096209,54.652596
1320929,99.040764,206.03815,85.92931,286.52234,5.551348,10686,21,-0.29591665349231366,4.264264098132735,-1.790904,44.18977,2.237227529830325,1.7721189125668717,49.01746,-2.261287
1321161,53.019985,338.77338,136.80956,206.25986,5.5197854,10687,103,0.9474799615688206,2.5856908962776943,-12.580388,57.200073,-0.34149658008059824,0.9934055891055852,51.269424,-32.325
1321967,119.25877,140.6411,85.92931,286.52234,5.551348,10693,9,-0.8854049265908059,5.276365839570424,-2.0313044,44.771282,1.8197472093860336,2.4044414646617907,49.111256,-3.016883
1322019,154.62732,487.44983,141.70421,345.0892,0.23151578,10693,61,0.3559899548762518,1.7799467067152903,28.341072,30.537403,3.5761455792482213,-0.39129124306597274,48.386677,23.640064
1322635,88.84045,435.4539,85.92931,286.52234,5.551348,10697,77,0.6987948338806863,3.222700393499909,-5.481275,58.679638,2.0391666626214473,1.4758264524658073,60.304127,-6.8745093
1323725,75.71172,252.71616,128.66064,260.6755,5.988251,10704,117,0.8027266821184363,2.179761714605969,-3.4365425,41.593967,0.34456008119173365,-0.19713595110703863,46.52703,0.123322286
1325136,338.48315,239.5639,317.36304,238.65262,0.8254757,10718,52,-1.058214530964183,-2.869940117881728,-21.594902,-45.6642,0.19126550837701262,0.13302305140865184,-34.229347,-33.12672
1326628,314.45288,274.54852,277.43073,277.13513,0.8996216,10733,74,-0.07064838076512928,-1.7655617351484059,10.4412775,-49.437096,-0.9807821012298193,-2.6922050359710656,-43.800568,4.938108
1326634,356.69617,345.95233,277.43073,277.13513,0.8996216,10733,80,-0.21119891493637966,-1.2142042045166792,13.562878,-45.85877,-1.2133297261683462,-2.8334586302768607,-43.441765,6.365907
1327238,293.89853,314.818,248.02039,248.82916,0.59584165,10739,96,1.396377234578411,-2.3592689739303894,19.818455,-39.114834,-0.1263432301954569,5.376988363502324,-46.96317,11.685246
1327504,294.40762,262.95358,283.33807,272.9125,0.8492272,10742,68,0.09526771587775522,-1.9089319017153983,10.711073,-51.04575,-0.31531705969338525,-1.7365959277002274,-24.17981,6.814412
1328303,347.92514,361.47525,282.9733,271.68076,1.0116029,10750,83,-0.036148790210143375,-1.5632102121977824,3.0308385,-47.03489,-1.7539490700199853,-3.7789375567990975,-45.974934,5.475439
1328468,334.38956,237.59357,315.6098,239.99779,0.7833371,10752,52,-1.0017436986186588,-2.8420205366852413,-21.44874,-45.394833,0.13281169351495795,0.14235700671802648,-34.193314,-33.20107
1329093,310.56686,333.61142,271.56845,268.94022,0.89662546,10758,89,1.1933753250631993,-2.577255759190169,19.8799,-40.43504,-1.8139284590899454,-0.893244673922636,-44.027775,7.5122247
1329629,376.47418,208.3072,329.1326,200.03922,0.4838267,10764,37,-1.6324010952116232,-2.8461397780392237,-23.607777,-44.19973,0.42998784692288006,-1.1502873262020215,-32.94103,-35.474384
1330206,399.79468,184.63808,326.3048,188.33418,0.32349765,10770,26,-1.933582356784932,-2.1763081260044856,-48.434704,-19.272835,0.6862462827869261,-1.518703478794779,-31.162655,-52.31394
1330519,358.96033,221.74461,327.35776,216.59671,0.64483905,10773,45,-1.5732326832998367,-3.0674113266946166,-22.522377,-45.029922,0.2245875727777468,-0.42415353127385486,-33.361343,-34.333836
1331524,279.39212,265.48187,272.81976,280.24808,0.80386734,10783,70,0.16259644620686048,-1.4922874789738423,10.808134,-50.87089,-0.08707886402748873,-1.9310868421272795,-23.529884,7.320638
1331938,270.95578,347.67868,264.43027,284.56403,0.6254752,10787,92,0.6067788981618912,-2.1375799336336514,13.347698,-24.42992,1.363309341728387,-1.510979739190554,-21.766333,11.859353
1332157,432.79803,261.79126,326.3048,188.33418,0.32349765,10790,17,-2.280506244418406,-1.2433880427034116,-47.37991,-19.189432,1.025419796536396,-1.0066931035589877,-31.27752,-53.461105
1332158,432.7929,250.84969,326.3048,188.33418,0.32349765,10790,18,-2.226378615566592,-1.3488445807967324,-47.47693,-19.229544,1.0043589425129553,-1.0413626434897074,-31.264132,-53.36383
1333181,408.76956,264.76553,326.3048,188.33418,0.32349765,10800,61,-2.08866335356735,-1.728520631366294,-47.42854,-19.145472,0.9434601125220281,-1.1117316123960488,-31.27081,-53.561047
1333710,385.8105,420.97348,326.3048,188.33418,0.32349765,10806,2,-2.611494400366545,-0.26117850779035484,-46.27907,-18.390656,1.1346586735532243,-0.5707173183399508,-31.599325,-54.742718
1333846,284.82098,406.85135,184.78856,316.2151,5.393697,10807,40,-0.2486892213081588,-0.04517192055828896,9.897924,-3.0674162,-1.2349653643113476,0.49304144618824974,30.793684,5.8222885
1334562,171.12701,437.50766,178.62796,310.5406,0.29234058,10811,72,0.9800215385192973,0.8629896330068736,27.768763,32.834835,0.33583957914416085,0.3879949758367959,21.276339,29.99784
1338808,287.2055,409.6124,179.53671,316.4179,5.3677506,10836,43,-0.24483821238115638,0.21572125904457728,10.016404,-2.8914921,-1.2901354517550363,0.5613563851156892,30.731388,6.03579
1338897,95.634056,422.22052,193.7053,322.09378,0.8685662,10836,132,1.6844866000551135,1.0183673272249625,34.520435,36.16934,-1.3779759778096898,0.15564841733130258,20.161507,45.652676
1339089,110.39851,377.36633,188.78989,282.91934,6.193112,10837,153,1.3175419523387495,1.515119947884334,21.799751,14.749446,1.038175576309543,0.6374146922120423,7.254616,57.394627
1339651,371.44418,454.92593,261.34375,376.55655,5.2719007,10841,31,-2.0287785134979432,-1.605490262608171,-8.594342,-29.526554,-0.7453600994448503,-0.5490186322182607,32.325775,0.4614219
1340199,202.36935,430.90662,177.68643,313.6667,0.0457494,10844,66,0.7089771780943389,0.6164465482416013,13.109688,-0.34006304,0.10820649863442203,0.16372390428708705,21.45082,29.389685
1340846,382.98557,459.66257,263.65997,378.44067,5.2633905,10848,29,-2.0820191971211948,-1.5599871454593635,-8.732589,-29.977734,-0.915160671692349,-0.5343202069735914,31.983898,0.35658097
1341122,101.01637,419.24872,188.63377,294.30667,0.5285956,10849,134,1.825995603591572,1.3715021385591408,36.36627,33.19454,0.6904573432371501,1.9672429457160099,15.565361,52.38442
1341339,409.91257,226.28932,263.65997,378.44067,5.2633905,10851,9,-3.637780453015312,0.2939315314020885,-13.135001,-34.866646,-2.2654900678008163,0.0974787438202407,30.499895,-0.28090814
1344102,325.22626,420.50015,214.13756,344.12814,5.303592,10867,36,-1.4127492811181137,-0.8734843665046348,8.060627,-3.9684353,-1.5080410730116751,-0.16182538867527874,32.07501,2.630234
1344107,278.8627,400.94034,175.40314,314.26428,5.3548636,10867,41,-0.07456570717423407,0.2650752921389048,10.213724,-2.7582953,-1.2017680854982409,0.5995906011170392,30.92577,6.2200675
1344471,232.59839,408.35898,178.71368,306.86166,6.0571146,10869,63,0.5534994093934741,0.31941986102986614,12.5552025,-0.8422356,0.023660564864303894,0.18285287166330383,21.659527,28.545881
1344543,117.30111,417.52652,185.59587,275.80197,0.07258036,10869,135,1.353046395972547,1.6993492760006401,21.935566,15.113291,0.7177212947876832,1.4536761789891963,7.3205585,57.48061
1345994,308.30853,394.5869,182.70076,307.31302,5.4693556,10878,47,-0.3851412109643252,0.3540429774205265,10.467552,-3.1077957,-0.9177095951899834,0.6466040397752362,30.870956,6.571461
1346767,118.873634,418.9992,169.4959,331.762,5.253201,10882,136,0.6266493309212678,1.3783146926032928,18.59541,14.749998,-0.48699629991778765,-0.5171033042924048,26.696367,10.261761
1346906,114.78186,299.71674,174.80771,311.84125,1.0224397,10883,104,1.404377332757899,1.3856895472589297,33.872128,22.197443,0.5891968289605484,-0.5385792892403797,20.445955,41.69336
1347518,353.92133,444.53976,246.0588,363.66736,5.321981,10887,32,-1.9835611281805006,-1.4004277422037659,-8.094873,-28.918636,-1.0194791544188055,-0.4098045183107661,32.3853,0.95981985
1347963,70.127815,449.62885,274.44916,308.39368,5.901896,10889,135,-1.1715703204051258,0.11372002541549561,-21.216562,0.3786228,1.1236767801572125,-1.503191174503786,-16.244,-15.868832
1348330,138.32657,256.54684,11.158373,428.94196,4.7834215,10891,160,-0.1487563704339655,2.935288034630209,9.74162,40.147194,11.217553521049812,-0.6860140465283175,63.245407,6.293506
1348407,194.83597,424.53436,258.1654,288.58588,5.287324,10892,66,-1.0070424129373694,-0.6204851238140884,-21.69858,-0.45374206,0.2759788524567307,-1.4235674383028396,-16.269356,-16.948185
1349903,414.73373,416.069,263.65997,378.44067,5.2633905,10901,23,-2.496378493369328,-1.3023574434318004,-9.112468,-31.022858,-1.3370226751620986,-0.32361051212987646,31.318705,-0.03410198
1350942,353.57544,403.41415,262.20593,377.82755,5.302731,10907,36,-1.864913219598019,-1.4250877069747538,-8.6871,-28.6007,-0.03732297612165136,-0.6430880994931828,32.32229,-0.88611186
1350977,134.74834,402.07626,236.37202,443.355,4.738224,10907,71,-1.789491365114978,1.0407266059193123,-1.5049827,2.6612515,4.983726542393764,-1.4678767703015743,21.028276,0.63879865
1351046,11.43409,351.88693,236.37209,443.34363,4.7382746,10907,140,-2.0050527321689717,1.2346837472267338,-1.7505765,2.4970002,4.845346942356151,-1.138084458116852,20.732548,0.2985224
1352075,275.60974,341.22507,252.82327,268.09344,1.0590993,10916,70,1.7866889266549653,-1.8742766070482784,22.231943,-30.413916,-2.2760566222682415,0.7696500339160096,-12.666459,14.073797
1352419,272.44482,358.73425,261.41473,282.54767,1.1847415,10919,66,1.5505891605557351,-1.8801595630161423,22.145706,-30.080246,-2.1645809409918733,-0.17844962962901395,-12.204519,13.824336
1352603,47.336037,379.90762,213.83612,456.1223,2.502636,10921,18,-0.26408014818092695,2.1823167091508315,7.3993053,27.039288,-0.6222079944128645,-0.9268867134195562,52.606445,12.861316
1352913,155.74892,321.2493,253.13364,267.59494,0.7960034,10923,96,5.191872623068065,-1.6698435912656613,51.41565,-10.868436,-2.7004820903301163,-1.5130175256803209,-31.169998,25.263048
1353071,74.25099,432.97928,213.83612,456.1223,2.502636,10925,22,-0.12805336637066062,2.0218718622275595,7.1394224,27.13797,-0.30582120104928,-0.9650780724381792,52.759964,12.737646
1353922,263.75546,395.7019,270.0165,318.74515,1.4024084,10932,61,0.6204783407087604,-1.1765360579518505,-10.664946,-4.88342,-1.182117185671028,0.074259597000696,-10.897337,13.299438
1354416,140.89464,291.44223,252.55301,264.42984,1.0611005,10936,91,3.628912302151376,-0.7689130350122699,45.949467,-5.9780726,-2.950648140759986,-2.019660435018821,-33.659542,26.528625
1357324,131.929,312.57965,254.72626,272.979,0.7970766,10961,99,4.953013723571358,-1.0615545704073137,52.014088,-12.228026,-1.8463531692977886,-4.3455303341645735,-30.84622,24.460306
1358686,280.50366,347.97977,247.9902,280.0427,1.0209159,10973,69,1.4247717341791002,-1.5253626458935905,15.749929,-39.715755,-0.8184082743405237,0.17133506655528452,-15.131844,15.351736
1358698,131.23122,383.34332,246.63148,277.87494,0.9999595,10973,81,4.689281807821709,-1.0175838871608296,59.919712,-1.2058368,-2.3414404208056516,-0.67058429257316,-28.093828,29.608133
1358771,156.0307,483.60947,224.3362,447.5985,2.416174,10974,38,-0.2739813879908594,1.5651644338487904,5.7586374,26.97495,-0.13655585711387863,-0.4104517853534911,52.96748,11.872743
1359002,160.93716,481.9692,228.24762,444.04446,2.3838966,10976,37,-0.3000654195552781,1.5125148518207439,5.528107,26.931206,-0.1658525982771309,-0.3770344458602652,52.9061,11.753205
1360453,179.96014,346.57596,162.45026,297.49838,3.6189687,10988,96,0.47386008810212055,2.1095438707591305,-17.047989,25.982857,-0.31081483643178837,0.8414122701142354,19.880445,-13.194664
1361500,148.65013,261.35037,350.94852,261.87448,1.6352962,10997,99,-2.1713722705918386,-0.18151875938283454,-27.44864,-1.6395211,-0.11300894689077406,-2.3662662487745307,-23.81737,-23.063967
1361667,167.53406,482.07642,239.6306,443.8152,2.229979,10999,34,-0.33252375014255375,1.3807018843872911,5.626735,26.98778,1.0925416620795145,-0.6209122751457226,53.142456,11.690283
1362809,326.1052,200.6372,279.62152,319.824,1.7005829,11009,16,-1.1047796292778111,0.26997871722309513,-12.655653,-8.87901,-1.2460759689995586,0.6255755290025323,-5.749169,11.412914
1363432,269.38467,392.91916,279.73813,318.91034,1.6924295,11013,47,0.24568148014903696,-0.6297440900203456,-12.276988,-5.507331,-1.0003037423890786,0.1315367696183915,-8.459207,11.30906
1363706,353.86548,346.8007,279.62152,319.824,1.7005829,11015,25,-0.816435368306879,0.27605401264783436,-12.54179,-7.6437006,-1.070936351652611,1.3489859858213176,-6.683082,11.398676
1364647,96.21336,306.74377,267.6493,244.43156,1.145994,11021,78,1.4438764824682135,0.7528904180516814,28.422815,-14.453237,-1.567052230652586,-3.5802689327448327,-37.53801,-12.780937
1364903,273.28372,431.3324,279.62152,319.824,1.7005829,11023,38,-0.012148267623779643,0.27383850118124264,-12.284668,-6.3184576,-0.733240375789713,0.2447619337877503,-7.86839,10.846723
1365618,299.94925,155.825,279.62152,319.824,1.7005829,11028,13,-1.0926974030484284,0.5675062976100377,-12.647338,-9.179501,-1.2649829487318158,0.14733477450605137,-5.6038074,11.526376
1366401,277.98746,338.71585,274.67108,261.96497,1.292697,11033,56,0.39089142330540516,-0.8022050837126987,-14.571821,-5.210232,-1.3795686020468043,-1.5679713470765766,-10.342501,10.940254
1366691,269.84384,377.01166,280.62558,301.9041,1.5548024,11035,50,0.31764587505586805,-0.9488099251201123,-12.502889,-5.1320724,-1.2217304332278631,-0.33107743210763163,-9.058071,11.166599
1366862,140.37895,381.48553,267.08688,242.67679,1.1403376,11036,73,1.4395101606037508,0.7252956687017647,27.766323,-14.717796,-1.3718392382022775,-2.5290054519511296,-37.40728,-13.275976
1366961,354.724,329.15384,279.62152,319.824,1.7005829,11037,24,-0.87552341618429,0.205373302576135,-12.558371,-7.749215,-1.0956013560272397,1.3642648815821892,-6.532786,11.39834
1368010,280.5714,431.1306,279.62152,319.824,1.7005829,11044,37,-0.0749874045570514,0.31265237244454097,-12.313489,-6.4364953,-0.7478177805577314,0.38571632452186855,-7.8295884,11.33607
1368617,273.82706,366.97598,279.74323,291.14645,1.4698595,11048,52,0.34045903794605925,-1.029060048080802,-12.925047,-5.048888,-1.3670069520644275,-0.8066278068402974,-9.578511,11.055245
1368896,297.65854,429.14822,279.62152,319.824,1.7005829,11050,35,-0.24367373292895844,0.41618305004005685,-12.359109,-6.6641216,-0.7766464969562088,0.6129132228707561,-7.61381,11.273214
1368933,148.14821,388.9447,270.38898,240.70335,1.2287887,11050,72,0.936141813041731,0.9242018086236011,27.731798,-14.67948,-0.82526560919892,-2.764940504910625,-37.24659,-13.337908
1370508,337.2463,239.29231,279.62152,319.824,1.7005829,11061,19,-1.0237932881467693,0.03313908911447969,-12.639248,-8.572768,-1.1880740080863295,0.9753269604542946,-5.948337,11.277599
1371318,146.5303,230.95113,259.98688,232.28268,1.0320721,11066,89,1.2577866004583356,-0.05980763976106749,32.636017,-12.581855,-1.142561149522908,-3.3860091491922812,-39.316216,-13.340154
1371651,306.48682,160.41907,275.7087,323.94846,1.5237691,11068,126,-0.8424401476602554,0.48228425363489835,-11.449273,-11.443695,-2.216454694398387,-1.2265671831813463,-3.1748843,10.7956085
1373351,263.91382,382.72845,280.61545,308.41138,1.6143894,11080,50,0.2584116204707028,-0.8010243342823467,-12.409831,-5.0958686,-1.1018640701309645,-0.43072063607227157,-8.936687,10.913076
1373494,261.49985,394.47263,279.62152,319.824,1.7005829,11081,45,0.28750109568428983,-0.6505123236170882,-12.248902,-5.3592086,-0.9866737636538779,0.2365231758688206,-8.426302,10.890528
1373592,247.97586,225.085,249.87323,249.16058,0.82293373,11081,143,1.2495883224096975,-1.3905833905164835,2.4114764,-60.967384,0.9758362037240764,1.6554406843949223,-54.489975,15.476588
1374174,311.52145,229.95036,270.50467,330.5488,1.5507139,11085,133,-0.714329193964258,0.06395000593238362,-11.021325,-11.307793,-1.7941335129819964,0.012547319754868606,-2.8531306,10.688847
1374495,272.82336,125.40771,279.62152,319.824,1.7005829,11088,10,-1.0370822526370536,0.833653944201847,-12.619125,-9.370669,-1.2368008323544388,-0.2906934195123314,-5.5444937,11.597515
1375172,175.66223,283.51602,273.3544,256.14014,0.99961215,11092,95,2.785841097940148,-1.2762827218362758,42.038002,-13.736239,-3.0702890195746413,-5.085761789155659,-36.94343,-6.9048643
1376836,212.048,294.32745,284.47003,302.54752,1.262344,11103,131,1.0069523290635727,-0.6771700461513737,42.738445,-1.4598465,-0.6549902475822941,-4.291735581975648,-14.2280855,4.810271
1377228,67.56636,329.50912,280.1032,265.28806,1.3589242,11106,79,0.8280978725486985,0.9628518188616095,27.950972,-13.808814,-1.2451108695793622,-5.0860407244215144,-34.478798,-9.7310295
1377257,148.59152,362.14996,280.56607,265.148,1.3580462,11106,108,1.4019375249379809,0.2225919949577267,27.604681,-13.837175,-1.3165991344942432,-4.153147226482457,-34.54613,-9.526061
1378929,338.34558,232.56963,270.81766,240.4885,0.7090433,11118,116,-0.19722622943562046,-2.1024435335457503,-2.4384515,-50.501915,-0.11844837013164275,-0.7865273195582732,-52.875736,-4.921652
1379114,201.51784,275.35922,110.75497,219.70703,5.5467396,11120,33,0.29160840923760195,2.716553151233598,-7.6496377,49.504204,2.006701760843238,1.3874943901485353,52.144913,-21.124014
1379807,57.66442,323.99374,109.98396,220.53108,5.7621336,11125,56,0.8563543402025334,3.060384964638739,-11.063833,57.42025,-0.09832569685736145,0.6121494661925793,53.985954,-29.729755
1380308,209.78665,150.16647,115.054085,205.82924,4.456375,11129,21,-0.5681879395579671,2.743395134413171,-30.87693,34.777714,1.1489053326970597,2.036072763775302,34.818665,-32.977932
1381359,157.0,61.0,114.83864,205.29938,4.2443943,11137,0,-0.8285945697110673,3.1615273771135897,-29.725916,35.8506,0.5537195132231382,0.8495552892408587,33.63002,-32.776478
1381924,206.62056,242.5031,112.59868,217.2401,5.285894,11141,29,0.09460868996593443,2.49977602664709,-7.6430616,49.022396,1.8705110964987766,1.919056854695262,51.96076,-20.761068
1382474,212.4314,347.6124,110.188614,220.60239,5.7511115,11145,43,0.40749448287707757,4.003242811368155,-7.9612093,50.57086,1.3426790478309651,1.6299480672145155,52.19221,-22.331396
1383093,287.9521,251.02357,260.8632,245.24078,0.7790519,11149,126,0.6378315559780606,-2.3963856216378927,-0.5743089,-60.31319,0.7749074148193186,1.386032485052895,-53.386627,11.995731
1383273,193.691,305.29623,111.85815,215.52472,5.7996216,11151,38,0.4375359657613733,3.099406113312025,-7.8352723,50.132122,1.9991066371867743,1.3973498040865662,52.196625,-21.505604
1383316,134.17937,196.44377,209.36053,205.08632,0.25880283,11151,81,0.7566419722418997,0.10345089132219346,-31.407795,28.314354,-0.06919384102357214,-0.21408451836672104,6.476468,-8.908883
1383336,206.60847,192.11534,268.12637,235.10893,0.6820407,11151,101,0.44031352755917785,-1.147702311423933,37.618572,-21.553427,-1.074058393472545,-1.6972839275872846,-50.76722,-11.765216
1383556,82.34492,352.39966,109.16552,221.37204,5.78245,11153,53,0.8392889245269398,3.38021641650628,-10.734736,57.212795,0.2702033680621333,0.9580383462962938,54.05848,-29.551777
1384864,206.94685,153.0958,115.314255,206.53813,4.469543,11163,21,-0.48119792136093187,2.629438944626657,-30.895708,34.75348,1.1597692798995047,1.997194133764545,34.826595,-32.989174
1384930,162.28271,204.48604,129.83115,235.81755,5.85014,11163,87,0.32658051872434635,2.1899265480831334,-1.9962122,40.326614,0.2669648107056684,0.9861737533227358,45.720993,-1.3447734
1385640,304.41498,236.30133,283.0097,236.48907,0.76436234,11168,127,0.12557662891791127,-3.1199790130260565,-7.2967167,-60.495422,0.008766863131253085,-0.760242293775362,-41.337418,-30.833525
1386057,166.024,62.397312,114.83864,205.29938,4.2443943,11172,8,-0.8898007889498423,3.2399177756407065,-29.737638,35.8441,0.588089545769309,0.9957274543139375,33.66599,-32.74663
1386230,188.13658,363.6929,114.43667,208.80522,5.7484856,11173,47,0.49685951082628677,3.6681610538448197,-8.19672,50.930103,1.1413713760410207,1.850925810106531,52.085186,-22.847296
1386990,177.9721,65.07293,114.83864,205.29938,4.2443943,11179,3,-0.9678029910605872,3.3980181680503665,-29.741833,35.85761,0.5416375717621764,1.0021699677265878,33.690147,-32.764656
1387760,211.30928,187.64342,271.58392,238.69922,0.68770957,11184,103,0.4056855184655483,-1.1598167931270613,37.794155,-21.801577,-1.1204615808343916,-2.085621041545968,-51.003098,-11.825023
1388045,294.46313,264.95456,260.65338,248.52461,0.8628238,11186,120,0.6466964403211753,-2.1637713143609183,-0.303739,-60.86546,0.026562582249126533,0.7604390792374833,-54.22633,11.787237
1389188,47.58768,334.8537,113.47584,214.39949,5.8471093,11195,57,0.7331479231566709,3.1121716382434927,-11.115085,57.327995,0.12077820602531048,0.8645423176306394,54.045853,-29.69303
1389546,175.8421,105.340706,114.83864,205.29938,4.2443943,11198,13,-0.5822772819508505,2.652706509312102,-29.993464,35.627403,0.6535043169576672,1.1204748648717697,34.051308,-32.962585
1390786,165.57364,399.8121,94.23548,284.96622,5.60636,11207,47,0.7782015742179521,2.8532935083108772,-4.0597878,58.383274,2.2664301587467017,1.2869205460267141,59.879375,-6.0203
1390837,252.22502,179.61023,297.1867,245.30206,1.571996,11207,98,-0.29713221986674043,-1.141052840528876,-31.883684,6.5278473,0.29622557979323816,-1.758857833385053,-30.548246,-16.44575
1392732,261.89603,133.39197,277.95023,177.82933,0.9027663,11219,73,-0.6761402737024359,-1.7375684440025927,-39.521255,7.4944887,-0.1198293481286899,0.345808279737536,-18.740389,-39.45028
1394894,342.2911,307.26562,298.08456,373.78128,2.3292146,11231,159,-1.3962131910097029,-1.2726855687540954,-8.8812065,-12.852471,-0.3396557777909515,-0.27390991359152955,6.024684,9.579317
1394976,288.72626,127.7937,296.89523,181.15424,1.141487,11232,68,-0.995316233979044,-1.826526795437927,-40.753788,7.250186,-0.03845005589680897,0.4437685426144634,-17.861486,-39.22524
1396291,246.43318,322.07343,263.43115,262.05038,0.84765667,11239,172,2.7589496539628793,-2.7089217709406945,19.630407,-31.736702,-2.4576955047975853,1.1612537736543347,-36.348583,12.772529
1398843,193.35123,210.25839,247.1543,215.12505,1.0746208,11254,129,0.5019684751146186,-0.45310711625757677,34.571644,-12.687665,-0.2393570002860955,-2.6733965637344386,-33.0505,-16.0049
1399725,349.2552,244.02246,351.51312,310.93112,2.2703812,11259,146,-1.932211998863467,-2.367036522070465,-26.236597,-22.902237,0.40962556624717805,-0.7785342495183085,-11.893003,-26.16648
1399993,284.5916,116.4655,321.06424,193.33647,1.5663941,11261,68,-1.3663800256561578,-1.6267751926256526,-42.299194,6.413617,0.195901104027598,1.0990769854026503,-16.54387,-39.136387
1400237,286.54858,176.48894,252.48209,229.60405,1.0650122,11262,139,-0.07592306831501115,-0.07179612278949359,-33.776543,10.799609,-0.15138352487221576,-1.8632432331430708,-9.100442,0.82551396
1402037,374.2611,304.60397,355.76328,294.16504,2.8923132,11273,36,-1.6229924935261515,-1.957533124181972,-29.440079,-27.439854,-0.6295818165255628,0.4550713907973391,-8.824028,-37.11598
1402114,108.09638,209.76874,202.8719,224.64096,0.5288667,11273,113,0.6935461578839991,0.48700763188837803,26.820494,-1.3387094,0.4636118483883566,1.3569145471530069,-18.21651,34.187996
1402625,145.51498,154.87373,337.02393,217.17992,1.2614084,11276,105,-2.322044027599547,-0.03624294677678826,-30.99621,-1.1752464,-0.44060800449147325,-0.552174170743221,-26.697918,-24.646889
1404902,198.88991,167.40182,330.38614,208.85237,1.2510698,11289,133,-1.6838228598677263,-0.6260295154817147,-31.299744,-1.1796743,-0.2763423720003564,0.11004634681928101,-26.710596,-24.42136
1405618,346.8441,316.4251,357.8129,375.08307,2.3987353,11293,157,-1.8078344361937635,-1.6574515718188587,-19.14382,-22.11848,0.8376619559901569,-1.339968788813248,0.77247375,-23.859518
1405638,70.91481,339.66522,339.65448,377.5463,3.3964658,11294,4,-3.8828583836285393,0.1585368757313784,-25.86723,-15.606252,-0.3593327308613036,-0.8445797955441104,-7.12859,-33.351482
1405715,218.46631,158.45953,244.78032,187.87369,0.46341255,11294,81,0.009095240937956925,-1.0061191608137796,-45.73688,24.093761,-0.10156726107827418,0.6616765676722,-21.60799,-38.09408
1405833,385.61774,413.95868,339.65448,377.5463,3.3964658,11295,26,-1.6159770793013177,-1.4814982968020887,-28.042027,-28.273497,0.5402101939775923,1.3976709077540086,-8.072253,-35.384624
1406069,240.8396,194.41228,359.3933,264.83545,2.127007,11296,89,-2.319234506756956,-1.18577477931232,-29.34936,-3.2464824,-0.11666460783643054,-1.199596980696261,-13.777906,-26.38655
1406130,337.0538,301.7279,349.27753,354.2532,2.3251538,11296,150,-1.6611940349495427,-1.7029632560002659,-19.208872,-21.928562,0.948193432346929,-1.2616940404276016,0.23359887,-23.73911
1407186,194.93497,371.69653,376.40125,242.87576,3.7721128,11302,168,-5.148316415406467,-0.5905657232395822,-63.037537,0.24096954,-4.475959400750328,-0.7658435662608628,-4.892532,-53.572968
1408188,263.89993,197.13657,335.5291,374.5605,3.41717,11308,132,-3.4100935892897457,-1.1659880683320134,-26.43729,-17.738895,-0.18992453154413427,-0.7202916814622868,-7.439046,-33.322212
1409104,344.9126,306.43597,261.9042,244.87868,0.72555166,11313,170,0.13799096330143323,-1.8547563984323454,2.0811973,-48.812237,-0.5690343624841728,3.1166464782693986,-49.87661,8.191723
1409414,128.07616,214.37468,277.5587,265.05118,1.4865181,11315,108,0.4405805358927778,0.7875336559182277,28.939009,-13.308329,-0.6717527494411489,-5.517661326085886,-33.728,-10.235523
1409889,87.82711,190.59932,162.40543,302.97928,2.543574,11318,25,0.4329525404679224,1.9385774639907822,-15.763474,35.772236,0.22365015931299506,-0.6141855855312472,32.283844,15.522804
1410221,348.08374,287.10535,264.19635,245.35013,0.73652035,11319,171,-0.0739393192816545,-1.8389653134759945,1.7270273,-48.809334,-0.36524575233519174,1.766865505976557,-49.90345,7.987623
1410289,80.13395,373.8464,223.09329,388.238,2.4969625,11320,53,0.2960890744549228,1.9679679801479262,1.2607642,26.028418,-2.0264513309928303,-2.1551259752222154,25.381666,18.722614
1411037,104.739494,424.3392,223.96062,386.7618,2.4823298,11324,57,0.20484943224346913,1.9536602326571577,1.5992334,25.63521,-2.029145169546212,-1.7323417526263176,24.984097,18.669483
1411851,178.4369,305.444,277.7791,267.73187,0.9231779,11328,127,3.03400802240678,-1.4729826090948805,43.00035,-13.635491,-2.95858943364692,-5.817398375147052,-37.122543,-5.9737306
1414553,133.93845,273.46317,218.69817,378.47458,2.4850132,11343,39,0.5463199704289683,1.2118686932829579,-1.6061621,27.408527,-1.0123744219840525,-1.7024390613063034,26.651106,19.216745
1415035,321.41617,375.8202,278.309,275.06036,0.90723205,11345,149,0.6646607163739621,-1.974550710447385,14.681755,-46.084576,-1.3959921137462823,-2.6770927902398904,-43.12003,6.8131523
1415311,85.42249,374.4397,221.2739,394.27664,2.546606,11347,53,0.272924551863851,1.948306301369771,1.4970065,25.844086,-2.6367765882831176,-2.1527613162283763,25.12711,19.035646
1415663,114.26045,237.49179,191.59361,347.97333,2.5561538,11349,33,0.6319160173919326,1.4069864167951351,-6.443481,28.381056,-0.6031223306161658,-0.9268934503353382,30.626848,16.100304
1415736,111.12856,241.38834,275.36346,272.20554,1.4827571,11349,106,0.7298321159508225,0.8136335326729225,28.482155,-13.208183,-0.9721540949189925,-5.441622576572146,-33.73965,-9.84899
1415740,147.12917,213.59172,275.36346,272.20554,1.4827571,11349,110,0.5596417179514455,0.49335086349273927,29.150923,-13.054208,-1.0001853117083943,-5.528517719232661,-33.38298,-10.071454
1416425,73.74553,352.44577,221.80702,391.71,2.5203636,11353,51,0.2587787176175209,1.9982782326843274,1.2611301,26.053411,-2.476863665923319,-2.2302529175762413,25.328712,19.002605
1418702,156.07445,357.82278,106.78961,394.0671,3.3456078,11365,96,0.6454943277416401,1.965919217694072,6.0933003,40.263435,5.566860609313722,0.33644974012391843,58.427803,2.5818415
1420036,173.02425,296.17282,274.32224,260.63483,0.9507129,11372,128,3.147910605862992,-1.4829403986821297,42.53044,-13.698826,-3.4264974393385677,-5.246048922584337,-37.053345,-6.434496
1423557,175.44554,231.44514,296.64883,266.22125,1.5833639,11391,115,0.13559661974519782,-0.1438254562326145,30.69088,-14.107686,-0.20837877526603607,-5.1807533103190275,-33.25908,-11.671848
1424281,197.43326,382.29242,65.78837,477.34177,3.334791,11395,95,-0.12680238399372012,2.6114886249254012,9.919678,39.464287,10.417016451883487,-0.6601729962824705,62.592102,6.7073708
1424776,120.05773,235.33223,190.87523,349.97922,2.5826979,11398,32,0.6195918750013872,1.427916434255968,-6.4594874,28.32304,-0.6252863924813354,-0.8307320162362964,30.632978,16.086754
1424782,133.72762,279.26944,217.08781,385.3507,2.5256214,11398,38,0.5432430403072029,1.27393677432993,-1.5155047,27.376617,-1.300684777131629,-1.7424837741874393,26.552572,19.21986
1425518,99.70384,211.13643,172.70447,324.7241,2.589745,11402,30,0.531079332328389,1.696167332799069,-8.01494,29.376833,-0.17382037748969406,-0.6435514222669241,32.195217,15.667498
1426046,168.0,99.0,149.85204,285.515,2.5565107,11405,0,-1.169692115513617,5.549051960252435,-18.320383,44.207504,1.3582419604118525,1.1376696541005893,44.363136,-9.156356
1426283,23.50226,419.33737,173.52303,294.91235,2.4568744,11406,51,0.3105494302138572,3.1756252329786543,-17.831802,28.404999,0.9688658638618683,0.00410313836833779,22.578644,-15.174181
1427028,138.62558,351.5074,80.35691,380.0982,3.4436162,11410,52,0.6543679758770223,2.1858417306846856,6.2265015,40.757446,6.988533036196816,0.5571703469092103,59.39537,2.393848
1427124,313.5211,425.06418,60.56077,390.45474,3.6054215,11410,148,-0.10332833926145556,3.7026075913302803,3.8629181,44.051292,9.078404427588405,1.1607358013256084,61.719067,4.2641273
1427159,273.96866,250.72615,60.56077,390.45474,3.6054215,11410,183,-0.3708859971230203,4.260909973332422,3.3391929,44.175102,9.204369087363421,1.2138132100794108,61.470974,4.234954
1429383,137.5392,136.02957,201.12675,194.28038,0.8771024,11425,61,0.5087683319461999,0.9077597599865379,-30.085022,12.515172,-1.1527306280696792,-0.05158597359542829,23.66414,-33.833473
1429395,187.10081,185.04799,231.13905,249.22194,1.2522774,11425,73,0.5146038683848423,0.463216262537958,26.657179,-4.045337,-0.1436318995327665,-2.1660856172278264,-5.8732977,2.4858055
1429503,249.66077,157.46603,242.11322,196.75867,1.3811586,11426,32,-0.0347808875962133,-0.1822152166744537,-36.928673,10.5185,-0.9669650173361549,-0.008582033779101987,24.57092,-36.60275
1429648,286.43433,175.55954,268.18738,209.17393,1.6712271,11427,28,-0.486626253236026,-0.45031896926626125,-38.10741,10.029448,-0.7280314817197614,-0.4407262657697651,24.424923,-37.566475
1429910,252.95297,401.73233,260.37653,263.96222,0.8276434,11428,141,3.9539477938698115,-2.5620636388097178,24.074669,-37.685158,-3.3267631722484405,0.5610862609170046,-39.11161,13.272708
1431304,200.24661,165.02295,202.63495,193.48587,0.9355867,11438,45,0.31493144851761595,0.5953203526579758,-34.131847,12.765541,-0.32960346895459947,0.505288357484873,23.833109,-35.158813
1432136,160.05997,360.2869,257.31882,266.86777,0.83477455,11443,132,5.928992127459593,-2.3216357387057505,54.427013,-10.762166,-3.5316434225726256,-1.4864075477110865,-29.105268,24.480034
1433914,124.90948,371.91776,243.4548,305.7942,0.94588625,11455,122,2.568626421408094,0.09709556024159977,37.430004,15.728796,0.04913729330151014,-3.7672339112604787,27.745068,49.062412
1433921,156.96375,367.77557,267.2048,290.41302,0.96474624,11455,129,3.5691419622607516,-1.3707234420336085,49.072834,-12.329435,-1.2954138911167676,-4.9500725552795375,-26.819769,19.93399
1433928,167.1148,366.14252,280.34332,281.14185,0.96222013,11455,136,3.194255950387339,-1.6559253385045827,48.34251,-13.249224,-2.2459656178981438,-5.54439144038884,-27.643547,18.987576
1436177,210.85213,276.32916,298.40408,245.45267,2.199179,11471,1,-1.0334090925422206,0.7632613806423295,-30.224375,2.3373106,-0.06278102086875893,-1.247928563289146,-27.697798,-15.938422
1436337,330.20096,345.00955,298.40408,245.45267,2.199179,11472,12,-2.0160839951241147,0.8861006120017935,-40.29322,0.4668998,0.24997134454583222,-0.5780432201297286,-23.058226,-17.154783
1436519,186.64005,167.16638,190.48265,193.92477,0.84668946,11473,45,0.36533117189677405,0.8632058647883324,-33.79557,13.134799,0.1423175022418185,0.8552079552908094,23.85954,-34.879765
1439034,291.43176,170.52202,272.6151,210.61972,1.673312,11490,27,-0.49102431861814594,-0.55747128485418,-38.246853,9.901107,-0.6149604674013982,-0.3820505190521294,24.285826,-37.6378
1440385,225.1784,136.2666,230.88715,190.6922,1.1880966,11499,37,0.09850966045830668,0.02789839737458421,-36.335194,10.852721,-1.065573659032747,0.09893888177951989,24.387115,-36.128555
1440577,156.90901,207.72203,230.7598,256.02692,1.6930854,11500,80,0.814318166892801,0.3524426562415,43.640434,15.324151,-0.08024465291012703,-1.7558748555053774,-0.52124834,-2.6136053
1441022,170.76619,184.78618,203.92075,274.1319,1.4971273,11503,78,0.6678696593043055,1.3513479575288492,-11.212327,29.254656,-0.676900327392272,0.01792228080825077,15.957763,29.614887
1445097,412.87897,268.90866,295.56546,307.51846,2.9951708,11530,2,-2.7548274122063696,-0.7114859092635902,-30.463972,-21.048664,-0.5204148110253196,-1.184185122256248,-11.416868,-21.066761
1447509,244.84464,164.15887,243.91064,202.34706,1.1987172,11545,59,0.14860102097850753,-0.41890295765974983,-36.55085,10.535239,-0.4207406534133036,-0.43424802765567394,23.872723,-36.61456
1448793,129.8133,118.252464,297.24368,293.3817,2.7847452,11553,87,-1.7595097138639122,0.6180042345822919,-28.528612,-0.51565313,-0.3455362170090337,-3.8229784468840022,-13.8480835,-21.628174
1450032,215.2913,165.84927,224.64482,203.25752,0.93026793,11561,70,0.3534172952970226,-0.04100029334513073,-34.823975,11.866479,-0.2771089358735207,-0.24930417587294473,23.258333,-35.86188
1451084,367.5218,284.11523,299.7512,294.8839,2.7950535,11568,23,-1.7778040276041676,-1.361826008097561,-30.010958,-21.051805,-0.3388524190488351,-0.6826536380045726,-11.220736,-20.897303
1451165,173.81902,217.13324,295.95972,293.0237,2.7821238,11568,104,-1.1054237016877781,0.10663799364023621,-28.477346,-0.54388314,-0.26131912848028543,-3.897179834774739,-14.2246475,-21.761084
1451358,181.59459,201.81393,266.28638,261.94714,0.69649523,11569,140,1.6033775288762409,-0.2793175716828548,49.815163,-20.06987,-1.222133589754695,-2.9165163672605123,-45.91958,25.981125
1454017,212.42972,241.99016,333.2411,250.37585,1.9363273,11586,130,-1.0401113760233616,-0.4433018894114221,-29.671648,-1.5942693,0.11169078556481446,-1.3653072615247894,-24.486692,-22.745348
1454301,140.74623,201.44307,286.7954,246.18913,2.011958,11588,100,-0.333899640249222,0.7811106276902858,-29.100027,5.9219165,0.574759387112951,-3.06289568757008,-28.661415,-15.702764
1454399,308.7695,182.39842,285.67242,222.0867,1.7684925,11589,41,-0.6621561894538907,-0.7792209239088543,-38.51974,9.822667,-0.3743686061307119,-0.3398558515289256,24.064075,-38.106556
1454414,248.64989,156.1566,247.3697,201.26631,1.2548739,11589,56,0.0750170667099384,-0.4401538744455378,-36.827564,10.4195,-0.582712955879377,-0.3083203403539229,24.107101,-36.713375
1455902,218.21844,230.53903,295.60178,308.14395,2.9819646,11598,131,-1.2129038371837073,-0.5087572105053024,-28.378567,-1.1278132,-0.2990978858639283,-3.7481101155239243,-14.452203,-22.007437
1456082,402.383,258.59644,321.13104,315.6488,2.829363,11599,154,-2.1451904409612426,-1.9891525127191754,-30.593927,-24.180868,-0.7809963242389827,-0.601214229883071,-10.803321,-24.606792
1456125,335.4071,149.54468,302.49228,281.73444,2.600753,11600,40,-1.6381648765286343,-1.347745087245009,-30.669601,-6.591473,-0.3098447925656733,-1.3726582513663752,-12.177421,-21.410234
1456634,216.81647,194.51427,310.39383,293.55048,2.5465677,11603,78,-1.213327037030382,-0.7018426919363777,-28.898724,-1.507237,0.027904709778507945,-3.258687285726418,-14.093724,-22.367508
1456823,145.73383,249.81062,270.07803,241.67836,1.8812675,11604,110,0.4493068612533697,0.8714263426165119,-28.654894,5.9736614,0.03852283871091965,-2.795738635239709,-28.236666,-15.5978
1457927,180.96178,221.13818,297.5537,313.8135,3.0199006,11611,115,-1.5443259012975272,-0.19842231994343398,-27.838661,-0.8450241,-0.27042684666567574,-4.192902344162032,-14.718219,-21.811401
1458984,437.5249,173.00969,341.6175,166.61598,0.77167755,11620,74,-2.4471337230046224,-1.5324647263128213,-50.040348,-3.74411,-1.3923514260943095,0.11904864269322228,-38.440857,-49.186546
1459737,424.55887,162.06158,341.48853,167.85062,0.76385087,11628,75,-2.4247070866948035,-1.7135605822812132,-50.088123,-3.4778247,-1.2956299078851776,-0.059685335010413364,-38.454063,-48.88568
1461081,186.90018,452.6397,364.18802,413.29025,2.547528,11643,9,-2.9257314794614433,-0.5084636450511616,-21.876184,-14.316574,-2.1199187801707686,-1.4053271040300868,6.0175996,-36.949028
1462273,451.57922,189.85509,342.12405,165.95834,0.75959074,11655,73,-2.500041476297974,-1.4276913534319002,-49.995285,-4.037433,-1.328488748764271,0.21505574042613257,-38.37948,-49.45474
1462371,390.82526,144.24553,341.1367,161.24185,0.7930175,11656,77,-2.161618109194915,-2.0326485228410505,-50.342995,-2.69661,-1.2924332754008714,-0.30634047640827655,-38.486923,-47.937965
1462609,428.7854,304.3165,404.0491,232.58191,1.0475295,11659,33,-2.0208987170794157,-2.3926898727574413,-24.91254,-27.244484,-0.14394838486148395,-0.10125338332023463,-24.79275,-32.03357
1462666,308.60632,212.26616,294.19525,218.20375,0.8132317,11659,90,-0.3236978843153818,-3.3624793478593054,-15.891749,-56.251724,-0.872040795501696,-0.12280980128812147,-43.4187,-33.587933
1463653,406.55264,220.37468,362.85236,153.94193,0.6419746,11670,43,-2.0004892373713705,-2.1720849293980367,-51.10257,-7.5583577,-1.2682733134682405,-0.04998354079908857,4.5735545,-51.568233
1464062,415.02774,154.07962,340.95386,173.46848,0.7999773,11674,76,-2.454347336645936,-1.855794779149287,-50.044186,-3.187663,-1.3149948447670265,-0.09270746751256817,-38.328182,-48.659775
1466695,428.4903,196.22673,347.59573,404.3578,2.2230139,11702,77,-2.281632764639048,-0.5541474049170448,-21.02897,-21.719385,-0.6888179501150093,-1.3295826864678923,3.0514197,-24.095354
1467362,202.4039,239.72926,284.70477,135.20717,0.8564784,11709,86,-1.044218191740669,0.18845895628718076,-44.71486,15.780535,-0.3405665511634681,0.1914737091996731,20.468239,-52.24192
1467492,405.4067,415.644,364.18802,413.29025,2.547528,11711,28,-1.699518049216798,-1.6420083844990767,-16.146526,-23.650463,-0.606022741658929,-0.24838148515246838,2.9372575,-25.76593
1468130,369.00125,357.8791,284.13278,296.01205,0.74830407,11717,71,-0.9634492023798562,-1.0519103519859956,10.850001,-44.51805,0.6015476845211634,-1.3868951804395813,-23.307478,11.884202
1468261,346.26288,428.49252,284.021,295.48517,0.7498394,11718,77,-0.744558097680436,-1.127282146162411,10.528361,-44.193768,1.2824426943388803,-1.7966977008871645,-23.397936,12.089721
1469329,311.11914,82.81653,195.51228,174.10681,5.2985682,11727,20,-1.3578352785299685,1.363351326426795,-33.524563,22.861542,-1.0205730499025891,2.2925200344821994,31.792885,-41.75984
1469537,242.0968,318.8008,256.03683,265.0784,0.82266027,11728,103,2.872498699278672,-2.635645091634085,20.17148,-30.826298,-1.5332394966687963,1.5906058665421343,-34.975662,13.617624
1469851,229.1538,134.00543,209.98871,175.0253,5.485303,11731,42,-0.6383699065568839,-0.5658131396177567,-36.90325,28.731337,-0.3546720796844287,0.6246238223203303,35.66176,-41.503914
1469857,264.6921,175.01543,247.07027,198.31024,5.898047,11731,48,-0.7911309817322313,-1.5186637718171871,-36.62715,14.698099,0.6590859763008726,-0.21994640986024727,-7.270783,-14.696505
1470405,254.38689,336.47455,268.5366,282.0853,0.8118079,11735,96,1.8923712645539579,-2.623854966448581,18.044794,-29.206837,0.3195400893355997,-0.9769941287934869,-32.931484,11.0828
1470817,314.61844,285.61594,195.51228,174.10681,5.2985682,11739,8,-1.5126641043137745,1.8283536019735123,-35.424397,22.556156,-1.5188227382438992,2.076371838102672,31.435858,-42.93282
1472003,361.93585,330.30762,282.28482,279.2388,0.7524311,11748,69,-0.5116897907409946,-1.2994440630046924,12.108139,-45.901257,0.28154298950086964,-1.268659124991709,-26.004097,9.505097
1473438,275.78284,289.5632,195.51228,174.10681,5.2985682,11760,4,-1.0396384420744402,1.6478015645707853,-35.78506,22.331106,-1.6632168745418423,2.003505651817719,31.526194,-43.202503
1474168,242.90088,325.87976,240.79338,261.1873,0.64324564,11765,109,2.52842478388553,-2.1421379568308176,20.43785,-26.930716,0.05587095849345549,2.2851855644505745,-15.224796,20.713
1474263,319.6314,417.7628,283.87976,305.42538,0.69071597,11766,79,-0.9795221966898708,-1.7193381654792663,0.37804484,-21.330122,1.3983207096109558,-1.7366371782815646,-22.769983,12.223272
1474810,274.12015,291.23718,195.51228,174.10681,5.2985682,11771,1,-1.0346074974269437,1.7285199059823195,-35.836483,22.3213,-1.6806778664002526,2.0054590945064943,31.543165,-43.21973
1475563,279.11343,289.3442,195.51228,174.10681,5.2985682,11777,4,-1.097760228043186,1.6580897551945177,-35.762543,22.339022,-1.6545137752073134,1.9388056637913873,31.502096,-43.172787
1476284,242.73723,339.3011,251.48302,285.69586,0.7455922,11782,100,1.6236735104138742,-1.725215661213381,18.95673,-25.545807,1.1304727192030921,-1.3269507487649637,-13.739638,21.780916
1477067,316.60397,280.8437,195.51228,174.10681,5.2985682,11789,8,-1.532164633214155,1.8025431822407831,-35.382404,22.551441,-1.5031434807904602,2.055090613815828,31.429302,-42.89752
1478302,128.46251,388.11276,239.9039,257.33252,1.0442402,11798,118,3.4209206753657004,0.06673830680241763,50.55403,-0.85139114,-1.7979003745650601,1.7436961830001017,-31.524328,36.26666
1480038,318.5226,220.81427,183.17368,200.78113,5.0778794,11812,104,-1.073572120784577,0.8801712817342118,-34.049225,22.1713,-0.7215140671545401,1.8424782056028648,31.480381,-40.048145
1480427,154.12764,361.08286,259.56467,161.25969,0.05146581,11815,118,-1.0835036379673748,0.6085275711845527,-43.578735,15.975756,0.8069602066973671,-0.5476459030939443,-25.95884,-54.419632
1480752,145.73224,377.26184,237.90024,278.702,0.76515293,11819,59,4.783177469518711,-1.2609944237927653,59.044796,0.27331063,-1.4534327361948598,-1.0541097309795056,-24.9204,26.467329
1481941,95.28422,359.94568,229.82039,287.49762,0.7762952,11837,42,2.5639841736180427,0.34219230764815173,55.630985,8.43697,-0.4731817916595948,-1.9815877259356778,6.2942348,29.517431
1482458,126.86927,242.48721,224.30983,272.96497,1.5780283,11845,23,1.1121627358185242,0.6550247098489492,43.801353,16.897081,-0.11421616881898392,-0.7876628819026208,0.77490395,-2.8676906
1483543,129.42244,325.4086,227.54543,281.34845,0.8668969,11861,36,2.969406030848837,-0.009802028861874652,52.464283,8.456143,-1.5246954109109192,0.8663472886434882,6.9451385,30.516842
1485508,153.51833,379.13547,245.76544,280.6321,0.79801816,11890,58,4.811365344435084,-1.525738599001843,58.078903,-0.7347915,-1.0734395094705278,-3.2051152536323415,-25.250734,23.635508
1485541,138.49825,251.67715,224.03862,276.89658,1.5163449,11891,24,1.2353734614228415,0.6635932977312061,43.637653,17.575874,0.019403857432153802,-0.42816789010650036,0.7414391,-2.7452002
1486501,100.98019,363.0659,228.93471,285.98785,0.85971975,11905,46,3.001611925258859,0.14199194903467546,55.82342,8.485787,-1.150864105658952,-0.10162554783882821,6.737889,30.361067
1486556,151.8898,344.4572,234.21474,302.06262,0.76704985,11906,34,2.2163139069974482,0.37229885954884673,36.53478,16.23531,0.1841088082111078,-1.9506002377243474,28.044815,50.332127
1486614,115.95332,276.1946,224.93825,271.23593,1.2521441,11907,25,1.8089945168406223,0.7013664551934168,44.234596,17.836723,-0.6769089967291926,-0.017012711405549323,0.34766838,-3.6573987
1487030,104.191696,375.62662,244.5367,282.225,1.8810838,11913,39,0.9007839796533512,1.693553511989315,-15.8154335,24.449146,0.7309047502773893,-0.8206613366109166,18.950272,-17.47146
1487603,59.073093,239.3689,189.60878,116.075935,0.84333026,11920,15,-0.7566698016072344,1.9175858437114692,-38.796444,41.538944,0.22111079762551109,0.3001987347625466,34.86199,-49.54792
1488175,170.18275,208.02348,283.063,192.47415,0.58097386,11924,63,-0.5479200886868905,-0.20815626221768635,-49.263542,24.597416,0.40462803039595463,-0.3608820038622188,-27.267544,-44.41304
1488190,220.24501,160.84729,287.4024,195.44441,0.6210672,11924,78,-0.9085842552730738,-1.2233339938361654,-48.69485,25.092155,-0.0992083714001101,-0.33744630224599736,-28.927893,-43.67756
1489110,227.9062,164.23407,293.64194,202.54933,0.70446515,11931,81,-0.8932451507595088,-1.364916403354029,-48.570557,24.656002,-0.5399031188878187,-0.33737361772055563,-29.170412,-43.297207
1490541,194.85634,146.46696,284.53995,199.51292,0.7158716,11942,71,-0.9271515388417669,-0.6310924315091246,-48.17193,24.844074,-0.3818969204358974,-0.05983800810582862,-29.837063,-43.187447
1493014,224.29564,211.13823,274.6542,181.04576,0.49973574,11961,55,-0.3547753824708852,-1.0022557959267737,-49.640537,23.778318,0.1384169464888132,-0.16473718347375788,-26.448484,-44.986332
1493280,226.62148,216.72383,290.19644,207.73569,0.8928518,11963,59,-0.1840630868712979,-1.064754416533735,-48.83901,22.708311,-0.5089232502600544,-0.20359689205537101,-28.995502,-21.880507
1494343,199.74438,154.94028,273.64035,168.97661,0.27814496,11971,74,-0.8792719518403632,-0.8610617135197242,-48.038055,27.526031,1.517343299457971,-1.151928713572278,-25.107573,-46.725872
1495073,55.026962,180.38821,189.60878,116.075935,0.84333026,11977,18,-0.8083769438361699,1.5898678162377375,-38.878643,41.499413,0.12891890514238805,0.02107259326331537,34.86118,-49.56133
1496987,328.73306,155.61192,297.12823,198.0848,0.7021271,11991,98,-1.3417615909051097,-2.3002105246303968,-20.622362,-54.392384,-0.7603387911230022,-0.15279365219856555,-33.606045,-42.55624
1498987,218.7803,441.01166,189.60878,116.075935,0.84333026,12007,2,-1.829538567520652,3.380871612440506,-33.55156,43.586773,0.6717669310331805,0.9276352934642347,34.737545,-49.531963
1499279,174.46983,139.63634,228.778,119.635155,0.6826552,12009,32,-0.5968503155774486,0.2752468025482651,-45.858444,29.98618,0.3161210792160218,0.07107119012121177,22.576538,-52.01301
1501429,83.835396,406.33118,214.87277,315.60178,0.8910229,12024,107,1.6774430534871643,1.159274745490932,36.340996,37.449284,0.09504208723022384,-3.0636128830132066,25.783148,45.62522
1501459,171.0595,369.07703,265.9575,266.42737,0.8213333,12024,137,5.14823154908128,-2.2782591982162628,50.944588,-13.291327,-3.010762626981038,-3.443663769049764,-29.465704,22.032017
1502719,224.24487,217.03087,208.46394,337.76456,3.0278206,12033,20,-0.2545345955537685,0.299829673410502,-8.837542,19.932821,-1.496842300909064,-0.3473257548841799,10.18225,17.604586
1503561,98.417046,331.899,215.4153,317.8403,1.197568,12038,97,1.8875085295467964,1.144292729708615,38.89149,20.207512,-0.6775084741798834,-1.970849395788422,31.384169,53.705097
1504456,212.03844,414.0355,218.97823,336.1037,1.3620583,12044,74,0.7160968077127358,0.7152442604520645,21.551771,34.719475,-0.5877420178913436,0.16735194889448374,25.938944,39.803673
1504959,130.71768,385.2512,232.7851,297.10892,0.8700845,12047,118,3.2576467680086285,-0.1889030484514785,54.60381,9.679224,-0.3952519615930741,-2.866313334674483,-24.630283,24.507296
1505553,97.2506,347.3877,216.58397,313.7571,1.051573,12051,100,2.00876246283229,1.0963289641581386,38.945694,19.62098,-0.5797565514439665,-2.2559209630435406,30.921507,53.802402
1508143,66.02694,318.16666,216.6474,316.4066,1.3567549,12068,89,1.5733485516198182,1.3576033789209927,39.41194,20.370075,-0.7616812484340548,-1.729677757858665,31.655647,53.97136
1508587,214.64636,401.11578,219.07893,368.18298,2.814334,12071,74,0.21973758715203778,0.7220806790263741,-1.2265364,25.179455,-1.0832803788069874,0.12144999299092558,26.226162,15.604749
1509723,206.22934,406.772,269.58005,267.53143,0.9056416,12078,139,4.137517419373935,-2.354461181644154,25.239199,-38.132267,-3.7654335197994624,-3.4247141692732965,-32.205227,21.69537
1509942,102.03876,330.29285,201.1792,355.8108,1.5272372,12080,52,1.2065690643294253,1.6016423606111103,37.394108,21.90056,-0.50528491734655,-1.3402409804545004,32.706635,51.712624
1510400,101.77748,312.2556,221.93567,374.12283,2.7968829,12083,51,0.556494620865979,1.5278555520121317,-1.0484746,26.990997,-1.3570902575945183,-2.786631058471468,25.814165,17.907892
1511406,210.28067,389.1426,257.65973,335.4007,0.2966474,12089,139,0.12900262820608432,-0.06334754311542165,8.515331,-8.701881,1.4535374356381803,-1.298040079167964,14.69253,1.352525
1511638,160.47261,456.3302,219.17357,369.6207,2.7829125,12091,65,0.13327031390764416,1.5301099494580501,-0.3444448,26.184198,-1.0675168700696185,-1.0389465181768154,26.06029,16.24535
1513035,-2.4552193,424.33502,209.35309,340.04407,2.970314,12100,85,-0.026370043804634792,2.3015528336996174,-2.8656135,27.538109,-1.1926652426492865,-0.9484301969557742,25.897726,16.274061
1513485,225.39648,393.37784,207.37798,338.80768,3.5202105,12103,76,0.29503004086868717,0.5946495350000796,-9.457276,10.815775,-1.0630212827988896,0.12608496116733703,26.12113,15.231533
1514362,163.09549,206.8563,208.97897,338.94617,2.9028404,12109,35,0.2443388186096495,0.8259169330465269,-10.1860485,26.216124,-1.5533538664555822,-1.5968677581964896,10.840214,18.005304
1515572,238.73401,259.41373,200.93924,336.23355,3.2469301,12117,21,-0.06966626961650835,0.20651792354193366,-8.540028,19.76964,-0.6892737275631863,0.6325600337596753,8.7537565,17.138226
1516625,135.75584,359.36636,232.12048,264.84537,0.7551446,12124,91,4.9281782226244895,-1.093302213466241,58.915367,3.293243,-2.317279396125112,5.202385467199076,-32.662716,45.640938
1517484,101.21505,423.15842,139.07303,361.6375,5.930726,12131,33,0.693233006770277,1.9677550372440549,17.882113,19.82341,2.456651906236614,-1.4823294449830384,55.35417,29.825344
1517714,185.98378,279.37177,135.26927,379.08212,5.6744943,12133,1,-0.9277314183876374,4.279021721639417,15.6861,21.318798,3.0462903233895413,0.3404013873967425,57.733215,28.957354
1518039,45.86916,422.43762,190.32239,304.0578,0.6172605,12135,64,1.1144123275053242,2.034183770228246,37.208622,33.74044,1.5247229283011263,1.5078012983004452,14.626677,52.33561
1518153,114.93234,339.52444,173.70094,315.2088,0.38963684,12136,47,1.4430518326325157,1.3202351829884398,30.838486,19.727451,1.6387041186010312,-0.5366659567243269,10.715397,50.14718
1518292,126.35625,316.14847,191.12038,308.17804,0.6368575,12137,55,1.5153544610237442,1.1124272244595885,32.02119,20.135098,0.9917568084731074,-0.14888205443986222,12.091229,48.810913
1519439,90.80352,466.4277,135.26927,379.08212,5.6744943,12146,23,-0.13674924391807766,2.739743417832176,17.05178,20.609922,2.513292325621738,-1.1552917497074378,56.267467,29.576813
1520258,132.53674,312.86,190.56079,298.53232,0.6097725,12152,56,1.6145407456404584,1.0044402493873015,32.24883,19.901665,0.6246357328174664,0.11686155032687894,12.30227,48.454533
1521221,151.18745,351.44418,243.19029,251.93155,0.7506092,12159,102,5.5429486859690735,-1.740955356197133,57.380432,-6.9356933,-2.761126593440112,7.667550392334296,-35.431442,38.506554
1521517,143.4974,283.89224,135.26927,379.08212,5.6744943,12162,5,-0.7369987168586435,4.006235730773921,15.791939,21.327139,2.947823839969791,-0.05697046201557043,57.63414,29.076487
1521579,63.57336,444.443,189.96365,303.82166,0.6275698,12162,67,1.2068270408831616,2.024686502010314,37.09917,33.922955,1.3547146203151659,2.0151289326580915,15.0253935,52.172237
1523080,193.20074,259.97824,245.39201,246.17831,0.7246895,12173,127,2.793740650931782,-1.389974237073265,38.709232,-5.1116223,-0.30188772066254244,2.8941243200954045,-17.129135,39.172287
1523231,47.72719,407.73425,135.26927,379.08212,5.6744943,12175,16,-0.346116157310171,3.1672266581839006,16.899624,20.756514,2.696519287017748,-1.0612743100912585,56.8317,29.490622
1524351,142.21758,373.49817,206.25987,254.8518,0.49751496,12183,88,2.6448725751985265,0.1584865155959757,52.445732,-1.9600043,-1.4381939260545926,3.608570188097062,-30.152422,42.405037
1525111,52.873173,376.51532,194.36885,299.146,0.6517246,12189,62,1.3878612886077266,1.6917894214933646,37.377617,33.374577,0.9488803998843152,1.1680571477851103,14.711014,51.556747
1525366,132.36165,315.7125,186.561,295.70706,0.55856156,12191,55,1.6441358977552647,0.9986368597560822,32.09076,19.850151,0.625737183790352,0.10142528261302101,12.240062,48.44299
1525865,108.21686,444.741,135.87105,375.0962,5.734399,12195,30,0.44349633805245714,2.2285056049958927,17.386776,20.302515,2.5504036665996237,-1.4266935302432389,55.62037,29.701643
1526822,153.78238,458.79578,180.16533,438.25153,4.653384,12202,70,-0.654204643870933,1.3831740732512798,0.77019864,2.8446712,4.880916274579201,-1.1784727588729536,22.38997,3.1268027
1528278,108.5788,434.29434,160.33449,355.9007,6.035238,12213,85,0.5298608286599925,1.7175721977519582,18.08539,19.47796,1.7988688879730343,-1.3738166963834944,55.592476,30.47229
1528705,60.801464,212.97878,135.26927,379.08212,5.6744943,12216,119,-0.9679905906641467,4.1655942474986,15.930958,21.306608,2.342670929609938,0.011240189157581473,57.556526,29.284727
1529203,132.75314,321.57913,214.70134,333.7508,0.4630547,12220,93,0.9188660920211058,1.4435668362844924,32.66529,17.344032,1.5428625189995593,-2.009450704968166,9.811846,52.014126
1530168,213.685,185.73897,279.9355,226.48294,0.8232208,12226,132,-0.03771008876231059,-1.3055956124308141,35.949265,-21.840748,-1.4318365004960896,-2.2443218019901527,-50.681686,-17.30752
1530694,340.42618,362.62515,290.89514,187.41603,6.1471024,12230,22,-2.218564708144356,-0.7215742472373894,-44.631714,-17.534313,0.5825405317134869,-0.4614630625862455,-27.18071,-61.679813
1530696,351.3269,351.57513,290.89514,187.41603,6.1471024,12230,24,-2.2518624166176537,-0.8402188338425727,-44.67017,-17.552794,0.5400043722944083,-0.5234237641073801,-27.205547,-61.574085
1532972,380.20526,304.85822,290.65118,187.77936,0.5226234,12244,74,-1.6827020625113376,-0.6868757634859817,-42.816902,-11.346214,0.7297625926411105,-0.7186409020033893,-31.605284,-58.366413
1533189,208.4377,184.17058,274.81567,224.1491,0.80037177,12245,132,0.040262657996307474,-1.2354989989273797,36.115685,-21.78645,-1.180465527597632,-2.1995174690136152,-50.442013,-17.207672
1533624,326.65793,157.50612,290.37192,187.7488,0.55182254,12248,90,-1.4602067771979805,-2.17843218000159,-20.989319,-54.472282,-0.14472772110273,-0.5969326790303715,-33.725227,-43.094757
1533828,219.67026,179.31813,284.31055,227.06398,0.82507664,12249,135,-0.1586443966824719,-1.456216649169826,35.808514,-21.952177,-1.6285504858577662,-2.030048911078157,-50.920708,-17.409378
1536104,354.70956,350.9766,290.89514,187.41603,6.1471024,12264,26,-2.2663289632124917,-0.8425508783635935,-44.72228,-17.590687,0.5519061339659672,-0.5236261405013428,-27.208342,-61.558163
1536130,293.28906,310.86826,291.68625,187.57852,0.22904992,12264,52,-0.8369173846427671,-1.5965130903823797,-44.54813,-12.73558,0.10975823610586244,-1.5099969485296096,-28.630333,-58.89447
1536601,308.47794,298.11996,289.41843,187.50346,0.098620296,12267,46,-0.9752717093541178,-1.716915563822654,-44.63826,-13.196251,-0.11067930862419711,-1.610803276097701,-28.046867,-59.435814
1536944,339.61743,328.71405,293.40945,187.71817,0.50731945,12269,71,-1.3207307147831124,-0.9579600179848301,-43.29761,-11.665977,0.8311889240313342,-1.0077680961983722,-31.531181,-58.276302
1537340,279.80203,194.89082,274.5145,225.28291,0.7919771,12271,149,0.23034603832298284,-2.7716351317709798,-9.682736,-58.38686,-0.054454830456630604,-0.8859842981398222,-47.330006,-25.197418
1538501,346.6927,274.99774,290.89514,187.41603,6.1471024,12279,38,-1.5788850690429204,-1.9417877699304888,-44.939194,-16.134754,-0.16015076817752386,-1.3724919876018007,-27.51062,-60.3117
1539061,212.1253,173.13684,271.9808,229.03331,0.79310435,12282,121,0.12680456162607484,-1.3169820702643127,36.91791,-22.117266,-0.8959402780238751,-2.720174769286284,-49.81691,-16.984629
1540805,244.54263,151.5862,271.7031,228.94922,0.8344248,12293,116,-0.049238119162502744,-1.5734743656652557,36.711903,-22.974089,-0.26380515411430183,-2.595480134253802,-49.625446,-18.035486
1541679,363.29117,284.08777,290.89514,187.41603,6.1471024,12299,36,-1.928098199992837,-1.6521999554860163,-44.878513,-17.061502,0.0453450173787095,-1.0861910236919898,-27.446281,-60.66862
1543021,357.65915,221.91335,304.89566,223.56017,0.6279105,12307,106,-1.025873256600816,-2.8791422246095917,-21.448061,-46.464554,-0.16929455684193498,-0.29231211572196675,-35.756184,-32.78721
1543281,311.3628,269.8113,281.33057,188.20006,6.280162,12309,48,-1.0143043254336304,-1.7829507888508769,-44.338345,-12.921876,-0.3927310958349832,-1.6523804546160095,-27.4738,-59.59356
1545421,146.02141,369.48108,245.96918,278.89026,0.8389108,12322,121,5.088993140889298,-1.5791650461105549,58.50242,-0.8571192,-1.845803049029109,-2.693497481806217,-25.871033,24.521963
1546616,273.2785,374.6051,173.90404,326.72614,3.2575428,12331,11,-0.9922473803761355,3.937323634361842,-13.327017,16.486092,-0.7664658950746297,1.5650634041146891,37.24996,11.622468
1546817,68.55504,385.79926,165.22263,334.47137,0.70526034,12332,67,1.0642070022650363,1.5068395592353758,31.126915,28.47222,1.1243088265008647,-0.15827200003736347,48.81298,28.458096
1547972,68.796005,381.78033,163.69162,333.937,0.81861573,12340,62,1.1359298725424682,1.5022095587822648,31.11143,28.150122,0.5405366139088894,-0.4240273034403513,48.496685,28.702818
1548191,294.1803,371.27628,261.21628,261.01797,0.82138526,12341,136,2.5536333950614973,-2.5815102582664915,21.614525,-38.554047,-2.757394968791564,1.7876816492540157,-38.883152,12.863951
1548240,132.29688,234.21822,168.63516,328.49948,2.474237,12342,40,0.5765544909492433,1.7010325840557934,-7.781456,28.26893,1.127641733911452,0.4799121841790972,34.56658,16.728762
1549690,135.6074,235.25424,167.82259,328.66434,2.5031838,12352,40,0.5751667433586898,1.7007953215151264,-7.786702,28.17363,1.2808002666214293,0.6028923685524203,34.65483,16.762127
1550014,79.41424,290.51706,183.9677,328.7496,2.1904795,12354,74,1.0493072036878472,1.6097728626335186,-6.5581465,29.144552,-0.18188528491401953,-0.7846898897145221,30.770538,17.40118
1550703,152.40332,223.56464,170.27588,327.39844,2.6836312,12359,38,0.47056688385832524,1.6590617135486394,-7.867224,27.847416,0.6261440481949823,0.5843539510824178,34.824284,16.613003
1551832,186.66629,382.53372,173.9048,326.72757,3.2575223,12367,7,-0.049888449065547964,3.1244847921028693,-13.683605,16.734753,-0.7233653916198899,1.3645229949829913,37.241325,11.50364
1552165,59.289944,285.06412,169.64342,331.05127,1.7127222,12369,50,0.821761825707598,2.0538690741840075,35.29063,24.229448,0.5891092814457498,-0.5295385424162067,32.25645,18.109798
1552207,74.42009,310.37488,176.08446,338.27808,0.79718417,12369,92,0.610221664231031,2.1218511880675464,31.549988,26.366379,0.5417758498703631,-0.23008952285455653,48.887238,29.945724
1552257,313.787,317.61566,273.50592,251.40468,0.847863,12369,142,0.46488065171813797,-2.086570596821694,0.6171306,-47.398758,-0.7225773145058632,-1.3304735864111852,-56.097626,1.7978557
1552481,88.251854,278.67142,168.41287,329.76556,0.7211384,12371,76,0.47708957058144563,2.3652460823747714,31.499386,25.594799,1.4732883007780597,0.58079777141763,48.74487,30.021461
1553173,109.58466,252.31387,164.61673,331.985,2.227227,12376,43,0.6733282947822098,1.9046463773541942,-7.726247,28.533442,1.981560446994516,0.23116529547528192,34.23505,16.986792
1555039,231.51564,221.647,173.90735,326.76462,3.2573714,12389,24,-0.9051869309700961,2.944084554836029,-12.62401,15.607482,-0.8844412372146122,1.2093016430294976,35.560825,13.221019
1555302,291.01157,347.21164,251.96214,280.90054,0.81138927,12390,142,1.1313539336527025,-1.6534648220338222,15.151819,-40.584343,0.8441294241895223,-1.2933489710714245,-17.59928,15.5384865
1557123,82.18155,271.2907,145.866,406.49466,0.99735266,12403,78,0.004160050003758228,3.088222482887558,12.591357,41.712074,7.184400933408189,-1.6852770683043714,62.874897,10.117071
1557478,290.83536,336.72968,170.54712,356.53638,3.0552669,12405,143,-0.5076092085121165,2.377887320169688,-5.6712823,20.597134,-1.1244621496102456,2.243125028600346,35.58456,20.958696
1557884,145.5029,427.98132,218.56674,315.26666,0.6086765,12408,114,1.455791061126009,0.5332220266950268,23.346905,31.324577,0.7750435167154923,-2.0294549962656925,26.174623,47.23777
1558281,29.850725,282.82767,168.81676,329.34277,1.9107682,12411,76,0.6958179389318244,2.2976674783125124,35.184097,24.379028,0.54440379407824,-0.3409797977665173,31.846819,18.160278
1558913,191.65932,435.25348,107.25873,379.2271,4.9898868,12415,128,0.349273376598082,1.5365673047474664,5.0447216,35.49112,2.5098225114214157,0.6578487746219672,47.87624,21.261587
1559140,111.74734,487.85385,17.001364,345.54413,4.5589848,12417,65,0.31940512330964976,2.719507197086814,8.324822,40.795723,9.979886629467643,0.537189887187647,63.298622,3.6013875
1559620,-13.326173,417.34103,159.01172,332.4696,1.9291759,12420,110,0.5581520234454407,2.9031605129986917,27.63735,28.94507,2.000147375348939,0.21930026709382366,31.673563,18.417513
1561128,85.89238,207.28546,211.70372,234.08937,0.8135777,12437,21,0.8591522975506688,1.236425503477733,27.476522,-1.3905064,0.661757914300596,-0.059064896220177056,-7.130612,40.08722
1561465,120.67068,251.31169,211.70372,234.08937,0.8135777,12441,26,1.5263829754738358,0.5122562188076014,30.36793,0.9093934,1.0248660539788244,-0.5807726490418733,-7.3829255,40.826466
1562468,148.99615,253.26233,211.97743,234.37914,0.81128013,12453,33,1.6862480880539976,0.19139541548413824,31.937689,1.0131496,1.4801389040500912,-1.0147329762237285,-8.021394,41.83482
1562558,169.48538,257.63974,223.19902,245.75452,0.7784192,12454,40,1.893176362110025,-0.38806675896808623,34.499798,-0.38108793,1.760563529046762,-0.31730451825305284,-9.556226,42.897274
1563127,130.15315,251.64467,211.70372,234.08937,0.8135777,12461,28,1.6021031988968792,0.39780996353035825,30.720911,1.0081797,1.1452034295758131,-0.703628882395288,-7.507511,41.074795
1563994,106.19652,341.7561,246.71295,263.3381,0.80181867,12471,65,6.15635792045691,-1.4090460976651737,57.617523,-12.472174,-2.245945545851079,3.791082512060514,-32.025066,31.921705
1565091,264.0,55.0,211.70372,234.08937,0.8135777,12485,0,-0.5917995579806198,3.4452803980438156,-29.338913,14.695024,-0.6011302944955879,1.641241326057344,-6.326919,38.52013
1565664,156.10016,351.27386,249.23283,253.51921,0.7801884,12491,75,5.7940226392190395,-2.0620745552606845,57.125145,-7.6423197,-3.4397650801838693,7.117163650847518,-35.828102,37.654785
1566328,135.3468,382.32053,237.42802,259.0351,0.733367,12499,75,5.7729909973148885,-1.2927250226379667,59.934826,-7.0930333,-0.9935367580835684,7.249532368887174,-35.228092,42.7466
1566624,153.50693,248.22578,211.86552,234.26057,0.8129457,12503,39,1.5660450813663804,0.12793224104218506,32.09311,0.8510596,1.6616180513949188,-1.2319027838818744,-8.226151,42.09654
1566884,198.22644,299.12927,256.32742,270.5051,0.63006043,12506,50,2.9378652872697186,-1.2757239641693443,41.16231,-1.8753984,-0.1931319458900935,-1.8232915476737523,-14.71219,46.242554
1566969,189.85358,309.92578,245.65535,258.01675,0.41823786,12507,52,2.9187862212042983,-1.0890448101395842,36.5331,-7.820098,-0.5436441775595414,1.2374477499414467,-11.685076,37.205566
1567112,139.41324,263.87396,212.17804,234.58365,0.79580957,12509,29,1.8642137514521613,0.25608037059553485,31.373955,1.1296285,0.9589708760881339,-0.3996632093465386,-7.6363516,41.401
1568347,446.66962,244.15015,328.50626,153.19188,5.047707,12524,19,-2.841981253224215,-1.7079810040282877,-58.596138,-11.042986,-2.7713454322848055,0.5886013979704651,4.5407605,-57.453968
1568617,260.45334,137.25948,332.295,158.66402,0.34129584,12525,84,-2.414794741894986,-1.8689165545893263,-55.07015,6.635696,0.4979937724318822,-0.7996336357688731,-27.241224,-48.841858
1568839,330.3971,116.94818,378.68936,188.78111,0.80151755,12526,101,-3.1509598623944735,-2.022902143748214,-53.23812,-4.729597,-1.8954746935498314,-1.0418022891882524,-42.49033,-46.64511
1569772,257.64038,347.73975,328.50626,153.19188,5.047707,12531,9,-5.298663841668317,-0.40863075980808483,-61.82117,2.0657547,-3.5775062021684905,1.4649681457768058,5.741908,-57.85689
1570050,251.24002,140.18779,324.4753,156.10321,0.27069828,12532,82,-2.333358961318008,-1.7243833336211947,-55.18015,6.734792,0.8490575921442032,-0.7544697622236349,-27.135412,-48.794964
1570124,264.25916,231.21703,270.35678,260.6047,0.84709746,12532,156,0.8389767958375984,-2.1745776252643303,0.5961165,-58.378845,-0.4585820339049307,-2.3151196416423057,-47.90997,1.8770945
1571768,313.8604,231.84187,266.96603,261.7142,0.8425856,12540,160,0.10303868995876143,-1.8217126505875927,3.1083977,-55.520958,-1.7240882137418856,-1.7859611270581743,-47.428524,3.5503283
1572196,306.86243,321.8296,264.5845,258.10004,0.7806019,12542,178,1.2582473614072367,-2.6061515517675122,20.078749,-40.143154,-1.1835306932725118,1.4479894307333956,-44.80407,8.539157
1572624,335.6609,307.20047,255.62762,250.9335,0.74905825,12544,196,0.681468439072536,-1.9761681076004274,3.8667738,-50.436516,-1.0720464825930756,5.223850305557486,-50.349216,9.911644
1573408,311.2348,229.46094,266.60568,260.21594,0.80519027,12548,160,0.14592022091760837,-1.8986183899286455,3.1611276,-55.514236,-1.3452216754753998,-1.3354998426793916,-47.44848,3.7152982
1574032,355.24628,331.6669,270.69846,260.63696,0.82047087,12551,169,0.1356532803066735,-1.7129339348495427,4.606799,-47.936897,-1.141789407090656,-0.9769574378042576,-45.56415,7.522473
1575244,264.99576,233.47205,265.32913,260.48465,0.96288157,12557,151,0.9641833651421011,-2.1062369670500667,0.95812094,-60.375416,-0.49142221476729353,-1.4645727522697,-48.14977,0.5672537
1577719,367.23105,313.9059,270.84286,269.27554,0.765282,12569,166,-0.3167727327335332,-1.1360190470444183,13.265377,-45.800907,-0.20719211748568456,-1.4177668564949855,-43.836018,11.781415
1579832,475.24728,204.7417,328.50626,153.19188,5.047707,12580,24,-2.782327113854834,-1.6046998277199631,-58.725937,-11.139627,-2.8367092883951823,0.4076039998401715,4.4430633,-57.447487
1581653,161.0,375.0,328.50626,153.19188,5.047707,12589,0,-6.232879510231919,0.2983712346032742,-62.174324,2.0332696,-3.768291465726402,1.2895019644001895,5.925862,-57.92957
1581802,253.76631,240.12646,266.6653,276.6351,0.8334642,12589,149,0.7013656234020577,-1.3308744131093098,10.016264,-52.708096,-0.6838507806541058,-2.897609782021571,-43.789513,2.781874
1582417,281.03702,216.00728,240.33144,179.45099,6.020354,12592,149,-0.6163285465122886,-1.1425774552094607,-40.055035,12.898709,-0.1999566471257054,-1.021988394491451,26.252487,-39.810192
1584439,375.60486,185.93875,303.3178,155.6062,0.099360384,12602,121,-1.617578301450798,-2.1516995140556654,-47.342106,-4.265281,0.7614196300419167,-1.7937769947232123,-24.49621,-56.250412
1584707,298.39062,286.2601,227.98694,151.90038,6.2080736,12603,184,-1.2061271873938086,0.21510427064366006,-36.167553,19.93797,-0.1566933102643454,-0.6149117752455341,-24.257671,-58.233223
1585381,434.82053,177.85791,328.2704,153.78786,5.210367,12607,38,-2.150055471308654,-2.1424589513577867,-58.10513,-10.905402,-2.096368548510718,-0.8690742100799347,3.58754,-56.545864
1587045,103.11373,245.86823,328.51398,150.00397,4.595617,12615,62,-5.063599795026481,0.12392388241793029,-61.029953,1.4541498,-3.146174257114291,0.33963668239558875,6.7627745,-57.87692
1587494,327.2985,-3.5560174,219.70772,226.6292,2.0636249,12617,101,-1.083368561145157,2.5032781177329797,-26.644236,41.505253,-1.9378389878690139,0.14280957749094125,26.032194,-29.282795
1587509,336.85052,132.70766,219.70772,226.6292,2.0636249,12617,116,-1.285774027528139,2.439659076792162,-26.67135,41.519413,-2.0044629161053455,0.9080830218469199,25.848354,-29.284126
1588087,174.41963,179.68825,306.54224,147.30772,5.014385,12620,79,-4.415555109553866,-0.38176802715258906,-59.740993,2.131733,-2.555621022821027,0.4727278385077005,6.932831,-57.658966
1589073,290.5805,383.64615,289.14557,289.98468,0.8124916,12625,40,0.25879198468745984,-2.448690776224146,9.06278,-25.983568,0.1579795593384713,-1.266079410753421,-28.350863,7.1375804
1589530,266.4333,336.4307,281.74982,281.6651,0.8284644,12633,49,1.298261994449909,-2.772421180414077,14.249541,-29.984016,-0.25210036908720795,-0.5266315150821156,-30.981947,6.1928287
1589996,338.86172,249.50963,327.81784,259.38092,0.8702671,12642,11,-1.2285625563575557,-2.535172644037961,-21.14954,-44.23626,-0.06245215917075492,-0.0990141030619324,-29.319275,-31.907597
1590737,315.3162,277.37695,289.27167,289.49863,0.7917604,12655,24,-0.5422010386725323,-1.504144383928355,11.231004,-47.10619,-0.4578495261535427,-1.1156273671750112,-25.073816,8.041248
1590777,354.11,245.4454,338.2111,249.87897,0.85833377,12656,8,-1.6173718579494185,-2.756915814630467,-21.799015,-44.222466,0.14671008278518538,-0.10309224461277504,-29.31975,-32.073895
1591446,361.84927,250.07622,339.64764,248.46457,0.8552427,12668,5,-1.6793696710847061,-2.7584068288673103,-21.94765,-44.065975,0.17333227685798622,-0.08727016009543404,-29.310724,-32.099117
1593472,325.18173,263.98242,313.26297,272.7939,0.90576214,12704,15,-0.6938093346278225,-2.1192167447190133,-18.147125,-42.97864,-0.27856958922560154,-0.38748654502218316,-20.523018,-5.1930523
1593715,379.79868,390.162,289.8431,290.499,0.8492792,12708,34,-0.919742747561073,-0.891963442439227,11.062742,-44.822987,-0.274083899090586,-1.675977290824825,-26.654665,8.068714
1595913,165.88954,368.8768,105.06361,193.43993,5.23753,12734,8,0.40428406784405985,3.8141476677276023,-11.034781,54.366627,1.51388120495649,2.6286611457098727,47.430065,-30.285892
1596802,193.48856,179.45203,256.07257,248.81786,0.6410999,12739,137,1.2219534234375609,-0.5562045769981092,49.785526,-22.12796,-0.2938977081905571,2.484892934448931,-47.6812,26.70106
1598584,197.86194,132.09818,219.4011,213.56648,0.715721,12751,95,0.3491834815664383,0.9064802999855648,-32.17332,11.990773,-0.5331781579808751,0.8774018645023164,-8.660108,-1.0411965
1599506,111.70198,194.26057,217.81609,215.9367,0.72988987,12757,105,0.635807015328773,0.5902564977749865,27.033728,-1.2875102,-0.5542098056424103,0.21333393843374,-7.6241436,-1.4636873
1599913,297.50977,84.87789,241.85126,115.27709,0.016032865,12760,56,-1.8884227617548195,-0.7667237553243806,-50.182613,2.8535755,1.1240305143211289,-0.1266020450808284,24.848284,-48.604492
1600028,84.309265,257.444,110.357185,184.90648,5.3002996,12761,19,1.0588738988277697,1.8005467482906363,-14.098978,56.63574,0.5750689214018636,1.0551151511271932,48.561222,-32.585396
1601955,192.57286,235.43727,244.98651,218.44026,0.6902813,12773,122,1.0921327741530817,-0.7268381111032605,36.822712,-14.0431795,-0.5353702902295733,-0.5482449962427379,-45.09194,-11.967255
1603665,166.85196,368.67087,105.06361,193.43993,5.23753,12785,8,0.39377755455541713,3.798316862430276,-11.037267,54.371784,1.4886259826465862,2.6382885493604693,47.42586,-30.281723
1604582,97.53884,299.37686,105.06361,193.43993,5.23753,12791,13,1.0495239285333569,2.4488662033385666,-12.659669,56.23694,1.1161500841310044,1.854805264695942,48.38052,-31.590355
1605076,264.08234,60.969772,238.82254,116.45677,6.273559,12794,51,-1.8469337039608096,-0.47944591043289636,-50.327164,2.9586065,1.1030133865063967,0.07079123483488264,24.93319,-48.57789
1606516,187.11266,277.5112,243.29283,253.47803,0.6547193,12803,123,3.6200677897097986,-1.542971432079067,39.19632,-4.8267055,-0.155063964626662,3.946739481593879,-15.149367,39.95965
1606695,306.84943,281.35046,261.3838,265.80594,0.7312232,12804,150,0.5432727801259024,-2.1555066306684956,9.142425,-48.753548,0.03625356021907978,0.05564231717909361,-44.684544,12.575933
1607027,121.46848,171.03804,185.63264,128.27252,5.9383574,12807,26,-0.08882063013721396,0.9155673880541086,-39.25533,37.249535,-0.30715975101440757,-0.547044099330498,44.60867,-36.528835
1608272,306.68607,97.31262,272.83972,107.65697,0.13139723,12815,55,-1.7990127312267874,-1.7321993748150635,-49.73742,2.570228,1.2815058727781503,-0.37251990354041165,24.669268,-48.674507
1609338,239.14383,128.86572,141.73407,194.37567,5.158572,12822,57,-0.4771410183683641,2.002574147710992,-32.97133,24.53632,-0.7695904392427171,2.7787670231686463,33.03091,-38.852623
1609353,216.64853,188.55208,136.59714,203.77364,5.277693,12822,72,-0.07646137518208374,1.5286999604033864,-32.84027,17.720465,0.12335303305363801,1.9365440525337971,32.10408,-37.803143
1609512,285.28033,171.37183,346.91663,16.72143,6.118755,12823,79,-2.6372648676892503,-0.7687497595024751,-52.66689,5.099125,0.6852969855577904,-0.24126375821172696,10.591719,-56.548088
1610822,213.80208,176.0923,198.51512,194.01183,6.069101,12832,86,-0.030265450740378064,-0.32607838450356563,-34.48426,15.62237,0.11874556652779514,0.7018987876310432,7.4979362,-10.975695
1613773,104.62468,237.3326,224.83527,266.8357,0.5492455,12853,118,1.6615969794533492,0.9821628627916643,30.82827,12.194791,0.9058600791224916,0.07355407953114762,-12.587497,53.717106
1613788,185.66626,287.1549,235.44122,266.29236,0.5849436,12853,133,2.9831309693781902,-1.1138082079509541,39.52193,-0.02594217,0.4535606598973169,0.3407435267737737,-10.554112,48.05044
1614142,50.526443,174.21033,146.86513,150.39447,5.523323,12856,70,0.08589728106230012,1.5731001922490928,-37.305332,36.447315,-1.3067431062269208,-0.5907519290788383,42.62147,-37.313267
1615161,110.91031,208.23738,225.92058,271.5516,0.5130452,12863,116,1.214076762892768,1.3724690136089355,30.484388,12.370937,0.834221669923451,-0.7148987388246791,-12.217634,54.084595
1615956,141.86548,104.010315,140.67728,148.55156,5.393889,12869,77,-0.10700877275377926,0.8306783938903933,-36.670616,32.882095,-0.7882748885194238,0.04886935109075244,38.143913,-38.967087
1616548,160.61186,184.22359,228.53673,275.48123,0.5200395,12873,113,0.8966103053070873,1.2445552074255593,30.237782,12.396867,0.6019314799377338,-1.1162581099968838,-12.098014,54.198
1616749,77.8655,312.7981,61.562836,261.32114,5.3869715,12875,36,1.0134112214053181,2.446674187399284,-8.809191,57.80813,3.829093371441806,0.9361934233444082,60.291927,-9.657331
1616894,81.27041,262.6985,79.38679,208.74911,5.66224,12876,42,0.9673782203443212,1.969365662781219,-12.570042,57.599724,2.580515812481718,0.6196366635832488,50.32123,-28.348125
1617475,33.239834,234.86064,159.3769,143.6286,5.622082,12880,67,-0.07179839701624574,1.907568086850032,-37.494198,37.07487,-1.5989188539478565,-0.5408018172648853,42.83532,-37.121677
1617592,92.52966,248.6534,86.53131,194.97902,5.5854235,12881,45,0.992788204247489,1.7924327752525653,-13.561801,57.208378,2.258196144616847,0.6927749325302295,50.219547,-28.48064
1619309,243.46384,227.65845,216.9832,242.19203,0.013704366,12893,94,0.2982906133227211,-0.6819096860828623,9.0347185,-53.804253,1.3222441422137416,1.2091239733637629,3.1059012,6.8769975
1620177,148.8108,318.8183,233.15822,306.239,0.23703499,12899,128,1.1412177147752325,0.9328035900483093,22.87212,12.049489,1.5834798577544758,-2.1655566994200326,4.6054296,53.85143
1621731,257.76523,405.82104,65.74537,292.02625,5.1232696,12911,14,-0.017302828920515385,5.024217155547492,-5.249064,53.474815,4.525604596333673,3.638676974167265,57.348045,-14.579862
1622133,168.84792,236.3928,236.64497,278.24963,6.2191806,12913,138,0.4890830564365255,1.0034275193602962,25.078596,11.510426,1.416626226495797,-1.591612373710196,9.117268,23.22367
1622923,176.56189,255.27057,153.60713,272.3435,6.1780267,12919,94,0.6780881508044968,1.919246328361842,-1.1265815,38.59932,2.122286527376367,0.5760719859948719,49.90391,1.373395
1623131,96.084114,411.38162,65.74537,292.02625,5.1232696,12921,24,0.9029331783347783,3.3229666089627243,-6.425916,57.26324,4.053133454119398,2.754376216255593,58.994896,-12.307066
1623263,244.93192,395.489,65.74537,292.02625,5.1232696,12922,17,0.07222938476129497,4.854823543046155,-5.2628818,53.504585,4.635285470496927,3.540935529150133,57.349342,-14.568085
1623642,141.0434,276.88278,124.86493,281.80264,0.6842365,12924,118,0.5356313730855399,2.2996441735676507,4.770024,41.499603,5.906965451317992,0.636378402175675,60.447807,0.9981517
1623864,149.09619,184.78896,275.69836,123.393196,0.69784945,12926,62,-1.1917783819526038,0.36297631686720677,-44.974106,17.078192,0.08346071085446002,0.31897376958818446,21.973091,-52.144733
1624220,424.1914,355.707,357.5239,268.392,5.95567,12929,28,-2.427892331377823,-2.0520584306936955,-20.383749,-29.506313,0.7466783540866152,-0.03226018562413928,0.6690698,-31.348495
1624241,330.0692,342.04004,327.2657,265.3328,0.3619694,12929,49,-1.132172622051472,-2.18791055438884,6.0693054,-29.749086,0.3027042826341262,0.30625887706967303,-24.76291,-2.603901
1625093,208.5173,442.3816,357.5239,268.392,5.95567,12937,5,-4.86744392391927,-0.49511684686793084,-23.617968,-15.631107,-0.9751054532346115,-0.5823577356542338,-1.8433895,-30.949755
1625275,270.4505,294.53503,294.76404,239.12634,0.9318803,12938,75,-0.01848375745622602,-1.3631415249688301,-16.552744,-5.824084,0.25837807528932516,-0.4647051826690124,-21.148758,-9.984781
1628946,326.6164,334.5835,316.09097,265.28586,0.2913223,12971,50,-0.9722756354986339,-2.312576971605684,6.305288,-29.847248,0.1995623005088101,0.4891920587144579,-24.975319,-2.043402
1632222,260.33517,292.84332,292.44113,238.78647,1.031947,13000,78,0.0714624101312888,-1.0587925318664124,-16.61617,-5.5589914,-0.04706683131655086,-1.2483537730802141,-21.271605,-10.276106
1633274,313.35715,442.53006,357.5239,268.392,5.95567,13010,10,-3.633978492888858,-1.2020495778929463,-23.190811,-15.890641,-0.48388136390350583,0.11269020017559157,-1.7165997,-31.032326
1633545,298.72214,357.28467,351.42218,264.63962,0.7994294,13012,57,-0.9650583932339732,-1.6027972571840428,-20.074772,-7.485008,0.3477438255770762,-0.1802320949615956,-23.198803,-29.035135
1634789,327.67746,326.29965,324.16174,260.64655,0.6135645,13023,69,-1.0159315710395274,-2.195131810151719,6.365764,-30.536146,0.8407710469677534,0.2197730960233022,-23.785372,-2.8756247
1634854,476.33377,381.1663,357.5239,268.392,5.95567,13024,22,-2.8240758193215174,-1.1751264251307827,-20.362123,-29.599358,0.6589908096519913,0.04150365264263453,0.62251145,-31.257172
1637161,339.793,302.55853,288.18243,290.20047,0.8579072,13043,89,-0.5998612695676603,-1.4253029715059855,11.607117,-46.36077,-0.5278422783006532,-1.3345944819714686,-25.44529,8.212004
1637677,86.07568,439.97833,306.12344,167.09723,6.061905,13048,5,-3.692499360467953,0.5766208550647753,-57.203728,-0.14974973,1.0505185341041077,1.3537117823776845,-4.968164,-49.088673
1637742,321.00922,269.67432,306.41278,275.34088,0.8867658,13048,70,-0.5273844507323531,-1.9887128242943009,-17.869038,-42.849545,-0.3206784344674758,-0.5174264068438729,-20.607979,-4.9381633
1639317,300.5046,271.03632,289.70383,285.71295,0.9035141,13061,85,-0.26100544794399194,-1.580904537462472,11.436158,-50.28467,-0.5546103832668219,-1.3208083758790954,-24.490364,6.957358
1640023,318.20963,270.9498,305.25534,278.7562,0.86027217,13067,71,-0.5381585131155898,-1.9020429289075549,-17.852705,-42.781918,-0.35514220483341635,-0.5195245673761332,-20.550776,-4.921417
1640536,306.05606,355.26898,277.99023,281.73685,0.89306635,13071,104,0.8512621705808378,-2.4296463916582725,14.624265,-46.608295,-0.8344636558425623,-1.3751442120248274,-42.64911,6.94745
1641687,371.74506,230.37944,330.21225,221.95078,0.55763084,13081,55,-1.6083987244975297,-2.9302537670940603,-22.579643,-44.289845,0.3554569934489403,-0.47786755806135944,-32.799656,-34.92714
1642160,364.61264,189.14473,325.07687,195.78734,0.21479255,13085,48,-1.6224047048715076,-2.6133146165457997,-24.351654,-43.533184,0.7036416310592483,-0.8357393469091513,-32.0503,-35.766235
1642835,80.61608,439.94968,306.12344,167.09723,6.061905,13091,3,-3.8174433491451056,0.6493407733518836,-57.21001,-0.14774507,1.0801124964212734,1.3530673287085477,-4.970154,-49.086998
1642996,351.84613,165.8421,317.43033,180.80054,6.2796497,13092,44,-1.6487484470816205,-2.3487807955290996,-24.936684,-43.201992,0.8562214130208423,-0.5169262016400977,-31.689903,-35.85048
1643105,383.84726,108.071205,306.12344,167.09723,6.061905,13093,33,-1.8142556498312368,-1.2072321468125975,-48.43151,6.8124723,1.5136276758660225,0.5917145616142304,2.4595683,-8.746315
1644499,284.3516,328.28714,257.40216,252.62878,0.6734959,13104,107,1.9097884694007126,-2.7433901868288886,20.174932,-38.792637,-0.8216825912245644,4.029695917554062,-43.3625,10.098891
1646165,359.45093,367.9276,302.2921,167.6009,0.19581023,13118,93,-2.1325204721373963,-1.008723376775054,-45.993557,-12.816204,1.5106731182202637,-1.2101338504464818,-27.758766,-57.20321
1648736,80.052185,395.1302,159.3551,275.73093,2.488191,13138,8,0.07199364264913317,3.55672885481311,-19.03111,28.92655,1.802293541744681,0.2542794372681414,23.19758,-15.247274
1648928,201.57466,310.96484,243.24622,266.42212,1.4977968,13139,48,1.4435711263189168,-0.20820453160338767,-15.871985,-2.8194292,-0.651223691294854,-0.6413898418892033,17.201462,-12.688908
1649039,94.2759,407.21664,159.3551,275.73093,2.488191,13140,7,0.07185894970250327,3.6191039928336632,-19.062319,28.936388,1.8523791257482072,0.47286774180297153,23.278471,-15.201505
1649066,136.56029,290.548,193.1669,281.68237,2.0942597,13140,34,1.1724828077442668,1.3365149653080157,-15.850287,28.103743,-0.1652066680515718,-0.6014001650970776,18.871569,-13.699024
1649185,189.702,428.1093,159.3551,275.73093,2.488191,13141,1,-0.3326568655619198,4.3976719780257465,-19.276075,29.017843,1.785651859698925,1.1609718211338014,23.56144,-15.052128
1649493,138.26175,424.057,159.3551,275.73093,2.488191,13143,5,-0.10599285362262431,3.9731055470441494,-19.189775,28.981901,1.8246849921616215,0.8629314704235008,23.445564,-15.112425
1649992,201.42981,311.01807,243.15111,266.51645,1.499013,13146,48,1.4815321486780353,-0.21718971909411777,-15.869175,-2.8131917,-0.6585564461056639,-0.6393331139955016,17.204443,-12.687245
1652497,168.59502,251.02646,231.6152,247.80032,0.8993254,13162,121,1.7809087897674916,-0.2223821696769948,34.24364,-1.0077093,1.0164079237738648,-0.5967227053223808,-20.91735,38.932686
1653629,149.90315,299.43976,205.74419,280.67828,1.9540635,13170,37,1.275206211024688,1.1153486031771462,-15.582423,27.818762,-0.2991975450588796,-0.45566192711784353,18.54757,-13.391581
1653926,108.69128,280.388,171.76909,278.44583,2.3237827,13172,30,1.0322510389593438,1.739479041741258,-16.509512,28.4152,0.35538479769500775,-0.8017814277629045,19.514439,-14.201798
1654325,169.7721,260.9114,228.2165,250.27086,0.85834336,13174,125,2.0173684039136237,-0.369298586459736,34.660007,-0.43633953,1.5632638135268144,-0.5399844454826321,-9.535986,42.948647
1654770,158.55731,264.3064,225.79486,250.84627,0.92085296,13177,114,1.8987627020544207,-0.003501817284972508,34.12949,0.6458537,1.3167213233824875,-0.9539236267869404,-8.886452,43.01756
1655370,116.43609,190.32666,282.74744,261.71588,1.3967894,13181,106,0.1744279243305195,0.7755347316104214,29.00821,-13.496542,-0.9985190354626253,-5.862498425675077,-34.076923,-10.46557
1655669,121.102585,168.337,221.14607,248.40208,0.81356984,13183,101,0.7240831686178519,1.368493230337484,25.508558,-2.8012087,0.7876642722002288,0.22624408962579318,-6.8472314,38.470276
1656732,135.24265,152.57307,224.9081,247.31659,0.8310048,13190,100,0.7181201939180439,1.3807963103758265,25.499554,-2.8053935,0.4605364459438646,0.72282115940167,-6.801331,38.395084
1657050,180.011,257.83704,241.18503,248.79457,0.9216761,13192,114,2.285377120328543,-0.7874024200627606,35.75177,-2.2923508,-0.3128610575965194,-0.25133510169100354,-20.218372,39.342537
1657821,174.1464,243.4251,273.16162,261.44043,1.4209586,13197,125,1.0796280936644989,-0.20461732176753808,30.32778,-13.294111,-1.0978887966319146,-5.290993708751783,-33.44116,-10.895203
1658042,163.20549,315.78598,215.06323,268.62875,1.7066052,13199,42,1.380218085766377,0.9108423089699117,-15.444009,27.604387,-0.19179607356845774,-0.30646102183879337,18.507524,-13.253841
1658574,174.58517,248.19121,234.96472,245.46072,0.9268539,13202,118,1.7600372644295825,-0.3610321742627087,34.65811,-1.6525495,0.3757682310872793,-0.837328875115559,-20.46726,38.996494
1659334,158.7928,228.86342,278.6601,253.8349,1.3778069,13207,118,0.7525038952029878,0.10466709569752286,29.741962,-13.639831,-0.9182528094711185,-5.6125876251736955,-34.19973,-11.195316
1659743,295.64783,222.50894,247.83928,244.61957,1.1862934,13210,71,-0.13488919209818623,0.4403023489463207,-33.41613,10.933097,-0.42396262438241805,-1.5725650039616237,-8.847291,1.2475852
1660650,364.33,275.44244,273.53226,238.2774,1.0903816,13216,66,-1.080098311859555,-0.23184592333657278,-4.366942,-46.792213,-0.17811941192568323,-2.6229450434870594,-58.061134,-3.8051348
1660854,174.74074,224.29373,244.94052,225.17372,0.7565406,13217,118,1.226912930576607,-0.5431627786817957,36.067913,-13.599678,-0.3235466445524771,-0.5768108621636002,-44.991493,-12.911191
1661376,137.56424,283.97943,199.09297,270.6783,2.1360657,13221,32,1.059244591783566,1.3225982789160813,-16.214266,27.880705,-0.26132894315340477,-0.875054669206376,18.886648,-14.101689
1662746,166.74681,280.44745,221.53236,264.72842,1.959889,13230,34,1.1065970304377537,0.836475161171902,-15.700356,27.267715,-0.23850845187739655,-0.7653033859650761,17.929918,-13.643456
1663267,90.194954,352.46194,218.23915,279.93124,0.60035455,13233,97,2.377908790062254,0.641210821353374,54.3924,7.3817353,-0.5491230767379843,0.44051634693273967,-0.18057586,55.37837
1664426,201.68338,368.23413,125.738434,277.14597,5.8422546,13241,32,0.6045562049978471,2.1382913891765023,2.541036,38.062943,1.3325896590284352,0.5111712370090574,42.88286,15.089311
1664564,247.31018,218.56596,127.65712,273.90063,4.984614,13242,17,-0.604843585591087,4.428559741405379,-8.359491,42.642365,-0.09126168113389377,2.6327939314985964,47.544502,-8.752008
1664663,121.83468,266.02994,225.22331,288.00677,0.6937255,13242,116,1.593695756273535,0.8180031862191207,31.637726,13.825567,-0.4006130477782016,-1.6453298921216812,0.79475015,55.22814
1665184,231.62062,299.92636,127.23271,275.02325,5.2282357,13246,25,0.25220571703098726,2.244673976285465,0.45190442,38.879192,0.9913894192155153,1.324028953388941,42.193676,14.311167
1666070,209.68257,376.59937,250.95589,254.99278,0.65889525,13251,146,4.982554457103573,-2.4573785449856267,25.089413,-34.980965,-1.8634597846051288,5.664028983044649,-40.45604,34.63977
1666757,117.01071,357.84415,218.6682,279.8824,0.32508188,13256,68,1.9816253892704858,0.7778949664735985,22.645147,13.610866,0.6462964183772,-0.3955089153805397,2.411745,55.747375
1667556,99.81299,261.74612,212.11435,282.25906,0.60607827,13261,102,1.3650955655689958,1.1569989811423982,31.512487,13.894785,-0.42799970084796524,-0.23805012491380328,0.495794,55.327225
1667995,208.97475,405.18573,217.00241,280.98926,0.315154,13264,82,1.3075029571703678,-0.0328089790742573,17.085653,-17.044495,-0.48865267423947645,0.6428584612739519,-7.366148,25.804873
1668108,129.79547,425.78336,125.3537,277.85446,6.01378,13265,42,0.8737497307258841,2.577895520222972,5.4689164,37.50677,0.9113116236853323,0.9891196500154847,43.528313,16.071005
1670658,207.53383,377.54492,221.52321,286.70685,6.1049247,13281,144,0.8977272433602685,-0.29019841955833503,19.589657,9.891198,0.2602763377913181,0.37049696842194807,-7.9291115,31.763803
1671274,191.61774,384.45526,231.86224,269.7013,0.6712,13285,148,3.673197602554432,-1.1799875416275543,18.878317,-22.08464,-0.7808151307654089,2.070276454782878,-11.757834,24.569555
1672515,291.19843,211.45853,127.65712,273.90063,4.984614,13294,12,-1.0974806218591855,5.505814161443539,-8.511057,42.617428,-0.34141682097158416,3.1483020554056025,47.63815,-8.808702
1672743,168.14738,380.62247,207.7837,276.7065,0.6366197,13295,87,2.3096046265892314,0.2422039229204822,50.641354,1.5510767,-1.4403729277912276,1.8882640866129428,1.0929182,36.724865
1673198,200.65996,387.2947,212.01183,280.25943,0.38229138,13298,83,1.5740964589084465,-0.007373335455940197,17.329277,-17.469402,-0.8920095265686911,0.8116028462029388,-7.2947893,25.10444
1673398,130.31934,409.3517,225.92384,259.02042,0.2017829,13299,130,1.7933769684882637,0.6283026082983253,20.022745,10.970055,1.1221406175137751,1.6597817024438606,-7.143739,28.842497
1673505,200.1639,377.91077,213.36081,281.2709,0.44719547,13300,84,1.6264647384526543,-0.056589121908468265,17.39001,-17.749214,-0.9840552170283963,0.7175805223872772,-7.2402625,24.82356
1673964,199.61049,385.88324,215.63377,284.56433,0.45148057,13303,84,1.6037423863027434,-0.039863779664074284,17.35782,-17.67697,-0.8094550567845221,0.49756350336172006,-7.297268,24.901651
1674609,105.296555,280.37122,217.19127,287.22723,0.57502264,13307,117,1.582672765765645,1.0507387294853974,31.500174,13.921407,-0.04411755422668039,-1.1214270159578534,0.84222275,55.28897
1675605,146.2297,419.28204,122.5978,282.06625,5.880275,13314,42,0.9159212065496362,2.281567144031362,5.4048595,37.54594,0.5280165182521821,0.9232961889787201,43.501404,16.039686
1677147,63.38408,273.96448,114.18034,226.36787,6.2279577,13324,54,0.6479522581146492,1.726258482178388,-13.536748,41.00695,1.774119238518864,-0.15146860005175544,47.099026,-19.029902
1677594,24.90317,401.5604,1.615546,433.46036,4.704469,13327,42,0.35051195975547295,2.2632021902176094,10.681521,40.99362,9.6450658494453,-1.2433828471023356,63.149464,7.298328
1677616,103.91836,261.04196,10.205174,438.13663,4.7675033,13327,64,-0.12185342562845045,2.8359664880343867,10.001243,40.309513,11.245072042074007,-0.8678453154259556,63.428593,6.4942584
1678631,127.01419,343.33322,233.39418,260.0207,0.9608158,13333,128,3.7243679434230104,-0.47288438914370595,51.57017,-0.73386025,-2.1399088541235676,2.9850012833338657,-32.150085,43.864735
1679208,145.25256,300.00214,240.59174,254.73659,0.8430591,13336,147,4.206403739523333,-1.0545842882221343,45.89252,-5.3977437,-1.3340145291731431,3.7852536202471776,-34.35998,32.605766
1679829,444.0263,370.53458,312.1902,358.8053,4.999389,13340,24,-2.2964878360260212,-1.5837196092873265,-12.969582,-32.067333,-0.49086853830890415,1.4355052487398097,31.18349,-4.7580824
1680058,330.16672,344.0326,231.4463,281.25464,5.5375686,13341,67,-0.8294768356473133,-1.4791853936163022,-7.701508,-9.650067,-0.3786488559664019,1.0002757089789265,1.7726336,15.789559
1680064,297.85516,364.6673,230.78795,281.6818,5.8838806,13341,73,-0.4474515507872817,-1.3145427156383098,8.835985,-12.925742,-0.03532103385201177,1.1328835511454354,1.2598945,16.834713
1683812,117.627335,377.09528,194.42929,280.30698,0.9128497,13361,101,2.165125367801806,1.0448678591419656,26.518509,25.632269,-0.8976091585171413,0.9541327519849215,3.5602713,37.790077
1683878,149.94926,333.17044,250.88289,243.3589,0.78736687,13361,167,4.4234276581501275,-1.3959253158966645,55.90791,-7.0115776,-2.786671061091268,5.7110665246463626,-36.808918,38.50894
1684551,146.1007,381.1127,189.58028,285.21466,0.71419215,13365,96,1.7212612350098153,0.9617572144600377,25.909418,26.337223,-0.48013924341205394,0.9401903766205499,2.6961215,37.150593
1685515,124.95662,336.77664,224.31721,244.78923,0.91201824,13370,130,2.8402568101963843,0.0788887267934453,51.477524,-1.0776858,-1.6860246901744513,2.4224976608462865,-31.930185,43.794655
1686627,127.95437,347.24683,289.8845,286.28207,5.17532,13376,126,-3.1607472733695405,-0.1496225008809637,-21.666382,-2.512699,-0.20582559235394612,-1.7620729115065286,-5.151881,-27.731987
1687526,155.12682,372.8928,145.3533,441.70312,4.1531506,13381,95,-0.0835656928129439,1.8209951453051385,11.581356,25.75751,5.684481283570232,-1.183137197172018,55.736595,19.064627
1688586,414.627,454.0712,297.70474,357.20087,4.9377646,13387,39,-1.9109175019539895,-1.6061354888005503,-11.149923,-30.200312,-0.46069609147795926,1.598761890900111,30.738121,-3.410693
1689597,72.54087,353.78415,203.06007,275.45135,0.8515887,13392,120,2.230722267858345,1.1387326300923766,51.886673,16.373627,-1.2912903768568755,0.9282742960157933,5.5748987,40.252296
1693652,255.75908,392.9394,309.66922,323.7899,4.875191,13414,83,-2.43347507347159,-1.2081978749753182,-23.013441,-7.7037716,-0.40639107269975294,0.1188740127417549,-3.6014252,-28.16304
1693902,157.34015,304.00967,300.5908,292.05682,5.1478558,13415,147,-3.8312543847478353,-0.3328272704637667,-21.61212,-2.7183797,-0.7110350231301737,-1.7492517847331905,-4.9174223,-27.75762
1694272,161.11575,233.08316,212.85347,427.72253,4.560615,13417,145,-2.413050911065768,1.6331376821781267,-1.231468,3.5766058,3.6623432606353896,-0.33666321215924344,20.858639,1.1246252
1694324,416.41412,220.4244,314.32596,359.15668,4.9557467,13418,11,-3.60510192292167,-0.9985040662106752,-14.300432,-34.03511,-1.6270191143995785,1.7605974705380072,31.50369,-5.8597417
1694977,76.30184,357.3602,273.6515,274.68533,5.4391975,13421,106,-1.7891608624897357,0.06689243091140862,-22.111862,-1.423833,0.014207817672445854,-2.9047686524240515,-16.479237,-17.932144
1695040,191.31573,336.4954,273.6515,274.68533,5.4391975,13421,169,-1.1831608397728937,-0.8399477638931098,-22.159817,-1.0986173,-0.12126098611939531,-2.3733477223952093,-16.672586,-18.32764
1695199,147.34566,276.45694,244.87068,289.45035,5.2645936,13422,142,-1.0232542119469759,-0.04631930310486716,-22.637285,-0.82069606,-0.42479253925790184,-3.5163859267448685,-14.968848,-17.14598
1695240,213.21652,291.21558,244.87068,289.45035,5.2645936,13422,183,-0.6022333829926422,-0.795829904142972,-22.655222,-0.5902949,-0.16603756208563333,-2.8601257732123537,-14.667594,-17.229647
1697373,297.63446,211.13805,292.34027,257.27417,1.3604444,13435,34,-0.17039485411262112,-1.7021854949315294,-9.668157,-53.850433,-0.12715111708515267,-1.3718409451529345,-13.976972,0.60955435
1698068,366.86633,261.4406,334.64838,293.18774,2.0312693,13441,21,-1.7786643246831406,-2.1471338062546175,-27.925518,-23.254002,-0.5338188105357389,-0.09033441912676998,-5.715403,-17.88543
1699459,197.33162,270.30292,250.64388,260.70905,0.80609816,13452,114,3.1540791877050642,-1.5856524453969312,39.681786,-3.840694,-0.6328327064485582,0.8429542554686086,-18.190636,40.603638
1699514,236.28049,215.10925,249.60101,253.54489,0.86052287,13453,51,1.3313577826679786,-1.2132973057007372,3.0485725,-61.438007,0.3996887262344765,0.9885790667622344,-54.62508,15.938499
1699915,164.77863,263.1579,246.64575,254.43932,0.823495,13456,98,3.5522384830736673,-1.1563074520322767,42.404346,-5.552609,-1.11996876420355,3.094608694711745,-19.871344,40.727634
1700366,192.84169,387.9371,246.22871,255.21219,0.81666696,13460,77,5.3154046647190585,-1.7847996172264586,61.294483,-9.22208,-2.8636312916005213,7.247956397538535,-35.72163,35.0184
1701460,185.35458,262.02225,245.05861,253.29245,0.7835491,13469,109,3.148254085980499,-1.3919933601727665,40.212044,-4.6024485,-0.37353435364123067,2.762184038746885,-18.84525,40.346783
1702464,223.29584,220.33388,234.9462,255.0947,0.8303693,13478,51,1.03382425027742,-0.24077429689032515,3.6612272,-62.285942,0.9657698012122273,1.005379887189271,-54.740223,17.267502
1702623,123.40255,274.39737,238.0164,255.44748,0.8563059,13479,92,3.239045849936433,-0.285983221846996,45.656208,-5.0903454,-0.4402910577270408,2.8726054494725695,-34.861485,32.503307
1702845,172.66571,390.46356,240.40086,256.45462,0.78641886,13481,78,5.461639827373172,-1.4907429458749826,60.75042,-8.454701,-1.9417804731687949,7.63670942920468,-35.07172,35.472126
1705097,101.037796,300.55652,231.95047,257.11395,0.83196765,13500,88,3.1371230037871336,-0.08234817986491363,45.98682,-4.583213,-0.037329287217418926,3.0527601744871666,-35.397583,33.056686
1706075,404.1974,205.13776,338.76517,301.47025,2.1457345,13509,4,-2.2448038315754304,-2.2575448332952956,-30.721104,-24.952137,-0.1972036651152839,-0.5483312941405234,-11.237163,-24.314508
1706586,278.0617,217.34883,278.65744,255.04039,1.1465174,13513,43,0.44493525680880996,-1.8573915929480733,-2.6408792,-57.193985,-0.33158601567603313,-1.9676693568865546,-14.389968,0.6984063
1708470,278.36307,198.81883,283.5421,273.76523,1.5563581,13529,39,-0.11068808768125107,-1.0459711174599635,-14.474387,-11.649834,-0.3003850709012116,-1.9134269778740847,-13.096447,0.92963016
1709412,318.31485,324.70786,321.31772,201.15971,0.26797137,13537,37,-1.149078015851825,-1.9486777874179553,-46.15464,-13.788773,0.1591780432670366,-0.8407949277722747,-29.186687,-55.461136
1711000,322.13782,186.52495,314.29395,200.19443,0.8442854,13550,91,-1.0239127062411004,-3.2794913040762443,-19.500772,-53.67616,-0.8173382484702215,-0.21025541871216197,-40.477436,-37.93921
1712075,288.14374,213.61711,281.36646,227.5728,0.78040206,13559,104,0.20700971525427292,-2.9699328966085483,-8.05986,-59.533165,-0.29435474616445484,-0.3609532593329472,-43.855045,-31.570965
1713021,277.56494,207.23286,275.04794,224.69144,0.6976176,13567,106,0.27429513242821996,-2.818387763205469,-7.684508,-59.39005,-0.13326215309144646,0.10293663188297088,-48.542454,-26.450426
1713361,318.73294,187.74542,312.3254,202.77263,0.8245696,13570,92,-0.9519000435512331,-3.401898085409028,-19.063627,-53.768536,-0.8727054062702612,-0.20553606480470532,-40.478874,-37.65594
1714217,339.8605,77.815926,337.1348,186.50162,4.3369265,13578,4,-4.42756001564386,-0.8961685149627281,-61.876022,-2.706562,-3.5289853836561083,-0.6138706507500699,-1.6253148,-56.152046
1714720,334.47586,318.67783,325.06113,199.77942,0.17281137,13582,35,-1.3766664009895446,-1.9966954390060556,-46.33925,-14.223832,0.07944578268629274,-0.8047368792378695,-28.914415,-55.433773
1714782,320.35175,199.17758,310.38556,210.42197,0.7875227,13582,97,-0.9077277637826584,-3.4994986964636503,-18.556248,-53.036457,-0.6543367323709672,-0.1819428896266173,-39.194878,-36.135124
1715054,449.57507,140.07817,336.86252,185.38412,4.57865,13585,15,-2.322019190764892,-1.6382530483210627,-57.450043,-11.775364,-2.3592152369626818,-0.4871047332064582,-0.71494186,-56.88525
1715514,327.7497,78.71683,337.1348,186.50162,4.3369265,13589,3,-4.677920835078592,-0.7859343358179145,-61.872746,-2.6316447,-3.5216610756951,-0.6169316351254894,-1.6377696,-56.124176
1715780,343.25705,305.40424,320.1521,202.43732,0.06300529,13591,33,-1.4257985036219005,-2.0628809190396424,-46.13183,-14.61951,-0.12046196674254644,-0.9082539794509501,-28.765781,-55.45181
1718312,294.01883,192.53821,252.1218,208.73367,0.5101977,13612,87,-0.23262436477530873,-1.7998989343027767,-11.439396,-59.056046,0.23825810115829973,1.5195944308838716,-44.3711,-24.256712
1719202,350.09348,300.83292,310.00876,195.0794,4.4265327,13620,33,-2.7427449969460858,-1.3513311560847472,-58.014168,-4.8833823,-2.184592841639888,1.3138195291793922,-1.6582828,-51.669617
1719314,409.3291,278.95987,337.1348,186.50162,4.3369265,13621,27,-2.6947503279218274,-1.6105341904653176,-57.78823,-5.658219,-2.9426630391485866,1.003414754843812,2.7615817,-54.794582
1720347,343.25244,226.77715,239.74324,229.30429,5.573865,13629,116,-1.026970771792673,-1.9308681972515434,-17.398426,-11.103274,0.04324533029952849,0.43407817660597553,-8.536414,-16.748785
1720731,385.09467,273.2872,335.15686,187.08568,4.2953973,13633,28,-2.7587611668619196,-1.554096147216675,-57.843925,-5.438333,-2.8350081579920454,1.0267415688350396,2.8233263,-54.76608
1721366,142.07959,447.3315,171.21663,301.432,0.5474111,13638,58,1.2712292174608224,1.606519207777617,29.544237,32.501408,1.204732202609112,2.1785209379353487,17.339005,51.732895
1725257,297.4145,421.1759,176.03705,298.83774,5.2791934,13670,13,-0.6147136903335302,1.5081312633280133,11.659583,-3.4981656,-0.7071064910168735,0.9282106954899488,30.024704,7.0946827
1726704,111.998314,423.93665,204.58444,326.06357,0.7904275,13681,107,1.5263024498932218,0.9301725957889543,33.765404,37.260376,-0.5781343039294218,-2.264615173419818,25.001663,46.416203
1726942,44.291065,395.86673,186.61514,316.17416,0.7507149,13683,99,1.1558975485375858,1.6330389650677735,34.833763,34.114777,0.08898559591279906,1.3884603553730985,17.442482,48.479465
1729387,128.19008,273.84967,166.2953,308.28284,0.43131766,13703,84,0.9144715904979274,1.9434751452426835,30.311415,18.872995,2.5479575538932604,0.3072901103639013,7.763238,52.7269
1729424,169.90454,347.2683,198.35905,297.88742,6.2520337,13703,121,1.4443456792505636,0.5397715157414446,21.500172,12.272379,0.4623025189116176,-0.10708497952569508,-7.8915987,33.899105
1730807,284.26868,335.88086,176.03029,298.85474,5.3044577,13715,28,-0.05349564499805589,0.45591438527243466,11.456177,-3.2942233,-0.5754676787804821,0.6513185042762335,31.07857,7.232055
1731347,55.82625,261.55566,175.74857,298.2886,0.10623767,13719,76,0.7636137113531364,2.6743597120127403,28.317234,16.12166,2.2423552483731997,-0.24992650428154595,8.314248,54.95283
1731360,82.0621,250.79196,175.74857,298.2886,0.10623767,13719,89,0.8518969182997866,2.547084524690925,28.376957,16.118109,2.2024963127072517,-0.303125568819019,8.215573,54.798264
1731947,141.05852,491.51102,177.02788,295.05655,6.0378947,13724,61,0.6002153346566069,1.9948702726512653,21.676968,15.323966,1.1947386646819078,1.0958660629335837,7.403616,57.465813
1732344,69.98837,267.33258,142.07843,260.09848,0.81910616,13727,89,0.7039948239242576,1.7248238691846587,-12.807943,40.0251,1.7747954903192285,-0.1911680570323504,20.037376,39.5208
1733273,238.60707,398.05685,173.39151,302.02567,5.9527965,13735,34,0.53588956366386,0.41022011379006357,12.360574,-0.9763034,0.07413517198491623,0.3293081863081616,21.69298,28.421381
1733395,250.97005,408.3411,284.84366,330.65347,0.762494,13736,33,-0.22167596261585204,-1.5825306849249308,6.6419683,-19.63043,0.676565549418075,-0.6768096744265003,-9.826866,-6.436012
1733541,249.97516,337.62836,264.09973,285.49814,0.8523842,13738,49,1.9043894968035158,-2.427249551492346,18.516531,-28.669962,0.4977343350757562,-1.206182871215025,-32.575974,11.724714
1735915,403.45065,355.6689,287.06384,332.69086,0.54670495,13775,18,-2.8089153522795236,-0.35487690067996,0.5973463,-13.630851,-0.6645679430466362,-0.797786657531846,6.230433,2.4706452
1735993,259.6783,430.90012,288.03885,333.2734,0.57756585,13776,31,-0.7690534437132565,-1.4922021027411907,5.8393855,-19.533653,0.39360566058648194,-0.8675439380392208,-9.607717,-6.6395216
1736238,400.97052,316.3488,288.89474,333.79745,0.56330776,13780,16,-2.9980812720815537,-0.18743690790329184,0.54449743,-13.508983,-0.807613781566619,-0.7504904337290567,6.2481594,2.479611
1736839,259.75552,417.84952,287.62918,332.94028,0.65336955,13789,32,-0.6136432744893191,-1.6296098083318837,6.1190677,-19.672394,0.42670796064767874,-0.7209402937341873,-9.764662,-6.729306
1736945,220.97707,302.8633,290.16055,334.64917,0.5764544,13791,8,-1.3916113269418355,0.019322055614602505,-1.8172519,-12.012089,0.10038229493249118,-2.0767233471070723,7.4675417,2.8593032
1737591,218.57324,299.24634,285.80057,331.90387,0.53380316,13801,4,-1.3468171402797149,0.20820576655569106,-1.8752594,-11.999256,0.015534821078797785,-2.057044169704373,7.433742,2.8871405
1737637,243.28467,332.7675,261.28107,281.84546,0.9254885,13801,50,2.3506649055588373,-2.4253065079186626,19.144487,-29.072304,-0.4125964671674788,-0.8308849522041135,-33.029476,12.144581
1738029,237.56277,325.49026,251.95079,273.29443,0.8516087,13807,52,2.599734026425487,-2.3283568041043554,20.046394,-28.444202,-0.17632655027496294,0.2202636503649288,-32.05847,13.602651
1740939,149.50342,369.46225,243.04202,272.09213,0.77524227,13845,108,5.512117278145332,-1.7326405513453944,59.103798,-1.577333,-2.2762001270460814,0.1583121701840104,-25.531906,26.786474
1743514,108.59604,474.16815,175.71088,340.6353,0.82605755,13868,84,0.8331116064762374,1.485427642700967,28.604807,36.902905,-0.7398324225411127,0.16136250157990006,45.620705,24.9936
1745798,151.83774,354.17242,259.43024,272.71387,0.9179281,13888,108,5.570449445359499,-2.096397163529489,53.6786,-10.73607,-3.438857340409126,-3.1918106006168734,-29.582685,23.848433
1746483,366.82498,254.97643,172.19157,366.9123,3.2040427,13895,2,-2.098551046456514,5.440122505122516,-11.223162,15.811158,-2.2141998666812657,2.577347922538539,35.331367,20.809694
1746752,50.692818,399.17838,167.43578,372.16318,1.0912341,13897,45,0.6614161988245686,2.150387408252188,19.641722,43.631763,1.0916041071852753,-2.3614991959222773,38.47777,42.993027
1747823,90.58255,404.84973,192.95583,316.92957,0.863702,13906,99,1.7868684636960936,0.9056234260704606,35.434505,36.05912,-1.1835351901096862,0.7808538299320326,18.520374,45.889256
1747958,279.1188,243.03859,172.19157,366.9123,3.2040427,13908,8,-1.4762638643459456,4.393410023823977,-11.3781185,15.869758,-1.6226205987426197,2.3877248734994088,35.442432,20.675684
1748663,60.287445,334.39697,171.94164,368.7129,1.6124262,13914,35,0.7971173991559779,2.2419743474711233,19.20469,42.195095,1.1156397054086726,-1.4175169357547015,37.925545,44.38643
1748784,38.526802,386.77576,172.64076,367.64395,1.4728394,13915,43,0.8335658647336597,2.217750679112097,19.774448,43.44479,-0.3743602637758936,-1.6149656701587496,37.341408,43.85006
1751136,182.07712,280.358,168.65541,367.21814,2.9507244,13936,22,0.43449294663287863,1.544492195765315,-7.1988735,26.194025,1.2437351239835766,1.1759731618609826,37.38939,18.343899
1754842,305.63916,320.85443,260.96265,256.12427,0.6584099,13957,158,1.1693874518281517,-2.6242269043497433,19.430334,-40.098885,0.011708120424418898,2.671184120146697,-43.516075,10.491195
1754923,146.63142,399.26678,175.17659,327.83032,5.7135434,13958,63,0.8217158152138643,1.130552977495336,19.02701,15.246301,0.5530691729318004,-0.2284104201130373,23.927347,9.967293
1757271,344.7748,282.5357,252.92903,228.8726,0.21326229,13971,123,-0.303230076467108,-1.7160237362379493,0.31469983,-41.846428,0.4311743317340602,2.036849755655371,-20.619057,3.1745224
1757468,328.47858,355.69934,252.39032,224.09059,0.24775845,13972,144,-0.07387235512349624,-1.0901083617483782,0.2293598,-41.723606,0.29542285539152785,2.5004608824203887,-20.111612,3.237021
1757756,194.65425,324.0151,205.89783,271.28397,5.906212,13974,80,1.3651966318838076,-0.12622936265365567,20.970991,9.635217,-0.07000992184055564,0.4428094347533657,-9.0417385,32.353592
1757891,285.5669,416.50668,155.24287,372.30603,4.057946,13975,39,-0.33053061169681675,1.4508573738116126,-2.7206435,16.775219,-0.5418569239972465,2.0435345993169505,31.694801,23.989079
1758321,357.39005,266.86014,223.92192,348.86478,4.5872765,13977,117,-1.7081161257258142,-0.7636461106705827,-9.097925,-13.953059,-0.7764890840832211,0.38611191717916193,6.754275,9.549692
1758362,310.5113,320.89813,221.65794,343.74747,4.1285977,13977,158,-0.778772481330605,-1.0577227205693278,-8.553887,-9.165844,-0.32850985519134135,0.7403583142894768,5.0317283,12.293438
1758770,286.74292,400.782,156.11697,371.6514,4.0497837,13980,38,-0.3434822516135163,1.4134376127264627,-2.7888434,16.772987,-0.6024024560659389,2.0635715774762993,31.603827,24.111673
1760141,254.07417,94.54978,171.1871,358.69324,3.9917707,13988,1,-1.48915916323483,3.8277236715196516,-6.3917494,14.251645,-1.3832390570936817,1.1064869911625297,27.138422,25.294353
1763144,248.21893,176.12703,171.1871,358.69324,3.9917707,14005,12,-1.204202426564704,3.170644709847303,-6.4416575,14.357597,-1.159393721755992,1.2132238751604063,27.18114,25.310915
1763434,341.05518,276.08582,248.32715,276.54935,5.0364714,14006,126,-1.1150365858374016,-2.2336918682013196,-10.832957,-16.283089,-0.5665512111135841,0.1527324477487278,-10.957859,-16.209732
1764398,295.5657,358.55063,164.10164,365.48044,3.9834483,14012,34,-0.5785349273619619,1.5312145262736039,-3.21425,16.724937,-0.762965176451084,2.1412139277715254,31.192642,24.353193
1765214,334.50665,330.80945,225.09152,251.6621,5.3932605,14016,146,-0.5813729350553586,-1.4598822698408995,-16.976746,-9.901237,-0.18111693165081036,0.8793569886821241,1.6114293,15.041548
1766362,132.88458,400.12506,143.52594,346.52902,0.7772579,14023,62,0.8746085407099945,1.436899200800956,27.72915,30.15772,3.2104549893265277,-0.33659602242730696,57.90536,0.823921
1767045,272.0934,440.89526,165.30003,355.36786,5.38867,14027,41,-0.3278987052070639,0.5948728274522614,9.361502,-1.8337278,-0.8977560784485191,0.8243352434501772,34.800625,5.223274
1767076,182.71593,376.15744,222.74393,297.06168,5.9002056,14027,72,0.9213625836157074,0.14624970529167375,19.00704,10.207425,0.9701010051698049,-0.3928224698897399,-7.5945425,31.935726
1767225,264.54846,444.86816,162.20726,366.51825,3.9938293,14028,45,-0.13082634548709077,1.4738996956900208,-2.5276163,16.989069,-0.5274683473964163,1.9724859659815384,31.519358,23.476982
1767417,194.45692,442.9778,171.1871,358.69324,3.9917707,14029,61,0.3753161769754712,1.3476027741800958,-1.938723,17.519295,-0.4217893909450528,1.0775002262832607,30.754305,22.465406
1768461,240.5268,410.48,160.45609,365.4966,4.066764,14035,49,0.20395648613688727,0.8574947429885271,-2.2527122,17.068216,-0.4765448693794568,1.8061383736857872,31.631775,23.732313
1768622,228.25203,387.09802,190.42499,429.5032,4.4244175,14036,34,-0.6435952144992916,0.6682551976654098,2.4800677,6.364757,4.132357973587559,-0.8112432792141807,23.725124,0.51673514
1768624,246.82878,400.2373,193.7723,441.86633,4.4896274,14036,36,-0.9863757629139966,0.5261451919028697,2.4359276,6.335427,4.4896602720554,-0.8807070398733818,23.76218,0.573121
1768937,351.50018,452.22766,177.76793,371.47757,5.073098,14037,173,-1.546879532871212,0.5561280065135396,8.216803,-2.1883273,-1.103798860195394,0.9695696180890992,35.448013,4.446928
1769031,239.59181,257.63776,96.602104,319.33417,5.8622274,14038,91,-0.35833946092234953,4.28797430893542,2.2848854,44.26653,5.4071950079803495,1.6838095857712185,57.75147,3.9026957
1769639,279.78647,283.37585,278.05753,314.80524,1.1474484,14044,48,-0.16320208683569598,-0.9089240520822381,-6.4074893,-13.4309025,-0.7603888662024232,-0.9101478255279427,-2.206456,8.717759
1770054,140.6891,400.889,241.67554,266.63644,0.8173934,14048,83,5.873580905039005,-1.479726577118815,61.47683,-2.129413,-1.5447686771869344,3.9207285207162905,-26.805912,32.28364
1770552,394.38077,273.22925,378.2044,423.58136,2.749287,14054,11,-2.7913100775396527,-1.3637196665525468,-20.805492,-22.742212,-2.66711127405216,-0.37311254268708116,3.4006953,-24.843805
1771718,391.06793,336.17816,359.07474,359.22717,2.1259239,14066,37,-1.8913597580846437,-2.0408902043511636,-23.044767,-23.553658,0.19581504698761398,-0.32110903137624586,0.95364463,-25.22773
1772524,144.23468,404.06503,262.9919,276.1948,0.65330684,14074,83,3.447744071427066,-0.8998818255421691,48.433266,-12.159129,0.7254800260864626,-4.382826387323627,-24.327158,21.127964
1774968,329.15457,368.82138,271.17703,309.1251,1.0709429,14100,57,-0.3413791989097073,-0.8215343182640945,12.299284,-43.23657,-0.4440930170644952,-1.389548750180997,-15.421506,13.248382
1775245,271.94693,276.00052,282.98105,317.90015,0.9595719,14103,49,-0.425931684727536,-0.7400687691749703,-6.0553913,-13.911558,-0.6364958116284204,-1.1627994325264455,-1.9075686,8.090885
1775262,276.73755,368.39148,272.02472,298.92245,0.80287576,14103,66,0.31745637135555194,-2.1575762380044763,13.035994,-24.315077,1.4308653781859235,-1.7313823036752827,-22.056517,11.952172
1775425,393.7356,310.79807,362.75607,357.33374,1.893697,14105,39,-1.937437336609933,-2.0265353946646605,-22.424318,-23.437134,0.07500582924596016,-0.7950061244545257,1.1069295,-24.958517
1775467,175.25102,417.71378,281.46243,285.99884,0.6062797,14105,81,1.4797719267756941,-0.981791668813419,46.58068,-12.551682,1.0481751491516753,-3.2188284651209975,-25.128378,16.30654
1776135,131.6286,392.82135,250.76349,272.07715,0.9624053,14112,84,5.558455345842642,-1.4098148576547633,60.485878,-2.8308766,-3.273251484893597,-0.23766514262755178,-28.33171,29.558794
1777327,393.56586,318.3363,364.6273,412.30658,2.6231952,14125,41,-1.9931315885231762,-1.603338092991424,-20.3359,-23.106512,-1.0229596569552821,-0.9911633423014041,3.027159,-24.845898
1779568,103.303986,281.60596,224.4564,273.3957,0.7496085,14144,125,2.1436099892544043,0.4241593375003902,52.97793,7.1041794,-0.7929581154290846,0.7815580689760091,-28.923698,49.94418
1779813,412.58585,288.83096,131.01176,251.02876,4.6895256,14146,4,-1.4057865104039047,4.756030548278644,-28.50042,20.77119,-0.4817072202756507,4.346255285117693,14.393911,-21.5608
1781451,261.78888,341.44888,259.90253,259.0989,0.7594226,14154,178,2.884348004894078,-2.922978793440769,21.249092,-36.14393,-1.966647922168703,2.658405994235834,-38.627144,12.196223
1782122,75.94841,404.22568,224.64166,274.41107,0.74787945,14158,117,2.777795637696838,0.6968641099992464,58.34461,8.251946,-0.9750485814834303,2.8050082281613196,-29.991085,48.971943
1782655,227.15532,358.47595,234.96828,280.80276,0.49400342,14161,101,1.488808176439383,-0.9008668013099287,17.578985,-20.581455,-0.2910575274939096,-0.4073614154064522,-8.979467,23.934961
1783054,176.18112,290.5374,229.3829,276.74832,0.7440655,14163,134,2.441140721463005,-0.506118865443507,39.14359,2.4271593,-0.16028565134502443,-0.17911498055720415,-7.941232,48.988213
1783141,132.66228,186.28429,139.69289,244.31902,4.849122,14164,38,0.7282147135204116,0.9213340639219644,-28.775772,28.649014,-0.4380180573788352,0.008458306543289357,12.164067,-19.625061
1783562,263.17007,371.59204,243.56656,280.84665,0.2303493,14166,93,0.13757572885904107,-1.104258554653481,14.296312,-15.152417,0.27207973825306697,-0.15925574359384187,-5.6975613,23.610928
1783716,278.7656,241.13205,232.28082,259.1492,6.207275,14167,64,-0.26692127046166003,-0.7651732906029914,-7.012479,-11.995525,0.9055921707033212,0.6067423784148889,3.803655,7.3966694
1784678,172.93394,375.4557,224.97017,271.53204,0.72461516,14172,111,3.487863199179658,-0.7304111993280732,57.021225,3.9441729,-1.8044267931016211,3.0362680035677556,-29.116611,47.16164
1785073,163.531,299.41534,237.93726,284.516,0.72733307,14174,140,2.60538443959317,-0.2888594559045065,40.34209,2.7904067,-0.24723864985141636,-2.340504521828536,-12.549308,48.053104
1785103,238.90125,408.42596,262.10934,261.2367,0.76468456,14174,170,4.066809341123358,-2.5194451549375,24.223639,-37.704094,-2.4741872886708594,0.48311577909167314,-39.53882,13.754916
1786600,146.25613,119.42701,131.01176,251.02876,4.6895256,14183,20,0.4421755882727806,1.9394718285716772,-28.8358,28.625257,-0.6601170954344387,2.2016937327503854,12.884002,-20.072859
1787663,190.45526,405.5209,255.43423,251.69395,0.67278636,14188,168,4.9587819663644,-2.1149612890821636,26.220343,-35.716793,-2.2671442484388584,5.50657107927505,-41.09658,34.42119
1787785,208.05048,367.68253,231.76833,278.3183,0.587735,14189,107,2.317761241195784,-0.892030095224412,18.240969,-21.18012,-0.7492083366807942,0.019176241776447896,-9.850477,24.145903
1790089,91.67662,204.65865,131.01176,251.02876,4.6895256,14202,32,0.811534148680368,1.3067491586519382,-28.495678,28.869448,-0.15067602162214871,0.23327337212112959,12.515847,-19.80612
1790470,193.35542,199.35312,184.41426,238.93822,5.3059144,14204,47,0.23211592259025066,0.09109278683185754,-36.271103,16.1035,-0.028475194785236697,-1.1281953908235605,11.061117,-18.978466
1791939,220.02274,203.45209,198.96225,240.61438,5.576057,14212,52,-0.05221950214935997,-0.11473416146901455,-36.29925,15.820497,0.31260716455623805,-0.9737782195708515,10.652019,-18.511658
1792184,177.41972,392.7279,203.48524,220.40453,5.8885746,14213,114,0.5951714034929052,1.0238332966801538,-19.71018,20.316725,0.8072525244942186,0.844254565512227,-1.5602392,3.1136672
1792786,142.39233,410.58536,167.7729,266.31952,4.449413,14216,167,-0.06180221885955925,1.9082091933526,-19.524624,21.544205,0.5334697151129412,1.1138945857234401,17.201357,-19.099386
1792861,266.17682,223.52278,230.3096,255.20415,5.875716,14217,59,-0.5038148474622988,-0.8864046736720762,-7.203131,-12.047293,0.5855614198942857,-0.17962800460338968,3.9912138,7.717757
1793612,338.71414,296.00525,129.08754,250.38216,4.860148,14221,78,-0.8755632785685967,4.503497896118739,-28.416025,20.484097,-0.12221735868122319,4.257856540526889,14.4325905,-21.699535
1793940,129.6757,195.6747,139.21309,245.57277,4.817599,14223,40,0.7314071808005188,0.9066519116586944,-28.732721,28.646013,-0.43119320752165957,-0.31992532854409356,12.112575,-19.592577
1796170,330.29633,253.89558,145.79437,312.42157,4.2575717,14235,74,-0.611214102737336,3.110225050284961,-6.862699,16.925518,0.0230509362632283,3.1023018442737573,37.60439,14.380958
1796698,298.49146,265.75183,153.99895,334.16855,4.1566033,14238,53,-0.509251923453856,2.322545995101018,-6.5903063,16.88717,-0.06478198091965381,2.6402383731075605,37.44214,14.718129
1797627,117.80723,344.28967,214.9753,297.62985,0.84164584,14245,65,2.3097644217584135,0.7645354162429648,50.59781,14.243033,-0.39701941078158454,-0.4108784105369952,13.219429,37.411568
1797942,22.77565,167.21107,118.739204,199.08739,0.42951152,14249,12,-0.23015979600045655,2.74758418620023,-15.479025,43.610493,4.211701955559985,0.482795587385784,44.207233,-19.307684
1797950,60.544216,188.40218,136.19539,208.44629,0.5530691,14249,20,0.1796272886775651,1.859728902003271,-15.153937,42.6122,2.3181419577249507,0.45442037664601675,44.780983,-18.485891
1800824,154.42834,241.09404,215.15704,295.18173,1.1339191,14280,42,1.0224328687925415,0.8277909297859483,41.75447,19.173578,-0.010823142705818259,-0.4648189864767031,15.101173,30.941994
1801252,22.519024,154.03102,118.739204,199.08739,0.42951152,14285,10,-0.32067397184187696,2.94085233700903,-15.723014,43.681896,4.206057077235207,0.5656101111632482,44.03439,-19.388182
1802298,134.66154,228.06854,208.8475,293.854,1.1564914,14296,44,1.0307595825515343,1.2406920808484168,42.081726,19.40298,-0.18896954356368714,-0.7434961251848129,15.239191,31.123854
1802392,116.17156,227.94344,212.652,294.7833,1.154124,14297,46,1.044233694877845,1.23423521669657,42.48494,19.59993,-0.39788893167594247,-0.9177332469684546,15.160776,31.406837
1802436,155.96896,357.5674,250.30313,261.1223,0.7858056,14297,90,6.287174790242962,-2.3087386348814993,56.785088,-9.437494,-3.7259615967385002,3.7649504515944967,-31.012047,29.363987
1802615,132.04132,373.5941,216.26575,248.09755,0.6653593,14299,85,2.96234870627779,0.18826211331386325,52.383827,-1.7469105,-0.889652627918538,4.251097980831046,-30.487572,43.173904
1803465,26.054932,174.54591,118.739204,199.08739,0.42951152,14309,15,-0.1816035078166762,2.5545072244616565,-15.280481,43.460285,4.137824967501927,0.41312969933572025,44.37217,-19.20266
1804243,97.492714,314.28027,210.88573,297.5637,1.1606449,14317,57,2.0849007759973373,1.1181419483475974,44.253384,20.56148,-0.6378903575449092,-1.0372914446671697,14.397329,33.60909
1804903,78.15813,337.77957,204.47533,285.96515,0.97962505,14324,73,2.2294863690499334,1.1017984407572143,51.28998,15.770551,-0.9039690819422329,0.11040763637126284,11.261247,39.63752
1805219,81.07269,181.34647,118.68707,210.94608,0.35024562,14328,21,0.21028297295040166,1.9120361323738435,-14.654337,41.55582,3.516926213358121,0.8871737596689443,45.627373,-18.047796
1805331,143.62953,255.79335,205.5976,245.5642,0.9171068,14329,41,1.48029260480434,0.44323797901091677,32.605522,2.9995246,0.8170621427930725,-1.4369859805818457,-6.0800247,44.423664
1805745,157.7931,405.00256,248.21631,277.6515,0.75756603,14333,87,4.64445801162625,-1.362272180101053,57.11442,-0.75389904,0.1778623216438207,-3.8798430947316738,-23.075785,23.575642
1806077,173.45526,241.8443,118.024345,223.9656,0.7076069,14337,51,0.2452570645169903,2.6867950800759717,4.632646,42.49059,5.960340839724053,0.980165283158987,52.882694,-17.730412
1807327,279.60706,247.47893,254.74101,246.0608,0.6993906,14349,99,0.7368314873864157,-2.3004705132502905,0.6418312,-59.696667,0.9838007358608438,3.1434811108241036,-52.239445,12.611954
1808117,118.954346,228.40826,186.427,189.74976,0.6554876,14357,41,0.8658388924848038,0.795853322311991,27.609318,0.19499636,-0.18681255378700162,-0.4755234841563658,-4.8870745,-2.7393658
1808255,189.6902,255.02188,262.74057,237.86961,0.6826896,14358,73,1.7819450902759126,-0.9802509504462945,37.60498,-14.756531,-1.5871681875107109,0.26770069267586477,-46.6584,-10.703007
1809024,282.88223,247.3689,256.991,244.20793,0.7343028,14365,100,0.6776668686614918,-2.3052687901776907,-0.032586202,-60.086323,0.9690188688935224,2.6308805090731666,-52.867657,12.455804
1809087,170.61748,234.01434,220.60565,213.79262,0.5982898,14366,57,1.22012854055566,-0.26110279186637636,35.443924,-5.2159734,-0.07475065373610665,-0.17425944285319084,-16.854553,36.080948
1810479,209.59363,250.5979,262.93478,231.64508,0.6334315,14379,71,1.2256511421758352,-1.0308547727216593,37.733402,-13.876534,-1.160697853414447,0.08161886356721892,-46.08418,-10.446979
1810514,204.0,345.0,172.75201,171.47571,1.334737,14380,0,-0.3715965826759231,3.781100292295721,-31.007975,46.566666,1.8505079226105596,-0.023514213081377106,20.94658,-29.146887
1811878,261.09158,201.38853,257.8797,229.58081,0.6460737,14392,92,0.48189645080452426,-2.262525422623837,-5.2755337,-59.19272,0.9722171049830013,1.325498879363432,-48.34197,-22.84044
1812995,125.38594,221.89566,186.40453,188.72156,0.62641305,14403,43,0.8115409817177486,0.6722498889335766,27.701826,0.10797653,-0.07916110703786246,-0.5331774637728189,-4.9603834,-2.9525979
1815240,243.01358,276.59595,265.472,204.05074,6.1817164,14424,62,0.08108276780978467,-1.0408591983441842,-40.968655,17.091623,0.02050534369758352,-0.5194555818825958,11.983152,-14.250302
1816874,204.0,345.0,172.75201,171.47571,1.334737,14440,0,-0.32976116184632837,3.7121922105406524,-31.020702,46.569923,1.8419010327947374,-0.02912178640087068,20.944693,-29.147083
1816941,227.90738,262.14038,280.9658,251.8874,0.7893514,14440,67,0.9518633133827971,-1.3476537251077456,38.422726,-12.755408,-1.363875655694425,-2.1840596373018846,-45.08367,-9.441359
1819615,383.72766,277.6782,250.23929,451.67798,2.2053819,14456,5,-2.4381977164020703,2.1330206300835997,6.4041467,12.573236,0.4089975181919848,1.1624528824273495,47.762833,9.781863
1820714,257.78003,196.32214,265.7243,248.32317,0.8209869,14461,174,0.7361674200948796,-2.1354540661989136,-4.1035967,-58.79372,-0.2701836565788784,-2.12965753728224,-52.156143,-0.12532201
1821027,133.41779,370.79193,228.04143,274.5769,0.75705576,14463,115,4.423237467796273,-0.7624672926758714,58.63642,4.959653,-2.2206986611717983,3.817428426435004,-32.369286,47.24541
1821735,136.78201,405.22177,171.79166,364.22885,1.2949057,14467,79,0.8767549849122991,1.4260778349341763,22.900347,39.341686,0.5800172364140064,-0.7677898353649155,34.614704,39.23198
1821877,235.95369,396.22778,208.15265,414.3737,2.103216,14468,35,-0.0035567783700402034,1.0962785909765755,2.9420137,33.152073,1.7389934822070188,-0.011407799136282867,54.92574,4.2822533
1823489,188.51218,212.28372,261.78763,245.92865,0.8078641,14476,159,1.5538180000096298,-1.1580081787179848,40.454014,-18.520145,-1.1046194127299214,-1.143874387677391,-46.83662,-13.607974
1823561,198.6732,346.14993,180.42911,384.9954,1.6572226,14477,45,0.43748220064029153,1.7896815677762847,2.6789806,33.746265,3.7125464549006577,-0.08620399486506364,55.64428,3.5773635
1823928,211.1877,356.97736,188.08076,390.79535,1.8013405,14479,40,0.31212854841722065,1.5801817703477743,2.738216,33.577198,3.041468229971584,-0.006919591370768113,55.437523,3.7746804
1824395,116.24594,236.39552,266.0724,251.36429,0.854171,14481,135,2.5921664309290997,-0.6277802821613185,53.469097,-18.899775,-3.362082970281069,-2.917489013728412,-39.44379,23.762356
1824506,248.15956,435.7498,169.91121,378.74994,1.3784041,14482,60,-0.003878975411944083,2.558371892607226,19.26664,38.807,1.8459553402690105,0.01482298557434917,37.208183,37.850533
1824712,141.8774,403.4573,176.1733,361.8285,1.2763246,14483,80,0.8797788687720699,1.3457021084255505,22.929691,39.21165,0.1687355842038755,-0.7139266234500814,34.41564,39.251083
1825643,150.40569,397.57004,183.4706,354.97263,1.2474362,14488,81,0.8629589466557633,1.2406230056868504,23.104486,38.602184,-0.32414348503133084,-0.6877844321889542,34.00325,39.17495
1826327,316.1721,468.2133,250.23929,451.67798,2.2053819,14492,21,-1.2824340210943708,0.9836074006243047,6.2056713,11.204928,1.2207759330471972,0.47006531224807824,48.15313,9.890126
1826807,161.11234,380.1062,237.91371,224.43758,0.51423067,14494,129,1.7979522898916074,-0.2339705733681847,52.79998,-4.7424483,-1.017576916607674,5.45215033671716,-44.024162,36.37582
1827943,170.07144,182.08572,259.7116,234.36644,0.8558163,14500,149,0.8908347477636398,-0.5694535822416243,39.23687,-18.626116,-0.46136792155335593,-2.203241365226845,-45.467567,-14.771526
1828480,140.01515,379.56744,255.41017,254.00119,0.85194945,14503,128,5.738763270628611,-1.837210492923067,58.861664,-13.778931,-4.3626054940898555,4.314260028725999,-37.566437,25.533064
1830370,183.78117,195.17632,257.98157,231.54584,0.82040346,14513,158,0.9090612574222503,-0.8666652316860639,38.884315,-18.574034,-0.33658032710415914,-1.9869332701952096,-45.69063,-14.446958
1830772,368.37885,257.211,250.23929,451.67798,2.2053819,14516,2,-2.5290522380499816,2.2728671387392407,6.4079223,12.646709,0.318302222570449,1.1636664709333955,47.726482,9.772968
1831018,221.90186,458.15262,156.1072,371.3144,1.4468548,14517,62,0.23119304522445444,2.546794142671309,19.347523,38.869244,2.951709843421104,0.031049380155857148,37.197643,37.86685
1831366,222.15868,364.74695,194.39314,396.98636,1.9269847,14519,38,0.234446649306142,1.4082771268934209,2.7850661,33.42279,2.527179122129565,0.06200129797587178,55.248055,3.9557827
1833506,152.54982,349.0308,139.21916,270.03497,1.0386512,14530,132,0.9139276382591341,2.1533045129607262,4.4136753,39.994034,3.967184562217975,0.5140202734212045,58.341557,-3.1000407
1833662,128.26758,466.37726,223.26971,320.1898,0.82659435,14531,102,1.0580848705037593,1.0381127437068804,23.4177,31.519526,0.7248340788782174,-2.493042051902214,26.44819,45.80086
1833948,359.60254,442.21515,250.23929,451.67798,2.2053819,14533,16,-1.7445104487619125,1.2659376726105085,6.2323,11.336664,0.9863281127704207,0.7307049633050475,48.06283,9.863259
1835594,328.59738,175.84978,109.471306,374.08087,2.2537217,14541,174,-0.7351961792558941,4.5585668432659325,3.354191,44.298206,8.831100964794468,1.174003461211872,61.67823,4.304774
1836959,308.02908,257.70645,383.82028,127.907265,0.35189047,14552,5,-3.893662406589858,-1.0359221316483511,-60.527115,0.90272003,-3.0897207759588943,1.1969665616203893,1.6386025,-53.387608
1839310,408.8419,158.65901,381.90048,157.40898,0.63079363,14571,38,-1.8878561024252667,-2.152424678747602,-52.54283,-5.447658,-1.449135286090398,-1.0237999933295363,-42.098515,-47.738003
1839558,398.79816,181.60236,373.9092,177.30359,0.795815,14573,42,-1.9694275233954843,-2.360266437724108,-52.18795,-5.4569345,-0.8974991254665327,-0.7061207289501328,-42.0569,-47.317368
1840502,271.65146,200.7138,383.81042,127.92354,0.35180938,14581,10,-4.453816784772664,-0.8786126130121407,-60.61344,1.4484001,-2.9949504431559077,0.49320569377405765,1.1218872,-53.52228
1841689,95.36463,371.90875,189.28224,348.52493,2.4685392,14590,99,1.0142067794004752,1.810532992559069,-2.9835184,26.275177,-0.2730840630238004,-0.07908975092535055,29.231674,17.160166
1842088,274.689,198.95738,383.83923,127.87463,0.352036,14594,10,-4.3583495606828455,-0.9489347891679054,-60.562145,1.4378027,-3.0011220512978656,0.46332695290314857,1.1178043,-53.5321
1842427,86.50723,312.5278,246.75801,246.96376,1.5945163,14596,105,0.9318530901638825,1.6107940390687068,-15.794573,24.30952,-0.03533228530610162,-1.9496243159494677,19.769606,-17.854357
1843240,301.7723,227.79161,297.46307,244.56267,0.7980192,14603,64,-0.25127238716143574,-2.8229144313781704,-16.900434,-47.87105,-0.11173915779762739,-0.30733114671955586,-36.70374,-33.76193
1843540,152.2432,270.95105,271.16815,260.35193,0.785821,14605,120,3.043106368847632,-0.8271422859156264,50.31259,-18.61477,-2.7336856258830653,-4.258255889213029,-41.75157,-0.24502516
1843610,315.35657,227.26074,301.02795,231.60927,1.196912,14606,68,-0.5210139528997223,-1.9871104873634375,-10.39897,-54.269566,0.3208563473935853,-0.7529896590279354,-19.619284,-9.506373
1844841,267.05768,235.37785,263.4315,267.43942,0.91672003,14616,79,0.8575543929993988,-1.961960738325278,0.7987199,-57.9984,-1.2670584157573026,-2.010195185808778,-47.68089,1.0177767
1844959,276.0344,225.48517,269.9833,244.90565,1.0613607,14617,75,0.5670279843991142,-1.618620914278107,-2.754547,-57.287697,0.3923228184363583,-1.530911422848537,-15.175164,1.5488987
1845292,399.2963,174.59605,375.64014,172.70123,0.7474131,14620,42,-1.986287771428859,-2.342889143868682,-52.26981,-5.3632593,-0.9626901547798422,-0.7765948576282613,-42.050392,-47.405018
1845507,274.8241,144.12202,383.78506,127.96944,0.35163105,14622,13,-4.392529514821073,-0.9289892803657988,-60.37422,1.846129,-2.850166785854185,0.017493905154540156,0.968038,-53.529213
1846185,296.8354,206.16171,276.2542,261.18768,0.9555213,14627,81,0.07955751454873668,-2.081409514743182,-2.1929052,-53.426495,-1.8958116652912966,-4.890644704286246,-46.48884,-1.7013302
1846550,316.77493,217.40701,364.40634,143.86497,0.94165695,14630,80,-2.15070873340785,-1.833101919349693,-46.808525,-6.499111,-1.9816226670481507,0.27302332037579313,6.122066,-52.28765
1847675,22.504934,289.43625,255.46901,279.96973,1.4708865,14639,107,1.0737790496595152,1.681529973130793,27.178127,-12.064472,-0.9251976851697274,-2.8916108361677932,-9.46978,7.1839533
1848320,233.54755,420.64267,95.14469,338.60574,4.632175,14645,20,-0.11641860552673855,4.169539493649843,-3.6530998,55.08512,2.912616634512262,4.382713601841664,53.287846,-7.59782
1848358,134.58646,209.26717,200.80713,171.5711,5.9535418,14645,58,0.4151479014224326,0.5452082236547618,-39.892273,35.028694,-0.44711425488953704,-0.9449570184912509,48.706173,-36.444386
1849086,196.66255,278.34708,95.14469,338.60574,4.632175,14650,6,-0.2245899218709576,4.272160446179267,-4.590611,46.821804,3.5261222132024908,3.5680093340772223,52.21983,-7.384777
1849461,162.73146,175.34718,241.88965,165.21933,0.004196477,14652,69,-0.24199185521820593,0.04741071705706681,-46.381927,28.638426,0.7967878014384351,-1.0386005819447246,-23.605082,-44.971397
1853680,227.82277,99.86329,247.43234,152.36754,6.1951947,14679,76,-1.160213143899673,-0.8438901862792884,-48.181038,29.476055,1.0381888431137472,-0.38945069618498634,-23.432009,-48.95203
1855986,108.01526,336.93176,107.52505,256.90784,5.066364,14694,42,1.2417437061491425,2.349518592924159,-9.439539,57.49558,0.5913048260206873,2.350792994746349,50.192936,-31.010029
1857130,282.22525,232.75792,140.4964,229.20367,5.505055,14701,94,-0.2740631305026179,3.155092080814892,-29.694633,19.473532,-0.17453378652763363,1.8304507513477963,35.27183,-13.383163
1857255,149.12265,190.75665,223.90874,184.50728,6.24062,14702,63,0.2594542263686297,0.2805768385502784,-45.193573,28.399971,0.4481327396456292,-0.5388629542073331,-23.772532,-43.563034
1857578,179.72713,105.90616,240.73315,151.25488,6.2087398,14704,74,-0.9648801161574591,-0.16013527061581995,-47.666386,29.372059,1.034217357027354,-0.603438116200735,-23.407293,-48.620987
1857841,163.14743,446.52054,95.14469,338.60574,4.632175,14706,25,0.44134020840459554,3.406580117813627,-3.9898448,55.730133,2.888624807295977,4.051784740756131,53.634727,-7.6626625
1858502,157.77295,187.40239,230.71582,168.23598,6.146547,14710,62,-0.05877228181612684,0.16471222873782532,-45.783062,29.032627,0.38057601963735094,-1.0777836670176604,-23.48069,-44.574272
1858571,243.45593,255.75996,298.12146,247.55667,0.850227,14710,131,0.1431713442449002,-1.3858932998687754,38.753334,-12.444259,-0.6984060847728251,-2.0100586897981496,-44.45371,-9.006105
1859564,130.174,414.67838,95.14469,338.60574,4.632175,14717,32,0.9518769268014896,2.6071683050700236,-4.5845165,56.717804,2.691734151238066,3.3029805412879796,54.07479,-7.7047405
1860832,95.02246,250.6567,151.37115,201.39844,5.635658,14725,52,1.2433640364708873,1.1936234231862655,-14.541178,57.91073,-0.8469321474817416,-0.1706742192105395,51.81726,-32.294075
1861015,246.15138,107.96877,114.79119,337.05518,4.5701704,14726,79,-0.7256055213957995,5.063723002904635,-6.8349695,42.787937,1.5713155919435555,3.2699570290476196,51.08785,-7.641803
1861138,103.56064,326.4148,108.03828,247.77635,5.08625,14727,46,1.272914810546784,2.2047350259454617,-9.753591,57.497566,0.6081501703573754,2.244253809111492,50.110077,-31.163694
1861242,235.86806,253.38063,236.41026,270.2179,0.49125805,14727,150,0.7716361963038529,-0.6481963957689112,9.505444,-53.44024,1.1414204970566293,-0.002529696594903985,3.1821601,5.9861355
1861546,222.73825,110.80019,349.83365,112.04652,0.4720987,14729,142,-2.987412138777414,-1.04962301492717,-55.79177,5.648025,-1.089440830195402,0.5027326085991329,10.789175,-51.490936
1863813,139.01155,200.53949,93.77025,164.94716,4.742129,14744,69,0.23284051613131945,1.5364813999261338,-36.624634,40.47973,3.360804603705332,0.8178382963595677,42.71892,-31.583342
1865530,251.29836,315.37662,287.9398,209.64355,0.60433733,14764,34,-0.07833718678117911,-0.841514446844553,-40.667828,-9.285757,-0.6903465771087659,0.3094116141867064,-30.155966,-59.23625
1866837,297.24176,204.24306,286.40442,214.4943,0.7176871,14780,61,-0.2039692437408419,-3.2675941580738463,-15.141441,-57.32242,-0.8123266070243516,-0.0644388340204733,-44.965504,-32.738983
1866866,383.24738,348.97476,294.08655,210.60565,6.015248,14781,10,-2.157622680729095,-1.5685839419698542,-44.479958,-18.723726,0.12755126833669264,0.08610395034780058,-26.163656,-63.748325
1869145,386.24533,279.0454,290.63165,210.3109,0.721307,14809,49,-1.3968937414571674,-0.8345964220746941,-13.855561,-52.805412,-0.6332484410441398,0.13614856114704083,-47.13736,-30.915596
1869505,375.76566,354.85022,294.08655,210.60565,6.015248,14814,9,-2.1447948915319026,-1.5088901662398,-44.303913,-18.60573,0.15395481696791605,0.0482015791115457,-26.35525,-63.818283
1869518,309.04886,311.4472,291.10974,210.70732,0.12066473,14814,22,-0.710984144879864,-1.8736693406612814,-44.48828,-13.748026,-0.4029814987818339,-0.5017217182197825,-28.246336,-60.652843
1870223,365.02252,367.11487,294.08655,210.60565,6.015248,14823,7,-2.081842793503021,-1.4508502108480539,-44.241203,-18.500149,0.22541463636790435,0.04878915613064275,-26.429644,-63.93399
1870582,371.49765,280.03967,253.2814,200.5151,0.6123029,14827,46,-1.1411073121365396,0.2746569227397975,-33.293186,20.149218,-0.0925430055988799,0.6097919267618435,-43.819557,-24.075068
1870846,309.60446,269.74518,272.34018,251.8305,0.91866213,14830,70,0.3806754127124352,-2.418859877925762,-1.9703093,-53.157402,-0.458530037994316,-2.12172443535383,-54.64536,0.88565534
1871027,364.56274,325.44116,294.08655,210.60565,6.015248,14833,11,-1.7624607284618223,-1.9838360534570796,-44.75532,-18.46579,-0.10925146136758365,-0.07115342704822987,-26.23073,-63.372665
1871542,444.84677,426.63913,294.08655,210.60565,6.015248,14839,46,-2.6960786471607108,-0.3381312052433832,-44.13498,-19.011814,0.5705336874973266,0.23771219971989205,-26.031488,-64.26727
1871750,405.98135,325.9591,294.08655,210.60565,6.015248,14842,14,-2.2614426948202984,-1.5026252557557511,-44.49479,-19.018764,0.05148891807290947,0.14706573269203121,-25.917545,-63.709656
1871809,265.56055,241.21664,246.39714,241.06161,0.890245,14842,73,0.707525495649146,-0.9428942685241231,2.5285375,-62.02892,0.582613317248575,0.5433481149523384,-39.40607,3.478152
1872176,236.9656,316.24136,249.58058,257.6913,0.73442966,14847,40,3.0212385498577894,-2.421188672117273,21.06705,-31.06224,-1.4277956474172713,4.029376244924519,-33.890583,15.654006
1872461,181.18517,372.04626,247.90996,256.33826,0.7517658,14851,49,6.0004007549492755,-2.2913957994070455,60.86298,-9.223632,-2.9553330009760064,7.551613005905384,-36.322414,35.7547
1873298,126.71434,352.74332,248.09923,256.93466,0.7684145,14863,58,6.533945864500886,-1.8246997876621849,58.379616,-12.793795,-2.766798244671261,7.237969667922282,-32.971478,31.545103
1873383,218.40645,457.58246,256.56183,419.6145,1.3927637,14865,5,-0.4209999091435873,0.6515586134379457,9.972706,-8.743228,1.6611138305330497,0.18046418056920294,-0.6818967,-8.74362
1874612,132.92088,349.73465,249.53577,259.41943,0.77039933,14882,61,6.666090687868273,-2.0093299777741764,57.88978,-12.366497,-3.160316473001209,5.2438706818915986,-32.48084,30.856913
1875835,223.6773,323.92334,246.30626,253.844,0.730322,14900,42,3.583269326703241,-2.221832113916951,22.571415,-32.005558,-1.9798003653018956,5.820140340432292,-33.831818,16.079258
1875937,221.81625,458.19116,258.9749,417.7311,1.3666527,14902,6,-0.46134644532888947,0.5739336768822267,9.943858,-8.76602,1.55941198765336,0.27862555095266606,-0.69616324,-8.7397785
1877794,226.0,445.0,253.86624,430.53296,1.4936743,14929,0,-0.4741287089638007,0.5825920755331423,9.934415,-8.73429,2.103587623197628,0.01733283311482186,-0.6780304,-8.739428
1878676,115.60394,343.2047,184.15245,252.16792,0.90984905,14941,54,1.7243600509410943,1.3011848146971783,25.749056,24.978119,-0.6923980202969111,0.5077468207720011,3.2500217,36.341297
1879599,289.59808,411.76334,283.69806,305.49347,1.2403181,14953,69,0.4097623914146511,-1.4025568985879602,-10.098254,-5.1506753,-1.9037974388230559,-2.032907523783353,-10.926049,13.38465
1879619,268.9212,308.66434,350.18164,358.1052,5.8022256,14954,4,-4.071941920555752,-0.9588536813055188,-25.886024,-12.746232,-1.859733048172233,-2.292753427914574,6.564523,-20.559557
1880007,258.90262,400.70105,300.09946,334.64194,0.9476754,14958,52,-0.20553888537103066,-1.9026868215974184,6.365059,-21.021818,0.30215770868692604,-0.6359276163171048,-11.693294,-5.490205
1882051,249.42636,379.48697,282.25024,321.75272,0.9843087,14982,56,0.32314838671924145,-1.8460762726579896,9.876903,-23.642138,0.8080451684544868,-0.6674712262857371,-11.23128,-5.0425563
1882869,452.88547,380.7019,350.18164,358.1052,5.8022256,14992,24,-2.4039724979472212,-1.1670655532189758,-13.574553,-26.903198,-1.6343784568019248,-1.2642834892578299,5.444905,-18.908394
1883148,285.45224,421.06345,302.77902,347.98276,0.63927615,14995,48,-1.2664893283605427,-1.6700026740426763,5.197512,-19.906086,0.12847312903020205,-0.3718848402823741,-10.5304575,-7.8311462
1883308,364.4233,445.2618,340.4915,359.7415,0.068880655,14997,38,-1.9501933474048405,-1.666044441059416,-9.291075,-24.065517,-0.4347902011496722,-0.9549232351817384,-10.098948,-10.793509
1883822,334.31787,441.96182,331.65625,357.73328,0.3299333,15003,42,-1.858958502938445,-1.569139793631497,-7.2536745,-22.79687,-0.28427404990275545,-0.6663923706944549,-10.45258,-10.273694
1884085,289.87213,413.8945,301.78452,346.1476,0.6154089,15006,50,-1.346089984628609,-1.734907374606793,5.0987225,-19.85824,0.11817777697911278,-0.3932913527971957,-10.475321,-7.933677
1884334,329.25378,440.48285,327.22592,357.28333,0.3413138,15009,44,-1.9296004022541557,-1.553310595345825,-7.108969,-22.739746,-0.21607279568227253,-0.6942014238719845,-10.517192,-10.133391
1884635,278.07294,304.92197,350.18164,358.1052,5.8022256,15013,5,-4.022401910029295,-1.0198408085142376,-25.900553,-12.741115,-1.8650817721566249,-2.2459198093449393,6.5603185,-20.549385
1886362,370.02225,434.18747,327.5598,366.9671,6.101275,15033,32,-1.9885151747250185,-1.6276780651041771,-9.597488,-24.632687,-0.012508154706422074,-1.2273810546409831,-9.915787,-10.949721
1886996,324.19812,507.3352,350.5943,357.80112,5.911027,15040,71,-2.273159969643066,-1.0973649291516447,-11.018335,-22.273865,-1.5785157068924207,-1.3443090450434638,5.390638,-17.566576
1887832,405.0,321.0,309.21344,405.8361,3.4529676,15050,0,-2.205519395701085,-1.1998051476516667,-22.796122,-21.66039,0.46036308151636124,1.508378794895865,9.916665,-1.569234
1888087,160.4933,253.00354,231.56145,242.39578,0.85093975,15051,113,1.9436864548638644,-0.16675181412515652,33.79527,-1.405896,0.14070514456389419,0.7471260793273254,-20.609644,38.502693
1888172,320.9018,213.40852,298.58566,262.7314,1.7177787,15052,56,-0.7734949186313598,-1.3596221994796518,-32.942837,6.440183,-0.02149651406344029,-0.3931107176865335,-7.1409383,-16.549528
1889866,346.01608,262.53473,317.4756,283.65332,2.0729125,15064,46,-1.4616071870818539,-1.5394230730385474,-27.686728,-21.903212,-0.6246759773598191,-0.14369494886650053,-7.0141454,-17.383738
1890211,144.33508,252.74619,228.58768,242.88377,0.8607752,15066,107,1.8071554869741633,0.1565918704129907,32.72133,-0.77584225,0.35882616959528935,0.5702682556486589,-20.99021,38.223896
1890574,354.80362,272.95822,323.4977,293.43042,2.1502655,15069,44,-1.662786300980484,-1.6752714156748432,-27.924707,-22.46766,-0.7828139893842808,-0.10389930960580557,-6.855256,-17.683626
1891094,133.66948,352.49564,247.91722,261.79333,0.7918271,15072,138,6.634858033007473,-2.0023129889919256,57.855564,-11.56825,-3.1096344959370708,4.627201544358112,-32.10284,31.413626
1895635,125.487206,339.30945,241.06226,262.65546,0.7713375,15104,135,5.713364966009626,-1.4403194435828321,58.93863,-10.24364,-1.1109983841308309,4.689465125287833,-31.54556,33.418762
1896062,146.35483,344.95312,344.20776,295.55466,1.7547078,15107,136,-1.2824772502999788,-0.2737062252396586,-26.561443,-1.1572255,0.37759900166842053,-3.6651812520648317,-17.606121,-21.297285
1897966,345.1114,226.88588,317.79337,280.8673,1.7933621,15121,52,-1.2013170024002875,-1.907323333796523,-26.757631,-21.233974,-0.20761373205437664,-0.3794575728650723,-6.0693297,-17.510855
1898397,292.9879,223.07356,274.0288,224.4224,2.1654792,15124,57,-0.7762040435347107,-0.32841152309205734,-40.559967,12.491502,-0.3366450692533188,-1.0928504642776269,25.296408,-39.000107
1898895,150.51251,272.30185,78.27417,237.7965,0.5069414,15127,129,0.23664754946783917,2.684237935234543,5.3024626,42.26271,8.310650656974977,0.6494175410111948,62.191154,1.007702
1898972,286.34314,204.92601,269.36887,229.8122,1.6602117,15128,64,-0.1531160787184827,-0.5206180429362189,-37.703686,10.422654,-0.3128557966799912,-0.8843277846849694,23.623518,-37.91706
1899120,261.8131,203.41544,266.09702,249.8584,1.1567465,15129,70,0.5578485595573167,-1.0687276461838011,-2.8996022,-56.509007,0.05680962480262256,-1.7457943677824221,-14.990333,1.5778954
1899330,79.996445,395.9343,269.1489,195.66196,2.8672657,15130,138,-2.119121915832348,1.538881714549733,-46.319847,14.839416,-1.1140856612233037,-0.11278976354581227,17.527895,-53.377583
1899594,171.9902,263.26257,313.0697,296.4223,1.6375319,15132,118,-0.2282385667331419,-0.2603957703443704,-25.940619,-0.37971118,-0.06863103319753566,-5.119061261217962,-17.668627,-20.793606
1899734,143.706,238.0871,332.44525,312.83032,2.1021557,15133,116,-1.4156008734372794,-0.2062565932017591,-26.970675,-1.1465845,0.4799182341779639,-4.331941241748843,-16.349075,-21.658417
1900553,204.88882,194.39354,194.39116,180.58705,2.158185,15139,83,-0.30015986181825277,1.3354611326016497,-35.642414,41.64355,2.364273512689852,-0.16413378240069693,41.748093,-31.595247
1901696,176.19118,205.25003,231.5102,182.54814,3.2834485,15147,90,-0.9345786353390465,0.8045487755916232,-45.567364,15.948785,-0.210269458961753,-0.42495529912462116,19.752245,-53.255802
1901874,104.93326,127.43987,206.9284,332.83487,3.4089992,15148,126,-0.11200783226549593,1.3907213630821007,-10.944777,25.885607,-1.5219966132573293,-1.8370227978353624,11.604171,17.089447
1902654,283.98117,286.64246,130.72444,307.17517,3.8499248,15154,6,-0.9904524015305808,5.396272646204215,-11.877552,18.089346,-0.7466870459530544,2.0714922632855055,39.807003,12.674581
1903514,240.41336,385.18127,281.5114,290.36877,0.7034993,15159,96,1.377663005821055,-2.2555656146128906,9.852116,-23.961065,0.42881662234050016,-1.6538470406534187,-25.109549,15.724108
1903952,391.048,348.73007,285.23108,291.18298,0.17902422,15162,72,-1.7474402456552565,-1.691018436931829,-2.0576081,-20.251417,0.5765619966219462,0.2580490806033588,-2.3338127,15.773198
1904004,254.76222,335.98154,253.82121,257.6761,0.94046557,15162,124,2.5744209157713294,-2.3274103415468748,21.779678,-31.914911,-2.9845138466329795,2.2263994766193465,-36.99243,17.749073
1905079,255.3802,343.63086,251.85556,258.59354,0.8929111,15169,121,3.0172511246685536,-2.4232813154863386,21.845112,-32.098095,-2.9750127086715334,3.306278708179324,-36.829052,17.730934
1906655,282.062,261.87277,130.72444,307.17517,3.8499248,15180,3,-1.0604275468763065,5.500861709177045,-11.839896,18.089354,-0.8139431721783766,2.155536701728962,39.778893,12.783914
1908793,190.74135,397.2033,246.51506,255.28662,0.8073823,15193,139,5.42055859713568,-1.7547034902710068,61.28492,-9.243339,-2.8641767896579227,7.418033430482058,-35.743477,35.024353
1909485,323.3779,285.61545,292.6603,295.55948,0.15807134,15198,61,-1.3600070831763018,-1.671748097929937,-6.564889,-15.467453,0.7068390487330591,-0.5265138987389101,5.509862,5.881049
1909502,349.72202,388.7381,292.9288,296.627,0.16776119,15198,78,-1.6827328950559493,-2.2047645648262004,-0.763423,-21.686552,0.4841256363128836,0.2636999348412728,-2.530188,16.349566
1910525,84.495026,326.21344,130.72444,307.17517,3.8499248,15205,23,0.7957692478074553,3.2072422931139584,-24.5186,29.51199,-0.9510330216879801,-0.26410024459148324,14.584837,-9.867297
1910688,101.592285,256.69785,136.81494,284.4073,4.1446815,15206,32,0.9038095185601203,1.7019380805219912,-25.647505,29.32672,-0.7572110595516709,-1.5021021556932286,13.900543,-9.913448
1911919,92.41197,263.2064,133.25888,291.9385,4.0567636,15214,31,0.9280783754703966,1.9670223117317915,-25.456343,29.411438,-0.9944533086814598,-1.4414586022032443,14.048771,-9.881697
1912090,238.61865,185.50465,217.01823,235.61787,5.3964143,15215,48,-0.4951357022011258,-0.8844569572741684,-36.486633,15.294284,-0.018616654943937626,-1.5807816410369275,10.382157,-18.814032
1913044,339.25394,397.88477,285.9348,298.82285,0.23892778,15221,78,-1.5495378042581476,-2.054255848338168,-0.4589417,-21.663279,0.5196992874159599,-0.16086866621976936,-2.4654171,16.289257
1913433,280.99255,272.76767,130.72444,307.17517,3.8499248,15224,5,-1.0297077815466584,5.405142793175204,-11.858029,18.06837,-0.7536639521071568,2.1031979587736704,39.76255,12.744554
1914510,280.98355,257.90118,130.72444,307.17517,3.8499248,15231,4,-1.0985585722798974,5.541691917156413,-11.8377285,18.071838,-0.8814824411188242,2.1496177473582665,39.785713,12.794168
1915744,287.88635,283.5331,130.72444,307.17517,3.8499248,15239,6,-1.012784673410559,5.418305505438232,-11.870755,18.085173,-0.7862717083278997,2.123928992505905,39.794853,12.684648
1916013,271.49854,385.71463,414.22543,369.69162,5.5698667,15240,121,-3.1949342291289313,-0.894795989803899,-20.397573,-14.891458,-2.373970012240463,-2.198635298455941,3.498449,-39.019314
1916689,79.37648,323.2732,130.72444,307.17517,3.8499248,15245,27,0.756223390218142,3.24684109850171,-24.521473,29.51404,-0.9926514884904243,-0.3391762087626361,14.56459,-9.857784
1917309,135.33412,258.76953,157.79445,265.04193,4.0617495,15249,31,0.9035539966233239,1.0773653466801147,-26.05972,28.408985,-0.318601611284528,-1.404594334958597,17.307556,-14.283559
1918317,277.8866,375.19077,298.61966,312.74176,0.7924729,15258,52,-0.2075436429474617,-2.583876162792713,6.643351,-25.218657,0.533926896960462,-0.6232916670245432,-13.17569,-4.9391637
1918438,297.78168,315.0968,254.82016,253.46367,0.8911535,15259,76,1.2974062092249727,-2.1171543186794803,23.755081,-30.705875,-2.132977783832014,2.2199420161726793,-37.955807,17.918123
1919072,348.13464,434.555,315.0763,326.74893,6.2551994,15266,31,-1.8577081825447819,-1.8762429326876717,-7.624839,-23.300943,0.06807822001005975,-0.10548926489503846,-11.69479,-10.774089
1919085,298.50476,412.60138,313.8867,326.6006,0.6964595,15266,44,-1.1680443724448601,-2.2458596645354754,4.1989384,-21.228535,0.4329179610093568,-0.20722405432695712,-12.784227,-6.961476
1919285,292.15155,381.18414,306.63412,320.5774,0.7333499,15268,50,-0.780047537121592,-2.526744231405865,5.287214,-22.766533,0.6314737796057159,-0.41765741204770795,-12.935968,-5.755653
1919367,288.3714,438.12314,314.07925,326.68286,0.48816925,15269,35,-1.1844185620235204,-1.8027291703609656,4.2076955,-20.173498,0.32979848668785716,-0.2578190223985117,-12.235075,-8.175962
1919935,430.8839,326.7783,314.677,327.184,5.119449,15275,21,-2.6815323829030295,-1.9614284185169941,-14.916521,-32.388283,-0.04805080873426351,1.1117321820679569,9.248658,-26.915201
1920222,407.58188,255.18431,314.677,327.184,5.119449,15278,17,-3.383593891190889,-1.9102594703797662,-15.034438,-33.477528,-0.7868027449499079,1.0000194378600242,9.905789,-27.2401
1920493,142.0152,285.44635,253.21606,255.94604,0.8675322,15280,94,4.581345883329683,-1.407286446421937,53.76135,-17.137598,-3.20529971716992,1.849579186787235,-38.809032,26.299189
1920864,291.86612,326.72208,256.16483,247.05359,0.93828356,15284,77,1.1743650810569783,-1.596432682587842,23.844503,-30.606441,-1.9910411481868644,0.7240858767553379,-38.535328,18.046667
1921195,433.11456,309.93796,314.677,327.184,5.119449,15288,20,-2.8753768559771693,-1.9106447757735143,-14.994821,-32.662872,-0.2533388540201195,1.1533848902604804,9.452114,-27.000326
1922982,234.12677,328.56415,277.99463,277.56424,1.1720273,15306,61,1.8202863580583524,-1.8811598203821809,15.3117,-32.47454,-2.125216305793262,-2.0999489041032136,-33.63049,5.074212
1923453,303.1082,393.0153,314.6998,325.8474,0.6919998,15311,47,-1.1713841232642,-2.4342893728629065,4.510073,-21.779688,0.4245515295556064,-0.16469191233102087,-12.879037,-6.4807553
1923643,291.2746,412.47922,306.5825,328.52365,0.7197088,15313,43,-1.125695490721162,-2.1782758134101403,4.878054,-20.772509,0.5937685852123682,-0.5927766393684658,-12.048579,-6.930999
1923785,108.94748,312.20856,245.75389,259.58582,0.5854108,15314,88,4.625957852974774,-0.6267996312589639,55.87745,-16.925768,0.3889187394611689,1.838166886068405,-14.681462,50.04875
1925398,271.1061,385.3352,307.8663,317.96097,0.89944416,15331,52,-0.20560486819273216,-2.4016326892279483,6.4685783,-24.958338,-0.16195646617421444,-0.6796401963761706,-13.401792,-4.5749664
1925667,367.5226,432.94736,315.5518,327.374,6.078585,15334,30,-1.89021653863163,-1.8593133598258345,-8.458033,-23.612461,0.01857362556482651,-0.08734653341427175,-11.6972885,-11.04356
1926295,331.74442,299.36398,213.29047,256.87796,6.092514,15340,76,-0.4723457701452669,0.042073106501020606,-6.6219606,-11.192645,0.6864895609945587,1.6696908705582763,-2.0867834,25.260395
1926712,205.27336,159.29701,314.677,327.184,5.119449,15345,8,-5.16785473619348,0.06265690167190288,-28.589958,-10.849851,-1.8827226720549675,-0.0748152865560352,10.80842,-27.883997
1927508,148.30934,373.5209,263.77576,262.841,0.9026484,15353,55,5.588343628461656,-2.139101575043687,53.680103,-13.074804,-4.880590917911287,-2.150475284199041,-32.890156,23.376295
1927766,102.17736,346.02585,222.50153,294.75772,0.8620067,15357,33,2.394932319561067,0.7451818104788767,51.467335,13.522563,-0.41985271826461174,-0.9294205343061112,13.193309,36.301437
1927774,110.27687,391.46277,222.50153,294.75772,0.8620067,15357,41,2.782505379081297,0.4472965595967041,54.679585,11.8960495,-0.15143258373098523,-0.7168087552905501,14.69358,36.62893
1928071,222.74655,413.28143,263.68155,262.7773,0.8993778,15361,58,4.387809847137213,-2.3231177198249067,24.76481,-37.700428,-4.422652542294376,-0.6867183777663441,-33.195274,21.960077
1929455,113.13621,385.88843,222.48837,294.87567,0.8743162,15381,42,2.8905156049266734,0.3229543990242897,54.92635,11.677935,-0.32018735039446705,-0.679756921396345,14.862233,36.641533
1931032,278.19592,193.17773,218.50478,286.34232,1.422303,15404,9,-0.23716980241745889,2.1736922501637466,-9.603462,23.126722,-0.6260862773476482,0.3485382261089715,14.721685,29.364227
1933080,115.24778,279.2844,218.60349,286.93872,1.3556005,15433,27,1.7306466856650733,0.8420370599170701,43.657936,19.386505,-0.5402983845039601,-0.39099321127565884,13.336494,32.777054
1933428,154.67653,270.85626,219.01648,289.5752,1.3997442,15438,25,1.3703881295823932,0.5851053637549313,42.50839,18.89804,0.3436874177231832,0.009065382152600616,13.300348,31.812128
1933438,120.61607,355.39792,229.84648,325.55328,1.036373,15438,35,1.6403160245164545,1.0955546643397183,37.04692,17.816954,0.04173889965574947,-2.502184872300526,30.307068,50.18973
1936028,284.26776,215.66295,269.454,222.76466,0.66276425,15474,42,0.25099500266344055,-2.7429454724995264,-7.1898785,-59.551025,0.20762626253669988,0.48564107061487227,-48.512104,-26.935251
1936792,116.18933,290.77982,314.43585,119.515175,0.3978786,15485,3,-3.521925090818522,0.40448032596430006,-58.40438,3.367761,0.6558940251011357,1.4898941870962614,13.941392,-51.562557
1937929,276.8111,240.55957,259.38858,245.4315,0.69358367,15500,45,0.7054739917617885,-2.439959061445956,0.15825443,-59.5403,0.9398563277029337,1.996716758832661,-52.176178,12.001053
1938644,315.52493,117.544525,309.52765,130.85817,0.3943092,15510,30,-1.749275082898038,-2.3233501432929455,-49.131718,1.5261467,0.7512141579417753,-0.7574320067700271,-21.480974,-53.18389
1939298,328.15097,93.11542,314.43585,119.515175,0.3978786,15519,27,-1.991390974540272,-2.0026113237587824,-49.03543,1.7114117,0.8857966449861887,-0.1525656215812775,-21.420002,-53.270336
1939359,157.31703,68.976364,314.43585,119.515175,0.3978786,15520,15,-3.1527896107334743,-0.3961405358623702,-56.23669,5.816758,1.4349363148670284,0.6574293901094428,13.587211,-51.4533
1939828,278.02158,232.92007,259.41223,235.78926,0.7405777,15526,46,0.6172499967265827,-2.1715253149903484,-2.5498998,-60.546593,1.1937873704224093,1.0764597058185448,-48.33479,-23.144434
1940134,172.88893,168.91922,259.59586,232.89728,0.98022854,15530,60,0.6682441330430311,-0.15611432402196862,33.194305,-12.416005,-0.5224521732310783,-3.086256108503563,-44.778736,-14.863236
1942312,352.30063,214.72166,314.59814,212.35269,0.46237218,15558,42,-1.2596851933804893,-2.991968362586423,-22.360998,-45.307117,0.1670336083830204,-0.6930432196005444,-33.77049,-35.24698
1943254,301.26196,332.47037,262.1938,262.2825,0.7190057,15566,96,1.4742144727804423,-2.689089971126501,19.111296,-40.264328,-0.19930422061006353,1.5681715700189847,-42.710598,11.039073
1943489,240.8696,327.49994,263.43893,262.47424,0.78374636,15568,109,2.9664494749417067,-2.694486508647384,19.355755,-31.50897,-2.2046265741910815,1.547168855503504,-36.856396,12.072435
1944197,352.55655,199.69199,313.4593,201.57887,0.3451672,15575,40,-1.3127025617775556,-2.809023126411694,-22.986279,-44.996292,0.2861481102690289,-1.0625688896574272,-33.469067,-35.751583
1944375,244.53067,329.82477,266.91034,262.31006,0.79303855,15576,107,2.8321343542780357,-2.752047901440536,18.90486,-31.7195,-2.177867498343252,1.1546131521526126,-36.815125,11.871809
1944870,346.56186,253.94737,310.77838,240.99539,0.74962896,15581,47,-0.9490537561797546,-2.677036523397016,-21.126595,-45.185112,0.1726890184825748,0.03437926431344683,-34.97184,-33.231956
1945347,346.2783,302.81454,280.11044,269.67365,0.8888477,15585,80,-0.2326832717881802,-1.7473269161878349,6.811031,-47.974022,-0.8361678574529542,-2.8240230171294916,-44.79225,5.936543
1945424,347.10663,251.3767,311.4376,239.62007,0.7201599,15586,46,-0.9999349564592274,-2.7369673310720177,-21.284792,-45.062973,0.15141485923702241,0.03613009766862757,-34.919903,-33.35969
1945576,326.97516,332.53903,278.9999,273.7626,0.71181434,15587,87,0.118071631133797,-2.0838677285004645,13.379321,-46.965405,0.5135544866548781,-0.3864422704123949,-26.25087,9.838736
1947452,290.14124,268.33035,275.97476,281.4407,0.8040338,15604,76,-0.07498412058952059,-1.5334456543485318,10.998334,-50.2727,-0.20872971825074724,-1.8167632831603233,-23.585188,7.3724194
1948662,291.98535,255.48438,282.5461,268.72662,1.0175452,15615,65,0.3316244963439527,-2.3683707977696,-0.30600908,-56.87401,-0.5821684920411139,-2.4913203933962302,-46.800804,-0.09477976
1948698,265.39462,332.1382,250.23203,303.0903,1.5423826,15615,101,0.5701525884163077,-0.7400983785537167,-9.962536,-7.953621,-0.10555717110878461,0.33298573057302383,6.299031,15.804733
1949059,326.78485,88.270294,276.2113,155.58456,5.8278666,15619,18,-1.7113256592591373,-1.0151792876333843,-48.5071,6.607197,1.0370140564853267,0.4664452712158448,2.8509736,-8.588223
1950016,328.69858,330.36728,281.23676,268.9594,0.7326121,15627,87,0.1642271392929573,-2.1588450843500526,13.641817,-47.049908,0.40401392700886546,-0.24748997964453495,-26.490376,9.893274
1950213,308.7814,256.12836,281.61017,169.19702,0.029630525,15629,62,-1.145404725274982,-1.6219712624865819,-44.832977,-11.818544,-0.07733995571390573,-2.297595279582993,-26.187399,-58.60601
1952280,341.4594,32.48773,276.2113,155.58456,5.8278666,15648,20,-1.9030829046569604,-0.1728548000919029,-48.530895,6.686537,1.1843999977668693,0.7722779914834788,2.872707,-8.5766
1953652,415.0,432.0,218.05424,415.28433,2.6796925,15658,0,-2.302535221773219,3.8816048912995695,1.1925949,20.261152,-5.255052212646718,1.1740063446665525,21.998032,21.373
1953844,174.42644,266.77136,245.86565,255.44759,0.8077746,15658,192,3.6047143848670573,-1.3079520670444507,41.73645,-5.2519298,-0.7739984242033018,3.015591444957091,-19.507542,40.587128
1953860,426.4185,428.39243,218.05424,415.28433,2.6796925,15659,3,-2.352634646857225,3.9729118695112002,1.1837368,20.190626,-5.2664983944410535,1.1998078447191323,21.913746,21.914848
1954028,262.5678,244.6388,246.55165,255.16411,0.79777604,15659,171,1.1034013369699804,-1.5407312063776657,2.003467,-60.487362,0.712853052850372,3.3057874410938872,-54.259,14.770245
1954143,111.278984,347.00726,280.3656,243.01163,1.1233147,15660,81,0.8530460092634159,0.5582677346603976,28.36752,-15.1304455,-1.1109628936102087,-4.246472150360078,-36.88783,-12.206127
1954968,112.69954,283.69833,280.28485,243.00882,1.1227361,15664,86,0.915076252818508,0.3917610902487364,29.004686,-15.04082,-1.2545047821440845,-4.90761260649563,-36.781124,-11.790162
1958384,237.3378,450.21875,218.05424,415.28433,2.6796925,15681,17,-0.6876232659646626,2.163536178530845,1.8630474,23.394743,-4.235296976542744,0.6425757825210637,22.974417,21.056812
1959198,312.52734,442.14252,218.05424,415.28433,2.6796925,15685,11,-1.6593875908066742,3.0415153185326185,1.2053237,21.005966,-4.941209972728459,1.030143048461897,22.718233,21.805134
1961116,109.71564,306.7471,287.18777,238.87979,1.1855508,15694,84,0.3679958144101789,0.5702764805004954,28.854021,-15.310061,-0.4536251300764901,-4.199254321658646,-36.163116,-12.136851
1961373,321.38446,309.16678,284.6076,243.33997,0.91138554,15695,136,-0.24453252752641758,-1.8023555549584118,-2.1183307,-46.69837,0.16062160489886615,-2.493115861728249,-58.704254,-0.93528235
1962378,101.585785,296.2565,288.08896,236.5006,0.9708669,15700,116,0.23804161226536463,0.4116428468090951,31.043335,-16.308908,-0.9300138769114084,-4.240758951765887,-37.9736,-10.930667
1962554,114.32322,269.3706,275.14624,247.55333,1.0846256,15701,87,1.4305741539584913,0.15591677741915,29.142513,-14.747776,-2.117362210780875,-5.25248449297691,-37.191513,-11.542035
1963612,110.87695,349.23166,285.2878,244.50067,0.87837267,15706,120,1.011604278483363,-0.07182512006736264,32.110596,-17.61479,-1.3853809707374045,-4.8845482609023385,-39.448895,-9.958075
1963831,334.66516,337.6256,367.8605,294.9182,1.2489122,15707,134,-1.33220903893718,-1.9535731073134934,-24.420855,-24.549328,0.1999360229180244,-0.2532145172078535,-23.289265,-29.323208
1963862,284.5883,252.82191,309.2824,173.69958,0.6720291,15707,165,-1.0796502392659155,-1.6949529370945595,-45.71704,-9.114665,-0.1799613039752964,-1.0265569675923318,-35.132107,-55.6481
1964058,312.49368,212.7339,279.7711,223.1762,0.8247349,15708,156,-0.14628021038331698,-2.822338489071148,-11.734296,-57.317417,-0.5361055009027479,-0.9919496261407524,-46.360287,-25.895706
1964185,138.6535,384.782,283.3066,239.35405,1.1183485,15709,78,0.44955864184982997,0.5954495416394343,28.128086,-15.312113,-0.5345654226093045,-3.4572874251203345,-36.743774,-12.521574
1964461,357.89694,254.33662,274.87527,226.8795,0.8457551,15710,149,-0.903456333448176,-1.4694869115805176,-4.4204407,-47.63054,-0.14869021997475293,-1.813181974101885,-58.040585,-4.421048
1964617,175.96535,265.33234,290.3072,237.86833,1.0785325,15711,100,0.6812725024676441,-0.3567688765244669,32.353832,-15.141263,-0.930444452042706,-3.8699385037587453,-34.945835,-12.934562
1965142,325.17123,442.16443,218.05424,415.28433,2.6796925,15714,10,-1.7565143591826664,3.1427812520694394,1.1873772,20.90789,-5.0000719753718075,1.0623094488680371,22.649979,21.763746
1966307,352.83667,231.77263,278.33917,241.61096,0.9425642,15719,150,-0.8585680609204909,-1.553955450386616,-3.607901,-48.970276,-0.29276834251149314,-3.8588679955629046,-56.982616,-2.550369
1966442,124.002335,374.5635,181.07306,367.91052,3.2875896,15720,80,1.0058424087017124,1.3682183800885759,-2.5405316,26.248259,-1.485509610524659,-0.1445824679651062,27.759596,16.996525
1967483,171.84401,231.71756,287.58145,227.30455,1.1674365,15725,96,0.23076931185304622,-0.16034588869123545,31.979994,-14.542596,-0.3344204220446259,-3.224254984577217,-34.811184,-13.410685
1967891,151.94865,255.8927,287.5891,247.41708,1.3183959,15727,94,0.6940350316853907,0.062428345161492184,29.880922,-14.367877,-0.7198602142920925,-5.066562059441727,-34.867397,-11.90282
1968211,418.4503,431.91574,218.05424,415.28433,2.6796925,15729,4,-2.342809774933615,3.952833959533661,1.2182504,20.262455,-5.263383321290054,1.1923397878707298,21.927116,21.624746
1968216,348.7157,445.7679,218.05424,415.28433,2.6796925,15729,9,-1.9607389912699127,3.4239626606556444,1.2347271,20.712692,-5.123983074281497,1.0935189999139854,22.374893,21.410498
1969060,150.18599,449.30066,214.56898,413.47964,2.7372627,15733,33,0.02458964604646917,1.8773284906023868,2.3282435,25.037626,-3.448303290846597,-0.8043024079218261,23.83884,19.675549
1969177,356.51965,224.01755,205.49081,248.63612,4.474688,15733,150,-0.9700801045130992,-0.7054286602982333,-34.09919,20.243372,-0.012250331471504575,0.9368023979151807,15.634078,-25.317505
1969651,360.07486,437.40506,218.05424,415.28433,2.6796925,15736,9,-2.0301289448541624,3.488843457645978,1.1589167,20.583265,-5.162577465050821,1.1488293731141954,22.303026,22.048393
1970396,343.34576,316.55484,187.18576,238.85173,4.2432528,15739,139,-1.5265160869050958,1.4182324643265114,-35.787334,21.298628,-0.21558819797704595,0.5959118528179554,16.149809,-25.161642
1970603,315.97025,312.1659,276.88504,246.613,0.8333747,15740,141,0.10587790994104761,-1.9084232985627316,-0.98225063,-47.109318,-0.08995183207076834,-1.9278407024591135,-56.65174,1.0235283
1970695,177.21053,476.10504,218.05424,415.28433,2.6796925,15741,28,-0.43739736089475095,2.342971716726971,2.2926009,24.4423,-4.1661179893810925,-0.12328552056973795,23.434061,20.197815
1973186,306.41647,306.75787,171.64433,365.7809,2.731909,15753,59,-0.52924658707169,2.9883322074480363,-5.6170917,20.695997,-0.531308534244801,2.679091526648521,35.405293,21.015211
1973624,58.028263,232.92064,205.19855,299.41232,2.7826173,15755,87,0.4079115267282704,1.7042117384301574,-18.060627,26.549452,-0.37436106515214207,-1.3357474710905757,21.905943,-18.7481
1973881,330.5525,244.66455,282.39355,220.80927,0.7678927,15757,61,-0.3025948065774409,-2.588594595268082,-12.576499,-55.618465,-0.858578899335307,-0.36364576407561927,-46.2571,-29.65638
1974526,335.5718,203.13326,236.39345,187.46623,0.25597385,15766,4,-1.6206392938140965,1.5677861171505978,-32.272118,22.001747,0.05698287969977365,2.3692266409646785,-41.70806,-24.20747
1974856,148.25812,158.21396,236.39345,187.46623,0.25597385,15770,22,-0.11979865371075947,0.4682935208727642,-44.511284,27.264507,0.5039480191983535,0.8070934650595344,-39.661434,-24.36831
1975515,336.5734,234.40475,284.76978,213.0677,0.6598906,15778,57,-0.5120193972497863,-2.677759634487378,-15.106495,-54.496006,-1.157162852269461,-0.17030303906017252,-47.353016,-30.31212
1975709,206.28996,131.13492,236.39345,187.46623,0.25597385,15781,17,-0.49121137729828207,0.4110883492283517,-44.086094,26.875242,0.275504981279663,1.5881827863098366,-40.23693,-24.316761
1975928,337.53836,227.25131,236.39345,187.46623,0.25597385,15784,2,-1.5948699549901253,1.5169245817104973,-32.322327,22.002998,0.03760146901307936,2.2670516176728923,-41.762123,-24.199684
1979134,298.95486,153.01764,236.39345,187.46623,0.25597385,15825,10,-1.2226967730614073,1.0210947456957442,-32.186714,21.953861,0.12140062792349171,2.3814272746824696,-41.356358,-24.241508
1979256,333.83557,204.12994,279.6045,208.4186,0.63753706,15826,54,-0.7221263704922399,-2.235335027726272,-14.498903,-55.740967,-1.1320602029366753,0.2387814033737375,-47.308826,-29.12465
1979653,329.4049,253.38365,284.47684,230.13934,0.8415403,15831,61,-0.17582251801844428,-2.6995497801264228,-11.963477,-55.457848,-0.43737902256095135,-1.0570694903440379,-44.473396,-29.916698
1979930,163.95186,171.19064,236.91573,187.60342,0.26063958,15835,26,0.06712730533999779,-0.0031714442638856935,-45.062965,27.173342,0.21996461389204644,0.4386783662627121,-39.48525,-24.423912
1980206,265.49875,168.028,262.09985,213.51852,0.66980135,15838,68,-0.035510018687104725,-1.9522464700546935,-10.849843,-59.092976,0.17385098093385212,0.047995581455733696,-45.884266,-24.7111
1981569,138.60838,161.03157,236.39345,187.46623,0.25597385,15856,27,-0.10842519541948507,0.5775371499898421,-44.49357,27.320297,0.5231858715341521,0.8225030067142924,-39.66,-24.366344
1982110,115.70814,294.63467,244.11842,271.85168,0.7159682,15860,100,3.9095688063040783,-0.37979389463380386,53.992756,2.2800553,0.32010853373806974,-2.384668349575689,-15.563886,50.328358
1985133,79.007385,356.71994,87.46114,279.2794,5.706429,15884,3,0.9336972405717906,2.614431557896353,-6.077866,58.95324,2.371927505954029,0.39047079165441945,60.676258,-7.8374104
1985450,113.32687,260.04834,171.3213,228.57784,0.60184926,15886,60,1.1373337721706362,0.7322840542657703,29.894815,4.259712,0.19200349335542702,-1.5584916242971398,-3.3775601,43.926727
1985870,161.92249,230.72153,227.95241,268.77634,0.70336455,15889,90,1.5253965395451947,0.08163970291084952,38.237366,6.154896,0.6329820317198751,-0.6201421015268362,-12.510598,52.91103
1988258,73.194695,347.19653,87.46114,279.2794,5.706429,15908,8,0.9245383064400857,2.545533270543793,-6.2441673,59.043674,2.3939357905239516,0.3670615657444114,60.72259,-8.063315
1988516,75.949554,350.2503,87.46114,279.2794,5.706429,15910,6,0.9557575406726976,2.5748060211644006,-6.173722,58.97028,2.438065786370612,0.36890519273735795,60.696865,-7.9966035
1989121,165.4837,240.24515,239.56534,265.3441,0.6222715,15914,91,2.3845839751245235,-0.5703719306410479,42.14665,0.39612153,1.1378425564027224,-0.01025638602459586,-14.053871,51.37721
1989191,61.943535,242.7114,123.57668,219.79771,0.38945156,15915,31,0.40483623093688786,1.5481774196633575,-14.2091675,41.475163,2.9392429645161764,0.017519758798373253,46.545685,-18.830793
1989724,68.9292,216.00948,122.14942,251.32697,6.236745,15919,44,0.2596970506617836,2.783486647241626,-3.7459798,42.41342,2.173964816032132,0.491360571324884,47.257797,0.02685789
1990071,85.77724,349.7903,87.46114,279.2794,5.706429,15922,1,0.9981325048759807,2.535479886190944,-6.235037,58.90691,2.2843071799967967,0.34185154871404533,60.700855,-8.035092
1990805,146.31169,224.15492,218.31508,247.07132,0.43220136,15927,85,1.5345664281593743,-0.014127964465395236,49.293808,-26.300375,1.3224603903281804,2.2282003571741167,-14.117054,52.660923
1992595,114.34433,243.5212,167.75105,222.0733,0.64837873,15941,55,0.9744503858438681,0.7725288027388246,29.39275,4.1588616,0.6574068603098281,-1.5301565866074829,-3.2033567,43.56369
1992928,229.32669,344.68433,269.52975,247.05179,0.78164804,15943,128,2.61720598625918,-2.0980659830034,16.095898,-34.093533,-2.4915645656411334,0.7253277650326054,-38.612183,6.458875
1995413,140.90033,224.7606,269.0216,261.19946,0.8331113,15961,129,2.759771731130974,-0.5212301612946496,50.515583,-19.179512,-3.1997588430537913,-4.3348975954276465,-42.267746,0.048356052
1995689,163.50159,256.48175,216.70016,225.93025,0.5396268,15963,49,1.836415845664695,-0.2990899684857183,35.606625,-4.54595,0.09531508649939746,1.7183166888005865,-17.546825,35.88313
1995859,133.82338,265.52863,207.34416,219.68361,0.6607286,15964,41,1.6284644408184745,0.2947367829524856,29.821756,0.07285188,-0.26193634737517196,0.36690131288113886,-4.0660152,-0.8208171
1997453,110.34713,217.04031,196.13277,205.66505,1.0867172,15973,33,0.8995878288965341,1.0509933040212254,27.401093,0.4675251,-0.3027497172494662,-1.1538855771283396,-4.1024613,-3.0651135
1997779,339.11844,423.93442,193.585,197.09729,1.7067097,15975,3,-1.8957533870297634,5.295458541019641,-28.59966,45.66087,-0.298315454169282,0.6070752326062876,21.834751,-28.416746
1998285,316.93304,316.43048,266.89343,260.69986,0.8184547,15977,153,0.9387477524493107,-2.5040025545114784,20.055471,-40.680317,-1.0588880348343415,0.7854741018191198,-45.07793,8.355924
1998986,358.50986,383.91086,269.79547,256.92014,0.80002314,15981,142,0.47546619113174193,-1.504101238674308,4.2340226,-47.816757,-1.3738223415254587,-0.44631649431082004,-45.79196,7.8018026
1999027,340.22238,397.9024,193.585,197.09729,1.7067097,15982,5,-1.9634146799313665,5.255300362172282,-28.5699,45.628548,-0.20276487005459226,0.6933880118766272,21.859896,-28.44083
1999124,135.58362,367.2297,250.996,243.77779,0.6521389,15982,102,4.49307393457273,-1.308074723907319,58.424477,-16.751759,-2.1705422022852447,8.206998572968915,-43.883213,34.54921
1999790,185.53482,260.12735,233.64072,233.37508,0.4892543,15986,56,2.2439616617707085,-0.880695340467413,37.801983,-7.037801,-0.48427062138700894,2.679078482923829,-14.936943,37.131783
2000476,97.05678,196.01045,193.90579,200.3248,1.30215,15990,30,0.8008103304842926,1.2056641896274276,-15.968489,32.507095,-0.8610815879473657,-0.8655430987562744,-4.012734,-3.1797383
2000977,303.42776,270.67773,258.2051,253.00215,0.763705,15992,175,0.7573449392163764,-2.4056890226899954,3.0976949,-57.11953,-0.1838133996054355,3.0274494515138994,-50.910866,10.6419115
2001253,205.81898,352.0962,249.41231,243.15309,0.6614609,15994,95,4.074216418929875,-2.0901901926281212,24.421791,-33.63263,-2.6368073862243757,7.953422259330288,-40.594185,36.443226
2002780,162.12126,81.31752,193.585,197.09729,1.7067097,16003,20,-0.03494068867666047,2.0337908830796683,-26.563635,43.531097,-1.5562857116521989,0.16345938637817153,24.726774,-29.642878
2003510,129.78099,255.24796,205.11879,218.13564,0.7504429,16007,38,1.5232932553656457,0.4669876467248646,29.85081,0.44853568,-0.1168879552701132,-0.595130842323106,-4.159199,-1.0116694
2004600,192.29848,273.45242,235.0035,221.47496,0.22845456,16013,60,1.5536206691737586,-0.547480655015695,37.148205,-9.155663,-0.6955411311237962,1.2938321687329857,-11.995567,34.86262
2004735,220.32663,100.45211,193.585,197.09729,1.7067097,16014,17,-0.6514091636515693,2.65728996384099,-26.739687,43.690502,-1.2991544387598264,0.6336437413676698,24.59313,-29.646204
2004806,211.461,354.50128,240.00221,221.01906,0.26015756,16014,88,1.420234296650887,-0.9052127982827117,50.380733,-4.6082673,-0.7483568917995276,3.293683791286394,-27.818254,39.19467
2004870,303.23264,335.84506,269.40604,231.82486,0.47327295,16014,152,0.2683501983495159,-1.892179868016242,-0.26681486,-42.17172,-0.19365664434196297,1.7354779708255472,-20.918715,2.9841068
2006624,168.37688,217.87157,212.78117,228.8852,6.101343,16024,126,0.7564091653169328,0.20080628611372675,-37.156975,17.474762,0.8150777374454143,-0.5831740868873844,2.0280886,7.9037914
2007076,153.54886,253.9077,214.34897,248.1439,0.9633907,16027,44,1.426940193533274,0.28500872190328147,32.970387,2.3828206,1.2822609478224318,-1.4744203820284263,-6.696502,44.337933
2007205,318.3146,254.46243,266.2014,262.79843,1.2774845,16027,173,-0.4308125069639035,-0.5107703466596266,-14.070378,-11.156911,-1.0916889432895753,-1.5687384223544423,-13.369364,2.2936614
2008166,185.18303,251.25554,258.8326,249.30247,0.95211,16033,66,2.4092112142773026,-1.1734315948687615,41.40263,-6.3103266,-1.8907985846843427,-2.1838922392786904,-39.812973,26.909271
2008493,114.34152,253.34082,199.08415,205.09512,0.74378794,16035,37,1.1810999687036507,0.7138162993969568,28.107431,0.19525063,-0.6224663690949548,-0.46418480761069303,-4.7705173,-1.6603389
2008824,287.8278,175.54985,193.585,197.09729,1.7067097,16037,12,-1.5023396677151173,3.8222122721765146,-27.673176,44.58153,-0.6048489971606518,0.9863365148058033,24.163523,-29.575155
2008961,345.1847,308.76947,275.94348,264.21292,0.93070674,16037,149,-0.03939134720354699,-1.8769437952696237,2.9854617,-47.71204,-1.5173958377774481,-2.98795719664484,-46.006737,5.78526
2009095,105.397316,301.87622,247.85767,240.77509,0.63400704,16038,105,2.9096602048090126,-0.4101870497743028,57.712715,-18.296495,-1.2306877154209528,7.358260094125194,-44.88711,34.29603
2009158,348.66934,264.0044,273.96973,265.7084,0.83767545,16038,168,-0.4988572131331531,-1.4556711512161393,7.174263,-48.18156,-1.1000493242525715,-2.670135104385171,-44.776836,5.590926
2012117,138.72002,401.7336,267.18094,289.75815,1.4848744,16055,101,1.7000697825414308,0.5205178708578029,26.412819,-11.571936,-1.181104500441808,-2.353175555606366,-9.51958,8.0421715
2012371,239.90382,249.91978,220.3646,254.23709,1.0477327,16056,177,0.48030231246566024,0.38052282819697825,-32.628468,13.289359,0.7100147446132317,-0.6342534829113958,1.3966094,11.439599
2012640,288.95837,435.69998,127.78844,203.66647,1.4738525,16058,90,-0.5446969117049764,4.337417126530743,-31.654106,46.07303,6.5093184491422935,0.6524452656753791,40.002724,-24.953747
2013283,221.44281,234.05672,228.17151,183.63567,4.3623366,16061,161,-1.2383321414122321,0.16950248011816296,-44.581966,15.594792,-0.10524799849100439,-0.23972889657393576,20.619568,-53.13444
2014449,208.76227,219.27933,215.73279,180.12135,4.509141,16067,145,-0.9359642270815455,0.16025150821046355,-44.46865,16.03841,-0.06121738232042697,-0.3953643956832199,20.641174,-53.149685
2014461,229.309,231.59491,227.74313,183.59282,4.362801,16067,157,-1.1875169880652352,0.03225434543113193,-44.51981,15.540632,-0.14112627227128255,-0.3241990527781885,20.636307,-53.088604
2014584,207.20174,233.61891,128.14256,129.73457,5.3139043,16068,83,-0.40227905332862907,1.8031611802849625,-35.285282,41.33781,1.918671647235263,0.788683901325821,42.54302,-32.583694
2014959,266.05737,319.77017,114.320206,173.5393,5.307046,16070,64,-0.4133740732762586,3.7007638508438876,-31.740818,43.01026,1.3792599972578254,2.314654311740803,46.371944,-30.142223
2015670,303.16562,194.05493,281.21054,212.40327,0.61708593,16073,184,-0.34065258744696725,-3.0692859810739987,-15.236618,-56.511173,-1.1540643011943559,0.03398075807017549,-47.84936,-29.454203
2016036,228.38521,232.16414,131.96864,213.21825,0.2024644,16075,156,-0.12085869344908468,3.6917490893302762,-8.50243,47.3414,2.59512196882665,2.166147878926267,51.749508,-19.494051
2016341,304.15845,259.2091,155.59378,148.74963,5.2977266,16077,67,-1.3846871151365063,2.373946942348386,-31.768082,41.867767,-0.07093203022481309,1.4632164725219148,29.174166,-45.592396
2017367,44.28874,182.13202,123.2275,126.2681,5.436957,16082,108,0.11992324347499246,1.6403622600719212,-36.95388,36.67131,0.7122786728017828,-0.6441670603703381,41.681137,-36.64511
2018439,275.49066,235.38089,79.31064,219.24776,6.0576596,16087,195,-0.5375122068811555,4.877656234470736,-9.02492,47.386402,6.730394658333789,2.5088284551934557,52.049854,-17.020237
2019088,133.49118,232.37688,151.9489,156.03795,5.261739,16091,56,0.3445972885515542,1.2835577228097474,-37.811428,38.644608,-0.3824786812881134,0.4927253718809512,46.27824,-34.681602
2021667,275.69485,203.12898,97.63147,191.61397,4.744307,16104,74,-1.048931825116858,4.451861571703123,-30.97216,44.04977,2.4565767693684313,2.933973506772066,35.701466,-32.288013
2021716,130.05087,155.78683,134.87836,183.495,5.102022,16104,123,0.26135694521912267,0.8099596657764735,-36.38367,31.985199,-0.7049810123131245,-0.05003403599434601,36.169014,-39.32773
2024106,212.01846,243.07579,260.22272,305.2898,1.226287,16116,149,0.611345273261713,-0.13103350721135598,27.514076,8.436784,-0.6633584794615436,-2.645109107131355,-3.2012007,8.878898
2024342,288.6474,199.17836,74.45403,197.06468,6.102122,16117,188,-0.7373233875936833,4.743896512646816,-9.246228,47.371014,6.967306192486622,2.0674755724267926,51.88601,-16.928247
2026142,368.29562,419.92178,226.39539,420.20776,3.495717,16127,18,-1.9187423913639354,1.013417843985106,-4.772994,-6.243219,-0.6016938622157036,1.289541745970089,12.973801,10.516761
2027164,126.57266,234.82475,150.32222,161.01259,5.294412,16132,55,0.5270651149759538,1.293973278656803,-37.69066,38.528374,-0.5989799837862445,0.43497182018079117,46.66811,-34.65604
2027628,152.7637,162.85138,160.42511,178.2493,5.294228,16134,125,0.036203842897216634,0.476425977051818,-36.876396,31.425589,-1.078043443459009,-0.574969748727055,36.23873,-40.092876
2027669,173.38934,176.42665,252.3498,241.17857,5.6607285,16134,166,-1.3829475032424363,-0.2091758975066902,-25.130325,-1.3281039,0.22032875168868424,-3.2934424001838645,-15.350439,-21.051865
2028067,191.83296,154.91919,253.9956,250.51825,5.2741165,16136,170,-2.033747984135326,-0.5033603758416603,-25.026222,-1.6107581,-0.6447249177496023,-3.237168133408703,-14.588902,-21.258726
2029889,287.12546,464.82397,226.39539,420.20776,3.495717,16146,22,-0.9804558273332569,0.5764908216868402,-5.230714,-6.2891593,0.18976320643880784,0.9509000875981588,12.90223,10.482219
2030519,199.15443,336.0266,105.180954,251.95433,4.3232746,16149,61,0.17753121695856094,3.4346850362785637,-7.7764125,50.721165,1.9766657909407352,3.2907923015027447,51.686676,-23.720804
2031126,195.24815,182.49873,255.11537,320.6001,4.7266297,16152,77,-2.4141684250135858,-0.24631299096877102,-23.158836,-1.5890797,-0.28532209714689516,-2.0970432126730914,-13.2922945,-16.502026
2032474,24.565088,360.3242,226.39539,420.20776,3.495717,16159,46,-0.7482274673276529,1.9601335664405366,-1.6027291,-3.6862102,0.3655556856909287,-1.0066091316749484,13.376921,8.273255
2033196,184.5815,407.65665,216.11128,276.41803,0.26834586,16162,113,1.8365113920321643,-0.043799293023654054,17.526842,-16.606474,-0.22672766038046427,1.1208860296399679,-7.3183713,26.455103
2033394,231.66658,394.45074,225.35028,323.634,0.79761773,16163,82,0.176082149683579,0.0043388264682131805,21.15101,33.104626,0.25879672635733003,0.05032001317854333,25.18337,34.271664
2033460,192.61743,410.03354,222.3994,244.2751,0.44951895,16163,148,2.5722337159136113,-0.205854277966816,51.977177,-5.206642,-0.09094178820946364,6.305851412596299,-30.462543,39.558197
2033491,136.02931,365.14526,252.2053,264.221,0.723712,16163,179,6.417243761427145,-1.9050507608850455,54.795296,-12.370852,-2.097346787518669,0.2374859617004892,-28.436796,25.618979
2033606,57.188637,422.06482,217.02211,350.7626,1.199156,16164,65,0.8019958578222038,1.8371519344448872,24.00726,41.947845,-1.9896450113825306,-2.2934683249301293,31.663675,47.6092
2034317,265.69394,359.18567,222.12494,294.39502,0.37467235,16167,89,0.12081795731088495,-0.3688140045791204,14.689242,-16.231821,0.19363842793270264,-0.39672800552128346,-3.3552275,21.489744
2034689,311.53857,241.19743,142.19264,379.57855,0.16052519,16169,3,-1.3427399976328183,4.668016627675139,6.410611,13.742234,5.940256580745236,0.42141055277337175,53.616535,22.437416
2037008,61.360798,427.66315,142.19264,379.57855,0.16052519,16179,32,0.6827268492830764,2.0963131859674724,13.806325,31.080896,6.272437641729225,-2.1821258825204346,57.35684,23.732351
2037663,322.0,233.0,142.19264,379.57855,0.16052519,16182,0,-1.4436200494971065,4.7825442617711,6.4013605,13.744288,5.843569101203979,0.5413951422032492,53.613064,22.43387
2038182,60.92516,377.52847,215.63512,351.9146,1.1873802,16184,61,0.9697270171269227,1.7873308780331965,24.026747,42.022293,-2.050372978583981,-2.4760712863404692,31.789871,47.7886
2038245,192.02403,381.93964,219.74821,245.44473,0.20983167,16184,124,2.0763849837726296,-0.4314216674527658,51.293194,-4.538962,-0.4555786278131822,4.016854680112888,-29.089905,39.839863
2038950,202.13297,361.3589,222.3269,244.59036,0.42600685,16187,142,2.625909641586871,-0.8327111788006116,51.6745,-5.0420303,-0.9576237616248584,5.104709823849643,-30.421284,39.77288
2039232,249.60782,361.80246,265.8249,251.11952,0.7264558,16188,195,2.9043961854615925,-2.56530545707759,22.455069,-35.481792,-2.084776124476756,2.377418198482816,-38.702393,7.0398884
2039752,31.138885,409.90085,142.19264,379.57855,0.16052519,16191,28,0.3716826776671149,2.5184691670223494,13.786774,31.09543,6.5893967925726455,-2.025931712897819,57.423565,23.632524
2042440,253.28294,339.73187,241.50723,259.8303,2.7267246,16202,197,-0.7539577445259054,1.313325564400674,-20.14452,23.886553,-0.3933839994961499,-0.4803697294464842,21.210836,-21.23861
2042512,108.01637,388.62906,159.26572,362.32602,0.41552317,16203,40,0.9106531940596279,1.6443937696041053,20.464434,24.449833,3.865063430067497,-1.8757246495630757,51.73279,28.180223
2043430,115.853775,362.21875,176.69246,351.50507,0.63707966,16207,42,1.0269318374697864,1.5694685051875448,20.7425,24.652401,2.2562455888374537,-1.6583816464009666,51.934895,28.252487
2044104,34.35904,412.7547,142.19264,379.57855,0.16052519,16210,29,0.4188124901183462,2.4699378749312086,13.793016,31.093498,6.570689765527421,-2.02838836098759,57.420322,23.635622
2045575,185.7356,388.37564,224.78122,273.7229,0.03266015,16216,126,1.4337172554579651,-0.008883477710201863,19.714975,9.901051,0.546927811136181,0.5139309674493722,-6.971939,30.320759
2047336,125.31565,310.44382,201.71458,362.6655,1.0048337,16224,55,0.7937995758397571,1.9587982651530926,20.844952,25.561121,-0.15454681852946747,-1.6095579287100823,32.995327,49.331024
2047392,180.20757,414.31415,310.66843,196.1286,0.3346779,16224,111,-1.3469801842168618,-0.3384022127791801,-43.50162,-8.938971,1.4626329477823845,-1.4071459590611193,-32.118893,-56.36998
2047626,202.31609,399.13257,214.06606,318.02734,0.7499808,16225,116,0.6491325725562802,0.42045224526396036,23.122984,34.311035,0.16957832951664548,-0.3215349077923438,25.140787,34.87649
2048371,120.83879,296.51843,251.89613,260.24026,0.77768946,16228,174,5.580357357378639,-1.3338568323035656,55.559025,-16.371193,-2.7955275022754025,2.8347942656803573,-33.210327,29.837082
2050000,291.74356,326.76428,178.37552,148.28316,0.36912093,16235,200,-1.1153257056246129,3.4245592253175245,-31.76587,42.747456,1.0641957139636582,1.9694075192561715,32.24803,-49.42887
2050393,209.8417,367.15305,244.56792,278.8954,6.192081,16237,135,0.9532290096490826,-0.4727662191799361,19.720596,9.474588,0.709235125594109,-0.21334468616668378,-7.908608,31.6136
2050919,225.05438,307.046,242.74109,256.10776,6.027747,16239,203,0.8714110637946532,-0.8058402064172041,21.147186,8.727937,0.14695414099184753,-0.3251476365040391,-9.641361,32.50119
2051059,190.7993,398.72073,212.57994,314.3644,0.7856895,16240,114,0.9186293619776174,0.47749319801920265,23.594109,34.059082,0.44263847652143407,-0.40653805979382585,25.228634,35.29633
2051228,145.82706,318.84808,227.00484,358.45782,1.1141297,16241,54,0.8797728705741289,1.4589816036574041,34.059807,17.422785,-0.26442859904662674,-1.7105374399845896,32.42102,49.487747
2052209,163.83946,332.0231,290.59665,432.69595,1.3768293,16245,119,-1.0075232967346412,1.6242146379730187,-0.8091532,2.0006325,3.220336912724828,-1.7706104291157085,22.354448,-1.2199357
2054224,112.70807,501.15707,190.39778,358.64136,0.80386376,16254,73,0.3865172203541536,1.6434681248883924,22.606548,41.860245,-0.13422432097447856,-1.9555719514895304,34.19136,45.396996
2055687,67.649506,216.4008,229.44826,264.63885,0.6326572,16260,162,1.6908747095982115,1.1837482359326423,31.004904,11.838882,1.156627785269658,1.1084467895300036,-12.962876,53.379086
2057036,300.03375,344.15088,313.7029,291.9484,0.8416004,16273,46,-0.5555097761908788,-2.5035625263715593,7.785074,-28.317572,0.3510307341966139,-0.2864987093106332,-28.642752,1.5084394
2057722,469.6724,360.78372,401.47513,360.5317,0.39882523,16280,11,-2.4758499035540806,-1.2319958687912254,-16.077223,-27.422873,-2.4118442407747542,-0.2531380396087083,9.242953,-33.991596
2059331,297.966,353.6733,246.27173,234.38599,0.250178,16295,75,0.5097357293494817,-1.5543540488604042,0.45567477,-41.373497,0.18065957262820845,3.3111416213686207,-19.900166,3.4184418
2059350,289.79544,206.96156,246.27173,234.38599,0.250178,16295,94,-0.03199721692837239,-1.7698975420703438,7.649759,-54.262188,0.7961761236157266,2.2389678473102927,-18.751518,6.336581
2059887,477.28696,380.6421,401.47513,360.5317,0.39882523,16301,13,-2.402682716280793,-1.1220148918202189,-15.998364,-27.38206,-2.42173086261193,-0.13728840843364074,9.302085,-34.00561
2060090,464.46463,360.59274,401.47513,360.5317,0.39882523,16303,10,-2.4069900040706087,-1.3361851798983952,-16.088778,-27.378702,-2.3577245431787888,-0.24053273339387954,9.236009,-33.994976
2060656,269.81223,305.83997,321.7841,262.84985,1.3406678,16308,61,-0.2674326573870361,-1.1030321138745054,-18.368568,-5.7019587,0.27642031447340304,-0.9734649621478906,-21.236874,-12.401924
2060784,343.95474,214.82419,296.18243,244.59245,1.074098,16309,86,-0.7861439360301912,-2.3994919059909146,-11.164591,-54.705235,-0.0881908631585126,-2.5734930100357842,-23.893215,-9.877371
2062259,479.66815,413.94754,401.47513,360.5317,0.39882523,16324,16,-2.3003148010628265,-1.0223029149655407,-15.8770275,-27.282368,-2.3749852711864796,0.013285774800961964,9.388465,-33.985428
2062318,290.9416,360.40192,320.15045,253.66933,1.4102287,16324,75,-0.6452793818676192,-0.7087587787518724,-18.532064,-6.556175,0.744660947318825,-1.3134002656409418,-22.242674,-12.392548
2062867,443.6039,322.92847,401.47513,360.5317,0.39882523,16330,6,-2.681355510879998,-1.4509591833621176,-16.279528,-27.506235,-2.552781071249084,-0.4313064440849302,9.132104,-34.063343
2063007,311.05276,358.39346,315.58804,304.5261,0.6724648,16331,43,-0.9009350309090032,-2.595863020041518,6.207735,-26.906761,0.41893751557623377,0.3861412030537732,-27.794493,2.3877292
2063043,374.84305,338.6319,254.57597,237.88501,0.4150705,16331,79,-0.17047253970679646,-1.281733417264704,0.8215439,-42.08528,0.45338180601483286,3.7517586811691275,-20.569338,3.7108917
2063319,291.92596,346.93906,316.7067,292.86407,0.9540835,16334,46,-0.40797295739682754,-2.3107286898579433,8.128949,-28.434793,0.18517196982317005,-0.8954965311090686,-28.827862,1.3930041
2063890,257.30945,224.03294,263.53885,247.1867,0.64216256,16339,102,0.7645903257021707,-2.0314668921799295,-0.093868695,-58.78422,0.27245671979893277,0.3189468994583733,-53.59552,8.36167
2064272,223.88219,306.32224,254.53365,231.63324,0.9197065,16343,72,1.4626125862560042,-0.950231228451192,-16.17834,-3.2144282,-1.527338850522337,0.11311412212055845,-39.965973,17.848402
2069630,369.61566,245.77954,324.01263,186.6089,0.9036945,16396,39,-1.7403566801661037,-2.11741702301142,-49.017036,-8.938105,0.030414599779508923,-0.39706086435387167,-36.489594,-51.580368
2069992,195.20953,257.50574,247.40582,243.60707,0.7241562,16399,98,2.6871745957973254,-1.3912084017271753,38.488857,-5.3866673,-0.5300631367413849,2.4565218613485915,-16.922277,38.75528
2070258,289.61578,190.1482,281.51898,203.23361,0.7767854,16402,61,-0.19074326050500756,-2.6755099747559314,-13.25761,-57.533123,-0.07845764330015335,-0.24467234409571897,-46.31419,-27.439125
2070882,124.036705,170.20209,238.09114,246.32187,0.669494,16408,79,1.429549837075589,0.3458666841576959,51.83524,-26.118412,0.9244636956540163,6.7490006685826005,-53.001297,27.592808
2072859,374.9024,264.2803,333.70276,201.65573,0.97705764,16428,36,-1.7149152348630516,-2.320864215960426,-49.24525,-9.170496,0.23861565288085088,-0.08544815038678558,-36.150116,-51.104313
2074243,291.83298,174.07487,354.5505,254.65547,1.4293355,16442,6,-2.361036756883115,-1.974450938507329,-30.63912,-4.7266703,-0.45348257031603467,-0.4587196275224194,-28.349245,-27.180323
2074292,330.35098,165.21838,321.5879,187.95111,0.8708497,16442,55,-1.3362966479923015,-2.9265885536029073,-22.164316,-53.055775,-0.6823717882583215,-0.36881540714216143,-38.89562,-41.558464
2075897,426.088,235.06862,354.5505,254.65547,1.4293355,16458,44,-2.0982356088642313,-2.218519368102816,-31.625845,-24.582039,-0.13676241087728463,0.5355634987379806,-28.612577,-27.617863
2075965,417.94574,212.7879,354.5505,254.65547,1.4293355,16459,11,-2.113647581442693,-2.2633267658181033,-31.64695,-24.51679,-0.24139368570677097,0.5416697431469101,-28.604939,-27.593164
2076224,261.92755,205.25128,294.5698,270.76035,1.8516177,16461,68,-0.37605173264663777,-1.2419560333431023,-32.250248,6.3961616,0.3163548446881295,-1.8851818015886277,-7.853105,-14.770084
2077050,291.5458,380.29883,254.18425,378.46152,2.7888854,16470,13,-0.748889304203784,-0.4475339963937411,-8.128362,-6.6775317,-0.3783206430857802,0.15993497543861185,9.958108,10.851834
2077106,134.82864,336.56143,218.18489,296.89355,0.7954955,16470,69,2.23954534796347,0.6932326877732843,50.214333,13.906652,-0.3246955630117174,-0.2324907902861837,13.185896,37.069202
2077747,220.2163,237.45396,212.99577,285.09497,1.4049966,16477,31,0.5501937938137487,0.8052025085457699,-8.938337,23.386236,0.7866633601114269,0.31747599914532043,15.563157,28.859917
2077776,121.581726,299.6673,213.98015,290.8259,1.1478155,16477,60,2.0111336802624282,0.9422741503361055,44.17038,19.715416,-0.521758163508323,-0.31109478048305844,14.06851,33.416206
2078069,122.5112,309.18518,214.74893,291.86838,1.0602422,16480,62,2.148994990986193,0.8981287276775437,44.51083,19.825392,-0.5487791099642743,-0.15058656352946914,14.031409,33.9799
2078817,218.78392,232.96898,211.64447,284.24695,1.3824608,16488,34,0.5013807684143728,0.8994042903921993,-8.997326,23.389538,0.7271923074284833,0.22300338079275717,15.58663,28.94856
2079096,266.86545,265.9535,238.85837,306.53122,1.8654126,16491,22,0.28947760507246134,0.046506815703050965,-8.486458,22.172514,0.5361514153679244,0.5832164275632123,5.944155,15.367589
2079126,116.88896,260.85883,210.86316,283.78967,1.3920164,16491,52,1.4291730989392597,0.8700120257547761,43.422512,18.845774,-0.48668264118353793,-0.6036668173122854,14.199371,32.36003
2079251,74.76005,392.3243,217.99838,297.61206,0.7798509,16492,80,1.7404957624306558,1.3674766462707495,53.55669,13.678246,0.5560790454301077,-1.2443295849772922,12.3005085,37.37503
2081790,324.0,440.0,244.44316,408.9978,3.1317446,16519,0,-1.558737395014093,0.8587096143204824,-4.480774,-6.487486,-0.6832399675863035,0.11767799195667507,10.907706,10.34323
2083477,237.61818,196.53795,216.46194,286.17517,1.3560529,16536,38,0.14672566233931228,1.5284917398946705,-9.445951,23.228607,-0.17302754035881088,0.14428385481017975,14.999119,29.40465
2085241,112.79506,330.41586,86.26826,333.75415,0.59155595,16554,56,0.44165959219068074,2.380399847484445,7.5618625,41.040886,8.856301778151442,-0.20603603988617264,60.847717,2.5066097
2088536,292.28857,350.6724,304.6323,298.06882,0.81772465,16583,82,-0.30272790860092624,-2.7312663488359243,7.8640723,-27.636736,0.14954819254732482,-0.09916337992867473,-28.958296,2.9269454
2088781,282.98026,343.6673,296.59872,289.10486,0.80487967,16585,85,0.21256263532573416,-2.7341576968532926,8.884986,-28.14299,0.11820838494412952,-0.13259002458891544,-29.641138,3.371637
2088885,392.2363,408.8229,312.53122,310.25504,0.8266331,16586,68,-1.5820534495741077,-1.214064026942366,-1.1258786,-19.81401,-0.531362210925513,0.10943647891925888,-16.052711,-4.867079
2090009,339.27707,350.67758,281.80536,258.3453,1.0749811,16595,103,-0.3195345199157677,-0.9278926012085053,-1.1929575,-47.694603,-1.397164532701104,-3.7033438956393443,-59.40736,0.5784687
2090672,373.38284,266.56238,362.09024,276.10004,0.94263154,16601,40,-2.005807146730951,-2.492235623845768,-23.840412,-39.534283,0.2346672676209521,-0.47021737803868563,-26.801153,-31.524271
2090861,359.9521,249.34775,256.44754,245.41325,0.60613215,16602,108,-0.27938143911735325,-1.6510056873631451,4.130178,-51.736984,0.16198160444891246,4.647877079969971,-48.78364,12.206397
2091027,430.1893,235.50623,401.2474,229.4757,0.7319256,16604,32,-2.4992486338352453,-2.5875799203138428,-24.75174,-27.993076,0.38241103482483635,-0.6723420016667755,-25.681273,-32.66589
2093437,426.71848,115.6737,386.08466,139.30779,6.0712123,16624,22,-2.463491775333271,-1.7803050736195287,-57.032585,-11.351433,-1.9092335355670378,-0.972336460618889,-0.33234674,-57.394375
2094267,82.69582,177.76808,383.98206,137.36967,6.035827,16631,5,-6.379615998835645,0.13163796278479645,-63.22314,1.5230578,-3.374220643982852,-0.8998358126929484,-0.78861856,-54.87609
2095812,246.04918,303.27884,243.68828,235.8107,0.5538868,16643,98,1.6534329212778138,-1.8767860913487293,23.417097,-32.05451,-1.1416125381230091,5.29718282841197,-40.746696,37.137733
2095905,375.8863,408.73804,317.99673,292.29382,0.9875032,16644,70,-1.2370762548131862,-1.6148416326812298,-3.4697292,-18.780336,-0.28778400074505833,-1.5395242310794413,-18.335848,-4.027449
2096128,351.62338,287.64975,378.87274,143.95282,0.27918285,16646,51,-2.87369913301972,-1.4837146667209817,-57.33107,-5.2479515,-2.1464771576671215,1.233228058152778,2.601535,-53.317696
2097548,400.62323,129.40279,388.58127,146.20192,6.092401,16658,19,-2.711433323410212,-1.9551988164172545,-57.024582,-11.396456,-1.9119414892110682,-0.9748950905228735,-0.29448748,-57.341587
2098016,59.116585,228.95532,383.98206,137.36967,6.035827,16662,3,-6.368961736639098,0.2121564125864695,-63.23367,1.4573559,-3.4641190477981483,-0.783049170859954,-0.7932996,-54.838627
2098198,398.7905,258.73123,472.03735,290.25812,1.0070379,16663,64,-2.7294455794267733,-1.8046805747282935,-20.68274,-25.544205,-1.2840577656064973,-1.7767003374407226,1.8492628,-38.181583
2100647,122.37794,170.63383,227.15665,255.43704,2.2499163,16680,51,0.5417960636772113,0.9205743275837296,-19.844725,32.02813,-1.0462306440796352,-2.638893520402949,27.726858,-21.168621
2101225,32.99592,113.857574,144.18886,190.06012,2.2007291,16684,37,0.3396332383058615,1.6795204689149956,-17.410374,38.956573,2.401030089446203,-1.881672802711345,34.45222,-24.10812
2101448,302.84186,368.0412,260.60892,286.027,0.91034025,16685,112,0.9829715905134134,-1.6600822978003633,14.884435,-41.654972,0.24739292962830586,-1.9246657963550036,-17.80327,15.12767
2103593,37.045883,112.40866,146.04323,191.78001,2.206561,16700,37,0.30729764250368463,1.6948273237493958,-17.414083,38.978516,2.2709950417616143,-1.9042164297206596,34.3832,-24.079117
2104149,232.877,278.97226,139.13951,186.81299,2.2091124,16704,1,-0.9289955391272668,4.514724385744282,-31.779259,46.30804,4.3028327894380585,0.3450229308491604,37.653465,-25.522207
2105322,144.31786,372.91946,235.40434,270.44086,0.6815576,16711,138,5.089617224919353,-1.4071606165224262,59.608345,1.0635358,-1.6281652078889925,2.384004718220144,-35.14833,45.743675
2105818,66.47651,131.53043,175.43182,210.94946,2.1819813,16715,42,0.5043030815800401,1.3067158870529063,-17.670284,36.04079,-0.06309540544764693,-1.8628791866190353,32.67731,-23.170687
2106017,156.55872,325.5186,262.944,277.97217,0.89273214,16716,93,4.200446991960846,-1.4013697385691537,50.407185,-11.656026,-2.4702755561444585,-5.2463311476892915,-30.60652,23.461323
2106845,22.739883,106.946495,139.13951,186.81299,2.2091124,16722,33,0.26574439106559,1.9312351499934481,-17.397732,39.201805,2.8178732756621696,-1.836635149362075,34.69048,-24.231365
2107129,133.11626,55.088593,139.13951,186.81299,2.2091124,16724,21,-0.10175077287517233,2.5668668439687727,-18.440298,39.120422,2.671562962260207,-1.0399804165673638,35.24177,-24.653149
2107359,175.26633,427.39813,267.03937,271.6899,0.854484,16725,103,4.4254901980429375,-1.9788095753062864,25.926329,-38.462364,-2.724233570052877,-4.364022582419022,-30.358915,21.69327
2108836,112.94825,362.36844,266.53467,252.60622,0.94061476,16735,100,3.8934381044513575,-0.9184326727986756,53.99739,-14.81494,-3.9727210128069577,-2.114545678481697,-38.54082,23.38323
2109292,290.3628,373.788,251.48096,284.23596,0.89283377,16738,112,1.2174103801612721,-1.3914144408736826,14.766229,-40.67648,0.5630515393948262,-1.611940032087677,-17.095621,16.102169
2109597,293.06305,313.81458,231.16345,269.54315,0.44414318,16740,121,0.3743877292744189,-0.7266206205647034,12.892143,-40.696148,0.8047453158145346,0.08216632051036533,-12.184939,18.338243
2110262,108.018425,155.74646,211.07013,242.13127,2.2527866,16745,46,0.5771529884580641,1.026794821903006,-19.546698,32.61953,-1.6140019142640836,-2.1351425620025246,28.364431,-21.400187
2111864,140.21954,66.21709,139.13951,186.81299,2.2091124,16756,20,-0.07056280157029973,2.4749234402973608,-18.507036,39.0813,2.6503990980387235,-1.0243875828977373,35.23844,-24.648201
2116139,310.8457,208.6972,308.00388,260.61975,1.340415,16823,22,-0.6254086991880464,-2.090266688180908,-9.940298,-53.773262,-0.22429477759100608,-1.196446307276371,-14.146899,-0.020601869
2116206,154.5799,171.75621,253.59111,254.29843,0.83370167,16824,40,2.2744302385714414,-0.5213410277866284,52.89553,-25.485985,-1.691643202243089,1.8427350808335978,-41.357117,26.10063
2116753,140.82495,296.1987,256.57797,251.96065,0.8448353,16835,48,4.6764153327115014,-1.5293470434226892,53.98722,-17.129992,-3.442712624664571,2.1679560673623426,-38.93223,25.928274
2116813,371.6569,292.65155,347.3839,301.81516,2.1629543,16837,10,-1.8623103691787803,-2.139303207244541,-28.405296,-24.327587,-0.6577421459182019,-0.14656318706254162,-5.043114,-18.153774
2117005,393.82416,325.82162,366.74103,331.03555,2.3790543,16841,6,-1.8504094280552168,-2.2550560001213382,-28.376074,-25.674309,-0.39012567038514256,-0.1446388638229431,-4.080547,-18.94486
2117914,288.7017,200.56137,357.05106,309.4451,2.1328423,16859,33,-2.172703119267151,-1.7638290633610962,-29.311832,-4.6071844,0.3777929005990514,-2.0625501326467024,-12.319167,-26.054098
2118022,83.75041,297.4665,209.83267,275.80106,0.84847337,16861,43,1.88072725906247,0.7901727853704784,50.987812,16.639788,-1.2358897440665193,0.5936098032801639,5.713987,40.702625
2119399,173.62627,355.07303,218.19627,190.85362,5.6451254,16877,6,-0.5472199150864363,1.1670834859376034,-20.71682,19.649256,-0.667586965216014,-0.17146407321271523,12.977887,-15.389306
2120539,276.7991,272.33752,215.13152,192.57188,5.920492,16887,26,-0.23841767388543295,-0.3857272648641478,-35.046593,20.061422,-0.5399424589839975,-0.26757217476519657,26.707296,-39.51014
2123040,142.50966,176.83002,215.26698,195.5357,0.3406547,16909,63,0.5315052322237168,0.08866165967132247,-31.70971,28.40983,-0.3529682870780075,-0.525453903073466,6.2274995,-9.06077
2123113,295.03247,257.16428,217.61354,191.2765,5.71558,16910,24,-0.5848149778132465,-0.5957613083310779,-34.864063,20.204424,-0.5928044002526168,-0.37156760056704236,26.61873,-39.46069
2123869,254.168,231.12383,248.39067,245.51462,0.63974774,16916,108,0.9839046697274246,-1.815525989062314,1.9394954,-59.77439,1.41239460484454,3.4961682856846337,-51.953613,14.236338
2124638,297.72183,206.70659,267.40747,216.43515,0.7551232,16923,93,-0.1080938436380661,-2.2802423315761806,-10.965029,-58.34265,0.35220476713831095,-0.5084286997429226,-46.019306,-24.556108
2127255,313.1201,242.11166,218.19627,190.85362,5.6451254,16947,22,-0.9719185109911875,-0.5921871881835851,-34.68155,20.902338,-0.6128710199087237,-0.03723045841722686,26.645205,-39.35994
2127401,86.205414,144.91974,193.66325,192.17226,0.342105,16948,56,0.46181496604108563,1.0401016940138774,-29.905466,30.57408,-0.5717573451159765,0.7719119202643602,29.470705,-15.490751
2128557,407.70773,160.33553,259.32123,238.03589,5.6048856,16958,92,-1.53210342702677,-1.4468265706086887,-17.463797,-11.268383,-0.11712009008143223,-0.14131062197775812,-9.619958,-20.874172
2129531,171.28209,134.12367,202.28517,174.56801,5.7642236,16967,58,-0.16617433017172017,0.2514189122904799,-38.485046,30.564539,-0.8667537173706388,-0.31940941763236824,37.37572,-42.02332
2129634,290.9966,350.1695,274.40405,243.57607,0.8092562,16968,49,0.4559020901602807,-1.5053564907653527,-0.5599077,-46.546528,-0.8234550148857278,-1.414819497407623,-56.970238,1.7278852
2129919,272.80142,246.24193,261.63577,256.23856,0.82602894,16972,66,0.9492650284982137,-2.3265503747207315,0.9040332,-59.38909,0.11055362860136655,-0.01442468145648889,-49.198517,2.1696198
2130141,303.96512,358.1671,316.5073,283.06165,0.5672129,16976,20,-0.5750077483713202,-2.432525019718851,6.70342,-27.818342,0.1502168363967499,0.5049899345256136,-27.604078,-0.5359584
2130218,285.4853,322.41696,297.9122,267.399,0.7813794,16977,30,0.05272680846336729,-2.2753914448031676,10.474695,-30.75925,0.5256427406740781,-0.18789789609355245,-29.175463,0.1249338
2131041,289.9661,349.57623,274.11008,243.02214,0.81818736,16989,49,0.46726257650586844,-1.4355733327855749,-0.6369545,-46.496983,-0.9094739475564859,-1.5558623596416055,-57.0634,1.5914704
2131359,282.51205,317.08777,293.8667,263.40436,0.78428036,16994,32,0.14571778286649117,-2.236796749687754,10.842122,-31.10245,0.508617871884545,-0.21892458582760305,-29.48597,-0.049690753
2131860,281.42325,238.34775,269.46558,247.45514,0.82679236,17001,64,0.6564523851726665,-2.6263574192905406,-1.5588493,-60.235703,0.47918136411727114,-1.3149913615276942,-51.5964,1.2182794
2131984,362.63425,299.70602,272.203,242.86407,0.7744322,17003,54,-0.5582094979172618,-1.3554751085860315,-0.6932171,-48.809048,-0.1016626338243033,-1.5541135102538333,-55.72799,0.7619095
2132484,314.03043,360.84436,316.89276,283.34476,0.5606899,17011,18,-0.7100024468735734,-2.4559900615291292,6.2538176,-27.893227,0.20552753094141893,0.5117427597388662,-27.47797,-0.6271758
2132766,286.31808,317.1885,295.63138,264.1078,0.7596791,17015,32,0.05109893547482082,-2.3035870111738257,10.576521,-30.97073,0.6141018011772778,-0.0392368429831241,-29.248,-0.05621647
2133173,278.41562,302.47958,284.44037,248.58607,0.6950572,17021,37,0.3703684564167811,-2.064591727393099,11.209741,-31.964886,0.2678139685730123,0.4893969565899827,-30.20664,-0.57549226
2133579,263.5563,296.18158,273.9179,241.03888,0.74772745,17027,41,0.6741491325728596,-1.8460686845966918,11.262446,-33.543526,-0.3711587604592872,0.2304628299244565,-30.95936,-0.7769698
2133611,221.6969,412.44998,316.94098,283.28094,0.5608439,17028,6,-0.250072377253734,-1.346455463723121,-20.729214,-1.0211079,0.008237698936244167,-0.9054826986057711,-28.777626,-3.416452
2134292,313.7979,370.8177,316.86908,283.37543,0.5606061,17038,17,-0.7544700672315928,-2.4499791609111092,5.9783382,-27.697372,0.17224452100003365,0.4947253830986691,-27.515902,-0.79510015
2135178,260.32126,321.20358,295.97418,261.6623,0.9818994,17051,32,0.5278565410902002,-1.6326301400895926,12.211393,-31.94202,-0.1724479617883073,-1.7452426974423412,-29.565916,-2.2075865
2136529,430.19193,243.2468,323.35718,312.979,3.747904,17070,18,-2.6901858960783587,-2.709429148239643,-32.262516,-31.264725,-0.3988758984148921,-0.6714981062876891,-9.793756,-29.384567
2136796,337.49054,184.96341,293.5734,241.94623,0.612449,17071,126,-0.8046475486505782,-2.05489622748357,-20.146372,-45.690426,-0.1283433272583401,-1.1069666676258338,-36.082882,-29.8229
2138314,221.91875,301.71194,354.57632,327.02963,1.8287538,17081,54,-1.2534607859573312,-1.015248959372331,-25.608727,-4.29943,0.15792756086392168,-3.296311155427088,-17.327557,-25.000723
2139162,423.63678,268.54675,310.73737,232.21541,6.0897436,17086,107,-1.7842819520635183,-2.465298805294034,-45.06874,-23.385305,0.22434202058969352,0.22361959119572994,-1.9269714,-13.775981
2139694,424.8662,189.43185,323.35718,312.979,3.747904,17090,3,-3.114756147199249,-2.4939391747994923,-32.849678,-31.082422,-0.48924439370340755,-1.1730180706351119,-9.5274935,-28.937664
2141232,486.93753,225.78337,313.6603,224.91336,6.1209874,17099,110,-1.8229461298800562,-1.7883754712517848,-45.288914,-23.337425,0.47246729195939446,0.16134773092530125,-1.6512264,-13.861018
2141678,349.58542,361.0694,331.5968,321.8023,2.2612562,17102,79,-1.5218361805804126,-1.6307438858954824,-28.32618,-23.066334,-0.2021655951891362,-0.4252578039953073,-8.144075,-18.899319
2141727,327.8494,186.18811,323.8261,307.82834,2.1082199,17102,128,-1.6261452271444623,-1.844891058121322,-29.691853,-5.4251323,0.156011667410071,-1.616334688992342,-11.798987,-23.964592
2143752,362.15695,320.14444,330.2667,268.6707,0.19085239,17115,86,-1.4992055364972885,-2.4667767166650543,-5.509237,-18.708838,0.5121931531387697,0.1495038681812273,-25.087852,-2.855001
2146282,340.1773,405.68927,326.98215,334.2141,5.676632,17131,72,-1.4969629346760467,-1.778279264688445,-12.068452,-23.669512,-0.5600566233002671,-0.25854563495142036,-2.5325818,-27.067524
2146370,419.38403,195.59727,323.35718,312.979,3.747904,17132,1,-3.075820132339245,-2.6472082700849593,-32.853565,-30.942806,-0.475730636607516,-1.1562647964955766,-9.662151,-28.774576
2146550,404.71643,227.17982,323.59805,313.1161,3.6455762,17133,22,-2.720730395349924,-3.0477525921469932,-32.46306,-30.402538,-0.3179888959352238,-0.6774397120247918,-10.231299,-28.832832
2146709,412.67493,222.81429,323.0805,313.66437,3.6898355,17134,22,-2.813377501207551,-2.970985124800457,-32.427856,-30.699522,-0.39921313334982067,-0.7840999696415167,-10.055348,-29.112476
2147030,381.19464,224.04073,322.42667,312.52963,3.4440932,17136,25,-2.542078357043741,-2.9718145224846557,-32.640545,-29.143167,-0.2804146384219705,-0.49492631158583766,-10.743723,-28.576025
2148509,343.39615,403.85794,333.69226,330.04968,5.7393646,17145,73,-1.5812635244725946,-1.8366255621766545,-12.111281,-23.70697,-0.45748410684824,-0.20228300163060692,-2.5291164,-27.10622
2151137,366.30957,134.73123,342.51633,220.281,2.5945115,17161,157,-2.1969089509408133,-1.9783931044105938,-46.1133,4.4529314,-1.1138198362837008,0.5440498300567298,-4.1552777,-41.020905
2151349,265.94678,312.0062,204.45137,341.55957,3.405403,17163,51,-0.07072538522628237,-0.13566544298146702,-8.099052,19.448347,-0.9898673972348507,0.6463510977839619,8.251106,16.78601
2151463,431.78882,191.1468,323.35718,312.979,3.747904,17164,6,-3.010406098284383,-2.4750871001835,-32.727932,-31.116875,-0.4930513186381584,-1.097864215666852,-9.52102,-29.241812
2152123,356.7434,200.60165,321.82065,315.42142,3.18414,17168,30,-2.3688313326762294,-2.597481964550699,-31.035263,-23.664286,-0.3903857922223001,-0.9222382835174454,-11.037463,-27.714151
2152378,363.70303,219.6494,326.44873,295.60928,2.4971457,17169,126,-1.8353530681766554,-2.4509852513505974,-30.583769,-23.451944,-0.6694304850260405,-0.37685770288651976,-10.936054,-24.488579
2152476,93.289986,269.34482,190.48454,300.19485,0.64001393,17170,65,1.0202278543928154,1.74497227281189,30.425402,21.248749,0.9581740898822606,0.40306371696283066,14.009331,50.80786
2153478,108.018166,360.31412,190.5274,299.89642,0.6422845,17178,59,1.8266364029450395,0.9507019019120964,35.668144,30.530249,0.09638264442429223,0.606995086678324,14.168842,48.43797
2155467,206.10765,172.40106,192.54372,280.41278,2.9874263,17194,32,0.22394673640553975,0.8979289040907092,-21.423342,32.60926,-1.5089101928360347,-0.37983977176828115,24.944221,-25.696308
2156426,104.795044,397.3333,201.95819,303.38284,0.7400867,17201,109,2.135133465516569,0.7358585333499822,36.983276,35.777817,-0.36647147911552785,1.361380042756791,15.386786,46.587658
2157449,153.21735,363.32535,240.57559,260.68393,0.71131986,17209,124,5.833145539149447,-1.8314510967133686,58.79223,-6.92106,-2.4777107127519824,5.92343347574249,-34.863205,44.098408
2157627,79.78804,318.68237,184.82755,298.27228,1.101195,17211,50,1.6617994128314526,1.2848426394892174,34.263424,23.07145,-0.7417540873799855,-0.9136238374487848,19.274673,42.70876
2157762,108.041595,362.3398,192.30322,293.44052,0.60786325,17212,59,1.9393715146872954,0.8805318047086291,35.752853,30.366564,-0.13088017700631405,0.8766607815809121,13.991926,48.631004
2158122,125.909645,205.68164,191.67738,281.82803,2.1280081,17215,41,0.7579723318371242,1.218112466101339,-13.2603655,32.379753,-1.1066902673338341,-0.6538849193485112,7.141906,-4.3559184
2159081,114.34255,363.5069,219.18262,278.0363,0.81679803,17222,118,3.352704738332092,-0.047316403438916216,56.754517,6.7594533,-1.9716146925277098,2.882690758270203,-31.895918,49.40448
2159681,66.76474,306.25763,200.92491,304.41205,0.7296803,17227,88,1.1393193950604215,1.660953733295648,36.498756,30.121689,0.6409287918280644,-0.22297295539164608,13.887302,50.368282
2160704,109.13201,430.7939,185.31543,319.47842,0.59899247,17235,103,1.6004637369982506,0.906604449488014,34.64042,35.267513,0.20225563002986754,0.7203873448696279,16.401037,47.775917
2163075,123.566605,240.25978,195.5194,282.52127,3.370371,17254,80,0.528105086152509,1.3510935926709808,-18.408302,26.192251,-0.16980589571893945,-2.0925931472350903,21.435658,-19.111721
2163579,177.09474,252.705,207.17725,303.90625,0.6286651,17258,80,0.8008929691701037,1.3592100974903822,30.696987,16.470352,0.9658655643202689,-0.2770788004413879,2.7701933,53.42841
2163867,79.41086,430.67142,166.14824,403.97397,0.7197264,17260,116,0.3500584956231637,2.1842612898974623,14.305262,42.539635,5.952071760410307,-2.5142663620864494,63.408283,11.362093
2164141,284.81732,327.60614,195.55315,280.88675,3.515747,17263,12,-1.0535869757795122,2.3474925646269185,-23.45406,22.490192,0.23530346045858072,1.3967152563849758,18.84888,-21.231506
2164514,230.28879,342.22955,195.55315,280.88675,3.515747,17266,7,-0.4169486216332715,2.141092496050891,-23.150064,22.423796,0.41249755167252655,1.0806452563260796,19.11969,-20.969723
2164531,312.6743,201.96317,195.55315,280.88675,3.515747,17266,24,-1.4549107818444524,2.226277954884937,-23.876257,22.546995,-0.577693535256333,1.2519950424761768,18.610104,-21.478106
2164755,126.97603,387.82178,201.57956,285.93484,2.7910326,17267,122,0.2555573856388243,2.2817648300659736,-19.011595,25.27922,-0.11805622529468615,0.3865258912010413,21.03227,-19.700584
2164856,-26.39703,421.99927,7.2298284,197.96236,4.717771,17268,97,-0.14396358239483367,2.5624195891439725,-20.19502,41.549057,8.91722367787573,-0.32468318490401427,40.876736,-25.214088
2165310,158.87852,353.7955,229.5441,238.7113,0.5950356,17271,173,3.4444445563073556,-0.7465948134241006,54.150955,-4.9047084,-1.6569303434105003,6.77129752975719,-32.76766,40.724262
2165773,467.62823,392.00983,356.09073,424.4429,5.0184116,17274,24,-2.273508706427288,-0.9477893750114704,-13.203626,-29.309523,-1.6035728867241315,-0.23131890713881414,10.8453455,-41.143806
2167350,159.19983,353.90836,229.09447,238.34598,0.5898502,17281,173,3.4139768515982807,-0.7307829396585285,54.098812,-4.869625,-1.6491632830347525,6.744557841893149,-32.75175,40.73632
2168501,144.77646,443.84018,141.8999,340.5859,0.26545504,17287,100,0.630568780851063,1.415089221918125,28.2298,30.394527,2.978549726744228,-0.37863732613011164,48.116222,23.691599
2168950,89.827385,365.43588,154.46873,343.8658,0.6661704,17289,141,1.0512353372002605,1.6306858428959201,31.139517,27.234827,2.9580526871912802,-0.9527994323568546,49.68429,28.483099
2170118,263.4566,384.08853,152.1702,338.99597,5.3478723,17295,85,-0.011445773692721345,0.8401154692912266,10.412599,-1.7034531,-0.4602826447605357,0.7957485582583437,34.03596,6.496603
2170547,113.549835,457.8586,156.58685,330.95404,0.50600696,17297,106,0.9115718921379409,1.4886651955507073,29.69275,30.19563,2.191309252849032,0.6486541368801856,47.866676,24.459837
2170808,121.60272,396.2203,170.21455,317.70825,0.22483633,17298,163,1.340641081290959,1.1161276112616578,29.293182,27.602112,0.9302457504173068,-0.26164542341178926,10.791525,50.27881
2170994,49.76791,413.47437,161.0341,335.12485,0.6113757,17299,145,0.8004415788485764,1.686051450089117,30.944433,28.914469,2.275520067883328,0.14392582782557656,48.932636,27.602737
2171593,75.305824,363.2231,139.8533,342.80743,0.66752756,17302,132,1.0024033039466704,1.799273328128804,31.062525,27.25163,4.206240331127033,-0.9222751676200692,49.571175,28.561996
2171613,51.19001,454.65536,147.96562,349.09042,0.65039885,17302,152,0.6040728652332571,1.749980376283037,30.469683,29.266733,3.2484443123945117,-0.33681248917417833,48.633785,27.416498
2172434,85.40627,441.01926,181.66978,312.26434,0.3017901,17306,157,1.047822882813796,1.7556634343435602,32.62647,31.982815,1.9357258440181313,-0.059358693455723754,10.683966,54.555443
2172798,94.57234,462.24686,180.3706,315.1674,0.37739244,17308,113,0.9790822687574182,1.6870221939653414,32.554115,32.21996,1.8011055227141266,0.29070864021505677,11.073896,54.321667
2172949,307.79553,416.08096,179.88403,372.98,5.015838,17309,60,-1.0114627179332232,0.177111065489868,8.4550295,-2.3819249,-0.8523199541866056,0.5201507256882515,35.282085,4.3062963
2174005,186.54482,424.38113,132.72443,361.45697,5.943365,17314,96,0.26027963829270345,1.4454008799315283,4.829342,35.69228,3.211903544107218,-0.9141420340090842,56.32143,2.2295847
2175152,403.92365,336.26712,356.09073,424.4429,5.0184116,17320,19,-2.451006532566243,-1.1155161999599104,-13.312645,-29.208517,-1.5539265802797622,-0.6581239765471106,10.69381,-41.278828
2175345,174.64514,391.407,356.09073,424.4429,5.0184116,17321,8,-3.2445207014102837,-0.3533459575546042,-19.796993,-14.545583,-1.871052332120621,-0.7539972054426208,10.131582,-41.754078
2176377,421.34598,343.12955,356.09073,424.4429,5.0184116,17326,20,-2.4254817234899404,-1.0714550667582083,-13.306494,-29.231327,-1.644135273167483,-0.5256649319399885,10.733489,-41.242744
2178146,92.25739,451.06116,136.79965,323.5971,1.1391898,17334,157,0.8869150883308746,2.1271706406042807,27.718616,29.578283,3.7633973653668162,0.2889498839954702,60.92961,-6.65779
2179726,114.00827,470.9211,153.62257,300.92145,5.262311,17342,105,0.5150264286121037,1.99101126076923,19.176563,14.382843,-0.38659761777258206,1.3075767786285901,27.800722,10.357738
2179883,323.32663,425.13138,208.90663,353.57755,5.209623,17343,58,-1.4097875677138587,-0.7034034186409365,7.9869437,-3.666137,-1.5114969053241878,-0.1136803045969657,32.529102,2.6956854
2180110,267.66504,367.15234,184.59229,317.89966,5.5628514,17344,81,-0.0063079219138447995,-0.011097873941703591,10.798689,-2.3598447,-0.6494377451277059,0.3396097249388941,33.078636,6.836064
2181047,168.61127,235.03929,191.73921,302.22217,5.958875,17348,202,0.5468547448972668,1.8188747507450398,25.82024,12.800168,1.2856436680418408,0.04258976922511211,11.489687,23.57323
2181341,261.11325,417.24222,169.88264,337.35153,5.6785893,17350,88,-0.024837885493258195,0.39971889454827947,10.20482,-1.7899599,-0.5655101917062435,0.3918396881450651,33.89644,6.5784516
2181844,91.28528,313.9264,188.38193,322.34033,0.40918666,17352,183,0.9599406144753714,1.8479308683588507,29.49003,18.08927,2.07302673564158,-1.2353393045116199,9.825958,52.994347
2182230,79.98182,467.12643,357.0461,376.1393,5.5219793,17354,161,-3.2581266517373173,-0.3108038716953272,-20.114092,-14.659413,-2.979050369107106,-1.6352051569271069,9.339084,-42.27222
2182389,59.90477,510.04324,27.085632,430.79324,4.991908,17355,116,0.1619422124649616,2.404838037675313,10.938209,40.75092,10.07152413436551,-1.1439136662129925,63.56565,7.8027134
2183292,171.2991,214.31122,260.0101,303.5052,1.083255,17359,203,0.9789767662310783,0.5143119634971569,27.52514,8.508474,-1.26835506010977,-4.196267904980749,-3.3772655,8.744381
2184499,133.99272,182.5796,73.83741,264.02023,0.3979707,17365,186,-0.026907037567165885,3.1963639659577514,5.1943007,42.810135,9.15818410621005,0.6763079607200375,62.379154,1.9346008
2186044,274.10736,224.17561,265.99228,236.88394,0.76922464,17374,99,0.5939263613384757,-2.468761942867557,-3.4060621,-60.421898,1.0283226265115277,0.04303118423503924,-49.229084,-23.164661
2186554,275.07886,224.65448,267.30673,237.6106,0.753848,17379,99,0.5720372310996362,-2.5609626069546656,-3.257112,-60.425,0.8962585609309793,-0.16350126084737682,-49.47169,-23.259846
2189175,218.77759,160.50647,288.2364,195.04672,0.7330778,17405,68,-0.8357414654439227,-1.2070895687066516,-48.462852,25.016495,-0.188787795268227,-0.036193965926473844,-29.561724,-43.906082
2189217,274.68173,124.58461,162.0047,154.41042,4.714227,17406,8,-1.8201041616763902,1.3925687175083583,-28.345201,38.785038,0.5267585402450159,0.7341178366950873,27.125792,-47.231617
2189576,178.37236,159.19987,256.22073,164.25415,0.34816304,17409,61,-0.4747953142283701,-0.23889988378131274,-47.128654,27.907532,0.8161397305441418,-0.6478629658393888,-24.388317,-46.54458
2190291,180.35608,146.0414,252.82352,167.8593,0.43934345,17416,62,-0.46241990997612087,-0.23591954652910496,-46.968826,27.53052,0.250346026744091,-0.18879044431275815,-24.27109,-46.159573
2193680,303.18964,144.63742,196.9207,178.38663,0.035417154,17449,85,-1.03346479985099,1.3602349980933703,-31.75061,20.525192,-0.6180401071583913,2.1262646883625096,32.603207,-14.09719
2195087,168.96584,103.951706,149.66435,177.2565,4.8253984,17463,64,-0.393918237031274,0.9291041098176587,-35.45482,31.661718,-0.6864281058728472,0.45523887246666755,37.73506,-38.993618
2195943,316.19278,87.49155,162.00198,154.42249,4.703,17472,2,-2.5455745039085156,2.589248386784286,-28.3892,39.15141,0.35698219253982266,1.0934716948784997,27.459648,-47.131813
2196118,152.32535,368.55704,279.58548,237.26038,0.81416136,17473,75,1.2112077552799507,-0.3712160834799368,32.356136,-17.886395,-1.4425971493899234,-2.444735364005869,-40.13951,-10.002741
2196602,189.31277,118.93193,264.29553,196.5087,2.092228,17478,39,-0.5702664688965596,0.09405310876296064,-29.920208,8.925462,-1.012729345246984,-0.43634179722193644,18.87195,-46.617718
2196638,152.1131,368.45294,279.54504,237.11635,0.813708,17478,75,1.2082303585716938,-0.3513331299067614,32.35507,-17.877682,-1.467555116906585,-2.413779927098473,-40.136402,-10.01066
2196817,171.83147,178.93571,263.5135,203.05513,1.5069935,17480,46,0.0403465656409908,0.3165228323662384,-29.935469,7.2053113,-0.593197677155508,-1.7892277512280748,-31.392162,-16.425737
2196915,182.27733,127.17329,263.50925,197.23688,1.9991386,17481,40,-0.4104960212376165,0.22240131787360085,-29.915888,8.894001,-1.1117879908483344,-0.6435754669716623,18.875343,-46.575413
2197444,173.84697,197.10426,263.0215,207.84898,1.3525357,17486,49,0.21564521707074713,0.22444130784055072,-29.874907,7.0770946,-0.5232388686754278,-2.222869681883764,-31.624996,-16.35106
2197556,201.22433,229.9318,272.94302,222.45398,1.0402331,17487,57,0.4747170968410199,-0.6768782735558323,34.510674,-14.340516,-0.6445072148865583,-2.499863880657253,-34.198807,-15.223948
2197686,319.77478,390.9249,279.34888,246.60011,0.8638951,17488,83,-0.212945483577687,-0.960971685306514,-0.14293721,-46.649754,-0.6281486320201445,-3.2598152110406597,-57.527767,1.4970303
2198640,284.86426,231.59117,274.22452,241.95218,0.833886,17497,101,0.4623634624792202,-2.7236355220186224,-3.734548,-60.25642,0.5044996081087324,-1.5365783203826613,-51.952583,1.0259619
2198771,355.01117,113.948944,281.1597,191.88335,3.6231027,17499,24,-2.1242475883954457,-1.3539226204223733,-46.970432,5.927761,-0.38813150274920283,0.7207561677609634,18.437586,-49.254875
2200230,330.78214,102.87732,278.51013,190.80733,3.3838847,17513,27,-1.9185084075767374,-1.349051910591294,-46.366653,5.992348,-0.34070511098337025,0.5276618741295824,18.456417,-49.027042
2200572,204.15785,231.24965,261.23407,243.518,1.2454042,17516,57,0.8168632114575245,-0.6141002537202849,34.48621,-12.715065,-0.4762068990949798,-3.5153189716581528,-33.23759,-15.893349
2200883,208.803,222.93454,273.62613,227.0396,1.1556118,17519,56,0.3373434238564368,-0.7401457482639449,34.30842,-14.112654,-0.46646602722092273,-2.998871534666498,-33.918953,-15.378673
2201111,170.97119,389.5213,278.42508,236.77826,0.79903984,17521,76,1.1462130302359068,-0.44352343106999004,32.35389,-18.035803,-1.324797105362541,-1.9244907901818458,-40.29225,-9.938093
2202879,197.48346,376.51053,289.58444,276.94464,0.8878853,17538,76,2.1605920693310523,-1.7148120866372365,47.558517,-13.647124,-1.3210335444556291,-4.206817341916036,-27.866358,17.937117
2202919,394.70898,270.61057,281.1597,191.88335,3.6231027,17539,12,-3.073053945482603,-0.2053491463436105,-43.69267,-4.3689823,-0.6535077769184167,0.9561556275871317,18.558456,-50.603935
2204627,199.06636,231.66676,278.66174,198.49757,0.82196283,17555,56,0.05113144627887474,-0.48808333856624825,-48.889683,22.853167,-0.49311142581459133,-0.055752496576844876,-29.081306,-21.82689
2206161,288.24704,86.86251,279.92325,191.7842,2.9322736,17570,30,-1.6955345644134627,-1.0834361069122722,-45.74995,6.230231,-0.44576431782362785,0.4297068640957223,18.4793,-48.733063
2206200,162.05365,290.33008,275.40955,236.6032,0.8888678,17570,69,1.6544415443566107,-0.48563130941750104,33.65567,-16.370594,-1.82527017526032,-2.9790306465950613,-39.210407,-11.532712
2206256,370.34158,126.47393,281.1597,191.88335,3.6231027,17571,21,-2.326328407890377,-1.3082109551310577,-47.14013,5.9666467,-0.4473421848012918,0.7640964900631335,18.443981,-49.431297
2207506,146.1439,233.06165,241.68988,248.5454,0.5571557,17580,83,2.5343662831806935,-0.4255140037994441,51.464916,-23.125208,0.7325212490318633,5.311525378667145,-48.309723,29.184177
2209057,23.97332,101.572395,114.45971,131.39793,0.31119168,17591,28,0.11874617481747952,1.727185966495479,-17.14265,40.098465,3.7232379197903263,0.3571729815955808,36.353878,-25.406288
2209788,23.700544,106.16668,114.61653,131.43094,0.3132073,17596,29,0.12286095855015651,1.7416052736161438,-17.124617,40.12312,3.733257928403316,0.3243621398922151,36.35835,-25.409418
2209968,120.63649,232.93858,231.54489,235.94876,1.1268315,17597,63,1.2946300179125918,0.7530877010822626,28.335169,-3.120068,-0.7299516018205232,-2.263944440357596,-7.997856,3.0348215
2211424,118.035255,192.6131,231.93732,239.02948,1.1523,17607,59,0.9383564425164074,1.0569809817737874,28.187529,-3.4983346,-0.7169105274546734,-2.500473417640779,-7.9020395,3.0183895
2213383,369.70532,349.06058,270.0183,288.36163,0.84317344,17620,120,-0.6322755760460071,-0.557399335477668,12.688859,-44.58432,0.20673347086302704,-2.603084107540623,-20.036425,13.609829
2213661,243.76172,178.81668,264.4716,259.99112,0.7866959,17622,106,0.9588131058426616,-1.0354367958128448,7.5101223,-57.391872,-1.907802548344426,-2.161017616563976,-46.13884,2.8929145
2213750,159.79065,173.92165,213.7755,174.3368,0.990443,17623,49,0.16495618428424141,0.4205609077284313,-29.836334,12.029238,-0.4138746277550669,-1.0126852348251696,-5.187883,-3.9930847
2214696,365.88855,323.82303,245.7564,281.09348,0.8602154,17629,119,-0.3379320513301682,0.24401420584427702,13.726089,-42.200325,-0.06134633636706675,-1.181991588853235,-16.614431,15.515269
2214733,235.67169,203.75786,114.659164,131.46817,0.30508766,17630,10,-0.8030429808695904,3.11803474747574,-32.8005,45.57451,4.89950533404782,1.4516144987483266,38.385067,-26.418755
2215273,348.76337,256.6681,401.52103,246.11403,0.79738784,17633,112,-2.292494506914941,-1.963896827999442,-20.96266,-24.860224,-0.4869036232956147,-0.8192790765636813,0.620944,-37.456207
2216620,249.58812,285.27148,188.79611,235.9835,0.3907791,17642,145,0.3836950114123342,0.9364279962427788,-29.484423,16.789598,0.48483243701767026,1.2191535190910257,1.3326055,32.089794
2217339,254.17474,339.63766,265.71887,283.1457,0.87920594,17647,134,2.0158242031186,-2.656638883317396,18.445787,-29.063894,-0.05948534713583524,-1.2002985670197268,-32.979546,11.597506
2218378,127.74037,208.51073,115.3197,131.72418,0.2813405,17655,5,0.2599069476259492,1.7488710438913033,-36.439842,42.755947,4.8021077868008035,0.8150016575590067,41.872284,-30.394026
2218426,170.78992,182.6791,226.12419,248.33195,1.3011444,17655,53,0.6081846436486329,0.6051062476033389,26.699808,-3.9987533,-0.1714355217867466,-1.7786537426324405,-5.811053,2.437502
2218642,332.18845,398.70825,368.7049,185.49863,6.0206165,17656,123,-3.585583177404261,-1.1758893789493785,-59.496532,-5.3337693,-2.0971136343482564,0.6812367854485075,-0.8467488,-50.53561
2219366,401.95346,284.7118,291.04224,248.439,0.66771644,17661,117,-0.8908828961122395,-1.5905079501276362,-16.279566,-43.02244,0.47628687194419,-1.0164318026020434,-36.10254,-29.519302
2220070,223.25156,278.61575,242.93631,192.97696,6.1668115,17666,91,0.4295128267512811,-0.479840368517946,-40.995968,17.261557,-0.2943409046601002,-0.2935108086931353,12.193992,-14.394415
2223664,298.62186,197.35187,173.89474,243.12086,5.073025,17692,8,-0.8535085099591366,1.8704640845764273,-28.099243,19.272142,-0.3102198562199249,2.3479519052792597,13.815457,-20.239796
2224577,248.47322,377.08264,195.01393,310.4938,0.60304755,17698,87,0.20723059758283635,0.8550342254093783,20.600138,33.969524,0.48073737683850976,0.3096743932294435,23.58854,34.271782
2225679,263.68323,412.08777,235.88937,339.78525,0.93821853,17706,77,-0.2044589553555975,0.08487210740740611,20.65384,33.066677,-0.7187102204997811,0.21980193280251337,25.35557,33.846214
2227253,105.47917,420.95428,190.91888,310.75342,0.721943,17717,122,1.7972053354225384,1.0035305853424827,35.646843,35.030357,-0.05957072704725378,2.077901105141092,16.04499,47.18665
2227786,164.15233,415.13495,218.30116,250.96246,5.7482443,17721,99,0.46720159375573644,0.5820070206485415,17.3771,8.01596,1.1293360534991692,0.26144292525143237,-1.8750843,3.6602738
2227903,258.08545,402.33917,219.81136,271.0782,6.061581,17722,77,0.2628227207965609,-0.7082822488157714,14.021438,-13.590684,0.4170422435996082,1.5276816617773437,-4.366934,26.94398
2231049,189.05011,185.2375,178.98164,241.51057,5.149633,17745,26,0.26070175765441483,0.24773565277609283,-36.251778,16.22455,-0.12454369329910275,-0.6117010176302554,11.407699,-19.186934
2231574,142.17918,356.01843,235.32112,258.4865,0.7586037,17748,134,5.17660525971336,-1.2871404920534126,58.623188,-6.063287,-2.244309972833333,6.334761392164277,-33.5257,43.9033
2233199,207.21487,377.15894,221.25621,418.84335,0.9133241,17760,91,-0.4165205196145953,1.4339101239201182,3.4158013,7.325849,5.3514433776474215,-0.6512067880442414,24.778986,0.3316552
2234059,188.45407,326.2972,149.32089,247.42627,0.045931183,17766,117,0.6717066248105104,1.754614260431195,1.9268512,38.59296,0.9397174657929854,0.16129504646672577,2.1184597,33.32631
2234441,204.39937,359.3288,284.7744,401.7818,5.555704,17769,82,-2.0144976278946882,0.07330528472946041,-3.9320235,2.9001892,1.6995201924867627,-2.3894264845535775,16.45341,-1.78439
2234716,336.0466,459.76987,173.89474,243.12086,5.073025,17771,79,-0.8821270546594248,2.8275710669201684,-26.816576,19.13066,0.07426547434355629,3.3062885207653068,15.853546,-20.108347
2236082,243.34808,176.22212,243.11073,246.67216,0.7817276,17779,171,0.8512880455397053,-0.42311537816649325,50.920006,-28.227997,0.4966133369976558,3.7745278224824257,-54.02282,25.94568
2237025,340.60876,150.89478,313.76566,160.42366,0.67158324,17784,149,-1.674737321447449,-2.434629249014953,-49.015965,0.31713155,0.006549854666769446,-0.9777675590233704,-35.629276,-44.292946
2237090,128.9016,398.26572,112.00019,301.8685,4.7153115,17785,21,0.7518886410950055,3.0620431916969864,-2.5810597,56.13585,1.336836973261001,3.1638246025817227,54.413635,-9.735909
2237462,249.31561,431.12897,112.00019,301.8685,4.7153115,17787,7,-0.5861456675791683,4.591234970304897,-1.8841438,55.217094,1.5424541910308769,3.644582111659671,53.629543,-9.584834
2238500,226.07945,148.69273,312.5555,150.54944,0.2825354,17792,80,-2.016145424142761,-1.4138316610593995,-55.410347,7.0575304,1.4731639108779346,-0.7811538344807859,-26.684793,-48.50642
2239275,221.65971,113.693726,313.26184,149.61792,0.2743822,17796,83,-2.376142591526546,-1.3506537543423844,-55.432297,6.698663,1.8348481666643932,-0.8455010121354476,-26.654974,-48.576355
2241296,180.87761,149.7183,250.24107,247.18011,0.58436096,17806,174,0.9716637485329044,0.06756306339481849,49.93107,-22.318869,0.3730059599182447,4.240874791562864,-47.679962,26.7604
2242027,391.0249,136.90501,302.23663,163.3043,0.5292289,17810,133,-2.2610374775974753,-1.2537845902514637,-49.705166,-0.24999145,0.7627574011076866,-0.6045002387441598,-34.83027,-44.448147
2242524,128.89609,232.60349,172.93541,168.83319,5.587872,17813,51,0.7161904831166249,0.9933379339635873,-38.047665,38.060516,-1.2863086267164292,-0.3445687480181679,47.805573,-35.214
2242918,157.01118,184.2984,166.70062,131.14474,5.876729,17815,59,-0.035671283083246255,0.8905339770667208,-39.05809,38.228634,0.31756837319077347,-0.1482466491425039,45.10491,-35.40864
2243153,374.56793,264.36084,312.86746,157.97775,0.32998574,17816,101,-2.1001190359281905,-1.8976446238927749,-47.96616,-9.571287,0.7078187702009511,-1.056433500269249,-27.012726,-56.860695
2243482,110.16691,280.9488,138.42526,210.32938,5.283568,17818,44,1.4208518760108955,1.5534682782464582,-14.232739,57.42804,-0.5304212739240189,1.0244881017476481,49.86906,-32.799652
2244455,125.5863,228.00592,177.18123,171.26357,5.6705284,17823,52,0.7232231024663859,0.8898171887277071,-38.18694,37.76314,-1.325924604175727,-0.5231487853238926,48.088085,-35.444534
2245357,139.63983,222.83678,250.10199,247.53079,0.6212994,17827,182,2.3447675680603988,-0.41234756163340425,51.00059,-22.74892,-0.20408422022864606,5.123801869882609,-47.974037,28.636234
2246281,353.71802,180.11891,330.72073,175.77751,0.8791952,17832,141,-1.5378371760969123,-2.488997291497944,-48.964638,-0.46081394,-0.5279668231702289,-0.9578972312061367,-37.708652,-45.84449
2246439,299.36337,262.68964,305.0322,152.71658,0.32264024,17833,106,-1.49498036604404,-1.7439577211457227,-45.87703,-9.768591,-0.08258585154386415,-1.4430729958963093,-26.224504,-57.429306
2246954,114.27333,289.16455,135.24785,215.47519,5.225948,17836,42,1.4273381633806825,1.5735667127925304,-14.083077,57.480225,-0.42106501746349545,1.3918701922111296,49.878666,-32.551617
2247325,114.17693,371.84195,112.1151,296.8352,4.7568345,17838,27,1.1274039336199992,2.504092476568425,-3.0938075,56.621204,0.7097437278052052,2.7496636879364096,54.855762,-9.929328
2247383,243.55386,94.52015,297.07535,181.89758,0.48205367,17838,85,-1.7745685010355008,-1.1743220384428241,-50.477184,26.690779,1.3234642349918584,-1.4129129014021677,-27.24668,-46.48261
2247680,182.4419,257.70956,393.2456,35.989307,5.7770257,17839,189,-3.9458658352417255,-0.3756004895015272,-59.073456,-1.8905194,-1.1144340247939035,-0.9020505692625043,10.246934,-56.767418
2247898,128.6883,395.71313,112.00019,301.8685,4.7153115,17841,21,0.8443730672779555,2.9193021530920054,-2.621808,56.197346,1.3085881837856455,3.1518097624330146,54.438297,-9.746098
2248789,375.03394,163.97589,302.91522,128.54594,0.091780245,17845,140,-1.6445756697263536,-1.9600355428815799,-47.358807,-3.9796965,0.6512602961602316,-1.1939306538879768,-24.026745,-56.204308
2251101,393.7585,105.929115,144.91428,231.2936,5.3820868,17857,136,-1.1461350358377396,4.659712609427484,-29.086084,20.304914,-0.8862010232562645,2.9574297876801943,35.217415,-13.385949
2252063,365.51355,180.85693,122.60495,273.83398,5.021184,17862,133,-1.2313721358697378,5.93576818106809,-8.461446,42.752125,-0.49072627917403255,3.5953284310802847,47.799355,-8.947538
2253955,384.0446,147.43756,180.41635,73.4219,4.377999,17872,95,-2.3516048784863135,0.5035290331851546,-34.785168,44.350735,3.862943264525353,-0.05153498893153256,40.647564,-28.565742
2254128,379.36264,152.55344,106.482185,287.93637,3.7450247,17873,75,-0.5562491066766562,4.48115116326072,-8.785432,46.454266,0.17197231666847285,3.235935682296777,47.35335,-11.46217
2254341,338.7927,194.59016,112.00019,301.8685,4.7153115,17874,95,-1.5015024046011267,6.34031627781539,-8.32804,42.94072,0.9335831859929418,3.9726997294074176,49.267765,-8.671322
2254771,292.1025,197.61073,107.99428,277.252,5.1513686,17876,139,-0.6873472106723225,5.556446794077778,-7.7762074,43.657547,0.2720414347693371,3.4473726410684606,47.540604,-9.9812565
2254834,162.14511,372.55795,68.81788,304.5405,4.5214415,17877,9,0.40606574454010347,4.009288710109394,-5.0667434,54.552475,5.943798117164204,3.0095219322694757,56.454098,-11.885348
2255007,65.98458,206.67091,135.74611,162.33092,5.7757897,17878,46,0.6790271795343504,1.3309724490553658,-37.202927,35.713028,-0.6247367609560961,-0.2760118419904807,42.597492,-38.45991
2255111,123.272896,383.0373,68.81788,304.5405,4.5214415,17879,14,0.6969073030595747,3.4773443665641994,-5.764565,55.822823,5.707825943359618,2.7745046384122865,56.87174,-11.475291
2257795,303.52167,192.63754,296.8169,206.41058,0.70705074,17898,114,-0.5709913807291145,-3.4404444154020677,-16.867033,-55.834225,-1.0042104929507705,-0.2858891068817241,-43.789017,-34.779926
2258200,323.39774,195.45244,306.74878,201.6905,0.7219408,17901,111,-0.9342894426678684,-3.4728462204985373,-18.864002,-53.344856,-0.8278139359843476,-0.6121563345234324,-39.726826,-37.227932
2258974,219.30734,144.00845,288.14154,177.17596,0.65211946,17907,69,-1.1217908622904915,-1.2421423397950053,-48.72001,26.120369,0.4021315250421523,-0.19831968961247776,-28.762981,-44.91974
2259062,72.83112,346.3494,66.457375,271.124,4.7719064,17908,21,0.9246825611399928,2.7090508962714646,-8.071865,57.432465,4.027853254196442,2.2491139486848994,58.084305,-11.647482
2260542,219.19492,337.53195,68.81788,304.5405,4.5214415,17919,5,-0.3307726095161566,5.212227990695606,-4.484165,53.332664,6.057479386290801,3.3826923114843703,55.84899,-12.383358
2261275,135.29414,148.70479,210.38173,148.47055,0.06866456,17924,58,-0.09583933003898525,0.5047895036166763,-44.654396,29.73619,-0.09927331274051335,-0.4477536067712203,-22.474302,-46.78924
2262667,222.63602,143.70853,312.86374,182.74545,0.56460536,17934,90,-1.7464281880487051,-1.4877125401186966,-50.459023,26.5253,1.0225900148074825,-1.6344654083304584,-27.094032,-46.3146
2262799,247.55292,215.0131,315.5136,183.25877,0.55177355,17935,86,-0.9952952081927503,-1.6320370288442116,-50.62934,23.57118,0.3782527982519189,-0.6800381500366743,-26.584805,-45.647507
2262919,225.58238,149.91788,293.10394,186.83182,0.73073655,17936,70,-1.0764591544625526,-1.3557294185822655,-48.806488,25.667744,0.10351101411434471,-0.044093648736025115,-29.257458,-44.52987
2263565,74.65855,172.39935,130.73904,166.67154,5.7235837,17941,36,0.5900848861111404,1.0962784276868602,-36.98563,35.464775,-0.5992421091783964,-0.23418972593886106,42.075317,-38.6502
2263646,277.72195,217.61209,266.3741,227.31096,0.8482128,17941,117,0.42599169867255915,-1.8741426862163018,-6.6111727,-58.73143,0.9081167153171784,-0.630931561513605,-46.534298,-24.24671
2264051,320.49615,202.31772,425.93503,149.71788,0.59356904,17944,114,-3.487737670005439,-1.5837656469496362,-59.11853,-2.647344,-3.054762954177418,-0.5769448222615281,0.7984043,-55.50131
2264634,98.34214,367.9576,67.470474,296.68915,4.56813,17949,17,0.8906179273200207,2.846691741941573,-6.738967,56.817616,5.18879567120099,2.3750423760833765,57.443096,-11.269074
2264654,90.2678,169.8199,159.56264,140.40369,5.994932,17949,37,0.3622474201003285,0.9941581725237529,-37.862564,36.128372,-0.34933229618889794,-0.5613420081029706,43.20994,-38.1095
2265472,73.15307,157.00114,120.89133,163.6587,5.656947,17955,39,0.45043844860922855,1.125857357441737,-36.749416,35.41353,-0.37940427606034977,-0.24116294383192755,41.729507,-38.616714
2265684,306.9343,217.25624,295.9008,227.19731,0.8274669,17956,115,-0.28923593011110504,-3.37567984053698,-16.594492,-54.837856,-0.5271847284212233,0.04533596605506679,-39.278,-34.485905
2266054,160.75246,165.42929,69.55315,303.646,4.538317,17959,77,-0.517670465380738,5.12081038883369,-5.652022,45.704067,4.987468269356588,2.991921314267924,50.08093,-10.660916
2266195,228.11581,219.03654,255.91057,98.89661,6.264794,17960,82,-1.3199902282700224,0.09768628731615076,-44.76039,15.856883,0.6954716413139385,-0.07147261378721274,21.234612,-53.417282
2266454,208.79982,131.54434,67.08132,276.85245,4.7344365,17962,69,-0.7473898600585779,5.635310328982891,-6.0255747,45.60794,4.142571443025261,3.285568178600593,49.809536,-11.030657
2266867,188.75285,174.15855,74.44595,301.0445,4.576975,17965,74,-0.5605444834795685,5.1913747868575335,-5.8100295,45.697662,4.4831571534111685,3.098676205261563,50.026077,-10.565532
2267283,332.961,240.2418,47.032627,138.22006,4.795249,17968,82,-1.3448008835336827,3.764417294767227,-32.635944,45.336,6.869490361991036,0.7386135991100997,39.16098,-26.27708
2267611,205.80214,335.5019,68.81788,304.5405,4.5214415,17971,2,-0.2337839489342864,4.992983380598999,-4.5076556,53.385838,6.057850481105558,3.2423077933113285,55.934578,-12.364791
2268181,47.347324,289.00235,71.633446,304.97025,4.48196,17975,28,0.6136685860786466,2.71284549150287,-7.397147,58.8776,4.523861349847426,0.7627388489354324,57.50597,-10.406946
2268518,281.13773,148.36806,86.05349,297.53516,4.7310343,17977,93,-0.9754655588786132,6.392848361281481,-6.681612,44.66188,2.675095244033154,4.112359125229714,49.64158,-10.0618
2268872,369.9089,114.8967,366.8479,162.98132,1.326674,17981,44,-1.6844756220667183,-1.7009872116715874,-47.58732,3.999919,-1.1701538510236658,-0.14545293556676386,-0.062096495,-44.45202
2268873,362.10187,113.97364,361.6528,161.24846,1.2582495,17981,45,-1.705087110532019,-1.7804038154567026,-47.5686,3.8531644,-1.1389575828403338,-0.0685069815517599,-0.080406934,-44.437256
2270049,278.81512,159.79988,288.4901,183.68382,0.5730765,17994,64,-0.7891861082905727,-2.709136753819505,-20.836817,-56.486893,0.0004298382291645017,-0.1562911493315084,-32.655922,-43.23588
2270846,294.6318,149.95544,300.58102,174.1492,0.69539213,18003,60,-1.125892072349446,-2.681335273139499,-21.164495,-56.36574,-0.08090616859777412,-0.3447120992831747,-32.87196,-43.497974
2273567,432.70407,256.4894,417.90387,214.12772,2.21785,18034,22,-2.352693938388709,-1.587092019731809,-55.914597,-9.088716,-2.2990323299669657,0.6780603704299276,-3.7126248,-58.951324
2275546,390.2021,116.12622,381.70853,168.59544,1.4489264,18056,43,-1.6629257618929785,-1.6947239867397201,-47.898167,4.171801,-1.4923021345728302,-0.22921727597078623,-0.056781586,-44.69799
2276605,480.70016,169.94221,417.90387,214.12772,2.21785,18068,34,-2.0091834895497542,-1.2596613799030585,-55.90477,-9.7055235,-2.436347778068911,0.12134116099460031,-3.6917076,-58.7515
2276820,330.1694,280.46844,331.1452,161.52104,1.5571226,18070,71,-1.9543526810348046,-0.9292970947697736,-44.97809,-6.0414085,-0.5010758596383769,0.06710604801232666,18.966843,-51.25043
2277128,434.9221,223.1754,417.90387,214.12772,2.21785,18074,23,-1.9983898808670686,-1.7370481033519996,-55.873707,-9.354712,-1.9863918148604132,0.39334732696004043,-3.6558425,-58.94382
2277188,257.22104,189.28502,266.26624,214.04831,0.640104,18074,83,0.29096339000117744,-2.138293523530323,-10.039361,-59.139595,0.22503236138296132,0.5406257283684219,-47.297684,-26.157715
2277356,272.23123,257.9443,253.1293,164.0904,1.7550018,18076,73,-1.2800935562162326,1.0786805530807961,-33.556988,41.318512,0.42637996662079763,-0.4800492328292862,21.17243,-50.466022
2278028,264.794,132.04497,140.40659,205.19366,0.5732537,18084,3,-1.664628560806661,6.73181586510037,-18.534506,44.5823,1.3055525308968712,2.6492320480515335,42.482956,-18.421465
2278546,108.34758,235.53284,159.61107,218.55057,0.6646391,18089,46,0.8124470597409982,0.9575787637882596,28.84699,4.2045097,0.9284248115861475,-0.9417581789641895,-2.917257,43.32492
2278868,122.07137,381.48306,241.90118,271.70798,0.80734473,18092,83,5.492027089468094,-1.240330224121791,60.958214,-0.85261756,-1.3786940219166173,0.7774708734765203,-25.932669,31.317167
2279125,142.83676,261.0993,194.11806,244.18304,0.66318536,18095,55,1.459079040171336,0.32834163413049455,32.65407,3.410581,0.6330569598664569,-1.7171334690915674,-5.446469,45.524284
2279841,121.4995,107.827576,140.40659,205.19366,0.5732537,18103,11,-0.5101247976022105,4.027632556622259,-16.77148,43.705788,1.2944769553205784,1.9344205260551037,42.84971,-18.473055
2280270,164.31044,267.4148,216.85864,255.18864,0.7567676,18107,60,1.8484129219519394,-0.2670939335858438,35.445988,2.1830935,1.293083194740742,-0.9190898617223969,-7.0634418,46.09467
2281017,116.18205,238.57872,168.18701,224.24135,0.71771145,18115,47,0.9297019867263078,0.8791773206923591,29.330172,4.2371907,0.6327305445977298,-1.2287884864156213,-3.0084825,43.490814
2282038,53.29402,172.21017,140.40659,205.19366,0.5732537,18126,23,-0.07351752261267946,2.479374818250341,-15.687387,43.136467,1.6266620199283863,1.0546998982924418,43.808002,-18.31925
2283403,167.71564,279.35623,219.88107,265.62463,0.7234636,18140,58,2.189165951398542,-0.38101564563205803,37.190872,2.923143,0.4326752820952521,-0.2765317401366786,-6.9777775,48.287235
2284331,66.22322,212.61563,149.6867,211.64653,0.64025384,18150,36,0.2763723933362615,1.5704063153243022,-14.846955,42.139183,1.35191470490583,0.25593019308305437,44.605877,-17.919275
2284409,48.401672,149.42177,140.40659,205.19366,0.5732537,18151,19,-0.21105323208979143,2.891238250009385,-15.982403,43.390106,1.5255940111025044,1.3226676198301632,43.410755,-18.533363
2286123,53.802418,168.45232,140.40659,205.19366,0.5732537,18169,23,-0.11084397646103829,2.5515849058903592,-15.845028,43.15198,1.6343985471760072,1.0856492502457145,43.74637,-18.383755
2286881,49.97553,201.3478,140.40659,205.19366,0.5732537,18177,21,0.093344419905677,2.1219005032915366,-15.162311,43.03572,1.674445549324711,0.9088531159654735,44.04542,-18.172138
2287107,152.46283,253.00168,216.82065,253.74936,1.0997721,18179,57,1.3543423718059495,0.3801313526676324,33.240032,2.6914265,0.8338226574228293,-0.9733083513316726,-6.8311644,44.1873
2288282,324.64874,339.21634,274.69464,353.0555,0.781472,18191,15,-1.941040823575412,-0.1636039011561953,0.23130402,-12.441833,-2.6390516868300975,0.6319545262424677,3.826115,0.91385955
2289056,138.40009,433.46732,222.04369,290.1208,0.87417316,18198,75,2.400096645627578,0.6797074493506112,56.252228,11.37627,0.08174145484146378,0.9371313163604246,8.8209505,36.527252
2289065,130.26265,389.3604,222.435,289.62958,0.8736504,18198,84,3.2885506364062453,-0.02868772905931861,56.168186,10.276105,-1.0039391133575335,1.4774604252371304,9.313304,37.729576
2289708,309.7449,316.68695,274.69464,353.0555,0.781472,18205,13,-1.931205962359543,-0.11082348096262803,0.020993141,-12.306453,-2.5961820785585816,0.5265498889957204,4.0026293,1.1307408
2290036,253.95625,418.07947,274.69464,353.0555,0.781472,18208,35,-0.4208176947939802,-1.0075249630096943,7.5891533,-17.852777,-0.7306337297127825,1.0617572200581749,-6.5877776,-8.4813175
2290172,193.88553,356.65836,223.00723,291.61932,0.85412383,18209,69,1.9618212380577358,-0.19819630883347855,18.296162,-19.299667,0.11355466611730017,0.6549453491358554,8.175969,35.012592
2291870,252.73714,442.49747,274.69464,353.0555,0.781472,18226,33,-0.46793584180249526,-0.6944901644167316,7.90137,-18.007141,-0.9854369464691425,0.7974057349602913,-6.342989,-8.587723
2291977,259.70685,395.09167,269.10516,342.03305,0.76308644,18227,38,-0.5942888385340696,-1.2225722661640257,7.410906,-17.344645,-0.057234908423223055,0.9725825878823432,-6.9011054,-8.240541
2292302,212.06622,354.06564,227.91493,292.5643,0.74124616,18230,57,1.5549227953143372,-0.4497057036606568,17.756384,-19.932747,0.415948532512986,0.18474756738709192,-5.6071715,20.621908
2292844,128.92403,370.06683,238.05212,290.79315,0.9226615,18235,89,3.7314362541571238,-0.5301860462287036,57.739918,1.437098,-1.2056595207311682,-2.4085358956131215,-24.795513,24.644169
2293177,319.69193,329.01212,274.69464,353.0555,0.781472,18239,14,-1.956465905370996,-0.1459608267857831,0.15625049,-12.3832245,-2.662384702883021,0.5983241863249718,3.9354115,0.8215775
2294884,140.69383,370.47067,227.22173,265.9559,0.804472,18255,89,4.187905241200845,-0.7272724081256877,58.04714,3.9197657,-2.110243559909939,4.557955974937867,-31.783434,45.672436
2295315,284.36786,279.7125,274.69464,353.0555,0.781472,18260,10,-2.0781913858587586,0.3348109889919558,-0.35844484,-11.997091,-2.628351305672518,0.2784261312474705,4.31645,0.99422
2295659,228.85985,360.41672,239.4868,305.70947,0.75521594,18263,48,0.8739175963211339,-0.6051368099724512,16.748238,-19.75161,0.9618939438091267,0.3167665805668053,-5.0870595,20.282452
2296032,317.33487,315.55,274.69464,353.0555,0.781472,18267,13,-2.0671590974303387,-0.03546392241461445,0.054565456,-12.312006,-2.7014747406612822,0.5659806310396914,4.0265636,0.78919554
2296438,283.67078,293.44156,274.69464,353.0555,0.781472,18271,11,-1.8817798590335677,0.15547538238177266,-0.32240793,-12.088822,-2.542951173271467,0.30802609834758016,4.2899632,1.0786321
2297087,224.89587,460.01923,270.49246,368.20023,0.9131862,18277,48,-0.2799578674280482,-0.1654924165224668,8.787964,-16.890944,-0.21514102609123875,0.6247053124239015,-3.9755795,-9.600339
2298876,150.96516,136.55507,371.29062,127.47873,0.6239383,18300,4,-4.92826778663683,0.14844044585470953,-60.238663,3.0284843,-3.488926244937955,-0.02814599074172989,7.3896685,-45.95469
2300109,364.88953,141.00867,354.49304,151.8504,0.64986086,18316,37,-1.9022857892022969,-2.3230637612513174,-51.51741,-2.8079515,-1.4140425820604972,-0.664615094781129,-41.198345,-47.72579
2300799,327.89594,178.95789,323.3351,194.72832,0.7260692,18325,52,-1.2819460927430357,-3.2819886351133323,-21.050945,-51.363895,-0.5134160218496232,-0.6946055859638769,-38.42372,-38.23994
2301507,233.86087,64.1971,371.29062,127.47873,0.6239383,18335,10,-4.035150896929003,-0.47256790667685106,-59.737003,3.4138122,-3.3493405292370704,-0.34342901257749525,7.4311166,-45.713364
2302632,234.95268,63.214916,371.29062,127.47873,0.6239383,18350,10,-4.037573910742133,-0.4738483180431581,-59.726543,3.4324846,-3.3449628860387755,-0.3438313967067623,7.431381,-45.713852
2303452,156.75067,116.45821,371.29062,127.47873,0.6239383,18361,5,-4.769532668411031,0.04825680030203946,-60.1227,3.0901344,-3.400581613473671,-0.09953145353441906,7.3994317,-45.9165
2303788,369.7309,143.75688,352.70554,150.59021,0.55586785,18365,41,-1.8337302824722463,-2.3385927034942724,-51.6278,-3.0049162,-1.0743600327100589,-0.7836266724694306,-41.306507,-47.721394
2304943,260.6106,235.11954,330.8013,161.87466,1.326816,18380,71,-1.4544795702869173,-1.126762296594269,-44.443066,13.7549095,-0.8168215364073842,-0.042012189633146575,19.254269,-52.14541
2304946,243.9795,244.98148,330.8013,161.87466,1.326816,18380,74,-1.5461547125279418,-0.8791987789129965,-44.52919,13.849514,-0.9077895719580842,0.12125475920084584,19.191118,-52.156788
2306417,84.79687,207.77,165.54663,207.39488,6.2393293,18396,51,0.7399919130154615,0.7858402951678158,-28.881647,30.348059,-0.38616789587698047,-0.32461264638739973,9.745215,-9.0583725
2306562,261.90872,117.27645,180.09486,178.02193,4.4073334,18398,4,-1.6318840570610358,0.41469264236541536,-28.256477,38.446552,-0.3838909726535394,0.31337799482962203,26.581757,-47.45378
2306647,304.15594,253.67401,268.31564,254.5841,0.8335598,18398,89,0.44680609673168314,-2.604900132944599,1.7156374,-56.473118,-0.42561698017055116,-1.206131102164403,-49.2104,3.333972
2307828,229.83456,293.48343,168.75386,205.82626,5.954016,18411,22,0.290228077039534,1.2183270426829411,-31.041697,17.457212,-0.15379407524757632,0.41602937864009265,29.188705,-38.619125
2308379,287.4465,241.3343,258.22815,248.04956,0.7266596,18416,93,0.5874449084769165,-2.3820894131623245,2.0035124,-58.34695,0.5546581563466904,2.9881701070348243,-51.954998,11.840542
2309057,262.7027,119.174164,180.11703,178.0832,4.4086003,18424,3,-1.6651008045783535,0.446595738626849,-28.25944,38.4587,-0.37196679826991597,0.3395279425064771,26.60738,-47.438118
2309405,172.45523,208.63,248.65993,226.08241,0.5112181,18427,63,0.8309309648207515,-0.6268975159983502,37.828876,-18.224949,-0.43678337173914933,0.4797025213818048,-50.419662,-10.284594
2310439,46.508144,251.78983,165.67433,204.45781,6.251839,18438,41,0.4470464909718588,1.6380176746351163,-28.399475,30.3838,-0.2976314218157225,0.022381772252234373,9.683773,-9.071521
2310798,260.17993,235.02733,174.2076,203.5965,5.3969502,18442,16,-0.18532186170047785,0.6415577413699481,-33.012466,18.73195,-0.2431328227178203,0.7936115785258973,29.609253,-38.78177
2312568,139.18716,235.10562,202.30106,200.03087,0.16312346,18460,58,0.8659538683391869,0.3954364921333026,-30.597595,28.029364,-0.18271346321881302,-0.6611382003486719,-1.8506948,-5.8464546
2312941,76.00997,186.27338,157.8766,227.11368,6.207043,18464,47,0.5389038956334602,1.6921290137692289,-28.876545,30.530657,-0.20652093238622196,0.26328659976894003,10.395136,-8.866469
2313156,257.31226,155.3921,164.09639,228.95277,6.1717534,18466,70,-0.24437465027291627,3.170570899576244,-30.03436,19.233557,-0.050304413798306406,2.172146221952301,34.167236,-11.645722
2315814,260.11774,395.67722,254.43547,303.0898,0.26651883,18493,46,-0.42561654114598596,-1.1572451720908274,7.4007587,-16.11253,-0.03783757590474872,-0.34310667991946664,-2.4756231,18.933708
2315842,215.44125,342.17352,233.51788,288.39893,0.8790617,18493,74,1.9848511772541637,-0.9314742698549658,19.150932,-23.380384,0.5563513583347299,0.2758505831805586,-14.25669,23.06124
2317070,283.81366,384.0805,260.846,305.04147,0.087070756,18505,42,-0.8524750323167065,-1.4611575261083858,6.9626617,-15.721592,-0.06437184311516989,-0.028109800060711735,-2.183596,18.639305
2317196,198.97417,365.71848,237.76407,290.82748,0.8412005,18506,63,2.441727586455711,-0.827038356376949,18.7617,-21.094265,0.04323459204967429,-0.6279797741323331,-15.220796,23.897705
2318620,323.9794,462.74356,279.19464,335.27792,6.004225,18520,17,-1.3397214836208775,-1.4512576256319096,-6.4415436,-23.82916,0.2682714296713689,0.19609049580291538,3.9407785,-13.881036
2320299,332.87878,463.85754,279.80316,336.68445,6.008711,18536,16,-1.5209717717841496,-1.4280051805276455,-6.4138255,-23.995607,0.2514532664058765,0.20929713981574066,3.9199872,-13.8442955
2321138,336.86734,465.82883,279.80316,336.68445,6.008711,18544,15,-1.6243359429998523,-1.3472165880786255,-6.3933444,-24.079233,0.31851397569784334,0.18662053399758288,3.9177284,-13.843047
2321322,140.83983,379.7368,233.40671,281.48035,0.78653145,18545,94,4.4300040343672045,-0.9239220495514383,58.92827,1.7964506,-1.5644272799648102,-0.01445783429095816,-24.631094,26.939356
2321352,316.103,447.7865,272.82135,320.36734,5.9674754,18546,19,-1.2983024839289183,-1.636277751357274,-6.237584,-23.4507,0.22731858722077727,0.3835918385399939,4.020029,-13.866165
2322216,278.98294,383.95126,252.96191,327.0071,0.066423275,18554,43,-0.7113631261167861,-1.0819207442361358,7.7629504,-13.159141,-0.35703274692502057,0.0698216159062723,-1.733523,19.751883
2322447,195.67546,359.59906,245.8775,289.37885,0.9748307,18556,64,3.113563131105369,-1.2415000161321963,19.428858,-21.513084,-0.1960362324397873,-0.6981240895113343,-15.66844,24.170921
2323942,86.780136,414.19293,264.3617,290.37875,5.858722,18570,89,-0.7259795228537294,0.23019628264303177,-21.589746,0.23812525,1.3430295393784113,-1.7084090355289239,-16.149,-15.933002
2324358,162.5186,442.48126,259.11813,328.79083,0.84986377,18574,85,0.8462161922122737,0.1544523623152511,19.978493,4.8841753,1.0852441888102788,-1.852666394796624,26.74796,49.621494
2325470,401.40335,315.96378,360.5231,310.3855,2.9107745,18585,34,-1.6539567527314725,-2.1680034011464606,-29.706758,-28.063696,-0.2556538260509384,0.5198812161319146,-9.460286,-36.416775
2325827,346.9004,164.30981,328.01334,207.43913,1.6632826,18588,52,-1.4458972191767463,-1.4580215125896088,-42.68919,5.551544,0.07082935320747438,0.25222665223960156,-17.455004,-37.944298
2326027,409.37967,376.1302,349.40363,331.92505,3.199322,18590,26,-1.9073532094333534,-1.7824134936065916,-30.150953,-29.857018,0.21620511253431404,0.9547249854840356,-8.860588,-35.1985
2327193,280.32254,154.13945,284.59372,191.64,1.0523205,18600,62,-0.485670958531631,-1.919841177233923,-39.407173,7.836607,0.2032239560338965,0.03702598456762937,-18.905281,-38.715157
2327278,401.62012,317.0217,360.3307,311.25616,2.9186203,18601,34,-1.6760498521456095,-2.1896973923798426,-29.73179,-28.11511,-0.20382773480476335,0.5093633503526024,-9.4583845,-36.342308
2327374,443.99652,253.03517,349.40363,331.92505,3.199322,18602,17,-2.6440939425136416,-2.2135480135342984,-31.218325,-30.596622,0.1238505762367888,0.8346659567277718,-9.216757,-34.20717
2327669,160.85551,144.5216,219.64226,225.715,0.74538124,18604,86,0.59777691536756,0.9095732938289862,25.763178,-2.0253441,-0.37803953844064137,0.9366589593144107,-8.736677,-0.93303627
2327912,179.72638,250.72229,231.51285,231.66724,0.646888,18606,103,2.0393590200537313,-0.8149445499083195,37.108196,-5.2939773,0.06883300752579813,2.0221853186503997,-16.911137,37.30946
2328036,275.97324,83.084915,349.40363,331.92505,3.199322,18608,1,-4.608192750333843,-0.6479674100575437,-26.49176,-17.54138,-0.8923763079716692,-0.7701940240597239,-8.482106,-33.652744
2328475,169.69875,248.84436,225.05373,232.26028,0.7408119,18611,101,1.7910547637089118,-0.42523168896047436,34.449184,-2.097324,0.41729026835811583,0.8922574229634159,-18.505955,37.498436
2329109,314.21866,145.13237,312.48486,199.30708,1.3261626,18617,57,-1.109362441609821,-1.9057469696827392,-41.523144,6.706755,0.22319260925699555,0.5714082735589001,-17.906183,-38.331676
2329863,445.2716,312.57843,349.40363,331.92505,3.199322,18624,20,-2.2745932307875933,-2.056439186605617,-30.706676,-30.388868,0.2832028899037808,1.0508379236699605,-9.552506,-34.677685
2330273,124.40648,187.051,237.26665,235.81119,0.48173207,18627,91,0.5960099193630776,0.30254556589875503,49.320236,-23.075062,0.6737344974683307,5.082704391026815,-46.99246,33.772526
2331908,404.32825,350.77383,349.40363,331.92505,3.199322,18642,31,-1.7484096209710032,-2.101997883874749,-30.039242,-29.399904,0.1798978980597921,0.9833532780944633,-9.091586,-35.522152
2332011,441.56528,328.8963,349.40363,331.92505,3.199322,18643,21,-2.2063591821922506,-1.9947266020051098,-30.6023,-30.334574,0.3272598160241329,1.076990431370561,-9.392109,-34.83323
2333231,209.45415,266.6943,260.0764,247.87221,0.62883383,18653,111,2.331573658064388,-1.3733597829311905,38.784164,-7.74379,-1.2273871302907886,1.499039786132391,-14.122372,36.859848
2333633,293.54813,159.50262,292.29303,195.36385,1.1789366,18657,61,-0.6059318693153853,-1.8826616215754781,-39.781754,7.9745293,0.21202167782103878,-0.13920925547199942,-18.553293,-38.468582
2333754,259.46973,181.22456,275.01913,213.36697,0.69787294,18658,69,0.1584247378613498,-2.257928082324217,-10.316779,-59.046272,-0.29849174602413436,0.2507865372576245,-47.206352,-26.392775
2334380,438.78195,260.28815,349.40363,331.92505,3.199322,18664,17,-2.547552400427381,-2.327314914098544,-31.200607,-30.522413,0.16111888943638344,0.8772143411029579,-9.299169,-34.250614
2334903,134.91533,143.34473,343.08047,299.87674,2.8203466,18668,88,-3.4897916438556416,0.036522098054927156,-28.379173,-2.6482959,-1.0929733352968583,-3.0566743300202543,-13.640687,-26.309135
2336085,423.42105,339.2074,349.40363,331.92505,3.199322,18679,27,-1.9672637312492411,-2.1463128089437493,-30.491117,-29.96566,0.3183141125725892,1.0564515924788531,-9.469349,-35.24685
