row,finger_x,finger_y,joint_0,joint_1,episode,step,epijepa_pca1,epijepa_pca2,epijepa_tsne1,epijepa_tsne2,released_lewm_pca1,released_lewm_pca2,released_lewm_tsne1,released_lewm_tsne2
381,-0.10705846469072372,0.19193140516450008,-3.790058959817336,-0.8270430514210889,1,180,-1.2668852149375376,0.309783137118494,-24.175495,22.509869,-1.5320085757249573,-0.21906824817158338,-1.263843,-15.103656
445,0.026021927551123314,0.09981630270642164,0.18925158679429793,2.2530456592487913,2,43,0.6583230042091309,-0.620569646045575,56.43641,-4.145483,-0.11939089003216766,-0.3930117848875966,30.095078,21.549139
603,-0.03772492262847432,-0.2032013123896669,-1.2210702643588256,-1.0665781899490268,3,0,0.6755494104735569,1.5543090962452968,-27.279623,7.745932,-1.4572931477975044,0.8560067130359398,-27.859522,-3.269776
1382,-0.1743708246267439,-0.0832681588049555,-2.0611849931751713,-1.2697861698098518,6,176,0.20750598618219385,0.2738393760598337,-7.1314497,-25.947527,-0.9415499716141235,3.1924434278362037,-54.60926,3.7824204
3852,-0.20126164631772075,-0.06442547851132954,-2.337926867945663,-0.9877296131090633,19,33,0.082830343360416,0.43349962148923915,-9.649189,-17.88097,-1.216578623071731,2.561309983526237,-51.510582,10.628667
4686,0.20338727746585855,0.04014959283749453,0.7229291799373128,-1.0560607938564046,23,63,-1.7887694939579513,0.7804427588175679,-30.973404,32.320606,-0.2423047535726107,0.5280575942234073,13.814719,-33.28492
4863,0.05963378365476758,0.2005693381850224,0.7699926934186068,1.0236100745178125,24,39,1.55355413700765,0.2690708425459731,27.122179,40.784607,6.48631948935138,-0.49986114465841086,35.763397,-3.8962831
5046,0.1012269293538445,-0.20956948613938697,-0.8741699788953817,-0.49330432720439693,25,21,0.8627990070913634,3.837731444652658,-17.726469,12.441955,-5.991872614853535,-2.2131767650457377,-19.862782,3.2170544
5355,-0.1913443537126961,-0.12039203744550299,-2.922385881798408,0.6848004352473969,26,129,0.11041914923847082,-0.0005489633959654232,12.075176,-6.8733306,0.30766702777672816,0.18367449332013733,11.322372,4.0329533
5496,0.004802046588558179,-0.047698426996409804,-2.840154754061278,2.7393910129297483,27,69,0.23899718590204033,-1.1432068013925893,42.43986,-33.074905,-0.7030934686258866,-0.4396445011678574,35.36258,46.12987
5792,0.19094941507824656,-0.01904714327879123,-0.7436365955560484,1.2884315792031014,28,164,1.5149418315567682,0.3252408228067213,33.50297,-5.449643,-0.7218479074970349,2.820645062025903,6.917878,26.789566
7097,0.09427169504519413,0.08930449824210115,-0.24074713807699483,1.9981878891920677,35,62,1.178757139825572,-0.3100906188749498,44.047062,-9.852627,0.15321095795894046,-1.1229484046770226,19.554165,27.00738
7505,0.137478410574251,-0.10861293107055056,0.08380294315986835,-1.5048776894831586,37,68,-0.15307102833231012,0.6237134491780493,-44.197987,7.9338784,1.0336099771738598,2.248423230200193,-2.0204532,-39.493427
7675,-0.206114296955496,-0.06688241529518728,-3.2721655649641668,0.8886903256734626,38,37,-0.0008550307307281513,-0.21946727020877188,17.00851,-8.558823,0.2979994278859088,-0.3177379094105196,15.129879,5.713631
8860,-0.021832594456746734,0.21809538305804743,2.090118817991588,-0.8390983411758643,44,16,-2.6328107209263494,0.31969933488114005,-23.069365,24.176502,-3.9844178077550843,-1.9366071590242466,2.1585534,-18.859
9485,-0.15407318577008236,0.018457741181938547,-4.12855037803419,1.7354548261631293,47,38,-0.0032075593965131682,-0.4192543408022786,35.593945,14.361807,0.5923830707548943,0.9892359242844282,56.310135,5.6995797
9837,-0.1888110763076592,0.024971552696299616,-2.6189332072200977,-1.3083062422303176,48,189,-0.10404898624412656,0.3930019186222301,-11.507266,-22.615438,-2.2009446498789518,3.836839647253306,-49.354557,7.534951
10573,-0.036330512207396366,0.1982057836616989,2.3263007666700393,-1.1484397651232898,52,121,-0.9270361923204958,-0.34018001550135923,-27.704165,-12.499007,1.709258997814203,2.5924463354395666,-3.8411756,-22.046288
10742,0.14426995042413746,-0.09245328096776997,4.937629205374382,1.5513010725645833,53,89,2.202450291591964,0.5517706004705094,31.557343,-11.938072,0.7763020522420243,4.4423082438618104,3.2443075,51.801422
10757,0.15631046014972783,-0.01860366942070446,5.309290099979968,1.7108700284837648,53,104,2.034590287070949,0.34859822447587,38.404385,-12.533096,-0.12926260881473936,3.2475211982384873,9.255591,51.36628
11725,0.1476294592641825,-0.07958756271222969,0.3026158936059014,-1.5941096406212383,58,67,-0.20050105965861031,0.1984221528709977,-46.92701,7.8936453,2.101113883806147,0.30089994938173215,-1.5588827,-42.06094
12404,-0.22936992449138016,-0.04633130231755424,3.5649337202901825,-0.448058260009185,61,143,-0.6708492745502078,0.5469121347622216,-11.136519,-4.5204377,-0.34074913385959676,1.0619191921266813,-23.699444,23.02463
12724,0.0543799849530939,-0.21765398846902606,-0.9627734778479514,-0.7263782078439441,63,61,0.9515123915095364,3.667284968756601,-22.5567,10.649779,-5.180652370590082,-1.515177680351214,-23.491596,0.5963615
12865,-0.15972603903152724,0.1741305697418285,2.1370619657632477,0.352026813774509,64,1,-0.7380342565483098,-0.030744040669496434,3.4910834,26.53088,0.07666062422679173,-0.6196781310476125,17.101574,-8.296004
13251,0.07577986786360487,-0.1762959893449976,-1.8090743467319663,1.288489734259806,65,186,1.9343459830606822,0.4263206185988604,13.381892,-18.969337,2.733498945780659,3.161777996801875,-0.34225488,42.854465
14535,-0.060897059888407504,0.001984602626396173,-1.8600560523079441,-2.6282290731304485,72,63,2.2398870906323207,-1.4569498500525435,-3.2596467,-53.58855,-1.6729954609989164,0.3868463410372897,-60.45077,-17.900368
15085,-0.22769661103036656,-0.015660372595404516,2.895845868482029,0.6288320179343417,75,10,-0.2635805602025045,-0.12328182016765217,4.232751,20.819727,0.5772783712654451,0.3834133168696502,14.214146,-1.0224448
16130,0.03579246333972558,-0.0895878131967157,-0.033573294906819165,-2.314254483109641,80,50,0.7861079427661932,-0.9344834989995818,-44.19826,-11.366553,2.9069596835619995,-3.909053917109987,-9.239588,-44.806942
16303,-0.02411212025559658,-0.22172089404681897,-2.057447477605165,0.7566539345437738,81,22,0.7623577760738802,0.3808822536566644,9.13756,-11.598809,0.7869951188029675,2.0325100607364024,-6.896533,41.16999
16626,0.2217425940232723,-0.04000805068403597,-0.5300393897009961,0.7030683892007564,82,144,2.0959484810492333,1.7633821811407824,18.478579,33.284412,-0.77089567163907,1.4360433654647267,-1.3572296,18.392757
18053,0.20343604536896226,0.11046007462552031,0.7645253729819572,-0.5341879079954761,89,164,-2.2069342851571996,1.8691273677088402,-24.101784,39.74379,1.0735685718662054,-1.5722742812078598,20.333931,-28.60631
18858,0.08474552838976823,0.11487182739680175,1.8689818567101146,-1.8675877567301338,93,165,-0.4479521991603904,-1.0952818804833189,-34.189533,-23.740004,0.8744228280627507,1.0947470358502835,-24.347836,-41.190002
19567,0.17101562027421194,0.10310364712804831,1.1305486777803195,-1.1760134316891986,97,70,-1.3060620078030811,0.6255550241458769,-32.408752,27.93063,-0.27780437447755607,0.4971132521392941,7.9098682,-32.681984
19826,-0.039900953396339284,0.18730603901506204,1.13378023241931,1.2938083642596656,98,128,1.15848707238354,0.16998660607623675,35.16954,36.960148,6.451922370209433,-1.832907345715771,39.205116,0.41801387
19981,-0.15605094956392024,0.11462065022413793,3.1402258471844604,-1.2642907754261101,99,82,-0.5329587577832434,0.23251670829630008,-15.7974415,-17.393883,-1.073147565533925,2.9962639404424025,-43.201046,9.616622
22036,0.17284225416646193,-0.14768643551368268,-0.38088819585288347,-0.652376485091108,109,127,0.3628768860992753,3.4899571659896553,-13.908963,37.43533,-1.292309764820725,0.15734795108946986,-18.427664,-13.4829
23052,0.04748796686838238,0.049963963006596966,-0.46868012991671687,2.5589603740516678,114,138,0.5200521007032831,-1.0657815051815074,58.10179,-8.661769,-0.7306492011618815,-0.37269188541557235,26.923365,28.001247
23921,0.15681023870390973,0.12513675417404954,0.09253840789574704,1.161980679192368,119,2,1.3889076298461551,0.5846380157745255,31.605938,30.66885,1.8905109728221585,0.3288419965823199,28.127146,5.301225
24264,-0.12918588577659018,-0.20123189565873636,-2.2266707095976845,0.17032240391954634,120,144,-0.03502534964033709,0.5191133626053901,2.4663951,1.5902774,-0.7344242239409927,0.14115722028145228,-17.349869,33.997818
24299,-0.051577023909937555,-0.21339155139662158,-2.223896162355196,0.8318935941444708,120,179,0.7152542693906406,0.2839729984288641,8.052755,-12.250119,1.4189951958730038,1.9609977696293746,-5.6272674,39.357826
24386,-0.0023299831787035874,-0.1577278141678038,-2.4391718580585193,1.7072088574016355,121,65,0.5141697411769354,-0.23297930814338227,22.95322,-23.9202,-0.34496254601544174,-0.28543397269133997,16.698801,16.657423
24408,0.003306281215241652,-0.0431263183653265,-2.883866870999413,2.7791718362138833,121,87,0.27364369875909184,-1.112774236216053,42.594547,-33.29238,-0.9522270107044865,-0.36766388323900984,35.69945,46.17191
24825,0.013598374626924314,-0.09501400836766483,-0.2692814702173032,-2.3187210468977546,123,102,0.675904137274779,-0.6752294508548907,-43.600605,-10.294568,1.516364268630371,-1.6498068466473481,-39.963917,-20.884508
26132,-0.011256192932738468,0.1785271366184753,0.90401188814236,1.459502815197623,130,2,1.4588678154324586,0.15348317844275158,37.32447,33.785793,6.084639542228366,-3.0433478764436037,37.25427,4.0285172
26622,-0.0047153442447454424,-0.19926116139686745,-1.0036416006478215,-1.1816289030387361,132,90,0.319652975795269,1.0147521487564155,-29.777613,7.413281,-0.0671878384610528,1.7052762232973817,-28.44921,-5.435698
26833,0.06776677111616086,-0.010675352027688434,1.1246629234174106,-2.5618193451421516,133,100,-0.2543464197150158,-3.276032181436018,-47.41567,-26.71747,0.03633351772562553,-1.561588419900752,-17.554056,-54.436455
26900,0.21453751333277898,0.0777199925341435,0.6626926961146151,-0.6302622429392583,133,167,-2.080464294203432,1.7324922436699823,-24.331339,38.73298,0.9253221929799551,-0.753649158224586,18.813698,-29.08927
27586,-0.10244136954709318,0.1671113217513347,-3.547352699632841,-1.2302069831129139,137,49,-1.0215291826640827,-0.17083747041804867,-24.455925,-15.460527,1.850260533644273,3.4777285394138895,-7.30475,-19.548246
28159,0.14274149642467682,0.009321492477912766,-0.8670464587886954,1.8645143569050013,140,19,1.6489057317809683,-0.03926809922225638,41.018936,-13.6462,0.11366855634503951,0.9409809307706837,11.175315,50.995884
28238,0.13966597220715515,0.11076245933045482,-0.06316786689739107,1.4673163929892523,140,98,1.273181762898992,0.07836622696951942,36.6352,25.78494,0.7004987289354817,1.386663248026773,27.917488,9.169453
29133,-0.1873873223960661,0.08004908447360302,3.294506940395028,-1.113268665729502,144,189,-0.21981100627385505,0.2374660194069462,-14.031262,-16.555897,-1.6715774243711035,1.853394932615864,-45.128735,11.429071
29136,-0.1944665158442315,0.03333437918850184,3.5775432295887204,-1.2114303465530598,144,192,-0.001426192120456797,0.4204229743292939,-12.027121,-21.256676,-2.1901275484508194,3.050654378782766,-48.389957,9.174153
29205,0.037767392381515635,0.12996779824288482,2.2596495801989773,-1.9433103473260587,145,60,-0.5831651990290749,-1.3488298241046242,-32.88311,-25.180069,1.0669683709927917,0.8376503454951246,-27.231712,-40.203693
29518,-0.03435443912489207,0.05378677353540194,3.4408307342852247,-2.603266178921074,146,172,0.1268464753800968,-1.1755565259595002,-10.3579645,-57.318264,-0.48586760585289507,0.3897055378585538,-40.826775,-44.01466
29683,0.22550597864084818,0.04791831114761116,-0.07231150764273432,0.5633792963464404,147,136,2.3314759064963972,1.7533179405125945,16.52639,39.612053,-1.251700108436059,1.2496016481555565,-0.3090779,11.30354
30531,0.21285059255754074,0.022882322489875297,-0.3619803659359639,0.9381464389412256,151,180,1.4631672150460375,0.8863125939626963,20.78581,33.815094,-0.33036366457850086,0.7148181399640706,1.7349758,17.632761
30960,-0.028876307464466344,0.0656947057528005,-3.031109043592194,-2.534295179520949,154,6,-0.02216702800649934,-1.553166925408752,-12.709132,-57.596783,-0.3543444531274767,-0.22686444153364188,-39.390682,-43.471813
31842,0.10806960851942327,0.055150142869976174,1.5126643714715335,-2.0815888921579537,158,84,-0.36902297492117847,-1.1772835773417931,-38.054676,-24.894115,-0.005310826082955597,-0.15415121723258723,-15.8916855,-58.270435
32099,-0.1682819605589173,0.021673537894404904,3.799101542602692,-1.5711935318604382,159,140,-0.0478857330710001,-0.032595772982002266,-4.355982,-29.019655,-1.6542549401293596,3.708179636319907,-60.040947,-1.2798638
32490,-0.22509024826042762,0.07769889139544406,-3.3488398652549387,-0.2502721490802501,161,129,-1.9845715162437008,0.6416535675943456,-5.9498267,0.24226491,0.13364722888603223,-1.2537689692259761,4.5345817,-7.321492
32780,-0.1696969913295281,-0.016749709752405667,2.4593993429410275,1.5611565371136185,163,17,0.020333200186164503,-0.42070258791665033,32.704247,15.239774,-0.045132607597027426,2.8351230206553386,53.526398,3.992054
33171,-0.053333257868493224,0.032598998518364924,-2.3829179586388243,-2.614624348097036,165,6,0.8782188558120153,-0.7884555215579194,-7.749199,-56.021435,-0.3670533238489094,0.24313418237936052,-63.50521,-17.597946
33499,-0.0707318468513077,-0.01202290534029711,-1.706012012750146,-2.5344224269258144,166,133,2.1795220093083394,-1.5537777767905634,-2.288695,-52.79129,-1.656695745332471,0.10688694893141906,-58.72671,-18.083649
34131,-0.06859042656707764,0.16100041498648027,1.2198567001996488,1.5073586389075495,169,162,0.9812627607347577,0.26677557372143545,38.29861,34.798233,5.0693778858178415,-2.397690145865573,40.021866,2.9482532
35357,0.086599386945508,-0.2063773788518949,-1.5428969752658035,0.7388054780842505,175,182,0.848610528485097,0.9897387342012958,15.891712,1.3514254,-0.6189713227172536,2.857234460168023,-11.032708,44.06292
35921,-0.03490782630710508,-0.058809720668791005,-0.8246411998940618,-2.5636700736152394,178,143,1.8463770710070324,-0.2443535602161164,-21.785316,-44.560165,-0.19474019399740228,0.38940968626933625,-49.45933,-20.539927
40198,-0.12352595972690816,0.08919320115990645,3.399208312580513,-1.7659886536679157,199,199,-0.10841318559550012,-0.29896130917393643,-19.015095,-26.554031,-0.3856215284681823,2.3089306361254294,-44.81714,2.982316
40557,0.15631487459019952,0.15581608896741836,1.1874696144129135,-0.8073389015083882,201,156,-3.848801934077818,1.1692713103849326,-28.850298,37.483196,-1.4280970319051596,-1.2832178121019246,17.745304,-33.622612
40924,-0.049297754123113845,-0.23166167089698525,4.340491145231626,0.32444959910220594,203,121,0.3178016583159039,0.6663416158031192,3.9971473,2.7321286,-0.8809507814819408,0.27206662305507495,-17.360376,37.62174
41924,-0.013541320049709454,0.1827680826860979,0.9428578677267366,1.4037870284538636,208,116,1.4049027436518895,0.23817848341857037,36.700836,34.70093,6.58421798516634,-2.747133522330488,37.56932,2.876714
43233,-0.13286315344465174,-0.06835314653478206,2.7179587366320215,1.797569376145973,215,18,-0.029990021934493384,-0.6396087673839065,34.10039,11.200149,0.21467590137801867,0.6359419069702267,51.837265,7.8020043
43359,-0.2187824864748733,-0.08125230500372531,3.7325514555003347,-0.47072425204295554,215,144,-0.37962189729772894,0.3850050354690898,-9.8925295,-6.146797,-0.2721354361213471,1.1856000362697576,-25.099993,22.258492
43384,-0.19875567768557872,-0.10865561885660177,3.9786736702058576,-0.6735816918676321,215,169,0.041955985604777785,0.4076110440997928,-9.9655285,-11.698813,-0.4696926709583028,1.5264625975020671,-48.100445,15.895891
43748,-0.1686375376636753,-0.13908403453224993,4.256811222462531,-0.8511330025716335,217,131,0.24378858700169093,0.679274961492467,-9.156578,-15.670596,-0.8759732527817976,1.9193610278667315,-53.359715,11.033133
44359,-0.15948543818758482,-0.1562976732043006,3.5416908271651235,0.7504110804154877,220,139,0.25353988626076246,0.04484558373370628,11.273483,-7.1673703,0.4807852896561369,0.3970416260539709,10.497419,4.5877476
45405,0.03615642137217054,-0.22225804575513125,-1.0562688307428105,-0.7065249914985323,225,180,0.9347374978817338,3.513640317447758,-21.97852,10.258164,-5.429704880233864,-1.6603502965543053,-24.041573,1.2914083
47546,0.15863559363271373,0.17684675322282786,0.6972377911459069,0.28478131606314944,236,110,-0.07741295417005642,0.33676425334909116,-5.819901,49.780407,1.3387727563340666,-1.2007223068700137,29.692656,-18.695845
48026,0.1736285855593589,0.1630414824216565,0.8772144459506228,-0.24650489269574188,238,188,-1.0331085987991788,1.5662570970250695,-15.902474,47.331818,1.0365254806669868,-2.40962005011958,24.949335,-25.08379
48210,0.15560347057204965,-0.09153463389149168,0.18765086315653215,-1.438780232315137,239,171,-0.37192975544240275,0.5703795444934624,-44.097954,8.4469595,0.5163695471072338,2.4097412685922848,-1.2951657,-39.35875
48589,0.132762183646981,0.16611805799362928,0.41450161924406703,0.9640788801468774,241,148,1.8469824041930565,0.8642830711066011,24.108667,37.904705,4.225640537584806,-0.1515718880678678,32.380028,-2.0961604
48741,0.032188234481418304,-0.014977516919618142,0.9868127176459938,-2.844650981590726,242,99,-0.44736357274175415,-2.1259688402549437,-49.327354,-27.115595,0.05861280986861109,-0.15733477333312745,-17.7725,-53.181644
48883,0.027891084862115847,0.09587024288395607,0.14595413903295273,2.2834628068614458,243,40,0.7091641768178133,-0.6096185948790609,56.655167,-4.3804626,-0.1034762902186421,-0.4171194993309334,29.938854,21.83429
49152,0.19011800131768639,0.053264373502970995,0.8778833586802255,-1.2094436698255147,244,108,-1.3272379452747194,0.5269719875163121,-33.64676,28.456451,0.16222225346501423,0.5453619859776632,9.356282,-35.41425
49191,0.15634444808881054,-0.13153334493386776,-0.14710968699089824,-1.1046293885321008,244,147,-0.3193737100286622,1.271567110617131,-35.847393,8.904018,-0.3056767276694537,3.1836696744146056,-24.221615,-17.455036
50174,-0.08232058464669363,0.0017195886726535242,1.9001014805912675,2.441210567215631,249,125,-0.4449374719565354,-0.937078049915978,46.16875,9.541762,-0.21565452242252672,-2.5299062562791366,48.26939,24.235464
50674,0.0214248430008968,-0.23158862202336472,-1.2291966789796918,-0.49869944567545105,252,22,0.7686304190224039,2.8813118053664595,-15.693405,10.4903,-5.369370886779706,-2.1363237763338527,-23.425724,6.5112576
51174,0.028337467654927513,0.21017198062722914,1.9239886348746662,-0.9744279586009927,254,120,-1.5659751640067456,-0.12501143148657431,-25.32482,24.509968,-2.5464484926491515,-0.7382776042298654,1.9345293,-21.350424
51601,0.1743222595917212,0.04292459330600517,-0.4842604831271626,1.4513887841135549,256,145,1.5334139512685525,0.31601505360107085,36.191364,-5.630125,-0.5188176290514313,3.0635599469110892,10.400431,26.62556
52951,-0.0738981711485041,-0.22738078071036522,-1.9722427828641687,0.17443374871709288,263,88,0.29875168122728735,0.6852977966103317,3.3068871,3.4871411,-0.6590760541832696,0.022827710011723665,-18.858044,37.540184
53830,-0.07614552151150235,-0.03397198694238514,2.345255360030939,2.4319625034624064,267,163,-0.5371774445066594,-1.1083934200008354,46.31941,6.069061,-1.1238260917282465,-1.6614018500659289,47.657177,29.147427
54637,0.1611201094975303,0.024974053764486,0.9776979654720713,-1.647838035966186,271,166,-0.3328894480359437,-0.7682463324466686,-53.822613,1.0998967,1.7731509943979034,-1.3029874717611405,7.405782,-48.043457
55006,0.008443148301453277,-0.18144342249638468,-0.8119533091236442,-1.42468666406581,273,133,0.17717003637419473,0.2232160841010102,-35.189533,5.2774515,1.19464903246994,2.3819791152119643,-31.61989,-10.972422
55745,0.16092627287045835,0.17648913319008952,0.9297473241543132,-0.1965161747223783,277,68,-0.8854367595970681,1.488173960152699,-15.521953,47.740353,0.7343139717658684,-2.380701146621566,25.553152,-24.937906
55864,0.18268137366894982,-0.02189853107490347,-0.8165366922325116,1.3944662891697817,277,187,1.8398214516840845,0.3462295892154906,33.768036,-6.77153,-0.8541010919860754,3.756344468663295,7.811234,27.876806
55894,-0.05218241496171089,0.08637335172115573,-3.0320901810656347,-2.2736676006220775,278,16,-0.010819545652489326,-1.2566294135776457,-14.507669,-55.321663,0.10712129954339084,-1.7792404208734383,-37.288586,-39.57814
56821,0.0575614094155768,-0.06715571080530972,4.227648311747623,2.3867230926954957,282,139,0.2749445176637811,-0.5961882686512355,44.26767,-29.149303,0.4476833308617341,-0.32810086926123494,29.098913,47.01223
56838,0.038970984318396365,-0.0017575702952586647,4.830588613627676,2.8150555490086084,282,156,0.6109842855108216,-0.7780437544625838,48.726845,-26.325212,-1.3821312920237963,1.3214016723644797,25.450636,52.099194
56935,0.01876394058798818,-0.047768123305674426,0.15879232605284374,-2.710586528743336,283,52,0.9405587898634692,-0.5152686227419765,-57.778324,-21.224556,1.7408072880663017,-1.5078795642422653,-12.86811,-46.03814
58024,0.1561853353829068,-0.007261260982128301,-0.9077269722211335,1.7225382281179775,288,136,1.9804670862277844,0.3565814213777226,38.811394,-12.216995,-0.19247150168877436,2.9117743966413543,9.544662,50.8122
59742,-0.1916224917863099,-0.04577397855206093,-2.2992837304927054,-1.2156543470169694,297,45,0.07522894745132627,0.36322365459951034,-8.664268,-23.31016,-1.5461248008594621,3.6650665553582447,-53.098114,6.9819336
61319,-0.05240419007674574,-0.21072157890519713,-2.2545447861758188,0.8800076585277229,305,14,0.7737029846890408,0.3036051378558812,7.978423,-12.956001,1.6526270900984485,2.044972618521434,-4.6696653,38.993458
61874,-0.17207380605856465,-0.10001466064458756,-3.208056985141178,1.1859377917956564,307,167,0.2751411626168662,-0.14548860008690592,19.51395,-13.786046,-0.22149190810644856,0.8544103655133902,16.82744,10.103133
63844,0.12460570469753404,-0.1332311233942836,-0.11148473378982653,-1.4147079431856981,317,127,-0.07251455943329926,0.555279492016818,-40.753017,7.0935507,0.4455885199514243,3.343933417652638,-3.2830443,-36.983593
64398,2.0976957449819755e-06,-0.06321636337195295,-0.2665133631111243,-2.6084995617738183,320,78,0.8995576658477621,-0.5597059613165674,-58.846752,-19.713448,1.1357926304776402,-0.17905673804342598,-12.964062,-43.642807
65427,-0.11789685597783098,-0.02754536470299318,2.3290825122826244,2.084064862077629,325,102,-0.08096300329282416,-0.7118929100755069,40.33724,13.859459,0.3469992354333459,-2.607282373561786,55.55553,9.155719
66142,0.059528580052879185,-0.22742172951181844,-1.5175436873953556,0.4055155760610369,329,13,0.9185667543614506,0.946505391272028,6.360048,6.4663367,-0.47666887877979175,1.1284754650937776,-17.431973,40.92137
67407,0.04611987779595242,-0.024734352258171874,-1.8432410838320328,2.701945012555812,335,72,0.4419104617541935,-0.7226556989997496,47.590164,-27.92418,-0.1751753430884936,0.14661337992260995,27.138489,50.73381
68304,0.2272475116903741,0.03767535971214117,-0.12024996817327196,0.5690910581106012,339,165,2.3461561192036995,1.8280545287659364,16.377253,39.249973,-1.3470199984154334,1.3527648502156897,-0.33409107,12.031478
68624,-0.03454944425488439,-0.018214349608581648,-1.2490921860606574,-2.8146660841688007,341,83,2.7859601332891746,-0.7684045451115462,-0.57458204,-58.229965,-3.228962844679598,0.9433925647596766,-54.083813,-21.257404
69105,-0.07456506885165166,0.03001495238991786,1.529621748010149,2.4585644442895416,343,162,-0.08866899431464761,-0.796303640763249,46.73822,12.373997,0.05930973915172667,-1.0963082668885893,45.150505,22.099367
69670,0.020610816633936532,-0.0485225523251272,0.18020741710176563,-2.6986596175382775,346,124,0.8962373522970518,-0.5584268885269585,-57.599316,-21.15659,1.8825733647230307,-1.7334988119095138,-12.727362,-46.19705
71048,-0.21427403408051865,0.09663983700022027,-3.3620156040920106,-0.40654196341255333,353,95,-1.8520896442377273,0.5514502961047771,-14.067424,-0.86863875,-0.12639448269671197,-0.3124832525285301,-17.785568,23.27222
71519,-0.13858783061004115,0.12597949416740736,3.079348144796957,-1.3510664902134224,355,164,-0.6714942637721599,-0.015193575860418269,-16.529423,-18.148476,-0.4879507884388618,3.5676858048357674,-42.706112,8.605459
71887,0.20167961322705968,-0.12767323432040428,-0.4600211678364984,-0.20869164154610786,357,130,0.5899646368151202,2.558577966859445,0.753026,41.054955,-2.552403753457024,-2.2203943978512823,-12.9978485,4.270444
71909,-0.0017464251963646704,-0.21676711500293966,-1.135283606288123,-0.887138470066463,357,152,0.8499318617648851,2.597110303357314,-24.341719,9.0016775,-3.6349361118067467,-0.49321235872849895,-25.94469,-0.4733406
71933,0.18685374470414173,-0.14024374005411439,-0.4129308394632731,-0.46184888507607025,357,176,0.6021372906373968,3.7059004702658926,-19.50362,15.6445675,-1.9017025025048426,-0.8720352391570972,-15.721967,0.61779875
72312,0.18034521211829582,0.07708589274666863,-0.21032074805793913,1.2285044534370881,359,153,1.0506471222601712,0.28001298977942785,22.895035,6.4286337,0.24926137018013528,1.5252139583994313,5.492045,22.03519
72630,-0.09549130041961809,0.09073272421034272,-2.911631253228042,-1.9796243140139065,361,69,0.04159208545615408,-0.10401667206607011,-4.855944,-38.40923,0.3120520061308022,-0.4354184183219923,-45.059864,1.3465784
74035,0.20092669702810934,0.1300904996996087,0.6474053240471129,-0.1456460477412942,368,67,-0.04955660563264835,1.3867695287553683,-10.944179,46.328556,2.078345905478556,-2.7355384453341047,25.432863,-22.238518
74175,0.03195318646908939,0.22285844988668668,1.0746169171486344,0.7075422545803206,369,6,0.611135150687935,0.29283052818882743,22.91891,45.357124,2.606277652050274,0.7118206271175211,37.635765,-8.831716
76066,0.14412432819052018,-0.09815362536958666,-1.355386159153747,1.5150050216771356,378,88,2.2316147431084095,0.6150852259212902,31.116985,-11.765586,0.8158203153256751,4.520193813657967,2.8594584,51.524868
76511,-0.16855540940949137,0.1706150415302112,-3.970242072345113,0.07435754467518432,380,131,-3.216672825492328,0.6920701548205649,-3.179981,25.20542,-0.8431512904140283,-2.635226998951701,11.891501,-9.293171
80297,-0.17556644917937378,0.06273131769109218,-2.8035690093489216,-1.362388287881972,399,98,-0.28950998238144576,0.325072598045017,-13.2333,-22.513027,-2.2007002134032163,3.8320360470450354,-47.413944,7.4861393
80742,0.021005149125675415,-0.21700124166599208,-1.905659777413335,0.8627203710893876,401,141,1.01323134221122,0.4957089303503794,9.779462,-12.371193,1.120295307008111,2.792589007503941,-6.4423532,42.463463
81313,-0.16249656531261822,0.04844248811246856,2.065632280842229,1.5724696472658957,404,109,0.10547139353960608,-0.5189976590475421,35.02005,16.010086,0.4232202007328649,2.2429266800862306,56.21842,3.9022586
81550,-0.1442446499501478,-0.19031585774784443,-2.1194120918887633,-0.1998728456833923,405,145,-0.1345999771813931,0.4455217351167841,-7.499947,-5.492606,0.19940859112279513,0.3099463900650609,-26.73451,18.830387
81630,0.027977369022643722,0.16486771538797024,2.202614190965497,-1.599824821690696,406,24,-0.8663815465269914,-0.7968017049725342,-30.836636,-20.213024,3.26070093542256,3.2480713415233646,-22.862494,-37.18759
81678,0.03950814391487921,-0.05271722942724346,0.3650755514780653,-2.5854647631362804,406,72,0.6189239278372121,-1.0514572313236052,-55.747158,-20.687288,2.958527718839002,-3.528867400181287,-12.0480795,-47.570354
81894,-0.08221275657077648,0.04568286871531502,3.80252598505499,-2.336233109108389,407,87,0.5688383495435181,-0.8848866037565073,-4.5655756,-45.53636,0.0780242606398588,-1.9515775520523224,-62.795395,-9.466065
82049,-0.10048767915908992,-0.038665667583839713,2.4033394820585365,2.2111411179373763,408,41,-0.19263725967179723,-0.8998820781161283,43.74699,10.505779,-0.18881157821361907,-2.5280733591328164,46.315063,30.799377
82234,0.02182323649591142,0.05845205323592396,2.5212745700402577,-2.6156079855848193,409,25,-1.328393541240967,-4.595859448925341,-38.90122,-35.999783,-0.9912435513825888,-0.8356280370570806,-32.149403,-49.238735
83491,-0.04947167725675995,-0.14469208238710293,-1.020243463694467,-1.7600050018955615,415,76,0.714990930266607,0.16760225035083007,-39.5834,-2.501909,-0.037228835419691964,-0.2217453672939344,-36.508865,-13.693538
83670,-0.20555795010265943,-0.029676131667385613,-2.4733086215365554,-1.0498119544090236,416,54,0.02593425877629389,0.2549538633163893,-10.002104,-18.52172,-1.5306673498374928,2.5473952111088702,-50.56191,10.658785
84673,-0.0013928793887522661,-0.1874261245420083,-2.252816755910378,1.3491778955507678,421,52,1.1846372569226489,0.23943449861232124,16.986055,-21.49759,1.551117493729308,1.3692596205369494,2.3084364,39.453262
84756,0.06752004838574596,-0.12145911444548348,-2.016697904378102,1.9065381587144123,421,135,0.5745857101091194,-0.19937451516463395,24.734623,-27.999502,0.10697300545888812,0.22925257177448943,13.383938,42.144596
85250,0.17460090425144345,-0.1559448224799817,-0.5068840770867368,-0.44426731454118396,424,26,0.6545073178102577,3.728895289162351,-18.816692,15.165505,-3.0311958427228274,-1.3787661817903814,-16.052862,1.3183191
86090,-0.1082514869648271,-0.02615875441343629,-1.8162332037693176,-2.1765136314793705,428,62,1.194837474815423,-0.8658437504436005,-1.0275843,-44.968174,0.2917381906750138,-1.8016552619559731,-58.43222,-11.628013
86447,0.06640234720697978,-0.141394878821995,-1.9937999781418125,1.724112106124238,430,17,0.9329334511285534,-0.028864885162215626,22.123526,-25.6034,0.8343931069799656,0.8071520046256946,10.7592945,41.258698
86745,-0.07027857558645738,-0.1796495996919762,-1.3065151155641077,-1.2743535178473873,431,114,0.41265205509683583,0.6482303108252504,-30.556396,5.998096,0.22560792288481046,1.4180522930747308,-30.646788,-6.719175
86839,0.12676288389903392,0.10004539965914899,1.5008681856046528,-1.6654546114943614,432,7,-0.6032760431180029,-1.1768822580177862,-51.871136,-2.4329333,0.5854592827611688,0.8738086314022951,4.899141,-44.983955
89021,-0.022899338809930586,-0.03411258890524669,-0.763233005962572,-2.7975156527672365,442,179,2.1276695459219135,-0.20937690120863178,-22.22763,-45.909363,-0.9798891906172296,0.5094432568540831,-50.04526,-21.96111
91822,-0.057141113033854274,0.22330814222174722,2.103563032065754,-0.5645146325272984,456,166,-7.217569424203522,1.9756456605051187,-17.0732,24.868422,-5.965794103123109,-4.092981208161881,4.883874,-16.4759
92485,-0.1933671763588842,-0.02907490578730896,-2.3738570550082656,-1.2369849863489797,460,25,0.06751254941463736,0.410213726693159,-9.204217,-23.061901,-1.7549688264961616,3.7771826921482634,-52.3575,7.368918
94615,0.1912940254119682,0.06936543698564956,0.9067595875770955,-1.1177878895828341,470,145,-1.6399168319137465,0.7973737576017568,-32.58443,29.68115,-0.12709944779788115,0.39802582711800305,9.863238,-34.377335
94718,0.08385362991744089,0.014593853233087789,-1.0359513734839194,2.416530076664479,471,47,0.6212567471081133,-0.21359797597444327,47.903076,-22.260426,-0.4405270735309421,-1.3355747174622186,20.147696,52.557133
95146,-0.21653672398449147,0.03854221494430227,-2.905980030451201,-0.8235234740773687,473,73,-0.21444633852480546,0.050758866633001935,-12.094703,-12.600198,-0.8551263402480127,1.0507820129527417,-45.4804,14.989988
95431,-0.15466047588670473,-0.18166302165307194,-2.3848413879816244,0.21752493755106334,474,157,-0.15799217672219448,0.483002859565583,2.6626692,0.18435772,-0.632028018844189,0.27194978023574534,-16.14295,33.10186
95877,-0.08388946848053912,0.07662845868413162,1.3237649332269905,2.1552672510899353,477,0,0.20831007905264895,-0.679190005188295,47.243294,16.3659,0.35623515644238424,-2.250310933847826,42.152645,18.22275
96890,0.20586591046495695,0.0914469976234059,0.7702868346579969,-0.7045222579539407,482,8,-2.7757210320888226,1.580097609162218,-25.553406,38.184395,0.3388138831532014,-0.7906492865358727,18.435534,-30.20877
96913,0.19770426404690203,0.021901850287562925,0.704154865512724,-1.1876477407262807,482,31,-1.2709836549220204,0.496820614664017,-33.679913,29.504438,-0.020301268006665846,0.8513228477625856,10.726298,-35.56199
97437,-0.004902812376662277,0.22975280188145814,1.8846489643181987,-0.585032730170649,484,153,-7.574073331757903,2.3194746221271423,-15.938047,25.77871,-6.143083755261286,-4.255932682841163,7.2418103,-18.983046
97540,0.03630997908347944,0.10479574788513665,2.3276740802172347,-2.1808324959471697,485,55,-0.6691413035610452,-1.735500002788352,-34.976257,-28.198257,-0.08170589001828496,-0.36407872710242706,-29.747307,-41.707424
97824,-0.1397618573205722,-0.13114543169857568,-1.7421120184748693,-1.2917551253705237,486,138,0.2056400609841104,0.321534774276292,-7.6481037,-28.984676,-0.19884108632780592,2.007280525020596,-53.666393,0.7459604
98441,0.061592512548118795,-0.09001856033353253,-2.0697565490555276,2.1980339766341355,489,152,0.4451519834118964,-0.37918740849053345,27.820007,-29.412899,0.23826616494595146,-0.18201378107763588,17.154417,43.637432
98748,-0.10926144089816506,-0.21361228350300754,-2.067069630237155,0.046945371251335535,491,57,0.10379283318027419,0.6203797125072842,2.7108111,4.009437,-0.3111823528594359,0.005326267265527887,-19.665155,36.86357
98849,-0.1971663588980137,-0.13322699373883476,-2.416815443268102,-0.26108187851961495,491,158,-0.3748053085062889,0.40513705724137816,-8.713575,-4.710495,0.11396353017354771,0.6583246957179043,-26.18344,23.018633
99434,0.12998537551310166,0.19974321932459932,1.1124883552085827,-0.23720603126112927,494,140,-1.9209197039713943,1.725220445299809,-17.32294,47.557156,-0.3489704580863235,-2.3045495330442054,26.326262,-26.300652
99454,-0.11561331719172384,0.20864369951563358,1.966223526899309,0.22114489217787495,494,160,-0.9823339655308861,0.17076769955046686,1.5580512,27.199806,-0.7169800380226277,-1.469154795987303,15.82547,-10.757724
100021,0.08572902423994173,-0.20695965776326258,-0.8110240655298125,-0.7341172657729571,497,124,0.8128535903219243,3.7688086115958144,-22.653044,11.704102,-4.499404230725705,-1.0971733841870839,-21.604374,0.07404178
101143,0.09416321447385803,0.15932575939783894,0.3468317045879189,1.3803623749670872,503,40,1.654005283887573,0.25025130151164515,36.048866,28.662233,3.4735192536617534,-1.0676854491465329,30.351587,6.6260004
103625,-0.22239408266687227,0.03592359321276624,2.629352667263535,0.7041841150597271,515,110,0.04146034887835594,-0.2469375419206312,8.874626,22.798487,0.6310734541964172,0.012135445252144744,18.575369,-2.9941514
104412,0.0538767894064143,0.08645622044161283,-0.11892008875332107,2.2648704996548727,519,93,0.9044156273542743,-0.5471702173938086,55.89975,-8.32783,-0.06463299485271741,-1.1033186091188003,24.702778,25.8588
104745,-0.16397561645255904,-0.13026303415254373,-2.980608347347681,1.0206713392688667,521,24,0.2837127267584589,-0.24186480393238016,17.312792,-10.560604,0.10270192769311141,0.11519737009279382,14.211722,7.512631
106120,0.023499977126322194,-0.22278145157849316,4.450479490366843,0.7340105657185632,527,193,0.6858064163071388,0.6732546026653694,10.849545,-10.811459,0.09439394327629222,2.401683624956294,-8.825532,42.948402
106232,0.21763374180669565,0.06391967178091719,0.6185362448226802,-0.6657330531845108,528,104,-1.9770857859050974,1.7236871357786847,-24.281445,38.326187,0.9258169960016163,-0.5314299410504784,18.389767,-29.008333
106496,0.21784243975961304,0.022250733296219453,-0.31989949121023487,0.8433757920439797,529,167,1.8150756574105853,1.2378287081745751,20.17677,34.660812,-0.5741157696275354,0.8160760824622367,1.367336,16.442196
109458,0.07559216150207948,0.20156631484867224,0.7540928078959116,0.9158239995189874,544,114,1.6049472595986156,0.4463679977236135,26.054468,41.584446,5.705349902744906,-0.10930754495518259,35.446125,-4.7438354
110232,-0.19190154121058747,-0.10400670063446878,-3.0737035417799308,0.8575509509255685,548,84,0.11633108585932223,-0.24005244304829856,15.90781,-8.679443,0.2618276476002639,-0.16450921639155924,13.588005,5.7657075
110680,-0.004453992953959318,-0.11511727953459559,-0.5393425437323138,-2.1402508189011447,550,130,0.6818522043577955,-0.33096978314705705,-42.61719,-7.106153,0.28815508389077765,-0.7560589370374867,-39.58583,-18.70886
111477,0.05757873044110642,-0.12829060693508015,-0.2041392874755033,-1.8895782316812082,554,123,0.35438847715930205,-0.014067738113083029,-44.02704,-6.397399,1.9110909149923483,-1.3707133389637196,-33.51441,-18.594639
111525,0.002987653822654729,-0.04440173323929035,-0.11931931478175485,-2.7685828216808273,554,171,1.175970108811434,-0.5001487475018102,-58.75804,-20.748255,0.83180440754,-0.056022811030445,-13.463492,-44.570084
111895,0.18509473454869507,-0.15118472213322165,-0.5931873830384492,-0.1834234302157292,556,139,0.6650897028236127,2.3720224535832113,1.3685222,40.640396,-3.46893633261037,-2.30852680487645,-13.3879795,5.3825464
113122,0.06478800494968245,-0.08348106275151752,0.20405179706763787,-2.2297270182037443,562,160,0.5521232938326228,-1.4218710109963888,-47.09726,-14.501834,4.679383326106965,-6.414875507431369,-7.7843885,-47.535076
113229,0.15712293980815337,0.15481584137014281,1.1830500446835688,-0.810095487820272,563,66,-3.8219864588895276,1.1615377404235079,-28.851751,37.435642,-1.401383844466487,-1.2741154174335776,17.744734,-33.59597
114340,-0.0038856397483938362,-0.21405501584388462,-1.1199957692043296,-0.9379021850361692,568,172,0.784758967602707,2.359109870057586,-25.043158,8.663579,-3.028484631588734,-0.11027948586194476,-26.433311,-1.2731175
115544,-0.03624554332862654,-0.2172967125127832,-2.1440872566958937,0.816021006381102,574,170,0.7775099144216923,0.3016702368731897,8.500133,-12.164183,1.2204113875366451,2.0521417744819623,-6.033449,40.22703
117552,-0.09303035105309541,0.08103736960351018,1.3941082569092014,2.0617517769405893,584,168,0.1934209266779558,-0.5016617542980506,46.278507,16.180323,0.7653512172540292,-2.686470885023866,42.911716,18.017384
119363,-0.02728125317348909,0.029232734485886758,0.9182666484993165,2.8068212263274535,593,170,-0.1373159610934203,-1.1572598020486964,61.409626,1.8642783,-1.8430793098853546,0.8402061218128861,38.9107,22.842377
119791,0.04758446160899405,-0.037276557473930994,0.651670358658131,-2.6323852385546127,595,196,0.08691221755368056,-1.3619727947708042,-54.704567,-22.005033,2.463600216237598,-2.816243907452575,-12.7851305,-50.194763
122511,-0.176221015844765,-0.10334897424516959,3.119502726292348,1.1050083466601246,609,102,0.2529176670650093,-0.17563865994470784,18.620447,-12.08305,-0.11706987903210336,0.3535255596343987,16.111235,8.8115425
123071,-0.1827773728753499,0.04451258979069699,-4.050461613179409,1.3399694031804088,612,59,0.13340481914431943,-0.237449094564239,25.615633,20.364233,-0.039209805582287184,2.5224453886700546,50.870316,-1.4754652
123309,0.06349860970200188,-0.19661236627371287,-1.7922010511350859,1.0675870791820925,613,96,1.5651161655425925,0.5203755565757539,10.826898,-14.856067,2.0115830240983343,3.461938340745925,-4.077592,43.558456
123775,0.19062442001233698,-0.10123827060934032,-0.94076222524448,0.905109834822332,615,160,1.2157070286519274,0.8725562671397409,18.56598,4.87015,-0.548691898010345,1.6087830711965923,0.8439125,24.569654
124934,-0.10857805473039363,0.0852483924996531,-2.8492415285106314,-1.9159237438691317,621,113,0.08410040330400315,-0.07783208921133496,-5.0103536,-37.86438,0.11445120262843957,0.44180749852987067,-45.1723,1.6174513
126258,-0.0881755836561281,0.22320178047273878,1.9367938468916408,0.0204665228832867,628,30,-3.3154588704992385,1.007422273995891,-2.9837775,27.222376,-2.1084522376003854,-3.0016332595742923,13.819854,-12.619519
128360,0.22617382405033887,-0.07715314378935283,-0.23611693762579164,-0.18525611450034646,638,122,0.4774396946614368,2.4032802468282366,-0.3930285,41.474934,-0.6998254870075453,-2.1616772661316834,-12.475858,2.5913966
128986,-0.1146028573852644,-0.207340194697409,-1.9149496806515867,-0.32156468865949217,641,145,0.039184198592751456,0.5578395317319004,-8.484911,5.706319,-0.10823964813642648,0.11993442454944434,-26.416353,16.058975
130310,-0.12248978302528842,-0.11584203092651775,3.107163850962962,1.5838827046544224,648,62,0.24346473051095788,-0.2604640948242398,28.221489,14.3241205,-0.1295610178240689,1.3291922019438465,20.876818,14.0858965
131030,0.12014575081671057,0.03709134825710307,-4.964398943897918,-2.03869851305758,651,179,-0.37337717021293015,-1.2150937007454095,-39.36218,-24.249762,0.5569993382424583,-1.3587228359265602,-14.578287,-57.873672
131364,0.18151491095869393,0.12910922043666379,0.9997311439061874,-0.7629400460228908,653,111,-3.619523838363315,1.358304953974264,-27.371956,37.85461,-0.5435723233600271,-1.0903967667664909,18.093637,-32.441036
132643,0.02026372608611336,0.2364829405588535,-4.649113188536496,-0.2975097803893888,659,184,-6.567944474406596,2.609018002285294,-22.23048,45.75998,-3.8514437507201738,-3.519986645071009,12.41627,-20.432291
132772,-0.0967825390197235,0.0076695691921956355,4.216849699753824,-2.308674334045132,660,112,1.2969630769144325,-1.0946388777297222,-1.7670726,-47.318573,-0.22326591305681923,-1.992376939458648,-61.03963,-12.004341
133021,0.05891618274493916,0.030332441654965292,-0.8156044910014671,2.582107907381612,661,160,0.5131028046946114,-0.48029721987134255,58.508457,-11.164293,-1.3627629797052594,-0.05297005616846061,26.61968,30.284302
133716,0.18138684891234555,-0.03327955412710496,-0.8759233592660128,1.3889373020099351,665,51,1.845039156689811,0.41237728822304337,33.429756,-7.1257753,-0.8594207111556817,3.9158100153113926,7.4939427,28.205153
133862,0.07990570863390305,-0.1857834759200893,-1.733203708436629,1.1371818051277391,665,197,1.7243644163706549,0.488496082842787,11.843912,-15.817194,2.1069779975609757,3.609472894800395,-3.4167793,44.331776
133916,0.027112200252309232,0.19227033692929774,0.8024501833973817,1.2565178778041561,666,50,1.439033936387174,0.2124217527498347,34.798992,35.151398,6.86571181069364,-2.043675290190244,36.47503,1.5938369
135050,0.2145249909940734,0.10613773284707409,0.3855660331422902,0.14775671042530708,671,179,0.15476203046147408,0.8938397620310397,-5.8341055,47.802536,1.6379427651504446,-2.0162105727982884,27.494152,-17.527113
135383,0.0636576599416876,-0.12465812016581455,-2.046776090045712,1.8962346643738495,673,110,0.6038969616044315,-0.1671863174094334,24.641455,-27.965734,0.0692572215654146,0.2376677869052376,13.363058,41.99649
136228,0.1795579780552586,-0.12591089956515691,-1.029874962068231,0.8366519849615025,677,151,1.2773079170547241,1.1394191623352679,17.525671,4.8648257,-0.67066301302485,2.0355112477599313,-0.06862629,24.880709
136277,0.21156514448107697,0.10180897875368808,0.239701313193727,0.4176164039138663,677,200,1.2760487473724513,1.2723682156312235,16.019903,43.03626,0.3211432616382874,0.15763340795725916,0.30766413,7.6744676
136346,-0.09196976104461242,-0.1498978362521449,3.4136425162852793,1.4968470626906474,678,68,0.33649604656674326,-0.21189812066910624,20.837807,-17.242393,-0.6894119499290058,0.7439870414791763,17.762135,13.573662
139127,0.10269312017762057,0.021759121660447023,1.326901510250123,-2.2362094275659716,692,35,-0.406487588687364,-2.467575233707848,-45.47408,-24.71756,0.04767719823436295,-1.4392476105879932,-15.875212,-56.853077
140038,-0.23562847843097362,0.013441235197647955,3.2671742972467213,-0.36512815480449956,696,142,-1.0774914170888628,0.615006762604224,-11.671914,-2.0869658,-0.07884900744321685,0.42189268042262495,-20.876587,24.24584
140960,-0.09859145009794429,0.1642726629740671,1.4649804509086444,1.2927200708554094,701,59,0.6502299269399487,0.05284605473405188,32.9278,38.864986,4.029301787552489,-0.3187061762541218,41.835835,-1.2179233
141176,-0.03400432671318111,0.23334620004651996,1.902617102396922,-0.3742291179766797,702,74,-9.471854988704964,3.0025330419873493,-12.401359,27.369402,-5.626686061528255,-4.65754472933482,9.654868,-17.53607
141416,-0.022696649260344856,-0.15051125822830008,-0.8366692965766009,-1.767592736968502,703,113,0.7085480231453309,0.22982534829732024,-40.3841,-2.157983,-0.0681257212688413,0.3884944119508373,-35.79845,-14.835714
143411,-0.15446758144908118,0.043018488154713555,2.0308467782715445,1.6782661365475726,713,98,0.1058162212789896,-0.5377017492118418,36.27679,15.019411,0.6670393310349766,1.2470836715668703,56.942757,5.276504
144066,-0.1318292413709847,0.19284264867526557,1.9389142377819435,0.4630468538878399,716,150,-0.2584724484439988,-0.054963532707561866,8.250738,26.153633,-0.29999248587245353,0.09302839899836039,19.804556,-7.772684
145066,0.07703538898961047,-0.17484747297977585,-1.8057601491030424,1.299923470776217,721,145,1.9363870290778968,0.42522837711428746,13.468354,-19.010527,2.7415245554661967,3.1566008904190768,-0.2563715,42.875797
145878,-0.0336425751446031,0.12867500631203155,0.8430923890750937,1.9668666029674948,725,153,0.6928553890151082,-0.963009452211035,48.217464,20.753191,1.1055439489756116,-2.0129561863028407,37.42484,12.684175
146410,0.18336678573384918,0.1535521324707963,0.78039495497692,-0.16651790768857705,728,82,-0.343576576139981,1.4396125821943286,-13.415848,47.203445,1.4930646977521536,-2.562843563859403,25.486723,-23.551655
147143,-0.07640530130729134,-0.22256350096337826,-2.099438425692642,0.3959030641679412,732,11,0.18253377761347728,0.4658084572148786,4.3100553,1.0387102,-0.84456483666951,0.5249999816650228,-16.291464,36.4718
147673,0.1009498763509819,0.21768166676572898,1.1162321597929858,0.04066948549124982,734,139,-0.11619134377485751,0.7959418295837355,-12.091054,50.640457,-0.6272529902598819,-1.6192448736079839,29.91369,-24.43579
147999,0.1079324788830725,0.06775519752169634,-0.450452590823228,2.022061742409168,736,63,1.2254522804808838,-0.41998329384390115,44.007004,-11.028508,0.10171636148609334,-1.3688713576793905,20.346703,27.737904
148041,0.22277304927775954,0.036934165541269534,-0.18124467937221483,0.6910859576520655,736,105,2.3682848207611475,1.7836977857558791,18.641312,37.287395,-1.092371484364487,1.2451820998587546,0.49191,13.520601
148073,0.09019942366454839,0.182345457452821,0.5521640360788227,1.118527901946107,736,137,1.719554307161516,0.55896802264895,32.130302,33.763626,5.890418620839984,-0.941859331003745,32.963844,0.15324904
148233,-0.04618225368009208,-0.0417446377632707,-1.0982119858366666,-2.616818202117269,737,96,2.4164487835127324,-0.5046094821055132,-21.042976,-46.148636,-1.5740460877679312,0.4385460459635922,-51.593353,-20.503344
149185,-0.18403922411349988,0.028251658283223055,-2.611118221572763,-1.3655885692876983,742,43,-0.12294589940051798,0.3541197692140168,-11.574155,-23.145973,-2.184657482365207,4.098909784540898,-49.457302,7.0226192
150862,0.02575034103487095,0.1436557736849023,2.3105535791291887,-1.8342478542850102,750,112,-0.6199034585340288,-1.1950803192754593,-31.873034,-24.76544,1.7659270389624597,1.6112632811912317,-27.273142,-39.427315
151007,0.1567908565380809,0.10190471431566506,1.2538131886245136,-1.3549597138480056,751,56,-0.6828395983939253,0.023539621738750453,-49.4703,0.99307656,0.286860459292182,0.779685050733341,8.136446,-43.74932
151108,0.1849232852983817,-0.09692630932543267,0.03294241657254272,-1.0314352486228706,751,157,-0.5872942048113149,1.5317304484603291,-20.752396,34.977566,-0.2888618975134164,2.5942440942502056,-22.720533,-18.997494
151426,0.20344214106768296,-0.08166627887777295,-0.800911913065159,0.8383594692004046,753,73,1.5689935117301181,1.1535410549653353,18.367365,6.1922774,-0.41930887582690385,1.3722318679957355,0.38372722,23.215193
151665,0.01720460723694081,-0.15587709867522498,-0.602181468156088,-1.7173738122954814,754,111,0.3651370347204125,0.18930521267527356,-40.29683,0.48038897,0.46055930326262845,1.1101783390333844,-34.00963,-15.795592
153499,-0.1407098174204816,0.011130822054499181,-2.2784721029454778,-1.8841219335323094,763,136,0.5001108631080797,-0.4360636651428655,-6.811525,-37.460453,-0.3009243259191201,-0.36031958146671866,-59.75579,-5.242369
154578,0.027585233586577072,-0.23399601663787772,-1.644870982701828,0.38284134262798497,769,9,0.6597733902322335,0.8806959956196472,5.837461,5.8060274,-0.6108298916947632,0.7612894301660487,-17.446661,40.16214
155975,-0.18179269210397603,0.13832286266637095,-4.103748135756756,0.6234518602195582,775,200,-0.3688396384078477,-0.19691008429128726,9.2523575,24.825764,0.2890847266878879,0.14172447671544441,19.700314,-5.8355865
156808,-0.024445908921326934,-0.12928144114291293,-0.7671164779597639,-1.98112792380968,780,28,0.813466667958873,-0.05909067193421527,-41.43924,-4.5442476,-0.4030165939869586,-0.35487748341571496,-38.196213,-16.66055
156845,0.010191282833740253,-0.18180384847975423,-0.805325452686328,-1.4189460097953468,780,65,0.19063233486661785,0.20697456891352187,-35.221428,5.338553,1.2339469396953215,2.4309926520587415,-31.518156,-10.974912
157834,-0.03512659703221899,0.05465151276558023,-2.844453836823894,-2.593364123844386,785,49,0.12381213739209657,-1.1623493509877623,-10.418917,-57.289917,-0.4711147086608748,0.3156980047694617,-40.80737,-43.953827
158310,0.17395066516260593,-0.14960722704332774,-1.0080976702332043,0.5955895145708443,787,123,1.8172048150210807,1.7729659469792964,10.469771,9.388809,-0.41120655174482723,2.1759972325282506,-3.554652,22.88195
159163,0.15246039023126484,0.028293112460893416,1.0518251994281846,-1.7366715428429205,791,172,-0.3616899217302532,-1.0039783939822748,-54.5576,0.07347471,1.7540649433517161,-1.6724137705779558,6.770509,-49.385178
159810,-0.19392738353615366,-0.052466183841167725,-2.29850070793642,-1.1577434640233613,795,15,0.06091117444890695,0.4277539104379739,-8.740007,-22.515337,-1.4779522074128695,3.4189433840123145,-52.77502,7.8815346
161066,-0.1959521410443738,0.009495823789277616,2.4793014618810307,1.227738317511476,801,65,0.25100646152249095,-0.2479657698507821,23.294363,19.965818,-0.2428563963931291,1.5563303352299678,49.422882,0.31140637
161365,-0.14090844246052742,-0.12882834465534201,-3.0518866500391706,1.3018746062452924,802,163,0.3196193471765378,-0.20568760427842084,19.808083,-15.239642,-0.4964504522907241,1.1458599450032665,17.030947,11.3375845
161522,-0.14767051448333468,-0.06980317287137648,2.7609056270801933,1.6445066744089236,803,119,0.0051782253212540146,-0.5871376536927032,32.740997,13.566995,0.006898228710333345,1.9655909677053052,51.237694,6.0973716
162458,0.18004469511612564,0.14411139671380913,0.39444975111955,0.5610946203335194,808,50,1.5036943601853103,1.0993621787178016,18.867876,43.031727,1.5787191884638359,0.3817684438589636,1.6570078,7.7000065
162840,-0.1772710119473702,-0.08005756554685509,-2.091539039267892,-1.2517213254749624,810,30,0.17238416827413494,0.29966872758489066,-7.3476844,-25.515154,-1.02181097155841,3.283239168598512,-54.476883,4.193108
163298,0.08930864293475305,0.09596144222909857,1.8142559207422728,-1.9859290516360026,812,86,-0.4543806223854668,-0.8523395884485345,-35.41094,-24.501572,0.406905272702954,0.6890583315951646,-24.650703,-42.710426
163623,-0.16150132509264675,0.10600446587024819,1.9255120236396956,1.27048218285079,814,9,0.3040520645829581,-0.13679302469641172,25.076483,22.240627,0.507583577438957,1.5960473200460121,49.820053,-4.062596
164774,0.17012438143368494,0.06290586229529688,1.0681568281141198,-1.4279691119620286,819,155,-0.6283028431119259,-0.23172814556180574,-50.463707,1.756352,0.7071163869070171,0.36965845822281895,8.806771,-45.067066
164999,-0.1440379535924856,-0.051401875971086454,-3.678715849238155,1.759798565728998,820,179,-0.07053950366864378,-0.5378119534216791,34.141323,12.322359,0.1975403439522666,1.0171272358749375,52.649277,7.050677
165194,-0.07693564107954515,-0.13381851125603345,3.3184319648900513,1.7443578277460932,821,173,0.1852992239220754,-0.4675383863359028,28.16784,13.219396,0.08357940558514063,0.06898670955579049,20.288326,15.371106
165309,-0.11127479098712642,-0.13735795425709377,-1.5088460251686588,-1.485648798724848,822,87,0.407793238927698,0.08065484509522053,-8.724059,-32.49481,0.5205691143600093,0.5515666740987185,-52.33104,-3.461849
166259,0.07858317986055692,0.21271098323758014,0.8832344342510174,0.6673555969017021,827,32,0.821893481049531,0.41881335425869215,22.476648,45.015152,3.0735177729198075,0.17664784411547513,36.43388,-9.0325775
167442,-0.1365007206437456,0.14508980744491387,1.734066866419799,1.1832700670017529,833,9,0.46844669173289916,-0.1628026448080035,23.223743,23.674051,1.4568723358404263,0.942428416158238,46.88444,-4.9433565
167792,-0.012905628770645744,0.045113025623635034,-3.0597399346579452,-2.74803513565358,834,158,-0.13154974105885478,-1.7645271565523624,-10.623374,-58.133938,-0.7602326281288985,1.1622993177643712,-39.70456,-44.903812
168165,0.12570275833145317,0.12953995659510187,1.5199825909479776,-1.4391040657797336,836,129,-0.7084033201136493,-0.2841458869723292,-49.811546,-0.94048035,0.5509373968877758,1.3148751427421568,6.165549,-43.569214
168627,0.09166332210188644,-0.1377889242616831,-0.17385624284735585,-1.6198454267402531,838,189,0.12040742937814894,0.4663544798468624,-40.795536,3.3499744,1.3508361448068271,1.9106084222632156,-31.816687,-17.879782
169497,-0.09644189643986853,-0.15022476912699562,-2.873539658047993,1.4640478490600244,843,54,0.3607044563386976,-0.19216057699418984,20.582851,-16.995323,-0.6869555271670846,0.8093776930501292,17.537767,13.169968
170210,0.10175180551461074,-0.21658715876627646,-1.0550864802681612,-0.1530319377755015,846,164,0.42171339067128594,1.664494934496061,-10.250457,11.356632,-3.7916967061933917,-1.940118239663454,-20.289396,10.278601
170405,-0.16372953156463066,0.001621875099164366,-3.97147264823062,1.6399489993176226,847,158,0.018852695414096666,-0.4046348669047668,34.069134,14.756508,0.23589160314104174,2.2616865529686496,54.99093,4.4388313
170470,-0.0595746304837936,-0.06324141143445043,-1.1259759689517186,-2.4007430157855505,848,22,1.5994233134504694,-0.6394338324489048,-20.759096,-43.397305,-0.3612761394052885,0.08923895205870605,-50.091167,-18.043304
170771,-0.01118108140885292,0.0909353070432655,2.8722455213997757,-2.3582136529929243,849,122,-0.2789641055121372,-2.0233620319922334,-15.133106,-58.032063,-0.4595767999515216,-1.0612261441072168,-36.342625,-41.62346
171427,0.047247498580645836,-0.03491110057548341,0.6871498866898665,-2.6470160437154084,852,175,0.05240001584121838,-1.407820417083534,-54.681793,-22.095955,2.2083832358190625,-2.5830229586856857,-12.963757,-50.37076
172592,-0.06460058742920366,-0.22654885408795788,-1.6563443739420294,-0.38446115537054365,858,134,0.2638652580267898,0.9604432611692281,-9.838683,7.6419287,-1.3809818182473748,-0.48502845866444905,-25.596865,13.15885
172682,0.06570006307079349,-0.009067324016941603,1.153662843288349,-2.5816147579726163,859,23,-0.31963039074620636,-3.4179316955054806,-47.45708,-27.008852,-0.18231728428742783,-1.3905048422654793,-17.797615,-54.503323
172706,0.06068655051221051,0.07274717146164683,2.0405561888583525,-2.330032734291264,859,47,-1.137381076301585,-4.105299351482119,-37.14824,-29.39188,-0.4243033904627004,-0.3767849223264228,-27.051947,-46.636715
174038,-0.18229928443012117,-0.031152917721405507,-3.6633662440867254,1.382055036915806,865,173,0.1983145500763984,-0.4247462277674784,25.276524,18.877886,-0.2969848923599633,2.5284495661851327,50.277702,1.9192109
174282,0.0811958439393419,0.11405331856145626,1.9000736709371229,-1.8959056055972974,867,15,-0.4734679672916201,-1.0307547787291036,-34.376545,-24.00898,0.8600859125120487,1.0091427883810433,-24.631973,-41.442734
174564,-0.22363734024835163,0.05520324769791824,3.184127027473481,-0.5690785438846774,868,96,-0.9207701131279095,0.4176066657088973,-13.822721,-2.9458258,-0.20812621145659538,0.9739136801796466,-20.08483,22.417685
175095,-0.052603795073196846,0.17405544888460886,1.1531682705247905,1.4222485766625346,871,24,1.130388929995433,0.3203889732428598,36.851444,35.63359,5.892225601541617,-2.3544547798212294,39.46258,1.9570749
175622,0.008791075174802133,-0.22713237955108406,-1.2053704435083787,-0.6534811220657695,873,149,0.8830718171002786,3.1856448172326246,-20.121096,9.721335,-5.438606768294853,-1.8516643190075388,-24.350882,3.7861583
175803,0.0712167746678542,0.03289812651348695,-0.8050677129494254,2.4756187020649802,874,129,0.6327508952427763,-0.32002449823222584,58.185272,-11.332183,-0.9848814481269691,-0.8931049669297122,26.216738,30.408478
176015,0.12017366519178335,0.08400182876488838,-0.3035108126841657,1.827135524946325,875,140,1.4474839228229355,-0.0394468876629078,41.083252,-7.99552,0.13269549700381228,0.2761763328016489,16.689293,27.006422
176187,-0.17520564057641824,-0.15476734952053367,-2.646342348072536,0.45657520122867795,876,111,-0.06724136585850374,0.2620870525320907,5.9985886,-4.134888,-0.11648717812503998,0.36413051497341553,-12.142566,33.412132
176654,0.026490583850401123,0.028226544604823586,-0.5916820413279927,2.817591320904867,878,176,0.14362812017516796,-1.4988468248895406,60.10218,-7.9862905,-1.2934431352242708,1.1910386268628017,28.161623,28.797955
177094,-0.17211971423989225,0.04502008099701433,2.1499585664657506,1.4716058480036103,881,13,0.1326238350869238,-0.3936890307973276,28.050337,19.627832,0.18037622037728754,2.7914549165575693,54.433216,2.1009731
177569,0.03815798086600944,-0.02968822722285508,0.7067598449623388,-2.7359259573696124,883,86,-0.03941749012583303,-1.2817822860999217,-55.22152,-22.206236,1.7125985799282926,-1.549397484036329,-13.365789,-50.122505
178528,-0.2227731226122654,0.06793351753108025,3.0894357209801844,-0.4876604583785061,888,40,-1.2170086698770963,0.4386751867479727,-13.4895,-1.9973129,-0.06040660804905014,0.6402219692820825,-19.213543,23.06767
179201,-0.030769337665008684,0.2332194937686964,-4.3817281743385275,-0.39897088004343023,891,110,-9.503172660297196,3.0308608524104166,-12.776335,27.23179,-5.775056853277935,-4.6704077369294685,9.436687,-17.728865
180151,-0.07033131618906475,0.07007226996693727,1.2137232494968875,2.288632500076098,896,55,0.37811405660350794,-0.7534034724018718,51.391335,15.49545,-0.22395542548928077,-1.0338645075356026,40.74108,18.879324
181118,0.11322495287569204,-0.09486386089951754,0.21042540546417599,-1.8156293932736516,901,17,-0.013390786244837284,-0.33198633426183505,-49.610508,7.8072014,4.009170676116966,-2.9264572813192493,-3.4634688,-44.42222
182128,-0.01961089195330379,-0.06932592678808733,-3.1123746792235445,2.531802756414669,906,22,0.11414218949301941,-1.3969947506861655,40.500813,-34.365032,-0.40594315398398206,-0.18428063474164597,36.825027,44.763237
182152,-0.04918832229857209,-0.056148496145011224,-3.5447364745147225,2.5090429763350572,906,46,-0.3646326579562178,-1.5142931418385701,47.038532,2.9277701,-1.3032156529912975,0.1765156655578544,46.232918,34.42426
182374,0.129857182815438,0.18147404553896612,0.572742593597499,0.7539101739175126,907,67,1.6721494093386249,0.8379825384145748,23.96069,41.907898,3.9074825906484607,0.16008295178290866,33.458035,-4.8321204
182475,0.09794910625554626,0.007751294043424839,-1.0700317017771033,2.2980061158790117,907,168,0.7465121790864125,-0.36979804087111745,46.7241,-20.819906,0.17375569674397814,-1.8864007070863846,19.009214,52.483093
183215,0.028871452753560012,0.03439556357570433,-0.5100839969213492,2.765151023800567,911,104,0.18172759362540297,-1.5773276555778124,59.830242,-7.8161125,-1.1165371038463747,0.874470805823077,28.16308,28.378689
184111,0.01724261214936776,-0.035163719621085755,0.29198464995517137,-2.8137624839861313,915,196,0.6288533415438666,-0.5455439195579508,-57.77989,-21.701227,1.3928368328180747,-1.0082406528633339,-13.248723,-47.038666
184508,0.06810498425639368,0.07910244759309563,-0.2608770106606585,2.2416878183369846,917,191,0.9622551317049667,-0.4758776324212236,55.65005,-9.084647,-0.07254662124426368,-1.503734572215395,23.938261,26.588509
185269,-0.14268879873042573,-0.017715251263621792,-3.946489864329072,1.8568364205569887,921,148,0.02211759481309141,-0.35144843363378003,35.25786,12.751064,0.5865275697533598,-0.35724807925741614,55.27079,7.240552
186183,0.009865779297658667,0.14008661550999696,2.4462298215991702,-1.8914873717327545,926,57,-0.5122237609213651,-1.1531279937951706,-31.419077,-25.572968,1.2802320868526789,1.0778133616127321,-28.481861,-39.299408
186803,0.12279376411174923,-0.19758111504646525,-0.7662618807185577,-0.4969330570206016,929,74,0.7856757178980491,3.965672828425172,-18.449577,13.271475,-5.402646419609889,-1.930849003199349,-18.739128,2.4464073
187386,-0.20607566823831688,0.11772125266578769,2.473273044281194,0.29861238402210016,932,54,-1.3472688861342554,0.327587368427823,0.4468386,23.254423,0.3922414848808892,-0.4900953742311897,13.6401205,-5.872909
188401,-0.027749450802182406,0.19699994480558244,1.117143023964152,1.1871856091236768,937,64,1.241939410655806,-0.050885740800570775,33.927994,37.598553,6.419185630008504,-1.042035835751712,38.91213,-1.2764395
190293,-0.0922745205899521,-0.12454535384983079,-1.3397799659896876,-1.7373242342041728,946,147,0.7959120706381891,0.11737669437197391,-12.827387,-36.08962,0.4446397455311811,-0.9210772482725036,-50.500603,-8.184995
190518,-0.2200679525800887,0.08393737430877841,-3.6992332559736814,0.38651419684431937,947,171,-0.9801489729331866,0.24731269366137562,1.2669274,22.168242,0.6242571357862121,0.23039809105277387,13.724513,-4.4447474
191645,-0.006979009867234348,0.07611790694862008,0.4155654593989783,2.4933241361835154,953,92,0.6154153674800187,-0.8163807495833405,58.48189,-1.7440146,-1.2417795019024922,0.4124626950481633,33.749664,21.191051
192482,-0.22235085457890186,-0.08420323991875593,-2.6428710405010887,-0.27343021181806887,957,125,-0.7011682043341094,0.4968391060774605,-9.596643,-3.0928233,-0.1301018338310056,0.6352144402008579,-24.103056,24.4489
192872,0.20221440859054557,-0.12533061487200908,-0.6870946778721427,0.2645002627851433,959,113,1.5283784584121103,1.5028435171831227,8.325054,40.07222,-1.7354059320652993,0.2604950365852002,-9.96801,10.495121
195122,-0.015872729901782553,0.036603749110299774,0.5761764613337063,2.8075661888991017,970,152,0.08019539782385847,-1.5374169995637463,61.0868,-0.61660105,-2.2682115561729987,0.3903222003384169,35.33554,22.834854
195548,-0.1235235591901647,0.033777252724897275,1.866697991406351,2.0159440736060965,972,176,-0.0004727272916711517,-0.5116897138086965,42.830418,14.239668,1.0544791047343756,-2.9873166755009777,49.155525,19.191805
197343,0.17038602843681488,0.1689823687127786,-5.486579104910239,-0.03068821935535022,981,162,0.004349045671571267,0.9937670586168221,-10.669168,47.423798,1.2510657588341547,-2.4000005561986617,26.556877,-22.410316
198421,0.0408817124896374,-0.1598246328555713,-2.133300198744175,1.6258509509931607,987,34,0.8581415007473966,-0.023675698995968605,20.981487,-24.339985,0.8356305642692535,0.5071055786810299,9.609181,40.367893
199589,-0.05025111005169207,-0.11549089466328906,5.320314863399423,-2.0366551264045887,992,197,0.9870295592484996,-0.2419380963909362,-40.609657,-4.7190585,-0.24566388940724693,-0.5660335968390031,-38.925774,-15.480938
202697,-0.18523653473104545,-0.15107974265503055,3.736064239286312,0.17942421356340985,1008,89,-0.2829824865164009,0.34712329625894434,2.345942,-0.34435123,-0.3904313845416195,0.18265979312772207,-16.311775,32.224857
205205,-0.21145637794540093,-0.07875756982075072,3.150536551683649,0.6951838985646241,1020,185,-0.07691872478443512,-0.12001801218661819,13.69478,-6.99724,0.4207483490913213,0.1266180674200582,12.728462,4.076609
206444,0.033889099740126244,0.2370922923400143,1.4932508637680038,-0.12885836840818973,1027,17,-3.054834234476378,1.5803508289001438,-18.691692,48.214294,-2.2256262225352668,-2.493607037930504,28.401293,-28.229261
207353,0.03504220177115535,0.021435529999685163,1.9477717766574127,-2.797578508062707,1031,122,-3.1757238157148695,-10.134501810824206,-43.638702,-35.579494,-2.513258879985105,-1.6755542704759303,-27.874641,-53.171394
208183,-0.03992688152482031,-0.2285924996970882,-1.4856615680364351,-0.5161087915374928,1035,148,0.5329732397891215,1.88768373515632,-12.268071,8.236572,-3.3232232205294134,-1.189121027214059,-25.451992,10.3833
210633,0.05862165708818613,-0.04033243315384126,-1.8724224487208139,2.539574343371667,1047,186,0.38756283445631373,-0.5890053234089188,46.642155,-27.71033,0.26543227455722646,-0.20854343440509682,26.11716,49.778683
211743,0.012309614744923175,0.13452267662496187,0.5065816004710465,1.9459259644225912,1053,90,0.7548514897663866,-0.9718309411787396,48.4965,21.495724,1.0299245943649065,-1.5714241919979304,36.098206,12.821163
212032,0.1526732351705728,0.021649342876570735,-0.73217431607457,1.7460740070405103,1054,178,1.7820491847558249,0.22834664012140068,39.497993,-11.016195,-0.21555001951967162,2.210431426130624,9.7915745,49.455837
212297,0.18142253272316725,-0.008777093743857448,0.6640338368432246,-1.4247508745338429,1056,41,-0.5846120626833772,0.18843576253329467,-36.345356,26.89454,1.223251167307442,0.4133967272374806,9.402499,-38.14064
212718,-0.18365773652630818,-0.11391947423803166,-3.036273039290044,0.8997586756899992,1058,60,0.17537331769035708,-0.19979364586595785,16.189922,-9.153448,0.22309051688266496,-0.1472759183971124,13.563173,6.221132
214298,-0.004917196492717352,-0.2273185913327013,-1.2665848562900652,-0.6516787938539284,1066,32,0.8708278842141716,3.0081256005694,-19.802242,9.547606,-5.128325629847205,-1.7311073391823306,-24.622175,4.16573
214640,-0.20820578477927265,-0.11627099622851395,-2.519365258556781,-0.22585079375890038,1067,173,-0.587915471483723,0.40234538297430356,-8.6539135,-3.367371,0.016802774544843233,0.558155772081875,-25.236094,24.487215
214843,0.050823383777196,-0.1672160918650669,-2.03082800689574,1.5101954315007282,1068,175,1.2514870073836812,0.14972756357234782,19.173113,-23.53496,1.8627877575996041,1.3814344910229608,7.6884785,40.757305
215074,0.07372640038320588,0.0773112402586584,1.9186117795104156,-2.218966653145416,1070,4,-0.6884951416170642,-2.416172887809998,-36.686897,-26.493061,-0.16827502088517177,0.04774231192779327,-26.093586,-45.16034
215304,-0.044118076900292874,0.18956680165238443,2.424444301690499,-1.2499746452676368,1071,33,-1.0432105705763814,-0.33551677274773756,-26.331507,-14.721913,3.037602353297867,3.675982607802977,-5.6276703,-21.573507
215786,-0.2161718483132676,0.04953952745322622,-3.7590838265085837,0.7844275080043764,1073,113,0.10412465488135181,-0.13257719887804809,10.460367,23.297314,0.49231293394950587,-0.3525687463650757,19.946682,-3.282522
217068,0.1101968054118867,-0.03494942578728842,0.7610914732880585,-2.1364224220642387,1079,189,0.14724510483253148,-1.63299559806528,-49.27303,-17.624836,4.1992473951527804,-6.5605819913031915,-9.864889,-53.960823
217604,0.046492628180503086,0.2282041706316446,1.6137971241311546,-0.48796560474753864,1082,122,-7.533227415697707,2.65915278181891,-24.452309,44.1781,-4.616671132902543,-3.7117304158318345,10.9292145,-21.522476
220177,-0.005790227386692451,0.11051536599556107,2.714689474429686,-2.1830960932854384,1095,82,-0.5676503528412001,-1.7641588156549886,-16.457418,-55.699116,-0.3100426391286777,-1.0297972843556746,-34.549675,-40.044525
220518,-0.13538072530599837,-0.06826965948083491,2.721671105658155,1.7739730208344888,1097,21,-0.03677600300371794,-0.6462784355255332,33.94217,11.503692,0.1946524977758266,0.8497188178860006,51.72263,7.535134
220559,-0.10015292432752163,-0.06822654304428286,2.698112152987811,2.0829868797082725,1097,62,-0.053054942396138165,-0.9422837048279039,34.7504,-24.401533,0.13354739210024844,-1.5212692939266619,41.007584,34.80946
224139,-0.10431519228789049,0.21066214641475323,2.233516596239514,-0.40587591106576215,1115,24,-7.409864546652671,2.0008760293367303,-13.318382,24.855907,-5.002394123468028,-4.254485700485226,6.412109,-14.528351
224165,-0.11658876293336501,0.19375047670898604,2.454205059432827,-0.683411366299209,1115,50,-2.5870872810105032,0.825181801025229,-22.151655,22.723299,-3.0540693058257316,-1.5956912577266105,0.1258774,-14.399109
224451,0.052395930471860794,0.1434546872800196,2.101646077959366,-1.7620793985682885,1116,135,-0.7336647265720286,-1.258441565739575,-32.467503,-22.797184,2.071954176919367,1.992134502203759,-24.10607,-38.949596
224734,0.06603960909947965,0.050642986523904115,1.870885519198845,-2.4333649098489882,1118,16,-1.6225878611775628,-6.207773715269172,-43.877277,-30.511553,-1.0241608144499599,-0.6141643220651667,-25.01082,-51.57547
225207,0.2152910228151835,-0.06046472185309968,0.09778777621326305,-0.7431710700753027,1120,87,-0.5084891771630929,2.4122570436984554,-18.07468,37.458904,1.2053953371107204,1.2758787799874596,-20.29931,-18.545403
226075,-0.07878695071677916,0.2197830262465871,2.148664757746287,-0.46732522509345065,1124,151,-7.957348178335954,2.1745992467961575,-14.566177,25.031605,-5.726896598380337,-4.387946609545958,5.921518,-15.469801
227452,-0.21412292065400448,0.08133194247427786,-3.807846348305237,0.6064971511779998,1131,121,-0.24992531542601762,-0.04005527610373674,7.9544907,23.54395,0.534830154631024,0.2732049495612598,18.103682,-4.4295735
227465,-0.21906394829617548,0.08741592206821105,-3.707254024768834,0.3719606352295715,1131,134,-1.061856851039443,0.25888799906309146,1.0891023,22.23647,0.6207439798148244,0.1581759192317173,13.617583,-4.589603
227553,0.2076921580214833,0.041334605681373246,-0.29349948999631215,0.9799024655795134,1132,21,1.438970873143231,0.7730132146006332,21.13389,33.91666,-0.15959891564262807,0.7071833644562754,2.2679098,17.43382
228305,-0.22177851838995952,0.08841386021256786,-3.4189347884039614,-0.20401424091716008,1135,170,-2.341991941039394,0.6361261835092339,-5.3781853,0.4979508,0.040140818388223226,-1.8081103573840216,5.302309,-7.470706
229902,0.06085284975214566,-0.005809815295725315,-1.4084368163098198,2.626504279905242,1143,159,0.5869341892245978,-0.38862996794323995,48.372597,-25.486925,-0.7282824974409363,0.3915927966611982,24.17691,51.693474
230550,0.19473277489239071,-0.06351249757040278,-0.8634968335571055,1.0964465599239226,1147,3,1.3256529564362929,0.5832642897024154,31.972458,-3.7721732,-0.6542514585969863,1.682799036804939,3.7687442,25.474266
230690,0.07772942760667934,-0.226665706522839,-1.1843837564520063,-0.11210828243023438,1147,143,0.41149096522825523,1.2585344426441412,-9.285972,10.532812,-2.6847724429881863,-1.5099914660341132,-20.549046,11.47712
231209,0.2077433308592766,0.11103012878827778,0.6836474280657708,-0.3856294834468616,1150,59,-1.1152132479541492,1.8698275803285884,-16.804874,45.77112,1.7808226891170305,-2.133136325675156,22.71296,-26.144794
231242,0.1625443372246471,0.04050499625907596,1.042443423277694,-1.5964478799101887,1150,92,-0.3816047449015674,-0.7935296774234334,-53.110977,1.2718072,1.3261581637545818,-0.6005872331758415,7.587167,-47.223984
231504,-0.11572929843354363,0.016294661906285007,1.9395238183069978,2.1243771125000235,1151,153,-0.2468841438493026,-0.7138689246696935,43.938763,13.377657,0.8152000990082349,-3.5844445744562754,48.851208,20.438662
232143,0.22281064914161658,-0.04576364768316568,-0.5272399746910084,0.6493293745280505,1154,189,2.1994786310058725,1.910549793881565,17.95569,33.391026,-0.9186186594500313,1.5750937225895325,-1.777063,18.17363
234631,0.07024245922621536,0.1768407308748176,1.8480487866332904,-1.3106983348262906,1167,64,-0.7548951876967568,-0.13460329692866016,-29.750463,-11.574972,1.0950501494411278,2.1296037508820245,-0.33824185,-25.810051
235182,-0.05691965340210635,-0.20583497980623333,-2.3144011834137945,0.947632587358596,1170,12,0.9084288270271529,0.31404770733003773,8.441788,-15.463406,1.7606123301874987,2.0244326827677592,-2.8595634,38.38147
236216,-0.17915508827737908,0.12643690582789702,2.1084232195276082,0.8372030461199335,1175,41,-0.1965608978301268,-0.27342962627908113,13.899011,23.944914,-0.004797184286996823,-0.304640778238205,22.521631,-4.128208
237817,0.09791289557281915,0.06071003750620014,-0.5150830062704731,2.1402171080598213,1183,34,1.1105779472781112,-0.5039782057262436,53.928547,-10.192631,-0.0606433556864533,-2.016522020338368,22.631443,28.030075
238908,-0.07194718107917471,-0.018152428596770173,-1.6379766515736482,-2.5129435685706736,1188,120,2.149632139041501,-1.4771258205653115,-1.8494264,-52.729527,-1.5820768064277135,0.0925161664324466,-58.045162,-18.313622
239188,0.039377369868016945,0.1138579529299669,-4.000447766186259,-2.089821986105764,1189,199,-0.6054158652358882,-1.461556127287574,-34.742085,-27.428152,0.29480309404099675,0.05949462018107206,-28.993393,-41.435196
239274,0.12354795068988816,-0.14659889128412654,-1.5159846394101395,1.2909304227739098,1190,84,2.066668334344522,0.5421094423108841,28.517664,-11.691886,1.4851843414463097,4.029700090696435,0.19935837,49.814465
239330,0.0773679372313629,-0.08915296893036098,-1.9126423313879657,2.11317977550471,1190,140,0.5662652431545274,-0.26199874852770183,26.919113,-28.878633,0.22938239236513208,-0.07778451694207218,16.243637,44.225117
239385,0.026518739760843388,-0.044113825070001236,-2.3841908825726397,2.7093089000697157,1190,195,0.21871477597271724,-0.9332622156194237,44.558483,-31.121677,0.10850494648889183,-0.637886473532146,30.681028,48.30784
239696,-0.19212684826452303,0.004375541770661809,-3.806636203185726,1.2845465038578612,1192,104,0.24357167835706311,-0.31185180594324463,24.121656,19.793844,-0.22725615419920062,2.04901787212475,50.054363,0.6065918
242267,0.059738513680984075,-0.16707218941645,-0.48863004344446104,-1.4775429463042542,1205,62,0.1047953301683216,0.22510231863563623,-38.50134,5.377684,1.1810498780607466,3.0864166173415217,-30.565096,-15.498167
242796,-0.17013966905590322,0.11929721737656876,3.0540933507027117,-1.0480259686828426,1207,189,-0.510540582318959,0.10479222717504214,-14.7333555,-14.589765,-0.6377128506435078,1.6693937577286222,-42.728874,12.466051
243013,-0.03393733054454599,0.011426860694775678,-2.0453432983650313,-2.84206223477303,1209,4,1.924583957793262,-1.0437427439957208,-4.6932445,-55.776394,-1.4527888514506946,1.5735024906045336,-61.75903,-18.788622
244548,-0.08097003945530235,0.200022089400181,2.4084760587258933,-0.9060751397406167,1216,132,-1.073218233898102,0.038001954556889615,-25.109066,23.05123,-1.4475224668081275,-0.031242119848119115,-1.158295,-15.820596
244795,-0.20955136173638605,-0.06904857749166471,-2.418815803872319,-0.8089484213649375,1217,178,0.08062070368525277,0.33630387362952585,-10.069102,-13.560871,-0.8615660223811684,1.736615219520197,-48.54497,14.533134
245767,-0.03584423971595396,0.01038886682571026,4.274153925282438,-2.82933048304959,1222,145,2.017909953566317,-1.0767607307732487,-4.458012,-55.645134,-1.5661973979626633,1.5126892058195103,-61.47808,-18.823446
246313,-0.023156299824186113,0.11679188810764361,2.8182161887346666,-2.1033770899583994,1225,88,-0.4647827532238407,-1.5581178402489142,-16.30388,-54.554054,-0.018601442316500592,-1.0215653686170822,-34.63082,-39.08831
246609,0.08610633111083406,-0.010007878894772032,-1.3169587553649869,2.402501864011356,1226,183,0.6862640327050569,-0.21567122411139764,47.553963,-23.68186,0.19742319012030424,-1.0380994318145493,21.80964,50.897766
247903,-0.20369542783433153,0.12663804106892293,2.6204788267490584,-0.07022207243522806,1233,70,-3.292806300860615,0.7483555365220096,-6.361169,23.401117,-0.4936374416212768,-2.6896154611019747,8.173989,-8.301186
248461,0.016504570408503144,-0.10198509102674386,-2.5361409761382703,2.2515736185365136,1236,25,0.030799651810438436,-1.0422915686436252,35.93577,-32.360737,0.9911448565360786,-0.4096770536389287,30.626377,42.73244
249442,0.0024547683796893316,0.21453845040596023,1.094683012035325,0.9293434469829468,1241,1,1.1452331922861305,-0.08392203510923885,26.085474,43.421356,4.954947707097362,0.45526183452581437,38.01827,-5.9624305
249870,0.1939152612700194,-0.04801086239140344,0.3447085978223155,-1.1748294877283088,1243,27,-0.8806908649815991,0.7601377171535824,-42.03633,10.45975,-0.5275528424054418,2.034941360121943,0.5496173,-37.178288
249907,0.12363548889356069,0.0065845898936058855,1.0819719734967956,-2.05752830593475,1243,64,-0.21344065931215456,-1.3321664521699306,-44.51265,-22.360395,1.8624235032653704,-3.485687726636683,-13.216891,-57.094418
250013,0.0789497471231889,0.029566878498337765,1.570204532699955,-2.42374017791501,1243,170,-1.0963698431974878,-5.241329593923169,-46.10997,-28.360607,-1.1600278518742908,-0.4629338177209849,-22.099508,-52.93059
251045,0.14481732285130705,-0.172659873879307,-1.2240569142977333,0.7023663668797746,1248,197,1.313206832888477,1.3877200528017601,16.012224,4.6097126,-0.6271839364999036,2.541080031493295,-14.008383,42.028694
251796,0.05002884515014482,0.23040396558226856,1.16901861028976,0.3759229045931975,1252,144,-0.29951323265517604,0.2903408529828141,-7.467567,52.467678,-0.5032800229381238,-0.17275329500991765,33.843594,-22.024836
251833,0.18382046737536695,0.03841161358459318,0.8781849426120608,-1.3443729643528997,1252,181,-0.9425702941115414,0.1681715472784618,-35.199684,26.826881,0.7391952650491564,0.4759493787456825,8.358614,-37.346493
251948,-0.05715249710241284,0.21981887437988834,2.1541711770397267,-0.6580170795390765,1253,95,-5.218914179614543,1.4163506776452086,-19.707548,24.389687,-5.346437136298633,-3.32101100238334,3.3385768,-16.947277
252562,0.1829461303832034,-0.06188697393947679,0.3094150136153369,-1.2712214612321155,1256,106,-0.7031306483589926,0.6544018309791846,-42.767796,9.953219,-0.3233988421770478,2.201005594694968,0.09088198,-37.89738
253125,0.07610459345645762,0.10656202153425805,1.944287680183598,-1.9873432740497547,1259,66,-0.5218496034898459,-0.9090660151719205,-34.95304,-24.693079,0.5891321259945965,0.7107247627143576,-25.207361,-42.300873
253192,0.001021099546496096,0.03621447680380812,2.9618713495355813,-2.8385268964726156,1259,133,-0.6807837969204541,-2.908609933208638,-11.055919,-59.62334,-1.0091208143349375,0.9397930909471224,-38.413456,-45.7817
253497,0.03657805251106848,-0.220092896797838,-1.7834908958408475,0.7547660517153528,1261,36,0.7454644457640748,0.7069229755479871,11.052963,-10.766493,0.11164823139667193,2.5792957946187363,-8.782988,43.218555
254260,-0.21373856194378227,-0.10749653010834692,3.686760341396829,-0.1583502220834931,1264,196,-0.7110005030928905,0.4050649345559289,-7.6057353,-2.2891004,-0.056196155911685836,0.304278680274338,-24.662739,25.457647
254561,-0.1529188290140772,-0.07487127298995636,2.8147956966087206,1.5642033697901097,1266,95,0.05902086047816582,-0.412972758554819,30.50377,14.93986,-0.11832743702626686,2.314811310428823,50.661083,5.0598135
255280,-0.05120772723473928,0.19212099510117575,1.236820108568497,1.188918726837814,1270,10,1.071353591548325,-0.04838764353242589,33.63747,38.18006,5.793384909470689,-0.7429622545170573,39.707844,-1.4838262
255688,0.023064709243795084,0.08505018333320746,0.11115065858605666,2.3896511402915643,1272,16,0.7120167881654218,-0.7131515720804913,57.555195,-4.699093,-0.35694426644562716,-0.2258877570141411,30.165998,22.604582
255754,0.05997527925959803,0.23151300040791595,1.4012304789812478,-0.16783918482717733,1272,82,-2.9362145687743944,1.684761921687453,-18.569996,48.016644,-1.8694221314322248,-2.4051951081044427,28.06759,-27.915327
258081,0.02806778541185634,-0.13335995976823048,-2.330274374940235,1.9338337268552621,1283,198,0.3617944551078468,-0.3462647698497084,28.598104,-30.33938,-0.12989225658850279,-0.4105491671217761,26.648401,40.883183
258573,0.10768787433412544,0.21099930440952636,1.2600193716175476,-0.32226559064984794,1286,87,-3.804351035176296,2.07199496050258,-19.581715,46.861034,-1.3934756597004698,-2.5732139161120573,26.468166,-27.954601
260736,0.07726992298463807,-0.03957552739794931,-1.6740119392875323,2.4013476821858393,1297,39,0.45722084327789586,-0.44650178913261673,46.76577,-25.016752,0.4160982436674106,-0.6160326756893968,23.354284,49.815025
260828,0.1023991836849064,-0.0848407505990609,-1.6754340070182556,1.9670749011559947,1297,131,0.741865322931027,-0.2676624715377347,26.096983,-27.556166,0.7250107866888267,0.6642827344446632,14.969867,45.064075
260835,0.11447171789733171,-0.03238043189722073,-1.3278448248836763,2.1043564787605153,1297,138,0.8409444474342492,-0.4024625684825581,42.617268,-17.863754,1.0385552345777167,-0.7995041119433878,15.827708,49.972176
260958,-0.1112266307653111,-0.1922702275518186,-2.483645790538675,0.7767908559290677,1298,60,0.3983372227358322,0.20742292416865202,8.725175,-8.877072,0.8740560913640443,1.09964630971618,-7.576597,36.042908
261266,-0.06231748237176673,-0.06140886233838306,2.721991818379058,2.3953106854443824,1299,167,-0.41527101552102386,-1.3777769499745525,46.055717,2.7596734,-0.9145725054611827,-0.5965139543117886,45.357323,33.917446
262213,0.2040741238746343,-0.09305910632709083,-0.7916587438483343,0.7276422693919394,1304,109,1.7807460017211165,1.5996367117924193,17.587294,7.220826,-0.46812978220185797,1.657369665284862,-0.6736132,22.383547
263799,-0.1398476591074972,-0.18736549382414125,-1.9842173888059955,-0.4555307886087709,1312,87,0.1491829539712149,0.5343677924711955,-9.09899,5.5676494,-0.2507628759035429,0.5443289917821273,-27.257524,15.829117
263972,-0.0846384326420423,0.13023090491506187,1.2801645938913713,1.7338880682679665,1313,59,0.6659724933373843,-0.2455470630163407,42.710625,30.272352,2.9850204428733496,-2.590802144511201,39.39089,7.251692
264177,0.09798181771339468,-0.1879236244363014,-0.6017197410901189,-0.9769248747199432,1314,63,0.23178257919188752,1.959465755358395,-29.64113,9.534669,-1.043615435361651,1.357636412308518,-26.093302,-7.563123
264741,0.1208396377377908,-0.09576791100855439,0.20294558290026876,-1.7462185836584547,1317,24,-0.06995457024817595,-0.12903095282568208,-48.755836,7.9061584,3.4878754022156353,-1.7965769064708166,-3.0063303,-43.825596
265002,0.16688140823983225,-0.09718965271402048,-1.1630528278223409,1.2713686799532335,1318,84,1.7364398018445586,0.5409150688338511,31.880766,-7.9357147,-0.4066260166163406,3.8323824241396105,3.5410583,48.55399
265670,0.159154437524445,0.013828119956592957,0.9291100794428785,-1.6848856188672985,1321,149,-0.2108381826795838,-0.7173705311147272,-54.294544,0.9916732,2.1328057205832236,-1.7253103328982669,7.4609528,-48.456833
266732,-0.09719514881605792,-0.07979364306643778,2.809698057422709,2.0385758583450895,1327,5,-0.03691636717842416,-1.0596853294471549,34.525803,-24.53971,0.2772720763692005,-1.082578705510809,40.508728,35.175243
266965,-0.20725876857769854,-0.027310346091719305,-2.4971038103951364,-1.0269486464757118,1328,37,0.035010526432465085,0.2109071187728449,-10.199065,-18.036531,-1.4807858135750194,2.342127054755629,-50.204517,11.041958
267759,0.11442550728741831,0.10499920045544799,-0.12457937319767709,1.7340894966308116,1332,27,1.345390153365941,-0.20613726081129835,40.35853,-6.140533,0.3351070527932932,0.4519748568577394,15.781214,25.705359
270361,-0.1919266898860657,0.11444550434513856,2.977343693147875,-0.746888092663158,1345,16,-0.8077727864213426,0.20292837211041298,-16.567467,-3.2058835,-0.29195584101346905,0.9925162482199144,-3.5167916,-12.3508625
270552,-0.2050870560683591,0.06632120462897931,-2.9989927203757976,-0.9107331471725074,1346,6,-0.257923488403881,0.07188279182324926,-13.241149,-13.811225,-1.0096839611995034,1.1308071285219783,-44.952793,14.011851
271082,0.19846291214220768,0.0065275371819489,-0.5634982733049659,1.1927537689148602,1348,134,1.137206959205837,0.3489031848917607,32.553143,-3.755009,-0.39001202611106345,1.8269376267690411,5.2584553,25.004522
271147,0.22006736603409938,0.06835493946339209,0.017945260339292876,0.5664321302347455,1348,199,2.2650470761654744,1.8892349653885037,16.82647,40.17554,-0.8310761606592162,1.1245493826800113,0.067125544,10.580844
271497,0.004910206032663497,-0.12998332271359553,-2.531039446660924,1.996001656719039,1350,147,0.13382399817404952,-0.7633397197828339,30.429998,-31.017977,0.3391958767778747,-0.6035225155388605,28.26703,40.93642
271843,-0.19699212155264023,-0.013953744078046962,2.6079330031592542,1.2087511157999922,1352,91,0.19691969170955267,-0.24585415244767608,22.411306,19.583832,-0.16384561249372095,1.3487254595160918,48.778385,0.84175164
272371,0.13467429916547705,-0.06871216302761507,0.4175126365946502,-1.7785895560858809,1355,16,-0.0967143856812338,-0.27621184736869364,-49.67973,7.0764713,3.953066912255622,-3.0856731195139555,-1.9539335,-44.720356
273128,0.2157809068307864,-0.09035076697592967,-0.17120773237955692,-0.45065539458934206,1358,170,0.3464415953362305,3.3196906167863744,-11.752956,40.16151,0.4618714050714861,-0.37274234744767404,-16.348549,-14.119484
273505,-0.2155023873484866,0.08013218725818573,-3.7884647925377144,0.5817513048504327,1360,145,-0.30302868333964417,0.0029527801323962453,7.4829717,23.492586,0.5521210632427269,0.3331810898089347,17.717932,-4.4156127
273666,0.011722351447011614,-0.03796485068435797,-6.150025135599016,-2.808949426714562,1361,105,0.9337444111222801,-0.4438029363728339,-58.241215,-21.501968,1.1298525835362598,-0.6634068079354559,-13.393275,-45.937504
274139,0.04139090284599168,-0.23398591628458731,-1.2547247326845203,-0.28197595896082145,1363,176,0.4164355619589053,1.801238209767781,-11.288337,10.438044,-3.8192751722050797,-1.8411307553212828,-22.411524,10.009739
274466,0.16905963159005444,-0.15563479336952088,-1.0368132350582975,0.5854752096804509,1365,101,1.7708194184051982,1.7686665237044241,10.392099,9.305467,-0.3722886780196601,2.1934483370728644,-3.616215,23.087936
274662,-0.0028493351593105593,0.1666370275255465,0.7847143299888718,1.6063587648033528,1366,96,1.4523624067902654,-0.3885714134230373,40.88903,29.932709,4.5562098467313055,-3.2705946743813485,36.488914,7.054219
275758,-0.1928515397296124,-0.14200178117519346,3.84138715460117,-0.130203487937184,1371,187,-0.5043764515144072,0.45290317400757424,-6.9100366,-2.6664858,0.043811172923057556,0.3633803647423529,-25.6249,25.338154
278131,0.21851969715263342,0.0450963401214817,-0.17372366590676855,0.7544770877386008,1383,148,2.3057318007204817,1.5978451235995002,19.41301,36.697845,-0.8322263865243987,1.0223498383927485,1.1229233,14.054537
278911,0.15930458381769125,0.16119783332656407,0.45598741926782205,0.6706356112544464,1387,124,1.7017310466584359,1.077942621163198,19.89838,42.520363,2.592136673298954,0.37401787513874424,2.3322632,7.5712395
278958,0.009171036678422756,0.18610147581540198,0.8396360745291369,1.363840645650018,1387,171,1.4636249269737358,0.17310442155508804,36.149693,34.496952,6.618870338037288,-2.633951391788871,36.727375,2.8127308
279025,-0.1650079851516344,-0.16869837276738642,-2.5284122027800016,0.36655209810277634,1388,37,-0.12384138924067506,0.28747765190236513,4.1739473,-2.0125804,-0.44025041102638535,0.3578435689523077,-14.0007305,33.101933
279245,0.10135501698068777,0.2130687112632641,0.9427505937437758,0.36806636944820753,1389,56,-0.16355432666763373,0.3041727216149117,-6.200171,51.216095,0.5177394953314547,-0.6425639371617965,32.304256,-20.442396
279715,0.17435542105207746,-0.1510651163781261,-0.4345892497892784,-0.5587217432442678,1391,124,0.5199244859041778,3.738874466137945,-20.400524,15.516608,-2.0056570646694594,-0.5084200753958655,-16.369005,-0.015303994
280292,0.07899830215497296,-0.22183167863499437,-1.4231031940394725,0.38884356682321825,1394,98,1.0879187535664046,1.0544114245280263,6.47858,7.0210857,-0.29953876616612796,1.1613005135058065,-17.7366,41.45247
280318,0.21107816758749243,0.05407356068725065,-0.18178132935701335,0.8651319540091857,1394,124,1.9627577374875682,1.2409174046512785,20.459248,35.554806,-0.44162708336222756,0.7066326947650456,1.955427,15.135854
280402,0.22257610692588314,-0.07471337783653971,-0.5327794548067594,0.4178446100119288,1395,7,2.125005494168098,1.9380827038866908,12.731105,38.74258,-1.5716384044193386,1.4170892556369141,-4.2464194,15.561728
281804,0.018534909993283166,0.04992564755070375,-0.13172011353960694,2.694074505743203,1402,2,0.5015078344854766,-1.5586034462051968,60.042923,-5.7893248,-0.8379916182046254,0.25731952977744654,29.240246,26.035563
283132,0.1044532407840566,-0.1703134002528155,-0.43340854377404825,-1.174492172851237,1408,124,-0.08201078219419217,0.8810517231969225,-35.836357,8.072178,0.3057558445739004,3.195749833221806,-25.956478,-15.640929
283533,0.06088703725272544,0.2299927664081316,1.1801124915092749,0.26377225950215244,1410,123,-0.11354815917515071,0.25175467488202036,-8.681804,52.411804,-0.9085989753215779,-0.6662189541594101,32.998196,-23.059008
283607,0.032153611413052355,0.2289653416910007,1.1598292061195479,0.5428988675730383,1410,197,-0.1500413189895908,0.32981294706519193,-5.0410967,51.964912,0.47216238018340484,0.422064340893458,34.7225,-20.55488
284508,0.10544261485590088,0.00099093413157339,-1.1065086095998469,2.231812370695033,1415,93,0.8103450017136022,-0.37034908196700217,45.975883,-19.952303,0.43120334133316535,-1.8501083314474471,18.61642,52.247013
284543,0.029868500693812736,0.09086417324984822,0.09232527215609149,2.321763817758116,1415,128,0.7615345529772374,-0.5638676788532213,56.985947,-4.7464805,-0.17479013004515961,-0.39866232543475716,29.784246,22.288506
284760,0.2308541855892779,-0.03261487824462278,-0.3799012945369334,0.47910206818242873,1416,144,2.2997321235108035,1.951276799895121,13.483657,38.94964,-1.7311909959056486,1.4660800712568451,-3.7448783,14.630343
284777,0.11315884436291879,0.1273723307760631,0.06299283298784908,1.5628575383751577,1416,161,1.416522846099245,-0.16081042128716155,37.27293,25.662008,1.0529692529491692,0.4068514078919024,28.57385,9.540714
285846,-0.13236885333870996,-0.19453056716795436,-1.9699429374417645,-0.39667910966821596,1422,24,0.0824450647147866,0.5233328433421836,-8.784164,5.537771,-0.1405392231148088,0.39986938117889737,-26.935816,16.088953
286530,0.009256253612336535,0.1412316896649324,2.4454249139515447,-1.8801489664367264,1425,105,-0.5035787844006552,-1.1285993037725854,-31.371044,-25.542532,1.3528682827813199,1.1539867128000036,-28.434143,-39.249897
287154,-0.004757834002014613,0.04411196723057243,0.29337815408955875,2.769721880155767,1428,126,0.27769430956533897,-1.9074916759498088,60.95357,-2.5054219,-1.8618403585482004,0.2657656312781736,32.927258,23.757504
288835,-0.06674411118149313,0.23034846315810764,1.891206745583408,-0.07676207821924409,1436,199,-4.82202439722457,1.4994772951408353,-4.176727,27.493864,-2.9561243154599466,-3.504696547143056,13.188075,-13.638661
289072,0.10806581685524892,-0.03746663530372264,-1.4077827536263494,2.148098061904699,1438,34,0.7591233737293416,-0.40655091887727457,42.773117,-18.569916,0.9773888933730487,-0.8811740779387749,16.409643,49.430058
292007,-0.09445097364520647,-0.18604115006241706,-2.557487149063549,1.0338225151168006,1452,155,0.7014677389004104,0.017460822769382676,9.803687,-18.091507,0.9473219794868502,1.2379253764888996,-0.83659065,37.072014
292065,-0.00442771144296103,0.10523041875073996,0.49636780229899713,2.2329601305854876,1453,12,0.71145994125536,-0.5237187210423928,52.357338,18.348852,-0.3894613302981365,-0.0867445565412741,35.997585,17.0436
292210,-0.13962415984771223,0.15275174283977036,1.78030031711177,1.0620492679751512,1453,157,0.25158666431619703,-0.14897988136345275,22.139374,23.500198,0.7646991986285736,0.687458696501475,46.28006,-5.6884003
293113,0.08688894105909463,-0.04341317209292132,0.690773447019953,-2.3082656898518836,1458,55,0.25747377039895625,-2.0781918623448363,-47.761612,-17.73379,4.317677298995576,-6.640840770177593,-10.056184,-52.57432
294350,0.059220878528117436,-0.17282244908960145,-1.946305675807122,1.4112765036760384,1464,86,1.5853416937723919,0.274644236565453,17.619965,-23.220669,2.502092046129333,2.1606312675731427,6.276399,41.189346
294356,0.08015198206582058,-0.14796988755023227,-1.8681068929441387,1.587483634220903,1464,92,1.394568873582435,0.11879703274046557,19.440022,-24.538649,1.853096112869856,1.9088539560317006,8.702271,41.717888
294816,0.0010714326252080908,0.15529213831081806,0.6968305349274901,1.7341328732997532,1466,150,1.2672106406,-0.9088989135109407,41.835617,27.849073,2.961938275972547,-2.8923548764640628,35.7631,9.109602
295566,-0.13427927606155388,-0.13459943387867074,-3.0114074963541806,1.3128074404842087,1470,96,0.33189131034523794,-0.22792569446747876,19.765957,-15.511053,-0.5064546062639169,1.1112486462192186,16.885538,11.505869
296138,-0.234777812427949,-0.01885912703603366,-2.868221623452,-0.38643116698108726,1473,65,-0.9315072003758313,0.5845838054527018,-11.515008,-3.0235803,-0.23365956822534975,0.7419556710017233,-22.298769,23.903112
296764,0.20056701651123265,-0.11587054475449879,-0.788725575276679,0.5297068077776006,1476,88,2.106114695933525,1.9841346038750338,9.470273,11.253217,-0.7301994898948619,1.9145021223739063,-3.4814217,20.75775
297405,-0.2064419607880283,-0.1207111479989843,-2.6970070227760745,0.16904853088805166,1479,126,-0.45547912130959123,0.3704235626050552,2.2450671,-1.0219442,-0.11168657304219219,-0.046550230053853864,-15.991335,31.54425
297775,0.1498825413940325,0.0326042615393021,1.091643368396354,-1.7548965245415542,1481,94,-0.3567542748544179,-1.064470101912706,-54.50461,-0.43577152,1.606708849174222,-1.5826750226603439,6.629763,-49.907127
297869,-0.2033295047694036,-0.12368818924422943,-2.7244307748035674,0.2586969158681289,1481,188,-0.3435560935562934,0.357867581146191,3.3768244,-2.0640476,-0.08966906567920102,0.08234423104270722,-14.604532,32.01395
298591,0.06199535376096231,-0.23180665918388346,-1.3291230274211345,0.03930978753612968,1485,106,0.6599205439120893,0.7422458426850366,1.3707978,8.677236,-0.8757497697224723,-0.714883087323296,-19.744747,14.02113
298598,0.005346230668656733,-0.2372779845797084,-1.3991957018053576,-0.2981458585257462,1485,113,0.411735124922613,1.4492487949446542,-10.57179,9.315879,-2.9227126383313347,-1.3537852096761693,-23.785648,11.248822
298811,0.03550802035188818,-0.20626303614766445,-0.8889402990189945,-1.0227555300822562,1486,125,0.45197900784652506,1.9313416488069024,-28.089516,8.542237,-1.5512973159601187,0.8527514743152871,-26.89666,-4.3417177
299669,-0.21139325792725844,-0.07000128497674661,3.0791579483359923,0.76442437171073,1490,179,-0.006302290719413142,-0.2692686285883795,15.277503,-7.609403,0.4401796263984729,-0.0679551735330073,13.705836,4.570579
299759,-0.01601497733507233,0.03245729453668708,0.6097502516104955,2.8388266817437775,1491,68,0.03925276740479304,-1.55649113923274,61.170425,-0.32448614,-2.3397864037914826,0.3488869838000359,35.61459,22.868126
300848,-0.19561204196037724,-0.08143014355952279,-2.258229993591294,-0.9777954593337252,1496,152,0.1319936783239049,0.5094711114948416,-9.367946,-17.769789,-1.0551655684495627,2.5184963673541056,-52.129078,10.424319
301627,-0.09642845452349816,0.18703337866472344,1.5451559939846948,1.003329517122278,1500,127,0.3073377591633696,-0.1270948652194627,21.875795,24.860477,2.050448888623159,0.7497997495957531,44.123714,-5.871875
302715,-0.17529198258010423,-0.05133701218443865,-2.150845594330736,-1.4116965232898873,1506,9,0.18765935100496625,0.045927942605726156,-7.0258904,-27.392672,-1.0807364355028226,3.2053424285975622,-55.797256,2.2422664
304701,0.1013502178724913,-0.21053897984958253,5.391337840001926,-0.4606083711739393,1515,186,0.8015775336404576,3.7121185579496285,-17.150154,12.364747,-6.010632215433413,-2.2828740892393147,-19.932066,3.6663494
305186,-0.034310869443027844,-0.03801996412592302,-0.9492037313763414,-2.7115121147305175,1518,68,2.3802628219403545,-0.2575563261493822,-21.492805,-46.326984,-1.4976522401230785,0.4307869087210064,-51.08281,-21.27562
305818,-0.07799429682161424,0.2122773246395312,1.5815428758617898,0.6827189817012043,1521,97,-0.4426688471283815,0.028707270281144105,16.148132,24.904596,-0.3409287168443857,1.081930380053094,43.73066,-8.900957
306256,-0.1609349171977616,-0.002259249761799295,-2.2918143326675278,-1.6714819218765837,1523,133,0.18151989726127904,-0.215618980461275,-6.0733047,-34.222004,-1.0058885642365838,2.0844027354010572,-59.20551,-2.9240408
307445,0.13968238300452027,0.034011245888183536,1.1673687822209973,-1.857053238224184,1529,116,-0.38167841543543857,-1.1220234765772703,-54.30212,-1.8990446,1.450925760403924,-1.827859351308498,5.997124,-51.045944
308114,-0.019587523915795838,0.08863178686619155,2.9712336251535936,-2.365868891310486,1532,182,-0.14414258465923985,-1.9674340316740206,-14.820497,-57.857483,-0.35981303301420337,-1.1658417906823042,-36.70853,-41.438683
308195,0.1805130390092414,0.12148239176769743,0.15672604114983457,0.871274752810659,1533,62,2.1021631071613593,1.2000266265736266,22.038542,37.017406,1.3633202217845934,0.4413503356957819,3.772009,13.087108
309475,-0.12342254349786676,0.12966202300607113,3.0604808508414876,-1.457870202554776,1539,136,-0.6036560999300782,-0.24889607691384621,-19.026798,-21.98062,-0.15519931364361694,3.892068631189283,-42.160797,6.500685
310616,-0.11631883720267548,-0.06520650846754444,4.634212392835942,-1.9633735114026012,1545,71,0.936912148390198,-0.1801510964302884,-12.785611,-39.125412,0.7476235020256053,-1.628387887948298,-53.231445,-9.63311
310942,-0.02627522737209928,0.023840319491971143,3.8271662130479727,-2.8448480410451396,1546,196,0.7659717125538837,-0.7292925780247714,-7.3808336,-56.738556,-0.6183319089992645,1.8313465491526884,-63.759773,-18.416327
313292,-0.04039970224024576,0.1603430063076332,2.628338173905405,-1.621442433352514,1558,134,-0.460720899366386,-0.2883733058229349,-22.589577,-23.258259,2.7789154336158335,3.5303275769092837,-38.423542,2.362256
313504,-0.06687773698278077,-0.04518326758350935,-1.3196056760788504,-2.455636736858291,1559,145,1.8360435882965889,-0.9007904402514278,-19.83625,-43.661045,-1.025658687359244,0.18960111667062038,-51.329895,-17.768053
313642,0.1956270594064547,0.12278197652091324,0.8357342936195857,-0.5504878092497283,1560,82,-2.67913743159143,1.7884170882662886,-24.613043,39.74867,0.6906878420572652,-1.5956237227294776,20.042053,-29.314682
314663,0.03241532712543673,0.23485631627532755,1.5897165827211532,-0.3121512977690934,1565,98,-6.420566343776204,2.5810199939321192,-22.159468,45.854557,-3.687179652916354,-3.417538362539068,12.542229,-20.82859
317318,-0.18211067044032256,-0.04487561849916089,-3.57372794233265,1.3474824625590918,1578,140,0.2015386211564614,-0.3363591005466472,24.316713,18.748892,-0.2879010127920924,2.3350038432104974,49.662567,2.1570578
318175,-0.0471317852964335,-0.051269183685850275,-1.0377839917717888,-2.5527778648233035,1582,193,2.097696677683272,-0.4530690170932008,-21.308653,-45.227753,-0.9119153690570664,0.35199703369778884,-50.66368,-19.986952
318949,0.23573559046267026,-0.0312113470753272,-0.2673603115037104,0.2714522193708732,1586,163,1.4938358920503416,1.3465190223739665,7.5216546,41.863937,-1.8001133096891546,-0.006867689758951481,-8.086373,8.4210005
319990,0.21567580483111237,0.061411264789507106,-0.08691533185348618,0.7286257455438474,1591,199,2.3470060858752397,1.5670898511234967,19.07237,37.395348,-0.750551890529173,1.0592046754408215,1.0790783,13.0548725
323795,0.03623311178522344,-0.06792481891799854,-2.325019158869376,2.488510271033543,1610,185,0.09849578555425509,-0.8145234680790733,43.552288,-30.60612,0.7368210764876861,-0.4017876351424204,30.663591,46.600513
324460,-0.005450925745044716,0.15893526386091672,2.4515646554941086,-1.6929705015832048,1614,46,-0.4961436370836263,-0.6654321227685818,-23.690157,-23.911276,2.8806700767783044,2.9034919925398412,-37.64969,1.234035
324931,-0.20987822280815116,0.014552725620505524,2.5703029343606225,1.004123243502007,1616,115,0.18412976546210644,-0.10225675502008931,14.7182665,22.47351,0.13487533798150572,-0.2569746762196687,22.571707,-1.9801886
326328,0.15618525895824908,-0.0749376108156467,0.31703704279159844,-1.5287881174133136,1623,105,-0.3210910860563672,0.3354520102499283,-46.186115,8.128833,1.5260767817708887,0.9434110755550719,-1.1041887,-41.378826
326402,0.1039473987459284,-0.0010082426268243766,1.1131295215493937,-2.2456575277531385,1623,179,-0.201413632580087,-2.3097249219251315,-46.021538,-23.409594,1.2956428765546817,-3.3092281524254408,-14.215245,-56.16097
327989,0.2086198539241687,-0.0773402439855082,0.029286970046856636,-0.7686059139011485,1631,158,-0.4580304300867148,2.5058952043131897,-17.818565,37.189667,1.0127772927363072,1.4681609389329502,-20.454704,-17.991297
328306,0.09593645740697777,0.022135841745118207,-0.9213156417361402,2.296162855726569,1633,73,0.7676731741003485,-0.34179216477041574,46.565723,-19.80508,-0.15601934871963052,-1.9484758987595,18.186592,53.092194
328477,-0.16484733752721054,-0.02174275289680276,-2.2050392597113655,-1.6108281294094988,1634,43,0.25607151848269677,-0.13523631473095452,-6.399668,-32.60124,-0.9599929667379804,2.26667626472167,-58.510452,-2.400505
329238,-0.005975470479015338,-0.18796944468029064,-2.2729294066578536,1.3407083956810175,1638,0,1.1820841354865106,0.2601966294119732,16.9003,-21.3322,1.4266978864771063,1.3477458035754972,2.219434,39.294533
330005,0.13524269047750836,-0.16498236933557944,-6.69140842331456,-0.9518217797963414,1641,164,0.038955898338948566,2.076645562669245,-17.850304,35.113033,-0.5703308033361034,1.88429229497641,-22.118116,-15.523043
330870,-0.15824934733708748,0.13856968021221044,1.920003808413601,1.0047913792638663,1646,24,0.03314119568022471,-0.1752509545343892,21.393995,22.981728,0.15375309607585347,0.3474434354929081,46.68396,-6.571829
331210,-0.23733387202821732,0.0020405713508667954,-3.0012419603656117,-0.2978967497011088,1647,163,-1.175384029287332,0.5969604207654756,-10.744227,-1.6818683,-0.0428206945275956,0.05867648652792318,-20.81275,24.92887
331488,0.10595005966885201,0.02958010121128199,1.3669253871265903,-2.1893375895371543,1649,39,-0.40961571473436753,-2.0148417900135405,-44.92575,-24.47577,0.024404392929225076,-1.1672399633955464,-15.719873,-57.24368
332120,-0.09747571929003221,-0.12181196275133106,-1.3825207563521424,-1.7262947877493267,1652,68,0.7795081132990793,0.08986788815987905,-12.473577,-35.99161,0.5187710386507747,-0.9458999647345484,-50.7519,-7.906395
332655,0.013326444970558168,0.0630262797136585,0.06337445577715384,2.5980966827770478,1655,0,0.660501802725226,-1.2620008194603862,59.89057,-4.6952977,-0.8833415404727191,0.10999432027270159,30.836096,24.279188
332810,0.03252519440119814,-0.05391100148849507,-2.3332903724499934,2.6106916594048317,1655,155,0.15841254492640267,-0.8826628758249356,44.245296,-30.943928,0.4582968648684428,-0.5479912546268337,30.658602,47.72531
333483,0.12062750832808612,-0.09026231841595324,-1.534534685594271,1.7842794310788774,1659,24,1.3392454955302875,0.03653765348355503,37.819283,-15.897468,1.165336477755116,2.3928798853932114,8.3536825,54.47617
335337,0.0638270399768128,0.02742025545013424,-0.8713829064415618,2.554290877047118,1668,69,0.5349249206751772,-0.32751609931033376,58.405354,-11.587576,-1.2713463864740453,-0.28680699282742034,26.46428,30.695883
335482,-0.04487582559406959,0.1974164629931843,2.361244956155139,-1.133862678695379,1669,13,-0.9218732288707434,-0.3352358318940249,-27.628109,-12.558304,1.6618286678194014,2.5377940310919325,-3.97666,-21.86089
336308,0.11764983232811015,-0.05986824149019622,-1.4591170231613093,1.9768003271555474,1673,35,1.0110935542434991,-0.21088615763786206,41.6614,-17.751728,0.9853705199534403,0.5990079370529146,15.384611,49.139038
336315,0.07982752532846253,-0.03324186864111692,-1.5967874823824635,2.404411183954734,1673,42,0.47232263498907945,-0.3670689454124053,47.016705,-24.59937,0.3925060601649852,-0.6656141619828696,22.969374,49.990414
336758,0.0014893744391449026,0.034935504468264676,0.10361096029954124,2.849158102848739,1675,83,0.26516049424129057,-1.8972615823355934,60.96147,-3.5315845,-1.5179709651481048,0.2865439899323872,31.58132,24.859243
337989,0.021780400767592217,-0.11374259079864417,-2.4488441426546275,2.1344920587518397,1681,108,0.14756143336614333,-0.8414811662571527,30.892614,-31.716944,0.5852942907215007,-0.350597456451837,28.804497,41.910957
341147,-0.1530985361800068,0.12956072453108636,1.8578403820082205,1.162870332321229,1697,50,0.35089035997575974,-0.09171764194566913,23.338879,22.93457,0.7563502962213827,1.049657502404022,47.806458,-4.927081
341358,0.04150051267045243,0.2128614333388969,1.8208916362143246,-0.8852895865730892,1698,60,-2.635776097951678,0.30377450818159224,-24.072453,24.918758,-3.7521640799137446,-1.833342993584934,2.9695892,-21.195679
341491,-0.15982005469552304,-0.13922866506278855,3.370018295335256,0.9764494583477178,1698,193,0.277632053257054,-0.2089503822206368,16.568363,-10.175059,0.22871870733008648,0.11000611663681456,13.398984,7.0901556
341685,0.0931249479820177,-0.08944583939008785,4.51521851915848,2.005435160533062,1699,186,0.6147742950969773,-0.29909697652128386,26.027836,-28.003752,0.4905159128159276,0.34357453624077383,15.225386,44.60208
342162,0.033660487999976396,0.03740069739542899,2.197556663177128,-2.7191467503125732,1702,60,-2.9036682173617536,-9.122647624166328,-42.051937,-36.28994,-1.8020807185667345,-1.669776359685777,-29.46146,-51.30593
343346,0.2341754525405873,-0.04691213082626489,-0.29657177455138345,0.1977198051086289,1708,38,1.2004577692819591,1.2692226959288695,6.5517845,41.87793,-1.8340480800998413,-0.7424037859448758,-8.92283,7.8394456
343812,-0.18267103973863563,0.08883645479666871,2.127272096622542,1.1233545467901536,1710,102,0.10858662482275785,-0.0578031066482395,22.905407,21.522854,-0.054427411068273035,0.5870336298153759,48.158295,-3.2108326
344296,0.0878377916945197,0.17620190594343088,0.4995573826715324,1.2175737314231305,1712,184,1.7342250359777251,0.5028200709916405,33.293777,32.69008,5.388890172312993,-1.2962733813853973,32.575886,1.5104856
344297,0.08188072512062824,0.17376033878423022,0.4875279012752731,1.2858045080761769,1712,185,1.699103344060407,0.423084164280139,33.994453,32.05288,5.115983155984395,-1.5783528222871943,32.459553,2.3628016
346741,0.21440010080421784,0.10102299592572182,0.28228133099367936,0.3161061691143344,1725,16,0.7379373800235892,1.0587120387006839,6.3993196,45.378887,0.7316510907289754,-0.564263843258208,27.614313,-15.315151
347024,0.07755288859440596,0.05829529491278478,-0.5100614686763257,2.309279417665479,1726,98,0.8682318861007531,-0.5339809355451387,56.07373,-9.962112,-0.40129398745003536,-1.7790013573662442,24.268148,28.15127
347580,0.016478788063692934,0.07111200249633165,2.6048341890609414,-2.523497517625906,1729,51,-0.6973240168438616,-3.0421908237547086,-12.767543,-59.754894,-0.7375784673957981,-0.7558846718437362,-36.307133,-44.752968
347819,-0.001523914676583013,0.09840225115598056,2.7345597490744438,-2.2965561533965717,1730,89,-0.4897241895958818,-1.9010452832577747,-15.71926,-57.266953,-0.5050917914699888,-1.1018477874272763,-35.39056,-41.17354
349109,-0.17422977212834262,0.016381479384545067,-3.9890432452021773,1.5074078308271326,1736,173,0.13301006980290891,-0.38338258472880876,31.746132,16.3099,0.13079039408942206,2.9214710896802134,54.39148,3.119022
349125,-0.20137559514804151,-0.017668322601176067,-3.623360364485817,1.1385635231589528,1736,189,0.15853681387171786,-0.16764745403316653,21.114767,19.628576,-0.08768434819247943,0.7186079069403054,47.999203,0.7639114
349632,-0.02829677335075742,-0.062028818605946216,-0.7160304307451472,-2.5655068850602114,1739,93,1.6032996039138203,-0.34234846145956116,-22.146854,-43.902462,0.14906062785631474,0.3945451239450489,-48.756462,-20.740849
350129,-0.1355380048445816,-0.05468679811718954,-3.674115310211464,1.8320498927305078,1741,188,-0.047164883366900036,-0.5343105876559214,34.46048,11.402536,0.2739744063650083,0.26325143915836924,52.706944,7.8303223
351020,-0.13482851223204662,-0.12531338818203266,-1.6960533248365102,-1.393403071043698,1746,74,0.188186834740027,0.1533769307973385,-7.5548744,-30.59309,0.1389132257588006,1.405410719950804,-53.65352,-1.1238257
351249,-0.1429748122803586,0.12922906161233091,-3.2380685805574587,-1.276934194037525,1747,102,-0.6964082198450889,0.08512410025135052,-16.184423,-17.120518,-0.38338470985636836,3.1865833678985775,-42.5115,9.606439
351763,-0.16458388980385924,-0.07940258266050115,-3.397411071898964,1.4106464043355145,1750,13,0.2465504567066765,-0.13511531064814497,24.38301,17.620052,-0.22250172352773273,2.2380038776108226,49.013657,2.9749582
351861,-0.09500093118931358,-0.1465089112894285,-2.902108183194108,1.5120807198927972,1750,111,0.32596379167656303,-0.20787004241213416,21.022505,-17.242472,-0.6318713388220578,0.8025005314083397,18.00491,13.56258
352162,0.03281697594557759,0.029904591697519925,2.1237282193991356,-2.769460529986184,1752,10,-3.2680207178943195,-10.004810187784402,-42.910126,-36.761288,-2.110142086469579,-1.7401602930457396,-29.238876,-52.32867
352252,0.0003894890386608313,0.11136978247808692,2.655540791796369,-2.1764834206463126,1752,100,-0.5522836355212756,-1.7548823428038185,-16.816833,-55.404438,-0.30421393373014066,-0.9458016774927703,-34.080338,-40.104584
352546,-0.06434457368072818,-0.01886636093207958,-4.144016667357849,2.575276544587306,1753,193,-0.84225741713653,-1.2441268360672688,46.338264,7.2119727,-1.2109387131503808,-1.260989911006007,48.564426,27.22412
354639,0.010415857208029747,-0.12730739969775653,-2.498737327119382,2.0191515206145962,1764,75,0.15576408488923404,-0.7851542806679164,30.376026,-31.220346,0.3592688773647534,-0.5367523322857612,28.256624,41.208454
355768,-0.06069433227563196,-0.18341877515035815,-2.5254811856678834,1.2702413882535848,1769,199,0.8083480647635215,0.03214344931795807,17.495375,-18.798244,0.3210581624498423,1.1312302117495427,0.75791055,37.240425
356493,-0.03922466158165134,-0.03283973874994213,-1.0885691631044034,-2.711989622001522,1773,120,2.5781041988567184,-0.4174083334607911,-21.014204,-46.86883,-2.059394066968587,0.5271219069262417,-52.130646,-21.065361
357381,0.07282419619460936,-0.09648542694916999,0.11869183110484281,-2.0858839105611766,1778,3,0.3696245363045716,-1.0025002883277645,-47.85449,-13.017518,4.453605416429332,-5.569761021184439,-6.472446,-46.596786
357444,0.06148120698530743,0.006697650990172027,1.4186787338385711,-2.6203369003612917,1778,66,-1.1281888258216979,-5.684886521129456,-46.81729,-29.363707,-1.6457813091050677,-0.6527722646424717,-21.280554,-54.759056
358015,-0.023040202359550843,-0.032441624319300255,-0.7841063710518379,-2.808464197854714,1781,34,2.24237984549253,-0.16638403690690534,-22.103434,-46.17721,-1.1246121915345704,0.5400416266198895,-50.27609,-21.98672
359267,-0.031649807262899225,-0.015150826293619218,-1.2710631258977525,-2.848130042951883,1787,80,2.8003130304160484,-0.784009256655749,-0.6312241,-58.022808,-3.4240752586938883,1.0247791888157294,-54.32576,-21.43625
359350,0.03310386804823991,-0.03514233629663234,0.5529937042902633,-2.7365046346579467,1787,163,0.19294107066964994,-0.9870435191381353,-55.95641,-21.840364,1.9335844955489858,-1.8290977122154004,-13.048811,-49.340607
359366,0.003729126927216081,-0.04470455828164917,-0.10479734092140142,-2.7655490281806365,1787,179,1.1796650484713875,-0.5020701659773611,-58.69703,-20.856436,0.8569504691045045,-0.1131137359657496,-13.446895,-44.682007
359520,-0.03134695402277521,0.1372304627612878,0.8513299514030623,1.8880779474441844,1788,132,0.785931123068401,-0.9604348404949625,47.481277,21.799847,1.7676022441272945,-2.4902580411395028,37.179424,11.58521
360489,0.00218668776407957,0.055056448746806125,2.8702473780331035,-2.678294765819755,1793,96,-0.49952134112106783,-2.9561292481432084,-12.050253,-59.593113,-0.7289965476710024,0.13730225187124814,-37.76981,-45.122147
360724,0.2316593808079837,-0.028610651083088225,-0.35759427872072697,0.4694268559483693,1794,130,2.2468211769717166,1.8998659279540235,13.5006895,39.210075,-1.7683073926905153,1.4350481078187323,-3.8506305,14.22197
361242,0.20138733269867387,-0.019197017737119314,-0.6631499481386546,1.1362264989639734,1797,45,1.1858516413241054,0.4566604216549096,32.162308,-3.6726065,-0.4316631063214937,1.5049598340499037,4.447637,25.054766
362235,-0.1933264112939218,0.059243849775952956,-2.8700643014196494,-1.1377743149077921,1802,33,-0.04669047083137066,0.24354957673092872,-13.376658,-17.398119,-1.9247653347886882,2.204036900177376,-46.21488,11.235208
363878,0.2203287710462139,-0.020085842539126007,-0.4888977506592877,0.7959719856347695,1810,68,1.825254280703462,1.4280905353533162,19.389412,33.46638,-0.6208215847776867,1.1018361362749793,-0.50827146,18.284399
364339,-0.22181778564156435,-0.03724506503646309,-2.618893209033985,-0.7126857149281414,1812,127,-0.07381234847832932,0.14993014720738884,-10.2236595,-10.797083,-0.677953254533034,1.3271393880445053,-46.448456,15.909334
366767,-0.20270768951750776,0.023279772971498087,-2.7014418535190843,-1.1089878284331045,1824,143,-0.01194656693103955,0.32275989935887717,-11.655646,-18.160875,-1.9240972442764999,2.4334315229694905,-48.34547,10.817787
366885,-0.21931267740241406,0.028214979281018328,-2.870243568689801,-0.7985962110861803,1825,60,-0.21550114517110708,0.07629280880718861,-11.718113,-12.164571,-0.8057952557617581,1.078058596248126,-45.6129,15.291331
366888,-0.20693353519212399,0.03916007416864643,-2.828503109893742,-1.0002354747810989,1825,63,0.015232259649964532,0.12982731551820897,-12.77278,-16.063444,-1.5262657729285942,1.4409321250118692,-46.53273,12.579027
367188,0.10010108038830798,0.19793728290797385,1.4944281616803021,-0.7836918447754304,1826,162,-4.423926722593882,1.2265090077916943,-29.786402,38.827404,-3.395669680049705,-2.202770135079113,9.369306,-26.429111
367255,-0.03788664095754238,0.07060698498899923,0.8328948713156106,2.4607736968052287,1827,28,0.6299085372579988,-0.5797201315288755,52.967037,15.68425,-1.424036148275462,0.6324287573831647,37.93878,19.40413
367432,0.2336738650662776,-0.020439806836522162,-0.30044961612067483,0.4264003449510599,1828,4,2.131015520252858,1.7990218578723942,13.153561,39.807846,-1.8121869845428846,1.2393269524676065,-4.08148,13.702197
367869,-0.2349849379620048,-0.014643458428044993,-2.884127031151745,-0.3904590353627177,1830,39,-0.922316885925893,0.6185392483889474,-11.609572,-2.9802148,-0.20425265735340853,0.757982060220562,-22.129894,23.875221
368186,-0.11978883327816577,-0.12402609067378541,-1.569599612942776,-1.5384352709570468,1831,155,0.4451933131663422,0.03300957604608201,-8.779835,-33.144585,0.5294590865903102,0.20551595496678848,-52.753933,-3.8281047
369329,0.16299010615744275,-0.10195594870511976,0.08276616457341782,-1.2834996190296366,1837,92,-0.45118339887802816,0.9318996385718198,-41.355133,8.665439,-0.3634776850524178,3.2130925688741736,-1.6022954,-36.97633
369432,0.19921080517812645,-0.08035073954226525,0.07893154088989318,-0.9246369119185534,1837,195,-0.6610681883860994,1.8487218508435361,-20.186634,35.802784,0.24963595689298962,2.024152457573703,-21.931879,-19.011448
370623,0.06934363707976035,-0.22737520350491564,-1.136655447368745,-0.2762532051982531,1843,180,0.430651120865533,2.1492841620434913,-11.669635,11.043203,-4.603503586565785,-2.097592617965569,-21.83038,9.137626
371176,-0.13154626677797232,0.029415263364644492,1.9471772472724866,1.9488458239940505,1846,130,0.047456500606106636,-0.3276505766899026,41.605694,14.398573,0.9726959558222039,-2.194015663433148,49.705956,18.483412
371802,-0.16947732733282228,0.15787207370726847,2.126539560161241,0.5301845596979918,1849,153,-0.3716458637747845,-0.20802316879897306,8.287679,25.415577,0.2145527335215355,0.14061949908930405,19.181097,-6.694111
375636,-0.06328063203641306,-0.22674840192443207,-2.0387755228819127,0.39165017758560106,1868,168,0.21792396273866124,0.5514303984845029,4.302335,1.5633928,-0.8883608591463639,0.45498145427700526,-16.670387,36.929768
376195,0.04174405076900328,-0.05261018984077652,-2.187234299622859,2.5743560268271595,1871,124,0.16914645047661744,-0.777392797910985,45.107403,-30.122395,0.4387457828220362,-0.4344954122419646,29.66054,48.347122
376361,-0.02119463983210146,0.08011698898692707,0.6111847500500655,2.436466352862318,1872,89,0.7055891386875138,-0.5535154816479688,53.34036,16.376757,-1.300569449716068,0.5460503456188245,36.218605,19.048279
376403,0.09338542874141108,0.1524160039831305,0.2905149598551707,1.4611504914506526,1872,131,1.5902876631266072,0.038556370369061094,36.774395,27.845238,2.7021913975605933,-0.891236764702808,30.285568,7.4853706
376897,-0.06511227594384171,-0.20628025163240588,-2.3245771647941758,0.896058349456767,1875,22,0.7546339928246864,0.31727302016654774,7.829651,-13.53016,1.5307893523673284,1.843679676143763,-3.7475572,38.435966
377662,-0.22980865788934302,-0.0462665047119576,-3.15898610445738,0.4321277618492032,1878,184,-0.46819962292088024,0.08282287698308725,-0.88918084,19.530529,0.5809496904049215,0.3011022126464253,10.262619,-0.97502434
378018,-0.16457839948313208,-0.062192107925845154,-2.032323964650031,-1.495937963960423,1880,138,0.28861381795419455,-0.023634699135900276,-6.771496,-29.824497,-0.5976005352855989,2.1645935436488446,-55.854416,0.40620825
378255,-0.041200123753195164,-0.08593590483154578,-0.8554002058915141,-2.3249030529688817,1881,174,1.208322896346945,-0.33750864007883835,-21.296345,-42.34882,0.15829352403855165,0.14107207180257603,-47.90001,-18.843435
378549,0.03492338416134137,0.2335005684644226,1.6029066419691356,-0.36114854017960596,1883,66,-7.038531263356918,2.7553056995667693,-22.787025,45.389328,-4.009538648368783,-3.55827530922348,12.037619,-20.915138
379537,0.06717573260387306,0.21513023084630756,0.9172221459766556,0.701823008645047,1888,49,0.8741348587270767,0.43247840837073365,22.839771,44.830276,3.2256763758424296,0.3742942458635635,36.744072,-8.670434
379644,0.17703469830756594,0.1179247608148529,0.10613918482478925,0.9629572624682985,1888,156,1.8468337375205752,1.000630704428195,22.095037,36.12537,1.4300558131521541,0.2914570852604481,3.900537,13.96464
382691,-0.009014692668343052,0.04350075666857303,0.3905162537065665,2.76923694470508,1903,188,0.22043933870279803,-1.7918465362493827,60.93929,-1.8856989,-2.065428430548113,0.35194553019684943,33.733173,23.291618
383319,0.1830267831819982,-0.08217898808680082,0.15890168225014628,-1.1618470512616657,1907,12,-0.6554676547796648,1.042439645386041,-40.997986,9.585047,-0.6253258277979907,2.7742983930013665,-0.9161984,-36.395905
383698,-0.13467172538825004,-0.028450820607890864,-1.97339038377947,-1.9200061797365908,1908,190,0.8725908562612592,-0.37142475249767476,-9.921521,-39.080303,0.30233618519511646,-1.311087774113358,-58.350513,-7.088258
383850,0.2310705682485929,0.06235640470723083,0.3379593364122599,-0.14875839901482238,1909,141,0.09405125292534736,1.6428124162042643,-9.186106,45.218624,2.39526284297245,-2.696876664266775,24.971842,-19.618624
384193,-0.10671573288583948,0.16985792479399106,2.712894683094601,-1.1623097154063748,1911,82,-0.996438514076944,-0.16931905970820954,-24.583792,-14.821779,1.5670181122607887,2.9751124248493066,-6.674098,-19.352451
384638,-0.08210988200526749,-0.15827093194855701,3.5004554004682427,1.466729400689283,1913,125,0.39356408206470755,-0.1769036108786365,20.337385,-17.48737,-0.732310879299426,0.6773089797883067,17.155033,13.72208
384698,0.01760905811675262,-0.19413503063191487,4.179992383624064,1.245708534802951,1913,185,1.511099497435167,0.30474399981074596,14.427267,-20.24076,2.5751596931081298,2.278873965364812,0.64613885,40.70554
385158,-0.16705604772018173,-0.12755584815010587,3.289954215555758,1.0075121254389434,1916,42,0.27669629993780853,-0.24216782111135268,17.141493,-10.293165,0.1258683126823599,0.046907358166789384,14.156206,7.244087
385358,0.0712086726392609,0.15278514881275249,0.3425585572581552,1.584200313000628,1917,41,1.5403488502856029,-0.27518178289390255,38.33887,27.294516,2.4110958545652905,-1.4750524647111023,31.48382,8.324211
388184,0.05915169891297693,0.14454224163779217,0.32011568662767165,1.7244775266081969,1931,53,1.243587120803877,-0.683315211898067,39.782852,26.58369,1.5837858695717364,-1.4495002358472011,32.04884,9.283455
388281,-0.03170016930171042,0.04425129945875619,0.8504263177331809,2.68399253508424,1931,150,0.1539656655087912,-0.9263584932490837,60.77006,1.8206701,-1.865780263249707,0.788878987531288,38.2924,22.279167
388322,-0.014095037866664537,0.04561432551495834,0.49995989286836073,2.7410674976411937,1931,191,0.2252171601048726,-1.436947444559219,60.900146,-1.1123052,-2.1619862857667647,0.3927420730556993,34.69573,22.836252
388337,0.0009711452704878991,0.23418603818339043,1.3461281335083868,0.44104264104292024,1932,5,-0.354459936262164,0.20739142492608612,-7.4255,53.10899,-0.7973789520096997,0.3481138206414215,34.543007,-22.44118
388988,0.12723574193819845,-0.13489341077777495,-1.5024183640423272,1.3756303276755608,1935,53,2.1837478547692273,0.549842317325433,29.222658,-11.792389,1.5231186645258503,4.112473628308561,0.7301497,50.615456
389504,0.18056488905182708,0.10358352284402912,1.0417533154933785,-1.0418477568372968,1937,167,-2.124258990024359,0.9105310046989291,-31.55007,30.201048,-0.57826989902741,0.02347920726571008,9.690791,-32.630943
389561,0.01608832257351319,0.23484446517270316,1.3061847103135817,0.3924243938009141,1938,23,-0.25074137633066823,0.17194694148642753,-7.8773165,53.115456,-0.9268582955070414,0.012775533123085464,34.220715,-22.821663
389692,-0.13470527734881974,0.12318642795519243,1.6942372744056957,1.4131859999745524,1938,154,0.3936372175314258,-0.1611190398434707,28.666048,23.027596,1.9593102744469995,0.9694391520328043,51.977097,-4.4342465
390215,0.039522871030971504,0.06543566332816883,-0.2191825280169027,2.4932527733491345,1941,74,0.7662926193860704,-0.9695025182631513,58.032528,-7.6767893,-0.40356152366831527,-0.446882145043698,26.981367,26.351696
390217,0.0331314593133336,0.053592276659866746,-0.28806366834581126,2.6103117617849323,1941,76,0.5705362877912339,-1.3322955220407549,58.7887,-7.379075,-0.6565561666415253,0.016153789580772404,27.975384,26.879013
390790,0.07065090628307114,0.03700616284038134,1.7145350444650946,-2.464075813764172,1944,46,-1.4413970451914502,-6.391838406262417,-45.50273,-29.646051,-1.374665402018265,-0.5551792337410473,-23.371899,-52.808685
391660,-0.12609192254881604,-0.13946902383345758,-2.97652912451274,1.341330183848574,1948,112,0.3264279633582938,-0.2961146169014926,20.003168,-15.946972,-0.5626219926835446,1.0839264001343412,16.967285,11.893487
392506,-0.1858381308121404,0.04051884432136729,-2.70039482819815,-1.311742322301653,1952,154,-0.09529419875179193,0.44123555065623743,-12.237066,-22.365751,-2.3154802048063834,3.788394937711558,-48.50344,7.828104
392905,0.13386060143382628,0.19032900506812972,1.2053259630305677,-0.4949494203597311,1954,151,-4.644553461370748,1.9687486594265016,-25.411602,41.624695,-1.2768319839232558,-2.4428356047124513,20.866987,-31.887415
393324,0.008799447116953865,-0.16730279778484658,-2.3163626428317006,1.5962276646647071,1956,168,0.7248563804444235,-0.03786100536588154,20.93726,-23.448713,0.1332647179297069,0.0928878483985136,9.313495,39.268898
393444,-0.15008653884106682,0.09953531659337977,-3.005029396153628,-1.4443048257617417,1957,87,-0.6062144370301034,-0.04701764874142171,-16.572178,-22.527882,-1.4517826422551683,3.9278758628679253,-44.676826,7.0651503
394802,-0.09118396118906513,0.17310557859191728,1.437930250248578,1.235373338242244,1964,38,0.6881345767666368,-0.03271126399012987,32.822693,38.923744,4.223930995572306,-0.21704339170905906,41.596565,-1.6086193
395407,-0.14326662427903175,0.09002130614829029,-2.914231811935452,-1.57672826460601,1967,40,-0.479705054900901,-0.24131251456470568,-17.443596,-24.13491,-1.2727334395782457,3.913958852873418,-45.34724,5.573329
395939,-0.03516566967671089,-0.17979753235203935,-1.0616311001219692,-1.4046236959862017,1969,170,0.2930218282475931,0.30097581412485663,-33.44801,5.3473268,0.8623138586897088,1.6632800866803568,-31.479452,-9.090453
395944,-0.013990791573339295,-0.18867244924843646,-0.9820492248431264,-1.3255309918527867,1969,175,0.2567393190652337,0.45088858168979545,-33.24165,6.0427527,0.8479036724540867,1.9990513484417802,-30.779222,-9.197602
396033,0.13741726473698682,-0.11926272473355588,-1.425127949719457,1.4206810050485945,1970,63,2.3016508901867554,0.631676977204446,29.994602,-11.559767,1.0780020095176885,4.3050976608881655,1.7344184,50.7556
397027,0.07683430270330896,0.1285936284216357,1.9289548994666428,-1.7934711469902096,1975,52,-0.6598883661280254,-1.1972393635870968,-33.319176,-23.032593,1.3493017642333556,1.4913122254763893,-23.884537,-40.126953
398019,-0.19579418275626137,0.08359662231658817,2.258196839514423,0.959729481371139,1980,39,0.00187064433603943,-0.15686483446026517,15.966109,22.794722,0.11419291100647072,-0.5184322512393924,23.037569,-3.2028058
398430,-0.19114323556842136,0.11478618978690167,-4.06148131848628,0.7581672317353171,1982,48,-0.2218080261137451,-0.23643531365356588,11.116993,24.299,0.2347439847070152,-0.2549351066678747,20.984943,-4.608371
398440,-0.23036513437316847,0.05900020596437533,-3.5278054162497843,0.27097232336423976,1982,58,-1.2921462564263202,0.27216240034004874,-1.1753336,21.284256,0.6673454358344744,-0.27418652645980196,11.118579,-4.0315013
399324,-0.037890859278745706,-0.06386961047105646,-0.8500381365786049,-2.5124042743064248,1986,138,1.6871830272913653,-0.24807833582863517,-21.719501,-44.130688,-0.081912258114424,0.36060176578742437,-49.21889,-20.068792
399878,0.13265133262240056,0.1532362353400456,1.4224711333244537,-1.1303870562067222,1989,89,-1.216829013903347,0.45614067228085153,-30.194561,26.955448,-0.9369904823381776,0.33855522526167353,6.6297207,-30.213125
400124,0.007390104126619779,0.03583371169237498,-0.05033584038698831,2.835500620257154,1990,134,0.236048444834195,-1.9894416278220595,60.781963,-4.4136662,-1.193510211141553,0.4362903450006101,30.196676,25.711794
400216,-0.006628909104345659,0.2074066329011568,1.076374612060098,1.0527435395869371,1991,25,1.2699158753024986,-0.0937466121834821,28.334124,41.475624,6.132061961946856,-0.19458339728602447,38.13241,-3.8587148
400454,-0.1099213796524932,0.05935788587600843,-2.61338915319113,-2.0466783294884032,1992,62,0.24393535545087222,-0.19351452998080315,-5.499923,-39.16947,0.12891826365738587,-1.3034518864679847,-62.020702,-5.8359585
400735,0.22917705369777605,-0.04953392926189888,-0.42796719428798086,0.4302066439273815,1993,142,2.199678940333013,1.9498791704562426,12.963688,39.136177,-1.7300947213887945,1.408830401672824,-4.206178,14.8159485
400970,0.07726034417283324,-0.21378455859461812,-1.550559809823728,0.6531042285916209,1994,176,0.8600975267764012,1.0809551578807832,15.454341,2.5079124,-0.7227516820348028,2.410633486938524,-12.103002,43.615627
401049,0.11852014770770475,-0.2013656460132494,-1.2692510563847608,0.4608723260898684,1995,54,1.3557869034637984,1.3803297452824879,7.4544177,7.7166877,-0.20195135491613575,1.7506553227965922,-16.884857,42.239754
401369,0.18329481892959382,0.11772375163720582,1.0039871570208987,-0.866138294170232,1996,173,-3.203855587998365,1.188919463197297,-28.837027,36.522568,-0.6464002189568936,-0.5893806907956348,16.879427,-33.103504
403782,0.1419180419493435,-0.10119905492645982,0.1384681189250004,-1.5158388275404389,2008,174,-0.19846631462743725,0.5414328665158425,-44.687386,8.102301,1.173061733193462,1.9704239786675812,-1.7758652,-40.035683
404698,-0.05950875717074875,0.13962094015335078,-3.4233279241508368,-1.7723208416153509,2013,85,-0.270579528312549,-0.385923327790893,-21.238956,-25.367302,1.07415321909238,1.9825784273558638,-40.791424,1.8017131
404909,0.1757495849700093,0.14569871804629458,1.0058594511013303,-0.6273524220455129,2014,95,-3.7773795095805887,1.586190868478834,-26.020416,39.493893,-0.2616621232313324,-1.687566878954408,19.438345,-31.427258
405030,0.07399592586130754,-0.15924833048791842,-1.8858517181437082,1.5000627821574595,2015,15,1.5568357159699895,0.22234316067774956,18.411402,-24.025078,2.284882216338062,2.1291734632434394,7.530865,41.604897
405310,-0.01103539299397302,-0.13776793998711123,-0.69360065018615,-1.9142526620714437,2016,94,0.7434670579273959,0.12664385234523148,-41.523754,-3.988154,-0.3009691956709451,-0.12675588588188896,-37.360397,-16.699951
405913,-0.06951773478752314,0.22133644665032517,-4.149090941005515,-0.5179456219961238,2019,94,-7.666066178285669,2.125913309289234,-16.162733,24.917545,-5.8641751891909015,-4.253389391250352,5.38717,-15.881642
407546,0.05386206234162619,-0.19407041391981203,-1.8750712132226564,1.1499996568253905,2027,119,1.7003640208202067,0.43295348785049825,11.536054,-16.516571,2.650869908526774,3.183945074300726,-1.8029212,42.721455
412088,-0.13777591341934517,-0.15652553606841169,-2.8104894351938627,1.035835726798616,2050,38,0.374483455822121,-0.182034773395347,17.060062,-11.146168,0.2996133908904087,0.4356307782663532,13.472334,8.087311
412749,-0.17308934675233367,-0.13224747841803575,-2.922383763711602,0.8664370074601634,2053,96,0.2179140184975237,-0.12374659176519505,15.247404,-8.794442,0.32366447761126566,0.04198509810653633,12.661015,5.8945904
413789,-0.14487887311746206,-0.00619033156953705,2.262275509026404,1.8440376116355115,2058,131,0.032849036241807086,-0.28549899311168364,35.58506,13.285514,0.6249538055927372,-0.22858794793916926,55.764187,6.907058
413904,0.16800698900386302,-0.14007616403434,-1.1190563800318272,0.848142138884166,2059,45,1.198913798396453,1.0522813360656962,17.473234,4.2580633,-0.766726231786591,2.311618181603672,-0.30705312,25.616058
415374,-0.08707423261890501,-0.00826514356971901,-1.849190674465407,-2.395529729521767,2066,108,1.730659303965633,-1.3504629304272966,-1.4104704,-48.19567,-0.6863027625273918,-1.0177184269368653,-60.14742,-13.918573
415827,-0.08258317546962685,-0.16192049384170903,-2.753979773204997,1.4230992578950388,2068,159,0.4536944770589156,-0.14919626823596063,19.940012,-17.373844,-0.6894630597434831,0.7297414650745011,16.67598,13.488286
416528,0.10427767068259113,0.19514283106293617,0.6822037425993858,0.7956634333356659,2072,56,1.576860270911628,0.6304658626794829,24.45363,42.35006,4.472940489659484,0.09197627977690481,34.37615,-5.3144712
417051,0.05758973301450721,-0.22968573289457783,-1.1615319138651758,-0.3271924633792764,2074,177,0.4149437106900722,2.440472324350151,-12.353872,10.892748,-4.910525621984331,-2.125677504167205,-22.36581,8.603997
420757,0.0659495528468789,0.14969861833470444,1.9766912979862572,-1.6417231456583117,2093,64,-0.7981368467272274,-0.9454247772621436,-31.903028,-20.642164,2.1185270574016544,2.2341042178949144,-22.719694,-38.638264
420899,-0.019388113262096898,0.16848777460194742,0.8993410996330932,1.5720453157939154,2094,5,1.4080175153333674,-0.14498803482748465,40.71848,31.020424,5.02330767164056,-3.3789617126926794,37.243843,6.217833
421389,0.14275979917689421,0.14423196751076667,0.22736101169048165,1.1263335205232554,2096,93,1.5769586818043797,0.5834247865277871,31.673923,31.338932,2.9887696423884287,-0.11235614446959151,28.497828,4.5750823
422890,-0.008455630863575411,0.06813792694132782,-3.3082673741665856,-2.5613139905641265,2103,187,-0.11061432326464399,-2.127878864515788,-13.734101,-58.472717,-0.5121125943494221,-0.1862811318398978,-38.020226,-43.733616
423253,-0.029161216778129093,0.19132386678936608,1.0892750959134494,1.265550415330232,2105,148,1.236634089147868,0.07748884618655978,34.918438,36.937668,6.6375347601624695,-1.6845631499993048,38.843647,0.04300186
423359,0.10660235051558935,0.12052960067353424,1.6826194983640397,-1.6719602590282816,2106,53,-0.6154241227097775,-1.1157431623423013,-32.685226,-19.823666,0.8661769183767842,1.4979835743689092,-21.737144,-40.0701
424586,-0.17197063247359617,-0.08577937638763397,-3.321174450314349,1.2845418471135246,2112,74,0.3118237802741318,-0.05639927404505657,22.050732,17.92593,-0.26680415790544615,1.630081999066352,18.635756,10.952178
426288,-0.01895295535028746,0.09546178641931041,0.6135398562904354,2.3064950228712844,2120,168,0.7372271540644033,-0.5467486430254421,52.385456,17.644499,-0.822313421516444,0.29525867275838696,36.50093,17.588432
428083,0.04194263080535528,0.06102824496277543,-0.2884620803640059,2.5142601056153087,2129,154,0.7140487890961262,-1.0404341594724722,58.055084,-7.907862,-0.4976684704209358,-0.45221412934429134,26.99267,26.780073
429259,0.021943936276677595,-0.1806973828467222,-2.159832161849058,1.4197686562763954,2135,124,1.2116920681691556,0.12278730121248323,18.368956,-22.623524,1.7256427936738021,1.2988693076821778,6.5308514,40.07185
432651,0.231433523575651,-0.01775386995697565,-0.33363070119722277,0.5141360815821792,2152,99,2.3020091848163546,1.962387929813016,13.9951515,38.902954,-1.6707942383057688,1.564469188860645,-3.281656,14.34867
432896,0.08435190875458022,-0.22132948350541673,-1.3686505091940835,0.32394967192970003,2153,143,1.0773157714847423,1.0665011938449882,5.998182,7.365448,-0.11447762697885053,0.7131358335260796,-18.475346,41.476322
433060,-0.08928015677587238,-0.10838306027769634,4.969147761159335,-1.8916249182891924,2154,106,0.8798895972630234,-0.07673714817104994,-14.0124235,-37.51352,0.2997503548829333,-1.312114042860667,-50.540115,-9.923806
433680,-0.23319884827345047,0.025879390928679698,-3.464045632092429,0.42385916096873,2157,123,-0.8016528118216194,0.005270168023595839,0.8903227,20.93144,0.7023959851687558,0.5251639137413691,12.53013,-2.7992043
434123,0.1858197254673652,-0.13982217204495884,-0.8948995009032416,0.49964990401788856,2159,164,1.895057929348852,1.8927495650993718,9.339177,10.511002,-0.5668935522473337,1.913413612998396,-4.024303,21.612875
434722,0.14331063964300544,-0.1403014530737442,-1.3562746846987905,1.1629726854364835,2162,160,1.6792019438761767,0.6011869628848396,13.864543,-15.403867,0.09393767611597637,3.555159597248568,-2.6918128,47.57406
434820,0.036996685025508146,-0.22765400291016658,-1.1295009125182978,-0.5603821159571877,2163,57,0.8847918330215737,3.480970033541949,-18.156366,10.499261,-6.023173079637873,-2.2166036121621033,-23.330473,4.807865
435858,0.04942031011722645,0.21861319960063147,0.9827701323088905,0.731400805220481,2168,90,0.8774234576494631,0.29602269795149877,23.18756,44.775757,3.292075398792903,0.5084241267120092,37.195354,-8.471592
438264,0.06516307120596254,0.13320593993770083,-4.262594703280592,-1.8095137923049787,2180,84,-0.6179503087562914,-1.2637214014996858,-33.15555,-23.334476,1.612687257795295,1.6336602858743576,-24.24457,-39.818165
438343,0.11497339723637319,0.09653189650598097,-4.689757422009213,-1.7900028874726313,2180,163,-0.5063965742875095,-1.1766956248439115,-33.40504,-20.43053,0.4717225947685829,0.914910357837847,-21.96244,-41.183846
438828,0.2249470660617135,-0.08364930259983572,-0.36130648802594423,0.010579263717855752,2183,45,0.7401092465376558,1.6062582308281526,3.7450368,41.710953,-1.9274061415770314,-2.028147987306257,-10.827743,6.155491
442305,0.2165160725656895,0.051843841156514484,0.6177418125804685,-0.765442030115332,2200,105,-2.146960373655411,1.447240031561401,-25.010773,37.42368,0.5236026174623843,-0.14082892117312829,17.483551,-29.625334
443138,-0.17244555717923057,0.10439060008414082,-3.112279985447362,-1.1473192062715518,2204,134,-0.37093255718542334,0.22611207113793963,-15.016403,-16.276175,-1.279301638627738,2.196719323925737,-43.570343,10.839693
446520,-0.0992978330956321,-0.020980711969471502,-1.7991845247032763,-2.268360079955832,2221,99,1.3855328178583315,-1.1044926626109004,-0.9585661,-46.193176,-0.07500539535398636,-1.48262436609685,-58.952175,-12.426775
446614,-0.18370380481883247,0.004219410388914713,-2.4657877908817354,-1.3975387538145594,2221,193,-0.016011516203726914,0.24549032796346792,-9.6634865,-24.422884,-1.9521999434096418,4.258625684652172,-52.04101,5.630018
446908,-0.12251775154261263,0.04721099190517013,-2.5174731338382967,-1.9838488964514511,2223,85,0.351106750629646,-0.28023348247178315,-5.7172937,-38.679703,-0.10145546136660394,-0.8400231991844377,-61.58233,-5.4217496
447033,0.09170072249001823,-0.21512884961025303,-0.9411319639743696,-0.45345473074936893,2224,9,0.8497062673254395,3.6160189552902753,-16.756388,12.018832,-6.108648588105083,-2.353058861549883,-20.432705,4.101768
447398,-0.16818227416132558,0.16508406001917295,2.555842274394636,-0.3807030820084237,2225,173,-4.085824647524973,1.1408751943917415,-10.439336,22.767448,-2.1395649703237645,-2.4768585413401563,5.850882,-10.272442
447553,0.23371610855155572,0.05422820669724229,0.2029605749962358,0.05006227977247193,2226,127,0.15575960444944323,1.1941413659656623,-6.0817413,46.626537,1.3946342085450452,-2.462488959614814,26.144451,-17.099865
450460,-0.13834435695521707,-0.07157958263376903,2.7545658086793248,1.7289971413421648,2241,19,-0.013341786495872261,-0.6489764532873212,33.5786,11.93385,0.1641476421617004,1.3084792264470062,51.415386,7.0273004
450724,0.08101477844934596,0.21678948526018824,1.481162478252085,-0.5359976522682927,2242,82,-6.585339025111385,2.3648764582489132,-24.988869,43.66691,-3.595811064396597,-3.1475241311740394,11.357146,-23.106524
451458,0.05006781155427417,-0.21817580010263232,-0.9762382474629075,-0.7379600241969159,2246,12,0.9342146042081599,3.6212976010180267,-22.706814,10.505438,-5.08287978317824,-1.4590655879779195,-23.81121,0.50741327
452340,-0.1528027365895293,0.08936813343530942,3.3537050602940113,-1.4826495989792925,2250,90,-0.5273641541758572,-0.02382372279570084,-16.350351,-22.985092,-1.5979983606739812,4.093906791890691,-45.397488,6.565413
452353,-0.20680261112927356,0.09056066198299126,3.075019383399061,-0.6923603148586329,2250,103,-0.7832318346850159,0.17840892260921548,-15.843391,-3.271392,-0.25690327193149837,1.0766227163666717,-19.57848,21.339085
453206,-0.22517429013299275,-0.027371403586722763,2.9297590431436364,0.6655933583787046,2254,152,-0.20407019728014206,-0.15265582177744227,4.5553465,20.61476,0.5381090837595806,0.21419659214866005,14.297393,-0.55527484
453377,-0.006424433303060001,-0.12962221275356584,-0.6208572270290733,-1.9989226524648926,2255,122,0.7235026768103071,-0.030117920531961755,-41.99068,-5.2336464,-0.15324420309613085,-0.48045769952843115,-38.31495,-17.52617
453555,-0.2326461018820281,-0.028808299658675863,-2.8023900165046296,-0.4320018777114428,2256,99,-0.7497566171160296,0.576324290957724,-11.559423,-3.8083704,-0.3260012422777762,0.9336778717016339,-22.924067,23.3792
454067,-0.23904346323630735,-0.010639737063176617,-3.0196404106454353,-0.15494393365445341,2259,8,-1.2875440328225303,0.5088844672990782,-6.534457,-0.8797763,0.14315882816612435,-0.763532140395152,-19.78054,26.411467
454627,0.018716838415428982,0.10865756460190289,2.493683283834095,-2.186936440393443,2261,166,-0.5508292792225621,-1.658383687533187,-17.74874,-54.87745,-0.2812656318724335,-0.6289714638956599,-31.698149,-40.983284
454777,0.05211562598914562,0.009784314555991588,1.53359798717818,-2.6960316910664432,2262,115,-1.6684962393692486,-6.839029584518185,-46.654305,-30.69759,-2.2873242794367354,-0.613632092734071,-22.738262,-54.964756
455298,0.1731137570324454,-0.07983677321308151,-1.0850238585142291,1.3058216442199526,2265,33,1.7979038863559036,0.5371951254484846,32.222878,-7.7077312,-0.6540572630261035,3.898210599489839,4.0367613,48.437885
455926,0.14455905234423624,-0.1844755654658276,-0.6890633522654421,-0.43411780912577924,2268,58,0.7082667703106884,3.7458440581178296,-17.760334,14.006514,-4.830534899127606,-1.9565817840136681,-17.314764,2.6065464
456199,0.23951200627009683,0.015292400383825632,-6.220990182898836,0.003132968612143093,2269,130,0.2981831577935716,1.2935064027906076,-5.9994173,46.046944,0.9050921622371677,-2.5240587155421257,25.387156,-16.918146
457431,-0.11231425544767201,0.20622211224027054,-4.005607920364256,-0.4161437641445944,2275,156,-6.973900514592125,1.9125076675227917,-13.454576,24.647512,-4.790360988944528,-4.03695884103085,6.1261373,-14.36747
457438,-0.09841464168324807,0.21665010994608414,-4.155373408584413,-0.2612557659625324,2275,163,-7.875186224774262,2.061567360051255,-9.994445,26.200417,-4.535759484688991,-4.544180449276878,9.182304,-14.085081
459579,-0.18709769985578065,0.14993379368065496,2.421456475763845,0.08912534747530122,2286,93,-2.9754491855196976,0.6514595028423332,-3.4265027,24.364344,-0.5037938450778149,-2.3800149001159014,11.036327,-8.288497
459728,0.019800050040652967,0.1987894613338854,0.8841269829611614,1.1747873198110799,2287,41,1.4003966503648,0.11296687639614611,34.0766,36.538486,7.064569364956256,-1.5036831202600673,37.327225,0.25830635
460108,-0.0863165447323804,0.17771372227110407,1.4191638230456873,1.207558627627198,2289,19,0.7304170718814373,-0.06185168016186089,32.774673,38.953552,4.295229508718043,-0.20229489834058662,41.483353,-1.7299428
460812,-0.049351712587858955,0.014451494024120493,1.5018749495544086,2.7097098743562325,2292,120,-0.060894767144226765,-0.7864084481312378,61.8743,3.7618537,-0.6736135903399718,0.6656464259541621,42.09734,23.381306
461326,0.16153370868657696,0.015543101910204818,0.9241771912448444,-1.6565009639914023,2295,31,-0.24527664647029004,-0.6734979032794098,-53.948597,1.3174356,2.046683852851381,-1.5232079386821984,7.7713847,-48.131702
462145,-0.020668694788830776,-0.2387070901412146,-1.7148934228344657,0.11545299808728908,2299,46,0.48860580726171465,0.48210377866184667,3.541562,5.5874157,-0.26807356825419326,-0.1555483163270313,-19.890356,39.097084
462534,0.020904130978652596,-0.17588417466267642,-2.1931814503589604,1.4813637696478645,2301,33,1.1105301185660532,0.07917066922528702,19.28282,-22.823277,1.253702212643556,0.846818672911454,7.6426015,39.84142
462926,-0.23007158823593654,-0.054145826988594034,-2.73600151974465,-0.34890756353840957,2303,23,-0.7954203767762706,0.6145306660545352,-10.97581,-3.341054,-0.2435305034037512,0.6638823081271057,-23.202526,24.154613
463746,-0.18986857892446676,-0.07900373115052181,-2.205662738209872,-1.0832487146589695,2307,39,0.1305206162720146,0.495714757220869,-8.258962,-22.026535,-1.146341631336273,3.0141792337135285,-53.07512,8.609342
463890,-0.04721357605486337,-0.06428741213070338,-0.9722369640288179,-2.4640211740566764,2307,183,1.7080865389254243,-0.3639306605488425,-21.384895,-44.029575,-0.2551377776709964,0.26713477473997904,-49.612957,-19.334198
464583,0.23653416714905057,-0.016364482370112787,-0.22469906927586666,0.3112494064616952,2311,72,1.5836418701861994,1.4388048138830285,7.9569187,41.9101,-1.774264368329242,0.2852903697879028,-7.5426574,8.542067
464621,0.23100100025427794,-0.030509876626506303,-0.37330698137209983,0.48398044209934377,2311,110,2.2852475451338043,1.945960781465342,13.583127,38.929817,-1.7357006101563242,1.4708597790658984,-3.6850135,14.560507
464622,0.2333428941003519,-0.04210832149627157,-0.33383049280759275,0.31059017230337593,2311,111,1.7705859538277493,1.485885175166142,8.161955,41.520782,-1.982428703498958,0.3706634446367257,-8.167242,9.104688
464713,-0.12944131023505862,-0.007844762734492819,2.2021543701424657,1.9999380639300495,2312,1,-0.13343513653125014,-0.4969645374202659,39.763584,14.027361,0.613463361272505,-2.283243303091695,55.81687,8.820232
465110,-0.1618548010625438,0.1111046751288143,1.9271442349331678,1.2257534840161197,2313,197,0.3525919462535611,-0.11863663498518077,24.296116,22.396852,0.46821917411791997,1.3482897050387006,49.16011,-4.2468286
466419,-0.023563825885804388,0.22542149204281758,2.0100610809771267,-0.6702214477141966,2320,99,-5.781180916873738,1.5734305935558108,-18.822224,24.632662,-5.883777019372529,-3.7324668249162967,4.331344,-18.004284
466422,-0.05910827851035902,0.22691379127146977,2.0403944406357972,-0.42954635884955805,2320,102,-9.099341873739828,2.591776259726859,-13.559439,25.907776,-5.9703421024368195,-4.737885327329335,7.3129644,-16.208729
467694,0.05692997514750001,0.19663573167155013,1.8381424550421532,-1.09832144193288,2326,168,-0.8457019296419456,-0.23593624909563946,-27.17427,24.585619,-0.9714208970073286,0.5518817533170765,0.480195,-24.11816
469398,-0.12302807806552421,-0.10871706520114084,-3.235315409532604,1.6348920012636303,2335,63,0.18497539991862946,-0.4214084776296122,28.711708,14.101624,-0.002430599744362524,1.3054384988416847,21.210434,14.311336
471222,-0.07117009103888912,-0.02133340705293567,-1.5943157746645298,-2.512094474237698,2344,78,2.142966814204561,-1.4092976598351508,-1.6796242,-52.882107,-1.6107056423070216,0.1282982786090719,-57.718067,-18.4963
474543,-0.18339312845316502,-0.001506045235486142,-2.432328342868308,-1.4021047630982475,2360,183,-0.013931232641266916,0.2235526611143245,-9.32123,-24.649273,-1.9078554243320596,4.2046544358732145,-52.380066,5.469006
474797,-0.03223642423587663,-0.021767207744888134,-1.1396743116451835,-2.816012547527275,2362,35,2.705658460174006,-0.47645651976850534,-0.6200064,-59.02171,-2.8575418841664666,0.7837357690030123,-53.090115,-21.465511
474997,0.067128379691647,-0.22610253174291506,-1.4682669352015973,0.37215000603135173,2363,34,0.995809338228726,0.937819258149787,6.2187953,6.8057747,-0.33381594528721104,0.9884833424530262,-17.885382,41.13926
475786,-0.039798705451557566,0.19017299451943026,1.1496900604048723,1.2548105022953913,2367,19,1.1464776044665361,0.09781030927916554,34.67149,37.412094,6.398739085032127,-1.5479219836450884,39.277103,-0.151071
476337,0.08162251347567281,-0.023857575812978052,7.20742065838859,-2.417210621367115,2369,168,0.016285890610034593,-2.4415084427567946,-46.89566,-21.984943,2.13989705435422,-4.030610558076772,-13.147035,-54.250126
477461,0.05696716800395196,0.18666945589375145,-4.387425120694305,-1.2423262500164771,2375,86,-0.682422708379652,-0.19129291874192406,-29.328344,-11.117276,0.7231972434265382,1.874858524904287,-0.3869722,-25.087587
477524,-0.18992016839940618,0.14656164604306227,-3.8283096014082263,0.05894207751650796,2375,149,-3.1491957993196515,0.7017009960686719,-3.8788884,24.138168,-0.5544635841370935,-2.5309466512538994,10.483141,-8.180214
478603,0.05593905692857812,0.23318219074866386,1.2943266995129772,0.08204935876955324,2381,22,-0.2112870113594057,0.5015362129488,-12.002396,51.48353,-1.3219370618488855,-1.4413924086487864,31.215832,-25.222172
478646,0.10870987414156541,-0.1059876648672417,0.11315872368553012,-1.771756581687814,2381,65,0.04950088290338851,-0.015003754676440596,-49.0233,8.081821,3.316552075640535,-1.5247707994777864,-3.5016775,-43.893353
479480,0.13432174015226273,0.17151815799405137,0.47346768055307376,0.865913301148288,2385,95,1.9111376360642747,0.9550127435971613,24.656927,40.183525,4.1087341444752745,0.0108188267779626,32.822525,-3.4576828
479732,0.20191534128045602,0.1106352100632388,0.7874331120703654,-0.5723630858615009,2386,146,-2.5034009285427743,1.8354347091564955,-24.548063,39.487614,0.8402356327614567,-1.4560077806418865,19.866846,-29.10545
480004,0.11648592041672305,0.16992225863461513,1.508506299877894,-1.0773096488647602,2388,16,-1.4156569392806275,0.40799203534666306,-29.306692,26.797182,-1.4709661431240795,-0.0194250416662322,6.261109,-29.030779
480439,0.011025576343064447,-0.21657177808366368,-1.0771202947955418,-0.8856207496050765,2390,49,0.8410861800019644,2.6622273413355755,-24.54948,9.091261,-3.543057776221329,-0.42895298947699584,-25.894733,-0.8893139
480762,0.1960963039702162,0.0324309507735118,0.7588670096983047,-1.1899355687520183,2391,171,-1.3563619989800855,0.49203292060817,-33.60881,29.276752,0.03960689808803127,0.7046239146525627,10.304425,-35.543564
481070,0.149513934939155,-0.07353317925787106,0.34635269638013516,-1.6068616032470482,2393,77,-0.2337846538775253,0.19224562588949257,-47.338287,7.72048,2.2690111634035333,-0.09321964927901132,-1.3817703,-42.447437
482460,-0.09723042153887806,0.2004852144333492,2.4030372548638934,-0.7613699679855395,2400,60,-2.1099012728418116,0.56312818204642,-22.810398,22.974312,-2.8584663549647327,-1.2937441568913002,0.014840138,-15.275597
485104,0.14389195677653704,-0.1362400131734972,-0.15865459770939067,-1.1988697214105184,2413,91,-0.24267251131717452,1.0135112739346401,-37.00036,8.055645,-0.2393952900390821,3.6249214427514316,-26.19574,-16.903126
485541,-0.14148721806425035,-0.1099722413672388,-1.7531112246791298,-1.4555229151305373,2415,126,0.32158898174116546,0.06642595956463211,-7.4671707,-31.299265,0.10862892958236293,1.173117239723718,-54.05845,-1.7674478
485806,0.19607854038672834,0.05777521617260614,0.838078341355114,-1.1030676763114293,2416,190,-1.7568245577451094,0.8150673489835736,-32.29749,30.377157,-0.20666173882724645,0.40681662912904537,10.700004,-34.349167
485838,0.1591332386201818,0.0851604685404201,1.2110308597862818,-1.4393173950957887,2417,21,-0.5915936089082235,-0.3672264356873902,-50.469597,1.0041577,0.5430072851090338,0.632035191128268,8.067485,-44.66971
486331,0.052256906211768685,-0.06660934291613135,0.30471985879076124,-2.42056147852344,2419,112,0.7212588251391399,-1.3733781103459743,-45.497314,-15.340455,4.027121669305544,-5.435377261330188,-9.81098,-47.648582
486792,-0.023536482953555107,-0.04030715770638408,2.8088045102532058,2.750132710999412,2421,171,0.13005807058913194,-1.5972943865649574,48.836315,2.5128577,-1.910719254820513,1.2788723099731467,47.524483,35.791035
488424,-0.09010853998475815,0.11789175019522402,-3.1555204875212604,-1.8085145508736042,2429,195,-0.21384165684813547,-0.33579719345888837,-20.08851,-26.212093,0.31260560699929224,1.4943068785199891,-42.867455,2.0397036
488545,-0.07198561592513969,-0.16917949802931975,-1.2750025978581587,-1.3961730019295773,2430,115,0.37766123908471144,0.33404899960583906,-32.15352,5.20667,0.5889653750340451,1.1400339316030237,-31.472023,-7.6159196
489175,0.02323003868564251,0.029170049274884813,-3.9701199336848383,-2.8295805431565886,2433,142,-2.696049556540377,-8.604338896467265,-41.771793,-37.144844,-1.9367605439025852,-1.4635450164442565,-30.704138,-51.29664
489541,0.09430318104082203,-0.12939323699008387,4.501745410510938,1.6808901304227848,2435,106,1.228297909696331,0.021153894154456884,20.829641,-25.307272,1.505158607828879,2.050699021339803,9.581865,42.231297
490067,0.10449672419441476,0.21561771155833884,1.1768928436251196,-0.11475975389063886,2438,29,-1.1934697764553877,1.3330324430778038,-16.112757,48.54101,-0.7959056806020418,-2.0887460931793633,28.148907,-25.905401
490104,0.15757057508816938,0.14343974732526668,0.26031439603690987,0.9563470913420145,2438,66,1.906914847732244,0.9017393145963291,23.090744,36.936604,2.819741978668635,0.1336170299722674,4.738022,13.125361
492657,-0.14298486203226218,-0.08871938746755885,-1.7924447707679725,-1.587609602159632,2451,6,0.4823569181800205,0.002439470790953753,-8.275688,-33.592297,0.2312772669773313,0.39780451738636735,-54.38462,-3.3603344
493409,-0.23488613205765124,-0.04792315449819213,-2.988195007947284,0.09573436822735225,2454,155,-1.014302530028571,0.29176025736896966,1.2053566,-1.7637951,0.3567602189868106,-0.7970682455367036,-15.863701,29.700415
494707,-0.1840953552919753,0.13984033287062758,2.2200992822466485,0.5437427006590372,2461,46,-0.4112096597171513,-0.12253960011619826,8.02576,25.006859,0.3873558193648721,0.1922213673753736,18.75339,-6.1824384
494811,-0.156172555617623,0.01875951239910198,2.1659564983918638,1.7121770478550409,2461,150,0.00441465201566911,-0.41107325142660106,35.35869,14.54426,0.5474497938875121,1.195506720366298,56.23616,5.4499073
495370,-0.06826764126172753,0.13846493631707443,1.1567900457441673,1.744127898342703,2464,106,0.885220539432221,-0.3337794853488186,42.39265,29.965296,3.115227761534664,-2.9956023962302423,38.65918,7.7934303
495529,-0.04021826901101552,-0.1617534011787,-2.617575173794839,1.6061623113543886,2465,64,0.39939138112047745,-0.22579266482436758,21.170479,-18.562023,-0.56642439621772,0.0011325947617382287,17.133137,15.405294
495686,-0.08995321385709396,-0.2063656490151874,-2.33585561545783,0.7079979801666973,2466,20,0.4107937165138674,0.35274055354153383,8.181754,-9.857475,0.6584338164944995,1.250807520782142,-7.514712,37.16972
496113,-0.20101968192344918,0.0026334081290381867,3.706315857124331,-1.1556454088173091,2468,45,-0.02107828693899072,0.3115460663394212,-10.590224,-20.718674,-1.9212891813078097,2.9814301800174583,-49.8771,9.733317
496671,0.0541166288648291,0.01961665368415004,1.6763489189162275,-2.6571842541860327,2471,0,-2.1305968032795644,-8.136501483747004,-45.930218,-31.508873,-2.2452951293767796,-0.8828162038904834,-24.008104,-54.181572
496731,0.10680523147623477,-0.026616273167651847,0.8501118196953636,-2.188682019579056,2471,60,0.041938296572752456,-1.8015948137510769,-48.97827,-18.432238,3.5310406665886163,-5.919897473881881,-10.767509,-54.424835
496755,0.08787101452407749,-0.062182981093824134,0.4898240388155733,-2.21134764171975,2471,84,0.4469471328788141,-1.8249085457167595,-48.1027,-16.160526,5.293924664328841,-7.565955226078987,-8.105368,-50.48714
498181,0.037763762234843075,0.20819329951858173,0.899861992860439,0.9829946002953499,2478,103,1.3788112720707562,0.10777259638742927,27.194565,41.655384,6.23332124427602,-0.1968878087846398,36.72912,-4.5139165
499111,-0.054984590026154134,0.008272689169519648,4.3292490388469975,-2.6739819656732124,2483,28,2.1358811746800526,-1.2792516193075802,-3.719414,-54.060497,-1.4921852502637905,0.5796664625196292,-61.045734,-17.999758
499694,0.009408800030557683,-0.22245350990124793,-1.911069116080069,0.7650863487421684,2486,8,0.7854957659783931,0.5275311652833168,10.127755,-11.391498,0.5419122277814608,2.3694534350479075,-7.745175,42.487556
502265,-0.12451425098643806,-0.025208031160070546,2.3283636523017615,2.025960300988576,2498,167,-0.07543899192580605,-0.6059844860707687,39.649826,13.882443,0.4310145070439455,-2.180576162138399,55.514866,8.893446
503251,-0.08280557893146721,0.009370497160462732,-2.0380903445282783,-2.4323711449298138,2503,148,1.5752860119005414,-1.1665923378690253,-1.913052,-48.559196,-0.5167516812692066,-1.2961285861308147,-61.17969,-13.6827965
504909,-0.020292734830154355,0.1689350333467033,0.9075656654223988,1.5655587827538995,2511,198,1.4099567108248587,-0.11590886317470102,40.628136,31.190994,5.139711033776513,-3.378535734751126,37.32952,6.010506
505012,0.010913889229779122,-0.2220691854042507,-1.135643388897223,-0.7720922049580013,2512,100,0.9157975023547104,3.123395139724815,-22.77396,9.610705,-4.864612550116469,-1.298998564751148,-24.96031,1.067743
505441,0.08793801792619634,0.08031006839186097,1.791654426833368,-2.103125499015521,2514,127,-0.4359723747291358,-1.2239784470592747,-36.392555,-25.347559,0.044134060890494084,0.38712142339587174,-24.95678,-44.083405
505690,-0.12802560223068127,0.03786712234549576,1.873125813591828,1.9617763452719863,2515,175,0.09745954278580227,-0.45033445821348633,42.252563,14.446945,1.0675574185497767,-2.468607347955465,49.36368,18.665869
506787,-0.20133661212666618,-0.05928091472312176,-2.348876481936108,-1.012741961981826,2521,66,0.08641318451782287,0.40935648141639674,-9.596092,-18.286255,-1.2642813341950903,2.658125092814429,-51.514004,10.350916
508224,-0.0016130072536736928,0.07820137145899586,2.8302436767090957,-2.4776478896233254,2528,96,-0.2795913055936288,-2.208374790004398,-14.449755,-58.55679,-0.5347942870319767,-0.6436340891477982,-36.974987,-43.10284
510559,-0.1963366203762728,0.1131530111323092,-3.3287939774170545,-0.6712510284701598,2540,19,-0.9793844698503832,0.31012457790829107,-15.947139,-2.517697,-0.2634235551197608,0.853758752971138,-3.1158159,-11.976301
511015,-0.06531974773607126,-0.044326136523146084,-3.7810137960614223,2.4712829580237234,2542,73,-0.4194624355804118,-1.2016750650729129,46.68843,4.841946,-1.3254999187659684,-0.72765727421818,47.296776,31.499905
511030,-0.039285271397370286,-0.04475380158689581,-3.611265714982644,2.6401017918581737,2542,88,-0.27714608419794584,-1.5791401905923936,47.96506,3.305581,-1.8287826437068446,0.8689120020700157,47.325077,34.621033
511096,0.029198670608474808,-0.07775925329975278,-2.4289869909544763,2.434800837394218,2542,154,0.10732450862358545,-0.9027438483082844,39.61529,-31.806805,0.8872420090872035,-0.34700680878500223,31.377022,44.55809
512714,0.027204544984347517,-0.12492328008824732,3.9178180924458283,2.017986333965372,2550,164,0.309750908454228,-0.514018866239245,29.472185,-30.936434,0.10314922333794163,-0.36965315060272763,27.288864,41.27261
513378,-0.085830416728633,-0.2066581114233227,-2.334275827337798,0.7396631133038624,2554,24,0.4296301934414883,0.2984504549335093,8.177879,-10.220831,0.8502714745126393,1.372028032833814,-7.153258,37.286095
513452,-0.2213057853468396,0.09145601226005834,-3.4662969259402447,-0.13435493400102855,2554,98,-2.479622460288037,0.6671103820908227,-7.580654,22.381516,0.043592553650943416,-2.1230421392851695,6.2359257,-7.5231915
514279,0.09582712378959837,-0.022835717941277298,-1.3817757434281426,2.2956753311644382,2558,121,0.6948516211764465,-0.3019226456286731,46.730225,-22.811213,0.655486229213841,-1.2267486867742294,21.238712,50.25577
515473,0.1869769037531545,0.09418276770604808,0.9774728955307609,-1.0217179984238978,2564,109,-2.2499794993883064,1.0293982712598824,-31.395407,30.747683,-0.46323982777151995,-0.011697472940118803,10.4089155,-32.933994
516413,0.04821931574789058,0.18381542516749771,1.9712790593081024,-1.3140540059070451,2569,44,-0.9311938136347929,-0.22184611200571036,-29.312504,-12.161164,1.751342263054641,2.582878553254152,-1.0132387,-25.484295
516826,-0.038531485581889645,0.17607686497145,-3.7757530816506915,-1.4423973636890455,2571,55,-0.8238269450713287,-0.27034123520125863,-25.681892,-17.034206,3.751588975319595,4.258819330898567,-7.7880583,-21.915852
518415,0.22741740310223818,-0.04200398146270045,-0.4532825330616361,0.541281818946808,2579,36,2.322076586335991,2.0611651902379715,13.880999,38.03332,-1.4132816634605736,1.6688285845750508,-3.3201835,15.665942
518454,0.16509770975377874,0.04137787598654123,-0.5368891722586909,1.5649149600029735,2579,75,1.7589117011222635,0.4518095364008781,37.315655,-6.374816,-0.46170178147362717,3.06836329806621,11.179039,27.146833
518588,-0.024768280206962656,-0.22326166928962873,-1.3214734375198514,-0.719618897023421,2580,8,0.9510081317311226,2.7747876178515285,-20.893297,9.163669,-4.511439667577386,-1.2459198988450328,-25.300625,3.4331322
519001,0.21216917453782436,-0.11107157498681638,-0.4166968981951638,-0.13115445514772356,2582,19,0.6004014013212914,2.1542528111176282,1.5217308,41.277187,-2.2433935483384952,-2.3254064429909476,-12.302936,4.728788
519406,-0.003044780142696109,-0.23942921147690105,-1.6513136878639567,0.13560243667715666,2584,22,0.4814426036077023,0.4179579741832107,3.714391,5.940376,-0.2967582477167472,-0.15693180962308007,-19.775026,39.4178
519605,-0.020516020304017044,0.12898614133218927,0.7331677055105312,1.9907266318805452,2585,20,0.7507551112425956,-0.992189601806067,48.612637,20.54311,0.8175428570268521,-1.576876141210699,37.133587,13.265407
519925,-0.10991899043383706,-0.14354270823636542,-1.5065922468430293,-1.4354286462855088,2586,139,0.38644296058618816,0.15641661626971434,-8.623322,-31.990541,0.4696393059161639,0.8301128476834355,-52.299774,-3.0528247
520897,0.11882491107375334,0.02541637987441825,-0.829181477555009,2.079807679112909,2591,106,1.0755848954335732,-0.5061808283098757,43.463493,-14.685208,0.24440709974102898,-1.650889484278336,16.301794,53.601616
521191,0.08971199498690531,0.19131254049410173,0.638278494507595,0.9880690850472121,2592,199,1.64370811611714,0.5825417749115003,26.3654,40.357517,5.942073320350788,-0.4726144220484821,34.458164,-3.3710768
521512,0.009764208493908737,0.21749663175217626,1.091594650142981,0.8686763849017256,2594,118,1.0460995540053495,-0.039624280112564664,25.183443,43.9313,4.3266444683703,0.6790885739664373,37.999676,-6.8332973
522527,0.17561691130669066,-0.08428977713825384,0.17632375068515937,-1.2476287659552978,2599,128,-0.5825988665509921,0.8223897230369054,-41.691376,9.293227,-0.5450286946748598,2.9089169220093836,-0.89270985,-37.054066
522824,-0.14532884782122027,0.05439606976331264,-2.6320219653421524,-1.7354487850164533,2601,23,0.030732689994909856,-0.22418216506333125,-5.1299367,-36.266407,-0.9834572497666194,2.50152709836802,-61.06948,-2.6822193
523967,0.11938365765143459,0.1622661200345616,0.3618407018831382,1.149303246248835,2606,161,1.6899983280800126,0.5726186540552887,32.270203,32.23571,4.265840052682517,-0.6564683227213559,31.58311,1.650415
525524,0.16497535245153155,0.04308174950239189,1.0360962400726783,-1.5613203496791217,2614,110,-0.42157697174773856,-0.6910081517333393,-52.62545,1.4996874,1.267029774872336,-0.4089647273098287,7.883843,-46.779686
525825,0.04900985741144677,0.039128564123692575,-0.6326668737499573,2.612840308714959,2616,9,0.4218028714610888,-0.793619759667936,58.8455,-9.349053,-1.0788236343808362,0.08504244551197658,27.036366,29.121403
526585,0.11423490579956187,-0.18390571529785305,-1.461216007602487,0.8925060106429734,2619,166,1.0252864414659486,0.8247307248082645,16.413275,0.21323924,-0.4041381139371641,3.1627388685458917,-9.8931,45.055485
527126,0.0003575686364872266,0.048720556500479024,0.19708965450960997,2.7327352603114887,2622,104,0.3716432300106879,-1.783008522057901,60.74395,-3.1789513,-1.4844871545593974,0.22712850617129654,32.14421,24.116463
528911,0.13542772028813393,-0.1145779079532647,-1.4411922164250421,1.4779977628363374,2631,80,2.249727050457179,0.6086807088460103,30.353693,-12.0725975,1.202624596175959,4.309562759770116,1.8893374,51.392204
529726,-0.10749692665379369,-0.033443740593803645,-1.7574238430766846,-2.165095248629615,2635,91,1.1202257170489935,-0.7923805872575108,-1.0348251,-44.44172,0.3441382460921388,-1.6705883795341006,-57.789783,-11.651295
530051,-0.03972373850664271,-0.10554117356013079,-3.012428039324924,2.1633009406231385,2637,14,-0.0010546641527011194,-1.4731106783774786,34.833874,-27.977179,0.91347708963335,-0.8830950313439755,38.271244,38.70237
531458,0.10381838827598962,-0.15052261598867656,-0.26243099961652555,-1.4091447596803421,2644,14,0.016366970089431873,0.6003977141413643,-39.40557,6.3498526,0.6381816760096259,3.6183096051820005,-29.043242,-16.488626
531519,0.04582635536511431,-0.14947334169277138,-0.41196505630968894,-1.7226875208712658,2644,75,0.30781037897811486,0.24129939490128707,-40.394066,1.5983325,0.8559813061483322,1.2891075843873128,-32.956318,-16.498972
532991,0.05902623294489788,-0.13255616233731043,-2.0733958760079236,1.8430632493352475,2651,140,0.6556044636963426,-0.1522572460467577,24.06092,-27.412878,0.08645886619128222,0.2297606223382444,12.82347,41.666252
533404,-0.22257912271299485,0.010534697082087659,2.7137228128421187,0.7611500262790747,2653,151,0.08446512616673597,-0.24764000693717977,9.373914,22.314672,0.5347526294282197,-0.22969643233990406,18.787355,-1.9332228
533594,0.22760552317797694,0.0684602649093825,0.15297571145632982,0.27840171897320976,2654,140,0.8106632092795372,1.181132817202119,6.408485,45.04621,0.10435187102791171,-0.6903183274008595,27.30451,-15.100362
533730,-0.09638027253876488,0.11269918240992302,-3.1001310679497207,-1.8095061317823262,2655,75,-0.20298538752229706,-0.3119432483747062,-19.843765,-26.34482,0.22947715751440462,1.5160978930060311,-43.327408,2.1659617
534179,0.08760462540006667,-0.15644642674268217,-0.33322862756712796,-1.4542110509202797,2657,122,0.0641837321772787,0.45073092981105123,-39.200836,5.7583942,0.9433356221582035,3.451931264016826,-29.886229,-16.203453
534475,0.09706712228705563,0.16225131902267886,1.6952433194752705,-1.3271599266123104,2659,16,-0.6772912029035366,-0.11080595480396292,-30.278357,-10.9687,0.5434913769907771,1.682583584962964,0.5680715,-26.62838
535201,-0.16200487153301268,-0.07164677960164889,4.298550262883859,-1.481133198625109,2662,139,0.3292556435693478,-0.006883725786254739,-6.862216,-29.99901,-0.47202419386013056,2.053140118124797,-55.587452,0.30926475
537445,0.19064614782344524,0.09233965980653808,-0.038315718715897784,0.9787319340635581,2673,172,1.6694078073713252,0.7835617655107286,21.640049,35.377945,0.5453244420348735,0.45028786527932346,3.3049932,14.783955
537795,0.031745031721501005,-0.03598790060324638,-2.217445775771023,2.7389764024936865,2675,120,0.19488210367564485,-0.9035328592059305,45.98365,-30.004654,0.020232122710987288,-0.4983229131861418,29.247555,49.510265
538633,0.17741852824709403,-0.16161576980671694,-0.7460482839263878,0.014454999153580193,2679,154,0.7394068731106898,1.4096157325712424,4.3572264,40.25615,-3.0143042122486303,-1.6352152715981114,-12.343915,8.546414
538807,-0.1838857240639586,0.14737471581530032,2.2753961189941028,0.3811474386528441,2680,127,-0.8305917981490013,0.08462504852126868,3.9508684,25.956781,0.34451779983134717,-0.34610399794137076,16.868471,-7.3297343
539468,0.2294131081936577,-0.06541154522551573,-0.16800999648956086,-0.2194906031646227,2683,185,0.46450051180772134,2.5147640419309285,-7.5865088,42.27844,-0.01147452865684952,-1.9666273524700317,-12.497861,1.8547798
539904,-0.16413424165083632,-0.010473189104047237,2.3895115331303454,1.631606820344965,2686,18,-0.023332279988113165,-0.3934953275968271,33.642513,14.536082,0.11999020698472576,2.3547935027275617,54.328594,4.4118915
540246,0.20803427244737452,0.11955432805362165,0.49935070647784285,0.04449472039802728,2687,159,0.07194010261423305,0.9339313310047432,-7.610565,47.362335,2.0034523742985195,-2.516927375298101,27.037169,-19.210135
541454,0.16921134040850794,-0.1674700551583619,-0.9070366141218399,0.2536206255015853,2693,161,1.4485760437233826,1.40434456493391,6.678729,11.393376,-1.1312947897483068,0.32920236835795336,-6.221913,20.19122
541463,0.18894160946969513,-0.13596967109581543,-0.8696873618085416,0.4918047561044978,2693,170,1.9480205575619864,1.8874083955046626,9.191429,10.80667,-0.6414133121776275,1.8489299777935961,-4.100159,21.228872
541652,0.04114467048243017,0.1491137901052521,0.4311739433635753,1.7407872387895555,2694,158,1.1901174189423336,-0.7788586252692212,40.524208,26.913553,1.9495531378360313,-1.9847880132033433,33.094517,9.241847
541716,-0.05443978108201382,0.2294166181282017,1.991423114588923,-0.37527909069924975,2695,21,-9.399790873786285,2.738707969840768,-12.558714,26.687046,-5.729853278646396,-4.784678905212276,8.902956,-16.661207
541717,-0.07064058447737416,0.22653048899461464,2.0235191584423253,-0.3008842120532612,2695,22,-8.634302750920607,2.482956173132628,-10.848589,26.746023,-5.079633391269429,-4.6649751576080245,9.573884,-15.467701
541764,-0.23794505053295456,0.02563667959176598,2.9590882044879323,0.15035290934301582,2695,69,-1.407318841447485,0.35588386074035305,-3.4377618,20.97799,0.6644599952395798,-1.0069592948881307,8.690459,-4.6367946
541954,0.0342253660992768,-0.22228941654033046,-1.7745401815798196,0.7130236218864839,2696,58,0.686989082733787,0.749221756221374,15.168614,-0.37591502,-0.11765452223653605,2.406652058652751,-9.432023,43.149406
542181,-0.06439962553206416,0.18804684061568244,2.4956477433387105,-1.1898084338366317,2697,84,-1.025268402433429,-0.2812355170398387,-26.083017,-14.398213,2.467706412816027,3.23717747008394,-5.5513153,-20.963455
542483,0.05951559454168978,0.14548788533712131,0.3258239406863981,1.713332969344043,2698,185,1.2750438521631078,-0.6580986660470689,39.719296,26.633623,1.6568176243854382,-1.451177674774055,32.028545,9.194732
542585,0.21337500564312112,0.06812161735663445,-0.05834826468517383,0.7347554627803726,2699,86,2.3460530389014287,1.5462184939760057,19.056515,37.582397,-0.6058511360655461,1.0186781923966053,1.2313883,12.808926
543274,-0.17387297730575327,-0.14030785414110117,-2.8364651081848304,0.7476810660967372,2702,172,0.18868941194756914,0.010675853099055211,12.132254,-7.1933255,0.37702105958666976,0.2304859685782807,11.123754,4.5701704
543493,-0.09738276755365624,0.12022106087591052,3.121864143171018,-1.7404807250598893,2703,190,-0.3161439763541112,-0.3348147663972014,-20.09006,-25.579369,0.22176002108879442,2.2931366426223994,-42.727867,2.5283573
543596,-0.017561802813189364,-0.07421287285203501,-0.5557329407648078,-2.494859647569144,2704,92,1.1234024395374769,-0.4970401235484345,-22.330725,-42.144024,0.6968186741085328,0.19613216748926904,-42.05973,-20.006414
543776,0.14442765342978092,-0.0599076069395097,-1.254433268754997,1.7224790924561786,2705,71,1.9108080188825973,0.24753189202207718,37.91026,-13.965122,0.6479320277980332,3.5178833156624436,9.397931,53.109478
543944,-0.004814071057762451,-0.09104713774002689,-2.804737332595852,2.3622314126753965,2706,38,-0.0030505886899242565,-1.3865078615459483,37.666817,-32.29459,0.968707009031784,-0.6649284667449702,33.392136,43.070644
544068,0.07721770437761898,-0.019820458988841105,-1.4834509666446807,2.464385074173507,2706,162,0.5506011428977712,-0.35582104216810095,47.718716,-24.788288,0.09729759616991357,-0.49422096574813806,23.069317,50.603634
544703,-0.05192191644442685,0.21383923248458203,1.3984046876720706,0.8211803358605819,2709,194,0.19060495720143075,0.04496695326044804,24.254694,45.86444,1.6589699585367554,1.1728645793139816,41.872738,-7.6559267
545742,-0.16629416507437264,0.06362956597256267,-2.7721157048180087,-1.4698447007462567,2715,27,-0.37028856466215326,0.14997135808860657,-14.446868,-23.051538,-2.0275478097215918,4.202641488782648,-47.208725,6.516319
546040,0.005174053675469706,0.06875856783194229,-3.508111687140597,-2.5587706499826823,2716,124,-0.41743924028404616,-2.652828186124426,-13.314863,-59.199097,-0.599144827841296,-0.40239126358905597,-37.130928,-44.378086
547292,0.22690879449539147,0.042887739037011166,-0.08904897832878729,0.5517080040764955,2722,170,2.280843371650483,1.758193590279525,16.317171,39.64841,-1.3012852143777025,1.2722563813326253,-0.39977095,11.450444
548212,0.061950673706355465,-0.06465486510297899,0.3816939278839068,-2.376896062371447,2727,85,0.5818069864532021,-1.6118940948042217,-46.1569,-15.589704,4.465310655810172,-6.215870742312971,-9.221534,-48.446957
548623,0.05562786931490007,0.18348193523997935,0.6310461608584401,1.2907588343459875,2729,94,1.5430603318369778,0.27442796735896097,34.342537,33.21376,6.022331361976328,-2.020567904127363,33.85965,2.047803
549681,0.11188521697871599,0.0017457133324447899,1.1013561947827877,-2.171509488258704,2734,147,-0.18866342185902224,-1.8955204502572096,-45.59062,-22.970013,1.5805340026111838,-3.519234561374169,-13.800412,-56.533947
549700,0.11546201523540305,-0.033069163445579405,0.7677553433849229,-2.093391183257683,2734,166,0.11185878794296839,-1.4175857065983357,-49.627808,-17.477804,4.244239999244118,-6.405044269328312,-9.691601,-54.183968
549723,0.02283389502935941,-0.11659223108854569,-0.3244727611217347,-2.105854568330523,2734,189,0.5552811446701817,-0.4066211365610525,-43.505974,-7.502526,1.157347981563492,-1.8631563953503472,-38.911846,-19.714327
550715,0.06590046021951446,0.022173063299281703,1.6014358407755669,-2.553742560388349,2739,176,-1.6382720036792011,-6.899909700521786,-46.145153,-30.081312,-1.7670753133348263,-0.6251504367464771,-22.756414,-53.825195
552081,0.1328285789979965,0.06867510029348846,-0.42099128857170215,1.7963248169468644,2746,135,1.5215967197695115,0.061274703387610305,40.871773,-8.519677,0.037941917734473,0.7857474686870286,16.5049,27.731478
553105,0.22498737417183534,0.06350277832674923,0.046884367829454224,0.4564198339900567,2751,154,1.8058246383096577,1.687954520142743,15.662662,41.757874,-0.8256052735438483,0.7835746011305127,-0.5252676,9.190973
554832,-0.1899227051883323,-0.12009989222313333,-2.218840269519626,-0.7177531795327765,2760,72,0.10158661629377216,0.44303972456817164,-9.863644,-12.602341,-0.548780482900779,1.6548798294750402,-48.807163,15.477649
556151,-0.03179443167489036,-0.013904942967018968,-1.3036216444842004,-2.85139152478222,2766,185,2.822125722229789,-0.81470322601237,-1.0977343,-58.066692,-3.515297201701428,1.078163593918644,-54.64464,-21.437637
556441,-0.05463966597437203,-0.10781068165207497,-3.08290312316316,2.086050097912206,2768,73,0.036369838787453805,-1.317091548754586,34.386635,-26.965113,0.8493952955447418,-0.8847210691478749,38.800465,37.7977
556447,-0.06721470282852372,-0.09147923611753546,-3.282582726645137,2.156229145154278,2768,79,-0.11488625779716166,-1.3919127107213818,35.209293,-26.289509,0.42561405473971103,-0.9325474943835245,40.458122,37.032265
556641,0.07267467383587217,-0.042354805207956925,0.6850317623314028,-2.4254164906566844,2769,72,0.2695577485187775,-1.9221362014946688,-46.979225,-18.5806,3.729745265941133,-5.510790187371752,-11.029914,-51.940617
556736,0.0027246047871945095,0.08527704089518356,2.7462020460735745,-2.4146897868043014,2769,167,-0.38329010095722815,-2.075284705704889,-15.019079,-58.27636,-0.5923969675813656,-0.8848421892683144,-36.34508,-42.639286
557767,-0.1546364022279797,-0.1349115904489274,4.404091089968378,-1.0902359153362036,2774,193,0.225017295227282,0.6525571339677758,-6.0837765,-24.39586,-0.7701112783802121,2.4838277668827518,-53.353714,3.5424652
559387,0.17115535917103059,0.015254727455105699,0.8616707328091718,-1.54555532435622,2783,4,-0.3874567098905743,-0.3574976731430258,-52.258213,2.3182077,1.7201121144553115,-0.6764979498588565,8.92986,-46.958298
560226,0.08629685664827622,-0.18975464690155003,-0.6254811720363994,-1.0369845090103187,2787,39,0.17311154996189657,1.6422915725433627,-30.136505,9.231395,-0.5309461580859478,1.8359418284437503,-26.41417,-8.024377
560478,-0.1453193929333743,0.039663012316518045,1.982874378704604,1.7845424005605552,2788,90,0.043951152134643796,-0.3996331588762182,37.692734,14.691749,0.9151379735776163,-0.1340845507465504,57.150917,6.3707123
560922,-0.22526432567871602,-0.07875980349244396,3.371273776431061,0.21333311623996015,2790,132,-0.6963791621428785,0.2783131241917361,3.3906643,-2.7368143,0.2681397545649428,-0.30277855406543014,-14.424047,30.947819
562172,0.04098116832884448,0.2120788247228678,-4.452264631485127,-0.9020144995760007,2796,176,-2.4426804795916213,0.22728809892838467,-24.245941,24.858097,-3.5533449116695452,-1.6478864824327717,2.7976332,-21.22977
562303,0.22220958519151168,-0.08559253683324175,-0.4927777517236274,0.2502098202659842,2797,106,1.5053116402670923,1.4233641481012649,7.6574235,40.986706,-2.0461294808487294,0.0032307727043447143,-9.511559,9.472685
563195,0.11399782143305318,-0.21107692711338372,-1.105371730831471,0.059536767562478596,2801,194,0.7929995251650066,1.0254463958764288,0.63328224,8.984619,-1.5379749437654298,-0.9478106110819952,-19.395401,13.047176
563341,0.14498861034081537,-0.18094171728969932,-0.6341615127871806,-0.5222033001260329,2802,139,0.7069167257712321,3.996904911998776,-19.369461,14.255142,-4.204763100756471,-1.4614813047944617,-17.541199,1.3293273
564015,0.11735835564284736,0.11488217614083894,-0.0424383584767828,1.6343495851962515,2806,9,1.3605687422625663,-0.21902891174853883,39.931202,-5.032514,0.5696145943410523,0.6857081785779514,15.317906,24.619175
564944,-0.049369951881419336,-0.06330683917887969,-3.462844751246603,2.4594285688748267,2810,134,-0.2806312669184434,-1.559115984202406,46.50481,2.358355,-1.0541119317465417,0.008348828606524555,45.509315,34.677647
565735,0.06574351053048731,0.21989167660512077,1.577033811336245,-0.5935189535610801,2814,121,-6.880023753150711,2.23973347749821,-26.030787,43.20633,-4.49510942460675,-3.3921471437471538,10.39335,-23.364695
565743,0.12234925362759608,0.1919783363187021,1.3255792239126565,-0.6443674211324207,2814,129,-5.201064305204281,1.6668941775363706,-27.521057,40.26144,-2.4163811172204093,-2.3558275883329416,11.223852,-25.362247
565953,-0.1746800804917845,-0.0516173968018133,2.7198084995417076,1.4182088539568618,2815,138,0.17302414315264408,-0.37138847415458837,25.51396,18.441074,-0.27015188355689396,2.5312082060416006,50.080936,2.7486026
566936,-0.16860673670661375,0.09609578383888007,-3.0306213030855638,-1.2579897227902663,2820,116,-0.4311413956199041,0.17762665101630318,-15.312276,-17.883717,-1.6591173357638038,2.9444648954129757,-44.1237,9.488453
568717,0.08907003249507042,0.22280534297312743,1.2110361808773042,-0.04108922734058079,2829,88,-0.7081838168776915,1.068778667704325,-15.028676,49.194904,-0.9998353016543959,-1.889657937916127,28.957119,-25.685251
569091,0.05264075480951494,0.010321040919997013,1.538989239189942,-2.69075921472578,2831,60,-1.6812785144963174,-6.898198170266199,-46.639084,-30.693024,-2.2777891978898053,-0.6295383532585884,-22.776506,-54.911053
569627,-0.16967045752041526,0.07018536087915023,-2.834151196375361,-1.3993306630733686,2833,194,-0.35762234826057543,0.23034886609985838,-13.743445,-22.620384,-2.0870387750503188,3.97838476161231,-46.915253,7.2332034
570081,0.14562043208806796,-0.06053954306183565,-1.2478320020945795,1.7076695988435948,2836,45,1.9495072732024759,0.27183872369119455,37.743855,-13.820569,0.5833025520683274,3.6597468863039784,9.210714,53.023243
570943,0.17041795450842098,0.16358241081933017,0.9425718740961838,-0.3552730627818003,2840,103,-2.1036177949259725,1.7748265795490967,-17.755957,46.407715,0.6298523432315002,-2.3329653817113725,24.300432,-26.328466
571327,0.18873862913747047,0.12560651865547454,0.2529032606335539,0.6685894886325344,2842,85,2.103135031475896,1.368377592653282,18.217756,40.91678,1.0706849133629053,0.6796616905714464,1.5350567,9.406543
573354,0.18372848363709138,0.1326943957404827,0.29020834519821503,0.6705648508312757,2852,102,2.046296244937846,1.3233883530579398,18.335949,41.21926,1.3347453595469656,0.649363628109934,1.6186097,9.028387
573723,0.11504888206888414,-0.0742663615499533,0.39037620792588695,-1.9271912758640226,2854,69,0.05629451711584153,-0.7802828847009354,-48.985516,-11.746147,4.962480605597965,-5.414058190770071,-3.7857323,-46.770336
574035,0.23113644311732387,-0.03303397082031104,0.09157556231127525,-0.4670680118993776,2855,180,0.0035245346501021763,2.771808222231046,-12.7331705,40.481438,2.0063226825978817,-0.24959176657202803,-15.915784,-16.276733
574590,0.08550029234360072,-0.10778410934079213,-1.8605212515216498,1.9206791163329326,2858,132,0.576525613038288,-0.26569522121788025,24.969465,-27.699177,0.46622968300559403,0.5414462373408405,13.130158,42.809948
575652,-0.008615094450259653,0.1870450263469434,2.292664733938477,-1.3516840046752503,2863,189,-1.002764870264506,-0.2575304486600125,-26.911186,-15.28463,3.477912623257547,3.879888924585536,-6.05781,-22.699957
575796,-0.18020317015280957,0.04132322243528712,-2.675580549255987,-1.3828589098819053,2864,132,-0.1919977572519815,0.3495318243763634,-12.219955,-23.054873,-2.259001751763983,4.195926283074209,-48.706398,7.022983
576241,0.07077055085272935,-0.08718603360238594,0.19494358593218625,-2.1677880773226152,2866,175,0.4590019777891343,-1.3491329921411848,-47.730076,-14.201119,4.789716738293712,-6.409185908209364,-7.115003,-47.501408
578754,-0.09773789493867083,0.005826626770449539,1.9314751763043216,2.301146263584467,2879,75,-0.39218263815005244,-0.9462454910094481,45.637608,10.63781,0.3485879858686605,-3.459928652109631,48.477303,22.820042
578939,-0.23924261889678278,-0.019007309976297338,3.215454919558843,0.010838099692234263,2880,59,-1.2119079037772826,0.30133785477395175,0.3111333,-1.3375236,0.3955273124893569,-1.1518067507023362,-16.244452,29.091244
582154,-0.09558898188994694,-0.009813054081748304,-1.8804280831364952,-2.317728202294011,2896,58,1.520581833288692,-1.2081447561622618,-1.1980058,-47.362934,-0.27320686723547033,-1.4921468603758865,-59.92506,-12.8247595
584265,-0.04691095641719076,-0.010513391678808715,4.731184478451835,-2.738242122324153,2906,159,2.7584757113130633,-1.3726235910841933,-2.0953588,-56.707813,-3.118437265056989,1.0891882022387531,-57.59055,-20.432173
584266,-0.05668208702104345,-0.01725284132746671,4.758405871181764,-2.642687558244625,2906,160,2.5455362490457363,-1.4002524025144152,-1.4755336,-56.136246,-2.515099467356401,0.7371002230014391,-57.155968,-19.783632
584951,0.03771336841606439,-0.03306890478416209,-2.0801273868953016,2.7205029877182905,2910,41,0.28878690065425633,-0.8064094167283834,46.63522,-29.252123,-0.025306582288426166,-0.3000914472527434,28.423666,50.00342
585146,-0.21912043752252244,-0.013865522513979045,-3.494113636932243,0.8314296338101199,2911,35,0.035075611220107286,-0.19910930740577681,9.907244,21.758816,0.4618271150456749,-0.418323273061352,19.043993,-0.54954123
585450,0.2370939671472372,0.014354288487168548,0.204116586070963,-0.28729556228868436,2912,138,0.12708368760278463,2.0374541874976964,-10.545181,43.001633,2.3261608368277678,-1.9016423800505906,-13.794825,-16.11657
587941,0.13060957226805367,-0.11889814112426807,-1.48225371800885,1.487518563106269,2925,16,2.216974863892962,0.5556140376065581,30.220293,-12.393128,1.4278124782329358,4.142187894355304,1.5170394,51.62382
588078,0.01148920654913975,-0.11650440796126191,-2.533738325689462,2.1224804683565193,2925,153,0.03743695678272981,-0.9492785478504602,31.42636,-31.639503,0.7525992078898429,-0.5179412695509888,29.368912,41.831974
588778,-0.23308081135973,0.007896742097526242,-3.4138163161337722,0.4767135402147746,2929,49,-0.6345770519967766,-0.03375224303761919,1.773082,20.902164,0.6724737307119273,0.6116430612273224,12.978242,-2.1885056
588964,0.17919470715305824,0.024445524392091786,-0.5817534034180545,1.43467051953503,2930,34,1.631518150517443,0.4351306019349741,35.51033,-5.8137684,-0.6219172258770469,3.3033886156671,9.834492,27.047733
589365,0.016637868856651472,0.04411739364587004,-0.16288792491713955,2.746099900076663,2932,33,0.36381714452853425,-1.7276586843795911,60.28004,-5.6866336,-0.8949493664024251,0.3994489897325991,29.338345,26.335573
589840,0.18179721856725822,-0.14671115787512456,-0.9102424753521341,0.4624902358238712,2934,106,1.8739277285641396,1.8547670291040816,8.780795,10.620509,-0.5756585623554575,1.7555238966603381,-4.5355597,21.414452
590074,-0.16057739101870858,-0.10326403942006303,-1.9190997931483387,-1.3019960238246067,2935,139,0.2544080498747954,0.24021080646719073,-6.7370706,-27.411463,-0.5076541474621352,2.569016942444024,-54.62522,2.1436837
590254,0.015304013883851303,0.23120400288696047,1.7683003578951717,-0.5272005926180563,2936,118,-8.18475286020206,2.675917507749133,-14.561165,27.264004,-5.749602211069119,-4.207476999441694,8.96205,-19.533207
590492,0.12278433446348201,0.1959416032601341,0.7399113486636579,0.542218163293315,2937,155,0.5865643896382711,0.45916430530359037,21.05499,45.523716,2.3753359155436478,-0.12308197515307899,34.96135,-10.535203
590541,-0.033179456046853184,-0.0025161910487743883,-1.6341981586182917,-2.863407121344847,2938,3,2.7310111276159517,-1.3069822012450296,-2.9279566,-56.73652,-3.255058290044087,1.4935521691702496,-58.709003,-20.410965
591181,0.1260605618349612,-0.13341809454784015,-1.5138055349503992,1.4001198154822185,2941,40,2.1951962950253208,0.5443399409382389,29.373665,-12.01819,1.586532962785001,4.098305146754708,0.76153,50.92729
591874,0.1545875012000246,-0.07259187085592886,0.3400082442346584,-1.5580572585724082,2944,130,-0.29187642502655253,0.2779585294868918,-46.699432,7.931173,1.8027099340443324,0.5571104324600028,-1.0806307,-41.863018
592057,-0.046133463378355125,0.23323298671482728,-4.380127120048649,-0.27396533113009996,2945,112,-8.431084538009285,2.679113985025594,-10.57957,27.488768,-4.820891588392321,-4.428251374036547,10.533616,-16.39631
593077,-0.06117144173207829,0.0657094460377029,1.1330363734448032,2.3748149874234423,2950,127,0.418069220745019,-0.7551573133039629,52.082367,15.251559,-0.5643082586011338,-0.3749452040265802,40.127663,19.342337
593713,-0.012183026766574095,-0.2180448470384304,-2.0542758410078337,0.8553272006597511,2953,160,0.9731888420968938,0.38899594010400984,8.987646,-12.656307,1.4046833113131725,2.4555884307262734,-5.8662577,41.165756
593900,-0.01554277058763906,0.09600736879492622,2.884851383213211,-2.307112237281503,2954,146,-0.324034239196166,-1.9600466953196463,-15.276174,-57.63819,-0.3945395756777404,-1.2674897083392072,-36.02395,-41.026108
594233,0.07673416939437572,-0.22471780181709172,-1.0960631329106596,-0.29135694342277463,2956,77,0.4640580726390347,2.383727057992032,-12.156001,11.251946,-4.917050414712637,-2.199920385224824,-21.724802,8.643361
594835,-0.0028538834159874543,-0.17249701845426477,-0.818669416951836,-1.5373398764116237,2959,76,0.2233739347090035,0.13110193462736425,-36.2609,4.2358236,0.9696227127545274,1.7842391892436908,-32.84113,-12.063017
594885,0.03287424963324812,-0.18759974678999775,-0.7431896739166682,-1.3082638056272575,2959,126,0.1152399676644924,0.42579340334364296,-34.83611,6.203824,1.1349512048929797,2.7361557948493553,-30.508904,-10.612207
594934,0.07518642108198789,-0.2008215569865848,-0.7467923228973072,-0.9315291478629595,2959,175,0.42498511937386685,2.4715119390624767,-27.491089,9.520168,-2.1281475217240784,0.5426310804465933,-25.684996,-4.498375
595078,-0.048155278099027185,-0.11165880495836353,-0.9384860058849553,-2.078962209233506,2960,118,1.016213198492085,-0.23147028404666056,-40.931393,-5.1757474,-0.22408388108789895,-0.482791126149513,-39.110264,-15.635297
595207,-0.2379178414019678,-0.0269011070334479,-2.9603013782588525,-0.1374011303903569,2961,46,-1.2433691687938173,0.5458220622155131,-6.504787,-1.040191,0.07430448131702923,-0.5876831497472669,-20.182896,26.392572
595489,0.1970071102365319,-0.07518095765729976,-0.8624242561720424,0.9957327761892361,2962,127,1.271786500680949,0.7322021814438807,19.83991,4.9128633,-0.5295463375927545,1.3344717035761087,1.9521453,24.673868
596246,0.03999638516300399,0.20896200642702256,1.8627913385055435,-0.9622254234019217,2966,80,-1.7239912777355078,-0.010470871182966687,-25.14064,24.749249,-2.806840023496924,-0.9879221251520235,2.342599,-21.471722
596482,-0.08368487119701827,-0.045681239106617436,2.4789883172892053,2.324545672322299,2967,115,-0.23613247225701015,-1.0053394606999082,45.85531,4.3234515,-0.7792693488856324,-1.8344701375742434,46.499615,31.421928
597495,0.07050042429987677,-0.09042398776007388,0.164128529576164,-2.1454136748738137,2972,123,0.41716237597671263,-1.2207443951788053,-47.78793,-13.849355,4.670722259698549,-6.166931778376733,-6.891592,-47.19094
599521,-0.030320941129594277,-0.22988205804670936,-1.4409579721335972,-0.5219583573446744,2982,139,0.6117092816091149,2.108241141460042,-12.691484,8.405241,-3.7322466673542034,-1.3062127337075689,-25.329561,9.84745
599575,-0.19628130762002316,-0.1378721321013201,-2.5628229059098526,0.06715853764596766,2982,193,-0.47366194876327594,0.3518125762844617,1.159048,0.42364252,-0.2337255471838709,0.06970712160803648,-17.359695,31.765318
600114,0.034400345548351856,-0.22908289453468872,4.596905198352619,0.5290711519996553,2985,129,0.6340145494894381,0.9440534036636528,14.367873,2.6187441,-0.7591609030747601,1.529392178348449,-11.981128,42.706356
601403,0.09380995799515478,0.22068554559192866,1.2100257003574235,-0.08234282287312128,2992,11,-1.041851852156345,1.2306077996078602,-15.735475,48.821815,-0.9786480061668087,-1.9674225482758074,28.52933,-25.939222
601533,-0.15615402847366022,0.15419473709177287,2.7793003249508645,-0.8335854530161083,2992,141,-0.8682474022814708,0.14459151503231946,-17.607702,-3.1776035,-0.3474192449461051,0.7714078743026798,-2.997873,-13.659706
601812,-0.18858721729635142,0.14524568535236027,2.6133007347798167,-0.25599680134757136,2994,18,-3.8439893911927534,0.9755703042128986,-8.871558,23.089714,-1.2587753355320654,-2.6390401375131676,6.699463,-9.240125
602219,0.06584480752395383,0.10851696451074976,0.011896837015948456,2.027034243521862,2996,23,0.8437048132837806,-0.5249223374235631,44.20843,-8.910071,0.3108276871938945,-1.0284734901632784,18.981417,25.785524
602661,0.14957743671460194,-0.1876873912026359,-0.8971541364327691,-0.0015277398998940032,2998,63,0.681841054472517,1.3530030432048439,-8.779675,12.107537,-2.9153560722416856,-1.5867776787333825,-18.470226,10.650973
603839,-0.18255506886373246,-0.058138083186409464,-2.1869302904448724,-1.2926981144434975,3004,35,0.15165054216167706,0.21164417501545635,-7.8432264,-25.479351,-1.242604589983313,3.5583142074649694,-54.769512,4.591305
604671,0.0498977990305222,0.014562056909520046,1.6364377912267039,-2.7049722035649846,3008,63,-2.087515347846597,-7.875092993078682,-46.143143,-31.45938,-2.4029401859830837,-0.8211418353827498,-23.724323,-54.66632
604765,-0.09070937777512099,0.17271952651737815,2.676109631083457,-1.2434455393320532,3008,157,-1.0773156678527873,-0.26406827811201405,-24.83589,-15.443109,2.325220310238061,3.639677711437925,-7.1431017,-19.971663
606043,0.21517382174106764,-0.04042774568798506,0.236346428390572,-0.8441308677902017,3015,28,-0.8815529463705666,1.6871243860513434,-21.443579,36.41779,0.7424413481229072,1.2389682018814885,-21.190948,-19.897081
608822,0.016638216378726367,0.09093578083585699,2.5652149858637685,-2.350767327285239,3028,194,-0.5750781123739217,-1.9774525942946797,-16.388927,-56.703808,-0.5911898715156337,-0.9350257502048173,-34.850586,-42.36165
608982,-0.17127395584517707,0.12451498149143052,2.022906114473712,0.9801463567580302,3029,153,-0.041181278119653504,-0.18644692410549774,20.68833,22.736353,-0.03335960425292387,-0.04249291501046676,46.714478,-7.3285284
609913,0.18952419784220645,-0.12793553276413122,-0.2851877436837562,-0.617172412126731,3034,79,0.2655723358678444,3.494897350322827,-13.907212,37.979965,-0.46299055440758524,0.3254730436459988,-18.082697,-13.970008
612407,-0.11275083528079478,0.20921426689679018,1.9254092173733244,0.27937566598478636,3046,161,-0.5153003496037794,0.009217348707600867,2.4457586,27.243525,-0.5788784296830188,-1.03964319426951,16.368488,-10.4577055
613059,0.18181141629339986,0.0290022337149531,-0.5382629871763414,1.3928969218706833,3050,9,1.4750582955855946,0.3723967886370207,35.278084,-5.4330397,-0.5683928934853835,3.0834297211092188,9.645678,26.623049
613630,-0.03813560632380146,0.13662965870724292,2.781422103567327,-1.876872868847896,3052,178,-0.27799660990657465,-0.7232569532659728,-21.48883,-26.220978,0.870840105121279,0.8523280999442127,-40.683487,0.97089046
615384,0.16010459533087584,-0.10227801903539739,0.088891272992949,-1.3147338101233383,3061,123,-0.4070682342232612,0.8745672088345063,-41.714153,8.463754,-0.2653844868740449,3.2343615520224236,-1.6557499,-37.306915
615498,0.14762372586677483,-0.17599671861084792,-0.5789897037563339,-0.5877170450931745,3062,36,0.6936253707237404,3.907827953672551,-20.50525,14.5401745,-3.4580149855211895,-0.982032486278008,-17.59018,0.38944125
615782,-0.1838923504282436,-0.12112881617820401,-2.150095106895949,-0.818069405602755,3063,119,0.21162786115575538,0.5125455879777682,-9.458781,-14.97983,-0.7312664719653195,1.9463825199250202,-52.730133,11.652555
616233,0.026329293211040786,0.029475581568711176,2.2470836934355716,-2.810729969604452,3065,168,-2.9692655192850737,-9.132732445119284,-42.212543,-37.156136,-1.9950511721293283,-1.5964346824212643,-30.24734,-51.675915
616477,0.08606425263156053,0.13122978907744892,0.13225558846656016,1.7161579401516023,3067,10,1.2698607742618966,-0.40596177263480177,40.7686,-4.714349,0.9683186257492539,-0.4562684686283676,16.209164,24.030788
617815,-0.22967417089083886,0.004253793567434452,2.8292374921287893,0.5876725727726324,3073,142,-0.3531817261655977,-0.15406113947737313,3.9215016,21.094555,0.6284503919509786,0.4864833944930294,14.278846,-1.70475
617924,0.024319837349972576,-0.06684115230239873,0.048069294479631715,-2.539820236630928,3074,50,0.9676117944639242,-0.6936568909682033,-57.107693,-20.161253,2.374710326491505,-2.595148302603796,-11.693984,-45.320026
618073,0.1630848911269196,-0.06295315406612391,0.38643516766660024,-1.5096547215977638,3074,199,-0.3774226350960012,0.35207093071544193,-46.437817,8.336399,1.3483549972577582,0.8729735991223436,-0.6082839,-41.457504
618152,-0.2259619982983591,-0.06277477022358856,3.6266824448776935,-0.4282238564956685,3075,77,-0.5894227705091463,0.4956809654541915,-10.7806015,-4.820257,-0.27797773978314017,1.0517385607807175,-24.15084,22.935688
619847,-0.021066582462295425,-0.13703299099919858,-2.678250235211858,1.9098289606122612,3083,164,0.16948376559162368,-0.7807129652143817,30.83953,-30.247103,0.2979745860022848,-0.6046599000165803,28.60301,39.961857
619979,-0.17378971531110143,0.1625594517574761,2.5198130745074616,-0.2604845540582106,3084,95,-4.575752461046732,1.1700643332261151,-9.075485,23.599493,-2.003030165599871,-3.078559083687966,6.9354973,-9.999541
621242,-0.08946537728146418,0.04045223296256882,-2.416916463467414,-2.2986418240718973,3090,152,0.6569971453890509,-0.9059847290281379,-4.0383973,-45.71574,0.03759511560449101,-2.1190181811509983,-62.439804,-9.595625
622677,-0.045601354187568915,0.031685727920152965,-5.08615820625181,2.674619699838903,3097,180,-0.037481759245671105,-0.8748840947763323,61.03431,2.9293425,-0.9363479119183349,0.9252450926108343,40.554916,22.66207
622680,-0.04090088472484701,0.020551385513433024,-4.9861091843157,2.7577929520538214,3097,183,-0.09902093517902225,-0.8938572036049217,61.75771,2.911246,-0.9308721414101649,1.105373608365585,41.0026,23.294437
623664,-0.1866174424099068,-0.08528830878434908,-2.167534400128242,-1.090760109781682,3102,162,0.15672801406182343,0.530900391227161,-8.065521,-22.428808,-1.0917132233931814,3.0224800420387044,-53.372215,8.34076
626491,0.1938917026883341,0.05462763565611752,-0.3001144882884002,1.1494775385812175,3116,175,1.0170593741567193,0.3895936134847034,22.294964,6.2791862,0.024700977170584226,1.2417550754741657,4.828636,22.03024
627266,0.1435271229710484,0.15498317373177672,1.318392185410885,-0.9892708815140259,3120,146,-2.281877670453859,0.7294377768104482,-30.160448,29.154562,-1.4960622295260964,-0.45571853463893913,8.129895,-29.681074
627602,-0.018121048496460568,0.18128774360382746,2.379243833665517,-1.417642098385482,3122,80,-0.9278453834771456,-0.2915003258668084,-26.461136,-16.295626,3.8484467782316947,4.1809746201316305,-7.0240164,-22.49781
629515,-0.16112158424165074,0.1021887546558031,3.228204391092873,-1.3036471002004268,3131,184,-0.4602539222475957,0.12472100295329173,-15.740977,-18.24337,-1.5502697551228275,3.2572434444294207,-43.904133,8.995565
630600,-0.06624517034061408,0.21440562119656326,2.2329262522311746,-0.7249261871378112,3137,63,-3.572139474316381,0.9118200120541069,-21.64175,24.023973,-4.465369947733391,-2.523306616184604,2.1878433,-16.899738
633019,0.03684879870142406,-0.034930357320773625,0.5989511723138587,-2.7152573973539624,3149,70,0.12911044488672332,-1.090688458073275,-55.523808,-21.930786,2.0153751594884364,-1.9650439149901158,-13.100311,-49.683743
634208,0.022442973512687935,-0.2349112866284954,-1.2922821178135122,-0.3665304437511633,3155,53,0.44817000049390515,2.086560456470812,-12.087565,10.133665,-4.242389306879964,-1.8620627789006243,-23.258018,9.487705
634486,0.1330078786358816,0.0837138339982982,1.4185870962935576,-1.7136742508220513,3156,130,-0.5473014920513313,-1.2418737213790436,-52.254696,-2.3737311,0.6680171958185612,0.3888871808275298,4.960274,-45.347183
634564,0.06493153411169433,-0.19777401709210607,-1.7745473277379933,1.041950689311413,3157,7,1.5084092661826973,0.5542319071791759,10.661536,-14.427382,1.8063477683721076,3.458038428423037,-4.4953704,43.664963
635067,0.010216292730137161,0.13721128865635118,0.5362037129508036,1.9205461998552091,3159,108,0.8009911434747684,-1.0122592102582944,48.23711,21.657434,1.2021369023205337,-1.7161089005317667,36.125427,12.501339
635180,0.11241352738258635,-0.10212599883139149,0.14812404866001022,-1.771214488500698,3160,20,0.029731764845272665,-0.09035911533603475,-49.048065,8.001254,3.4952535773283944,-1.8430981001546465,-3.3912187,-43.96847
636681,-0.2336000725339533,0.021155210211940185,-3.44530633162333,0.4267967705853336,3167,114,-0.7623011263283825,-0.02994698326979359,0.8714727,20.877138,0.697197103122431,0.5229508137016751,12.448432,-2.6626852
636958,0.1679582051242832,0.14458947209976644,1.1046594206745217,-0.7877818683304596,3168,190,-3.803337959633516,1.2911726010473876,-28.262539,37.511562,-1.0060102321614857,-1.2238573770897474,18.005451,-33.102787
637494,0.043941282994321,0.17071127072770606,0.5729718267786633,1.4917844789529688,3171,123,1.5889648432838837,-0.028797367602351607,37.734715,29.107895,4.348646807732215,-2.4923120151640044,33.031563,6.9717712
638110,-0.041021312700533955,-0.2174941216467326,-2.154271453342343,0.7941124330115417,3174,136,0.7301661708287436,0.2636110534728719,8.457254,-11.857437,1.1292012998477037,1.9771958760630957,-6.2191978,40.06383
638152,-0.0981539536410698,-0.21794639410963002,-2.0839354211754473,0.17997459730526877,3174,178,0.16494644376589562,0.6582954187726578,2.937028,2.676308,-0.7040577253645086,0.10065659596828495,-18.459951,36.589066
638407,0.22611204227324272,-0.038186652304362634,-0.4668370778568473,0.599064010712082,3176,31,2.2568927739712707,2.0114736201468473,17.130713,34.063698,-1.2098540544189604,1.6462383650331995,-2.5332386,16.81023
638716,0.018483630639879997,0.08946715701152627,2.5473605847193728,-2.360589595674429,3177,139,-0.583061074628702,-2.0439178690636726,-16.43253,-56.71458,-0.5953919485586812,-0.9243327325704572,-34.79814,-42.478477
638846,0.07974934586498846,0.03738623330932808,1.6333993998495913,-2.390049042245666,3178,68,-1.0690395921277964,-4.9681276088440685,-45.76325,-27.884233,-1.0057295634996806,-0.31058576187139014,-22.446638,-52.392803
638994,-0.08101582886509791,-0.05712495422366903,2.6107356206331187,2.290006674492027,3179,15,-0.2475135580818941,-1.1783095725869848,45.403404,2.9201517,-0.6246183824946343,-1.4944727595098362,45.344143,32.92053
639139,-0.1745570690351719,0.08087371955773266,2.066881391976432,1.281691045268999,3179,160,0.14388469288249098,-0.15954207231549983,25.153843,21.50264,0.09708531026569082,1.9964698374646808,49.946487,-3.126628
639878,0.08405146765303466,0.21054989113728556,1.5253688826833314,-0.6687777747114483,3183,95,-5.955610954519647,1.8244547186739297,-29.017359,40.182285,-3.9937668367894346,-2.915435050534474,10.188182,-24.671822
640371,0.035913009497931386,0.035413272135548915,2.137457583469415,-2.718131324013018,3185,186,-3.0661499465563384,-9.655473978149331,-42.44201,-36.12673,-1.9174157163905468,-1.7047319788442405,-28.956882,-51.757843
640487,0.17095774817628417,-0.16735580277647236,-0.6950105438444822,-0.1594825105051874,3186,101,0.5947632061373982,2.145895984525542,1.7032789,40.234093,-3.929301598262729,-2.247357430225299,-14.010769,5.912777
641729,-0.09740046755477431,-0.12451005833931446,-1.3828869539668243,-1.703490751190791,3192,137,0.7754112048090576,0.09515766674914596,-12.301855,-35.81442,0.5328020778111706,-0.8123789821893014,-50.757435,-7.675263
642073,0.10161507408850211,-0.06814684345638351,0.44510551303378376,-2.071703752534138,3194,79,0.23246713693415857,-1.3521219711384302,-49.039433,-15.097002,5.39663486932904,-7.019033101036591,-6.815886,-49.89796
643070,0.22632771116376443,-0.0793117011864404,-0.37557594479575346,0.07703871432659683,3199,71,0.8822857212867863,1.4143790726653538,4.8356853,41.73773,-1.977971035331939,-1.638628126621953,-10.350454,6.915672
643077,0.18007201722473518,-0.1502852787690911,-0.9090815872128007,0.4272109772182736,3199,78,1.8250535088758129,1.7970885353026211,8.420527,10.77022,-0.630104647402813,1.5358368231511939,-4.920198,21.141111
643756,0.12798127973087858,-0.188272766170745,-1.2959402078639302,0.6443199649270843,3202,154,1.2776932988762406,1.3721193857723588,15.440635,4.5163236,-0.567895386319433,2.468883492719347,-14.175166,42.675945
645135,-0.11485348245392209,-0.11204518467865202,3.076086021305254,1.6770570934711422,3209,126,0.22874553940145845,-0.4184327687562228,28.752695,13.8416195,0.12186350782076458,0.9503293661573757,21.148956,14.584258
646018,0.08819222973515178,0.021784613797768346,1.4247731812439743,-2.3652158514778097,3214,4,-0.7332347052664043,-3.8661716183026194,-46.095688,-27.034561,-0.6773462917938622,-0.8313802507395461,-17.852573,-56.455414
646196,-0.00615807875584478,0.22780586530214908,1.278784690821537,0.6380743775035167,3214,182,-0.1383054683560296,0.3473739558099503,20.962183,47.10868,0.7439826844262323,0.9406438857664878,35.398567,-20.108364
646998,-0.05212869458860866,0.17721919948003315,2.5493079086057544,-1.3848641847197358,3218,180,-0.9254622368933518,-0.27309772831848017,-25.482327,-16.599358,3.5393961369345615,4.30022001551878,-7.635344,-21.35689
647669,0.04114800405820883,0.0714042091348006,2.2682890906779893,-2.4405598241932642,3222,47,-1.3239369095583424,-4.547919332211828,-38.48142,-34.876873,-0.612735994089619,-0.975145170041439,-28.944847,-48.3598
647963,0.10114056465957387,-0.20229212351424875,-1.4483443212669214,0.6823477279830117,3223,140,1.02944116302224,1.125603083301223,15.8277855,3.1184464,-0.7332870161512776,2.5984868762432627,-12.897675,43.76426
648363,-0.010099494521457378,-0.22905697219693233,-1.314841907213626,-0.6000350143650158,3225,138,0.7810137048709641,2.8591102138947995,-18.288696,9.582429,-4.965319063013264,-1.7474604550257935,-24.49362,5.1535873
648505,-0.05877623903413146,-0.14431747771073872,-1.0933967225369716,-1.7283156504020813,3226,79,0.6888883959243225,0.1635043162946695,-39.235962,-2.422428,0.13294733071043413,-0.2153179490502497,-36.557896,-13.245863
648749,0.16274420229485168,-0.06577673818866797,0.3663364856099105,-1.5008693991733253,3227,122,-0.371561134624374,0.3426078407464412,-46.192993,8.410791,1.3193978334706662,0.9884624116310402,-0.6908528,-41.255856
648778,0.12637608458534946,0.08823951621340237,1.4829384604938463,-1.7468034171710647,3227,151,-0.5703450416696662,-1.258612245363146,-52.17422,-2.8332238,0.5354844161958491,0.6014109858930762,4.642637,-45.246616
648965,-0.05053857130962718,-0.19421701158317067,3.8773143640715437,1.1610065867865456,3228,137,1.0642195659573748,0.25386192777976524,15.829828,-19.519037,1.2961444372611257,1.6458665550450415,-0.11695438,38.104866
649944,0.06414202606828225,-0.23060357065691026,-1.2263399191508018,-0.14633093825759666,3233,111,0.392265727112919,1.2461535017449024,-9.537987,10.361673,-2.757014322936273,-1.5295523569181246,-21.009058,11.355387
650629,-0.10065297730766391,-0.11703581097834807,-1.408932899447443,-1.7442902831695333,3236,193,0.7753026673924666,0.04970208204697882,-12.511831,-36.226723,0.5613413637676647,-1.1112764971753124,-50.994377,-8.053803
650904,-0.11377353952586974,-0.07337169497262075,-3.5402885299612854,1.9429443157236868,3238,66,-0.027904837857289484,-0.7791956409244228,34.183163,9.584321,0.3170452238710171,-0.6941403877427084,51.942154,9.235012
651387,-0.1422626613347278,0.07838884253297568,1.8105695023766135,1.6548021993065805,3240,147,0.21583920950665877,-0.5165573016931965,39.575974,15.800433,1.2340834147891073,0.5805462656183441,57.88124,5.6664996
651881,-0.037229850501882,0.2300745320078894,1.4902801985568257,0.4818840478719746,3243,38,-0.42383627841519095,0.16803999624990063,-7.266036,53.473255,-0.8986238914294707,0.6052774704238396,34.92101,-22.816153
652566,0.16682691642489517,-0.05621641351489052,-1.0723383846309162,1.4946287702288463,3246,120,2.126594247427991,0.47573632855333126,32.81083,-10.267211,-0.46365121401015996,4.698514857237659,5.654533,50.519825
653534,0.13141317302267294,-0.13200181287867568,-1.469978251628237,1.364690887258684,3251,83,2.2091020795193455,0.5742568985967773,29.295198,-11.4351845,1.3011144224132738,4.184424483497399,1.0291152,50.313953
654074,-0.1706361301876524,-0.08984914127003475,-2.0193248926749936,-1.2752065843128308,3254,20,0.18740429916022816,0.2592997701533217,-6.9234195,-26.353296,-0.8253857105903424,2.998804661210074,-54.70054,3.3059611
654542,0.07130268897220092,-0.12225729044052772,-1.9829031527259182,1.8801908826834068,3256,86,0.6230454049603952,-0.1663200899875607,24.440228,-27.606897,0.22869954680624813,0.39422763564887914,12.831104,42.14961
655074,0.15044531175944736,0.03997564017219615,1.1247569058273648,-1.7300856231025157,3259,15,-0.3704836004471215,-1.1174933424534566,-54.33454,-0.2802353,1.3984990876768175,-1.2144681977795453,6.870311,-49.731632
656046,-0.03447395355545819,0.017756631398843065,-2.208717556958308,-2.8170178465556788,3263,183,1.5010456991054795,-0.7836281098253166,-5.706066,-56.010757,-0.8396400921211399,1.5516460258848548,-62.606594,-18.468636
656156,-0.04093924367604966,0.030555621214212944,1.144120381744818,2.7126031682360714,3264,92,-0.08209040977681023,-0.9227997753916625,61.18923,2.587466,-1.1282515720701165,1.0350749033122792,40.158882,22.854551
656511,0.1470208138494683,0.010137537102337474,-0.8407815191638061,1.8192512488467738,3266,45,1.7136395701673206,0.05100852239694454,40.42149,-13.056904,-0.0034950262450616654,1.5129042781898256,10.624233,50.690968
656743,0.15835511678228475,0.05868290898489107,-0.4353707368377902,1.5805177709569938,3267,76,1.681508935346015,0.37056505834523745,37.85759,-6.1367354,-0.2725721515161734,2.666134403561693,11.95289,26.737465
658217,-0.16485580542638018,-0.16970908508791133,-2.5102635578984223,0.33714858698744254,3274,143,-0.14822049092554357,0.32009691400571155,3.7863133,-1.5822647,-0.5259611598713377,0.32905388919585243,-14.488947,32.99276
658474,-0.08786240107881634,0.1157961509776576,3.140095860793878,-1.8404211028841702,3275,199,-0.1711954399394284,-0.30339713910560523,-20.005278,-26.496475,0.3384675892650743,1.1599067293606442,-43.01946,1.8906823
658677,-0.23816937617669753,0.024168121123465166,3.111632920543162,-0.14233723554161548,3277,0,-1.5105320413136882,0.5602792082555796,-5.827434,-0.3239598,0.35627561409274344,-1.2335467051973716,-18.88557,26.491262
662318,-0.17721275310404935,0.12115302177992734,2.0783232672346674,0.9271904157435272,3295,23,-0.10199390309479206,-0.2430900923577898,16.860466,23.122143,-0.06309629339602363,-0.26005039052806334,23.637363,-3.6151845
664925,0.19052780889032656,-0.06105572772834036,-0.8952618532474307,1.170291134114556,3308,17,1.3971750061957493,0.5213230333993113,32.46376,-4.625222,-0.7829986893727594,2.2509182087921005,4.948505,26.229609
666319,-0.10886615424331834,-0.042622276324005295,-1.7064355202958916,-2.123980753161336,3315,4,1.0564486964125184,-0.6710473326219376,-1.1362655,-43.701862,0.5172768818802259,-1.6505746682400377,-56.8869,-11.3545065
666402,0.22341689427441058,0.024990170063323457,0.469078545132211,-0.7153742537227739,3315,87,-1.5134976748829507,1.7529282475129553,-23.52213,37.678043,0.9659925569412112,0.16499625106479085,17.095165,-28.658112
667510,0.15680046367324013,-0.055585001501930145,-1.1455894252949197,1.6098313155574868,3320,190,2.1640895701180667,0.4277066696540107,34.05924,-11.528969,0.02233349478387492,4.496589825623964,6.951354,51.61249
668084,-0.10906862629775657,0.20383051696890725,1.7901326927685397,0.5439825038042166,3323,161,-0.3313640386137485,-0.08706823686814942,9.752126,26.265001,-0.6617261305654895,0.5141129418064796,21.304789,-7.650119
668342,0.07048857240430419,0.2156190686647188,1.5874194800496435,-0.6651677694272359,3325,17,-6.1695183120985355,1.8815329245640608,-29.175137,40.262444,-4.480739301640371,-3.1951135643425808,10.069342,-24.110764
669532,0.08490989711557986,-0.07020794172124892,0.40294879457448546,-2.187699946231502,3331,1,0.41678261615078666,-1.7009489619244116,-48.10626,-15.5623045,5.361527379608386,-7.437082894623232,-7.6493225,-49.514656
669716,0.057909217401677454,0.004658372172626171,1.406569645021304,-2.6525996360930404,3331,185,-1.1041322412584829,-5.587905128836921,-47.085297,-29.515244,-1.7275587499971012,-0.5897311477381519,-21.329723,-55.039986
671067,0.07181334165077034,-0.17703574017328444,-0.5353417070383337,-1.3001858272159876,3338,129,-0.004738341805962304,0.5102667828736024,-36.578568,6.7294273,1.0514378374410482,3.292056241743456,-28.671762,-14.62802
671510,-0.14474334567970193,0.18442723680493797,-4.262558463979912,0.43117888983672287,3340,170,-0.32282564078088544,-0.1157210121354373,7.333108,26.114353,-0.09562698407012946,-0.14005875013294233,18.778759,-7.944746
671568,0.02832956621105709,-0.058155294939174915,-2.415378127034725,2.595771490725299,3341,27,0.13201059336620077,-0.9453581550016026,43.455902,-31.378748,0.5151621821752501,-0.5273109172591433,31.306948,47.138206
672599,-0.031757896801420084,-0.018766350944075236,2.258824575755752,2.832967523201411,3346,53,-0.5644173954507367,-1.7964803972005061,47.959972,6.4224515,-2.1368414834807257,0.766170948103825,49.551575,28.620502
672652,-0.051396441174675206,-0.061421538233202566,2.7850514429273963,2.461134794629622,3346,106,-0.2974865872400598,-1.5326610733103299,46.562126,2.5823188,-1.0963052498491808,-0.05693552343807633,45.633175,34.470787
672736,0.062432613596363554,-0.20241453869927498,4.5221396151609055,0.9788612171140787,3346,190,1.2021659887890341,0.5819476181309479,10.378603,-13.3166895,1.3423480643304093,3.374809155542518,-5.3921123,43.572918
674623,-0.09231055420396164,-0.10114350733512704,-3.274171723168045,1.9272094391535846,3356,67,0.029402390755506738,-0.921368042485476,33.998997,-24.538095,0.5582791162783626,-0.4477681467209504,39.125103,35.584557
675650,-0.14983217045679553,-0.02087594252036451,-2.1143384803671204,-1.7776331006994552,3361,89,0.5682108121519812,-0.27884117320035184,-7.8472886,-35.403675,-0.27968752019546844,0.16819855138244982,-58.40062,-4.7699156
675923,-0.0009653469406328968,0.10687405524975264,0.4705714580864533,2.2185143778261884,3362,161,0.7135373665148141,-0.5648169703783772,52.378315,18.478645,-0.2950883088262662,-0.20197251096792396,35.84466,16.95302
676082,0.20487376758522952,0.0862050306261805,0.7850574909311018,-0.7735478299435645,3363,119,-2.9035943030509266,1.4405766891172551,-26.2837,37.555363,0.06849634868979598,-0.5444911591966691,17.689358,-30.885431
676272,-0.13657054727413726,-0.09991459441613697,4.561483870542248,-1.5765449501202335,3364,108,0.46543903409880966,0.015439834468452691,-8.538847,-33.62248,0.36371899553281034,0.22421317802857615,-53.823093,-3.6666603
676795,-0.015382825328874652,0.06885020648467564,-3.220133891827862,-2.544881404033826,3367,28,-0.02733265406128907,-2.0052351776534287,-13.626658,-58.14357,-0.45489743151982104,-0.23311951453230384,-38.308296,-43.3835
676879,-0.2277694363530554,0.0641611191169185,-3.5838530112429656,0.33536433968928914,3367,112,-1.120907312447281,0.22357376062909798,0.095675826,21.364183,0.6408886175925927,0.11929211055667614,12.33176,-3.8587303
678217,0.06583000095085467,-0.0056668812689769504,1.2060163675054898,-2.5837764744109157,3374,43,-0.4483623660782162,-3.855963087102308,-47.27269,-27.475342,-0.5337808218358226,-1.2285076086395987,-18.169525,-54.72385
678914,-0.088649465054639,0.2224484931287561,2.016992315500182,-0.13393774529277788,3377,137,-6.2057812650439885,1.7541025157157155,-7.7075458,26.885862,-3.4415744096319276,-4.049606036861472,11.412679,-13.781838
679838,-0.04403658757144535,0.07997187050167151,0.8935657425992949,2.3611468760723002,3382,56,0.6742736933373502,-0.5874839272546896,52.15924,16.503292,-1.0201782127361942,0.19555458469307574,38.280098,18.37365
680597,-0.018425730130033763,0.10326612494436042,0.628911190591762,2.2369130255656713,3386,11,0.7204076139702806,-0.6040069753570665,51.78884,18.131401,-0.5378236170502784,0.0041241663857097405,36.72674,16.789984
680824,0.06809390062555698,0.03584890309706733,1.728982352705986,-2.488778676450391,3387,37,-1.596530251657333,-6.809531523533561,-45.46569,-30.129087,-1.4507879001594963,-0.6095774728188704,-23.664446,-52.882103
682457,0.00584369837203054,-0.03539654049574372,0.013572193709417368,-2.841503983634725,3395,62,1.0894634648206176,-0.42589949952085004,-58.556255,-21.322224,0.7576748248855348,-0.23223096574818752,-13.538145,-45.3532
682626,-0.04654066714427927,0.23307696083488796,1.6286714492420358,0.2784242938184555,3396,30,-0.061128549868367806,-0.01973217671747998,-11.122684,53.605057,-1.2973315690051619,-0.5979383420208347,33.218014,-26.065224
682792,-0.032885394539395686,0.20096153155612065,1.1753031898875919,1.1153915037369448,3396,196,1.1279058744993986,-0.12497205714627597,29.254984,41.0887,5.8767906241683345,-0.4276085567029965,38.91486,-2.7444856
683133,-0.027085317022462113,0.22027045082723049,2.083679581823911,-0.7810670415701557,3398,135,-3.5012791574055218,0.6881078872248494,-22.132338,24.504528,-4.69687114022205,-2.58096015787081,2.6446435,-18.428688
683364,0.1285609111045028,0.0269990560088757,-0.7845934434659501,1.9831901187033412,3399,165,1.2669401504762006,-0.36363301012090593,42.698986,-13.943585,0.19830199005736132,-0.739677062011551,15.4011965,53.847054
685035,0.16951730566358023,0.03737852137796263,0.9792697469989071,-1.5244856506828826,3408,27,-0.43545468264331305,-0.4915664220772221,-51.988934,1.890738,1.344307792718076,-0.34826935518349283,8.563953,-46.36507
686122,0.21163496131076664,0.04253262199186739,0.6506301277861871,-0.9046009766817418,3413,109,-2.0512369501683407,1.1039108349616364,-27.896515,35.65764,-0.02486049539109287,0.2537018058757241,15.543062,-31.274475
687344,-0.19576408684909563,-0.0448856524944946,-2.3369109629874707,-1.1585860982883789,3419,125,0.0912003929988889,0.4353583569979787,-8.976504,-22.281343,-1.5506073509523342,3.405415239319771,-52.428944,8.09486
687635,-0.07931011359472478,-0.09573203570062674,-1.2363515500572104,-2.05259956796657,3421,14,0.8927856342208301,-0.4063419505821422,-15.254696,-39.57252,0.13785586484049758,-1.0564803667687754,-50.356754,-12.436261
687657,-0.06786999259198576,-0.07061778337013253,-1.1859354636623916,-2.30084046765745,3421,36,1.250453488280772,-0.7150920443832045,-18.937017,-41.956425,-0.09914145595765103,-0.2010647024341672,-50.30464,-15.600448
688478,0.20937250004099672,0.05218424590991942,0.6974109559809974,-0.9062932351179369,3425,53,-2.16315696570141,1.0872699537839894,-28.109669,35.718575,-0.01247899852950425,0.11311091318312441,15.603731,-31.56763
690438,0.02092568619347069,0.2347685627093895,1.6714940868906505,-0.3791921746058742,3435,3,-7.655416818385425,2.856963371623721,-23.065422,44.952778,-4.615467496337,-3.8458994716515518,11.387343,-20.243637
691113,-0.09402760664449061,0.024828971224407387,-2.246173130487597,-2.307174282182919,3438,75,0.8913395107900601,-0.9974122805116026,-2.75982,-46.570587,-0.042404986126635,-2.180785535906137,-61.930973,-10.812314
691119,-0.08674903854905289,0.012318688514068227,-2.085576237389659,-2.394154086060465,3438,81,1.3849039592340733,-1.1192114043871586,-1.9877039,-48.04188,-0.39449191313353094,-1.5423884678210906,-61.321373,-13.033431
692092,0.0837809164169598,0.007793456689650008,1.305345725301406,-2.4251815776202172,3443,49,-0.541764218858634,-3.9849406622138197,-46.565113,-27.190372,-0.4926227841189706,-1.411337093095424,-17.454922,-55.979233
692784,0.15104601226956577,-0.05364552540175238,-1.1807132804235998,1.6788977122917161,3446,138,2.010770082514025,0.3602902823944332,37.434402,-13.295603,0.25730133090773544,3.9777119203593543,8.648527,52.482967
693053,0.03846824678739548,-0.18907282852205823,-2.0069779559065664,1.2737985856689538,3448,5,1.6993608039823915,0.3425434356215106,13.997304,-20.023321,2.7533344541631948,2.459417370019198,0.5495089,41.4064
693830,-0.10019543197363835,-0.08625153627713014,-1.4434394714402048,-1.9748070294398885,3451,179,0.9634974766220785,-0.2744739661616917,-13.880679,-38.567974,0.5516094798707039,-1.4921370551515085,-51.429325,-10.532213
694245,0.06938445906305088,0.004319640418250517,5.068438629121151,2.553846060181352,3453,192,0.49097614835629805,-0.2144476302524023,48.360794,-24.136644,-0.7665902246609049,-0.2704740005698105,22.244495,51.994324
697738,0.10954825667732519,-0.04765171864265014,-1.460073838958622,2.0995545852865316,3471,67,0.7802613366086031,-0.3328103186671217,42.30199,-18.407753,0.9655604059838522,-0.4260195536256031,16.130796,49.031967
698111,0.1348859958618004,-0.1873152578266083,-0.6693417150727651,-0.5547294465388688,3473,38,0.7143993177261312,3.9978690804995094,-19.745678,13.950265,-4.541372029797487,-1.5125347300205954,-18.097086,1.2153372
698654,0.12102673629742053,0.03597510783434377,-0.7278748018165893,2.033612150347583,3475,179,1.1491233519898167,-0.43433620852209986,43.38514,-13.801948,0.16579280141387293,-1.3628241415847995,15.883079,54.141747
699205,-0.04507018579169231,-0.05413329739150908,-0.992176505722523,-2.5458241764595204,3478,127,2.0668054146424932,-0.37584161269636046,-21.374363,-44.986725,-0.7110806600245098,0.33503039154756437,-50.322834,-20.057861
699219,-0.10146759276487995,-0.07852440173897687,-1.4762135328201544,-2.013530168064432,3478,141,0.9760194490628236,-0.31538986280569736,-13.858391,-39.21162,0.6121030400392417,-1.5192766731231917,-51.804,-10.858337
699335,0.17672458723875156,0.1556570120127893,0.5281660862633737,0.3878661107026016,3479,56,0.5117076585718318,0.5649783911489108,19.641289,46.044464,1.6014287843639676,-0.5326590247666874,33.209465,-12.075958
699704,-0.11175326523130065,0.010300533108361445,1.9654716426352077,2.1684172215000834,3481,23,-0.2750742916789018,-0.7735851968986476,44.436886,12.685374,0.700540249070395,-3.714824417888917,48.8084,21.039454
699785,-0.09892890163843134,0.1703814713096843,1.4890688570641324,1.2155678036992619,3481,104,0.6741156120566189,-0.054913544905930145,32.525394,39.041412,3.7145849819988324,0.020889663416682754,41.952396,-1.8430221
701722,-0.18046666598052968,0.09596050893654909,2.1011882340733434,1.1033840195491846,3491,31,0.0788546947005138,-0.02421344639102484,22.731419,21.732933,-0.09361328997098682,0.43337394954902475,47.93114,-3.5104322
702307,0.019573952151767878,0.235876257739843,1.3216534216188194,0.3326972420033302,3494,13,-0.13317771363609526,0.10372631307576566,-8.608323,53.095894,-1.1654570372171331,-0.2737875771633967,33.73477,-23.460764
702768,-0.058442031355823765,-0.03332503669775504,-1.336681886338483,-2.5733466862553613,3496,72,2.3105002693698387,-0.9170720510015182,-19.568527,-46.470634,-1.944562269498201,0.5009955005618629,-54.44353,-19.815971
702971,-0.1554787550820082,-0.1803259193448823,-2.1563855516136687,-0.25190124980265566,3497,74,-0.16594013747656625,0.4230059843960333,-7.920354,-5.910416,0.2415587899605444,0.4305471534060066,-26.888397,19.230873
703405,-0.07108866436613075,0.2263968331789142,1.7247793498654773,0.30053609073963994,3499,106,-0.15445075801725977,-0.006025297335190128,-11.5482025,53.827114,-1.0862033506063626,-0.6175364471711996,33.26949,-26.656199
703780,0.06025828104487814,-0.023489669102068247,0.9262484573736679,-2.595890404290663,3501,79,-0.12653311658391517,-2.177946504813039,-48.23672,-25.83662,1.3121495887511636,-2.2604603582226956,-16.459694,-53.459724
705489,0.09128366577706626,-0.22195089797486667,-1.1900066676162973,0.01880344321135121,3509,180,0.6097167362247494,0.9503920466021198,0.39396513,8.973844,-1.538216234065645,-1.0267237636041486,-19.770931,12.996862
706655,0.04415844321380095,0.02461323425131369,1.867057014837717,-2.717123927062016,3515,140,-2.954342974481562,-9.960556056724377,-44.246292,-34.44405,-2.2997526443781435,-1.3915640838543355,-26.763037,-53.315666
707393,0.0035664909428835406,0.18555677257062161,0.864805077570547,1.3735462634917135,3519,74,1.4327273371785172,0.1879766193308147,36.304295,34.577568,6.625425765703366,-2.652053844579516,37.02597,2.7887068
708222,-0.2022233389311775,0.12842684823485848,-3.768146596493122,0.12148591110105085,3523,99,-2.5418740650481544,0.5106193741718172,-3.217254,23.665495,-0.09137072439721482,-1.882335082649645,10.754923,-7.424643
708628,0.009146809891208252,-0.060207366202646787,-0.10577854250683741,-2.6284977657521833,3525,103,1.0286962276230383,-0.5707184826292717,-58.12587,-20.180393,1.4314323333950025,-0.869993387395741,-12.550368,-44.373962
710383,0.04865195904554317,0.028151714395666647,1.8589549767480245,-2.668786745440333,3534,49,-2.7460205881733906,-9.563330859186898,-44.417908,-34.04317,-2.0518738559386724,-1.2887745963673405,-26.278358,-53.180473
710804,0.047456676801216194,-0.11082260553685781,-2.210719476930607,2.089039369306759,3536,68,0.37773369711257543,-0.43919619455122066,28.61535,-30.394442,0.10380409859243735,-0.19929093924261349,26.502104,41.706856
712590,0.08208463907793091,-0.19111400309730453,-1.6874610691478404,1.0446918741862004,3545,45,1.405300710381264,0.5394635827577308,11.066865,-14.359953,1.3756063012239241,3.6179630321912883,-4.6876063,44.378864
712623,0.020527616757267025,-0.1952337939080856,-2.078980775702374,1.2258866095680423,3545,78,1.5352458866969276,0.3266663444170883,13.979522,-19.99727,2.649774420815355,2.3938334860007697,0.26113266,40.95418
713529,-0.05355145286226275,-0.04746138796781779,5.134813660169401,-2.5360799202806876,3549,180,2.107668677776182,-0.6122319531713062,-20.889288,-45.339684,-1.14329833116171,0.3441149096520704,-51.126446,-19.482239
713873,0.018534922966696718,-0.1552078877406439,-0.5904320704797399,-1.7230143100103008,3551,122,0.3733039000331613,0.18738497364438975,-40.327145,0.500283,0.4476377291114014,1.0646961374664647,-34.009193,-15.869326
714210,-0.011876042535297768,-0.19351704776958312,-2.262410552438294,1.2606432110504842,3553,57,1.2548242429385645,0.3254933523326086,15.8623495,-20.61883,1.8171490802289958,1.7994560499937824,1.2008319,39.358116
714374,0.10794980216407374,0.11534997128464532,-0.03375930080285848,1.7045708110389695,3554,20,1.3180057039868858,-0.28707145036297566,40.2901,-5.420352,0.5213074271880467,0.3138197066410592,15.650116,24.926115
714555,-0.030330962571235423,-0.23791603259658944,-1.6612675685158056,-0.07266149986959158,3555,0,0.3295093068839071,0.4420596932229663,-6.8612814,6.401469,-0.3846850256121291,-0.3802556399002269,-24.233238,15.304051
714712,0.11356612592519305,-0.1684527103179347,-1.539043353174618,1.1228555002328675,3555,157,1.667992279409522,0.5754750936862927,12.902798,-15.516531,1.0500567790274067,3.721617866149642,-3.642396,46.07254
714861,0.13264124933481744,-0.17302534113152437,-0.48541165330430003,-0.8626877094985863,3556,105,0.22609553129450816,2.6710315793952546,-16.297388,35.55447,-1.3101488654435578,0.971576705384887,-21.21695,-14.554553
715522,0.14728994541973423,0.13299138196295618,0.13713355352097276,1.1945875117145648,3559,163,1.4285485291214284,0.5021708095681429,32.100163,30.501637,2.2322502751445836,0.2013253991680667,28.397041,5.4654512
716764,-0.21754098635825245,0.07586870087865497,-3.761082593974364,0.5678477737002846,3565,199,-0.37175783030491966,-0.026482189147526095,6.967634,23.350428,0.583689381615886,0.3734688269003299,17.320246,-4.276071
716848,-0.1031970235534355,0.044621725690323424,3.816723063955117,-2.166493486082666,3566,82,0.5209522395287418,-0.6655740883352046,-4.448663,-44.837914,0.13220689665491403,-2.191232355515279,-62.220448,-8.175289
718123,-0.007450616383448946,-0.03380624003782382,3.06941332857345,2.852103426966451,3572,151,0.39260407754771104,-1.4441091557413634,42.337143,-34.87438,-1.8422763461547118,0.7473782956114524,47.018356,37.43358
718512,-0.030276139955992404,-0.03690702121126172,2.6548118896906754,2.741117719732765,3574,138,-0.17040592169871557,-1.5744800258378586,48.61153,3.1601539,-1.9776703449468496,1.3328654293014406,47.843357,34.939285
718801,0.13914088501679242,-0.07321218732781692,0.3721007403167065,-1.7129338117897517,3576,25,-0.13158597699900154,-0.08797744811895189,-48.74251,7.249542,3.34246623603934,-1.7791071216923862,-1.7743787,-43.72648
719788,0.0815650647346224,0.22027405781040096,1.0094460116427844,0.4134324067722066,3581,7,-0.20597057155631973,0.28699546774360807,-5.9513826,51.502247,0.43061876729511245,-0.3579092807255175,33.207127,-20.57638
722294,0.02895407687552512,0.19050089208019805,0.781258303010626,1.2774064500369868,3593,101,1.4506510355865136,0.2136699172343908,34.893845,34.870564,6.781940061882182,-2.031204462475006,36.234962,1.8035135
722807,-0.1763601004950308,0.06623275364940248,2.114148696264452,1.336375229904452,3596,11,0.1682709820993031,-0.22671937306766657,25.848267,21.029793,0.0793561174569123,2.399521409119538,50.629593,-2.5518732
723236,0.040302354128886504,-0.007438401949660875,-1.5817037535005605,2.7983853474508633,3598,38,0.6882157692802764,-0.7467757370052992,48.42007,-26.859661,-1.0316887382183317,1.017498015068258,26.148716,51.749706
724218,-0.14758502386983705,-0.18654216492186096,-2.3736382208655544,0.2670268337498137,3603,15,-0.09818384919518058,0.4563835361342961,3.0315263,-0.17375596,-0.6845256479883783,0.30731940824344595,-15.639461,33.283802
724816,-0.09888047523416099,0.19642259716519336,2.4492697753703165,-0.8242081968127144,3606,10,-1.3721145405669766,0.2636692529068295,-23.994675,22.690813,-1.9395533639240863,-0.5546780202449273,-0.83502585,-15.298098
725420,-0.14388080504125933,-0.10112884702961125,-1.7805388398868605,-1.496814630222794,3609,11,0.3648094698741818,0.015925391643611647,-7.608387,-32.056137,0.1078566802110771,1.0054152663177267,-54.224815,-2.2568295
726236,-0.0796786265804768,0.22513162858965585,2.010344236213739,-0.19877000452842025,3613,23,-7.299849103682672,2.0957477507419497,-8.816406,26.859951,-4.124423039442553,-4.356176307222216,10.687182,-14.465449
726516,-0.18278098340187968,0.058526754911205854,-2.807439723562133,-1.2880773915935348,3614,102,-0.2019603381123767,0.38388597169943584,-12.907934,-21.820322,-2.2307488482962494,3.3971620318728855,-47.479767,8.330536
727344,-0.13608374210062402,-0.19362087292243918,3.932727985898989,0.3340682645794887,3618,126,-0.01958882845251722,0.41078704210925965,3.555157,-0.61072195,-0.7096943052746902,0.37926538520469927,-14.973865,33.622845
727442,0.029291947353632553,0.06054024791249793,-0.16660853180378676,2.5735331339496397,3619,23,0.7000434614188786,-1.2267028553222907,58.91584,-6.890588,-0.5659821965762586,-0.0899514172935403,28.04508,26.175434
728422,0.2066261322765811,-0.08230465703519411,-0.7642476623737208,0.7703696381862818,3623,199,1.7579035371546012,1.412320111410691,17.940561,6.9391217,-0.4487705464392986,1.5249166163219499,-0.2889487,22.516787
729856,-0.02948360976945344,0.21357293526467785,1.2531282723856443,0.9097007117355379,3631,25,0.7555329543851198,-0.0841304262758804,25.323217,44.560696,3.740400390000073,0.7065030895746875,39.1439,-6.711506
730461,-0.13624545349733228,-0.1751830307228801,-2.622363448600113,0.7811049202696707,3634,27,0.32180312687572526,0.12280395077962057,10.429164,-7.6287966,0.6504150187174984,0.7191394147228783,9.861136,4.850124
731405,-0.1823676755520261,-0.06343025391237109,-3.4428017811623786,1.2718725484880282,3638,167,0.28197859582807205,-0.1373340175745743,22.30441,18.527052,-0.20681153395690258,1.7080616381254163,48.433033,2.048247
732695,-0.04266090349992693,0.15467622457315103,1.0013715599545079,1.6770835868934628,3645,50,1.1637374762791401,-0.3003077095519083,41.6363,30.063805,4.077225820100523,-3.284421136161016,37.789616,7.247358
732758,0.03951230648826487,0.15572770674602826,0.4849523625499564,1.674721457822568,3645,113,1.4111020527321314,-0.6159369012602143,40.258305,27.418161,2.5440224951795636,-2.218006648503463,33.280586,8.759428
732826,0.08468279792066569,-0.008095055153063815,-1.3037698925927255,2.4169336116151414,3645,181,0.6686368184907504,-0.19321544348790937,47.66139,-23.752615,0.0895032752220682,-0.962144000006249,21.872917,51.05742
732846,-0.1439317164842352,0.13221986876852965,3.0177666202245055,-1.2383731855965825,3646,0,-0.7220961904133704,0.15403816260559144,-16.033783,-16.58031,-0.2605035365205978,2.9504814979649288,-42.40618,10.196339
733048,0.20623232952207823,0.04422814657419264,0.7086291822683091,-0.9947425101251214,3647,1,-1.9801377220036562,0.9045220569307436,-30.047081,33.951534,-0.19750993687035123,0.3612616733124159,14.525459,-32.571995
733242,-0.1542509140049628,-0.18257526962914206,3.9201489190879175,0.18147284609692285,3647,195,-0.14905381616997096,0.5292499643214797,2.3900433,0.59356225,-0.6106990465971007,0.2307668231499197,-16.67259,33.117573
733551,0.14005468297318535,-0.18069380488244152,-0.6022012365812416,-0.6184526020983291,3649,102,0.6679468119862016,3.9384475934575587,-20.878572,14.309656,-3.569269197978057,-0.9121826881265535,-18.038216,0.2149927
733719,0.22492600284453307,-0.08168441240361889,-0.2719063156408723,-0.15289002786860795,3650,69,0.5170350042179298,2.253729882917336,0.2713798,41.492207,-1.0619203574487481,-2.2849078821389894,-12.298755,3.2662585
734936,-0.0835139357597626,0.009382016872621995,1.8166704460435168,2.4261010460551105,3656,80,-0.28756892634179393,-0.8187463563259698,46.085915,10.337252,0.04952701331900388,-2.464617945816407,47.88113,23.501348
735093,-0.08298373064608981,-0.07887969515753529,-1.308040420385919,-2.1470071329184752,3657,36,1.0328608048703476,-0.5629382805369076,-15.688081,-40.44796,0.21372233695741957,-0.877973587102449,-50.787415,-13.188875
735210,-0.18269554782899242,-0.07692028919086029,-2.1441794833677625,-1.1978200574583244,3657,153,0.13419756322523893,0.3828600848143148,-7.7535853,-24.48572,-1.1401982957905799,3.360681806352805,-54.26547,5.6982584
735566,0.1261583102423349,-0.09379148924272117,0.21730623875373276,-1.7131950468600845,3659,107,-0.12826646185434765,-0.04539143320918852,-48.307713,7.925219,3.195324797391867,-1.2803099810626617,-2.7229629,-43.459682
736131,-0.2139086965591096,-0.0819447393904411,-2.4727607778327103,-0.6059876520281344,3662,69,-0.08907610152695478,0.290043850519575,-9.753919,-9.346719,-0.4371255926150943,1.3821274370730339,-46.727573,16.627316
736300,0.2100709395686268,-0.022276377444085275,-0.6001536015163867,0.989012508793984,3663,37,1.234636592189117,0.7675773544355371,20.593115,5.839701,-0.2578536372851079,0.8771146594312679,2.5005667,23.176638
736721,-0.22472478007867094,-0.08023180221654273,-2.69129341426977,-0.2147640946706645,3665,56,-0.7906761063407216,0.5175595617407173,-8.814943,-2.3227577,-0.12043528507655377,0.3059263707943311,-23.821907,25.236357
737087,0.1511907894538404,-0.10926542003077068,-1.306303956644096,1.361011404159635,3667,20,2.1400943783673045,0.6864638828860744,30.227041,-10.659674,0.2495757590396684,4.314565519090148,2.5684032,49.938744
737893,-0.020070584364663843,0.1873137576839281,1.009344028205318,1.3363891711970723,3671,22,1.3253718268377561,0.19690808530904055,35.86298,35.720886,6.79531443769581,-2.323342253529498,38.124207,1.6221939
738862,0.06401943853854103,0.21817590402672077,0.9595751612170618,0.6516047786921871,3675,187,0.6536473563151624,0.4134847230265158,22.27754,45.427227,2.5307808546898967,0.3677570339924708,36.91799,-9.269805
738948,-0.00017297825639860792,0.2090834495363436,2.0848165895590505,-1.0263858922484659,3676,72,-1.1591478531274018,-0.3426418778078097,-26.281576,23.974558,-1.1986192509867595,0.3938458302818484,-1.062048,-22.273823
740559,0.16090561046594487,0.1740990176090078,0.9812404495635652,-0.31295973464976135,3684,75,-1.9364699236007576,1.7697890787174342,-17.470217,46.81653,0.48164421568414395,-2.368125302950548,24.805403,-26.13349
740690,0.004511577156465552,-0.13804352051740165,-2.495720727175851,1.9151901054316303,3685,5,0.27623544965116387,-0.5981397489657483,29.675503,-30.401045,0.00466943242292266,-0.534792502003324,27.556717,40.491993
741498,0.16539983156441057,-0.14395397627671913,-0.2975129214954339,-0.8373425877090387,3689,9,-0.07012469362024579,2.6397246131311354,-16.699087,36.303608,-0.4253596867543359,1.4123324805090693,-20.490406,-15.444787
741523,0.2099555482517233,-0.09240905219408792,-0.11619582441428768,-0.5968504258806501,3689,34,0.10175930006226983,3.169279648572725,-14.215614,38.74588,0.9063032654529161,0.6027535659135409,-17.90085,-15.29863
741746,-0.084901232011381,-0.1612639531928245,3.519329353480306,1.4169160801745384,3690,56,0.4580353925963111,-0.16085881182794629,19.925068,-17.278547,-0.6768682020949678,0.7210454135411876,16.746918,13.357817
743369,-0.06804761073789949,0.006012428102047121,4.335634625882177,-2.5643386269039725,3698,71,1.9916028262412493,-1.3478676747214597,-3.1246886,-52.523136,-1.1821364011587407,-0.11263748820460111,-60.8616,-16.789785
743861,-0.15642821194293882,-0.16156559578492996,-2.696836871945846,0.7135931722141085,3700,161,0.236372641195683,0.12464791246913255,10.427225,-7.207904,0.4649897823159758,0.49590552534744486,10.004075,4.3581457
744046,0.13327293264629156,-0.028568438422395356,0.7556564747369499,-1.9336424169354587,3701,145,-0.02486611289290383,-0.7345847304271995,-55.55267,-2.7997668,4.000544681921257,-5.137693683565175,4.150301,-49.967945
745188,0.0831758391822872,-0.04190543418389618,0.7055672377371418,-2.344528185955567,3707,81,0.2617327123789238,-2.0514254117074535,-47.550373,-18.08415,4.0616990027404025,-6.276199309739004,-10.494228,-52.513393
745312,-0.07080188352352479,0.10379948335427341,-3.0939689789032605,-2.0396141337971563,3708,4,-0.12816758852941995,-0.5771076903446113,-15.048066,-53.125614,0.31892522045230787,-1.0148267408346618,-36.439796,-37.901924
745699,0.22570357491618365,0.07479650374826988,0.4562974000097664,-0.27258896905773844,3709,190,-0.12789588369616658,1.9348662424742826,-11.056128,44.467216,2.478348029126695,-2.3412814106671487,24.084415,-21.873522
747680,0.1573934958912791,-0.011635332525241071,-0.9269642341976769,1.7063466856812812,3719,161,2.003908566359172,0.365442997064103,38.47736,-12.200714,-0.2182918034713445,3.1858740610970355,9.205205,50.92685
749543,-0.08150749751576548,-0.056534925897171344,-1.39045694351912,-2.289413987565931,3729,14,1.3476200888121868,-0.8780698871949827,-17.40234,-41.3765,-0.13431103362832153,-0.5361264174574563,-51.102283,-14.367075
749708,0.10362667637378187,0.07574956191220981,-4.645483075701871,-2.012964205661769,3729,179,-0.3428529462178798,-0.8995008397384116,-36.759388,-24.668297,0.13763046343783664,0.4610894705648249,-23.573421,-43.787636
750200,0.05149095826722293,0.15439474357164085,2.074455869829856,-1.6511238086028988,3732,68,-0.7600255042564946,-1.0033421564033291,-31.604904,-21.003235,2.5888742500067723,2.5469474888579433,-23.127745,-38.16518
750655,0.20008161499101504,-0.08944652235472729,-0.8401555387904543,0.8395147797809387,3734,121,1.4735351665640333,1.1722340367826605,18.238,5.973336,-0.447043997186725,1.4483698531615714,0.4045019,23.503416
751772,-0.043915674877603145,0.11602167111836005,0.9050669767291283,2.055152154363662,3740,32,0.6085905241736036,-0.9057214397014833,49.15578,19.605373,0.40003593384957126,-1.5436975616051485,37.80866,14.303362
752263,-0.06837657104067348,-0.06623013032102641,2.7481026755282345,2.3258869520507504,3742,121,-0.3358962525875725,-1.4272517426965006,45.515507,2.3753471,-0.6394776710019207,-0.8929635884638373,44.783264,33.946053
753487,-0.2057265432269101,-0.08220249725212143,3.126972128806623,0.7895151847696379,3748,139,-0.010069211605920246,-0.24230708495926925,15.437644,-7.8880453,0.34273895475244814,-0.1615144749254973,13.522889,4.853886
754283,0.17256402561358192,-0.16214889845359862,-0.5906140896830153,-0.32735502743149136,3752,131,0.6975855122688618,3.226707118151646,-16.552574,14.7768755,-3.8127451481446517,-2.043243146971781,-15.360215,3.3316972
754504,-0.1816595573485495,-0.13774507832334187,-2.810682240198591,0.6357116574992308,3753,151,0.128345843759572,0.16373156353688084,10.377093,-6.5903544,0.32267205551110534,0.3241908493683505,10.291555,3.7344823
756538,-0.09769787366463897,-0.2021331866950407,-2.382318850050283,0.7225925164358844,3763,175,0.4019019466453186,0.3030840294193769,8.240025,-9.501548,0.6769619409341766,1.1404609108347274,-7.700463,36.79599
756955,-0.07816520064969312,0.19317850184441998,-4.84692164383209,1.0380425878036492,3765,190,0.588433336458557,-0.14250790961688542,22.243221,25.568241,3.2870563636802084,0.5280846116811277,43.059452,-5.510341
758034,0.04166858167128955,0.03506859793239031,-0.6422767822930417,2.683756888539771,3771,63,0.3018890425410513,-0.9845651923969385,59.41052,-8.990745,-1.1859333993421763,0.6364990699290737,27.573404,29.12045
758194,0.21605250975275386,-0.00592656536517551,0.42232205387631383,-0.8994926214546197,3772,22,-1.4091342026220832,1.2768830409644856,-23.708189,36.200455,0.22344322147176685,0.8632072589536163,15.628875,-29.404797
759812,0.05829693239036223,0.14381026114614837,2.053381134975847,-1.7354305832356332,3780,32,-0.690369097601195,-1.21759912416392,-32.453613,-22.34307,2.056981795250894,2.0661174582100656,-23.647104,-38.989323
759850,0.11313069299348832,0.015287112311018092,1.209394196125209,-2.1501597305552855,3780,70,-0.2991011906921068,-1.8232592023376955,-45.104126,-23.464308,0.8765761187161996,-2.4388949970611513,-14.513489,-56.963238
761540,-0.04219671735000524,0.020583338749406904,4.061661380238819,-2.747809153392896,3788,152,1.391162542201839,-0.8233540131388035,-5.998522,-55.960686,-0.7397022220199876,1.1624004917489246,-62.65771,-18.162376
761724,-0.19053269181300092,0.012264762280058641,3.728226137047672,-1.301831403910944,3789,135,-0.04110964323574778,0.3889599068763564,-10.82422,-22.883785,-2.084500157711114,4.003598375389441,-50.153305,7.2925906
761734,-0.20162369640776395,0.05118189479115065,3.4151552545203576,-1.04432038190648,3789,145,-0.06605204955956939,0.1495133807203629,-13.047377,-16.36424,-1.6367392262103366,1.5887895660427964,-46.289726,12.226048
762241,0.022216093353274527,-0.16433147095548892,-2.2444235850913623,1.616006617252019,3792,49,0.7939899625750232,-0.029163175617244613,20.993395,-23.951283,0.35174530905207385,0.14258265543188567,9.558644,39.722813
763147,-0.014114060253121653,0.21192508094611887,1.1529463637561803,0.9687020990400813,3796,151,1.0917590084583249,-0.06925916693487448,26.633335,43.220318,4.906297921247938,0.4156627300588101,38.38666,-5.6675544
763379,-0.05526361428981206,-0.07396756969793691,-1.0365662806220897,-2.3517875323076582,3797,182,1.3534845190876035,-0.5151807600244079,-20.96672,-42.89392,-0.0800048054418742,0.08349370755062605,-49.402443,-18.126604
763435,-0.03508131133844582,-0.07727328828180398,-0.787583102582851,-2.4187607972798797,3798,37,1.3052521387507467,-0.3668697589263088,-21.702703,-43.047024,0.24323961636439853,0.2874407844046037,-48.20234,-19.51859
763626,0.0693945915822137,0.05402048627551645,-0.5341675089937202,2.391263556943758,3799,27,0.7090204436434142,-0.6414811532883138,56.854774,-9.808835,-0.5299158232169586,-1.3882726428310221,25.079536,28.336882
764284,0.18290520325835768,-0.1164975924525863,-0.12434576096458258,-0.8855712406753622,3802,82,-0.2287377328507452,2.099788390154121,-18.367035,36.07106,0.15771685619333944,2.026266611542819,-21.527428,-17.345945
764329,0.13518478215931257,-0.12739269875578962,-0.0700171295926094,-1.371428744153273,3802,127,-0.11801703790130519,0.7002965335654968,-40.888645,7.50105,0.17511395054765305,3.5114060746486353,-2.90706,-36.952168
764977,-0.2172360639192707,0.05939460315550949,2.5217982092730087,0.705813308813053,3805,172,-0.014988491984671372,-0.17237933002178477,9.279998,23.30177,0.543732426325963,-0.06422135116606377,19.062847,-3.658318
766493,0.10553781091963246,-0.19973716340309494,-1.4291198640148555,0.6888384562377337,3813,80,1.0319809007400327,1.162862137367718,15.864888,3.2585227,-0.7267395303168437,2.604185783903,-13.1310215,43.610737
767514,-0.17875073126897056,-0.06467225648819136,-3.451091327706163,1.313296041802903,3818,96,0.27173286255023416,-0.14367677264563855,22.895418,18.439339,-0.2497559711931309,1.9749811897794556,48.755894,2.271247
768484,0.08843666965040427,-0.05542450829951491,0.5610697936356699,-2.241801549156888,3823,61,0.4204101287981345,-1.9433654487866563,-47.901985,-16.653233,5.079585193416434,-7.442748849751136,-8.809829,-51.458717
768735,-0.010984085752968636,0.1483805417021451,2.546813093918059,-1.8042501742113175,3824,111,-0.34695029388863624,-0.7395234520465509,-23.207293,-25.330767,1.8551028878873057,1.9491903349825022,-38.75386,0.86389524
770060,0.1843375860169802,0.02396036217415959,0.8140738427963186,-1.369635276454008,3831,29,-0.8502022579896814,0.15948343313910548,-35.562084,26.91525,0.7939142252845104,0.47449873385679064,8.720671,-37.471577
770087,0.12238438414553394,-0.15594332901188526,-0.3065171495094426,-1.197750508922345,3831,56,-0.16180752259246495,0.9022871741692564,-36.468662,7.9909678,0.2103410985267959,3.5810362354386593,-26.412798,-16.246538
770427,0.2188062781073762,-0.0727320142595167,-0.039777851153963886,-0.562271582234753,3832,195,0.05552350572579218,3.0242392169176684,-13.949504,39.21091,1.4068735807809267,0.48279347940001344,-17.504698,-15.790766
771575,-0.09202700857937123,0.04082588979804648,3.8619678328007807,-2.2758374557415877,3838,137,0.6689987884000305,-0.8688459953222795,-4.0351753,-45.5932,0.07038306919997012,-2.201572629386764,-62.388844,-9.432973
773091,0.04589926783068898,-0.20501344408981625,-0.8459474720292925,-1.0091934294196583,3846,45,0.4448310908196034,1.9565581241306027,-28.182737,8.740919,-1.5966408264906384,0.8356597802737951,-26.601973,-4.4527698
773558,0.2081446402132186,0.025098100777290265,0.6283453505609327,-1.0166892045496065,3848,110,-1.72665372589298,0.887850188959562,-30.224264,33.65948,-0.28282421431845073,0.6636665559167612,14.169987,-32.34629
774877,-0.02260281239140935,-0.042110766699844475,2.849460858597047,2.7406342934164285,3855,22,0.1400627124476778,-1.6335092638861846,48.845745,2.31748,-1.8490723398469355,1.1942847037013349,47.35972,36.01592
775682,0.1860316249603996,-0.1016894807480552,-0.9880233398513715,0.975550449551013,3859,23,1.1306225609290688,0.680588925251443,19.284315,4.5525928,-0.6004659035655651,1.7653300362609432,1.3933582,25.14899
775814,0.011597473955321513,0.1602810902735145,0.6614171301972636,1.6742959670457656,3859,155,1.3861770713537889,-0.6790177550013244,41.249844,28.254877,3.367746378236829,-2.9487085885456583,35.289215,8.5990505
776731,0.09375476400022566,0.14155232308191065,1.7707291475072156,-1.5698582730940034,3864,67,-0.8261986148516798,-0.7665228114912279,-31.885647,-18.844902,1.31575752021573,1.9571087429603993,-21.473915,-39.178192
777678,-0.14311278421767132,0.10616487894200026,1.769289412880477,1.4681072461949156,3869,9,0.29788266531652546,-0.3408204766649427,28.68749,22.671421,1.4103345167541745,1.3302083502755073,52.09197,-4.0532384
778417,-0.10327799754451203,0.10876294358784423,-3.057111543944952,-1.7914817948028823,3872,145,-0.1749941908191462,-0.3192058288628654,-19.625792,-26.306812,0.11324715825245715,1.7908106390834269,-43.582054,2.3942091
778486,0.08654107999151239,-0.024731296238555245,-1.4647306882109568,2.372749387894373,3873,13,0.5938418656335032,-0.3469400741923999,47.10339,-23.900946,0.43288482901029424,-0.9093730569825511,22.205637,50.17831
778670,0.074860373345606,-0.1346803916836355,-1.937135504973818,1.7473057688523328,3873,197,0.8824861530802418,-0.051233622103555074,22.46612,-25.948015,0.8413043414002256,1.019449184166021,10.9706545,41.610073
778901,0.035498606170832836,0.0016209410439452093,1.4678153382593664,-2.8443698605644236,3875,26,-1.4802577186091834,-5.7323403745080475,-47.13529,-30.79064,-2.4988995043744366,-0.2927529823968421,-22.557718,-55.574097
779014,0.18029598848330325,0.13132610801809305,1.0075602705022444,-0.7560649629780699,3875,139,-3.66363308672135,1.3342875310932365,-27.362356,37.92601,-0.5322835600242922,-1.14040492879355,18.213848,-32.432926
779286,0.18905581059746526,0.02979533445115249,0.8040452308933932,-1.2954604373167826,3877,9,-0.9959529992483515,0.3326901074686012,-34.638393,27.654284,0.49317083028152103,0.648627242125212,9.101178,-36.598618
780590,0.04556587449538647,-0.045219104030288705,-2.081598282496247,2.600039580835113,3883,107,0.2292757079433642,-0.7380866157502641,45.946358,-29.355562,0.3001336421388734,-0.3856227863840608,28.637344,49.151173
781126,-0.1485979231557287,0.1431642609106314,2.910809513522611,-1.0719871517862183,3886,40,-0.6470804668955229,0.10286405829805659,-15.293359,-14.083283,0.10253989787557427,1.9820375376769,-41.884823,12.696566
781462,-0.17343041165087125,0.049819443453637764,2.1419334367573666,1.4398640521668842,3887,175,0.13370644256629172,-0.35411353978423027,27.658949,19.919226,0.17106218695914072,2.7674375242250107,54.12438,1.6579763
781558,0.16589487248045606,-0.16878943762156348,-0.9609135556846522,0.333733929677056,3888,70,1.6503224995267325,1.5500725046098807,7.5922008,10.911846,-0.6688647393525579,0.9050380200423853,-5.8016915,20.982632
781874,0.19033074458612995,0.11721593023110138,0.9246275316003294,-0.7452644844033346,3889,185,-3.4276469838372177,1.4048503756882496,-26.79287,38.062218,-0.23334907379503753,-0.9589820694223782,18.223783,-31.76342
785149,-0.08768337214605745,-0.11565767451753452,-1.2981250881305264,-1.8427085664608736,3906,43,0.864461854249739,-0.008695723383987029,-13.835171,-37.02374,0.2892057363160849,-1.2616345087491476,-50.352585,-9.275847
785163,0.01550064692066161,-0.1566574442189298,-0.6167847478758726,-1.7107729527972835,3906,57,0.3506787271773646,0.19442586592612887,-40.267933,0.4344527,0.46975858900360906,1.1502998016049522,-34.06467,-15.711185
785629,-0.0743426886263118,0.18195090322117424,-3.7133191784819903,-1.2223664557001284,3908,121,-1.066118947163495,-0.26546901052528116,-25.544067,-14.947433,2.599050742679816,3.503096362572765,-6.3161306,-20.457722
785728,0.07707198900877758,-0.1284656063131122,-1.9270892462879474,1.7933404158565989,3909,19,0.7951565628444566,-0.09627338251448019,23.122858,-26.549288,0.6519697987713209,0.8943947740840337,11.559702,41.768204
786014,-0.14190034953245614,0.06125207824814092,3.6052014389234515,-1.742206477976664,3910,104,-0.010494885720161704,-0.24345904980215824,-5.0358844,-36.34982,-0.9229408255139538,2.546584485588068,-61.244972,-2.6236196
786335,-0.033622724786421365,0.21825064103689384,2.1260965889083505,-0.8048927509842869,3912,23,-2.944123804225975,0.4668174013410319,-22.55683,24.21968,-4.276503766503734,-2.240856704791245,2.1877007,-18.262167
788488,-0.05001917941523934,0.11487152603841197,-3.280155139203992,-2.0431145061288842,3922,166,-0.24252546134882788,-1.0791330711558815,-15.7107525,-53.579765,0.19880066072747693,-0.850323151252094,-35.307693,-38.27861
791067,-0.0949616250913346,0.18850700460008837,2.533475301246017,-0.9920613985052381,3935,132,-0.7418005955888987,-0.1477440869021776,-27.273396,-10.372687,0.49560234786015295,1.5143432042012444,-3.2877204,-15.836277
791142,0.08964518942108309,-0.10706883020388397,0.07606200801785759,-1.8996061711670675,3936,6,0.2084165067540622,-0.37184423861353044,-47.80891,-10.449635,3.847336239047061,-3.3420056026265925,-4.8750362,-45.110672
791407,0.23364522729961407,-0.0024647306915439836,0.2198477673515445,-0.46079281367918384,3937,70,-0.1980433895285943,2.3544406691667765,-12.695841,41.15753,2.2348193804449,-0.5646646859358773,-15.332591,-16.883528
791748,-0.20996254658481217,0.08024217779251629,-3.148513090255063,-0.716249369143866,3939,9,-0.7135160954444238,0.2526743575432068,-15.960132,-3.53518,-0.367509468096262,1.1098077689968753,-19.808626,21.212387
791828,-0.06866200582405077,0.2290504864208619,-4.3355065806896125,-0.17127692880411427,3939,89,-6.8204593615821025,2.060124279118234,-8.152009,27.114975,-3.890201414088455,-4.125590894334973,11.458043,-14.447799
791941,0.22056400740436022,0.09395276433037951,0.44917750076275725,-0.09297788246874332,3940,1,0.09264592436211766,1.3871563323161085,-9.173701,45.906273,2.4087723235609633,-2.7936784617657917,25.478691,-20.178547
792375,0.06910516716779799,0.09736011316464137,2.0036495297249672,-2.1002380021066833,3942,33,-0.5703490095803075,-1.3165635045771682,-35.596054,-25.593506,0.32411454977795295,0.3580044845044456,-25.932863,-43.416096
793119,0.05587897113951112,0.02750978579983089,1.765753175117022,-2.6165526652422932,3945,174,-2.32400696169633,-8.659012280230748,-45.39063,-32.289055,-1.970255683592769,-0.9843617644860821,-24.952372,-53.47074
793367,-0.22356384116336742,0.06353239548146689,3.116776289860315,-0.5041286522855658,3947,20,-1.1238007954850626,0.4474696637224133,-13.499242,-2.2351868,-0.0870642285119437,0.7439844880675447,-19.514423,22.945902
794031,-0.04194700349121232,0.06565601658961273,0.899149256488922,2.4803454858788383,3950,81,0.504804774296699,-0.6541622337840446,52.984608,15.272038,-1.3812943161616598,0.6477387639343972,38.33463,19.806503
795829,0.23939297809082502,0.007817078519907934,0.09586050035689894,-0.1264366971137661,3959,70,0.2945717368224059,1.7003922839562273,-7.932001,44.73519,1.5892366349705755,-2.5096972827676662,24.62062,-17.59704
796545,0.07432609584790216,-0.013112023814638468,-1.4255091752196298,2.5017873668765085,3962,183,0.618133017082514,-0.3111380365729117,48.058594,-24.878698,-0.10973111206012592,-0.39504979346734365,23.151695,51.02726
796598,0.07053935197637946,-0.016952761826959886,1.0278521548478525,-2.5274193340593576,3963,35,-0.15019093664568267,-2.7123718498079055,-47.55485,-25.936367,0.9283851432462941,-2.423041230462486,-16.786207,-54.17974
797046,-0.08697057971266349,-0.07148540753232463,-1.3710623371931006,-2.165096413633478,3965,81,1.0854692184958377,-0.6040277062671158,-15.506195,-40.620605,0.26943428634225275,-0.972051899554868,-51.179054,-13.042956
798029,-0.04146106473721301,0.17816588963232174,2.5035385818684914,-1.4082022458345849,3970,59,-0.8699931990951775,-0.3055390746515794,-25.7431,-16.679295,3.75227279100942,4.265411446113454,-7.5710526,-21.803297
799840,-0.08559931575717664,-0.004181663050425735,-1.8871332577469526,-2.4112932140548375,3979,61,1.7383980906169345,-1.3356818125494492,-1.5310429,-48.442665,-0.7373547911954101,-1.0503983503393268,-60.43519,-14.045786
800307,-0.1175017688731203,0.1386000059623479,1.5620691367262054,1.4238574655593534,3981,126,0.44206921377647546,-0.011592120289571076,29.343006,23.603542,3.0651406220892743,-0.06635715174788258,42.754093,-0.36837402
800901,0.03159869343769921,-0.03515036668327334,0.534003651219791,-2.74512204179187,3984,117,0.212074941037474,-0.9251868499849734,-56.17341,-21.815662,1.849951800031082,-1.6810925353164667,-13.074798,-49.150124
802740,0.005464437667803704,0.12736356485832684,0.5171026121497639,2.021631531360013,3993,147,0.7011192945838076,-0.8390549719928059,49.278374,20.643692,0.607232743919351,-1.175804527147975,36.333244,13.707639
804541,-0.22847779551285402,0.03154202149496437,-3.5589073246580916,0.5602578233710727,4002,139,-0.3390182265402133,-0.20210373783119687,4.1583138,21.582315,0.684173491845893,0.5802827067662429,14.753877,-2.5739548
804823,-0.09336847034083642,0.20630108168627917,2.333478640473021,-0.6753640122713289,4004,19,-3.564317195418793,1.0310760056727666,-21.409595,23.64859,-4.121351696330901,-2.367930836167787,1.6154534,-15.85454
805318,0.20745098668762066,-0.05305234410282347,0.2182421097519201,-0.9372209754277269,4006,112,-0.9147339277796624,1.4267492385324168,-21.761003,35.77968,0.1730918301648639,1.668852932604752,-21.911608,-20.076626
807124,0.11147989599590219,-0.20008287365094862,-1.3657933985074036,0.6066546935245939,4015,109,1.1503739994180888,1.3254287419640152,15.0737915,4.2585683,-0.5625902184265102,2.2956893215460674,-14.264555,43.116352
807188,-0.17898564479643503,-0.1193709722717087,-2.094229986372115,-0.9183549670324557,4015,173,0.24447897041594494,0.6087696417815079,-9.025572,-16.779114,-0.8714048965474137,2.3399084355935416,-53.26123,10.342276
807866,0.2017719827327658,0.10800340597764763,0.18558379893737045,0.6117672637432705,4019,47,2.168805913866408,1.5281467548882,17.639315,40.955906,0.35846711075391985,0.7858406751386626,0.9744203,9.544383
809316,0.15080537475020123,0.1028075028793069,1.3051010215159742,-1.4134941198177111,4026,90,-0.679460055364955,-0.2559843835216959,-49.92907,0.6217479,0.44198200168458396,0.8388384800914103,7.6506205,-44.205223
810276,0.1606100256036913,-0.017294116301520238,-0.9396995059365368,1.664870203864039,4031,45,2.074313298714281,0.39623945915915215,37.862976,-11.998067,-0.33462163605314527,3.6188554353919784,8.654864,50.83023
811984,0.012877840321918944,-0.21929511402616592,-1.0976050779787916,-0.8290696434388553,4039,145,0.8923985019924073,2.965613267840689,-23.645908,9.491549,-4.27870103305595,-0.9052727611885762,-25.28348,0.053074416
813270,0.13757888707872595,-0.04520603471862979,-1.2405097609972247,1.8460818031530317,4046,24,1.526731678755613,-0.0035694141211211304,40.14201,-15.127431,0.7789093702949174,2.062303883380597,11.397222,52.93968
814667,0.17585682027905414,-0.12950806274872576,-1.0622923978102825,0.8550521589285544,4053,14,1.2340861089860027,1.0623498222283272,17.676851,4.540658,-0.7123059771178007,2.112446635344269,0.0024242357,25.208902
815984,-0.07196190912127251,-0.1914321129801545,3.8020621908048273,1.1015110257758998,4059,125,0.8838843460747987,0.13633813363945235,10.272222,-18.4065,1.0714478033586836,1.5039484844642483,-0.48568422,37.567905
816520,0.16932721471476425,0.16697249766453431,0.6430661045637969,0.2706606648894615,4062,58,-0.009387186994802232,0.4210314953886826,-5.7457056,49.42791,1.4642142258741315,-1.218826478922818,29.256006,-18.377674
816585,0.1494471165074432,0.17868875930405764,0.6312374683514224,0.48608069859940084,4062,123,0.6116719389705444,0.5141493781588301,20.45327,45.613678,2.01940533333878,-0.15278046798531753,34.125923,-11.239315
816602,0.23258525178271316,0.05512121544011641,0.1426566951829633,0.1800873741658517,4062,140,0.4790654764016275,1.144589768922811,5.6873817,45.4105,0.4840841710260727,-1.579667188103834,26.968166,-15.806581
816963,-0.20645925779390478,0.11014025034289888,2.427464040474627,0.448126539727669,4064,99,-0.5855143331184203,0.16488137478058404,4.490874,24.967775,0.5247324249530284,0.23190771083717182,16.75875,-5.7831388
817038,-0.08769956242303328,-0.12708026026749003,3.2364003330751157,1.7438601294690361,4064,174,0.18031360334196497,-0.4634501395456069,28.278477,13.2942,0.18256245224076922,0.20563078278343716,20.59957,15.192393
817899,0.05579041958703823,0.03852886177340231,1.8887798368381377,-2.5687810404916482,4069,30,-2.344319917100361,-8.59112547654135,-44.503742,-33.525234,-1.5696205778236718,-1.0892876291728082,-25.930376,-52.517643
818270,0.1677498081088994,0.03734060803283426,0.9916742670782394,-1.5452963713633205,4070,200,-0.40820282301406136,-0.5700892619809826,-52.35667,1.7418541,1.3794391126031904,-0.4616843866931954,8.234792,-46.647083
818665,0.20481037043879982,-0.11566206615409805,-0.31401069731477016,-0.4001386492720139,4072,193,0.5211001721844685,3.505333851193924,-9.175412,40.723766,-1.0201502000921923,-1.043382839157285,-14.733951,0.87909365
819449,-0.05587433652427873,0.21778351598296902,1.464568839640876,0.7147396058026867,4076,173,-0.24911688540816548,0.1902485195320214,17.124062,25.004576,0.37468741264220523,1.232433820252071,42.94065,-8.612158
819479,-0.027615966146140786,-0.04845951189746751,2.8581615528240456,2.6725033302505277,4077,2,0.09372271081118272,-1.5762283958321557,48.41072,2.2916095,-1.6187583777410945,0.9563837731725878,46.8876,35.811924
822020,-0.22945678317219792,-0.01398618708951031,-3.372108463056676,0.5827879194207782,4089,131,-0.33746182415007686,-0.09687172086347706,3.629978,20.843431,0.6160812218623708,0.5113978699622046,13.863342,-1.2094266
822111,0.07433547709401814,0.2147858626940527,0.9106484996335258,0.653919105351618,4090,21,0.7382770303219469,0.41465561314001853,22.287418,45.251118,2.843658293520433,0.19721689323269004,36.59045,-9.187284
822577,0.06904097798783268,-0.12672601816364276,-1.9976161357506328,1.8513316952897847,4092,85,0.7004877904650888,-0.13898267250614899,24.076506,-27.294424,0.26195219381760204,0.43354340267186126,12.524202,41.91387
826114,-0.08249424460805549,-0.20877606055525394,-1.58554217129467,-0.72311507743633,4110,4,0.5667776372369591,1.7479104768345455,-19.11706,7.68552,-2.6188239962238713,-0.07633983403367063,-27.106573,4.959966
827125,-0.121092407876038,0.20494710073959083,1.9768198100334995,0.25527757572988197,4115,10,-0.7729703089397657,0.08858150453539507,1.9947246,27.131546,-0.5701644382895645,-1.228148978118055,16.090424,-10.396027
827170,-0.09021227954460201,0.08106381371789288,1.3685443249687952,2.0820260304431866,4115,55,0.2055590604679123,-0.5541118667007932,46.579018,16.304672,0.6485354745094226,-2.57681918465682,42.689125,18.014278
827213,-0.1194795165468297,-0.07018238301590626,2.7173969996216885,1.9105992894326287,4115,98,-0.028965356602646063,-0.7179524465964608,34.19348,10.034098,0.26711659601551035,-0.40157522497602177,52.013176,8.775107
827456,0.012374729548647767,0.21917527534001935,-4.352720419730596,-0.832138214573949,4116,140,-3.1659784167463236,0.4535298472637174,-23.042002,24.799128,-4.30965684973804,-2.253356721608502,2.8519032,-20.223162
828795,-0.04182378423311894,0.04274219978478551,1.0263609777239109,2.6379471938072396,4123,72,0.10960387393469581,-0.8947744098202858,60.538704,2.635167,-1.3330468395453625,0.8288837641854618,39.49478,22.271341
829229,0.13314562123587426,-0.16493488526696104,-1.3797798349091892,0.976273355648681,4125,104,1.1966879322445125,0.7293312567024812,16.999128,-0.1977972,-0.42628000013086825,3.1027114099108024,-9.640315,45.6951
831166,0.12786082130110657,0.174992038010647,0.495757356502041,0.8880530984191201,4135,31,1.8496968283206845,0.8834877699730043,24.879375,40.126156,4.414810775249931,-0.07754481995618433,32.996872,-3.3466432
831999,0.03640712119420652,-0.029791296997971062,-2.0592980413980473,2.747016880817782,4139,60,0.33126533314475504,-0.7735592726118092,46.857483,-29.112133,-0.12918497710467666,-0.21046949809136173,28.30932,50.249905
832253,-0.037780092824359415,-0.14465997313000656,-0.9279883731196236,-1.7965334938079707,4140,113,0.77887755965764,0.23111553225088036,-40.106384,-2.718839,-0.18514561935838442,-0.030176979862530012,-36.418545,-14.436571
832284,-0.100951250119689,-0.12044080660057985,-1.411517488206177,-1.7137429717716457,4140,144,0.7431130950162496,0.06261144884806552,-12.202277,-35.92622,0.5672269486806889,-0.9108965966474643,-51.011803,-7.6386843
832585,0.19294669891380684,0.11225447221676321,0.9030197976536527,-0.7521951556955062,4142,43,-3.324094224242282,1.3805791319737324,-26.746271,37.925907,-0.15083510900578587,-0.9301071760055523,18.22775,-31.54491
833799,-0.18409409247853625,0.07733881693952663,-2.9512131941825217,-1.1761931124014369,4148,51,-0.20640782225126703,0.2900824486421763,-14.201069,-17.404715,-1.8929737235949242,2.322451320303832,-45.261143,10.796072
834398,-0.17274588294739918,0.14339465755630032,-3.47312990353608,-0.7225679334863103,4151,47,-1.119958263041969,0.2461314794527714,-16.872425,-2.1976507,-0.5309131165214553,0.5180670600683833,-2.5268404,-12.781441
835424,0.21736815526743059,-0.0016788058322905544,-0.44542617451342253,0.8754059976395643,4156,68,1.6008292629207501,1.1312009417304625,20.225422,33.595497,-0.4693672995762835,0.8172596454887849,0.5750245,18.094137
837211,0.07340243407779093,-0.21800333878049172,-1.5352785763428338,0.5785253246494306,4165,46,0.8800813735789939,1.0973666624441294,14.808824,3.3181565,-0.7117922438001816,2.092352143083495,-12.742055,43.24552
837279,-0.06408679706301833,-0.18369961564758916,-2.5319851953872603,1.2510469054592732,4165,114,0.800900428856459,0.029159152225870653,17.369074,-18.798138,0.3773786369593321,1.1810262579075435,0.67484885,37.23985
837523,-0.06666154487481128,-0.21706080854451254,-1.538972252046561,-0.6595819464017951,4166,157,0.6136487521812319,1.8135472845349583,-18.342499,7.9503837,-3.0514695242102174,-0.579819583618958,-26.731773,5.779848
837753,-0.07270869856924882,-0.04494509456597835,2.488613474227268,2.4132791909835354,4167,186,-0.37078762429857404,-1.13966354423909,46.37303,4.768303,-1.1192930714391018,-1.2703118943826543,46.94435,31.472095
837974,-0.05806495384073971,-0.0018618800871971486,-1.7832319747939116,-2.6526123819512932,4169,5,2.391586184832983,-1.537788026061254,-3.186242,-54.1525,-1.9867746533683992,0.6261608941255922,-59.985287,-18.396297
838040,-0.07069096005977735,-0.17092422912561908,-1.2720826000858079,-1.3817449888145992,4169,71,0.37093134502346714,0.35111894911654046,-32.065067,5.3035593,0.5789726001428922,1.213227502697632,-31.38431,-7.5671496
839082,0.01200214118211293,-0.034744586168175044,3.6279671369780755,2.834055606402091,4174,108,0.2536732211414733,-0.9589253034042058,43.311073,-32.45172,-0.7452710937985204,-0.5994933875784478,34.46452,46.77002
839162,0.04720818469876837,-0.03249854739036838,4.350618291269181,2.659325124543381,4174,188,0.361131605118899,-0.7188389028976242,47.0214,-28.473095,0.05769165914478051,-0.10278509215698288,27.51022,50.162712
839324,-0.16079112120546352,-0.13509241387806778,4.345637866753196,-1.0105675305023796,4175,149,0.24431868859724548,0.7384604404583353,-6.4287915,-22.943773,-0.9048654881488852,2.389822133169926,-54.456806,8.485576
839701,-0.09823236786152909,-0.053317998525486215,-1.5579498724352754,-2.172728204106479,4177,124,1.1578016054474618,-0.7140602322848403,-14.132953,-41.20514,0.34300520005181434,-1.2370249904192345,-52.649693,-12.348138
839841,0.23373121148016884,-0.048635070034328015,-0.10254231263815751,-0.20522283065488134,4178,63,0.4435155373160311,2.308999887893414,-7.7835507,42.51237,0.52209717091734,-2.128029551732569,-12.269001,1.552027
840139,-0.12684838649317626,-0.07740155239587128,-1.6905912880078586,-1.8062465210989516,4179,160,0.8227934498544301,-0.0114014266465059,-11.570313,-36.71056,0.6979965859864802,-1.2255455635770514,-52.981304,-7.283888
842064,0.20319592809715953,-0.09565375138195414,-0.07960940471935793,-0.7207253161842103,4189,75,-0.17089296173150603,2.7319732634112133,-16.393778,37.721542,0.8696223081111787,1.2189187095092258,-19.31073,-16.437365
842821,-0.01776031720439375,0.10756231250262323,0.635164218517833,2.198544358490257,4193,28,0.7095062338880253,-0.6716066739971082,51.369884,18.479961,-0.3295090542007419,-0.25368340113285254,36.809772,16.298887
843339,-0.23342097502504122,-0.055160231489889175,3.3382857654338927,0.07072408147570425,4195,144,-0.9906941365964154,0.3188586088150244,0.93499714,-1.3161359,0.26806161389347705,-0.7575997932362654,-16.327139,29.776447
843494,0.07974997974804804,-0.13811364022966546,-1.8910874842442522,1.6878888205815052,4196,98,1.1227928310995243,-0.017093745241704487,21.367126,-25.215397,1.2850675132343226,1.4362028025895357,9.998344,41.645203
844155,-0.08152252073172574,-0.18433849303280753,4.869820967953851,-1.1476340143217862,4199,156,0.4249714850342763,0.9133721260640787,-28.50874,6.370195,-0.5620460156981948,1.4290061944487007,-29.292995,-3.628239
845217,-0.05391137865203645,-0.23126463167590275,-1.9452858589069217,0.29092832038724703,4205,12,0.313765171860222,0.6848820549552114,3.8138502,2.9062557,-0.8669832444714214,0.18858382597294499,-17.727861,37.63177
847311,-0.11439700951404366,0.18767062696466738,1.7048791409630832,0.826676822570797,4215,96,-0.2366761097352272,-0.08576146837421095,17.814386,24.323362,-0.07994865558655362,0.8545291509868614,45.077717,-7.764462
848350,0.17050594949005124,0.1243021482446616,1.1265758183381687,-0.9932760999603553,4220,130,-2.5102581808632323,0.9447650004570156,-30.939135,30.3406,-0.7731883030574644,-0.19240046404688715,9.388514,-31.866583
848431,-0.03301157821054833,0.09853968422936267,0.7710856545704304,2.2459352583874,4221,10,0.752372742889194,-0.6249626066135654,51.319614,17.885248,-0.6496237658868256,-0.08000707631236374,37.492588,16.855015
848909,-0.038171799667623935,-0.04148719906954153,-3.6482784541806894,2.6673597107610654,4223,86,-0.31498594602797564,-1.5510474400812506,48.116516,3.4699337,-1.9037297577646417,0.9821018843254674,47.638203,34.51113
850641,0.1891867049343215,0.10299985165044118,0.9552142623933731,-0.9133073818746245,4232,9,-2.9138108384327994,1.1349791897465145,-29.319122,35.760666,-0.5243345388282995,-0.3903226731790021,16.475061,-33.08007
850691,0.23076214420289612,-0.06592128652564674,-0.27078341797177663,-0.01494630567913606,4232,59,0.6110707692405302,1.6608674062018276,3.0687568,41.73814,-1.3372613406252367,-2.2502121831979105,-10.8631935,5.375986
851297,-0.07071634180195749,0.09791986978580448,1.152842573046827,2.0868297446579342,4235,62,0.35122272238684044,-0.6593650691864621,48.67793,18.34383,0.3583345486692414,-2.0333032550517127,40.576233,16.823797
851417,0.05039694323119513,0.11879773075068781,0.16648082667113856,2.006203279297114,4235,182,0.7714554517486212,-0.6315320234672701,44.198223,-8.497938,0.44223142325018605,-0.9876127581750217,18.775393,25.30459
851901,-0.230727548206171,-0.05049938748585019,3.1786269816194443,0.356876183081138,4238,63,-0.5993173673824231,0.14871102220416516,-2.17755,19.556946,0.5331742215121567,0.028877265726571434,9.490837,-0.9352216
852483,-0.146646274181071,0.1685208409716528,2.6610896438419998,-0.7483805471821084,4241,42,-1.281524581980646,0.3920912836359395,-17.442448,-1.6185267,-1.1068117137809612,-0.04237923909625044,-1.7896852,-13.547775
852905,0.10575346629506192,0.0700425115212789,1.5989237951570863,-2.0278745583647946,4243,62,-0.3632180815017886,-0.9636462004776981,-37.115334,-24.770506,0.07470606703207125,0.2806254404614108,-23.330336,-44.124756
853498,0.060838212316973055,-0.14362110863979524,-2.0334572719927912,1.726694033736745,4246,52,0.888197035474294,-0.06338340719685825,22.197594,-25.6494,0.671332279781045,0.6337947140663384,11.048691,41.110653
855033,0.08965551444587574,0.1474792412874138,1.792811852942298,-1.5364757741715813,4253,180,-0.8641190448632382,-0.6449804697321802,-31.6565,-18.489664,1.4281136006288948,2.091446849225943,-21.323656,-38.88538
855307,0.17049322209027704,0.15389338882921613,1.028644393654495,-0.5887492465243204,4255,52,-3.8723540911517844,1.6702869851046456,-25.772448,39.966503,-0.3309866130901015,-1.8797281988273677,19.838654,-31.371428
855891,-0.017747200672136393,0.14180680081257105,2.62824418609813,-1.8658892456993375,4258,33,-0.2888958377453656,-0.7929483073516973,-22.616495,-25.91649,1.2869811218364198,1.263175547382978,-39.688572,0.73817855
855927,-0.03451820228733991,0.18840715345120118,2.398664732005408,-1.29333460077529,4258,69,-1.0262731702102168,-0.32679602188557283,-26.411877,-15.035747,3.32465689316864,3.882484746950621,-5.896238,-21.910122
856753,-0.06209082553632122,-0.09314706294890399,3.0389019361641503,2.1710761561910834,4262,91,-0.09545365900959007,-1.401342018417345,35.229095,-26.572668,0.518679297954009,-0.8818802855358344,40.266174,37.4222
857274,-0.22755015110900279,-0.07629297145871705,-2.815766769084131,-0.004649050305998784,4265,9,-0.8874013483468577,0.40845121461077305,0.2447575,-0.19314191,0.05718734575808214,-0.5014396692128625,-17.342112,29.995186
857428,0.09393853788463183,0.18372094259390565,-4.649060403605075,-1.0719679637135597,4265,163,-1.124684370812016,0.1975023100587316,-28.610552,26.21319,-1.5827245909584793,-0.07586562311959387,5.435205,-28.160498
859472,0.16102771838077967,-0.15958388219438485,-1.115254699798829,0.6687197738914239,4275,197,1.5256852843034006,1.558249411973364,15.684487,5.453695,-0.5372739863086466,2.3936718290633063,-2.2151432,24.671923
859749,-0.17473315817805857,-0.16419835321530665,-2.344108016273569,-0.08631774087548948,4277,72,-0.3778627166706413,0.45776524044843503,-6.4463506,-2.8171494,0.027439779942187312,0.32479513543090127,-26.03681,25.39467
860330,-0.18997160055663276,-0.11857365812930719,-2.951502862543621,0.7358179571276842,4280,50,0.12482180702985632,-0.04922146959120391,13.013052,-7.2406178,0.32972751057251537,0.11079862263207241,11.893394,4.552311
860379,0.03595640215407612,-0.0021935766817508667,-1.4810611156804498,2.840260128413506,4280,99,0.6499673396653942,-0.8323153429853413,48.73104,-26.542913,-1.4034513757418177,1.4124215125828126,25.722094,52.031986
861055,0.1580339696216727,-0.0431689953439585,0.5528245426930634,-1.6389637706773723,4283,172,-0.18980643527005658,0.0787779382390905,-48.74267,6.233227,2.697405387259988,-1.247884654701482,-0.30710042,-43.857697
861649,0.031240194410323066,-0.055351709238857974,0.2458000919679862,-2.6055381165342735,4286,163,0.7581025177126004,-0.8247590193466927,-56.73861,-20.665049,2.570162625968095,-2.9100144224226336,-12.092797,-46.649834
861667,-0.015896911051065568,-0.041525954347179345,-0.5519542496017084,-2.768899598917755,4286,181,1.6213488553584443,-0.26527592679678325,-23.063986,-44.666843,-0.0468998902825883,0.5072596671577988,-48.926754,-22.095829
861731,0.16380620616944175,-0.06113809372120784,-1.1118654668450338,1.5092874213258582,4287,44,2.1756091896743786,0.5350260863345129,32.667923,-10.653633,-0.325191846357177,4.700856272738655,5.504588,50.802128
862281,-0.2365948533503388,0.008737265232808801,2.9400795397215673,0.32920131997691493,4289,192,-1.0143535406255382,0.17200930590337266,-0.9688692,20.588396,0.7110203105417404,0.1356491378576402,10.703496,-2.798113
862695,0.23468532633059364,0.04967454887692034,0.23955806946897185,-0.06194445589098388,4292,3,0.06411097292540727,1.386329888847036,-7.832649,45.5924,1.9689460030597457,-2.746377197241419,25.347414,-18.165503
863343,-0.1524786338774678,-0.12675523754138118,3.236633224955788,1.1969910630919856,4295,48,0.3350304962486159,-0.2492250455578143,19.008926,-13.469342,-0.3155001960940108,0.7533634558882428,16.152266,10.011218
863714,0.027657934846734164,-0.09177670994386522,-0.11814660378822106,-2.3198892708145245,4297,17,0.787781697535806,-0.805253572728581,-43.97243,-11.000521,2.330938778871145,-3.018714652745921,-9.435156,-44.410053
865337,-0.0741206393978162,-0.22571314463904044,-2.0304602517486723,0.284748296608641,4305,32,0.22340810607574477,0.6353947551196144,3.5593064,2.4408088,-0.873531325844017,0.23382743498247194,-17.476032,37.02193
865757,0.09017522767257194,-0.15650930763883114,-0.32932202552467804,-1.437529460476946,4307,50,0.05901234597284563,0.4718439468817997,-39.09034,5.9625254,0.928227575939892,3.5024854534458463,-29.70754,-16.174198
865963,-0.14505244837557807,0.1776161274679645,-3.7281251732006746,-0.5988900022490821,4308,55,-2.7348452765723907,0.873028466661352,-17.261396,-0.02637028,-2.3797519493842376,-1.3897977335494036,-0.178228,-13.187292
866174,-0.09130520057906297,0.18616060350959684,1.499036216016837,1.0555008116376865,4309,65,0.449370290051618,-0.12623996574570384,22.22557,25.210846,2.7760458872474114,0.5574607748821201,43.653305,-5.5063963
868020,-0.04772523333697704,-0.23024877730595544,-1.573652629935075,-0.4030526065214249,4318,102,0.29694047315454414,1.3117377469972498,-10.482869,8.147718,-2.0553386874743382,-0.7951291171278319,-25.323626,12.247521
869977,0.09271525725222417,0.1810731977820221,0.5382635498776596,1.1186120558637709,4328,49,1.7461899362861844,0.5707235500157075,32.132812,33.68809,5.782953271259021,-0.8749352335623592,32.87529,0.16664177
870574,0.19814885813522304,-0.08763219584253382,0.028263949246661244,-0.8893159144728797,4331,43,-0.5850740460112348,2.0702857882193224,-19.227884,36.221413,0.42799765353843205,1.9387138341262113,-21.532925,-18.46186
871275,-0.09368336080031443,-0.06951450822352655,-1.4400126285101076,-2.126417189371487,4334,141,1.090531647448442,-0.6233653295198147,-14.83545,-40.361893,0.44570149599943254,-1.2371713903173112,-51.558514,-12.363221
872157,-0.20823729515944628,0.11848109425269618,2.5654208639013976,0.11775972089370754,4339,18,-2.4905484829508193,0.5436343674908308,-3.277743,23.265266,0.03432296863944468,-1.8073187567306983,10.451656,-7.021324
872887,0.0070105766996447355,-0.08591375676245094,-0.2859519931681852,-2.4068491254528857,4342,145,0.7396090390284468,-0.6775934565366429,-43.528416,-10.565507,1.4302181016073365,-1.1036775039176514,-40.327595,-21.06794
873152,-0.04731235324365744,0.10323680944176268,0.9226167771130666,2.155811328206354,4344,8,0.58849976625029,-0.7648609452240007,50.345196,18.453598,-0.16459933721731626,-0.9814071211618177,38.159653,16.009523
874536,0.2274209143698508,-0.04813155193261524,0.04278993077698795,-0.5027062691170322,4350,186,0.01989293527065504,2.9251769364562143,-13.262527,39.848396,1.8524238876433556,0.02595671042662255,-16.494846,-16.102446
875032,0.21615262493720794,-0.10163622788283108,-0.537234692865603,0.19541043411286801,4353,79,1.288760224190198,1.373940304681907,7.044291,40.929783,-2.175333494713573,-0.4581230900391104,-10.093258,9.224489
875456,0.0073378273384124,-0.1001394213551691,-2.6368014067313585,2.2783009247494403,4355,101,-0.016421598888587213,-1.264359668142245,36.580486,-32.30954,1.1492568401325567,-0.5657507161644127,31.463467,42.814163
875762,0.13713760054861726,-0.024875762163513337,-1.1306113989963216,1.902339557150392,4357,5,1.5416663147453928,-0.1264795775831766,41.048557,-15.097206,0.6431742823959756,1.1704251655187505,12.443575,52.293858
878020,-0.0496976835926181,-0.2343748238344791,-1.8384951297108187,0.11750024521252068,4368,52,0.3743400699524033,0.6209695258682655,3.3720515,4.8916426,-0.3835897285266442,-0.12246749115301232,-19.651474,38.437702
879833,0.019217252484571484,0.19006178924091985,0.819826816806578,1.3004028441590199,4377,56,1.4527847590798548,0.2178443959846986,35.334064,34.907238,6.784060854714972,-2.2561443606228204,36.602703,2.0845835
880396,0.05637295713020746,0.21629763399198826,0.9431376023669095,0.7454073150808141,4380,16,0.9911845484020437,0.32826416607830705,23.441477,44.47266,3.584051068715287,0.4310525326919505,36.986176,-8.213176
880530,0.0630680334119682,-0.22509834327570377,-1.0692108434242418,-0.456819916397826,4380,150,0.7791404487383446,3.4015937484179117,-15.802555,11.242709,-6.0140795206778686,-2.4215128994183868,-22.36741,6.037184
881808,0.1420981914186458,0.011273873670824996,1.0140262403898208,-1.8697069368034422,4387,21,-0.32301591163879484,-0.9034379813555394,-54.80439,-1.6124573,2.232167473743258,-2.9486110406324952,5.8180604,-50.489475
881911,0.20953898813275348,0.1169433424413559,0.526553746831057,-0.03502867627873912,4387,124,0.05821893654519823,1.1311601493505083,-8.945768,46.57381,2.179726830655561,-2.7275487821688156,26.222319,-20.225971
882473,-0.04945373973195658,0.23369377876268208,1.682221769810866,0.1942312354383342,4390,83,-0.35192160698478575,0.11949078736459494,-12.01319,53.441296,-1.4304717710080368,-1.209903119171362,32.68206,-26.841667
882931,0.20214319029759586,0.07324917527376489,-0.11279730053964446,0.9208860609032555,4392,139,1.8058074970257445,0.9743545506052352,21.002857,35.546417,0.03382965280666017,0.5992167243205427,2.6211815,15.043946
883292,-0.0265227265428183,-0.1937874147741933,-2.324926474377426,1.2362203896666224,4394,98,1.223776502954338,0.2761299924766439,16.031166,-20.226797,1.4504698143529795,1.6308023213855187,0.8933394,38.725487
883456,0.21528088254075595,0.08411444870431939,0.09976062976430042,0.5454396873313045,4395,61,2.121561126192304,1.700105554834315,16.866581,41.01325,-0.40115350909274244,0.8802701468001245,0.14604595,9.680302
883901,-0.08703956898152354,0.1970269833289111,1.5300160531520222,0.9135293327637141,4397,104,0.0586466975075114,-0.0008454084703625846,21.159382,24.873854,1.5541466872387226,0.943011313241482,43.822235,-6.505236
884052,-0.1028322538905897,-0.10986922441632375,-1.4300491111814004,-1.7861473079783792,4398,54,0.7982254429701474,0.008170160776727484,-12.775969,-36.63,0.5866854743950569,-1.2898767152178336,-51.131355,-8.448579
884100,-0.13703157342736033,-0.02394455937025916,-2.016062772831373,-1.9050777828419603,4398,102,0.8357202622599498,-0.3460857301886683,-9.662171,-38.954597,0.18684719942908337,-1.0833986737980503,-58.554337,-6.6470594
884684,0.019240833353152936,0.10593935440343871,0.28557483200230466,2.211117347604728,4401,83,0.6340935210251818,-0.5841281080797665,56.11562,-3.6774719,-0.13418787927198794,-0.32361939926373073,30.588373,21.009846
886247,0.1841216203311417,0.11900553425278101,0.9928623052164819,-0.838125842736668,4409,38,-3.34155630792021,1.2340914516898223,-28.362993,36.87587,-0.5961704126074752,-0.6905483613270735,17.185284,-32.872177
887030,0.23796017949824905,0.026332894135902476,0.18018168772318333,-0.13993836441549262,4413,17,0.1085232535486543,1.552345687834785,-8.400763,44.93322,1.8870096719544214,-2.640676612578099,24.836372,-18.074173
888699,0.0678547750081023,0.11296701865023481,0.040359507836282484,1.9790642590762202,4421,78,0.8943809299968817,-0.541345027296056,43.995583,-8.611566,0.36273423373670516,-0.9456943071892178,18.608343,25.653318
889047,0.1006003679287241,-0.2065071081345241,-0.8235589623225661,-0.5878416325202142,4423,24,0.8923681694522395,4.089707637174153,-19.876892,12.664446,-5.611383231833498,-1.829606977931566,-19.91169,1.819409
890843,0.012365836884222634,0.23099336386496844,1.7870154906133584,-0.5394028240868824,4432,11,-8.134878313961757,2.6432125599942227,-14.723767,27.033882,-5.840465532559895,-4.242102801529605,8.686837,-19.42555
892834,-0.10903866867378935,-0.15272171252395916,-2.8639503410504297,1.3462276817591246,4441,193,0.4008396906387605,-0.2507688558256084,19.885286,-16.462517,-0.6311238435706166,0.8829963474368863,16.827463,12.456399
895700,0.07208811285450159,-0.07590716416634641,0.3082490188654213,-2.238893361641543,4456,44,0.49235251325225515,-1.6158277804029357,-47.38395,-15.081362,5.046974316089544,-7.014575701277672,-7.896829,-48.447697
897527,-0.21530778257278138,-0.030363543371243702,2.844615265442219,0.8741548125086193,4465,62,-0.015105515484797334,-0.1651692457366799,17.770292,-8.106846,0.39900829380298525,-0.42944130779036255,18.920021,0.06809203
897533,-0.21221327368573345,-0.0030167233659418174,2.6700278092243748,0.9715588263668223,4465,68,0.0885693383000889,-0.16571011329307989,13.962216,22.44975,0.22000863228269577,-0.37950604430866947,22.020662,-1.6247971
898809,0.20834907179537748,0.10138144173776358,0.18919722221165003,0.5273366278146112,4471,138,1.8851486509072946,1.4723477387596609,17.065928,41.802162,0.11293841693523136,0.7098392519173966,0.4921488,8.85799
899345,-0.008074334794782416,0.21850509594615047,2.032682283431836,-0.8499002938389211,4474,71,-2.678892398882199,0.24973005199018822,-23.217363,24.342957,-4.021750621535202,-1.97118480903749,2.3673055,-19.450962
900141,0.1113414973094362,0.1836662842139326,1.488375132125609,-0.9251131799162701,4478,63,-2.7324028754491545,0.6988663723375812,-29.155563,28.421135,-2.5654090197599917,-1.174850297200462,7.5708537,-28.214407
901908,0.00255135077760385,-0.12538647078306742,-2.571406446703397,2.0419104152622496,4487,21,0.07212855795826517,-0.9092584475319904,31.02346,-31.197895,0.5680365264564192,-0.6198208752448359,28.841908,41.11032
902574,0.1873040564569802,0.14832067088177608,0.5747746304141534,0.1899799581479672,4490,84,0.022687163156696555,0.5479733834877014,-6.2161202,48.658688,1.6113293326447498,-1.7475173690605574,28.345003,-18.504498
902613,0.0871387805255038,0.22240212804396248,1.1000250015954076,0.19469499714948724,4490,123,-0.03782595352783057,0.39923669129608996,-9.091864,51.7165,-0.6056553684693463,-1.1444358898226723,31.657158,-22.956982
903545,0.06287497797041325,-0.1850507941959335,-1.8624745129434381,1.238423635273259,4495,50,1.8644087158847622,0.4709356099121804,13.0494585,-18.89196,2.7871087363244924,3.079783537802331,-0.7984706,42.515594
903877,0.17007515440736642,0.11114336555429688,0.017493858444578413,1.122669608284637,4496,181,1.3338316450117749,0.576152611830668,31.115652,30.719522,1.2758075981047003,0.48791015960249207,27.709993,5.1627455
903882,0.11149557831557214,0.13807567837012566,0.15298000724366112,1.477042480678608,4496,186,1.473531297634175,-0.001515979604170544,36.866947,26.79326,1.7495441424890532,0.043542699095247765,29.164278,8.455419
904192,0.12005426251811285,-0.18894588014358926,-0.6359382246260386,-0.7376448350148177,4498,94,0.5920154757031683,3.561439779722056,-22.250462,13.677765,-3.2302226016580518,-0.49763821296499117,-19.250856,-0.53246444
905833,-0.21944774284529567,0.0557483234700233,-3.728401575940556,0.6760646218276111,4506,127,-0.016726981516983375,-0.14471409863901746,8.653033,23.156754,0.588538499692144,0.07591812018150183,18.486372,-3.6307552
906116,-0.0694068331094605,0.06375684590911937,1.2313566120485961,2.334482672257677,4508,8,0.36004395574086223,-0.7920077306711548,51.730423,15.0907135,-0.24454735492205157,-0.8933370322234963,40.79916,19.330708
906120,-0.06560857214181462,0.1153201052040502,1.103003362803866,1.9701005354713368,4508,12,0.5282086072940626,-0.7021243694716067,47.546402,20.632053,1.107528134260328,-2.439873714454948,38.528763,12.169573
906420,-0.09399512325906019,0.05676012800509664,-2.589248834961137,-2.1911970739472277,4509,111,0.32515263590969035,-0.5571592805549258,-4.9692674,-44.6534,0.2003784634727898,-2.0883493753709246,-62.59622,-7.944268
906717,0.09240255185314675,0.1597145943885989,0.3525066582246734,1.3875861900010824,4511,6,1.6593387278622438,0.2257954267513537,36.142483,28.639402,3.478632734074774,-1.1186983126834564,30.489159,6.652722
907677,0.19697700067288293,-0.07331112013502485,0.1475361972250695,-1.007666461209129,4515,162,-0.7844960974379747,1.4473298321925943,-21.269405,35.259266,-0.17456418659220707,2.201687866097572,-22.411507,-19.763021
908176,0.2176906324606205,0.003607466574577646,0.4508604338470534,-0.86858084355942,4518,58,-1.517011130239299,1.3251415189470928,-23.914156,36.43064,0.3200365476908667,0.7064087501825423,15.902932,-29.41243
908695,0.11679776208321485,0.03968110586630161,-0.7034748576033298,2.0619641699444817,4520,175,1.1589913398910077,-0.4537665595013694,43.67199,-13.764381,0.1646132248925663,-1.6589859259519661,16.010756,54.25405
909084,-0.2146044886268132,-0.09240991904296442,-2.9654379895416505,0.4609089520748078,4522,162,-0.2026862956723981,0.16518832025841926,9.068524,-5.14308,0.33508271696303077,0.33894608543263716,9.767844,1.1497995
909262,0.03281103854990216,-0.011461857312988877,-1.7615483278545092,2.850942267890236,4523,139,0.511163793096155,-0.8261845444694177,48.152275,-27.655912,-0.8165220849600876,0.6512449229686997,26.991077,51.467457
910375,0.18015664628508704,-0.06159572195048717,0.32512060799910614,-1.309124129697748,4529,46,-0.6402190038795393,0.5965000548670277,-43.191475,9.859675,-0.11580430600753268,2.091943899361845,0.08443275,-38.40584
910851,-0.04438395287756462,-0.01230772238546847,-4.248774890678995,2.755373146023602,4531,120,-0.6930806529184865,-1.3848796058241848,47.355404,7.531657,-1.717514632831423,-0.17247964272461724,49.50462,27.194847
911410,-0.12027784501500928,0.2076149383531934,2.0733325004849847,0.04509429390235332,4534,76,-3.4622384014285434,0.8469980402581667,-2.9945014,26.605455,-1.6792838233710408,-2.973282625462,13.31958,-11.589307
911845,-0.18527829350764505,0.0685306977021547,2.1833866702023643,1.2078635932173458,4536,109,0.11592424974870125,-0.07484214365496433,23.793335,21.055954,-0.08476715549795565,1.3292598281991033,48.97713,-2.4931412
912609,0.14082016934879998,0.18638180679086802,0.6922803631006886,0.46294874547419185,4540,69,0.3272661604576652,0.4079945075978513,20.264963,45.994522,1.9198803451239808,-0.3096114520143808,34.456932,-11.201491
912767,-0.03438492796561356,0.20392963813284953,1.2056524871894796,1.064368813501896,4541,26,1.0732610455369784,-0.12829569731683635,28.674606,41.566284,5.4241048012034625,-0.04787314670280708,38.855705,-3.600178
912780,-0.0036048424601593104,0.208260838789856,1.0682332868371682,1.03974115713615,4541,39,1.2661852461310512,-0.11964426242025343,28.17486,41.59031,6.10687016253362,-0.14873773854415967,38.03535,-4.0770583
913279,-0.0061954237126107675,-0.09076285283163726,-2.82096767328253,2.364035203614006,4543,136,-0.011519127234393113,-1.387912341913141,37.652954,-32.22023,0.9442568612093466,-0.6506820157948557,33.526672,43.069572
913323,-0.14960469947153957,-0.1778351822252503,-2.5226234399322247,0.5048641052601107,4543,180,0.045101840493158706,0.25988059128809965,6.463977,-4.637338,-0.1576582368456903,0.4738283465064602,-11.977056,33.861534
913325,-0.16173236869608348,-0.16568330624394315,-2.6105165193834927,0.5327769640258415,4543,182,0.010800852445276947,0.2561339476503212,7.3478045,-5.370019,0.009739679852673702,0.4359517615662765,-11.005292,33.96039
913339,-0.23432490782105278,-0.0015915862448233342,-2.9170056825900144,-0.4355897115841426,4543,196,-0.9076929312720152,0.56620962656768,-11.985655,-3.2061346,-0.21193482035997438,0.8705894958333226,-21.862385,23.518663
915892,0.15757185142720376,-0.15368605687645262,-1.1829070104779198,0.8199847237099352,4556,136,1.1619137557257553,1.1132576503578169,17.126791,4.035888,-0.7652045531143657,2.477717932917941,-0.80115634,26.002762
916753,0.023346030337015142,-0.08610516989364082,-2.495957796718504,2.3798597114791993,4560,193,0.056943319464243136,-1.003084414802466,38.561836,-32.0526,0.9557736129575173,-0.36331633171825684,31.46928,43.78363
917032,-0.10426949811023914,0.02307144861265456,1.8141719972289463,2.219323423479018,4562,70,-0.1909632639314237,-0.7772211647808438,44.956326,12.418781,0.7720156328245479,-3.5406247453488815,48.192783,21.467245
917123,-0.016486979405064897,0.1432802517577695,0.7592413109479026,1.8522384109551961,4562,161,0.9058184687264992,-1.0185412554886328,47.336414,22.246872,1.997779559556486,-2.5535680075240226,36.687485,11.188708
918386,-0.20989064894101656,0.09935577804589289,2.9548093280956325,-0.5106672412651886,4569,17,-1.455912553972441,0.4655325957601817,-14.359013,-1.5900017,-0.15312088824217596,0.38414397847912973,-18.166435,22.707384
920417,0.08021790456069292,-0.14981130939322446,-1.863223141687278,1.5680761625299027,4579,38,1.4506193886651095,0.14900332556117363,19.106335,-24.425203,1.992995644279573,2.0312763490253762,8.344808,41.752872
921549,0.15947982867465804,0.16120041543886054,1.124494319197904,-0.6674615585506392,4584,165,-4.323997743966317,1.528845987569978,-26.806057,39.404995,-0.9970735334882568,-1.7833525280278846,19.336191,-32.3968
921578,0.21769878626657024,0.044932805792019734,0.590136978499407,-0.7731924001894221,4584,194,-2.0345592949767224,1.4611845403804675,-24.813164,37.3151,0.5740737455074623,-0.06021465594127036,17.303345,-29.480059
922213,0.0348127188544378,-0.1939447875616998,-2.0007932579557015,1.215207336053066,4588,25,1.6746915406295555,0.35692406440267405,13.189494,-19.549343,2.823680828143533,2.7009825075527165,-0.2903959,41.595997
922532,0.18063262075136177,0.027036388508763748,0.8544857525655721,-1.411825160299285,4589,143,-0.7390242128937545,-0.0035944649806505004,-35.885597,26.255789,1.0099695030336204,0.2803680885562156,8.36441,-38.211555
922899,-0.23985735035951897,-0.00707281843992902,3.153184780650882,0.035773868406856674,4591,108,-1.3842821542694368,0.32125115157371464,0.47942716,-1.8486567,0.5337678681825433,-1.3241042757414567,-15.845036,28.94028
923113,0.19589992120947539,-0.13587479594756205,-0.4911958938302371,-0.23043410565807576,4592,121,0.6564631601962324,2.7047391002073713,0.58955103,40.86783,-2.801695666962115,-2.1785062313969585,-13.459281,4.0910234
923334,0.025897438461189456,-0.12539545006136116,3.9079974317740405,2.0161085937118854,4593,141,0.3091293582050584,-0.5337695385585077,29.566921,-31.01336,0.1221473294992513,-0.3577003787668782,27.365088,41.27825
923384,0.07122872177832995,0.006030235008311929,5.099285313881173,2.5367175125020367,4593,191,0.5063216951636754,-0.22889522241939933,48.31406,-23.830854,-0.7873831455779825,-0.32400135022904786,21.952759,52.096565
923758,-0.18918451727491858,0.13147688237195268,-4.0329591581073565,0.5680535837698323,4595,163,-0.3550833642347394,-0.0771333411562069,8.2323885,24.755703,0.41420562823115886,0.1828617388385012,18.806978,-5.8596687
924146,-0.08131626220970373,-0.11231775889732967,-3.152246480219739,1.9096164569953455,4597,149,0.11517562523605498,-0.8458757077330629,33.797115,-25.008015,0.6595610202036373,-0.4592378785091275,38.654175,36.02167
924296,-0.04455207839092014,0.15328369895274377,1.0105024020466586,1.686303697066057,4598,98,1.1467205936688105,-0.3160083727323686,41.703266,29.99773,4.042149788347223,-3.282119229072129,37.88766,7.2530894
924390,0.09502844431206214,0.026034360230485304,-0.8803448877645441,2.2954951212145907,4598,192,0.8067039878753253,-0.34255155093196765,46.59038,-19.6171,-0.2289221674743071,-1.967521258484171,18.017904,53.23428
925094,-0.09737106681376288,-0.01792798457708096,-1.813947575613554,-2.29112817641121,4602,92,1.4388305976509588,-1.156621730367855,-0.99485683,-46.574226,-0.17149664145382817,-1.459655085684681,-59.260075,-12.654069
927994,-0.22682309305444032,-0.07785979928286182,3.432903980646871,0.07869690903139967,4616,178,-0.8422301616914656,0.33451996216291374,1.0929346,-0.9229508,0.14833335340373577,-0.5239588231517698,-16.529362,30.334831
929380,0.11277294786955726,0.01998239167684915,-0.8979517708694428,2.146645768450725,4623,157,0.9473511161715323,-0.4390254541958817,45.11724,-18.026108,0.20722222869574328,-1.9058415761643357,16.98826,53.292408
932593,-0.06138183606315041,-0.12788164265635918,-1.0798613714882292,-1.8768926705173596,4639,154,0.8199907141304591,0.036908061051184465,-39.319374,-3.5491865,-0.15295590272036724,-0.6916021806506218,-37.696274,-13.826894
933246,-0.18543221925338965,0.10245760170654991,3.1259606399512143,-0.9783091755037502,4643,3,-0.47545675452677294,0.1477948524101595,-14.233734,-14.21911,-0.8605568788099537,1.3188948276983332,-43.28269,13.007549
933920,0.23068363254045815,-0.037569696742993416,-0.39065737002504497,0.4584247617297099,4646,74,2.278620605749325,1.941241055458798,13.267094,39.057533,-1.7601506871802204,1.4145673046972123,-4.106968,14.547785
934282,-0.005993951390634175,0.1022998941689886,2.7589666572210887,-2.25929056184476,4648,34,-0.49223916649787347,-1.8874856463632046,-15.761286,-56.987682,-0.42166892399814165,-1.1816512910813914,-35.18738,-40.651848
934525,-0.15991193800130876,-0.016781310101806154,2.4095075184646255,1.673286765374252,4649,76,0.0022749696435392097,-0.3801930539651816,33.93551,13.997923,0.1808182844076829,1.9699488428720762,54.31666,5.0156384
935146,-0.23234938146926887,0.03767828514163449,-3.105922320837059,-0.3928662060170167,4652,94,-1.2535603859942313,0.5984282077927147,-12.372685,-1.8349234,-0.02750159794746114,0.33344990920046463,-19.979595,23.9435
936510,-0.23146094596232394,-0.05247965316244196,3.2154149020641363,0.29828065792983793,4659,51,-0.6850745014248686,0.13854572194019482,-2.8714721,19.449465,0.4727388557346738,-0.18275777813808058,9.063784,-0.80463666
937196,0.2158451064481412,-0.07040782312356386,-0.6454663241807153,0.6603060221466347,4662,134,2.0710790987334216,1.959486900617348,18.129078,32.7546,-0.7094217735564172,1.6816421173878777,-1.9677054,19.307009
937264,-0.02173588248460634,0.11470614894030931,2.8208451206091105,-2.1255546402028145,4663,1,-0.47420099465059873,-1.6402450705141314,-16.245846,-54.90898,-0.08198147867173394,-1.1048498552801507,-34.736176,-39.305874
937610,-0.1462513948854161,-0.04901557424554413,2.59218685264725,1.7455737867572687,4664,146,-0.044559319377905436,-0.5121121832782183,34.033607,12.516189,0.21648618750224202,1.196254968502385,52.69727,6.8027115
939728,-0.08763427089753721,0.02454260680238718,1.6866574881238114,2.3637468798423455,4675,53,-0.10358117990847673,-0.8044961898133818,45.801193,11.819351,0.38594025999969367,-2.4760366823909976,47.101166,22.37468
940861,-0.16545207279536028,0.10828598983690191,-3.1185902336481712,-1.2050489248094227,4680,181,-0.4123020267644889,0.22112194524401352,-15.346827,-16.943798,-1.2523840702363545,2.5729119004243572,-43.476643,10.201563
942248,-0.0018367540075060612,-0.09372653046557788,-2.7599014333419807,2.339021331924631,4687,161,-0.004875011325965385,-1.3561084266919945,37.39646,-32.276283,1.0454292710196962,-0.6603873938897,32.86242,42.967865
942818,-0.05529350271278395,-0.0342886809689896,-3.8827779167806096,2.5925372669963944,4690,128,-0.5860325134447437,-1.3889228098414852,46.901085,5.5756936,-1.8129531163751358,-0.1769580187501515,48.48452,29.547403
943369,0.03759331218318229,-0.0435340576275162,-2.187271865132263,2.657553562765717,4693,76,0.17387212248856207,-0.8746150506181138,45.65108,-29.98976,0.24057978881724232,-0.48572736762967,29.307892,49.11178
943647,0.01329770216303909,-0.08907780648842703,-2.6087166479316424,2.372215748417243,4694,153,0.022956662871032926,-1.2129574005572363,38.07145,-32.464096,1.073271916126209,-0.4988690833566168,32.06227,43.53027
944127,-0.10899664040538763,0.11872993241746824,3.147965633392165,-1.668972558666347,4697,30,-0.36427780177954183,-0.36102712014583227,-19.837597,-25.022762,-0.06805945482279968,3.0835143706477672,-42.802082,3.2162793
944992,-0.04040738761877101,-0.02790771482943928,-1.1724393778276905,-2.7294483484468257,4701,91,2.6588318407303144,-0.5967302963688943,-20.387764,-47.360596,-2.4787668196803523,0.6651937268089518,-53.001705,-21.074009
946157,0.08813411275839994,-0.05979094940017719,0.5149224973978738,-2.222020423139409,4707,50,0.4211859593396644,-1.8658594113872218,-48.05691,-16.344387,5.266095647347198,-7.585724184544272,-8.341945,-50.82654
946215,0.18660646291808644,0.017623209481984925,0.7687135668998146,-1.349104672141528,4707,108,-0.8512033411067927,0.18768415653146955,-35.37954,27.345806,0.67859151767841,0.6073406653207426,9.119784,-37.267933
948112,0.1605551202639237,-0.03732354656297186,-1.0421034943981202,1.6273892471530715,4716,196,2.1007503529984946,0.40285475249915953,36.704662,-12.128329,-0.26801111802447625,4.241650104599301,7.8715796,51.30612
948857,-0.037967619681767095,0.02144690161506249,-2.26769472748663,-2.7761771210804866,4720,137,1.2793441879071061,-0.7656390705064607,-6.2605577,-56.149395,-0.6726426271352522,1.3824122686197897,-62.927094,-18.280653
949102,0.006519075897587642,-0.07373560107062482,3.5433170957053006,2.514508221912261,4721,181,0.07867923143402487,-1.296967660812487,40.27567,-32.59799,0.5569831617659059,-0.6010926308561139,33.669174,44.71445
950261,0.17607131217169356,0.10992910299214102,1.0840184166762847,-1.0517816500144637,4727,134,-2.0745003140407645,0.8960029068861567,-31.538992,29.910395,-0.5734158179237745,0.07989299850715942,9.242583,-32.44771
951811,-0.16883878519723672,0.12937089842691712,2.9693459922811654,-0.9631335889614626,4735,76,-0.6124185535051948,0.1457233043972213,-14.628796,-13.482969,-0.2712145001571928,1.3749327623388694,-42.1532,13.186226
953516,-0.09527822864751191,-0.08254908622351864,-1.409889336732777,-2.035529498412533,4743,173,1.0182484325734413,-0.38195975380846303,-14.339664,-39.31967,0.4798261580186451,-1.3923568011684588,-51.24996,-11.457312
954629,0.06143770321793683,0.17598619901488274,1.9163447793919128,-1.3628518618450403,4749,80,-0.8563871885904871,-0.19880043462349667,-29.73979,-12.366202,1.7194613847682898,2.492973376562932,-0.89098424,-25.964914
954809,-0.16588909894131004,-0.16331036461157952,-2.118227714672072,-0.49159992885879233,4750,59,0.021545282708458662,0.44535037160539725,-8.92213,4.927559,-0.09582143851920036,0.8749436185969105,-27.604786,16.558126
955647,-0.1127475487373521,-0.2117845849711577,-2.0352513755260455,-0.04950240425852846,4754,93,0.0216761645348758,0.555963096547222,-5.958307,-4.2731423,-0.03632447312691991,-0.01863267238683966,-26.090912,18.670906
955777,0.0010536124077761,-0.17870845559503723,-2.295714416361158,1.461627453327107,4755,22,1.0201962803488114,0.14809594673738982,19.232315,-22.172272,0.8062960124931788,0.6830544357074817,7.397405,39.20617
955897,0.08651541122380088,-0.07435594637582418,-1.7854209167139563,2.1509286473202858,4755,142,0.48987406500663805,-0.3713212192754746,27.233515,-28.263634,0.4360063361161309,-0.27049935194181407,16.428402,45.238678
955946,0.1518922078568488,-0.14066034309420747,-1.2774808126217811,1.060912884696116,4755,191,1.2571511204938073,0.6207743920827687,17.54268,-0.60903126,-0.5040062994418103,2.9814080762910895,-9.153613,46.29306
956622,-0.15035724463650946,-0.07167280263115064,-1.8930411695527891,-1.6074610808785044,4759,63,0.5286829622717452,-0.024709383863748647,-7.955111,-33.493732,0.00827397469271333,0.7332012213256159,-55.1745,-3.138793
956858,-0.011546628377982995,0.18101800204370389,2.348457400471714,-1.4279203857264893,4760,98,-0.8622929721745585,-0.2980909138469591,-26.622988,-16.32252,3.807228917775597,4.085956495485976,-7.012338,-22.727665
958989,-0.22818317551056339,0.07248954609297155,2.764503217622021,0.13898230456647187,4771,18,-1.7880088543362709,0.4642361814703197,-2.997325,21.712736,0.5025087243479257,-1.3105666782406116,9.705925,-5.14797
960480,-0.07130147154347527,0.17802306084255648,1.3066595066393318,1.2901796410777917,4778,102,0.870448061981217,0.09090638843898341,34.142868,38.22363,5.322557190917866,-1.131074270851233,40.456276,-0.5259727
962810,0.019303417004197878,0.22479171844178597,1.8330677767659274,-0.6958675169262069,4790,20,-5.7510420264753,1.5640325079252606,-18.593906,25.229038,-5.582119259112541,-3.571055154286952,5.6266665,-19.662268
962913,0.15392429716690786,0.18244296774321322,0.9740739483652133,-0.2081874900260858,4790,123,-1.1183215976581269,1.5934027652114193,-16.103573,47.698494,0.5020887135328361,-2.3388495298825513,25.562555,-25.44969
963432,-0.013047560026965527,0.07379893986636615,0.4925661426602986,2.5064412245040955,4793,39,0.63678139232506,-0.7597167306401047,58.472347,-1.4132726,-1.4419507375518696,0.519559452997716,34.302826,20.982819
964656,0.07102731199007459,-0.03930072969860268,-1.7311480301387892,2.4515211088008697,4799,57,0.428336415582311,-0.5324650928180202,46.79793,-25.776253,0.3371287784546731,-0.4188791864303809,24.029703,49.842213
965508,-0.09263425909857162,0.2191998798009285,-4.182393597376607,-0.2603156058857546,4803,105,-7.939220937029227,2.1124164553415916,-9.945908,26.384066,-4.60914960426588,-4.554385951930084,9.418377,-14.34451
966048,0.12000850068383667,-0.20775374972576421,-1.0720945733971823,0.05024031352870232,4806,42,0.7497499099090685,1.0380393250121436,0.374219,9.061239,-1.8278762292107469,-1.1017736840910979,-19.398619,12.632921
966124,0.11647206760469461,-0.16804880811700246,-0.4136085506996032,-1.1022360133941869,4806,118,-0.14867222495226812,1.1607141512054917,-34.96493,8.653465,0.01991641332286461,2.8488283533754486,-24.996273,-15.882031
966370,-0.0018375378455583319,-0.21384233582528422,-1.1082297043360387,-0.9423187345282183,4807,163,0.7849653523986927,2.3371319850502354,-25.224464,8.639532,-3.0022865180381078,-0.09349600194334158,-26.444717,-1.4545943
966890,0.003678553467548501,0.23616219575762162,1.376819133031697,0.35680413506946673,4810,80,-0.16353817856847108,0.09634975620298984,-8.516994,53.42627,-1.117336620476448,-0.08269570005164638,34.207947,-23.538708
968505,-0.19783020630314277,0.024048302309670887,2.429583740173247,1.182084212964008,4818,87,0.24352084485331216,-0.15948848998536463,22.767126,20.11806,-0.18460035568502248,1.0321225500223092,48.863243,-0.15825842
969343,-0.22235441819693502,0.08715841892107336,2.669087630443363,0.19786351658506543,4822,121,-1.7388334081961112,0.35876781927934515,-2.1286757,21.925272,0.4646863342366998,-0.952978654744335,10.678883,-5.1199827
969886,0.13892969253386572,0.14556787005904276,1.3851140500849946,-1.1527742682093811,4825,61,-1.142342852367746,0.47701602793204323,-30.620691,27.06121,-0.6849066107500884,0.4652573456832215,6.781285,-30.802286
971499,0.16078849176072335,-0.1337617561888811,-0.18129887756368238,-1.0251991058311651,4833,66,-0.2902524491825308,1.5582976876101329,-19.82057,34.79522,-0.23416784370188362,2.7398929197069446,-23.156054,-17.363987
972701,0.15220599593481965,0.013518649174235176,0.9691861652860759,-1.7612010120675434,4839,62,-0.2861996368261706,-0.8516325245599008,-54.84351,0.1243315,2.2136777424117264,-2.2468089539916987,6.5218434,-49.116165
972767,0.09120504675197093,-0.047568516070288225,0.6471078077640783,-2.2557018597204435,4839,128,0.3039162972905058,-2.04267709141703,-47.991676,-17.172617,4.680552435688899,-7.105731758513093,-9.440031,-52.318714
972934,-0.18285102089767474,0.028673035774286586,3.676137123094922,-1.3801774220705307,4840,94,-0.11506949637871403,0.32816013950767137,-11.5321045,-23.299572,-2.1762993122595296,4.1595780503585775,-49.54567,6.8527985
974228,0.12259495762356169,-0.005925446481387556,-1.0822690618992743,2.0679462435247165,4846,182,0.9968079525615249,-0.4424549275608437,42.645985,-16.199879,0.7576961041111083,-1.0789266504431727,14.389594,51.98414
974703,-0.040652141335599495,-0.017379966228533814,-1.352058467981997,-2.7710469371877506,4849,54,2.82006002639823,-0.9341598485875056,-0.9422044,-57.621155,-3.2195510646020726,0.9640249061491019,-55.082455,-20.922218
974716,-0.0821737244200479,-0.005632806573842325,-1.8526711569838996,-2.440962037860496,4849,67,1.8582485809372442,-1.40105965099314,-1.6661515,-48.99323,-0.9103435201250943,-0.8233496335854319,-60.412605,-14.595797
975107,-0.2002317901096019,0.1323033118160152,-3.718195042066247,-0.01458682421609478,4851,56,-3.2830378126885975,0.7141249327295097,-5.4790382,23.589985,-0.5361471594573246,-2.659063796332413,8.990561,-8.197486
975537,-0.02408857211294855,0.19505486089112123,1.0823708286819362,1.2225994938551954,4853,84,1.2659683095383618,0.035582891801273886,34.47591,37.21393,6.710888221048352,-1.365089540554163,38.73875,-0.5557951
976073,0.07671587806373231,-0.1539180044364306,-1.8803361266765368,1.5438459103984796,4856,17,1.4915892635796604,0.18217960441647998,18.874496,-24.23305,2.0858490444600175,2.006113450287695,8.025345,41.64604
976881,-0.2275912796449924,0.05599507392320499,-3.165969203285394,-0.43373089099082335,4860,21,-1.2691361047383178,0.5117118977618939,-12.98778,-1.7867439,-0.03228167447694633,0.428583293827472,-19.42321,23.549784
977466,0.02021436623067748,0.1925907660332723,0.8342563241312982,1.2639254130237254,4863,3,1.4407091334463782,0.189362233745541,34.92683,35.396866,6.9441075888042105,-2.0406305818375974,36.81969,1.5035744
978872,-0.17066822039711066,0.01781021938472395,-2.471370101972141,-1.5484039913583474,4870,2,-0.06046863958979281,-0.026840105663611422,-4.3932223,-28.924076,-1.6910877139702967,3.829776534424133,-59.971523,-1.0874844
980843,0.19533574672391119,-0.08254232787138262,-0.8871471072030799,0.9746790507386293,4879,164,1.2317255772735434,0.7713955941740617,19.512033,4.8903923,-0.5458934630281914,1.3720624746314014,1.6559591,24.64876
981280,0.05165171873136293,0.20532879063932918,0.8340518575456347,0.9806034751062002,4881,199,1.4402303695823895,0.21837583089932278,26.899364,41.42394,6.220643381390414,-0.20625247822656323,36.17943,-4.4586883
981347,0.17715674741411275,0.015481513930239638,-0.649120807933987,1.4725763110949572,4882,65,1.7468415311025443,0.4362347891248097,35.463577,-6.270886,-0.6722097857116429,3.5594862412186603,9.514734,27.448706
985213,0.21161664933804922,0.00022266054136551444,0.4923177899662346,-0.9825312043089737,4901,112,-1.453227229510357,0.9858333229277074,-28.538597,34.612663,-0.1517577542398169,0.9415183102875633,14.560932,-31.155594
986480,0.06368159063023086,0.06760915092651906,1.9887332723230742,-2.346858089759772,4907,173,-1.2655780224459523,-4.496688681262498,-37.332413,-29.4803,-0.553225696300205,-0.390713536948401,-26.867046,-46.836185
986670,0.005428616642808151,0.1224766885439159,0.49184434122945436,2.069314609455388,4908,162,0.702754572406841,-0.7595344824455805,49.809795,20.276766,0.3192687838635054,-0.8844866364512356,36.279484,14.45006
987229,0.012338563619408785,-0.20139369912135405,-0.9374107079928864,-1.1443924272317318,4911,118,0.3632515549350218,1.2269724353587341,-29.441504,7.758888,-0.4582872862316332,1.5009392997730624,-27.911634,-5.1820464
988909,0.1212607948190792,0.20291181474986358,-5.077235643060413,-0.3476175688303486,4919,190,-3.6514366154914475,2.079852586115404,-19.407114,46.65316,-1.0713012529428418,-2.5134669161951444,26.113977,-27.856222
988979,-0.034563616779424204,-0.20761484187407964,-2.2370439149767463,1.002562032757402,4920,59,1.1282686041359786,0.35165005812739814,8.904887,-16.079304,2.0486942058103463,2.2835389927353065,-2.5682194,38.72664
989260,-0.1473248774650665,0.02793006353777748,-2.433013713465276,-1.7918737730789187,4921,139,0.2004260617614014,-0.24376142997229236,-5.9635305,-36.529457,-0.793574783111076,1.29083703717028,-60.28042,-3.733991
989564,-0.021752032823623618,0.03214071651679298,-2.709043972039334,-2.816753900751047,4923,41,0.14432127843570514,-1.0629801844144406,-8.384931,-57.13826,-0.8105798695294093,1.814301032883507,-41.896477,-44.81993
990258,-0.04820714138558857,-0.22623094809040517,-1.5108241347994957,-0.5398405736121012,4926,132,0.5202939448790673,1.8220291313402577,-12.282627,8.097156,-3.1524936792564104,-1.0261377829371727,-25.658457,10.481682
991885,0.09610193442762138,-0.2089573426666356,-0.8500038985049282,-0.5794530766011923,4934,151,0.9153893964700585,4.05358963913524,-19.623377,12.532932,-5.707350113612935,-1.9308164321364787,-20.065907,2.0934367
992397,-0.09267264929316724,0.22022618394546076,2.063550213590879,-0.18888074750915249,4937,60,-7.1735760994497895,1.9556566504239499,-8.718232,26.571852,-4.008471835034177,-4.330425704333352,10.416889,-13.995419
992501,-0.03710477637621233,0.21907143387312766,2.126232489639051,-0.7753109999890009,4937,164,-3.3968114849819906,0.655484067054081,-22.100842,24.340416,-4.553362873560158,-2.4967809366505813,2.4143546,-17.9943
992894,0.21946951411258028,-0.09637363254339282,-0.46400865164204347,0.1004771917856559,4939,155,1.0230848050512489,1.3292697453117024,5.3244157,41.419807,-2.2683678161788636,-1.3764762694767387,-10.63239,7.7189255
993328,0.004849152137030811,0.23745182358992267,1.4059529482306075,0.2888491831645713,4941,187,-0.04758748025489958,0.002132900875091253,-9.376346,53.163834,-1.2793463939484473,-0.40391598240044563,33.480648,-24.229923
993728,-0.04948510655545949,0.2238668258412422,-4.194700775183501,-0.6002787717092187,4943,185,-6.67560953644094,1.8165693730106423,-17.817549,24.77418,-5.932262907687734,-3.9380131356141233,4.5175667,-16.821905
994055,0.010124737202322293,-0.05063003517985534,3.555794411359903,2.707932025518107,4945,110,0.1202187422858412,-1.1078124914960934,42.388554,-32.603085,-0.3087488165473316,-0.5851722810307357,34.555073,46.183342
995462,-0.1452577039632479,-0.19032385413821423,4.129891449109021,-0.13881323828479855,4952,110,-0.1587201132030926,0.46381519666265536,-6.705422,-4.643562,0.1401423381296465,0.2419737724543355,-26.489634,19.187939
995555,0.23245825371872897,-0.05149758315337295,-0.09190720402516445,-0.25221306858421333,4953,2,0.42027096657546364,2.51635424489873,-8.3887825,42.28971,0.7352437266139609,-1.887444709141885,-12.329945,1.2303977
996844,-0.05027581825776496,0.020764650252819192,1.4077540075045234,2.6843266411873477,4959,85,-0.029812542299029583,-0.8235411734410814,61.579506,3.4812922,-0.6105950180163593,0.7558727812115077,41.644135,23.13371
996955,-0.08587427493279445,0.08788521671979115,1.3113115527966193,2.066620641170321,4959,196,0.24965269229236667,-0.543119264850343,46.832344,16.68782,0.6501457088599719,-2.485191369538499,42.307083,17.68447
997112,0.021537736048228798,-0.04095974362400224,0.29005827180863974,-2.7535191332613502,4960,152,0.6867163234599897,-0.5645012948105032,-57.52978,-21.514908,1.6690962292412366,-1.4113975475823706,-13.048203,-47.026756
998205,-0.030508370288631112,-0.17437401356286675,-1.0027077231566555,-1.4825897246729347,4966,39,0.293141858265884,0.23293422806944297,-34.358047,4.7635827,0.84883115331511,1.4991242717561606,-32.10766,-10.010543
998408,0.061967698398507645,-0.11310154227581778,-2.0730711081706152,2.0069998990657387,4967,41,0.4992920350752566,-0.24022765151143047,26.117657,-29.137444,-0.00986522760711171,-0.021636579577299045,15.059773,42.756546
998856,-0.009491848397453317,-0.08207219910538188,-0.46657741219197685,-2.4387195948850526,4969,87,0.8209333197098341,-0.6498599451929472,-42.69324,-9.800385,0.9113393475874874,-0.13278657249250408,-41.241455,-20.189514
1000472,-0.02719051461882506,-0.10932350366246589,3.3864250472565853,2.1643880367256214,4977,95,0.04706312422012816,-1.4167184566145656,34.894775,-28.890213,1.073904649615227,-0.8595574574226653,37.25226,39.50516
1000771,-0.22487803312110394,-0.025643158939893905,-2.68898064680423,-0.6781420670833443,4978,193,-0.1524515937444098,0.1880997863259136,-10.122233,-9.530902,-0.622310579710537,1.2650615690251859,-45.959175,16.303946
1000986,-0.003741207596327567,0.05258430742642482,-3.2920264252979985,-2.698670783502339,4980,6,-0.2784948091655684,-2.4815549723912818,-12.072247,-59.081795,-0.6579467085731565,0.4752256717171889,-38.41596,-44.9844
1001040,0.005093757494126119,0.06830933126491415,-3.505460626467152,-2.562719167423147,4980,60,-0.4154115578552509,-2.6482125475683707,-13.300065,-59.19619,-0.5964290540070707,-0.3849445095862082,-37.164608,-44.444515
1002215,-0.02506597492654647,0.1548366917562397,2.5898188248912635,-1.7170566754408185,4986,29,-0.34484934912736753,-0.4660904874263958,-22.873316,-24.359507,2.3699621661836687,2.6983742763693677,-38.60922,1.5118427
1002522,0.14897793400645704,0.17510771813653567,1.1568936395053109,-0.5820866715179797,4987,135,-4.518187478840265,1.7339823323744639,-26.135052,40.457897,-1.100072213864029,-2.172980303712416,20.159033,-32.07333
1003365,0.11753988055298462,-0.1931291333351869,-0.6818795756610783,-0.6843841530235053,4991,174,0.6612336660723882,3.809563545744934,-21.65851,13.67002,-3.959289836610272,-0.9631061236978661,-19.117796,0.018672843
1003654,-0.20189593340168402,-0.09855715368088977,-2.3280818187990513,-0.718762943913756,4993,61,0.09333052459278235,0.4600902263670563,-10.035563,-12.2976675,-0.5948449775168133,1.6234899942710597,-48.217197,15.55334
1004506,-0.19519013819020126,0.08910616572421232,3.17787320434551,-0.9290692636843148,4997,109,-0.33895873009242905,0.10775816241578792,-13.808724,-13.775664,-0.8714946884396305,1.1812823976435274,-43.89839,13.634866
1005902,-0.1839141090499411,-0.10592998356953404,3.1784219445586555,0.9714752829218978,5004,98,0.19352803955388218,-0.25479088752892426,17.11689,-9.719047,0.13256784672883537,-0.12868920398559186,14.681309,6.791232
1006968,0.061049379850271174,0.09076156548800847,2.0762400017156195,-2.1951332645691735,5009,159,-0.782707724157208,-2.0550176927013677,-35.938313,-26.867758,0.025440246986926054,0.00864240662381488,-26.67531,-44.58208
1008349,0.1415230408880725,-0.04973194359775096,-1.233554735093748,1.7912570923748659,5016,133,1.7102681312018302,0.12205417250232262,39.138985,-14.561867,0.6696537268763693,2.7845887219865526,10.3701515,53.046448
1008354,0.12260419761951846,-0.04311987352652327,-1.3367355271356527,1.997094399920658,5016,138,1.066042893990612,-0.2932824212692327,41.927715,-17.045929,1.049387139432298,0.18448032153473456,14.968895,50.21304
1008811,0.13137270034473655,0.19603748356935058,0.7972475031244624,0.36628992249210895,5018,193,-0.054834789478488556,0.32759688517636376,-5.564947,50.573185,1.1539739711562147,-0.7463701261614767,31.354294,-19.321463
1008918,-0.023193945287706602,0.08539382909844281,3.0291973154025897,-2.386375536274421,5019,99,-0.11328547208970777,-1.9569183683033429,-14.535821,-57.769417,-0.3284616088400584,-1.1396144430211992,-37.08134,-41.468117
1009316,0.12522665239980443,0.12157519776738704,1.527127885064196,-1.5130474568517223,5021,95,-0.7149828419399108,-0.620791300969692,-50.405262,-1.3061981,0.61387903574795,1.254373047110514,5.734368,-44.002872
1010785,-0.19635367023605116,-0.13358865651875865,-2.3993772873450827,-0.28960274923408524,5028,157,-0.33140150466215473,0.4118723535787775,-8.848659,-5.2060003,0.11152075402902786,0.7091607120389047,-26.378801,22.377016
1011162,-0.20322338863114287,0.025952946692240964,-2.7207515923534764,-1.0957200376917662,5030,132,-0.033129258530816115,0.28315214136075706,-11.823401,-17.855875,-1.886145772822538,2.2847569988244283,-48.08884,11.108293
1011211,0.03560126846552665,0.11490287635377408,-3.967053801387746,-2.0915859491185658,5030,181,-0.5962943172324084,-1.5057580436608724,-34.667393,-27.607323,0.2284005634081885,-0.034884955106742124,-29.287819,-41.31911
1011360,0.15378097321815726,-0.0972258442184255,0.14665399127434872,-1.4208794017370143,5031,129,-0.33705148947752506,0.6771251893625239,-43.623764,8.330096,0.35314635234921254,2.733031416895353,-1.5134281,-38.793243
1011484,0.02470311582813886,0.01906117750986916,2.097607256362499,-2.880836859174239,5032,52,-3.3609991326558513,-10.072660812214535,-43.09328,-36.805088,-2.4805938443632085,-1.8034742859189918,-29.38359,-52.711132
1012412,-0.09641283800664187,0.04870470964365588,1.5698653832418066,2.207907146700138,5036,176,-0.07009819651813332,-0.6939544472001775,45.122684,14.0959635,0.7308238930543236,-2.8995865141910158,46.485245,20.55707
1012538,-0.021327504531577335,0.11385576948739776,0.688852776215158,2.1342359254522743,5037,101,0.7141076325884854,-0.7924321729212777,50.422565,18.981665,-0.03525646649014063,-0.6883578764588232,37.10808,15.397877
1012981,-0.014952386626778794,-0.147625730249736,-0.7674612287885625,-1.8085532663648884,5039,142,0.6717869644733557,0.16426519832469574,-40.83346,-2.66181,-0.1525422916115616,0.2892745080257912,-36.07708,-15.560487
1013453,0.06229763295414582,-0.18042710889632796,-0.5870904375785337,-1.3024866536075024,5042,11,0.003156522494186166,0.47671107657853,-36.199024,6.5717287,1.122627763442523,3.1542394099163116,-28.890081,-14.235188
1014213,-0.19470696277047828,0.009090677491991994,-2.5653010595567567,-1.2458934683605938,5045,168,-0.016003990208135692,0.3758759885891917,-10.774421,-22.199196,-2.0594047110093006,3.7061005202667725,-50.073303,8.036882
1015419,-0.1706785821072644,0.1524908817479315,-3.565128620903197,-0.6112847183793315,5051,168,-1.7466991293681131,0.5356725037949054,-16.707523,-1.0085804,-1.1584356638177726,-0.30875028465006715,-1.2300965,-12.467096
1015961,-0.07201838237051493,0.03041285140428579,-2.302161935347265,-2.478012386706164,5054,107,0.9055654920794558,-0.9375119412292728,-4.1587486,-46.773987,-0.20533224681122078,-1.000317323577681,-62.46925,-12.74746
1018046,-0.10100870998120681,0.15220031413370974,2.8624736170564233,-1.4115232513726768,5064,182,-0.7526472391267148,-0.198286913410766,-21.27986,-20.932774,1.3617654354701556,3.9421726804724453,-39.722763,5.1104527
1018078,0.223616604267788,0.03792534854160705,-0.16507469874908778,0.6661518915950393,5065,13,2.3938688277113296,1.8185758303956268,18.33192,37.599125,-1.153953572776905,1.3005064093183953,0.27182582,13.165768
1018428,0.14284337888008167,-0.007074623671653776,0.8829109397925792,-1.8647952823348064,5066,162,-0.17013637451393535,-0.7409566140547956,-55.225883,-1.5231409,3.0897951271266204,-3.7654502877232368,5.2709317,-49.813076
1018728,0.032907316668511044,0.06454217230959555,2.36344394537054,-2.528300336104599,5068,60,-1.4126773896992428,-5.089461565526812,-39.08818,-35.607906,-0.8730376592326382,-1.146134084654182,-29.979658,-49.14352
1020236,-0.16937067508594983,-0.12255535437921236,-3.0285969806620603,1.0267786911053671,5075,161,0.2645238288422946,-0.2627574657207244,17.437443,-10.420483,0.05985676459058105,0.08456356105178423,14.599422,7.4314127
1021176,-0.16461790314359265,0.017354673605598905,2.2268475112977844,1.6194183042012114,5080,96,0.05871487990547372,-0.3716727631637858,34.30588,15.2648325,0.3636900519532337,2.2609145639845254,55.598705,4.416487
1021210,-0.1298109033176519,0.06311158180784435,1.7635364255733024,1.8510497807334019,5080,130,0.21153897633996777,-0.5121007876316617,41.665768,14.931784,1.272121215028014,-1.6072302097732607,49.36315,17.526999
1021289,-0.12166797464621293,0.20631908493518097,2.1667553913040893,-0.12628345611465636,5081,8,-6.115789470147988,1.5583451436334173,-7.952087,26.099884,-3.03840788442787,-4.047462958556748,10.36417,-12.688201
1021826,-0.1495643687146802,0.18461680569802863,2.3932811922888697,-0.28319014366996786,5083,143,-5.711419141778021,1.4838017369407526,-9.945525,24.397793,-3.1369932963475926,-3.723536164236538,7.3498874,-11.778298
1021858,0.019411980287654194,0.2245003795850531,1.8358943279306044,-0.7027018795974326,5083,175,-5.6215162648064245,1.5094013985638892,-18.682165,25.194557,-5.535854227931753,-3.509294163452162,5.4679093,-19.691088
1022088,0.009632424919830304,0.23828489838795325,1.4177703793477834,0.22524792161490922,5085,3,0.027870499457013375,0.053881603924340424,-10.164088,52.904583,-1.431857981684997,-0.7225724127970882,32.941906,-24.773178
1022154,0.06430527022303606,0.20904379570004505,0.8479902602263267,0.8487532175011471,5085,69,1.4183101978909998,0.35231184545898037,25.114103,42.835197,4.988949784851394,0.20536748818496958,36.105545,-5.88322
1022534,-0.010564039918537688,0.12649619870911483,-3.6155798958033456,-2.026979438420219,5087,47,-0.4518742938951312,-1.4171859841955643,-17.105059,-53.71434,0.23970779746951826,-0.2882235816826449,-33.674183,-38.98979
1023665,-0.09407165436941238,-0.0946679597086551,-1.3719032486015277,-1.9622636893440029,5092,173,0.9395765580855019,-0.21780074679784706,-14.180368,-38.404118,0.39975568329271727,-1.4228715688168718,-50.91199,-10.804759
1023769,0.01983135637990001,-0.054495592973452876,-2.5485341974691376,2.6534966931310353,5093,76,0.1832661317873754,-0.9966424933014426,42.745327,-31.988142,0.21997541782528238,-0.6303797463417491,32.958633,46.546143
1024452,-0.13951888705144305,0.1093107303089064,-3.066233561458526,-1.4798949549914535,5096,156,-0.6056364329623352,-0.1558317513391476,-17.16745,-22.656101,-1.0621434610331877,3.9254767182500947,-44.12518,6.8566647
1025161,-0.03305701340191161,-0.04626654417106282,2.7604097061440847,2.66318819620782,5100,61,-0.05449168803509997,-1.544077085027017,48.254776,2.7714047,-1.7780299791808734,1.0389072305277032,47.203438,35.27288
1025852,-0.021711105157763526,0.19925001082239852,2.261773239656449,-1.1648819629105298,5103,149,-1.042008319289459,-0.3280712039798939,-27.950954,-12.208467,1.6463232455426422,2.5108989852228456,-3.424148,-22.29445
1026571,-0.03864544471232514,-0.2127515164965496,-1.3016879371366148,-0.8975902677920923,5107,64,0.9411909890048327,2.28043752280253,-23.757284,8.555386,-3.1349953912962363,-0.15607805573358952,-26.482635,0.61077404
1028273,0.11362911282173822,-0.16405534761580923,-0.37607104464030827,-1.1779300130951953,5115,158,-0.1867204006949453,0.8918618430129008,-36.030357,8.132846,0.3091037080548878,3.3600538107894407,-26.074476,-15.940409
1028434,-0.013980046772458258,0.23595486149159,1.4557982440771242,0.3483554349149804,5116,118,-0.07553250254684865,0.07076565010641145,-9.023839,53.530937,-1.2258594111797239,-0.05286475016006399,34.06477,-24.092218
1029225,0.08004001967309973,0.17356367687960889,1.7882207425750072,-1.2990345386595221,5120,105,-0.7371866273786147,-0.1424885503106522,-29.909752,-11.138596,0.7934917481740918,1.8639303873915363,0.054811336,-25.966686
1029301,0.040880657456894155,0.027642925793298453,1.9582606804740992,-2.727393465264788,5120,181,-3.039313251062001,-10.19409627395611,-43.555347,-35.294895,-2.2769630476395966,-1.6522198568177051,-27.570621,-52.781544
1030554,-0.08982384096999688,0.17479418956557327,2.656887035702693,-1.2227962588000605,5127,27,-1.0508829791989822,-0.290179728278406,-24.973995,-15.133749,2.3057046521870386,3.5346446883273854,-6.869457,-19.94613
1032729,0.15229077954058154,0.02914095327741055,1.0574537760570262,-1.7367769527884676,5137,192,-0.37049326116338627,-1.001798391413566,-54.53491,0.014746663,1.7316397201441156,-1.6458176453669353,6.757174,-49.45292
1033343,-0.09362749731298516,0.010631346614632775,1.8612114265422544,2.334632192594681,5141,2,-0.3961767422954671,-0.8706850703909625,45.71888,10.792892,0.33028818150376216,-3.24371390190098,48.16146,22.917973
1034454,0.034287078578403796,-0.02003548214215274,-1.9333950540511844,2.8091322729881285,5146,108,0.4458436667280615,-0.7464295750143028,47.5248,-28.570929,-0.4252929389045825,0.15268476583891144,27.844494,50.888382
1034998,0.2023271631196603,0.08053652632660152,-0.05500608283075859,0.8676622903337348,5149,49,1.9712183745189378,1.105577137406841,20.727627,36.209488,0.06710769011835714,0.6480255385086399,2.5217946,14.281473
1036613,-0.02043428621628357,-0.03806239345888491,-0.6736908954293325,-2.7796132945174836,5157,56,1.9341232592345574,-0.23837474322586863,-22.58165,-45.351635,-0.5267378845523902,0.49716112740052576,-49.488285,-21.948435
1036648,-0.017174399267747872,-0.12664584292115738,-0.6963636708327188,-2.0184401598545314,5157,91,0.8049933019397676,-0.045547049339389994,-41.79154,-5.2055254,-0.2999842258624684,-0.3919217218422835,-38.5498,-17.231497
1036950,0.03143973152422237,-0.07111020814315627,0.08637528610892471,-2.481768534527011,5158,192,0.8904308946649555,-0.8387177118025164,-56.2962,-19.948854,2.786518651501082,-3.3781932272682766,-11.195313,-45.604916
1037007,0.13722002772452846,-0.05334202867063032,0.5396428512919262,-1.8207984032233335,5159,48,-0.030404863472240133,-0.40158952279475285,-50.495888,6.587104,4.231639470397624,-4.014581728794206,-1.9980749,-45.96254
1037126,0.08494468169712925,-0.1862736449461877,-0.5939192683569748,-1.0980548314049694,5159,167,0.08364838267680222,1.2449052530815157,-33.359104,8.330635,-0.021915140104347357,2.346903318780534,-26.599312,-8.6626005
1037448,-0.09967622646955815,-0.1724906828462811,3.596861291765731,1.1830867882925051,5161,87,0.5534715024759811,-0.13032919858749442,18.090668,-14.066729,0.1330906659970046,0.9434203511626197,13.703271,9.567395
1037544,0.011371710290291895,-0.18968387632086428,4.115170726140293,1.3141948781305792,5161,183,1.3705988958493402,0.28582756625698263,16.159365,-21.292414,2.1251074404055252,1.7765461723376372,1.6986849,40.00745
1037888,0.04618514797680702,0.15430925137785184,0.4449236229883083,1.6701118418794236,5163,125,1.3905397738773915,-0.5586905751061422,39.96115,27.28615,2.432086238686858,-2.019398067724519,32.747475,8.701114
1038023,-0.08159232756939308,0.04125702214324768,1.49347297936186,2.359927275530789,5164,59,-0.04940326805554065,-0.7510185047578272,46.425133,12.841227,0.24871454956444616,-1.6957653024981563,45.474186,21.553919
1038041,-0.06021279396715858,-0.07362348185792744,2.86353964505189,2.326640016355082,5164,77,-0.25838896471369033,-1.4993222925669676,45.35688,1.9320307,-0.4487801060387258,-0.6516615602121613,44.333576,34.592495
1038105,0.10532506872115209,0.02093634615218437,5.3725111085820725,2.213789689738369,5164,141,0.8435837632344915,-0.42014248518144276,45.884056,-19.02068,0.07853324307880725,-2.0746637680494304,17.534958,53.211
1038351,-0.07036100123211453,-0.010157088550977827,2.0148846064580908,2.5401489003484574,5165,186,-0.7117786258218572,-1.0759047077802957,46.300938,7.9308057,-0.8807814976053581,-1.6672216159594582,48.697098,26.173258
1038698,-0.08169623345542816,0.010272555493541335,-2.0460761962954703,-2.4412017149607323,5167,131,1.5705369332319679,-1.1675335630152264,-1.9533632,-48.696415,-0.548525817197385,-1.2204251982161467,-61.250927,-13.878786
1038730,-0.025040420448074585,0.008384007809641658,-2.004134530635146,-2.9210903097276653,5167,163,2.077726166829797,-1.1223865460286035,-4.338901,-55.93261,-1.5584096827038378,1.6403468000288242,-61.501415,-19.075386
1039678,0.21968389371233066,-0.07914016249352791,-0.11258162179100664,-0.46638277924828353,5172,106,0.28209268467400367,3.1997136650790767,-12.281871,40.05546,0.9700673897777132,-0.2584020365125806,-16.43649,-14.592354
1041852,0.013191916338418694,0.1820590936682065,2.205071462680612,-1.4132165006607904,5183,69,-1.0422978033979355,-0.3713787110023775,-27.488922,-15.853412,3.4512285968786207,3.733957682561801,-21.464243,-36.08152
1042071,-0.053079564279316635,0.14016950970986652,-3.454106011803951,-1.7925776379067009,5184,87,-0.277610516257364,-0.413292649790458,-21.388414,-25.540586,1.0926414214739628,1.7537301709610051,-40.689384,1.5393279
1042675,0.009171446715239298,-0.08897964025840688,-0.2792198636646504,-2.377731269186329,5187,88,0.7099854115155408,-0.6656860541225249,-43.555412,-10.506744,1.4622211689305682,-1.2719899343332455,-40.2205,-21.029886
1043699,0.15052106205722826,0.08670624828632498,1.2841411358303363,-1.5230502845877185,5192,107,-0.5603142327717839,-0.7559544191348628,-51.126484,0.122892395,0.6214795215568248,0.5421007198797566,7.1315274,-45.074757
1044144,-0.12792947967318513,-0.08738861068125396,2.8718116774739566,1.7381485857980479,5194,150,0.04658280666053217,-0.6353558865541646,33.361416,11.336615,0.19132295484510828,1.092060663523663,50.80845,7.2552257
1044326,-0.09138424937206427,0.21659752738158525,2.172746857105916,-0.40540333882822466,5195,131,-8.014675419251875,2.1222531603985426,-13.356576,25.17529,-5.372579555284845,-4.4676329077934085,6.6623125,-14.955491
1045416,0.15638916241385556,0.1480608975682881,0.3009361948951205,0.914227357698782,5201,15,1.955085108822323,0.9999537316425203,23.272936,37.411854,2.948157116515949,0.16572598019831475,4.846891,12.754719
1047429,0.1646055387667245,-0.08042641389938521,0.247831822710685,-1.4046372689900664,5211,18,-0.40753194194435644,0.5253933114979292,-44.03771,8.865038,0.36909821640121165,2.2812748050000207,-0.7439943,-39.202812
1047524,0.09443489862335154,0.1818475080305233,1.6394247169704048,-1.0952059203098212,5211,113,-0.9546534183592955,0.16050953678326302,-28.656193,26.032694,-1.3396366089576663,0.1557600996738382,5.1519694,-28.106905
1047949,-0.06722981242914719,-0.027208239627503336,2.2623465779866123,2.5276037491168784,5213,136,-0.8168755779923865,-1.2311628192846216,46.372513,6.573742,-1.3261759859755102,-1.2615199362648801,48.26706,28.238
1048684,0.0330064005129131,0.016513505525586225,1.8803023510021197,-2.832809993871733,5217,67,-3.0940871399324057,-9.719169726113636,-44.043594,-34.933125,-2.632964898152102,-1.494859028603049,-27.369625,-53.52688
1049115,0.15526525201697916,-0.007390004953436002,-0.9138328453974311,1.7325454750045357,5219,96,1.969529106210288,0.33753837401326386,38.95409,-12.367089,-0.1601418033095192,2.7575527539167752,9.71731,50.90837
1049222,0.21053230826436004,-0.09507841885277962,-0.14955901722377155,-0.5492653518989724,5220,2,0.23345097604744314,3.310242323410262,-13.36707,39.05934,0.6960744417235363,0.2905803263078067,-17.38529,-14.725065
1049376,-0.1741363503825845,0.16393860008725777,2.46984928325913,-0.1669995331790424,5220,156,-4.6699250546707685,1.1325990668082284,-7.9816236,24.277567,-1.844203079402552,-3.3824018594437315,8.097325,-9.986242
1050016,-0.13923115107287434,0.19548575925116188,-4.093780455849321,0.0005590740947980892,5223,193,-4.255220134258948,0.9268602650869111,-3.7291064,25.972399,-1.822168163421013,-3.344483066385109,12.166936,-11.073407
1050735,-0.14793879309523322,0.17626664389342764,1.9811273469926314,0.5758245102592283,5227,108,-0.3394510189319312,-0.19825919145743695,9.352227,25.648045,-0.16649533856736184,0.35711806307968247,20.420803,-6.8603115
1052186,-0.2034854556142353,-0.017280969671470206,2.67322932087174,1.1061697709401905,5234,152,0.15227517696237147,-0.14368286677215727,20.602861,19.76762,-0.0493614605179312,0.45934585938380623,47.709858,0.68923247
1052208,-0.23068178927476424,0.057762919268766554,2.7608494185550834,0.2707746480963157,5234,174,-1.2913846784507066,0.26419617651740246,-1.2060981,21.262566,0.664631607201778,-0.2632889714433808,11.039365,-4.00834
1052710,-0.16405563202172127,0.09882758523664238,1.952603359341861,1.2936096863553315,5237,73,0.29230258197233433,-0.06049765190212329,25.449638,22.063457,0.4134946869906717,1.7843393804125063,50.038742,-3.8648026
1054422,0.15639374818258794,-0.0958554851152473,-1.250700559456683,1.4016831115078852,5245,177,2.108273890847124,0.6203857810079685,30.92726,-10.5927105,0.19108839493449592,4.537726486425614,3.3458364,50.32781
1054617,0.2082270662745864,-0.013341523206083866,-0.5808106946237569,1.0336523249877072,5246,171,1.1817831473451328,0.6195352257012139,20.977968,5.715612,-0.258548599133257,0.961536009169562,3.0546424,23.399767
1054939,-0.054186544416077204,-0.09873222312738258,3.1281148810714114,2.1646695090263366,5248,91,-0.021323138042786502,-1.389885823875229,35.02381,-26.989725,0.6851492627932514,-0.9001024833882538,39.64447,37.90467
1055928,-0.18142397216627976,0.13497002616577453,2.1602532382763884,0.6834455261256511,5253,75,-0.353824479639396,-0.2408955585645797,10.098648,24.684519,0.21604813333579215,0.04021564391126118,20.394669,-5.460884
1056689,0.03977632242392139,0.05814181556781172,-0.3020807713968892,2.5457690453159847,5257,32,0.6907501059088692,-1.0657137223636857,58.275837,-7.820486,-0.5510906707579601,-0.3436169607294797,27.27722,26.86225
1057655,-0.006101283549410405,-0.10274325969155003,-0.502534709976047,-2.2551514877961703,5261,194,0.6971441067164816,-0.5458818916627851,-42.792572,-8.387007,0.6076101270571382,-0.606735176096805,-40.266174,-19.369589
1059844,0.1625433907044928,-0.007499226354152344,0.7796749140094988,-1.6515579719871407,5272,172,-0.15407635276030107,-0.3415088321325769,-53.7214,2.002183,2.4691176916178152,-1.6528143344860151,8.665136,-48.03993
1060410,-0.13261415478732402,0.17509890773165343,-3.649418285566875,-0.8295425612234593,5275,135,-1.0787168893850825,0.2733914389137733,-17.826756,-2.4716392,-0.8239080719901578,0.2863874579099432,-2.2496169,-14.205787
1060707,-0.19599427676288747,-0.1370423235452283,-2.6154112046646683,0.16803622111786498,5277,30,-0.3718595524229179,0.3816876754496079,2.2518504,-0.61207896,-0.2760483236446517,0.07163170316217589,-16.136229,31.915758
1061365,0.19143245947628224,-0.12582307033290047,-0.2786578274162185,-0.6056241765483983,5280,85,0.28751835934483894,3.531379971860588,-13.730062,38.08895,-0.4103521776370025,0.2629760080477614,-17.926012,-13.915772
1062067,0.03205955978801311,-0.014712014243461913,-1.8535141843954208,2.8465734938151326,5283,184,0.48902909538275896,-0.7760223670164574,47.88439,-28.159409,-0.6551715251447352,0.4139036589558518,27.509018,51.26303
1062417,-0.1846206290838935,0.045318192107728764,-2.7257272398193066,-1.3131455733720954,5285,132,-0.12183278482841936,0.39755659574411706,-12.441006,-22.350494,-2.3106246598530373,3.7757591433039983,-48.228355,7.812662
1064141,-0.12217218406225328,0.06212404515171426,3.634142958750207,-1.9259428981220583,5294,47,0.23886259533637422,-0.11182687271873253,-5.5081944,-37.874817,-0.1692543592894621,0.11208993447263454,-61.65787,-4.4664803
1064294,0.07555848173650319,-0.22337584595041496,5.225721274571528,-0.3743137019597763,5294,200,0.6054368802582422,2.991675533623954,-13.777957,11.243744,-5.65716884933106,-2.333241706634053,-22.085596,7.3066688
1064936,0.13127718931910445,-0.013479279997826069,-1.0909142182515525,1.97718956799208,5298,38,1.2898023601385051,-0.34440741486443116,41.87984,-15.534104,0.7258303821622977,-0.02284985513123397,13.470525,51.997746
1065713,-0.03394595058077807,0.23681529272904817,1.792988446403742,-0.159636788779836,5302,11,-5.844892610873542,1.991835278048151,-6.0933037,28.040007,-3.530567650303694,-3.5779049841428114,13.208079,-14.834366
1066263,0.002848266740719807,-0.17551219626735182,-0.8041415091893955,-1.5008558593169963,5304,159,0.2074644231246302,0.15992420969464016,-35.89585,4.6458697,1.1046028429428758,2.0888532241844424,-32.347004,-11.71286
1066448,0.18092754030938335,-0.15336476169598845,-0.856513311801276,0.306760398092082,5305,143,1.5827967777985446,1.5749484151413684,7.1136913,11.487414,-1.0999612984128437,0.707670401953137,-5.8536997,20.194223
1066623,0.10202424913200177,-0.05686975704998387,0.5539908224010137,-2.1250168598659624,5306,117,0.288153068374083,-1.662218271937001,-48.867825,-16.147652,5.278830907103915,-7.41979025599751,-7.80548,-51.2153
1067183,0.03722177170751483,-0.020882986581554783,-1.903294617245716,2.7840264338360408,5309,74,0.452017333971554,-0.7239229329478126,47.57509,-28.421501,-0.3794478336157803,0.17642837692454189,27.66571,50.885574
1067330,0.04524416484152629,0.17439156613847948,2.038646574439741,-1.443387569181441,5310,20,-0.9816047134405469,-0.3728828676431955,-29.987333,-17.285849,2.7014968670603468,3.0676147941189957,-21.333273,-36.98739
1067967,0.20055963752862327,-0.08979033790948301,-0.007117529646517363,-0.8276423789333439,5313,54,-0.4943241306601164,2.2926893569283684,-18.258064,36.748203,0.70898472499466,1.7243907267133505,-20.884806,-17.897419
1068372,0.08792755122818446,-0.06808522585335866,0.4301201360387619,-2.1780270183891055,5315,57,0.39248412013275646,-1.728150813204383,-48.27056,-15.7316265,5.418806909152855,-7.526293604804279,-7.664258,-49.91663
1070881,0.017362554351314008,0.15438758664952898,0.5920948308002172,1.7334224512097591,5327,154,1.2491979038566998,-0.8865609993629819,41.353954,27.4879,2.610679771652215,-2.578642934674248,34.77808,9.16824
1071477,0.1908574083980999,-0.14533469249143144,-0.6806509076273551,0.059682051750570606,5330,147,0.8826985414215441,1.3818899230126052,4.920578,40.51038,-2.6889106280218322,-1.4362531103981104,-11.7806015,8.593794
1072178,-0.21003052564964447,-0.007305419461145074,-2.6028210432060237,-1.008005943150922,5334,44,-0.010196399389434292,0.1677602932875808,-10.836399,-17.391544,-1.5158568684770992,2.0780758193690243,-49.16812,11.498217
1072807,-0.16307198318450328,0.0012477842842996828,-3.9729780685701384,1.647467650241308,5337,70,0.026064977547939572,-0.3969120231495291,34.12951,14.691188,0.23509783526979788,2.241186577473559,55.020447,4.5129337
1076005,-0.2254611554790414,-0.07080791307742523,3.2705200635715133,0.3507527026481622,5353,52,-0.4997742951116194,0.17473060566247922,-2.6770866,19.191624,0.41066878881898317,0.08579290035352785,9.171859,-0.41447937
1077107,0.06855172168202782,0.22647882761618787,1.4447483985266416,-0.33574050991768534,5358,149,-5.3636784067707985,2.4091050876175757,-21.124008,46.458504,-2.7326941746154647,-2.977438587372977,13.265876,-21.81376
1077748,0.08295490012172307,0.0581585768464815,-0.5235483033818836,2.2700064433802356,5361,187,0.8976117754333726,-0.4951892741847339,55.61033,-10.074864,-0.3507485778039681,-1.9259224070874712,23.865221,28.205482
1077878,-0.09191405938561986,-0.09045187546886581,-3.367754618608419,2.0070848872170335,5362,116,-0.0018752121297409483,-1.0581692724071305,34.39092,-24.774334,0.4520585571969273,-0.8701585282873839,39.96316,35.62471
1077929,-0.07388945830639065,-0.0077564024780649166,-4.293064102459683,2.512122918742444,5362,167,-0.6203222976491268,-1.1081738752155577,46.308628,8.280214,-0.7129133632240683,-1.9573902598270707,48.629223,25.736256
1079056,0.16736716431073606,0.1701479196140643,0.8990697499884059,-0.21086573250153332,5368,88,-0.9275066146384434,1.5182291914162125,-15.544213,47.57314,0.8632431678957274,-2.371250257359864,25.312893,-24.852394
1079307,-0.20584919683331504,-0.07840362270504037,-2.369415213942233,-0.8165252466298369,5369,138,0.10288547634028702,0.40760263346951253,-9.985764,-13.810948,-0.8150133099888114,1.8284032818186369,-48.863575,14.501972
1081755,0.11601227767074855,0.08939808244669947,-0.2578642146135836,1.828828403291255,5381,174,1.3912713978543612,-0.043450335560151446,41.040245,-7.6757402,0.1928500808706723,0.10396784852886257,16.729012,26.704702
1082613,0.16877998845142164,-0.026715073705400175,-0.9354279860455899,1.5568938072600105,5386,27,2.0400699340098187,0.42720214552132996,34.2525,-9.919487,-0.6079846932764628,4.2301469112822,7.4215627,50.239178
1083464,0.11633703970295146,0.18016537277700553,0.531919037153458,0.9310283532262849,5390,74,1.7905335054170235,0.8162154385239166,25.358177,40.036407,4.996205092660232,-0.19479190100510474,33.328808,-3.030108
1083499,0.11036214998620959,0.20053228453018335,0.7622979133875409,0.6107791252187087,5390,109,0.8706733161668202,0.5344871723817537,21.752821,45.093567,2.7378220561117024,0.07863787541204029,35.473328,-9.948717
1084690,-0.20695023566945847,-0.04948411209179322,2.8954435097022637,0.9617070589529212,5396,94,0.020161632022394488,-0.08304957601299214,18.35983,-9.321036,0.2346884104803564,-0.3441088612743947,16.744371,6.6536627
1085155,0.15154150496966817,-0.08040488780446321,0.2866524631197418,-1.548927440956638,5398,157,-0.24725913205501363,0.30696129045348225,-46.17595,7.974944,1.6432486020617738,0.9046394062183957,-1.3855155,-41.411297
1086153,-0.04123403082457604,-0.04635682611332909,-0.9884566200667116,-2.618637830603977,5403,150,2.2764813105560613,-0.35752706168393217,-21.365652,-45.697598,-1.089655266933205,0.40827269644644526,-50.78744,-20.618893
1086732,0.1819371445035192,0.1506470828217939,0.8695192598100517,-0.35585318916548714,5406,126,-1.7404855671343946,1.7732280079668603,-17.350267,46.324734,1.0191574497440237,-2.327879449458452,23.932247,-26.129164
1086898,-0.20096224321859257,-0.1254441154146942,-2.7444332605551436,0.3217538146264802,5407,91,-0.251560512525715,0.33681327665701344,4.1595774,-2.7779996,-0.02532283570041717,0.1904286406298763,-13.564817,32.33338
1087650,0.23328413647942406,0.052404004469786956,0.3077124665445348,-0.1734891115104452,5411,39,0.07307212749839728,1.6887097075276774,-9.288876,44.938156,2.4365096094702032,-2.569528280857297,24.685806,-19.537575
1087865,0.0029252221015134174,0.23826222649088008,1.6783067653736776,-0.23957428776236706,5412,53,-6.176935088289331,2.452979365416959,-21.918634,45.985607,-3.6903343489058096,-3.5222251322714415,12.644018,-19.931667
1089801,-0.08900312420730094,0.14741892788462269,1.3433919815351254,1.541142799948502,5421,180,0.7268716866560415,0.2416656172719555,39.06769,34.642128,4.135536741435543,-1.863444612632741,40.859844,3.1197567
1091065,0.13001644849916827,0.1313467857147723,0.09862508220443188,1.3837260618732394,5428,37,1.3884754687629612,0.2632712857767978,35.88811,27.350117,1.6974174286017851,0.48731173244582493,28.73429,7.7617006
1091154,0.118054208119101,0.19916028888295584,0.7691001173619015,0.5332348248468486,5428,126,0.5331413160490568,0.45456962808942464,20.959269,45.730263,2.1830179552894187,-0.14449127702051295,35.098843,-10.555499
1091287,0.15632361805582776,0.1210837908540559,1.261601715478539,-1.2051190488887773,5429,58,-1.0891027927012662,0.507599774037703,-31.741148,27.232832,-0.23504271412861616,0.6479260917020349,7.0227704,-32.08874
1091383,0.05172400219810255,0.2341848211956299,1.3911800454754837,-0.07552416469531262,5429,154,-1.8450198836615974,1.2515111854465493,-17.194172,48.70602,-1.732377486605485,-2.1255509376443,28.7898,-27.413723
1094340,0.1395546393304619,0.011454920845520966,-0.8659483866046865,1.895693530397213,5444,96,1.5498565705190004,-0.13478826540022712,41.427143,-13.920496,0.20456213862764586,0.46473523423222646,11.599373,51.10458
1095623,0.2001738125827457,0.10799016014981577,0.16985307022888313,0.6497580402262729,5450,173,2.2733044412216272,1.5646270999193395,17.89757,40.362602,0.3861833980517746,0.831233486666918,1.223221,10.107172
1095749,-0.008385935039664748,-0.22218803933485043,-1.22257469909014,-0.7718924699635912,5451,98,0.9873284190393546,2.9344003891988195,-22.390219,9.288787,-4.61410404028758,-1.1844250974034625,-25.321224,1.8551593
1095856,-0.04765285221843815,0.08230682486031464,0.93226719048095,2.3266777072430576,5452,4,0.6515628605921185,-0.6495219212868939,51.824863,16.668577,-0.8407893345231044,-0.08322738448990914,38.50653,17.981068
1097037,-0.013553879526570042,0.13346959543663148,0.6943627154676516,1.9552739857631334,5457,180,0.7935401527754632,-1.0073466311285266,48.33005,21.022787,1.0839397426540136,-1.7891101250275852,36.887394,12.724052
1098319,-0.0028155605522987015,0.06470350288801137,0.3167277959946127,2.595111810071246,5464,55,0.5094465680712085,-1.2077674691834717,59.994442,-2.5087428,-1.422471519460576,0.32584026045762027,32.81803,22.94534
1098758,0.1299761231501413,0.0029476365315352637,-0.9756560475987256,1.996660906778658,5466,92,1.2788381156151996,-0.33060520352221734,42.263607,-15.092484,0.4646409554611718,-0.5174511291071564,13.814872,52.53623
1098774,0.13162961792829855,-0.12910180270669427,-1.4704383122356874,1.3894698750385368,5466,108,2.2285085201264687,0.5771958618737859,29.48124,-11.546715,1.3448705807062709,4.215044335481021,1.1384565,50.62291
1099123,-0.04410637373209916,-0.014128266066644413,-1.4549937619983238,-2.75320677268725,5468,55,2.79336339644458,-1.2072445086422054,-1.6130942,-57.21262,-3.2412658421587786,1.0767593349062248,-56.335842,-20.749636
1099449,-0.11044961997944452,0.21307473283488498,2.0481946377072453,0.0016598558297966914,5469,180,-4.059075560141295,1.0460807176380806,-3.4610338,26.730968,-2.117689426550878,-3.3066619345708417,13.043222,-12.077048
1102202,0.0558516340897397,-0.16075967783569872,-2.0189858965125604,1.5651338295787125,5483,119,1.2020465297881904,0.11340303756717753,19.813131,-23.952251,1.6896798391012195,1.279529323586122,8.379494,40.87918
1102928,0.23524392346393447,0.012041362904246646,-0.141685729005178,0.3856556129931746,5487,41,1.7546611035199227,1.515010987251776,14.122323,41.623676,-1.609218017948899,0.7034401179621013,-6.248999,8.915525
1103936,-0.003043286995142766,0.04439067081784521,0.25492390242029295,2.768644448304986,5492,44,0.2933654213293955,-1.8736182855461934,60.92261,-2.7441652,-1.699890159893886,0.2390171727596454,32.60786,23.947668
1106063,-0.10785475500019921,0.21343771386460697,1.9540486685505845,0.1692874644968874,5502,161,-1.3372149326559333,0.3281500558164223,0.93315333,27.265064,-1.022442333518708,-1.933288419682608,15.302891,-11.245306
1106468,0.15211848211492773,0.18514969698792894,0.8271624274015539,0.11172386395406103,5504,164,-0.046517842298299326,0.6163761710719481,-8.74693,49.89911,0.7975345808731681,-1.8242515927411764,29.678999,-21.26897
1106890,-0.02055125576092403,0.23214159666379444,1.9003470002402527,-0.48250380641680585,5506,184,-9.016983385265993,2.8726991118405536,-14.059868,26.558931,-6.136331382910927,-4.601516352432787,8.561588,-18.237333
1107416,-0.023451952813724114,0.11875320782605014,-3.475259100118806,-2.0843079062533145,5509,107,-0.4472781078202395,-1.513478159517266,-16.379686,-54.2776,0.027741904634334014,-0.9018902515869267,-34.510296,-38.955975
1108383,-0.2306476615046625,0.028183943754687912,-3.516127342106756,0.505885377423435,5514,69,-0.5274193630198243,-0.12236406987669975,2.6537573,21.187382,0.6670574996325795,0.6652893691342302,13.767001,-2.6023068
1108614,0.010527066025917325,0.18888670459802684,0.8522841502050204,1.3256752031079948,5515,99,1.4268685628471167,0.16620384713776998,35.669926,34.96724,6.841105360072223,-2.4050156117123396,36.9467,2.2477272
1109247,-0.10758965953400676,0.13153913122492872,3.0404169733304793,-1.5680852859027212,5518,129,-0.522476663215876,-0.3324059806722051,-20.044943,-23.710777,0.20766313983371137,3.6705036073088424,-41.674606,4.2837787
1110450,-0.16668442024555474,-0.09735437780880622,-1.9766773279369976,-1.2725917031551999,5524,126,0.19220055827295324,0.26857214628344983,-6.745333,-26.511303,-0.7062673000724305,2.817946987139192,-54.62044,2.947372
1111186,0.1595223430403301,0.07011272606643089,1.172348265495129,-1.5164928262640187,5528,58,-0.49622346849870136,-0.6621909889016857,-51.61981,1.0824292,0.7819810278062237,0.24091419443123008,7.775429,-45.741657
1112205,0.07800528033211024,0.08298941674805985,-0.2599828106725822,2.1526589561735676,5533,72,1.0177538366679988,-0.42926675723917,54.463123,-9.564237,0.03376947036348322,-1.5797821973920836,22.496851,26.869316
1112274,0.23129893586580158,-0.03081014673122702,-0.3685232901761813,0.4721959414700658,5533,141,2.272227558630755,1.916177970873783,13.461794,39.12087,-1.7663100464304478,1.4311171597277268,-3.9157548,14.326614
1112525,0.19894078097864418,-0.12254081839838893,-7.065755335486159,0.46098648166154416,5534,191,2.0306771853664207,1.9436916770488217,8.644823,11.529413,-0.8554940955349657,1.6986266652164184,-4.1358786,20.374174
1112877,0.2055842203903503,-0.0036528353773959688,0.5241224570484857,-1.0837773206002466,5536,141,-1.350634691521463,0.7464814781625939,-30.767738,33.16063,-0.3607464825694822,1.1417061599349068,13.505863,-32.39649
1113070,0.09632540566726684,-0.08724354020568363,0.2626034508925663,-1.9971361081299999,5537,133,0.16650843480368419,-1.03941823357166,-48.49465,-12.538499,5.018621087030918,-5.735868091922367,-5.343422,-47.02541
1114125,-0.23687222933092808,0.008649063549848447,-3.3355719281059604,0.31496372922329924,5542,183,-1.043993091363966,0.18718083563806368,-1.229572,20.614063,0.707833136778626,0.0443431715291487,10.454018,-2.8946247
1114141,-0.1945793174035828,-0.10137182677823911,-3.078628399276425,0.8346514206211677,5542,199,0.08517728435986456,-0.23049719193917015,15.658711,-8.407833,0.2945715732201697,-0.13103564521051708,13.366439,5.4663696
1114388,0.0941770481165246,0.09322296824206706,1.76617491951888,-1.971735705926355,5544,44,-0.4323903973819428,-0.8571224713188146,-35.57977,-24.356705,0.35734081172931387,0.7013998654427122,-24.31141,-42.805103
1114627,0.010219338816917153,0.2180476079042272,1.0953162047556404,0.8572938535173114,5545,82,0.9953232752109574,-0.00308140233399418,24.900433,44.097878,4.101526208119069,0.7154523264922916,38.01494,-7.115649
1115721,-0.14994830990050562,-0.024468972657780086,-3.8651469802465708,1.7706226245384786,5550,171,-0.011663052429631941,-0.33494841766078826,34.46579,12.974935,0.3748278827274334,0.8572415332456526,54.48143,6.3749814
1117762,-0.04496900672058547,-0.07331284341825406,2.9578968597837667,2.408577431284253,5561,1,-0.08191082415680478,-1.5456004183850562,45.882748,1.7266092,-0.493536617873678,-0.2511339882482179,44.658386,35.2234
1117826,-0.1423243423954877,-0.026377150338582483,2.4014508378732464,1.8467877301497235,5561,65,0.02400787618326531,-0.3457439050060553,34.928463,12.363609,0.45929043024138094,-0.04554932322220655,54.748188,7.1964483
1117893,0.0466581111986726,0.16882199470578602,0.548379072378693,1.5055470776355468,5561,132,1.6140033219366512,-0.0756901503091949,37.78387,28.93113,4.102452647309404,-2.410531589725126,32.87262,7.137182
1117945,0.0825783805320634,0.17393097366352797,0.48777980614289046,1.2795007214410528,5561,184,1.7035417144494143,0.4441206345973721,33.915363,32.12269,5.127149811014846,-1.5513093898817545,32.474873,2.2613268
1118987,0.10970676588029883,0.15426636477928488,1.6146630918764613,-1.3240757086848123,5567,20,-0.6324066695762108,-0.07662614094583292,-30.519789,-10.506154,0.3389272005219039,1.4957576039753584,1.1948355,-27.14344
1119259,-0.04381062201425827,0.11141730788768574,2.993975294961505,-2.0970759613426284,5568,91,-0.2530927128181971,-1.332935742747848,-15.698227,-54.21524,0.1055327499231242,-1.2123131589484302,-35.330887,-38.65841
1119488,-0.039545894920337984,0.027538910286944662,1.1646707312985463,2.7372612884181042,5569,119,-0.10507307862285495,-0.9142929134007564,61.413242,2.5699801,-1.1102286292032961,1.0720723460187687,40.277596,22.997896
1119701,-0.22963890416606544,-0.06556025882603582,3.3202357620134553,0.1989035785474604,5570,131,-0.7917271157809955,0.23777876176069446,3.313611,-2.8531866,0.3575276802606988,-0.44712906171568695,-14.499087,30.619946
1119778,-0.11998850401345092,-0.08500358128573733,-1.613902029256314,-1.8226572482708598,5571,7,0.8450715825895082,0.04778210741065338,-12.074878,-36.958122,0.7157197063687616,-1.3742016684280152,-52.554226,-7.975995
1120951,-0.1497497756424574,-0.18135989095594032,-2.0605636533128164,-0.40090416484755514,5576,175,0.02764165364520286,0.48212293347552376,-8.600087,4.9973893,0.02062677405118439,0.6021736749940433,-27.160233,16.61112
1121009,-0.0034449414291645303,-0.18546768093816307,-0.9019951694062613,-1.3747467414296253,5577,32,0.1670675739072299,0.36050406086959197,-34.227364,5.6913285,1.0714859514991852,2.2007774124208663,-31.169376,-10.043843
1121407,0.09631966993780891,0.18953604059791956,1.5830748179219138,-0.9649077704919081,5579,28,-2.136138191777544,0.4260373508395954,-28.466919,27.070082,-2.5576936238130834,-1.0080638546788865,6.4426737,-28.10321
1121795,-0.16746993352692857,0.10925449787458469,1.9775331468714108,1.1720221134658206,5581,14,0.2334764377669603,-0.06769472750700499,23.671219,22.239508,0.21159424041895233,1.0187987714496762,48.411346,-4.282096
1123733,-0.010260711275681011,-0.0796897402402969,3.354912477577862,2.4588456158757985,5590,143,0.04068893736030432,-1.3772479253421914,38.738712,-33.013023,0.3905699536887721,-0.527483406513692,34.598015,43.80877
1123764,-0.1030886325928101,-0.12440212651435964,3.188120537898128,1.6645741604905315,5590,174,0.22179347278036501,-0.3096631540643134,28.327295,13.7656,0.0050837157478599015,0.7129946124455223,20.700722,14.693533
1124576,-0.07416568313595936,-0.06406959232187512,-3.579235404047241,2.3002696026104634,5594,182,-0.3004249543422936,-1.3304383903538146,45.397713,2.4962351,-0.616205051179323,-1.1717258241565693,44.82612,33.602406
1125025,-0.11587510222385694,0.14390338515619364,1.5564826203729338,1.3844692342144096,5597,28,0.4727918720644898,-0.020174050259897772,29.24412,23.67165,3.1381942202451243,0.008033953508298983,42.64592,-0.7466769
1126040,-0.029642719189895084,0.06212544875970164,-2.9872953632404204,-2.559796575485698,5602,38,0.014368707572607754,-1.4573452108982916,-12.052756,-57.587643,-0.37475026895306807,-0.05844741892660864,-39.7776,-43.713894
1126703,-0.04131152338477584,-0.10390216719039405,3.2477973917217233,2.1723114147017215,5605,98,-0.013865657447594736,-1.4925742672248905,34.902115,-27.880865,0.8626167236544404,-0.9007996226391952,38.536736,38.685562
1126943,-0.1103906269503077,0.20896341186841344,2.2319171543064735,-0.35021624106699123,5606,137,-7.518129564499734,1.9969796573193945,-12.312029,25.048698,-4.718150398437768,-4.378973212569952,7.1016126,-14.102406
1127900,0.11149004847286278,-0.21145580631112296,-0.9964534859048259,-0.17826745147234807,5611,89,0.49935681817667915,1.9110195445149452,-10.747171,11.71146,-4.187882005584457,-2.1292441707449536,-20.075085,9.791676
1128335,0.12763338181132122,0.12165249266587523,1.5070166885069902,-1.491212026581151,5613,122,-0.7167676932226905,-0.5375791528892198,-50.29422,-1.136118,0.5781122092765744,1.242136699074962,5.950622,-43.94403
1128379,0.1385048937244351,0.1815487412660856,1.2319469048974179,-0.6257228558235746,5613,166,-4.8708723158399625,1.6986268037320804,-26.822708,40.250294,-1.6678458720879203,-2.1857700039816343,19.909206,-32.648945
1128538,0.12042681588365574,0.09137948850065783,-0.24028854044342507,1.7787918033371743,5614,124,1.4282955277852727,0.00578447998129877,40.607655,-7.1472135,0.1532720214391595,0.51432762675038,16.096083,26.517889
1129211,0.058555184644661654,0.017052562809389854,-1.0304790086398428,2.627726680139914,5617,194,0.44714583784788237,-0.3512234629693284,48.994114,-23.201643,-1.4560293278436403,0.35433895347769084,21.987225,53.00052
1129361,0.16845053987889902,0.11406033955842305,0.035928270828465565,1.1185455219482963,5618,143,1.363484632052325,0.6161285519892227,31.121517,30.77673,1.4119977575199556,0.43111711951523135,27.752977,5.1176972
1130381,-0.07130422199892161,-0.19594975145424348,3.8454385106042346,1.0359103363328088,5623,158,0.8652173896433712,0.19734696693240322,9.384063,-17.61932,1.3503818250862307,1.6649436232180486,-1.1610906,37.752968
1131282,-0.013754697844147873,-0.0981526715954057,-0.5649369921871241,-2.29017682002821,5628,54,0.8002534723775002,-0.4621154763018811,-42.52726,-8.656257,0.5532364787369822,-0.2678865899094979,-40.81216,-19.331343
1131414,0.05378981188934494,-0.2161533791718364,-0.9453992842574636,-0.7630016708924366,5628,186,0.9158751610258126,3.5294121297440566,-23.10871,10.545094,-4.803337189009615,-1.2701329116810938,-23.741322,0.10785809
1131501,-0.04109090108936536,-0.07107241054954438,-0.8733177111147046,-2.443362123937128,5629,72,1.5193746948201865,-0.291550193638729,-21.611784,-43.535137,0.04125579369245937,0.3011973595616025,-48.90379,-19.495607
1131608,0.23572779154862822,-0.005386224061343193,0.1647501896160044,-0.37519110539421663,5629,179,0.1071512929225126,2.3942839165115264,-11.493984,41.863667,2.2434149693092644,-1.087169496101096,-14.68495,-16.25985
1133138,0.01047054376968344,0.0633369270287828,0.10694942729961393,2.6000272994671785,5637,101,0.5968770316441881,-1.2553039957076604,59.914284,-4.4007754,-0.91511715536549,0.12402378456260946,31.15953,24.009548
1133158,-0.05737333074776754,0.08744271762192152,1.0315612372894996,2.239807774716747,5637,121,0.5530129669687808,-0.7156173739301324,51.054485,17.097961,-0.4294284136636972,-0.7837034299302086,39.18322,17.538992
1133213,-0.09224548639255731,0.047374704565392375,1.543149550466769,2.247993782148661,5637,176,-0.10897336824043069,-0.7019172029468391,45.448566,13.808545,0.6051990475784791,-2.678165990743838,46.211864,20.808456
1133438,-0.11676342471781317,0.0929667510404162,1.5695299407539853,1.7992893014960036,5638,200,0.20275154365146075,-0.4241706501231252,41.8138,15.49376,1.738611917430978,-1.7612011355261905,49.389412,16.004772
1134273,0.03784064108774757,0.006922743724256886,-1.2288720847398398,2.8196316235602814,5643,30,0.5682922563049683,-0.7321803220983409,49.28867,-25.164127,-1.8840565264997393,1.5277082828729966,24.046524,52.69428
1135392,0.07261779540757549,0.12957308759813643,0.15651173967714738,1.8069244539589322,5648,144,1.0654430436864524,-0.5711316085992875,41.15717,-5.0960774,0.8252363655942916,-0.8050740483703733,16.63572,24.346853
1136070,-0.0005374557293562204,0.2323118943753814,1.3193238659284432,0.5075719320883177,5652,18,-0.39276502095784954,0.30598882878549166,-6.302503,52.671062,-0.4068892590325922,0.6154580618677292,34.81538,-21.589746
1136309,0.16094885074035892,0.04688111739838342,-0.5140735956549162,1.5950219003598942,5653,56,1.7524998336530933,0.4272352552891442,37.767128,-6.585066,-0.3407256828653025,2.838066890509806,11.762837,27.15032
1136958,-0.03727962921830473,-0.06624431854384473,2.9512793295683015,2.4970459485697347,5656,102,-0.00802283567311153,-1.5723611430149964,46.767727,1.8223543,-0.8437855684224734,0.15469531436185768,45.410767,35.401917
1137001,-0.03295123207961011,-0.09577255354934734,3.245884118289847,2.2702682351559194,5656,145,-0.04956175936164001,-1.546619827982538,35.558655,-28.562155,0.695338316680633,-0.7794002841535959,38.398605,39.265717
1137663,0.03190882915175576,0.03514080676392447,2.2052711296838567,-2.743414971826983,5660,3,-2.964974770319424,-9.300177029988609,-42.19807,-36.651012,-1.8548263662474251,-1.6740195401921008,-29.608454,-51.473274
1138572,-0.14900687551300734,-0.019044777651146094,-2.119975244316661,-1.7889904594651602,5664,108,0.5411590632806609,-0.2941596277261289,-7.8262477,-35.568604,-0.2748262808091252,0.08680384896821225,-58.520546,-4.892822
1139755,-0.1807132749100778,-0.07019809025779926,-2.140672932658988,-1.2608192647009235,5670,85,0.15056368518326316,0.2866160260809404,-7.63538,-25.341518,-1.1684741147559023,3.4726549768113206,-54.56538,4.6232867
1140981,-0.11194778455905346,-0.16323323827224523,-1.5708491569998408,-1.2021786931519278,5676,105,0.2994954485473407,0.6961012189275385,-28.927656,5.4503427,-0.31950368133574636,1.7119673028392088,-52.278206,0.4655948
1140985,-0.07840427879064157,-0.16433161791836243,-1.3064148211550948,-1.4191002125489693,5676,109,0.4141978815949618,0.28974550228046075,-32.176685,4.976142,0.6127685273146753,0.9688249400845824,-31.714624,-7.591496
1141626,-0.15511913066234703,-0.04240444659578048,-3.7112727634110563,1.6730549438323516,5679,147,-0.02629944859984428,-0.49629860251603597,33.622883,13.464106,0.09773731703856514,1.8823827983943338,52.710148,5.947894
1141797,0.06064967483772642,0.021704270877938497,1.6427257890527227,-2.5981267396791847,5680,117,-1.8430442259991944,-7.490653529269713,-46.093773,-30.784185,-1.9987082957443416,-0.7732989813431737,-23.322668,-54.024185
1142381,0.1509714214052079,-0.1800395804665002,-1.0782708956009193,0.4105622765991401,5683,98,1.6967635430604762,1.5386806263178776,8.413286,9.686031,-0.24580406173842906,1.5269897424810344,-5.5194817,22.34547
1142639,0.09608765071126377,0.1941776375399321,0.6665216351061501,0.8895206694708133,5684,155,1.661791509739008,0.5752915622251055,25.524597,41.36214,5.345562885046645,-0.15549509428885216,34.618706,-4.4788885
1143152,-0.05012470151639609,-0.19221926854080743,-2.4216891537891088,1.191610409441596,5687,65,1.0199532486472795,0.22422734544785128,16.166449,-19.595299,1.1258220535012504,1.5571125569223885,0.23864394,38.016636
1143577,-0.04262413934196473,-0.17049130646039373,3.7182189016532106,1.4983683377382595,5689,88,0.5371512973459158,-0.07608238421815897,20.182343,-18.70039,-0.47029753984531375,0.3675540062198347,16.397917,15.164175
1144170,-0.20790703225194324,0.10517406058117856,-3.367734191389465,-0.4843830701808965,5692,78,-1.64007496950265,0.49708667203120954,-14.491185,-1.307671,-0.21447053764623672,0.1108512060157761,-17.80993,22.781973
1144248,0.021541537489515206,0.23555846120231652,-4.973558501043396,0.33994875802781127,5692,156,-0.15578527589056634,0.12171398923800393,-8.460694,53.080193,-1.119022635758298,-0.2358026801040209,33.809837,-23.31353
1145280,0.13735528481464865,0.17501896576010698,0.5209473239560989,0.7688878004245548,5697,183,1.7708704139209404,0.9612624617551428,23.969389,41.466053,3.664265015733658,0.17082573783862803,33.09082,-4.451496
1145606,0.10623127625843183,-0.1939893701889217,-0.6710422271656808,-0.7974893402946346,5699,107,0.5728108890215907,3.296015153366821,-22.950068,13.270088,-3.0252580625868326,-0.271939762157777,-19.97466,-0.9092763
1145694,-0.027212295406604886,-0.12937331911259087,-0.7907007656363193,-1.9748254341184375,5699,195,0.8801931478200261,-0.07475846660843422,-41.256504,-4.3905554,-0.4250690535076786,-0.35384549788230946,-38.133774,-16.458166
1145778,0.12118874864210288,-0.14599124698616353,-0.21890832700588062,-1.3181104416931622,5700,78,-0.07954569218856564,0.6734851646304448,-38.810387,7.067209,0.2523203364446277,3.799492628332041,-27.846539,-16.52
1146762,0.19036636948631694,-0.11524917277690577,-0.1605319554889323,-0.7677079044201052,5705,57,-0.10257397531508772,2.729575879254583,-16.642569,37.156425,0.35420744120149855,1.445604143335755,-19.904543,-16.213196
1147014,0.13252751483305059,-0.07708368929122858,-1.4046557256853993,1.7556869084411395,5706,108,1.7333183819189835,0.20455582429387076,38.02618,-15.14028,0.9999570311542352,2.9840682735904993,8.842242,54.0484
1147107,0.20098451230985304,-0.1068613112644538,-0.16617765931507344,-0.6449976467319694,5707,0,0.0583632833787434,3.208058307933231,-14.663158,38.28245,0.5261215728069955,0.8160615622844053,-18.48785,-15.211777
1147789,-0.150325629638575,0.04031162964958292,2.014393231303652,1.7304028845629962,5710,79,0.08131817414462383,-0.4612643221240343,36.83412,14.764691,0.7810579641152019,0.6395789980023326,57.047848,5.8447013
1151376,0.08391889646202505,-0.0749986570968405,-1.812017842163646,2.1653841578451893,5728,48,0.48646610003718016,-0.38342065276631154,27.342224,-28.345903,0.40067960183764395,-0.25613294628264455,16.52249,45.129997
1151652,0.01786050432033587,-0.22828983154133922,-1.7968277011448293,0.6082168510784131,5729,123,0.5973074995515824,0.802909886517343,14.914273,0.85294735,-0.5411841884555827,1.745489691257281,-10.704484,42.767006
1151708,-0.23411354867773843,-0.05282278515441097,-2.9164530161782416,-0.006453337467492243,5729,179,-1.0734143232489872,0.402342770197091,0.17573538,-0.5765605,0.17797438626710524,-0.7259250116906644,-17.213793,29.437243
1152182,0.17971628405586138,-0.13236645492744595,-0.2584557738563414,-0.7527374485899421,5732,50,0.0195225781545833,3.012460817860005,-15.805363,37.091404,-0.1933891434352486,1.1221728890835918,-19.52805,-15.211806
1152591,0.06776295963667942,-0.20011861551806964,-1.7385317813734642,0.9884620654373805,5734,57,1.3366922297013901,0.5653104710646191,10.540499,-13.533549,1.3360528073687041,3.4550285943418713,-5.28621,43.777527
1153176,-0.06584974000904217,-0.001519777622933996,-1.8257354992312866,-2.5855635458989923,5737,39,2.2142536189116324,-1.5201861449148744,-2.9773977,-53.076687,-1.5913787120872807,0.1738587718266727,-60.127148,-17.549326
1153442,0.15467356885146172,-0.18114221658269497,-0.7413014199249879,-0.24550616114778007,5738,104,0.5708322066213873,2.6799716714011885,-14.602822,14.2163315,-4.569433385366185,-2.3507038868919277,-15.125497,5.2925177
1153610,0.03165648433992939,0.026357949531705255,2.092623677681227,-2.796608306871743,5739,71,-3.296452904272479,-10.18922491245784,-43.064342,-36.56462,-2.2554117128628257,-1.756295041605988,-28.989975,-52.551456
1155998,-0.152195089514113,0.013518669430092958,-2.3495255644097237,-1.761318390876219,5751,47,0.29102558308762405,-0.2623886126294103,-6.2163196,-35.821323,-0.8165541978775788,1.4376345039776404,-59.6647,-3.6043622
1156053,0.08591801688104361,-0.1694076634138671,-0.44382378487036994,-1.315215190775894,5751,102,0.005950501488988312,0.4338732338644639,-37.383076,6.7145877,0.965093290425196,3.5812632319454294,-28.519754,-15.303002
1156460,-0.04707580347455567,0.16341946904459154,1.067990887897466,1.566558323289536,5753,107,1.1836094880949417,0.09952508467761732,40.45844,31.87535,5.05271421316985,-3.098554682845594,38.293728,5.7238784
1156470,-0.03961751985307192,0.1631514154090062,1.0129871976634055,1.5920502800856782,5753,117,1.2444036951918958,-0.003066536360225431,40.952103,31.250938,4.9149137619702525,-3.2484363610078275,37.965656,6.161681
1157658,0.1965002979195985,-0.08024838340044227,-0.8733151848694748,0.9711973339347554,5759,99,1.281678890643241,0.7858609193590966,19.545982,4.9429345,-0.5241451590928174,1.344502526845684,1.645989,24.538597
1158409,-0.05485518986204471,0.09218273023393933,3.215019417459969,-2.2148727503570758,5763,46,-0.07901232416645146,-1.1779339529671191,-14.696527,-54.87993,0.1421664974848927,-1.7841706878393762,-37.00546,-39.17515
1158452,0.02835831217044972,0.05069253764271374,2.387097305059131,-2.65269209014829,5763,89,-1.910955190609366,-6.501322124201427,-40.379932,-36.357975,-1.243202819290579,-1.2666285627636569,-30.854046,-50.076473
1158926,-0.17294082841737476,0.024851123768819025,-2.5288998971277397,-1.5108260643197013,5765,161,-0.10564785256549733,0.03815294559100334,-4.368675,-28.680359,-1.8695070713064361,4.1377521501191,-59.912807,-0.63975686
1159271,-0.03222127295759749,-0.20431720191782188,4.024070698882876,1.0638085203552394,5767,104,1.1949754073746064,0.33105461358625016,9.249216,-17.02874,2.092331789000453,2.2353844684409587,-1.749991,38.709797
1159656,0.11816008558303798,-0.040941913990679174,-1.356263983068121,2.045429597331579,5769,87,0.9667258843540318,-0.3412593075468788,42.20719,-17.52883,1.0429261324554089,-0.29246275231666147,15.4888735,49.844322
1159700,0.13289825500933458,-0.010767712181556421,-1.062608877456944,1.963526502579656,5769,131,1.3349756111743296,-0.2980284925145331,41.77278,-15.249328,0.624151667173298,0.1563996254506399,13.257506,52.11701
1160939,0.16744326297309386,0.05352140778732,-0.43950083045143484,1.4977526621429902,5775,164,1.56353549261547,0.37197261094971323,36.873596,-5.6902924,-0.3667963093490301,2.9351335650627974,11.166224,26.549313
1161841,0.060958240655412686,0.008920759382498408,1.4565028169648888,-2.622384288040909,5780,61,-1.2814686431972024,-5.96872533915067,-46.67218,-29.62344,-1.789644412315298,-0.6470577228166865,-21.678217,-54.687847
1161897,-0.03417711752339375,0.09039176057181467,3.088662826117122,-2.3127617276179677,5780,117,-0.18379482066163466,-1.7985276169550615,-14.669937,-57.06486,-0.1450668291965473,-1.4840191679595607,-36.819775,-40.620132
1161919,-0.03559880820317361,0.15569313726964837,2.638262188658838,-1.6853652692387535,5780,139,-0.36357617795000086,-0.33416445270210926,-22.557804,-24.0343,2.4055384637083255,3.0067138587553766,-38.80546,1.9205613
1162884,0.09749382093133394,-0.058530360347583424,-1.61786292033387,2.154373043811118,5785,99,0.5227326409467656,-0.34621363144374157,27.67301,-27.579063,0.7162788713379876,-0.4673945859016528,16.649303,47.03769
1163116,0.20775910954523358,0.11666310887432439,0.3916232142372552,0.2400591681631694,5786,130,0.35054861615195315,0.859682028638802,-5.007452,48.265697,1.3411585969640953,-1.3139715548337523,27.828276,-16.817677
1163467,0.15994646317035194,0.024491137071139563,-0.6789596988677558,1.661800816472359,5788,79,1.843682968855516,0.38925522088640974,38.893494,-10.125073,-0.3813218939115641,2.876969375509209,9.393737,48.79762
1163530,0.1422876208414155,0.15789659522541433,0.3543826854566039,0.9659333500018558,5788,142,1.8622084947531254,0.8757493459304518,23.709099,37.438896,3.6422464938695276,-0.05515601551802719,31.925697,-1.8160836
1163721,0.21097436174881679,-0.10837951542818647,-0.3212192956715653,-0.30667119085769146,5789,132,0.5053056645401984,3.072849722279925,-7.5258584,41.57585,-1.2396365309930164,-1.6373005569308379,-13.617216,1.9588298
1164425,0.23545642125843277,-0.036212254227005226,-0.2743033902996427,0.24340612573921996,5793,32,1.389319605484579,1.3014596450280678,7.1714396,41.893593,-1.8033590926124923,-0.2755544146396837,-8.390244,8.199318
1164801,-0.18704885983766878,-0.008546874316768135,2.511416844854774,1.3516746385895586,5795,6,0.19245314830695903,-0.37462491159376365,25.060465,19.371786,-0.1662187576030178,2.6951624322495458,50.704853,1.3091097
1167362,0.18249244218752192,-0.045967379569706576,-0.9162466533310453,1.3389865314651888,5807,155,1.7618814398202574,0.452672655639277,33.045692,-6.9135237,-0.8600816342170602,3.722508559501813,6.9975023,28.068895
1168558,-0.20202157555132094,-0.12908136641830636,-2.5263712959774063,-0.09330907216407391,5813,145,-0.600602852082054,0.3893359592843405,-6.6154695,-2.2541294,-0.05022796804100564,0.2392780089428561,-25.139332,25.863482
1168676,-0.04640637617721129,0.04158743823654916,1.102760259983258,2.616288174717229,5814,62,0.13319322057392946,-0.8730282180802317,60.4881,2.9432511,-1.0743083941528981,0.7430586545894454,39.980457,22.202883
1168748,-0.13824320205287483,0.1137841637162656,1.7242266571054228,1.4574279869331466,5814,134,0.34391420600801376,-0.31021619348307466,28.775732,22.859358,1.6730396862022174,1.1067217472870252,52.132736,-4.21821
1168977,0.016980299683902814,0.0741973781607289,0.0977421522488304,2.4961506808466254,5815,162,0.6981610237670297,-0.9344116756984985,58.9078,-4.732986,-0.623199836930321,-0.07529496744533197,30.588776,23.417034
1170129,-0.12469075047181713,-0.056739778019522166,-3.6778615507824988,1.9266189837395635,5821,108,-0.01842390719062932,-0.5555222384868549,34.387222,10.450803,0.25427518191767307,-0.6569763558282546,52.794884,8.5738125
1171075,0.09891802036587244,-0.013890659502080044,1.002017898927929,-2.2830632056096922,5826,49,-0.11464167399219599,-2.252718912989492,-46.406094,-22.498095,2.0659039954990353,-4.256610496925831,-13.413837,-55.551376
1171111,0.047103357665451304,0.05549779043372224,2.1296732717775124,-2.5252815333874894,5826,85,-2.093527669463457,-7.124431791076603,-40.394623,-35.503723,-1.0499856461267503,-1.1721366773751802,-28.57783,-49.84051
1172207,0.07895185599234661,-0.20561636900244012,4.670516473345978,0.8169793545875689,5831,176,0.8378069854228481,0.8469316789616869,15.73349,-0.39042702,-0.24068772841571923,3.0122013472067932,-9.5139675,44.002056
1172645,-0.06968664448368589,-0.015585247803366259,2.0929318463039857,2.537375205603019,5834,11,-0.8051889456674195,-1.1952525875665914,46.168186,7.5197263,-1.0233750085423234,-1.5919063688677921,48.493294,26.731997
1172990,0.05043078305295358,-0.005796175818125221,-1.4721062510144158,2.715350127862922,5835,155,0.6362706404974675,-0.5700817824618214,48.466637,-26.11012,-0.9640139404326099,0.8031720538178563,25.103859,51.836693
1173802,0.03426873262732074,0.21550410775156986,1.8425002866303986,-0.8588004629200578,5839,163,-3.0090991723284684,0.43140956234969646,-23.654696,24.922258,-4.100194381863545,-2.1168865968310944,3.0780385,-20.872105
1173870,-0.1309674124322785,-0.08573896453817817,-1.7016820141838451,-1.7205346654507443,5840,30,0.7429280402249077,0.014038537698888626,-10.794247,-35.64559,0.5753199897175131,-0.7292979141412597,-53.107994,-6.1345735
1174483,0.0611849301237453,0.011330902566802387,1.491644496686771,-2.617055982968856,5843,40,-1.399044277902916,-6.232352439469798,-46.724537,-29.853672,-1.8748011196383005,-0.6430075268721239,-21.94636,-54.55888
1175147,0.20389931305147724,-0.07412819758764086,-0.7904974336873994,0.8836002008039265,5846,101,1.443554069446825,0.9641868092293004,18.819769,5.80833,-0.3875994997304723,1.2300723739213022,0.86019135,23.535189
1175400,0.03521202416971429,0.10284400026919936,0.14018449247983197,2.2014778507703863,5847,153,0.6698869841182699,-0.5809265173914461,56.13774,-4.3082457,0.05805433585952838,-0.677982025558415,29.624182,21.564306
1175565,-0.05471137866937219,0.09703382947541356,3.172326926677588,-2.1762503476661794,5848,117,-0.1105983057815989,-1.1581563780202926,-14.899264,-54.601925,0.18207384537092958,-1.6993983376701927,-36.620316,-38.88412
1175802,-0.0020964226407029496,-0.04109897030543877,-0.22328485607664483,-2.796952854002373,5849,153,1.142203397039921,-0.5016565413896026,-59.140045,-20.139177,0.48662405002226955,0.3086558922354352,-13.6438,-43.980137
1176502,0.10725513778023128,0.19361289925851236,0.6679337656557388,0.7939576947571421,5853,49,1.600706581399292,0.6832965050031897,24.473198,42.220524,4.426098757824153,0.1367429240025138,34.266098,-5.234163
1177051,-0.10277219162203116,-0.15732431995311127,-2.820790633159499,1.342674825864532,5855,196,0.43898911066868795,-0.23846217015500162,19.687174,-16.605309,-0.5987620829467515,0.8365843926720957,16.605347,12.6003065
1177342,-0.13244304167968352,-0.06900409700033935,2.7227288178193163,1.7983550291729262,5857,85,-0.04517549286247718,-0.6563485128956612,34.069153,11.173266,0.2106798979233895,0.6281235427961638,51.773777,7.824173
1178781,0.1690658483195878,0.11616711890528779,1.1478362336646755,-1.0916252455697313,5864,117,-1.7160684768615178,0.7907308732584373,-31.755407,28.971975,-0.47600818002501066,0.23920115011702275,8.3254795,-32.215984
1179559,-0.12608080904923782,0.05176484539692361,3.7188643435073603,-1.9337115220690588,5868,91,0.25256431616845787,-0.16494892082063872,-5.709897,-38.046097,-0.24195633898188562,-0.10038023558335958,-61.476738,-4.808132
1179738,-0.03131776960518935,0.011476198002361243,1.3589754637712423,2.8627379821582006,5869,69,-0.04355863233502171,-1.0022442878390265,62.13642,3.0081909,-1.082008784453279,1.3402540826601115,41.255238,23.631783
1181149,-0.22644129635377763,0.04056990431587426,2.6753085073322493,0.5780040969024721,5876,73,-0.29550021501542595,-0.21479725454799445,4.847385,21.914106,0.6620452235242731,0.5057478150963082,15.751942,-3.0365548
1181249,-0.07963486434320327,0.15528774418976135,2.8012806764654483,-1.5132647645812582,5876,173,-0.6718799454108044,-0.1692563434178876,-21.608103,-22.05468,1.9164567639271024,3.884602868819588,-39.375298,4.0114245
1181429,0.19792747159034066,-0.030517469148323595,-0.7366554450428628,1.1673500273488444,5877,152,1.3022209849407533,0.4454092079870194,32.400063,-4.081881,-0.5464891081517547,1.87132867157879,4.7783637,25.588
1181879,-0.024692409749015404,0.09353880423071732,0.6729903100805003,2.3117975959594457,5879,200,0.8009201676290983,-0.5763606511859096,52.16487,17.47363,-0.8688188525707276,0.2983254676326771,36.91916,17.593
1182222,0.10788071771711807,-0.20835064124299074,-1.3050875152697397,0.42412980813505435,5881,141,1.318235289610663,1.3053551073097074,7.103619,7.592197,-0.1643485189456825,1.4068719012809596,-17.376522,42.02625
1182864,0.09422944036092332,0.07073067650470424,-0.4137463231066348,2.1152905895788945,5884,180,1.0761269191705667,-0.4567212310296417,53.818974,-10.009891,0.0006589112421266381,-1.8269239881193364,22.106283,27.508837
1184105,-0.006423220786742151,0.04769611366761256,0.3357609694400626,2.7377993442559783,5891,14,0.34912246103386907,-1.7642910414992683,60.856125,-2.245472,-1.9166176089998093,0.3124289857136766,33.195305,23.51077
1184467,0.14656315792090818,-0.16523636973673958,-1.247179949644137,0.8039294267168333,5892,175,1.1502289104551902,1.1361217665908803,16.849009,3.681154,-0.7467041912220905,2.642649550120219,-13.355353,41.803356
1184663,-0.08060501905697406,-0.22566592396719987,-1.9694351398197427,0.11115078214215751,5893,170,0.2576339584999726,0.6573804211940633,3.164272,4.078742,-0.500815617142947,-0.0580192037374191,-19.470385,37.578064
1185957,-0.049469995900980945,-0.10671200971101868,3.2196905688373447,2.117211013617133,5900,57,0.01590553475703911,-1.367125921463581,34.58127,-27.352104,0.8285823091667681,-0.8869207722625588,38.77906,38.216526
1186247,-0.022901924316336184,0.07745554983742312,-3.197349198180468,-2.4551051252285725,5901,146,-0.0705613943889844,-1.8941563336298406,-14.072659,-57.81047,-0.3485421851256258,-0.8143667257129338,-37.664173,-42.192352
1186800,0.2332802949067632,-0.0554142794005537,-0.2768482739811301,0.08725409233452557,5904,96,0.7694458663630986,1.3639399573132638,4.777706,42.018585,-1.5841289195267343,-1.7375504556121688,-9.792491,6.5444508
1187105,0.09415787064323734,-0.13961084362796897,-1.7705290206069877,1.5861826192013975,5905,200,1.564100233046697,0.1698798125142297,18.927872,-24.732376,1.9679497811310707,2.4227944658337557,8.570707,42.269806
1188068,0.06738746978746066,-0.043020585870066574,4.4838187139867145,2.4623696364349192,5910,158,0.4112642362405139,-0.5351595034405903,46.540943,-26.47364,0.3399141279602215,-0.3335247174757149,24.570559,49.672955
1188528,0.04598779760498682,-0.06118158236480647,-2.172452073372356,2.4924378502155817,5913,15,0.17278369395309323,-0.712354340998097,44.508144,-29.930433,0.5450678617356789,-0.36745973667789494,29.788568,47.410275
1189146,0.016277400133084364,0.23867416577854617,1.4225028418334829,0.1603993425214209,5916,30,-0.1112444531771905,0.11596545057219221,-11.154943,52.4702,-1.5185800665698879,-1.0502325689635925,32.3339,-25.33539
1189613,0.12236172337324412,-0.12117318411417921,-1.5510643045632504,1.541092935005729,5918,95,2.0375883400797483,0.44496194657967425,30.266869,-13.2088,1.683644013301875,3.742811415922138,1.2994109,52.30106
1189768,0.15925563187400146,0.12251921094526352,1.2343837241967466,-1.1572588099909615,5919,49,-1.2983434680033055,0.6293833925196093,-31.705292,27.668488,-0.402317269086508,0.47789647359500753,7.408851,-31.958225
1189790,0.06983016298667513,0.2271221552423106,1.4136188069548679,-0.28221180751828695,5919,71,-4.540687679833644,2.1898179870943406,-20.26542,46.95835,-2.307948564789177,-2.7732020706656204,27.090536,-28.544535
1189838,0.2143532498923406,0.04520680948331471,0.6285973191449576,-0.8414891882872829,5919,119,-2.1229249130755194,1.2455496028612276,-25.930603,36.724655,0.21767160374078015,0.10333808328718856,16.561007,-30.392458
1190063,0.161920897887976,-0.13902456118081477,-0.2343293508491398,-0.9502675017006279,5920,143,-0.21349562650755255,1.9686664243248315,-18.677683,35.33711,-0.18957173922952822,2.2333919960930215,-22.219007,-16.718466
1191056,0.0404343463603075,-0.01351331241873216,-5.213506676604202,-2.7844248101143054,5925,131,-0.4699531942401678,-2.5535639052322545,-49.0009,-27.218958,-0.3028236809026403,-0.36879438965372907,-18.07431,-53.538662
1191224,-0.07187904574575762,-0.12576695123733617,-1.1671982227754893,-1.845634881228729,5926,98,0.8186210593726151,0.02323834830400097,-14.566673,-36.782593,0.0187540753149208,-0.8574916285642036,-49.23821,-9.684276
1191841,-0.1701253561704773,-0.0537546460748453,-2.102890821342429,-1.4653161589328674,5929,112,0.2378832020509106,-0.0026287718552573253,-6.7205534,-28.757908,-0.8690266164401433,2.72369228216296,-55.988976,1.1105084
1192038,-0.14107334675478578,0.1601842730244845,2.7676668143618586,-0.9496491754919351,5930,108,-0.7630548280164684,0.027049786736404367,-18.514475,-4.675482,0.1050661196935953,1.264536896825844,-3.5503492,-14.6162615
1192174,-0.04491020098534243,-0.23567254066223375,-1.7859544819514315,0.05370793509356007,5931,43,0.3733243551421173,0.542262825946714,3.0275767,5.559786,-0.2689862384736074,-0.15672531033950837,-20.13836,38.641464
1192811,-0.16151951121150582,0.014905717428364038,3.878237581387719,-1.6573371933433279,5934,77,0.10635989447077912,-0.13892170372948992,-5.5504966,-34.63036,-1.2600054833849548,2.7353192361678063,-59.765068,-2.4276333
1193556,0.16082943628544472,-0.037646396694768616,0.5818042835081045,-1.6234818513473064,5938,18,-0.19251130716431608,0.04771181495862391,-48.819702,6.0332627,2.5918781535505726,-1.2052554033303078,-0.04633918,-43.939365
1193902,-0.06044714719329934,-0.2082140925923437,-1.4101296389732143,-0.8864246283469216,5939,163,0.8652689525130624,2.0304620572773118,-22.909006,8.253721,-2.7915975908621746,0.13452842582493235,-26.768587,1.9112772
1194906,-0.052113319309684665,-0.23142251570312708,-1.6398688423634238,-0.3048396308940832,5944,162,0.24294816673988573,0.8344023733127514,-9.278406,7.538015,-1.2010095940354983,-0.513176019575523,-25.111996,13.639635
1195176,0.043172124736413936,-0.21214827232283462,-1.8162954331977081,0.8925151084122462,5946,30,1.0487015514642581,0.5660670822846272,10.212205,-12.389962,1.1034341048101959,3.1015758694658047,-6.2840533,43.08309
1196198,0.20131773627095878,0.03599686568528236,-0.37382233062263864,1.1015174481317687,5951,47,1.0475452308296598,0.4495550532304016,21.87928,6.177245,-0.07457569295664954,1.1602810026133052,4.425761,22.245382
1196318,0.048392621062128084,0.03442133528234197,-0.7024931844088144,2.6415164769913635,5951,167,0.3785017639180707,-0.7569523051813208,59.06004,-9.705118,-1.2692701434883973,0.37278886555037843,27.130075,29.540617
1197938,0.058311665844584276,0.19120786721266791,1.8612168529663038,-1.1728518422187366,5959,179,-0.6917270674093722,-0.20653918958697995,-29.23136,-10.259907,-0.15971361230365735,1.2169029409976264,0.01727703,-24.602219
1199720,0.07559736395547415,-0.22659055845427173,-1.3459136549779127,0.19426936766849728,5968,152,0.9194525900802305,0.864680152926041,3.671446,7.736126,-0.2424132360997337,0.00944088640177465,-19.083921,15.183919
1199823,0.07330470900739813,-0.04167965350331819,0.6947806951021854,-2.4235548590698786,5969,54,0.2745971216847563,-1.9316664898054945,-47.02755,-18.605925,3.7133291952801963,-5.501513220348096,-11.036349,-52.02271
1200884,0.2286771206615799,0.055033393097989686,0.03596125843115724,0.40041501293153364,5974,110,1.5569412476377211,1.6073877415997608,14.990698,42.09952,-0.8494578794664733,0.4230179087809725,-0.8731736,8.714297
1203246,-0.034521983289188554,-0.06007027902941309,-0.8144529448849788,-2.555894185918824,5986,60,1.815980371872229,-0.24823002358183813,-21.872019,-44.440033,-0.13821240093269777,0.39016348528381384,-49.325478,-20.514174
1203910,-0.10284711583048288,0.1475580331423802,-3.380089795605024,-1.4471865657376108,5989,121,-0.687189883105508,-0.22499082271157697,-20.974176,-21.440693,1.0134714478853892,3.9063210269262547,-40.144882,5.082341
1204129,0.06887610305902497,-0.13134316219538442,4.290694582741834,1.809338850756004,5990,139,0.7547316933595074,-0.0939685795094884,23.4974,-26.9018,0.4241282515879376,0.5923312899366859,12.003961,41.64357
1204233,0.03949024043147897,0.03265954019314557,2.046621348838435,-2.711231452384324,5991,42,-3.0692755009300483,-10.032515140668835,-42.961357,-35.83862,-2.0947875099036786,-1.7220864137987835,-28.355303,-52.3083
1205926,0.049922662518313385,0.1265497009448302,2.1631838294827617,-1.9362707179765972,5999,127,-0.6269012753114223,-1.2721840959426571,-33.394745,-24.723774,1.1220510498447394,0.9302108560318336,-26.287209,-40.534462
1206017,-0.120464688273954,-0.07017166503425368,2.7180701505966582,1.901962127789444,6000,17,-0.03620231975556291,-0.705494611187708,34.18403,10.131405,0.2675502684439985,-0.3326970109648942,51.993233,8.707151
1206384,-0.09827656718736101,-0.08204353063729594,-1.4378202084472735,-2.0163114265684037,6001,183,1.0020976142878473,-0.3538998371898998,-14.098669,-39.15566,0.5412824032284492,-1.4650317062970264,-51.456867,-11.131385
1208317,0.15532970813362132,-0.15475595262229544,-1.2022922551925184,0.8374888052515714,6011,106,1.134819359443243,1.0577043334073224,17.265808,3.7378607,-0.7665516213134239,2.5355533754608306,-13.161827,41.239723
1208942,-0.14552500583628414,-0.17541710652351156,-2.5819161212195905,0.6371846195347365,6014,128,0.15362593283596093,0.2321327664963654,8.6556425,-7.152499,0.2658658444861297,0.5651776851148429,-9.373863,34.92246
1209011,-0.17311316556761575,-0.16610166108870195,-2.4038902522683103,0.054057799030433146,6014,197,-0.3162098592726249,0.44873092357173905,1.3509854,1.1096928,-0.3003485145202127,0.1941803990989563,-17.945032,32.54988
1209035,-0.1500102099981298,-0.062222423983865544,-1.920849309295755,-1.6551082231581535,6015,20,0.5857473453382468,-0.027886266287035288,-8.270908,-34.082256,0.02707486120526286,0.42776226359743613,-55.560734,-3.5476785
1209196,0.22962684572537254,-0.057487562816358403,-0.07963034172821111,-0.33135936247560654,6015,181,0.36504883896752355,2.8268412939601153,-10.329936,41.5834,1.0307090193192394,-1.2679640061453676,-14.871844,-14.4026785
1209362,-0.19584979878447967,0.13813589906350465,2.4743602239980667,0.10589583200446218,6016,146,-2.778747052907742,0.5763294503398909,-3.3490672,23.975561,-0.253740433803725,-2.1197117848416456,10.866466,-7.821605
1209468,0.10215837505505307,0.021548242223572725,1.3286117560619448,-2.241458465351109,6017,51,-0.4137113398186798,-2.5197778123879337,-45.513435,-24.788324,0.02997444379971246,-1.4226165621916738,-15.944628,-56.842117
1210214,-0.017493773654053885,-0.22204018633940123,-1.2677249306771183,-0.7633910066026481,6020,194,0.9855743647463435,2.8511095408895053,-21.922651,9.209018,-4.567809187924328,-1.1941387325722335,-25.364254,2.5166504
1211212,-0.07888580104250434,-0.08503548634364919,-3.385074922027091,2.132757866125393,6025,187,-0.09440335773739547,-1.272205442971854,35.10682,-25.652742,0.22999791187144208,-1.0675534422270643,40.73269,36.242954
1211835,0.01478681253891502,0.04479600152140583,2.6249178409106104,-2.7459045097290904,6029,6,-1.464507846368203,-5.161805159911447,-39.48079,-36.408726,-1.1908182963846266,-0.48250164705496706,-32.824055,-49.12361
1212298,-0.032087149971830445,0.2314253267095292,1.9393117523476693,-0.46148731384045594,6031,67,-9.302534063422542,2.883423954270586,-13.76381,26.418047,-6.1288150221124935,-4.669971065509347,8.513166,-17.708462
1212583,0.07329489946449715,0.2224737222388881,1.4721391718046188,-0.4391962300368773,6032,151,-6.3627462598232,2.5325050505652347,-23.84578,44.522186,-3.2879520361358647,-3.179243417732535,12.164367,-22.309935
1212988,-0.05196491704989444,-0.057819255461546856,2.739333838770193,2.48186480973831,6034,154,-0.3817823415484795,-1.5136212921698116,46.804646,2.8865726,-1.2258091219621927,0.02318937949477541,46.017754,34.285545
1213033,0.10725274271418295,-0.06329501409483751,4.724812389944991,2.0504577490370823,6034,199,0.6689070077519961,-0.301682620690006,27.2326,-27.091295,0.8860745489746781,0.0465434188293013,16.04214,48.13357
1213573,-0.11850812198633624,-0.14810962186165924,-1.5862161221846653,-1.3188104545702442,6037,136,0.32677968133640056,0.4118958959522138,-8.169678,-30.21582,0.13181059644307241,1.4384162406774805,-52.799767,-0.66916007
1214370,0.17734928882266843,-0.060757554083131486,-1.004399659058877,1.3486881714884689,6041,129,1.8533695912452461,0.5008092048962831,32.707058,-7.5539355,-0.7980199046193179,4.000450701088845,4.665784,48.3003
1216679,0.18039015336995837,-0.01988174937627571,0.6035731547685007,-1.4266907449674286,6053,26,-0.5534677246463409,0.20298325619632934,-36.608162,26.895782,1.160029032500126,0.5591307083814453,9.6631,-38.22955
1217066,-0.18403355381923414,-0.1446254602706187,-2.698446105394232,0.4458312767404198,6055,11,-0.05586898883823726,0.30431950762509524,5.986952,-4.115553,-0.04809828231601268,0.32019429123311743,-11.865162,33.352154
1217356,-0.2027020308009782,0.05571048477837295,-2.906331753668147,-1.0069554111700838,6056,100,-0.05347309252107455,0.07475885906355283,-13.180677,-15.741722,-1.4847367089330257,1.3903391665726006,-45.964012,12.663792
1217507,0.12152951938035046,-0.05656309913245216,0.5425722773072466,-1.9563616813100282,6057,50,0.1303667852575237,-0.8540433537351285,-49.403156,-12.113851,4.9883672154234455,-6.017853513836429,-3.1231878,-47.456467
1217526,0.18683082958732827,0.06052564072887344,0.9256527870434195,-1.224724364435281,6057,69,-1.2380736775947265,0.5331731158432438,-33.62311,27.991392,0.201215676279899,0.5493027049278317,8.83855,-35.50885
1217733,-0.1320609160073293,-0.16990990969511865,-1.7728557144096877,-0.9172982451024005,6058,75,0.3594421102016583,0.9871780899869241,-14.690187,-9.7689085,-1.2779259576147521,1.6168317167313375,-54.919018,9.457296
1218197,0.05862018867827986,-0.17042501487207354,-0.5181918417358653,-1.442632824263261,6060,137,0.09892865842132198,0.27432424134106614,-38.072407,5.6230083,1.231937437760761,3.1468938181169412,-30.219946,-15.197658
1220283,0.13490795079849202,-0.10034664028806743,0.1550756197999668,-1.5892139164197416,6071,12,-0.10251847127881206,0.3793048141405822,-45.580395,7.9023066,1.9120417280262716,0.9931313550681511,-2.0520773,-41.082134
1221380,-0.018944417243134823,-0.16445495721065254,-0.8758478293656701,-1.6192762908680676,6076,104,0.4172104267365999,0.2472986888635702,-39.484932,-0.5848948,0.5440924032478021,1.1638751433700891,-34.33943,-13.035698
1224306,0.16455464550324586,0.01852381786108817,0.9214394761357692,-1.6186839614136361,6091,15,-0.3019772105141798,-0.5989664694217218,-53.412823,1.655955,1.8873334947148914,-1.2307603554844777,8.018144,-47.68313
1224933,0.05167152184882647,0.1897844142346905,1.915140274756532,-1.220330062785735,6094,39,-0.7289856529862093,-0.26168087486611297,-29.1679,-10.992297,0.5728580673255188,1.7646042882570592,-0.49032122,-24.814413
1225437,-0.06456123999823277,-0.026329712367452213,2.252796318772082,2.552060949808849,6096,141,-0.8469007675460145,-1.2560882604323351,46.51755,6.6191854,-1.39216473538483,-1.0694154416315793,48.45412,28.159058
1225497,-0.03135532026063681,-0.13544220511131772,-0.8453258375461892,-1.905932396464098,6097,0,0.8943042839908509,0.08673416010463146,-40.79868,-3.6959398,-0.4241348872373461,-0.2683608918741335,-37.462162,-15.843772
1226142,-0.1339128680341115,0.19788943383142085,2.071748369998264,0.18793671585163185,6100,42,-1.6233921952689057,0.26187771278006283,0.7891585,26.876379,-0.7107401144042826,-1.9093050721463223,14.982513,-10.634105
1226477,-0.01458135719915711,-0.05749230737403007,3.142930426339208,2.6421463187346914,6101,176,0.2054097383609847,-1.3003872520675774,41.446846,-34.57806,-1.0389896396611498,0.2446567832433812,37.09109,45.21089
1226777,-0.06906113125854134,-0.024264428994562784,-1.5428592169623814,-2.521718044455566,6103,74,2.135289698200023,-1.3567453016816025,-1.5113616,-53.058487,-1.666165988406433,0.22026947544210468,-57.36839,-18.730415
1227336,-0.07933428301315709,0.014190995987236152,1.736253436248894,2.4566705134426883,6106,30,-0.17506944533428492,-0.8136255514874149,46.149483,10.986846,0.049619195330865735,-1.8907406227769012,47.346165,23.202805
1227378,-0.08259998007862508,0.11280889903981003,1.2539036336000087,1.8978233235211448,6106,72,0.504467480120514,-0.5454839642976914,46.399986,20.988049,1.7185926108825975,-2.8298137919380566,39.042725,11.229527
1227419,-0.05750125003963691,0.03238583889874458,1.3364249196739977,2.584463396522815,6106,113,0.05548323462194189,-0.889444015011989,60.873657,3.532037,-0.4440674534504367,0.3715783094083484,41.346676,22.449833
1229404,-0.23743799884134523,0.03406450480721389,2.9660710487397157,0.06605398644784284,6116,88,-1.5593878406928112,0.4168072132640274,-4.9604263,21.414175,0.612115056540688,-1.5165393974600676,7.690122,-5.7099237
1229424,-0.16289713725101423,0.1756542498793935,2.378963763914637,-0.12086584097002083,6116,108,-5.027366113277551,1.2001020099153652,-7.679919,24.938614,-2.023103069655906,-3.5765002097928456,8.946979,-10.511602
1229448,0.01833906482101809,0.21773842613522693,1.9131812689442143,-0.8528236698675852,6116,132,-2.9592178521403922,0.2964158295431274,-23.392073,24.718838,-4.106662258576037,-2.0770714732649593,2.727353,-20.478388
1229574,-0.19182213824429634,-0.02238110617527319,2.622085174969681,1.2713173097219859,6117,57,0.2369255953098511,-0.325639857476494,23.317947,19.39112,-0.24270586968590357,1.7783678569690782,49.264366,1.1918564
1229789,-0.1566095944371897,-0.09135655361653586,-1.8990578705853927,-1.4289115518876059,6118,71,0.3365127019973301,0.0680550470846864,-7.005496,-29.677,-0.29929380812987405,1.918230555217846,-55.036606,0.12812269
1230973,-0.030965966860405633,0.16035608897746353,2.5839152887102266,-1.6447189683246246,6124,49,-0.44919999592482934,-0.3339370350829194,-22.894646,-23.47535,2.835985802466194,3.395500894997381,-38.152092,1.9979615
1231806,0.14531230050706717,-0.15945418912855494,-0.37820759172910096,-0.9071193687176885,6128,78,0.003317134258898336,2.326295856283721,-17.390795,35.47359,-0.6091100465086037,1.6809090409511183,-21.545555,-15.461729
1233183,0.10860972419588957,0.19478075211750034,1.440614057781151,-0.756954105422023,6135,48,-4.671231908994033,1.3680591397101243,-29.457703,38.97288,-3.0939596239842273,-2.2005447187921434,9.827664,-26.154474
1233232,0.022564938829191902,0.17159478041960188,2.205404274697103,-1.5307180589608056,6135,97,-0.9079885630537974,-0.5812450270694595,-30.352098,-19.33785,3.510581608950047,3.578532616784472,-22.301638,-36.755486
1233260,-0.14730007881816867,0.12053122439376515,3.110828187161357,-1.3100356376775155,6135,125,-0.6355156861599558,0.10875732307106378,-16.193514,-17.76576,-0.792151747094933,3.343321336682123,-42.94469,9.06748
1235108,-0.15182210253169987,0.11043006915536552,-3.0978946056787238,-1.345109241544365,6144,164,-0.5168685626963656,0.08759524606049952,-16.173954,-18.517593,-1.2320192983380003,3.469967317746307,-43.559517,8.550837
1235453,0.008943131250802164,-0.09573556605410316,3.646946929263547,2.3171733435061252,6146,107,0.00868173854586909,-1.2687882315204029,37.117794,-32.517525,1.1386069808928998,-0.5558167111725778,31.832464,43.09044
1235477,-0.01551737477672517,-0.08837053192813354,3.3509204014310345,2.3752923735027487,6146,131,0.00993206844301234,-1.4055122385907755,37.495083,-31.694138,0.6690889194471143,-0.6388116321491748,34.420525,43.006596
1237687,-0.056196293623962945,0.048080928926402464,1.1763234576561659,2.515078765301379,6157,130,0.2529090703164856,-0.8800507914486153,60.075977,3.5867414,-0.643202958715525,0.22836063118536531,40.383507,21.328241
1238929,0.11023333314604243,-0.1316924442056674,-1.6472112337339189,1.5466867829286368,6163,166,1.8877174153335636,0.38600942070820526,30.187494,-13.879957,1.9970843137282004,3.284767940415998,1.0472277,52.75921
1238973,-0.16450796157737074,0.1614343365811854,2.0831164847183326,0.5650153852102171,6164,9,-0.3280015228494801,-0.23394095984380123,8.870229,25.355877,0.10141879725692214,0.2144777591174536,19.730516,-6.600852
1239491,0.1958158236538513,0.13800225628989793,0.674549323638175,-0.12127790067152777,6166,125,-0.036301102192321584,1.2831821782780048,-10.876789,46.551888,1.9445461755324005,-2.7489441496213094,25.686861,-22.220629
1243033,0.032817431907754935,0.19716271525445384,1.9924850889055983,-1.173250261290143,6184,49,-0.7374931320481622,-0.3613336110879368,-28.787605,-10.792463,0.35522630812049605,1.6381103442649871,-0.85057175,-24.058903
1244863,0.08790228798941195,-0.16535030035592294,-0.40647060723924716,-1.3514181856323118,6193,70,0.03960911423241089,0.42188020037210033,-38.03461,6.4829435,0.9356242134245596,3.6650260439083904,-28.842548,-15.632484
1246057,0.055771486645262006,-0.14206704540935888,-0.3151207968332786,-1.7631786148625856,6199,58,0.25265955447496824,0.19668787357628356,-40.681908,1.7397423,1.1371248256123565,0.6467826238177117,-32.8711,-17.241974
1247160,0.057032874150714584,0.06355943641190932,-4.236712389160471,-2.414013241617752,6204,156,-1.5331326651983799,-5.662053383674823,-37.82746,-30.409925,-0.7145523407012809,-0.7138494871596797,-27.326593,-47.6353
1248029,0.0939205914331284,-0.19646682230352294,-0.6909844860982489,-0.8677589329371825,6209,20,0.44019756572836816,2.877574541973575,-26.774673,10.14871,-2.310674190064097,0.3117984099682369,-25.143997,-4.4212627
1248217,0.16311776431120878,-0.08349594761010268,-1.1751468573421118,1.4040884754247311,6210,7,2.0706541516117203,0.6106060407907066,31.434052,-10.180589,-0.20826936222031414,4.560374116047849,4.01938,50.032673
1248225,0.14787117063908434,-0.09208304421101904,-1.3155209450781,1.5171188130107625,6210,15,2.2249270101522227,0.6227206377063994,31.431805,-11.528302,0.5674276821971443,4.618743609550276,3.3996286,51.37744
1250676,-0.11493911729086512,-0.052560231204371935,-1.6965075753795706,-2.0323746954798074,6222,54,0.9653883001901463,-0.4227569415406696,-12.678639,-40.082542,0.6519490146803807,-1.643907164788494,-54.514507,-10.118463
1250786,-0.03085243345378165,-0.156873255354088,-0.9232405315374363,-1.683496873048171,6222,164,0.614630691421127,0.2671414828762745,-39.779743,-1.4207294,0.2663321860919058,0.66794011618374,-35.252895,-13.522321
1250796,-0.010078328846128387,-0.11572704571615022,-0.5921120463113441,-2.131104364151665,6222,174,0.7761235725203728,-0.2637885499166185,-42.42169,-6.8011894,0.15016006843730717,-0.5908576546223925,-39.609848,-18.398912
1250860,0.14247190416280867,-0.022133062692904312,-1.0804714156791568,1.8527059723048078,6223,37,1.6798598130093925,-0.0038781017411022266,40.609795,-14.569051,0.4560601332139227,1.6895544895738532,11.766088,52.27487
1252283,0.03136196171527396,-0.007818763192903339,1.191384729096839,-2.871422497780177,6230,53,-0.7854843245939854,-3.2887267627779213,-48.87693,-27.539776,-1.2852144810154187,0.045886255993975084,-18.978104,-53.837948
1252366,0.017336064275845775,-0.0589243626474303,0.0273323480984222,-2.623986734057958,6230,136,1.0468712039562744,-0.5901518885379202,-57.71341,-20.600473,1.8152029827547722,-1.6677125836251243,-12.430794,-45.267246
1252373,0.03430274784224946,-0.05546732650312344,0.27866250026462974,-2.5911936007116494,6230,143,0.7318948763924992,-0.8988491754656645,-56.348324,-20.567438,2.785523772176792,-3.2432218250411466,-11.954924,-46.929493
1252783,0.12350151560408167,0.20517200567099042,0.9627816602650543,0.1323378401358564,6232,151,-0.07508207709358511,0.5785708233647368,-9.179199,50.62662,0.1565269182939445,-1.584733389678779,30.437544,-22.090796
1253071,0.027032027108006118,0.0867769652647519,0.08641567929964615,2.3647930806993402,6234,37,0.7469286491775796,-0.6086456572786252,57.356495,-4.8150024,-0.29279825862580866,-0.30475597406180166,29.912502,22.542025
1253830,-0.15413989330105982,0.14118107240138794,1.886352396455334,1.0273888520088577,6237,193,0.1262315082689416,-0.15501516035242474,21.774727,23.051382,0.2889520600974144,0.4825649872540274,46.65961,-6.2319064
1254793,0.11062642606645999,-0.15693558351267073,-1.6002257055038402,1.2868943051278303,6242,151,2.107098696123223,0.632476547552422,28.089651,-11.984313,2.0012135692296664,3.838122140285558,-0.39036962,49.54339
1255565,-0.1970124414402174,-0.007345960939007051,-2.497485641446397,-1.2136749814909291,6246,119,0.03278603495021188,0.3573498693732319,-10.064451,-22.16926,-1.9366780516489788,3.591319865398869,-50.971424,8.1414175
1256661,0.21449865339806024,0.08820761717397523,0.13004454226115655,0.5202051559272959,6252,9,2.0099951450865463,1.5985873940210165,16.756897,41.475037,-0.30409659705532677,0.7452641127099584,0.12027331,9.141493
1257571,0.023122560688368113,0.03568056152775927,2.3884968529094697,-2.7853984289459675,6256,115,-2.3724533467602367,-7.6522454653069,-41.291183,-36.871056,-1.725925821248668,-1.2890014694942522,-30.997467,-50.776093
1257783,0.07060312193126313,-0.033708038772624266,0.7933110807152882,-2.477480197530979,6257,126,0.16148356746886922,-1.9558854565224757,-46.935677,-19.62339,2.735060631955708,-4.274440059413814,-11.959871,-52.277714
1257977,-0.06847773449797503,-0.09644257669096408,-3.243675406573207,2.110898051158037,6258,119,-0.060391444145037824,-1.3527513780208924,34.773983,-26.18054,0.6113427994303848,-0.9046685455288361,39.874428,37.069546
1258069,0.23821597315614873,0.029200897036466496,0.11915406310084387,0.005638081993082144,6259,10,0.17993976089092045,1.2509534501554802,-6.2261357,46.124493,1.1043617663005627,-2.501009066056867,25.62858,-17.020176
1258901,0.14370882576718091,-0.029224100201049125,-1.1140402773579405,1.8268391292057333,6263,38,1.7505849610905146,0.0763103729987271,40.193394,-14.494834,0.4894852098726979,2.1898910102478113,11.181025,52.45381
1259317,-0.2320549211056671,0.027732293710028562,3.2521696112034797,-0.4590406103618444,6265,52,-1.0028610971905798,0.6196995033777939,-12.500205,-2.6938703,-0.1432553051310131,0.8239340820240055,-20.798946,23.392769
1261381,-0.15004421586720587,0.07437650746409562,-2.8032871348914967,-1.597010037960335,6275,106,-0.3893091685351992,-0.18595677633271343,-17.486395,-24.646135,-1.4426735503874881,3.8302042286812807,-45.812893,5.041496
1262021,-0.08991989779274043,-0.008387316750880863,2.049594133024552,2.370009682982924,6278,143,-0.5506486527260517,-1.1074421119732973,46.131268,9.064396,-0.2133107794858702,-3.0237951662405456,48.509277,24.674984
1262134,-0.10142971969577552,-4.225476361442715e-05,2.0075514179607548,2.2689156542994326,6279,55,-0.40894648238135584,-0.9913588333826022,45.470554,10.598399,0.30229683641286326,-3.5913176925983836,48.751232,22.687445
1262709,0.12361250786960509,-0.18975957191011422,-1.3308040984665204,0.6747561983351039,6282,27,1.1974214757810968,1.2697602592561856,15.751259,4.035564,-0.6765708043102461,2.589670373228261,-13.771064,42.896713
1262736,-0.007309861320988315,-0.23857456266150828,-1.4967572647013834,-0.20933842825322693,6282,54,0.26562054265403007,0.859819520793736,-9.046161,8.178702,-1.6135918487365226,-0.9113140872315224,-24.071243,13.464466
1263786,0.015288477040986792,-0.10668757659920045,-0.3233948148238112,-2.2101382625674635,6287,99,0.6233815309552028,-0.5801781958129569,-43.477314,-8.644005,1.2082088251935055,-1.6839673318882054,-39.539528,-20.159834
1263951,-0.04850387075230776,0.0196333409188241,1.4059707794998686,2.7020052026943056,6288,63,-0.05793391431877599,-0.8125817437884764,61.664715,3.4280279,-0.6485224576792896,0.8165124143152906,41.612415,23.20524
1264125,0.05419206824067854,0.2302286021326034,1.5101065655929675,-0.3409716405511798,6289,36,-5.942797208968509,2.5388486603378775,-21.73689,46.144524,-3.250242176669316,-3.214924095532179,12.776655,-21.469778
1264252,0.12006932157364797,0.044707577576825905,1.3640995545658896,-2.015311815031478,6289,163,-0.38990671613216227,-1.1088453469279542,-39.115623,-24.234005,0.4441800809136846,-0.9223288302928153,-14.729031,-58.12676
1264599,-0.14741764051554876,-0.11804158053514102,-3.1314490942330564,1.3300834795108554,6291,108,0.2971833369340865,-0.0930592229483446,20.272087,-15.396538,-0.4370280139937856,1.418519624612777,17.710546,11.560184
1265034,-0.13484158221619974,-0.016579912425419008,-2.05018403773643,-1.938128523670592,6293,141,0.8426468657460042,-0.4237644407770812,-9.48484,-39.211563,0.17015121491671942,-1.368136598687102,-58.88276,-7.0530443
1265997,-0.13872002987421433,0.19545641676487668,-4.043513813503769,-0.10330613972879239,6298,99,-5.535359640046408,1.3360659456840769,-7.654,25.699347,-2.5863546676175755,-3.8930336450599157,9.990762,-11.834377
1267310,0.07383997024641559,0.016917999848977683,-1.0244369738133958,2.4993333182041835,6305,5,0.5123262435890653,-0.21311692827776166,48.404976,-22.666708,-0.8914492088570868,-0.6913854100859068,20.940153,52.70447
1267841,-0.05271857449265474,0.050423412268728256,3.640392779044484,-2.523899015161784,6307,134,0.35803161547031637,-0.9827389790517607,-10.01147,-56.246468,-0.27013755508242804,-0.34003697209892453,-41.76377,-43.363365
1267932,-0.08015729443530564,-0.21215869031224188,-2.2652855008746022,0.6665010808511451,6308,24,0.33192301339600044,0.2263213331424999,8.079481,-9.897888,0.43604146178125847,1.2012956760832632,-7.659947,37.693924
1268440,0.04427951781610978,-0.13987909670115045,-2.177271490713966,1.8261011553708189,6310,130,0.5953303410523879,-0.20792311401939811,24.100992,-27.505344,-0.05263948961150515,-0.05668761181441527,13.157139,41.434105
1268978,0.18159622588812813,-0.13273459847897667,-0.2749847623679936,-0.7124022060748674,6313,65,0.11254316836785433,3.19731391219326,-15.148422,37.42681,-0.3080866607828944,0.866724795393781,-19.068472,-14.729127
1269748,0.12337413092497511,0.10171990566705726,-0.15213320878721784,1.683251413162877,6317,31,1.3943993353129989,-0.043054600673744434,39.895176,-5.8520393,0.2660006356546391,0.9254727147325135,15.261915,25.587603
1270482,0.012189825316349628,-0.0781055632765701,3.6320585675411476,2.470300131160012,6320,162,0.07052031135249229,-1.2552428493854855,39.599068,-32.481182,0.8462763706521401,-0.5773884912040503,32.910294,44.325237
1271465,-0.030622061103235163,-0.10335942609895765,3.3193967840136525,2.209926046325817,6325,140,-0.016501516303190744,-1.473458197115544,35.119904,-28.646166,0.9583185858177914,-0.8345498080479208,37.778687,39.25156
1272865,0.10730791554064228,0.019941094268539628,-0.9149465784771763,2.197362676251196,6332,133,0.8684859097595198,-0.4225113781137618,45.718452,-18.83657,0.12587270336715178,-2.046610052698428,17.403505,53.216232
1273396,0.07344353107442796,0.16116377895710773,0.4024457589916944,1.481520983098128,6335,61,1.6309028452175327,0.01934859405598192,37.202568,28.341722,3.381866150586969,-1.6751204529307928,31.307978,7.247202
1273466,0.16047410182922295,-0.1700634510742433,-0.5870435517873607,-0.4547157050549495,6335,131,0.7328181495412348,3.7779006315338806,-18.55284,14.639855,-3.77954228159445,-1.5540198740094733,-16.696573,1.6860975
1274543,0.21898238031181677,0.0756906885742616,0.5966385600650931,-0.5276931858613937,6341,2,-1.403103026112322,1.989822171553759,-22.942999,39.81278,1.4921087946604665,-1.0964097250053793,20.666561,-27.753164
1275056,0.07344377771245111,-0.08246137810735812,0.24950575391671184,-2.1853596822644,6343,113,0.448372209340567,-1.4993046326616928,-47.73151,-14.590372,5.009708364160376,-6.764289038603158,-7.283897,-47.972626
1275869,-0.08333949735105833,0.07571127812566544,1.3216464032531707,2.1649445383835886,6347,122,0.22082527861507553,-0.6888129331107758,47.310467,16.356274,0.34507136638587393,-2.2279144700370597,42.13418,18.274067
1277569,0.08515366217542239,-0.0013440029527625186,1.1922595552626265,-2.4160830229374413,6356,13,-0.2961525080095506,-3.3525109425713917,-46.745213,-26.277416,0.15336967362207415,-2.0662264801728893,-16.786205,-55.585804
1277611,0.01915762699405782,0.11322936222245411,2.475047838976017,-2.143714661898514,6356,55,-0.5978286655136386,-1.5631137050349355,-18.05355,-54.503082,-0.15498248175802656,-0.48668858067340875,-31.13957,-40.93995
1278383,-0.14248552837897044,0.004726343268991448,2.173679983351052,1.8695082764293514,6360,23,0.0004863669450505051,-0.2652205011084035,36.538048,13.765983,0.6868750730049527,-0.7228989033973864,56.270466,7.071925
1278454,-0.04424524126570781,0.0627895692987463,0.9396308196513633,2.4900230869236926,6360,94,0.4596054610157933,-0.7023852939489985,53.016586,15.043419,-1.2930818787706024,0.5908988420904526,38.587074,19.974644
1278688,0.20662874119618313,0.12095367492586662,0.46046784522669276,0.1382454207056937,6361,127,0.11886826801539152,0.774569932728043,-6.2485857,48.00842,1.7797287171765854,-2.066063313587601,27.680391,-18.109518
1279099,0.127788113052346,-0.1458327433613484,-0.22105826643925008,-1.260384221740186,6363,136,-0.11693783400248628,0.8115299406892389,-37.8077,7.4738617,0.050201235005290876,3.7704034488900255,-27.061502,-16.54693
1279530,-0.15752294796883964,0.10131164758608273,1.8945132517685497,1.3510626005254243,6365,165,0.4090556011231136,-0.22759300898852977,26.763044,22.124392,0.7036331015450166,1.864291389976984,50.82832,-3.954377
1279876,-0.0020420104855573135,-0.10074548320368328,-0.45355625839214164,-2.2750125924180864,6367,109,0.7061223871078366,-0.6300730924333556,-42.943665,-8.819819,0.8034033486036589,-0.7513724936961543,-40.24402,-19.758438
1279922,0.09169006953489311,-0.07067320743582295,0.41078077064518104,-2.13490254657998,6367,155,0.31935253142829595,-1.6141701576387573,-48.561237,-15.361782,5.437688285364185,-7.376908570505291,-7.2366943,-49.626995
1280872,-0.1578833285351443,-0.13814093655835036,3.353196267841233,1.0144027205625614,6372,100,0.29895090566921867,-0.23363542787858518,16.940018,-10.520051,0.14850807934606713,0.14390641686604555,13.792804,7.473281
1281887,-0.01971149813220587,-0.23328753691156523,4.849931158661141,-0.44367278167752494,6377,110,0.49978680004487896,1.9207310678870662,-11.957157,8.768195,-3.5063353313299883,-1.3829067725412167,-24.850935,10.438247
1284038,-0.04493198300329615,0.08483302981205734,-3.0660114290254348,-2.3185814065112225,6388,50,-0.0602458548814477,-1.4716535755674247,-14.404117,-56.210064,-0.02563079193063049,-1.5998278914591617,-37.381138,-40.19567
1284316,0.14915836522724565,0.16273115620932305,0.42561956935940193,0.8065381968616948,6389,127,1.8929734991023215,1.0691992246700492,24.098265,40.371235,3.2622039645967402,0.23236831411787462,32.440804,-3.783075
1285369,-0.16439913156673455,0.1109067026068483,-3.1367851229601755,-1.1965901875729013,6394,175,-0.4861165922079792,0.25905696985455107,-15.375395,-16.732277,-1.1850698270765814,2.5014790117781445,-43.296505,10.383019
1285850,0.01809747420341795,-0.1315994026853525,-0.44988836407824334,-1.9684914711943478,6397,53,0.5287699197445672,-0.16887922886380496,-42.610928,-5.751173,0.39317180815765224,-0.7456577442962626,-38.070515,-18.204653
1287664,-0.1336877183258533,-0.1612045198662117,-2.7734303053120968,1.0205555590529685,6406,58,0.39969328311327035,-0.14407105124006372,16.728056,-11.001212,0.41069530964937284,0.5343154100409007,13.1710615,8.028067
1289299,-0.06873649876203534,-0.20075219381568168,3.8963597727685975,0.9722913200811342,6414,85,0.8727895868348298,0.2394983305079369,8.71103,-16.461966,1.5218325157300507,1.77889010988508,-2.121946,38.001656
1289546,-0.022196984731205502,-0.08608883774390519,-0.6318193497068786,-2.3826379763858885,6415,131,1.0332627505206176,-0.4145238230009344,-21.944433,-41.862404,0.5051312835607785,0.09982420820852458,-41.754246,-19.538233
1291281,-0.14031257043424267,0.15809090645733415,-4.479875408790194,0.9867535085427876,6424,57,0.0874603904140008,-0.13974005269406314,21.412777,23.482822,0.34758185889371335,0.569653714491996,46.134502,-6.3925257
1291467,-0.015320992048856077,-0.1315797471463484,-0.7006213665778795,-1.9721836116044675,6425,42,0.784390733817718,0.024247859718388054,-41.740093,-4.7106895,-0.3321519492816983,-0.30550704003875157,-37.952557,-17.05003
1292398,-0.1964083000608169,-0.03253815033848994,3.8983124550184276,-1.1850900752649463,6429,169,0.06158074070249363,0.40534442656628294,-9.277475,-22.37093,-1.7149566378973682,3.525278615940111,-52.03133,8.116068
1293266,-0.15520434405973768,-0.1258028648772944,-1.8731531316257022,-1.1745819259577632,6434,32,0.2066501835958617,0.4830600620559179,-6.1608224,-25.507519,-0.6032205691604031,2.577497686711156,-53.774364,2.9577231
1293973,0.0842454912935045,0.11293439888600468,-6.296674271281606,1.8867388240032772,6437,136,1.050357973613405,-0.4770954676636757,41.64993,-6.881342,0.448896731663059,-0.6717819025263587,17.380026,25.657982
1294325,-0.03215031416574704,-0.012996976066522642,2.099966028738486,2.851594146826203,6439,86,-0.582113307003162,-1.7349267749247292,47.890892,7.1428447,-2.009648054677821,0.42036749069651375,49.71242,27.741238
1294933,0.13319517179456988,-0.171070293993692,-1.3524756073706723,0.8864679479419344,6442,91,1.0842384126472113,0.9141866581910819,16.614523,1.1286324,-0.6765034983001774,2.914556780035952,-10.642365,45.257137
1297056,0.0622177339203936,0.014480703306182147,1.5300508958439445,-2.602758957560882,6453,3,-1.5168435610498499,-6.5458469243109,-46.54362,-29.984528,-1.9006594183678027,-0.6646864389366304,-22.197313,-54.365376
1297512,-0.03435505642756673,-0.04456416099892182,-3.5616854588292086,2.6682759715986584,6455,57,-0.14199561880488143,-1.5328517362056193,48.23553,2.9979017,-1.827488320588021,1.0476387982280977,47.33442,35.055733
1298618,0.0449517588999092,-0.009568937904843547,1.1683699818939188,-2.7562211501084337,6460,158,-0.6151965801604121,-3.4560403981242827,-48.564537,-27.547508,-0.9275327935856065,-0.35783133104495995,-18.655952,-53.938267
1298756,-0.16651380490690168,-0.12462364039810077,-3.021535507222136,1.044874603455449,6461,95,0.2968733933279219,-0.26839502754782796,17.625904,-10.863928,0.022467979972072984,0.14894806861221221,14.723895,7.757786
1298940,-0.20774777465984895,0.0957019094655435,2.402253175018787,0.6153057712880524,6462,78,-0.210404914661224,-0.14040641962476016,8.314914,23.875893,0.528893599557424,0.23986092510785917,18.480528,-4.8404922
1299845,-0.07004942137043285,-0.0999507610021031,3.0638111883934362,2.074577522242177,6466,179,-0.002525879225806542,-1.2910553723236557,34.454086,-26.056755,0.6817321988165234,-0.8820588811085541,39.500977,36.912926
1300184,-0.005471016883016058,-0.13536520839648844,-2.582181583240856,1.9419810563423225,6468,116,0.1734022090514669,-0.7755377034264099,30.467878,-30.61704,0.2260180110197566,-0.6895903342414631,28.289473,40.439335
1301261,0.03368048058185794,-0.0043789834155300855,-1.5580933951649583,2.8576063621626844,6473,188,0.6875916173784798,-0.8686953189162742,48.572132,-26.881304,-1.261833102433047,1.2474925621295179,26.129871,51.891014
1301749,-0.1941874820070011,0.053005747261649326,2.2992468474568235,1.1517511248633001,6476,73,0.15299422528050075,-0.13343290434245117,22.795637,20.603039,-0.11770295246001092,0.706706467575203,48.585453,-1.3437724
1302397,0.10863162635709017,0.16373049192849354,1.5966393101242211,-1.2232699957400461,6479,118,-0.664766860335881,0.11688410356951522,-30.561253,-9.734774,-0.3109670839516417,1.0526979383078454,2.1496487,-27.46012
1303384,-0.17979673298424453,0.1457805416293693,-3.555494297430337,-0.5347891814962856,6484,100,-2.098491052272957,0.6095484409128279,-16.165714,-0.73406655,-1.0718474775742788,-0.6105769491384838,-0.7565054,-11.922115
1304542,-0.18718098094141894,0.15020606675002224,2.470312334203818,-0.009922956445168976,6490,52,-3.650945299766732,0.8168065877634514,-5.084463,24.036285,-0.9224305188557783,-2.9353221402713294,9.662184,-8.59289
1305050,0.14737186080086645,-0.1833738486402698,-1.0930237376726741,0.39840298418552245,6492,158,1.671837447284729,1.4855694412233942,8.276881,9.656552,-0.22386370623721213,1.4394993710268176,-5.735117,22.340008
1305483,-0.0453684628413589,-0.15178998632718022,-2.7110727919839923,1.6996772188510383,6494,189,0.3062583399605229,-0.3265998328092865,22.017553,-18.511415,-0.4057803749024485,-0.17418323610770875,17.999224,15.465046
1305510,-0.12675021133880635,0.1096587474276125,1.630650710801836,1.5954287843125843,6495,15,0.2871955336443702,-0.33895870929006067,40.192417,16.391565,2.0940967028245816,-0.06867496924159054,49.678825,13.980119
1305794,0.18646195568146703,0.06404549157276684,-0.2759476683505965,1.2136000929661885,6496,98,1.0252347752237883,0.3170591826422814,22.806538,6.331921,0.08912941839614602,1.5797373853779884,5.3335786,22.198517
1305849,0.13363244494304916,-0.02156736372808167,-1.131579495641387,1.943132271324993,6496,153,1.3990142265789658,-0.2828450923456297,41.46214,-15.459926,0.7298585048056347,0.5779372711104234,13.036398,51.95908
1306810,-0.08756368537466182,0.13779476611043862,2.959561130388846,-1.6453516071521679,6501,109,-0.4700666608026267,-0.3000987336105977,-20.725025,-24.38603,0.745883130197049,3.1330330174774765,-41.21049,3.0789146
1307636,-0.19489456428064866,-0.08258750570526392,-3.2315640710804714,0.981573781281757,6505,131,0.11112478836509196,-0.2879111327906092,17.803669,-9.682831,0.14935282533956368,-0.2242991621259081,15.508332,6.7352653
1308514,-0.03076193132041201,-0.174203536052213,-2.487640337147602,1.484119488593056,6510,4,0.6762807967890134,-0.02294299313191853,20.02347,-19.32123,-0.2543873290200845,0.4019542228360525,16.117895,15.588101
1308632,-0.09410414698562183,-0.21376996333194032,-1.75341212130729,-0.4641377042145794,6510,122,0.3078620814563694,0.9602020921501644,-10.021197,7.024299,-1.1478185017509326,-0.09104559757327123,-26.431557,13.554257
1308770,-0.11532062840179085,-0.07150549439440315,-1.6166484145002566,-1.9398130320726574,6511,59,0.9447521639031601,-0.09085067611504839,-12.830703,-38.621532,0.7455150848941654,-1.6209096635603149,-52.81031,-9.435441
1309934,-0.03678271884827076,-0.015641312785923858,-1.336048610023366,-2.8069481175975053,6517,17,2.8106852559213706,-0.8621440746193482,-1.0154116,-57.800385,-3.377983146234477,1.023307108746022,-54.939808,-21.14605
1309998,-0.024387000663198204,-0.19450886590751304,-1.0805666287440576,-1.2299123842471698,6517,81,0.3882064851198687,0.7736440199296114,-30.28647,6.9732294,0.21571123889680593,1.6900961524231002,-29.023392,-5.826175
1311167,0.03574764919381989,0.23581528107321204,1.53185974963005,-0.22301944287124,6523,44,-4.694059630193813,2.1057455509523817,-20.492298,47.131584,-2.7689519102492883,-2.9438064634764025,13.780329,-20.968138
1311735,-0.015009054956866254,-0.20343140409795352,-1.0895073862229487,-1.1098698901258095,6526,9,0.5546973746666567,1.3934240007132024,-28.371538,7.7307343,-0.9997805022284748,1.1328435882376273,-27.911829,-4.3194346
1311979,0.1421415464533173,0.0033954522262924502,0.9606135095034036,-1.873460455532845,6527,52,-0.25844503141268294,-0.8259809842198046,-55.016815,-1.7084591,2.601180175563813,-3.3706651769754425,5.510946,-50.23403
1312458,0.202922298369452,-0.017564802640546384,0.47098444710525966,-1.1146569705948004,6529,129,-1.1403152169800628,0.7258006300054596,-31.07265,33.081463,-0.40894209198832837,1.4242134562458661,13.045185,-32.531372
1313153,-0.02210837464348349,0.17635071076138303,2.4324249272857603,-1.4738266015204355,6533,20,-0.805007353633811,-0.2969835589726819,-26.153576,-17.078035,3.8719647488067728,4.155861478483522,-7.6545944,-22.420902
1314546,0.21843928251039757,-0.006871149662700603,0.39458401471837257,-0.8520585928040809,6540,6,-1.3327861374256913,1.4240448595743163,-23.296286,36.472965,0.5064414950715783,0.78322275063627,15.939524,-28.921656
1314729,0.18930429257821713,0.012000001760697362,0.7227198580395848,-1.3188290929307418,6540,189,-0.8971830108981821,0.2433365176494791,-35.062977,27.869444,0.5066022093798119,0.7343199808620643,9.598831,-36.949387
1315151,0.027285170716327193,0.23791181815203633,1.390221845696536,0.13277460157818002,6543,8,-0.12706801963595346,0.21940862001357908,-11.4552,52.194653,-1.5360559661561528,-1.2605836425117174,31.973097,-25.419098
1316044,0.007148479498777727,-0.04259637115735164,-2.794370319320165,2.7796872567062034,6547,97,0.2741648844295617,-1.1005647915370957,42.778072,-32.928722,-0.7702448223483676,-0.49012343395847385,35.14381,46.35171
1316570,0.2037932636290568,-0.0025617788532818903,0.5437472481163189,-1.1126341292670756,6550,20,-1.2927050258197632,0.6617845594483879,-31.042341,32.90906,-0.35842833363268733,1.1426003641948441,13.296878,-32.730167
1316598,0.1696247345651062,0.11827352253653813,1.1412405853555236,-1.0647040546940953,6550,48,-1.9138748107995753,0.8393855027972118,-31.568901,29.39399,-0.5559425680216328,0.1409223275669779,8.599537,-32.151
1318611,-0.0383852389554682,-0.212202567178323,-1.2953553532114843,-0.9087909323045803,6560,51,0.9195637763080956,2.2331302665114197,-23.997314,8.501863,-3.019258932765351,-0.07187529111740963,-26.573055,0.28256646
1318707,-0.0164258275559849,-0.09984514090937863,-0.5982765494352524,-2.2711446084673903,6560,147,0.8107016029026514,-0.4096351404112276,-42.45929,-8.418666,0.4398762861906182,-0.24464333734027377,-40.756687,-19.096481
1318928,0.16004800422047194,-0.013082469448491105,-0.9193711398647312,1.675623113149588,6561,167,2.0467681622392724,0.40881681836989947,38.099888,-11.931469,-0.2975067557726046,3.397028682053047,8.909493,50.738735
1319194,0.007984970567663839,-0.2370199716755827,-1.6912629551208611,0.30828582377144065,6563,31,0.5247177879255615,0.664859121065844,5.1780863,5.6707487,-0.5655590233321065,0.35412064974042384,-18.078068,39.875546
1321275,-0.006823841454087459,-0.0322666470625981,-3.2121504123871945,2.8658842557205255,6573,102,0.39397705233263863,-1.4586723327036417,42.358395,-34.8631,-1.852960218168222,0.7382563216030933,47.023373,37.431263
1321287,0.0064726717115929505,-0.084857275413455,-2.7029776798082406,2.416622184337078,6573,114,0.02533427448076278,-1.2867323844257155,38.624416,-32.442978,0.9667006923112148,-0.6278796635623154,32.90113,43.724773
1321615,-0.028192545547025563,0.11728584603923467,0.762515599322217,2.088359868900401,6575,40,0.7158413126013231,-0.8458697140465314,49.7347,19.350521,0.18157703648480134,-1.0362145501979196,37.38149,14.6876
1321979,0.15087422119069105,-0.15629834367449189,-0.3640069955851468,-0.8780951170321121,6577,2,0.017517617362988364,2.4883185600290636,-16.973215,35.761364,-0.6676188669244627,1.4602462240329899,-21.090717,-15.30271
1322265,-0.008308226801272786,-0.05761378683239052,3.2433582470305877,2.651625014424741,6578,87,0.17486248200824214,-1.3523268873091283,41.560146,-34.035107,-0.8584795790349592,0.018099750056479895,36.460857,45.513584
1323332,-0.1620875440708912,-0.016824440980959143,-3.8625704444876012,1.6488117695741034,6583,149,-0.007174324017808695,-0.38580425212786434,33.66847,14.2933445,0.11517898635039153,2.238476155119064,54.115215,4.675935
1323622,-0.0237246862545267,0.03024874325009106,-2.6373574720679582,-2.8198502037327318,6585,37,0.3021112715347851,-0.9796700478600349,-8.097759,-57.013565,-0.7282521947817687,1.8708693894018578,-42.202858,-44.789703
1325356,-0.1856847639605176,-0.1442963113672712,-2.682138903321415,0.4023385195584586,6593,163,-0.12362586331053788,0.33294379148592407,5.063706,-3.3512998,-0.14089802239230478,0.2963939279474698,-12.693028,33.055264
1325943,0.18317757249355276,0.030176953217827797,-0.5231327721915247,1.3728155182555113,6596,147,1.4166115846660077,0.35635650379819334,35.0715,-5.284854,-0.5298149627171947,2.9975065438927495,9.517798,26.46016
1327256,0.02670043775607317,0.03316251966882289,-0.49952518542978064,2.7849097645186784,6603,53,0.19419103402060717,-1.5503453088561547,59.934845,-7.595898,-1.1144645960761868,0.9017352083046986,28.267124,28.283941
1327473,-0.20172990853871342,-0.040268790606922,-2.403429428263833,-1.082271242365721,6604,69,0.036843067419547015,0.3744114325674244,-9.578913,-19.777552,-1.5375317561036692,2.9240461615180746,-51.42457,9.677504
1329210,-0.1709253916601783,-0.10391039304629268,-3.1808070543053595,1.1708863843106798,6612,198,0.30488624693951943,-0.14794010693467366,19.305294,-13.346594,-0.20824929661066222,0.7121929532562866,16.58175,9.776827
1330276,0.026921276602290073,-0.03350919981516219,0.4967389607400573,-2.781449747557654,6618,58,0.23613059558790284,-0.8134729754617482,-56.601288,-21.81707,1.669011189118494,-1.3583282562844352,-13.134923,-48.787663
1330415,-0.19160128959807887,-0.14445705897857108,3.7684721054244736,0.0382848547862779,6618,197,-0.4575264730241945,0.40700631086871103,0.95467705,0.7010797,-0.21345627445818993,0.13283154987206489,-17.779121,31.943108
1331361,0.10033038762571382,0.16012246190121113,0.3467243465565546,1.3286669110931142,6623,138,1.6681686692089739,0.36909198005721994,35.39037,29.1435,3.7721315569782985,-0.9938347360266618,30.228735,5.9911923
1331608,0.21310073107646021,-0.03140145852897786,0.31040868467659566,-0.9134216765251475,6624,184,-1.0940876345636585,1.3473338376637771,-22.621521,36.02545,0.29967701889985615,1.2407224329788868,15.303841,-28.800505
1331721,-0.14589351584663685,0.18931735090328305,2.3182118652035717,-0.18168362904322322,6625,96,-6.001903508195275,1.4754284492776033,-8.566766,25.232168,-2.8799090241113663,-3.9664434075826147,8.726595,-11.532921
1332841,-0.15442917718590732,0.1827636241877662,2.350289334371149,-0.1558565967069668,6631,10,-5.50888149610115,1.3415363748930533,-8.190188,25.083815,-2.5185177861000105,-3.8115177934269844,8.713353,-11.080675
1333237,0.16812891973460603,0.1639736699095822,0.980414940789302,-0.41505614203127644,6633,4,-2.7608054185762385,1.8437328280713916,-18.411352,45.98678,0.3546123045752484,-2.2862343158375404,23.955915,-26.88286
1333704,0.151553627140575,-0.10482421731792914,-1.3004976904268202,1.3907763258003059,6635,69,2.1579578344614254,0.6955934038185528,30.538363,-10.830117,0.29086046609994,4.427191708634031,2.811021,50.256504
1334731,-0.021749801586813597,-0.14187543378800693,-2.652639966763507,1.859451663937516,6640,91,0.23133995670090496,-0.6555596114790839,30.407957,-29.934595,0.054139993149558835,-0.5941502585393863,28.224264,39.76923
1335050,-0.03987463312361565,0.08533649370944396,3.175393835943773,-2.334960637604081,6642,8,-0.09262276153917945,-1.5997862043401294,-14.39345,-56.68124,-0.07254035712529583,-1.5468610260705193,-37.32578,-40.530174
1335068,-0.1011391016196396,0.017708055940278786,4.09697642770562,-2.257426059245478,6642,26,0.9886988621932289,-0.9748401754005955,-2.2490916,-46.519447,-0.014455550617914559,-2.3396128835461574,-61.444355,-10.834958
1335143,-0.04932628975486083,-0.01909787703048374,4.85957268564561,-2.69715771879801,6642,101,2.7166788357719223,-1.09365884105864,-1.1271766,-57.143345,-2.8996368866777895,0.880704115708644,-55.886288,-20.570261
1335349,0.18453807770755948,0.01861638661010423,0.7880780615821943,-1.3750744078225552,6643,106,-0.7860909728377132,0.12277854052619028,-35.68811,26.979322,0.7927094079132265,0.4928055330576347,8.883853,-37.617744
1335810,-0.03927917365392282,-0.23604183363801132,-1.8127567338161004,0.1541274566058411,6645,165,0.4159226944408255,0.5779312495736278,3.6366,4.8556576,-0.43866225974921386,-0.058993966649143345,-19.318268,38.698143
1337452,-0.026394818497096892,0.038995260294765015,0.7925176813198372,2.7466271398547697,6653,199,0.1111878196784716,-1.1610219372929032,61.10185,1.3374292,-2.0346550513378916,0.6998384254370031,37.819324,22.519812
1337711,0.04613138798559375,-0.1974010296357102,-1.90607922370221,1.129713230878536,6655,56,1.697774280464132,0.41300240932794985,11.257883,-16.246855,2.7219558000196846,3.2038978933583193,-1.8675061,42.54067
1339181,0.07970439067959856,0.19769072914512964,-4.618116032629605,-0.9550305376505309,6662,119,-2.0081295979637517,0.320468164930625,-27.71746,26.446354,-2.844476027117939,-1.179749821893735,5.9650326,-27.602367
1339679,-0.056497533179304754,0.1054622678913772,-3.1716625579385966,-2.097836118714622,6665,14,-0.1800157729085322,-1.024563862480949,-15.268608,-53.91689,0.23294871336082118,-1.358447527952997,-36.026623,-38.406322
1339963,-0.17277000861315972,-0.046877384972431706,2.6776349442304803,1.4578142681758082,6666,97,0.10407162542112669,-0.438599408837896,26.50791,18.320028,-0.26543324963052956,2.6936506726679283,50.689865,3.315991
1340272,0.15312692278859913,0.15384820081789843,1.2284868335142496,-0.8814780884278213,6668,4,-3.286520984177697,1.0346846563605079,-29.704462,36.734024,-1.5048608249665316,-0.9446410909736399,9.532583,-29.340113
1340690,0.0295672348777634,-0.025215596942581603,-2.1142967733958535,2.816333009815255,6670,20,0.299973180312338,-0.849010268756381,46.763058,-29.395988,-0.3035469145668688,-0.24426981556622018,28.60702,50.276436
1341100,0.22858791455172206,-0.00619236556629562,0.2813874321473829,-0.6169409079503105,6672,28,-0.7655258244674988,2.177800573691923,-18.230177,38.431858,1.7615560274640227,0.20591804661733087,-18.954496,-19.2659
1341282,-0.02967373671539579,0.040821400563645,-2.7248900782964554,-2.71787170784908,6673,9,0.21065269644455278,-0.9839280188113995,-8.961781,-57.19832,-0.6942408068085139,1.2442571189161145,-41.67459,-44.500652
1342639,0.012265922553130637,-0.21684069194526745,4.329354644643049,0.8790812687910178,6679,160,1.0438372532690996,0.45032032272463046,9.524953,-12.76029,1.4101905999545459,2.7538517998246173,-5.883464,42.042507
1342967,-0.04254683017414838,-0.21740603514122997,-2.158936870196244,0.7897618380902351,6681,86,0.7038431307128815,0.2411873016680385,8.430934,-11.720617,1.0675816964970481,1.9562163964707933,-6.351629,40.00117
1343905,-0.03684769141164869,0.0017388833396054931,-1.7722670795971216,-2.832963391912642,6686,19,2.429146962593832,-1.4336272932560639,-3.5212636,-56.160923,-2.7024344748468487,1.427390723139194,-59.871372,-19.780502
1343940,-0.07786274288813047,0.003349362655072588,-1.9445103193423725,-2.4801441482256723,6686,54,1.7874020936442665,-1.3220185275138334,-1.9313109,-49.389576,-0.8946859187383255,-0.7802886084327592,-60.88431,-14.937621
1344491,0.08029973421108219,0.2180690451132036,1.4705764205573895,-0.5052058740898423,6689,2,-6.5231544038663145,2.415859594534716,-24.678068,43.802135,-3.4527029933209414,-3.1536879344542212,11.656415,-22.87086
1345060,-0.006052520483849709,0.20239961322383848,2.1673324914353547,-1.1332825181905088,6691,169,-0.9612171814439419,-0.38729953159216846,-28.255693,-11.313653,0.8056232891020354,1.9178233025422162,-2.478537,-22.601702
1345974,-0.06506372771735768,0.21200867591308553,2.260862749083354,-0.7845978288782995,6696,78,-2.6366295670533364,0.5425892930693171,-22.513683,23.708828,-3.692322472263439,-1.8250818639531572,1.4471029,-17.027517
1346464,0.020999947403128105,0.03794862971632528,-3.8287392536574645,-2.7781658509235805,6698,166,-2.1089439095213396,-6.868976408735131,-40.857533,-36.751785,-1.611565007048697,-1.0511568812982173,-31.424889,-50.351288
1347274,-0.07966461095492686,-0.09930605710924409,3.0246508453531358,2.0232985051834773,6702,172,0.01655743846357371,-1.1205279644581243,34.368637,-25.478273,0.6021887060516755,-0.7896853583430912,39.55957,36.333755
1347298,0.02440020640313817,-0.12103401813136541,3.8808953931299732,2.0608502724405735,6702,196,0.2498620884960944,-0.668442980549666,29.970713,-31.363989,0.3024568062199594,-0.34959772374201203,27.868593,41.61582
1347595,0.1557343176954616,0.07628226124461213,-0.3078318772754863,1.5266096894097918,6704,91,1.4190108558196466,0.35500920451176354,37.86391,-5.460209,-0.11795638154076424,2.418727917638728,12.7845955,26.1565
1347682,0.18530856316253125,0.048025318386828025,-0.39385966804423894,1.2948891053150358,6704,178,1.0573683421981168,0.2966661134985981,33.600887,-3.877955,-0.2386928962246151,2.2252039122650977,8.439181,25.330658
1347842,0.12276592604266116,0.20492812446998004,1.1274053929230476,-0.19268629967693143,6705,137,-1.5939410057783567,1.5955713570387957,-16.825003,47.906563,-0.45216066813108063,-2.250013770469749,26.850512,-26.120708
1348782,0.18944633807732997,0.006891816592831612,0.6965426335391492,-1.320359883864334,6710,72,-0.8760661693110756,0.2577798661749968,-35.151134,27.993883,0.5111760751783886,0.7848351769872094,9.774878,-37.07142
1349082,-0.04758192467430674,0.23232770872242323,1.9270665963230573,-0.3085172319294196,6711,171,-9.000146897470765,2.8252630882048693,-11.318823,27.386827,-5.155880963739196,-4.575794075340356,10.055172,-16.621626
1349373,0.04266221929611724,-0.16875823338029416,-0.5638283125770065,-1.5187100601317773,6713,60,0.1623973977586241,0.1847198679042197,-38.410908,4.803428,1.2089884844799705,2.715337499849292,-31.139273,-15.199589
1350033,0.08727518333510373,0.11433326669328675,-4.436228885412377,-1.85628886462691,6716,117,-0.47953082891453747,-1.0852286398859325,-34.150276,-23.615738,0.8367242484224402,1.1139586855930408,-24.184925,-41.19207
1350242,0.19111153227130045,-0.1306772997831409,-0.8664202118600779,0.5333333350572199,6717,125,1.9806145615136017,1.9001904549208113,9.664361,10.588109,-0.6013587724819798,1.986418612406564,-3.6712356,21.48158
1350340,0.07310205713107619,0.15578225593934553,0.3607447381043809,1.5425973806252231,6718,22,1.5831714875346419,-0.15537302188284377,37.857857,27.664213,2.717198815107607,-1.5459461406838908,31.360397,7.9586897
1351953,-0.015952678643816394,0.19815731217312993,2.2458101757943223,-1.1893639468856143,6726,27,-1.0155720246263609,-0.3349314161940933,-27.941412,-12.480489,1.8722614665696191,2.7101845959155777,-3.5107582,-22.432177
1352185,0.21316435307180115,-0.1063631362843219,-0.58444869297972,0.2432469478080279,6727,58,1.4937084821751418,1.4893023149531672,7.8839803,40.57546,-1.980624562635105,0.05884552194129536,-9.864937,9.905006
1352491,-0.17151660709413413,-0.16765717626225415,-2.4032108792407576,0.07127592328411027,6728,163,-0.29899925354631424,0.43831805802761215,1.4960324,1.0421785,-0.3375968806464933,0.19105976076500963,-17.758615,32.601727
1353373,-0.038206935885115534,0.13810299988422253,0.9097161787048583,1.8619693733892106,6733,40,0.7993574933118618,-0.8733543139736634,47.106762,22.054937,2.0704595269443726,-2.7473430332029403,37.326824,11.059803
1353809,0.23701143060135843,-0.03427336322996237,-0.20966056736501307,0.13209937810245403,6735,74,0.8437802684154477,1.2799366854071372,5.421202,42.16578,-1.3191167057831117,-1.4690112595542397,-9.09269,6.853016
1354763,-0.0372112667138407,0.013559576386846614,-2.0860149596644244,-2.8100360431104163,6740,23,1.8756891810205585,-1.007967302805474,-4.9244037,-55.68858,-1.250182742292175,1.4497725005308186,-61.976475,-18.540268
1356922,0.18787485191074071,-0.050927417317197195,0.3601204977625706,-1.2496605179445013,6750,172,-0.7390695006624802,0.6625900380511831,-42.756058,10.286732,-0.35509130050295096,2.0483738823156625,0.52394736,-37.882347
1358761,-0.14382618969252647,-0.06709513594170127,-1.8568243287269552,-1.6965535754322658,6760,1,0.6193555255735148,-0.03815386522541528,-9.043629,-34.629658,0.27423305734847125,-0.17965496292752053,-55.06493,-4.1371026
1360483,0.1215938867041017,0.0831630422132496,-0.3100586064785255,1.8198504023535969,6768,115,1.4506646442954803,-0.03173414515913772,41.003822,-7.9721346,0.11062652548548121,0.34214467897162026,16.577894,27.033245
1360596,0.16116687904855567,0.006100061926758174,-0.7960460274108563,1.667754641763637,6769,27,2.022076207958908,0.4053724053783908,38.59102,-11.13323,-0.39410914979412,3.237518938380578,9.159261,49.740242
1360956,-0.08708420868578938,0.14521494973996754,1.3233521067890333,1.5752740837578856,6770,186,0.7552610220874512,0.19774178745209675,39.209343,34.43785,4.000267130014859,-2.053516487903973,40.780296,3.4194174
1362798,0.20445355793915038,0.010184101785484685,0.5989632663056402,-1.0983861618444715,6780,18,-1.4523123950203847,0.671140600707617,-30.952868,32.828163,-0.2871132954742021,0.9733519180682705,13.365406,-32.98966
1362989,0.011005573545040337,-0.1222113800687073,-0.44685600379368856,-2.0682579788104842,6781,8,0.5681670154823967,-0.31386027463947547,-42.90814,-6.662502,0.4650295592650575,-1.1014540603217549,-38.803604,-18.756357
1363696,0.004149767427449824,0.18284733301875838,0.8437973685794916,1.4086151908648765,6784,112,1.4520726149986634,0.11895995437677286,36.700413,34.036503,6.334305181290391,-2.847265853601252,36.797504,3.3835163
1365115,0.006600195971027192,0.23684702845010386,1.383052421029094,0.31976840212024166,6791,124,-0.08730512912026908,0.08387480725386572,-8.96708,53.23182,-1.220890771154,-0.2919665294454104,33.704845,-23.913574
1365276,0.07982127213194642,0.07648745771455961,-0.32801425054673145,2.1841745032303406,6792,84,0.9857536872262233,-0.5095182128435352,54.918194,-9.591309,-0.038416086707145594,-1.7928823599475305,23.03142,27.063358
1365416,0.14016873335639585,0.11201036260013805,-0.05214581010562928,1.4526887654542893,6793,23,1.2527643265592403,0.08203502593715538,36.54121,25.937824,0.7687413464370868,1.32190555085274,27.997246,9.018031
1365782,0.10473258389433311,-0.16848306313218403,4.670783511274455,1.1955422766042856,6794,188,1.888054913964252,0.6177857391397101,13.031474,-16.157892,1.785098518785155,3.8163121135063722,-3.0791671,45.826885
1366668,0.15910442506755232,-0.06706052638586504,-1.1667284716211077,1.5356734018498082,6799,69,2.1591706248257583,0.5433913820748697,32.545803,-11.051191,-0.0945656241568186,4.690306417641093,5.363926,51.161743
1367167,-0.12081123027014976,-0.0012569411933243818,-2.087930283847157,-2.086517140056859,6801,166,0.8876643748653158,-0.7103303301977474,-2.1055715,-44.631855,0.1553820205738024,-2.1029228982472863,-59.708874,-8.763964
1367568,-0.042581065809645505,-0.08442120660041197,-3.203801228075651,2.3317056942586807,6803,165,-0.0799708590231562,-1.5510388415846763,36.3357,-27.560453,0.12677187126774223,-0.5573534918395505,41.527943,37.658848
1368210,0.14913664018512016,0.11181058068174338,-0.03814706248138512,1.3629366821879778,6807,3,1.1882074266047418,0.16120573182528206,35.80096,26.702503,0.9524014914728642,1.174786333485798,28.005758,8.277371
1368336,0.21741549891137635,-0.056697867415438925,-0.6142525200285788,0.7183057949051309,6807,129,1.9876722155852156,1.6951853235326875,18.58577,32.871395,-0.5977166620719763,1.4427097561492337,-1.3443421,19.177588
1368817,0.044732414103422526,0.023294590251199232,1.8391875825946153,-2.7181496850204954,6810,7,-2.8752217133889646,-9.744191553445418,-44.480076,-34.119114,-2.316348178168649,-1.3187255178112403,-26.397203,-53.526787
1370546,-0.010854011189154383,0.08082451764305418,0.4801880636723055,2.448201375119163,6818,128,0.6969875560851034,-0.644873437841949,58.11978,-1.4752715,-1.201120867529426,0.47319600974625126,34.334957,20.506466
1370849,-0.054598575916321085,0.08008727558628953,1.0141026654783227,2.3101162609670265,6820,29,0.5665218649536904,-0.6737534757979107,51.622288,16.452253,-0.666218673949029,-0.3874442170569366,39.118767,18.177874
1372666,0.09768502760374448,0.21034407017077544,1.3962437861885744,-0.5204330882560515,6829,37,-6.001572204963287,2.2052021284617016,-24.903057,43.322002,-2.854937321335327,-2.8788422934657945,11.944354,-23.364964
1373298,0.23266410581957064,-0.03533153769688912,0.04685801518905852,-0.39512606836193925,6832,66,0.18234886552060345,2.7907061464296996,-11.632822,41.17761,1.8867258580239992,-0.8385614594110988,-15.1653185,-15.576225
1374974,0.08605680155349991,-0.13360335664610135,-0.15147592446632815,-1.6941775284126965,6840,134,0.14357224541511296,0.31274752333943484,-40.940907,2.821396,1.6886810773177998,0.8759935349305595,-32.155285,-18.0791
1375754,-0.01893506885972268,-0.1436127326139868,-0.7790569858974774,-1.8456626397803317,6844,110,0.762102552972314,0.15794298537737503,-40.912315,-3.1672254,-0.2777928177751016,0.041943235861397477,-36.641983,-15.806217
1375922,-0.11463679290592776,-0.20580543117851333,4.011938139163952,0.3844749857510183,6845,77,0.034506507568349144,0.3475687012831306,4.1485515,-0.5846376,-0.7605476457484023,0.42155846752492815,-14.831142,34.22235
1376163,-0.08914592666779822,-0.2129514412484571,-1.6903509964175902,-0.5538009006028686,6846,117,0.4384947823712659,1.2306690846730715,-11.082207,7.284254,-1.767419616963348,-0.18899773166633577,-26.421638,12.325947
1377889,-0.09783230871991905,-0.2006619931785879,-2.400354817098019,0.7518443840988922,6855,34,0.4188941529925655,0.28567660619372004,8.3352,-9.503996,0.8176203497581261,1.177184288942038,-7.491918,36.646694
1379187,0.03324498220171393,0.031659900352952935,2.1393067187085504,-2.7566506275115157,6861,126,-3.1911858123502044,-9.849505076316255,-42.68335,-36.529533,-2.0190363177933874,-1.7366474876973255,-29.199554,-52.056393
1380152,-0.1660903407213249,0.16795268013726367,-4.11057042702584,0.3560090387846172,6866,86,-0.776987696067063,0.039728367624539636,3.5474114,26.399801,0.1637514305732834,-0.6016010553946641,16.991001,-8.077044
1380473,0.10915199034320577,0.155788577213079,1.6153914664360514,-1.311503435051778,6868,5,-0.6194723439380428,-0.06734210889500973,-30.495258,-10.419407,0.30376483119617,1.4685066179866728,1.2353005,-27.134558
1381750,0.18002040687074333,-0.07387130690787157,0.2359138648626515,-1.250620744396088,6874,76,-0.6156655820781709,0.7323529436727011,-42.098568,9.583907,-0.49003608022449424,2.580009658064097,-0.43536156,-37.351383
1381755,0.17182426004946838,-0.06351038453811737,0.34837935942702153,-1.4048571742223819,6874,81,-0.4626146903000855,0.4707889199157242,-44.58412,9.216624,0.5639670061350455,1.6528410192071896,-0.3208225,-39.95348
1382323,-0.1683342903550586,-0.003990745031247939,2.3721254597784927,1.5863400306407704,6877,46,0.006940398948632968,-0.44098500956949616,33.300056,15.104023,0.041565361872701864,2.672308193945557,54.30264,3.9241254
1383386,0.0920950255632864,-0.20825680734948246,-1.4758240909138527,0.6427836625175299,6882,104,1.0063355566336103,1.1346115457479087,15.418341,3.2907934,-0.7402342138014357,2.496660460504671,-12.812049,43.658653
1384147,-0.15963884161796027,0.1619841944726059,2.0237941167352553,0.6502165224027497,6886,61,-0.37756953039804364,-0.26922297478356494,10.136179,25.23001,-0.10755657235575164,0.2607414553957019,20.847147,-6.129161
1384252,0.21735426411864678,0.04093006151566522,-0.2125852084162644,0.7974317793277977,6886,166,2.1340739927437573,1.471134529416695,19.841686,35.943977,-0.6959128439944502,0.8986520814163602,1.3793831,14.83106
1384292,-0.12668961551564814,-0.20099496329710026,-2.2750271941594087,0.2836410494155144,6887,5,0.005424309440117903,0.43743854810292043,3.16549,0.41727057,-0.849261130170431,0.27882239627495536,-15.702653,33.940342
1385464,-0.019135455707331273,0.15513844908610436,0.8320325193250591,1.7229766432063267,6892,172,1.2177205870876067,-0.7381651627982628,41.98949,28.62613,3.363723230477388,-3.1616525241604605,36.737892,8.679945
1387925,0.08248145810485585,-0.20034244805086712,-1.624947142526762,0.8894090965407615,6905,20,0.9065055155238302,0.7501747963687914,11.26404,-11.431736,0.1383120780829431,3.3163211935347285,-8.215839,44.09842
1388058,0.05548619923813816,-0.22988158572980935,-1.5053614874638543,0.34280762423467537,6905,153,0.8854947152520628,0.8453114849943989,5.8726225,6.6748924,-0.35590641921992133,0.7845293697453962,-18.104517,40.864174
1388414,-0.025261806255310673,0.019113109569346365,1.0554601454154062,2.876840170041407,6907,107,-0.22844876301648823,-1.1275189606325084,61.796406,2.18305,-1.5759765701312605,1.0591945926999915,39.71215,23.23339
1389051,-0.08768245739542725,-0.1532894742692988,-2.8343065952600464,1.4878583495584548,6910,141,0.3562098752962199,-0.21141248871480242,20.693937,-17.375154,-0.7124397068071446,0.6770447397675561,17.520737,13.629045
1389933,0.168007363370529,0.019954765167846,0.9066614864813523,-1.5768843227485956,6915,18,-0.3244073393470071,-0.5095075036707484,-52.88733,1.991767,1.7161481025422254,-0.842080952773409,8.466529,-47.220455
1390273,0.125378600038479,0.14543780036668416,0.21597514016209937,1.286714766184111,6916,157,1.499514531870946,0.3212483393705558,34.775097,28.926262,2.7731449463055027,-0.19697192950722192,29.242035,6.1901593
1390552,-0.012921904146516644,0.17138400682512933,0.8734922947498369,1.545118039599151,6918,34,1.4475630517990794,-0.1273790899151639,40.451015,31.19722,5.247509637274573,-3.2945963613894658,37.133522,5.7263885
1390664,0.15356452702900156,0.03298784549716795,-0.6457444186861271,1.7146860178407244,6918,146,1.7686171570052243,0.31312591604095524,39.59533,-10.113497,-0.22379419861460847,2.239015171456741,9.693666,48.73062
1391195,-0.16784807158954176,0.1497683371083029,2.7690484057779967,-0.7119842057130025,6921,74,-1.1874914863056003,0.30646355795077745,-16.967188,-1.8703803,-0.7232100644678531,0.3234045136617661,-2.2022166,-12.873238
1391250,-0.13298665297263862,-0.19937865410479821,4.17732476758879,-0.1063458210381449,6921,129,-0.06532209156832117,0.49749362099334965,-6.3789487,-4.4571414,0.05958297197177864,0.14559145405258972,-26.344147,18.93258
1392786,0.21570666737962435,0.03937962421537026,-0.23809254284580184,0.8373299868680936,6929,57,1.994240441211359,1.3494691213182815,20.134886,35.371487,-0.57151314977296,0.7939073957689066,1.5978916,15.4777775
1393427,-0.19076954983469208,-0.0051124135911627955,-3.766327575766056,1.3030548136878783,6932,95,0.20027442164393702,-0.32158608735960853,24.183792,19.59168,-0.21566025970931368,2.318313560301194,50.16286,1.0400723
1394732,0.04278527327222338,-0.23592495712828432,-1.434876944775437,0.0869640778244603,6938,194,0.7036407130282385,0.5561182975099062,2.4873507,8.04932,-0.3925667664762716,-0.3938770144100453,-19.61351,14.9094095
1395283,-0.01666026775609003,-0.09846508130111373,-2.880050063276938,2.283282896647123,6941,142,0.02103930411438862,-1.4050988579831796,36.593227,-31.283274,1.0010396233165166,-0.7481311517561929,33.99316,42.22823
1395932,0.1543952080907441,-0.1790535661589564,-0.6864612304555567,-0.3455040784262019,6944,188,0.64917515956943,3.2979049235657216,-16.513208,14.282038,-4.623146063794741,-2.190401951082876,-16.033705,3.714117
1395993,-0.2323744372753947,0.05744452930667976,2.8267426073028465,0.14500409540958792,6945,48,-1.6601907014207478,0.43128750452579007,-3.0543008,21.39288,0.6484795340466248,-1.25453128931622,9.41247,-4.8351173
1396083,-0.171174226264858,0.11253233412363843,3.1080619389187505,-1.0960776363756009,6945,138,-0.5212790678006268,0.16492176335654093,-14.894596,-15.482009,-0.9507060732427207,1.884219997794056,-43.052387,11.642338
1396392,0.06340951136803596,0.04641101135386065,-0.6053975558750889,2.474460001371333,6947,45,0.5740850861152916,-0.5993304640148881,57.51444,-9.836384,-0.7607772452670267,-0.9078190569935602,25.94895,28.877474
1396753,0.20948549969510208,0.10530147876531751,0.6810137145431145,-0.4304693279851869,6949,4,-1.312029476281682,1.9261036831982332,-17.239834,45.47916,1.64200538793054,-1.8909378386006113,22.153269,-26.737568
1396906,-0.09677464868271209,-0.14658008064107025,-1.4045609751637798,-1.499518881712653,6949,157,0.5435970712623963,0.14946732788564462,-9.15226,-32.508404,0.626164965902867,0.3879580648738429,-51.773193,-3.8244846
1397073,0.20681101878610436,-0.12108421071418603,-0.4756734918746537,-0.10800580445735772,6950,123,0.6400610026537759,2.0181189257603322,2.0902774,41.158195,-2.592854441756211,-2.2326614732958157,-12.304998,5.415738
1397634,-0.029068525854170732,-0.023301607299106034,-3.8808074473925798,2.8298727709600078,6953,81,-0.4094404032602904,-1.7499514658909912,48.233524,5.2300115,-2.2181152717214174,1.124297196350178,49.34797,29.492352
1397796,0.12384922959694669,-0.014347502412500324,-1.1398751789480752,2.049085520948559,6954,42,1.0248594670680484,-0.41622411341839133,42.396355,-16.314789,0.850732736380951,-0.7094254940006791,14.255032,51.645123
1401132,0.14977734499950815,0.17513872718991175,0.5802341296522469,0.5661225396337649,6970,162,1.0524835621614583,0.7048213431288679,20.75818,44.68898,2.4000197285436573,0.10568674330795616,33.940975,-10.759342
1403950,-0.13390420265565656,0.18272912880702633,2.5397004045721157,-0.6730021881571646,6984,166,-2.273815214934423,0.7369809357647564,-17.602732,-0.1453356,-2.3136881550706403,-1.0598478359755845,-0.4302348,-13.779451
1404758,-0.059116901674314985,0.14499259923583208,-3.4652210966628565,-1.720042062435973,6988,170,-0.3446511589090583,-0.27277090387490777,-21.532043,-24.72521,1.3908696439711479,2.498300087449926,-40.28633,2.0887136
1405044,0.10411578333304951,0.05892806789731515,1.5639847338417556,-2.097902313545808,6990,54,-0.39936147257612875,-1.2309765501221037,-37.716366,-25.132107,-0.07935547780294133,0.008227957384547971,-23.13144,-44.92191
1406090,0.04945815559715447,0.0797123469498105,-0.15374797641814786,2.338435769681545,6995,95,0.9282297431535458,-0.5830527215417911,56.723324,-8.195638,-0.18339027775068192,-0.9374764511535986,25.42626,25.998291
1406092,0.05110594169159989,0.07250190452582359,-0.2354239116660216,2.384438490013294,6995,97,0.8592094581174791,-0.6484649656917614,57.200436,-8.35498,-0.2518204224953478,-0.9381833504705205,25.728563,26.425507
1408026,0.09343068781317079,0.04323494019664463,-0.6940552318608576,2.254920704998419,7005,21,0.8118494828461734,-0.470564995807649,54.767784,-10.821018,-0.2250507835611565,-2.1596982409685763,23.588465,29.346521
1408449,0.08191459354759845,0.09270177381343855,-0.18216838959805698,2.058529203200068,7007,42,1.0577115129128853,-0.38889616351907236,44.523075,-9.805751,0.1393514362562583,-1.3268993280380916,20.212275,26.790602
1408730,0.0786977647863077,0.07851401330471765,1.8734344950088402,-2.178410292122416,7008,122,-0.5688249548130302,-1.9328883106580401,-36.62418,-25.992079,-0.08780634705344567,0.1744487749612299,-25.705782,-44.690563
1410027,-0.10978357173659208,-0.17124364887048743,-2.700323768077147,1.1188746085844836,7015,12,0.5140798071439968,-0.10827585945688493,17.715334,-12.9291725,0.34527212997642653,0.8198200256708091,13.515749,9.151588
1410441,0.13722656528496707,0.13451282101488146,0.13301123691854388,1.2848013778808012,7017,24,1.4103449301931483,0.3878272831585707,34.77363,28.484232,2.1343871759861757,0.2894124716650232,28.722202,6.460735
1411087,-0.11948051367579071,0.1652661718701609,1.6414207979508004,1.1106880080525041,7020,67,0.541047872826882,-0.16626444844462931,22.485285,24.346155,1.9485196695888622,0.6797401478722801,45.124588,-5.338641
1412079,0.021959740707854766,0.10456219235557787,0.25436796445332477,2.2188415538737574,7025,54,0.6401912815073196,-0.603421449928084,56.19438,-3.8071806,-0.12197935731386053,-0.34842021803089535,30.409136,21.187786
1412479,-0.08968577287718998,0.22120179504765125,2.0604490275523957,-0.20891763333662391,7027,52,-7.48452675285448,2.060755946067649,-9.125556,26.584661,-4.23111515747231,-4.431562212205568,10.184841,-14.24784
1412883,0.2396547591873323,0.011546151622657009,0.07181739836536612,-0.0473527061986385,7029,54,0.2959578918987696,1.412708658179962,-6.5756617,45.65103,1.1456162504843879,-2.590850715256513,25.133286,-17.153603
1412974,0.22730053934595684,-0.019269883475515517,0.23143532671852365,-0.6320204174869297,7029,145,-0.6877815488053937,2.2432471353791907,-18.035454,38.34371,1.7624429840822555,0.41303815384708353,-19.121742,-19.10593
1413214,0.11509793707115952,-0.032372343363850656,0.7751190281954262,-2.0985898433345476,7030,184,0.10256894336761616,-1.4409928252916515,-49.594933,-17.546883,4.203920648747506,-6.3865273697614455,-9.755201,-54.20141
1414468,0.16790613756389078,0.04738972432592888,-0.48185676979502345,1.5138816809954514,7037,31,1.6303142887659505,0.3834490181068296,36.931965,-5.91052,-0.4557923990634007,3.0509144870820872,11.096466,26.785944
1415705,0.16751219042066576,0.1587470298424612,0.48050639302218495,0.5560651955859555,7043,62,1.2387200526163564,0.9111590978204329,19.965864,44.092697,2.0249725489007906,0.18233667774810747,2.0578883,7.1159773
1418149,0.17391476099588385,-0.14314907176632918,-0.3362640210697016,-0.7048077220923581,7055,94,0.1791060554176313,3.292520067181654,-14.680815,37.36103,-0.8011147932059356,0.6297738784338593,-18.951384,-14.220077
1418311,-0.17226341050969077,0.11453206648966394,3.0865722743100266,-1.0634689987219716,7056,55,-0.52598169452401,0.12185315080909917,-14.71432,-14.954529,-0.8327265000207079,1.7093483263974285,-42.957645,12.210701
1418360,-0.21788760118815173,-0.06539674663180892,3.757473435942418,-0.648591424799212,7056,104,-0.10073363348801395,0.23238821201552426,-9.958023,-9.891478,-0.5215970510564358,1.3762950335805002,-46.60275,16.402025
1418432,-0.15387721599245918,0.18401216747155316,2.234609008842575,0.06526995041974043,7056,176,-3.3807059794111556,0.7346698814293805,-3.0918407,25.720861,-1.1489755006228912,-2.8215573829949365,12.425184,-10.278429
1418475,-0.14818417979108459,0.09921417054671282,1.8184232034105168,1.4663704326786269,7057,18,0.33081346476534973,-0.30394424925961727,28.490719,22.51129,1.0935767995770156,1.5982016781309207,51.9785,-3.8908374
1418741,0.15672490245075613,-0.06389000902645514,0.40100581046990297,-1.576191203603138,7058,83,-0.26669027433150283,0.24597736261388203,-47.18161,7.575962,2.016173363298387,0.18430082865950786,-0.79854,-42.311718
1419206,-0.07281751799569557,-0.0934106025708141,-1.1782489570117058,-2.109378090807145,7060,146,0.9419925609756952,-0.4646847871321771,-15.910456,-40.180695,0.07895239652886425,-0.7416538089622754,-50.153275,-13.435046
1421415,0.09989911108169208,-0.03782328293536967,0.7475946895036214,-2.219061471250314,7071,144,0.1595718810471324,-1.9540798432964903,-48.51316,-17.812548,4.1784719824159335,-6.6782321376995215,-10.057135,-53.428585
1422163,0.11682068486029577,-0.16450270133014083,-1.5255564038381408,1.1445240358627522,7075,88,1.7049850063086545,0.5952460327277198,13.104887,-15.608156,1.0778976980295418,3.7400486252265615,-3.3932242,46.31808
1422635,-0.033765685202799586,0.004262585297227811,-1.8386588184265527,-2.85701943476642,7077,158,2.4139936132135555,-1.4070108294015367,-3.7715929,-56.08373,-2.4673743863949955,1.5703882733176209,-60.374847,-19.581238
1422832,-0.15201686573370884,-0.1041814253192116,-1.8455042711212555,-1.3905547401429108,7078,154,0.2913084657792343,0.12714237537675666,-7.122004,-29.476158,-0.22673478309618253,1.9289768123024038,-54.615044,0.1726526
1423211,-0.02324879629879867,-0.045025223294624245,2.8776899453101668,2.7161135094294684,7080,131,0.16134954280868305,-1.591405841625672,48.76288,2.1805594,-1.746223477331253,1.1030825444430359,47.165417,36.150505
1423652,-0.08165960702497121,-0.00972397879197412,2.039056215078201,2.4421155118415347,7082,170,-0.6254894850572896,-1.1310364809668767,46.135292,8.353409,-0.5491365410669282,-2.478306885463754,48.412376,25.457664
1424120,0.11111471670577637,0.04152231502179102,1.4114474547195326,-2.1076538097471986,7085,35,-0.38053478481976616,-1.3901107916616282,-38.98456,-24.751888,0.12556201686584406,-0.7904442919672156,-15.421516,-57.803417
1424956,-0.007329842004309521,-0.22969459469917194,-1.310273014416283,-0.584847477118888,7089,67,0.766558137244056,2.8376577952838056,-17.962738,9.622064,-4.9767522179911285,-1.810691627704966,-24.356052,5.4669824
1425148,-0.01717239177862083,0.044327798217992445,0.5689863433345334,2.742806910924812,7090,58,0.1770311580013452,-1.358293723658455,60.91304,-0.54512656,-2.1927508747103146,0.40582284440713623,35.264046,22.690086
1425744,0.1806245771020701,-0.004863766645651968,-0.7452975485950647,1.4367531264126088,7093,51,1.8089668097720886,0.3519181200588298,34.47842,-6.5274296,-0.7832708088914396,3.741474847845583,8.47003,27.708147
1425985,-0.048890932116894326,0.2234871109496586,1.4790809683558508,0.6141728185532047,7094,91,-0.4594359371866755,0.23705486212407592,-5.010528,52.79531,-0.359440223139127,1.0622318943657498,35.60167,-21.1929
1426402,0.2075435138848435,-0.10150548599430279,-0.18070434000706884,-0.5483391462879389,7096,106,0.23811041317033502,3.385821127224913,-13.31089,38.895576,0.44646300933267447,0.24659855814330656,-17.449556,-14.424263
1427064,-0.1378422950433168,0.18560064496419504,1.937782573765099,0.5436299896954387,7099,165,-0.3301131032198239,-0.11937908362801249,9.157282,25.88857,-0.29940509186127107,0.33341720658024954,20.406416,-7.2870474
1427387,-0.15706768142690095,0.09644641985218225,1.8957971009888255,1.390227498735012,7101,86,0.37498922801412343,-0.24790557921644016,27.400223,22.151588,0.7159298826194106,1.9814982633963918,51.208046,-3.8030622
1428340,-0.18863902889363857,0.13593621068760442,2.2667648143137322,0.5007990695005657,7106,34,-0.48600465594823095,-0.024483873258978505,7.1781178,25.03763,0.45026774532039415,0.13042429745587994,18.065708,-6.30505
1428386,-0.14522319794090985,0.1550882388373521,1.8396527177284525,0.9674084250907731,7106,80,0.023708250642397614,-0.13706100160366017,21.054949,23.345013,0.22891256593957374,0.4683110170379771,46.234024,-6.7575965
1428864,0.0004655686940363557,-0.11056865969319038,-2.6585905850735743,2.1840098168404554,7108,156,-0.005749610445285658,-1.2400145097091428,35.1616,-31.90379,1.0988777891650634,-0.6911049240793048,30.637915,42.19835
1430147,-0.1404804271098944,-0.06069717223366828,2.670062767306191,1.7587447583737883,7115,32,-0.04883662742060967,-0.6368032507673326,34.020264,11.961485,0.18118062492498763,1.0549598584724984,52.085552,7.155504
1430547,0.23457910555016234,-0.004275351581515933,0.19395110340245075,-0.4243494281344531,7117,30,-0.04579309524299335,2.415247209047404,-12.248528,41.39356,2.2681634061268463,-0.7871303859676794,-15.054022,-16.594843
1431465,-0.23148607320324177,-0.004345233330161888,-3.389336486232614,0.5330253281581935,7121,144,-0.48597931770150626,-0.06095672646097479,2.8543472,20.902573,0.6567102101122142,0.6209933372327533,13.48692,-1.6990017
1431743,0.09629995051078713,0.21042439211448455,1.409905537779768,-0.536607204986207,7123,20,-6.068543857157924,2.182310651097091,-25.051294,43.295856,-2.9874986015092397,-2.8822729948591346,11.747254,-23.505556
1431800,-0.14489376079821276,0.17792504549785892,2.551701680911303,-0.5949475303122723,7123,77,-2.8121116784700386,0.8840111224447406,-17.249136,0.0050846003,-2.4368270808517054,-1.456826118808119,-0.12295833,-13.167359
1432226,0.17092760837884122,-0.1588599169954318,-0.9847575668783254,0.47187081286498617,7125,101,1.9008762296030002,1.7877473047384076,9.064203,9.951097,-0.39789684829928296,1.788102730248711,-4.654885,22.194326
1433058,-0.15790458486244374,-0.16679901110224504,-2.623037979673982,0.5884581777943709,7129,129,0.0906473340827845,0.24444377020629965,8.373561,-6.497792,0.15449388497559888,0.47945222744296445,-9.968229,34.535984
1433412,0.2162870175996518,-0.04994650197312418,0.16304111173387256,-0.7799794044692229,7131,81,-0.7264272220697546,2.0817163572454414,-18.924026,37.243153,1.083934782652038,1.2693006633999961,-20.5963,-19.10241
1434374,-0.022737546880617694,-0.21580438323451684,-2.1171529054322966,0.8827640806614646,7136,38,1.001639023617663,0.3260278389353286,8.669352,-12.997406,1.6806626903287343,2.464210373655384,-5.3292537,40.588593
1434503,-0.0633097167645914,-0.21135837654351958,-1.4573784561889318,-0.8089002253771422,7136,167,0.8683236715686976,2.043315790935084,-21.365309,8.17559,-3.1430104524437117,-0.19948870891230536,-26.700716,3.2284236
1434616,0.1961135286844622,-0.1383095399953575,-0.6273892490702598,0.026293729135594943,7137,79,0.8310271274863541,1.489507259557994,4.3387337,40.780308,-2.7751572235777884,-1.7043944153472703,-11.818345,8.018939
1436878,0.2016701935977866,-0.1300159871441981,-0.5934624808400658,0.04164975654552369,7148,130,0.8803700857312551,1.450089198201273,4.5826116,40.939816,-2.64492407241369,-1.629829499735006,-11.570343,7.9630256
1437358,-0.12844977189275386,-0.18938282856341077,-1.860548326715519,-0.6124603237685946,7151,7,0.2536925805597733,0.8356155617404608,-10.456891,6.3557825,-1.0056330750743143,0.6253605294258816,-27.34186,14.28026
1438571,0.13857638686491178,0.010847323732481567,1.0312063457417957,-1.9061775599584676,7157,14,-0.3145143960181868,-0.9518612271942531,-54.77782,-2.1197107,2.1508631523602246,-3.0516775778742606,5.4870462,-50.81708
1438632,0.019179766715238016,0.228289155963404,1.789607891363367,-0.6052599108438761,7157,75,-7.299772455469348,2.236276702312044,-15.654573,26.441221,-5.81716210938552,-4.001076710102663,7.7934084,-19.602205
1439010,0.05039112542640867,-0.19084989440280964,-1.9177265568101836,1.2101488519917407,7159,51,1.7677426418932158,0.37186202332491214,12.853311,-18.882338,2.803500024466736,2.939575131971797,-0.7245813,42.129833
1439258,0.15165762357575896,-0.022263208844707214,-1.0237737650908476,1.7560314049189125,7160,98,1.928542749798674,0.24344896119941775,38.98329,-13.133582,0.09108184843455464,2.913705469047658,9.877562,51.774506
1439365,0.10181220459934638,-0.17790907772168477,-1.5980147597711607,1.093998746290847,7161,4,1.606934033986474,0.6182332066011742,12.174501,-15.145557,1.2645210345734341,3.728857982373779,-3.9872801,45.385265
1439857,0.13198703823403868,0.14049452833303722,0.17845780304897674,1.2763049600409555,7163,94,1.4587506385696913,0.38042647789928274,34.583447,28.894268,2.504873330121752,0.02050616004435256,28.953554,6.1712933
1440261,0.22631348200954732,-0.07988155489464406,-0.3348583710061443,-0.00891727379534853,7165,96,0.6744724576186453,1.65708779831548,3.3472428,41.66089,-1.7576860150219167,-2.116256818904508,-11.007022,5.7445946
1441154,0.1758542299701939,0.0372770739944918,0.9331187982823801,-1.4484674860728055,7169,185,-0.5957434134124043,-0.19362951862094183,-50.652866,2.2433853,1.1392929217618775,0.0823832433931049,9.244691,-45.564972
1442479,-0.01644094076714324,0.1797424220489344,0.9423874010759631,1.4392491046327363,7176,103,1.4080861907023,0.16529145407651025,37.079536,34.278942,6.289809900428508,-2.9162140502105447,37.56496,3.5247655
1442729,-0.034273710318673316,-0.0022670744600610526,-1.648358725749367,-2.8543679631640186,7177,152,2.6936141633859743,-1.3632840567107767,-2.987759,-56.64063,-3.241162294841757,1.4570110311354378,-58.82084,-20.370039
1442994,-0.05651060143562181,-0.10782138995620975,3.1907976648237057,2.0776796914036555,7179,15,0.050557741827720305,-1.2938899639978985,34.360355,-26.840017,0.8526362640068592,-0.9157128896507432,38.854713,37.670334
1443636,0.02633387989567526,0.14524532802798412,0.4830982415289052,1.8166804382830217,7182,54,1.0149477775094642,-0.9543294589760892,41.54952,26.524765,1.664323243374995,-1.9978909928635744,34.185207,9.93953
1444118,0.11275543690438047,0.21186315552928184,1.0836459127550067,-0.003862011786361974,7184,134,-0.22374102576883567,0.9380400512565923,-12.93292,50.026073,-0.3847968880140133,-1.8358327944750423,29.265642,-24.689352
1444922,-0.18446686450470623,-0.042862855201742836,2.70842930404855,1.3229453988256776,7188,134,0.2313404918820483,-0.3091255026233188,23.801737,18.875734,-0.2894960204238361,2.12861947448685,49.392944,1.9140422
1444986,-0.11512536635864379,0.05341346731212214,1.693584616186931,2.0272130149548713,7188,198,0.17664842541881817,-0.5007043630108916,43.506435,14.529607,1.1291532865749927,-2.990149219148326,48.43106,19.034271
1445030,-0.18933578992917283,-0.14513323758514418,-2.5971239560317665,0.2190670358169527,7189,41,-0.3288596806299108,0.41886892321832875,2.6918936,-0.9367738,-0.37310547433194147,0.16244208665179072,-15.671414,32.192543
1448076,0.08172730822426037,0.15766944947468117,0.35480600900850034,1.4755479207708913,7204,72,1.6110790676747204,0.033681338288819945,37.052277,28.1204,3.096757019870116,-1.3234015491495297,30.87578,7.3384976
1448248,0.023899500440103805,-0.21945080669283107,-1.86558228533876,0.8065287906017284,7205,43,0.8276157981337193,0.5895672964012568,10.250757,-11.652988,0.617317024996263,2.6542161420730066,-7.527487,42.838062
1448991,0.15865648760747866,0.08110836449314579,1.2066683265793703,-1.4681701704077637,7208,183,-0.5645693717970858,-0.4673788485422917,-50.83758,0.944243,0.6252903944498102,0.500961813344929,7.913351,-45.047962
1449681,-0.21125178889549795,-0.022310432163919182,-2.5523081413780244,-0.9681278654724502,7212,69,0.01801154840102767,0.13912207230053444,-10.576147,-17.015814,-1.349355598427764,1.9629637101370923,-49.447277,11.812423
1450600,-0.05343857582319896,-0.051620559078062955,2.653642594754584,2.512090499737459,7216,184,-0.44448754072059077,-1.470758407573581,47.02675,3.5008566,-1.4020272421642306,0.019571865858144362,46.553165,33.887863
1451551,-0.20234606972523322,-0.0963255956306861,3.2198918945449786,0.7320008256789212,7221,130,0.02943687671206569,-0.1718404769251279,13.946171,-7.3156095,0.3348264745725721,0.05007346311487179,12.610153,4.5421224
1452271,0.1375829434297356,-0.15619491195435517,-0.3275966557699973,-1.042141669790463,7225,46,-0.15577997898940513,1.5634823902584007,-19.49409,34.50119,-0.21655834261355522,2.6623134869958207,-23.634132,-16.390612
1453327,-0.05119650814326935,-0.011342415003115974,2.009089477425423,2.7010565037758756,7230,97,-0.6128055359929264,-1.2496378644949815,47.018963,7.693401,-1.5131182300036767,-0.5151254569127102,49.321777,26.89815
1456643,0.21365878109870431,0.067254105979759,0.6722355109827922,-0.7345616472806092,7246,197,-2.3048573636068754,1.460363372592573,-25.161259,37.77572,0.534966034716566,-0.3754976743225451,17.860197,-29.813465
1456885,-0.10563161085153541,-0.020162370168679652,-1.8468044714904632,-2.2123648773796223,7248,37,1.2651821791198905,-0.9772733382700356,-0.98202485,-45.669666,0.12747475801472355,-1.7585010136448729,-58.979378,-11.831945
1457141,0.10206163812277502,-0.17181575595439594,-1.6216548089286356,1.1737355682631774,7249,92,1.825848930901085,0.5970624417016239,12.7782545,-15.9912815,1.7284460043845584,3.7983446266064473,-3.3090959,45.607418
1457153,0.09090784144920437,-0.1922298929937029,-1.6111861580244704,0.9642664935046306,7249,104,1.1948990700013948,0.6754937498263973,11.084909,-12.471567,0.5534164503328537,3.523280938714158,-6.331082,44.3239
1457790,0.2355387396209941,-0.025585931336538508,0.05206402279981827,-0.32053406794670986,7252,138,0.2661422709264572,2.554251894954295,-10.746919,42.017498,1.831099324952137,-1.4258823177095938,-14.463978,-15.333732
1457960,0.11706245340367696,-0.209026389977576,-1.0006818010403034,-0.11919650427327855,7253,107,0.5064918994681264,1.639654326339888,-9.99721,11.612739,-3.623756099457596,-1.9356431018702178,-19.700209,10.377984
1457974,0.11132319550291064,-0.1919321764787012,-1.4362752266969572,0.7821451385558345,7253,121,0.9675659070651463,1.0198555094433694,16.251654,1.9326861,-0.6933302923448635,2.8893071341739036,-11.552477,44.466774
1458070,0.07258810717391595,0.054776748058419894,-0.5357306704930591,2.3643695096428106,7254,16,0.7566262663173713,-0.5923392924715906,56.583504,-9.9618845,-0.5105965337101231,-1.5373087261197451,24.806677,28.353455
1459823,0.0684934967934548,-0.2024540149840174,-0.7722733130500969,-0.9445889954840833,7262,161,0.39486529373742896,2.394081358618163,-27.559017,9.352693,-2.2271415241287644,0.43502593551474783,-25.791277,-4.291959
1460470,0.22733793052253232,0.07548556585737254,0.258831388630471,0.12351164295041228,7266,4,0.22119710450462593,1.039340769211986,-5.601832,47.27154,1.2864391309550922,-1.9745591070903883,26.918732,-16.785612
1461672,-0.038496339817082045,0.16086983621152595,2.6160703826869156,-1.6207799015162965,7272,0,-0.46768996904196636,-0.2846794841493444,-22.648718,-23.234037,2.820119114686847,3.545818565967371,-38.33205,2.3186617
1461830,0.009276638832325337,-0.19292048342870632,-0.8872297034576719,-1.271036670837677,7272,158,0.204434675714154,0.6271637708922678,-33.205795,6.491874,0.693380167944313,2.2194654261971833,-30.167715,-9.103584
1462068,-0.2147001481769651,0.014741611384838461,2.6144773300912134,0.9171230489741775,7273,195,0.15219811524222013,-0.15349482890827476,13.290526,22.69119,0.31552795268451,-0.515083369320976,21.633694,-2.068949
1462596,-0.16134804506353262,0.002164551303641682,-2.321581756884866,-1.6668510179339528,7276,120,0.18580918430707621,-0.2123045506897311,-5.9431567,-34.422863,-1.0917078858602607,2.3587204330184894,-59.36771,-2.747633
1463264,0.22796187011955626,-0.06710809857601516,-0.42681521763306024,0.2810391398254496,7279,185,1.619073130197207,1.4465117555217804,7.88012,41.206615,-1.9843514537997813,0.21631583214961914,-8.929253,9.395568
1464111,-0.20141874182593852,0.12685013674615064,2.4514954991561524,0.2561312744992951,7284,27,-1.6373826573216947,0.3779519263933322,-0.09230544,23.67951,0.2803879107999133,-0.9367742932354425,13.259711,-6.473723
1464440,0.10962806916650368,-0.09994120361144765,-1.6436702321113474,1.808923859514674,7285,155,1.0861518481614056,-0.03190184522966236,23.82508,-25.857878,1.1507062377573352,1.8567889916579876,10.647441,43.33798
1464487,0.06245799205048445,-0.046484137827902394,0.6006041272881422,-2.480825545488631,7286,1,0.3186854293411148,-1.6568563293970164,-46.4669,-18.538185,3.614198960804524,-5.018119516609974,-11.486938,-51.169094
1466581,-0.01998823821019262,-0.1944461109213268,3.9909572031408227,1.2379916122182344,7296,85,1.240516995259633,0.291292121509111,15.831582,-20.352116,1.690647859059655,1.7463029792217,0.93988526,39.058052
1467327,-0.02727971264850272,-0.04799497475488299,-0.7489534116922899,-2.6773860741151654,7300,27,1.9083591431270797,-0.31206486828136426,-22.155357,-45.07739,-0.41434157470157545,0.4624203082428541,-49.53109,-21.40835
1467805,0.1775562772095819,-0.11473954354834327,-0.08056294222447491,-0.9862938428881297,7302,103,-0.3644650394871869,1.6499598033894873,-19.82758,35.232426,-0.13619120465190526,2.5196494766206468,-22.588144,-18.03192
1469297,-0.09034762530758425,0.08376311021593727,1.3622765981113516,2.063435702880203,7309,188,0.23203411464621543,-0.5194635337036381,46.52774,16.414303,0.7044082319559505,-2.5909522392972115,42.662415,17.879707
1470215,0.23027859249070826,0.006209254320137001,-0.2573971549923465,0.5687094400921013,7314,101,2.310607882866395,1.9905687660684246,15.042761,38.86715,-1.5281630405963595,1.5254003263790006,-2.4824135,13.857573
1471539,-0.021814283905696077,0.1573600826481038,2.5559411299128696,-1.6947923437320132,7321,18,-0.4098457273015169,-0.46354251594830387,-23.074097,-24.054193,2.624085912927535,2.9109256702804456,-38.214584,1.5507722
1472612,-0.07473029641315315,0.17883897815544259,2.5973275176978126,-1.2614412919895666,7326,86,-1.0824654948136114,-0.2553900044256152,-25.338755,-15.465349,2.7622789707940476,3.7671923035993964,-6.8345323,-20.455431
1473320,0.15117626389912855,-0.10675319542661696,-1.3050390242130336,1.3803942379484495,7329,191,2.145624628048792,0.7048581626239506,30.386824,-10.776086,0.283243969709204,4.392677170815369,2.6716201,50.118767
1473755,-0.011624688133149944,-0.1778452840686691,-2.369914712342778,1.467694371063296,7332,23,0.8961138257030588,0.0989870485256457,19.47585,-21.559427,0.3639932930277807,0.5877645637968295,7.494322,38.783424
1474234,0.08102270405744638,-0.07733480476925733,0.3231358669757253,-2.170499599043382,7334,100,0.39791101030841636,-1.5824169808461455,-48.078606,-14.983591,5.23329229621677,-7.156253810945081,-7.280745,-48.666153
1474860,-0.19494673147090846,0.11024978860430684,2.2592564798809587,0.7352837914752629,7337,123,-0.24014690052810164,-0.21135981164006554,10.49724,24.317398,0.28334698510811435,-0.19797898461593555,20.47904,-4.7349896
1474949,0.06474210867159133,-0.07908320405247651,0.2461128314202371,-2.2617887858031556,7338,11,0.5672971257171409,-1.4843154298774701,-46.87819,-14.796795,4.746905041047124,-6.540097713816557,-8.064061,-47.853004
1475197,0.18483314502456516,-0.1007557314327267,0.0018555416310191853,-1.00188450945875,7339,58,-0.573459502215438,1.6265626939549582,-20.412346,35.149094,-0.17490662548413793,2.5146783081217126,-22.61126,-18.670029
1475381,-0.23246840174713407,-0.031754657527825865,3.4893443272493267,-0.4239882804055275,7340,41,-0.7312745333566928,0.5902699157340638,-11.525027,-3.7952113,-0.34176802623465574,0.9396602009131167,-23.020489,23.363081
1475767,0.0363339363590182,0.01061941028574806,1.696762204798229,-2.8248197076429107,7342,25,-2.4236951694549687,-8.154554047085535,-45.376694,-32.65726,-2.7814847929324853,-0.9718532548379267,-24.978354,-54.497345
1477859,0.0033641067845237016,-0.05641030216435741,3.438850878428902,2.666207887198195,7352,107,0.1287959368192544,-1.1797195467119315,41.869503,-32.989372,-0.33372141874692357,-0.43597480393554083,35.096752,45.756622
1478540,0.13857909237606247,0.19501798618277877,0.8734347807626289,0.15911840770292535,7355,185,-0.1005670783792641,0.4590486468509282,-8.437366,50.4344,0.5960824070098083,-1.5963190439551769,30.376625,-21.258167
1478760,-0.044933888600278846,0.1495787973021023,1.0004099911726896,1.724425249403462,7357,3,1.0789041218928326,-0.45826021991112037,42.012436,29.4415,3.511357832395236,-3.220621254359906,37.777023,7.988894
1479584,0.017206384442455175,0.20914756423862424,0.9820976823747237,1.0132287736829801,7361,23,1.3281547210636686,-0.05238384786794814,27.674807,41.671333,6.234810691221694,-0.18354716981023605,37.434856,-4.365493
1480109,-0.0526381716820549,-0.017152061332315754,-1.488569396910385,-2.676048492931702,7363,146,2.6607238983324395,-1.2588418441082316,-1.3995636,-56.671097,-2.7910029174169964,0.8873708095463836,-56.73075,-20.316895
1480508,0.045355493446175496,0.014009168436178832,1.671271588526304,-2.7433856085284885,7365,143,-2.294066648743815,-8.171461083907097,-45.79114,-31.978178,-2.50207787023129,-0.9408644444791588,-24.307997,-54.51891
1483888,-0.035015662008886186,-0.015116159027107945,-1.322856591338175,-2.8224132619204245,7382,106,2.812184422083504,-0.8258753584833283,-1.0808053,-57.948116,-3.431278018406382,1.0453481818757713,-54.783684,-21.202967
1485246,-0.017689066262269036,-0.2048986520981232,-1.1153815000976162,-1.0830642285922278,7389,57,0.6037057008672235,1.5269830887875477,-27.88523,7.8359084,-1.2622627710014438,1.0046637382663837,-27.731766,-3.9169233
1485258,0.11366421360484127,-0.19552084929942953,-0.7029380618148937,-0.6825437805677004,7389,69,0.6920831411450773,3.8547923185012785,-21.602428,13.513491,-4.180420606470213,-1.0756575967181001,-19.308264,0.17224073
1487449,-0.07341688466128259,0.05133213667439433,-2.563497528906731,-2.37655058379997,7400,49,0.4050335239580375,-0.8966767233343367,-5.096057,-45.40135,0.010185019595511118,-1.6284256880476016,-63.189003,-9.362848
1487532,0.05518482435767552,0.14164583589975863,-4.199038960149615,-1.7697128884297815,7400,132,-0.7011892748925156,-1.2681918008920567,-32.609688,-22.909014,1.9903406024738903,1.9336454920708672,-24.069183,-39.167744
1488526,0.05009573688344915,-0.06790386220522654,-2.146705035368332,2.423040781742952,7405,121,0.22784643961754564,-0.6587826524659912,44.16824,-29.606018,0.5070572215345811,-0.32330799626021456,29.629112,46.981014
1489020,-0.19080396148139445,-0.016543679300755385,-2.4082755876887783,-1.293656506555246,7408,12,0.03333238916041384,0.3601502869758843,-9.395188,-23.633394,-1.8799998883078965,4.022243562177056,-52.23657,6.6856976
1489082,0.08029440251129058,-0.22165140516027282,-1.0347016554795705,-0.3770879100952821,7408,74,0.6473220450693321,3.0788986764612423,-14.080856,11.303936,-5.695939984492176,-2.364505687879145,-21.935942,7.2274942
1489564,0.05277796967426755,0.062023429915431486,-0.35883058246089994,2.449179393518975,7410,154,0.7596836778559376,-0.8623807911185086,57.530853,-8.6178665,-0.43809311962550446,-0.9067787389681752,26.098082,27.18277
1489935,0.08527955831386681,0.2147965343176587,1.4659432551187959,-0.5461717571046825,7412,123,-6.452940651535194,2.2575631417865325,-25.118614,43.526352,-3.4709917133648722,-3.064845175684677,11.360123,-23.337177
1490811,-0.17085081546532382,0.16685883232752374,2.2685363069640303,0.19895677617465055,7416,195,-2.0130067829430396,0.4166290493200022,-0.79035264,25.657711,-0.21419003409158613,-1.7190333604697368,13.513093,-8.831889
1490910,-0.146640949028397,0.17107693330653756,1.927912889754535,0.7030435288104028,7417,93,-0.4213669546521987,-0.20892634383294753,13.154389,24.605684,-0.272212629822902,0.4445718871118176,22.121645,-5.6615777
1491044,-0.14499601374070042,0.18682595342243405,2.059572608904055,0.34244391787319006,7418,26,-0.5935845976527623,0.005712268693495358,3.290147,26.810198,-0.10133884754185031,-0.7047565818979113,17.09499,-8.916141
1493059,0.16208445149109518,-0.1646701159168813,-0.519472918402567,-0.5476764995748142,7428,31,0.6266658099760085,3.884983413079356,-20.137945,14.994999,-2.956038448863157,-0.9035086871384842,-16.86189,0.4742835
1493162,-0.2172263321479641,-0.06898752720439563,-2.5154286913640216,-0.6373089397260027,7428,134,-0.11564269543103076,0.22243589683635975,-9.913813,-9.805746,-0.5214568393267827,1.3740487018821645,-46.608303,16.456877
1493245,-0.14818143155109453,-0.00015556493561608153,-2.235208943753926,-1.8106677655269952,7429,16,0.46940388914334635,-0.30147866527534056,-7.0951223,-36.28838,-0.49878122422843735,0.4311065409729184,-59.24241,-4.5823116
1493716,0.0905610590277564,-0.20929663560748796,-0.8455235212200516,-0.6338094563568852,7431,85,0.9154615497468823,4.061024309101494,-20.641865,12.242572,-5.423718967730218,-1.6996293691157873,-20.566679,1.3833283
1493988,0.07308696827655385,-0.18792917813463628,-0.6266909220670727,-1.1463968107782223,7432,156,0.05601869846268161,1.0451799876645012,-33.74767,7.990761,0.3141502001719524,2.5454151621321253,-26.822086,-8.857589
1494375,0.1238169406501954,0.20250421910252883,0.8734855063449076,0.2970600809990056,7434,141,-0.1855825998661264,0.3253670442186981,-6.6780868,50.83674,0.665749185857841,-0.9974827314258735,31.475872,-20.332087
1494407,0.08735225491226413,0.195037878018319,0.6772294239629243,0.9449659247882002,7434,173,1.6484227465929426,0.5245057539174693,26.159433,40.917328,5.798462412932485,-0.284339652877039,34.872475,-4.0600476
1494928,0.17355080104363912,0.054659374674289794,1.015446007021509,-1.4206660583273134,7437,91,-0.6644312315791919,-0.15799626674516537,-50.381226,2.0049095,0.8977973087138809,0.244797995084983,9.06464,-45.126446
1497237,0.009026403198680158,0.04673167816105727,-3.532034573059123,-2.742317081198806,7448,189,-0.9941838252423861,-4.084129087746744,-11.260115,-60.41479,-0.9658566458300107,-0.04695378214501168,-37.25621,-45.95597
1499625,-0.08886432414959436,0.2135131172001516,2.235773702320542,-0.5411665941197449,7460,165,-6.321028789316879,1.7677342046343736,-17.431374,24.623203,-5.320762018751185,-3.7511661368891223,4.663729,-15.605779
1501535,0.20946650837232267,-0.09973720134119773,-0.7033162388539788,0.5178622009044656,7470,65,2.1538903963396874,2.006098775780451,9.068299,11.9140005,-0.9655930163075616,1.8084634442003171,-3.4578626,19.900385
1502004,-0.02986894303439664,0.2043398343015999,2.2505583653347867,-1.069234152138114,7472,132,-1.061537060827478,-0.2963628745218744,-28.029413,-10.873388,0.2357263510769193,1.4088251692323306,-2.5139434,-22.082785
1502280,-0.23561912497363952,0.036659592208121,2.873675108859022,0.22713348765087354,7474,6,-1.3484640185533925,0.3401847342064245,-2.0599778,21.023432,0.7189308015136225,-0.6280444856817776,9.882635,-3.9845352
1503312,-0.09531031364919657,-0.08223935408965896,2.8348671554441394,2.037275237374175,7479,33,-0.03988153930044463,-1.1056278919763123,34.578415,-24.677408,0.30150378085005153,-1.0419002349323279,40.424343,35.325462
1503366,0.006552063644038278,-0.19227923606166153,4.105669542924036,1.2815640614898867,7479,87,1.3631122510233766,0.30792467353619063,15.466003,-20.874935,2.184200812201394,1.923510734378534,1.2442471,40.009674
1503962,0.1681032175249098,-0.14954039084418236,-1.0825524730646092,0.711054165993673,7482,80,1.492263846675379,1.4758149059272478,16.147877,5.343996,-0.5394450388568091,2.3365647041000317,-1.7253851,24.761473
1503970,0.19371255285054306,-0.12239422341200092,-0.8654843641141712,0.6039712561313203,7482,88,1.9285265816033985,1.8659813620447303,10.29121,10.09894,-0.5353449330696587,2.04164601447035,-3.1145635,21.820501
1506098,-0.12744874857802668,-0.11334371658549512,-1.6343414998874735,-1.5607273509787467,7493,5,0.3932596029877967,0.058256764006019604,-8.796554,-33.502403,0.49829482593486013,0.06404734847410327,-53.199,-4.0420833
1509265,-0.18675872718738512,-0.11061735067873793,-2.166067181597699,-0.8815727072178275,7508,157,0.1738064608205408,0.5593261227442126,-9.327443,-16.123476,-0.8102888064039963,2.161001444633336,-52.69955,11.1316395
1509287,0.0020301581187182303,-0.23448243688612286,-1.7768083796322824,0.42933975131513397,7508,179,0.5245731371946264,0.7706672960358445,5.7742167,4.474064,-0.8042903428472129,0.801775645820318,-16.690718,39.134487
1511524,-0.02403156142999203,-0.22288293995291708,-1.3130283988651528,-0.7303488841318597,7520,4,0.9624120854332755,2.790907894937378,-21.169222,9.15578,-4.503189878225681,-1.2349864195236253,-25.34197,3.203286
1511598,-0.06254474258752507,-0.23144482677376224,-1.8806623157340656,0.09186825790818959,7520,78,0.3098388973999561,0.6378467603812151,3.188677,4.7547283,-0.36527150144450143,-0.14859957518468325,-19.832659,38.113163
1511840,-0.045097969334516305,0.09571833397287129,0.896879596419736,2.228442981461787,7521,119,0.669781874709696,-0.7067973080245762,50.95281,17.781624,-0.4880654917934729,-0.5243873816173743,38.231087,16.814121
1511842,-0.0366948067552709,0.07602628977930341,0.8091130121823478,2.422724985888561,7521,121,0.7316613441561955,-0.5571218526108149,52.734627,16.144016,-1.3094445812370754,0.5562221677300184,37.76039,18.930817
1512224,0.048807503054941886,0.0012923012367362235,1.3924017508506386,-2.7318608478118107,7523,101,-1.1609177396914272,-5.343533141169719,-47.33225,-29.904524,-1.9339289286700532,-0.4108838655228433,-21.583036,-55.38843
1512391,0.06443765365819923,-0.008536787382851102,-1.428249123101128,2.593069570079882,7524,67,0.5627575360827857,-0.4175078967229498,48.266624,-25.405502,-0.5464927860273332,0.2280770944876852,23.966019,51.463478
1512592,0.006482181065912279,-0.18044820558434965,-0.8157186835243502,-1.4383408296745135,7525,67,0.16513151851297067,0.19894421332288068,-35.279556,5.1501203,1.1650234071398684,2.3176778609920903,-31.795624,-11.075827
1513983,0.08129185579631446,-0.08375206493345529,-1.8632273266849952,2.125847753357122,7532,51,0.5367787960832314,-0.30807559575818017,26.99197,-28.626757,0.3061452831084308,-0.1574573991578111,16.359388,44.63094
1516420,-0.003092659665814554,0.2346812617808965,1.7944883755058834,-0.4210293673161912,7544,76,-8.953468664877235,3.0156126545627244,-13.110277,27.89782,-5.604894640225136,-4.4105068026399525,9.808165,-18.91807
1516781,-0.21247897317741288,0.10625827610215394,2.8203817321337805,-0.28501485806862126,7546,35,-2.491564947304142,0.6592390509291056,-5.810864,0.49712348,-0.2614456799376261,-1.519619016812566,4.845577,-7.6748424
1517560,0.09144644793161784,-0.04444734917467437,0.6809013550258968,-2.2666501434292576,7550,10,0.26721166922332196,-2.0710654011234846,-48.027084,-17.446302,4.49460957976546,-6.942893087079496,-9.706713,-52.686848
1518222,-0.031041762458542246,0.11360922483017034,0.77964273587097,2.1157521498514873,7553,69,0.7405272643701505,-0.8235170581785356,50.03718,19.065254,0.006639462231794516,-0.9144103114687826,37.52729,15.176944
1519197,0.15189896925478766,-0.11203403589245833,0.030282493174840195,-1.33154385208221,7558,39,-0.2942545175538636,0.8691194372941358,-41.430782,8.079865,-0.16307143091335413,3.3747709158833787,-2.162216,-37.12992
1519845,-0.19083255805804794,0.1351840249418482,2.2986229050246254,0.4532691153836961,7561,84,-0.5916903832920114,-0.007861399731242325,5.195116,25.522081,0.46096187803032707,0.03748847170056846,17.43444,-6.595483
1519908,-0.07565345988656674,0.22728125704699015,1.8303125920432888,0.12362137422774806,7561,147,-1.4576577600510099,0.5234666333392691,0.6164952,27.642756,-1.4823234939970071,-2.0379417472208607,15.255711,-12.077349
1520047,0.10367621979897026,0.12068398286831106,1.7071376374063976,-1.6921571323412377,7562,85,-0.6095337371736479,-1.1411173453549885,-32.759186,-20.161867,0.8846079548398291,1.4887506885824935,-21.939848,-40.112896
1520251,-0.06485176251767351,0.1808868670696141,2.5574250304668067,-1.2847658896016811,7563,88,-1.0743446807553383,-0.27615479756862904,-25.5634,-15.6149845,3.0820097162624256,3.9059030084505846,-6.7791796,-20.8293
1520884,-0.06109913072316607,-0.23090236932640829,-1.7315161442066493,-0.19592338049564378,7566,118,0.16757978644594484,0.5456977547533565,-7.9977384,6.455503,-0.3826461644479412,-0.2957738506706172,-24.938452,15.145328
1521090,-0.03503487651843748,-0.001388348347661078,4.6053778997381505,-2.8483567236282425,7567,123,2.6487351524554037,-1.424373278773995,-3.1182528,-56.48643,-3.1774857414838706,1.445225822390465,-59.10538,-20.250435
1521166,-0.010778216978736585,0.11780257129248764,2.7174195418213025,-2.1107666807270453,7567,199,-0.5093039306988796,-1.5952398637984184,-16.705557,-54.65541,-0.10281657744104311,-0.8275036360658067,-34.165817,-39.40437
1521381,-0.07848127424952626,-0.16056523645902449,-2.7561955706405183,1.4615337224127543,7569,12,0.4243989389466937,-0.14072117658879557,20.235537,-17.594309,-0.7293319428583571,0.6954156174087525,16.946558,13.826384
1521485,-0.05887519829492247,-0.10720728667743432,-3.1090516411234868,2.072096650777301,7569,116,0.04204906556519914,-1.252921624220242,34.32371,-26.65703,0.8288887720543842,-0.904300096743866,38.939636,37.469246
1521894,0.21203672880004287,0.0522928711827121,-0.18581781368086786,0.8552288758793072,7571,123,1.9926458093422756,1.261571865143742,20.392456,35.587917,-0.48968989239731464,0.7336700652614853,1.8477801,15.055974
1522311,-0.009672649002105578,-0.22938067830160697,-1.908626820528125,0.5913738371590477,7573,138,0.6020476207529671,0.6179857283758956,14.690869,0.51635027,-0.4169810608383308,1.478684976083256,-10.215158,42.457516
1522936,0.11454315475976268,-0.003989055096537228,1.0381177125271701,-2.145858853685113,7576,160,-0.1894231079273665,-1.7216100249496102,-45.565643,-22.525818,2.1379548791204384,-4.146617060058459,-13.313441,-56.385475
1523787,-0.0445630935840476,0.14678850703684018,2.742902119402412,-1.7547227214295749,7581,6,-0.2983301994950535,-0.38799541342399607,-21.936678,-25.022234,1.5787590188235938,2.17240309787932,-39.87853,1.6508111
1524532,-0.13125813863151153,-0.04554885415029655,-1.8541635170383286,-1.9068278301960568,7584,148,0.8998125333301776,-0.23356123157322897,-10.839717,-38.949253,0.546136795415417,-1.4566719182272487,-55.810223,-8.419914
1526711,0.17158096567141579,0.16684446910279438,0.8463455577818365,-0.14988433599436218,7595,116,-0.45583049943696635,1.3610816739312177,-14.032266,47.533016,1.146977959187658,-2.4504481295124103,25.582367,-24.020039
1526762,0.22970415340771752,0.05997538708771613,0.1082040782551571,0.29438511039531523,7595,167,0.9679615675928133,1.2699759581732857,6.594331,44.797153,-0.1820598983911592,-0.5264284143668165,27.260698,-14.86015
1526947,0.12777189247540335,-0.01757680034248088,-1.1401551492524773,2.00689853825929,7596,151,1.169899957808788,-0.4052380487818719,42.083374,-15.955109,0.8242972683246114,-0.25812943330575006,13.84358,51.690025
1527015,0.08776213541207141,0.08880846565893712,1.81499387114967,-2.047339861584897,7597,18,-0.4288869155397732,-0.9661720920959657,-35.913593,-24.974598,0.2552211007148494,0.5379211242585845,-24.862333,-43.383133
1527198,0.00572157459075974,0.0742905266705026,2.7490507139131477,-2.510237720245488,7598,0,-0.4086596711620824,-2.4339022846821843,-13.901808,-58.943474,-0.6060183825644027,-0.6164573471476877,-36.83865,-43.805656
1527743,0.05138159605004375,0.20571877822212237,0.8385092916823323,0.9750568756097955,7600,143,1.432769798228766,0.20661970247478934,26.871769,41.466866,6.185333245965393,-0.18450616170202716,36.20704,-4.5304546
1528518,-0.20509651896474257,-0.11821671169590581,3.4991407217865564,0.33066867697158364,7604,114,-0.28675023254466037,0.31434534309528267,4.3518085,-3.0368137,0.0011406923048540522,0.14208678887828557,-13.244139,32.35704
1530531,0.05711317227614976,-0.23269723622439176,-1.2726366212803712,-0.11495508387511197,7614,117,0.4514777681353753,1.0373774526826423,-9.034105,10.030831,-2.20018485469401,-1.3400078286064623,-20.873287,11.945053
1530785,-0.14404581237691189,-0.09323046657523687,-3.3414354229252536,1.5485335169373924,7615,170,0.1271090750927688,-0.2444941317782661,28.558964,14.780221,-0.12033131095149081,2.0052394194975007,21.579576,13.695423
1532342,0.14310065702857933,-0.0997714035716476,-1.3658993066762106,1.514094732688103,7623,119,2.226296919382327,0.6177395923061325,31.042406,-11.849465,0.8704275863509618,4.510744418053567,2.7194524,51.537327
1532796,0.17669765790462322,-0.03810791687595773,-0.9303458397509812,1.4358637916977737,7625,171,1.9376274314454935,0.45250110156325163,33.403854,-7.9585195,-0.7938308280693558,4.264919114303382,6.0058675,49.06318
1533126,-0.10365810897181894,0.21602798760032188,1.961188703587451,0.11398937868082308,7627,99,-2.040046818022549,0.5662483729904457,-0.003984216,27.199553,-1.3726196208197678,-2.372625414308464,14.634815,-11.684477
1533432,-0.2193383662323979,0.09607324966393439,2.7960662754269667,-0.13463061492962122,7629,3,-2.557787447097724,0.7087472629685092,-7.5435343,22.493593,-0.005515273851096984,-2.182022436998433,6.4877915,-7.5903044
1533497,-0.17485773849504807,0.13746581282547762,2.860442603570045,-0.7701869705771991,7629,68,-0.956688762750388,0.17540589439924456,-17.036022,-2.8734,-0.37007865964607484,0.780070479087329,-3.0430079,-12.94449
1533882,-0.21161388190899943,0.03638122275624905,-3.774976832349694,0.9262519109379771,7631,51,0.180021722697451,-0.04996478205065018,13.740826,22.908607,0.24700995762039746,-0.5868761177090615,21.945456,-2.5725987
1534180,-0.16959561672509005,-0.05969919844045506,-2.0791118830169424,-1.4480344797048543,7632,148,0.2476112423560393,0.0265493613740372,-6.7823396,-28.524248,-0.8198413555116065,2.669878238709428,-55.816666,1.2189084
1535001,0.20302916243239727,0.08230246539458744,-0.035532219773700316,0.8413231523552912,7636,165,2.0871568701585494,1.2102605450276533,20.385168,36.55477,0.0449255470335158,0.7044992649178394,2.3420134,13.914949
1535156,0.1966400786460658,0.0816565091245305,-0.08603328332040629,0.9592482815006718,7637,119,1.6657432375012942,0.8166206322869084,21.38735,35.28412,0.26038729470175076,0.5223206147026136,3.0191898,15.148628
1535373,0.2144290864248446,-0.06370640498488186,0.08196825569016117,-0.741520676821587,7638,135,-0.48220519892749913,2.4287157925107623,-17.91716,37.45716,1.181192913885956,1.3129974615770514,-20.313442,-18.410519
1536763,-0.05147712878801375,0.15613482460446276,2.7054521782968113,-1.6323637483744164,7645,118,-0.4245577346014563,-0.2522857088134031,-22.165766,-23.531282,2.252391401950996,3.3457228972916657,-39.008286,2.5350788
1537532,0.043266131056133555,0.108189228217069,-4.028956971827347,-2.1277244118219123,7649,83,-0.6871109931234748,-1.525737893133915,-34.999237,-27.522913,0.16985039808711416,-0.06262302408404032,-28.96956,-41.821426
1537701,-0.10141234817867618,0.15469877544088634,2.8418653373064084,-1.3816081196422096,7650,51,-0.7987488715518097,-0.17776060047517234,-21.465843,-20.526592,1.5261188130106278,3.9394441756931395,-39.54047,5.237604
1539479,-0.027151722266887834,-0.038682373773419466,-0.8102233254707369,-2.745165530963007,7659,20,2.2668891020057282,-0.19268940223030281,-21.964066,-45.865303,-0.9812938300712782,0.45537449984624057,-50.242317,-21.612661
1539975,0.12795748159401843,-0.08065972942467425,-1.4513765844034217,1.7778592893315663,7661,114,1.583060925482816,0.13274138156104334,38.023796,-15.500299,1.0874055670450833,2.781380428660783,8.655222,54.253494
1541120,0.032232431041302134,-0.035855509370681125,-2.2070899221115177,2.737060296750122,7667,53,0.20805089813416802,-0.8945074371088888,46.037964,-29.943388,0.021578639007963987,-0.4811537926227942,29.164429,49.55166
1541452,0.13493314998235048,-0.11926281475182578,-0.0016301882696067999,-1.4443984357326654,7668,184,-0.1664927608636583,0.6956542782468841,-42.476185,7.6625676,0.581648231625353,2.967484492836586,-2.5897007,-37.94546
1541948,0.22162890438811017,-0.07554891123270221,-0.10731422555230483,-0.4424261722165098,7671,77,0.2800918800130165,3.1709433616377667,-11.888501,40.3734,0.9892434781380346,-0.41376964707514463,-16.120941,-14.554648
1542053,-0.054668843962355836,0.22885043798318427,1.6068367911446761,0.39689918403673263,7671,182,-0.19244182077403513,0.006005973778140265,-9.662027,53.937454,-1.114248364437507,0.09399135082547849,33.995678,-25.032148
1542732,0.08961483698591476,0.1809309076507452,0.539772776435064,1.1422881556058473,7675,57,1.7298601144775763,0.5348525313820407,32.428654,33.515907,5.819318000362234,-1.065313062026649,32.83853,0.6108822
1543006,0.06005671270237107,0.0701425150626804,-0.31314863856090475,2.3517135782366196,7676,130,0.8555434803144555,-0.6475224587069099,56.877186,-8.869019,-0.237296872747943,-1.233604463920749,25.172012,26.868172
1544973,-0.22151640541696968,0.06860918492101101,2.58066348616969,0.5211486789086688,7686,87,-0.43741965438295716,0.009744047913281356,4.866499,22.548132,0.6423760307564397,0.4758169835265056,16.313387,-3.957703
1545379,0.23536306107647048,0.04610957881142431,0.23029761718917996,-0.07367891091214257,7688,91,0.08406840878711941,1.4334732840483186,-7.9387274,45.47333,1.9764272614435108,-2.740668692377069,25.21261,-18.225794
1546208,-0.18365326058734122,0.07082456044144166,2.1644051208041475,1.2182379548674498,7692,116,0.09443474824538244,-0.08975383961482626,24.020647,21.131529,-0.0683778059455232,1.4861562981173462,49.14369,-2.6333334
1546415,0.2091964557036199,0.09429854387062714,0.1261358046688247,0.5947090504072486,7693,122,2.2288648207264288,1.6445944764112215,17.322136,40.63942,-0.19467331319928452,0.9235918393435157,0.56542206,9.92777
1546433,0.0954118344259603,0.1601709780602658,0.3523484569836806,1.3624108572870162,7693,140,1.6517287049766225,0.29096302819976366,35.815125,28.837633,3.6057656497044657,-1.062044094890534,30.347233,6.3627567
1548846,0.10292109658619482,-0.15446591080212102,-1.6696693569341248,1.373247615885826,7705,141,2.0757585877093723,0.5253229618976576,28.454935,-12.513786,2.349542749245522,3.520392080662971,-0.338472,50.307903
1549266,0.07571015230585235,0.07038443438482987,1.8744649604327388,-2.251009130779543,7707,159,-0.7791333653956747,-2.963492511125145,-37.08332,-26.783176,-0.36024676560755997,-0.03002483248391917,-26.099781,-45.646343
1550115,0.07231369044571265,0.012980520868301954,1.4372901333085033,-2.519357372618296,7712,3,-1.0071981459969472,-5.350716159286657,-46.591568,-28.772537,-1.3159570458593097,-0.7386051281432809,-20.962519,-54.31477
1550267,-0.009620825871331423,0.20938941220037355,2.125415329168797,-1.0174084890414496,7712,155,-1.1901787156515204,-0.322507979066795,-26.220129,23.89444,-1.082431487924966,0.42756483814901064,-1.298577,-22.156418
1550329,0.026058276981725664,-0.046303330650555,-2.405761935558906,2.6951252713485196,7713,16,0.1912518049252468,-0.9462582044833963,44.18343,-31.335384,0.13501270029320644,-0.6320361380820126,31.011055,48.004364
1550450,-0.11616487002144385,0.19412287012479384,-4.513585232299687,0.680890136663545,7713,137,-0.4036486459120616,-0.10327968049388402,14.791096,24.672915,-0.5613455239790033,0.7939511494841275,44.84535,-9.046582
1551012,0.076127430152787,0.17861558521994775,0.5395700478035703,1.2566654118253138,7716,96,1.668184944033777,0.4442665864619992,33.730812,32.70897,5.605407711784427,-1.626124864545616,32.89339,1.8531067
1551803,0.03811799954017747,0.13276766097153184,-4.034448360613196,-1.915047506190632,7720,83,-0.5764929745836459,-1.3091699091022808,-32.75226,-24.947454,1.2594861899579255,1.0521306971980982,-26.961987,-40.04903
1552334,0.1346196130548437,0.19855914653285822,0.9450004005013678,0.060000381732985386,7723,11,-0.06002998211029829,0.7308716146744385,-10.045836,50.113506,0.30256056771860623,-1.8725627849075006,29.785656,-22.461445
1552660,-0.17544376700870679,-0.14941201413837638,3.563890722206572,0.5662753952300328,7724,136,0.11103775737675808,0.22713270794247453,8.642911,-6.1585484,0.1332883291186847,0.340853890517906,-9.896767,34.253857
1552678,-0.045580453582453245,-0.20137319653694202,3.954814748222108,1.069953915461729,7724,154,1.147856830375791,0.31374221578931005,9.305855,-17.34991,1.8550999410071543,2.017479963749047,-1.3044872,38.38011
1553052,0.03547612267592623,0.024637656431713534,1.9968581863036672,-2.779685511105699,7726,126,-3.1982732622071506,-10.325114807243006,-43.41909,-35.956524,-2.389315532344749,-1.731961388280464,-28.218523,-52.840992
1553328,-0.014737533889376167,-0.04583204018437328,3.0324466124698537,2.7376585210674347,7728,0,0.228597296380201,-1.5060225436861872,42.000095,-35.009296,-1.5644675464392752,0.733260184230448,46.97158,37.038918
1554559,0.052569615566817565,-0.07973558409485182,0.17361427132744578,-2.3230516601763913,7734,25,0.7289818571401162,-1.2386085542802499,-45.87339,-14.792542,4.130311822216296,-5.672118836212867,-8.653123,-47.168526
1555160,-0.0056930714129694165,0.11103299534268075,2.711167951813362,-2.1782855933999494,7737,23,-0.5630784319251905,-1.7652144388249615,-16.489695,-55.61937,-0.30066771213241056,-1.0161469687942573,-34.47801,-39.969097
1555370,0.04963333934018103,0.22306298921315654,1.0412836379271342,0.6211425206651565,7738,32,0.29985995791454917,0.369089169182176,21.599073,45.964413,1.8776825614810362,0.4401515444470244,37.254696,-9.666867
1555918,0.12069976358692766,-0.20186459605092757,5.451673232906142,-0.4007846810623982,7740,178,0.7832652797575741,3.5530031957937926,-16.632467,12.970685,-5.683700619496106,-2.238468970981934,-19.098452,3.662947
1556023,0.15908891591119284,0.16324983363633563,1.116574143385477,-0.6365363443057049,7741,82,-4.309226720086739,1.583448728713449,-26.507244,39.7259,-0.9051766253913307,-1.8749294416292162,19.59291,-32.162556
1557068,-0.030690204326716097,0.1913978728501068,-3.922802356775809,-1.261184762042778,7746,122,-1.0008470720346687,-0.3621722795031534,-26.6578,-14.502829,3.007192748721236,3.6317518314204436,-5.237233,-22.02027
1557188,0.0817133163670334,-0.1675020585345494,-0.4352942217037395,-1.3632680293098043,7747,41,0.04162097428434724,0.3982257046028247,-37.9352,6.3741064,1.0289755073446234,3.5597444750137486,-29.119476,-15.446957
1558321,0.20416820053040077,-0.12310272924348771,-0.4273819484239428,-0.23040419289848973,7752,169,0.590984839994403,2.6955063006273363,0.31041303,41.056114,-2.2777896602084233,-2.0810233655693295,-13.082988,3.7778392
1559255,0.029399342604340104,-0.22766116485224072,-1.1462129666790744,-0.5923154002614339,7757,98,0.8955029480036808,3.3836699841243285,-18.861399,10.2247,-5.9038061683549605,-2.128375786685911,-23.630457,4.369952
1561188,-0.06133380007028502,0.23194906394890896,1.8549264674963126,-0.05123812353246765,7767,21,-4.078531808436618,1.352625414940792,-3.7214491,27.539707,-2.7392529688074343,-3.2503601594782503,13.585238,-13.6260395
1562588,-0.09311762338106147,0.031760332451050144,-2.321886016241122,-2.2968214699549017,7774,14,0.7444778847146535,-0.9159303640851588,-3.3760827,-46.08274,0.031621277137595064,-2.257497832792046,-62.14973,-10.181661
1562593,-0.11543952887510675,0.04839067350705775,-2.5163973480330504,-2.0442628860449297,7774,19,0.4062654910214243,-0.3373429464070512,-5.5502734,-39.458466,0.06567126689026725,-1.4988721747510514,-61.825264,-6.091732
1564943,-0.028279799168649415,0.2382082981740956,1.6574827369961782,0.06295859055351696,7785,158,-1.2897597373871932,0.5203859419662358,0.32465646,28.32066,-1.9097331486232019,-2.004226457009729,31.438747,-27.427654
1565901,0.07670887590640874,0.010962039941022794,-1.100095309760286,2.4840774557231224,7790,111,0.5680551353435438,-0.2583871699700238,48.164352,-23.093164,-0.7225952173346897,-0.7639981124347371,21.074007,52.36978
1566191,0.05124354265640573,0.14275401725613943,2.1128625338267226,-1.773408563300031,7791,200,-0.7033116050696225,-1.2817667012098932,-32.503075,-23.054764,2.045382233772803,1.9304987343733726,-24.334139,-39.038685
1566931,-0.055224388654509626,-0.01664530279560164,-1.5207468860775661,-2.6561878174624196,7795,136,2.598708163827569,-1.3735563795278825,-1.5224001,-56.35322,-2.629379945778005,0.7972874208391992,-57.10126,-19.99296
1566941,-0.09559270118475671,-0.015052844084283798,-1.829633223739134,-2.3115467997866213,7795,146,1.481750543111981,-1.2054306266326633,-1.0471362,-46.955387,-0.25831539035288825,-1.4109852049752047,-59.543922,-12.899218
1568246,0.12368496934528482,0.1874621940773497,1.3478870218367103,-0.7206295252283824,7802,44,-4.804684772605242,1.4520585753425221,-28.753767,39.097538,-2.539207480739799,-2.107486707117749,10.469606,-26.098007
1568549,-0.17825647901337305,0.011608951555907451,2.3452623281409544,1.4625943436533304,7803,146,0.14997821133443662,-0.40755173287880553,27.808767,19.020378,0.0031162422639811702,2.9415915388414,53.656887,2.6978924
1568685,-0.12688282849787355,0.09297578001382661,-4.630028419132049,1.7121082575469126,7804,81,0.2458230415014062,-0.4439095894037764,40.83187,15.751513,1.6806354071293859,-0.6992265052162128,49.66578,14.920621
1569115,0.12017977637223413,0.14449594880033786,0.2058389860219596,1.3423471278734387,7806,109,1.4721596016745515,0.19697650535124436,35.386597,28.289469,2.574523684625762,-0.19485458674427186,29.349163,6.858965
1569139,0.12471837658856684,0.059853781239063895,-0.5090264219082481,1.912948908128463,7806,133,1.4640893355043487,-0.21553946371913288,42.079994,-10.075108,0.11383026861326087,-0.30254195219578256,17.784857,28.328386
1569341,0.08573077765496973,-0.2153316088643964,-0.9292661089571325,-0.5252674493619172,7807,134,0.9240047507416171,3.880287023543223,-18.087137,11.963995,-6.165680660195036,-2.2491841748278505,-20.463846,3.351046
1570085,0.16457510925335175,0.10559235445372672,1.188971705001251,-1.2370402273032148,7811,74,-1.0106000560943182,0.46225278511522366,-32.307053,27.197712,-0.03517946165971014,0.6438674312762052,7.1634545,-32.6027
1570794,-0.10081956807752718,0.005740089229286441,-2.0619541513800037,-2.2730227619989956,7814,180,1.255008162208446,-1.0291848400760237,-1.7480638,-46.951237,-0.12054073654749119,-2.1098736296023506,-60.8551,-11.56771
1571203,-0.07636724081840507,-0.21841028898775083,-1.6382760497497364,-0.5377671962790801,7816,187,0.4112182262383126,1.3861106245741968,-11.286189,7.6181226,-2.099012023598442,-0.4567651426671427,-26.099888,11.823052
1572343,0.024258998650399155,-0.17074675759719635,-2.1986894809181603,1.5380490072856556,7822,121,0.9833889471811631,0.02511896844292633,20.061243,-23.271574,0.8946895726243074,0.5427484140103171,8.516199,39.80009
1572760,0.11722206254591641,-0.18256627035839743,-1.4417748903525884,0.8835312294454828,7824,136,1.0380302888532469,0.8417195188609375,16.429756,0.45379606,-0.49323612542310163,3.1144378752522948,-10.116737,45.085
1574382,-0.12569409402703383,0.043014992430892476,-2.4871372728822068,-1.9683644240880802,7832,150,0.37272463017880264,-0.3125614713062044,-5.8068852,-38.587433,-0.17958986225579585,-0.7755635507039258,-61.42332,-5.4269075
1574726,-0.0072730969522923905,-0.031188854457450968,-0.3629405538700694,-2.873913754992659,7834,92,1.2900106676121432,-0.4758014916157495,-59.913837,-19.449675,0.014451615816690718,0.6373096559402185,-13.987017,-43.467617
1574918,-0.14802328449705857,0.16098222746603802,2.738850199024168,-0.8491374547331388,7835,83,-0.8843755527734984,0.1629016592853148,-17.774609,-3.2645133,-0.3861306053313762,0.7070047428127345,-2.9002683,-13.903797
1575244,0.19260603679236585,-0.14253324186126629,-0.5800482438928783,-0.11407620662666439,7837,7,0.6610806988046679,2.056317138774042,2.1274078,40.784424,-3.192013298667809,-2.2237315622232523,-12.7873955,5.9967256
1576840,0.18110469713333738,-0.07059547952182248,-6.028068252410139,-1.2536073684387756,7844,196,-0.6432802868487737,0.7280443756250636,-42.260933,9.69159,-0.4394498434250938,2.4686541492683416,-0.28395942,-37.55059
1577036,-0.05453153796829805,0.20831470383722642,1.3694736439160327,0.9147048664344127,7845,191,0.518236389313952,-0.081315639516274,25.083508,45.194088,2.757071943501515,0.9360930605686474,41.58056,-6.856488
1577203,0.1836136143326298,0.15245185124256044,0.5869619960974071,0.21195055704257953,7846,157,0.01668074602444655,0.5381337095521835,-6.017229,48.85952,1.530318493290071,-1.542804698581757,28.594395,-18.369677
1578867,0.012869564594072708,0.03561654184893623,-0.18828304005049679,2.8246818583899493,7855,12,0.20612886474357503,-1.8465027818543307,60.536236,-5.3590884,-1.008473107057119,0.5838320203640923,29.447401,26.57457
1579786,0.15982320475857395,-0.010473694656267366,0.7747007532620653,-1.6802803715021637,7859,127,-0.1154769376812983,-0.35534419806668777,-54.061226,1.7706282,2.639224136802783,-2.022226434634149,8.472158,-48.33906
1582071,0.01795323587938795,0.04808030473692057,-0.14185859120195854,2.710573620940011,7871,0,0.477434408842621,-1.5411437886886465,60.091175,-5.7827277,-0.831058500322045,0.2948152903830128,29.24246,26.119211
1582105,-0.06795581937849227,0.08399823022259745,1.147188457145919,2.207643154931467,7871,34,0.39165713879399777,-0.7451096285050819,50.559654,16.827282,-0.1416513165829779,-1.3682242449466024,40.2976,17.865599
1582891,-0.04993671657732849,-0.22884901903167926,-2.005281915787989,0.4392901443656254,7875,16,0.3339921061064903,0.5308852436083057,4.663932,1.3900359,-0.8384330277331768,0.6624201779525176,-16.417734,37.09145
1583945,0.03655514358240242,-0.2251898195192234,-1.094149654129477,-0.6314401041967236,7880,65,0.9354422821413328,3.5764412143114717,-20.095608,10.236775,-5.904359134482519,-2.010602754216411,-23.666826,3.4077642
1584243,0.1857501083411484,0.024425393749247883,-0.5443909778788101,1.3502736482488835,7881,162,1.3944666729138255,0.3621105035467072,34.710617,-5.226058,-0.5463441486630889,2.95499402980781,9.157385,26.485695
1584551,0.18066114873702252,-0.1269494759756766,-0.20986345378305216,-0.8053363368154353,7883,68,-0.07791639484423726,2.6870645761946683,-16.765924,36.76377,0.02771750213088038,1.4564375998766392,-20.125597,-15.906278
1585228,0.035553176381665524,0.07716308214179535,-3.935197068060137,-2.417905106702119,7886,142,-0.9231601999450064,-3.553282703891756,-38.12313,-34.674236,-0.580126479556493,-0.9580558274008099,-29.226341,-48.059788
1585467,0.14641472483497736,-0.18392754044633225,-1.1011270084587828,0.40531160126465476,7887,180,1.6477416178572608,1.502843216674844,8.352958,9.52604,-0.21615145034349983,1.4812883594562467,-5.728704,22.408232
1585637,-0.2346525336565306,-0.02477343205311739,3.0629581350501565,0.3676396663639094,7888,149,-0.6901186573539901,0.04699526037775722,-1.383116,20.012253,0.6321247516830991,0.18289894902805223,10.232241,-1.8874516
1586715,0.02108635718374717,0.02860417424672343,-0.4866295124205095,2.8443633690295766,7894,21,0.08359213695051346,-1.8073714734685098,60.205692,-7.2816916,-1.1464493105811309,1.0853221560463593,28.527275,28.218094
1586914,-0.08211271719751853,0.1591916887815985,2.7752634439183903,-1.4565027882660135,7895,19,-0.7613157985214557,-0.1648881923003281,-21.649689,-21.18744,2.116853223387254,4.049148391863576,-39.232082,4.533875
1587132,0.23066865120358074,0.0649079889823456,0.33006135701247735,-0.11152724367533168,7896,36,0.0929859778016758,1.53300200727247,-8.759594,45.462948,2.2942125519341854,-2.744148535706889,25.238483,-19.23642
1587344,-0.186049085979422,-0.0034136441486974783,-2.4396956668862906,-1.3671019236948965,7897,47,-0.017969974131325686,0.2555512861186246,-9.461029,-24.31423,-1.9543439114847745,4.2029779850821285,-52.21827,5.79945
1588012,0.08026311153350019,0.14051894179051758,1.8826418710298718,-1.6616246305089848,7900,112,-0.7805858768143782,-0.9920682131680152,-32.261574,-20.533855,1.6295387687861345,1.9748060069610258,-22.517088,-39.17255
1588315,-0.10628377506360083,-0.17756495683526208,-1.5790851210637695,-1.062146520190658,7902,13,0.3806897434719079,1.0569622503304872,-28.223722,5.7812834,-0.962206593710237,1.6043459434731673,-51.926285,1.0237551
1589002,-0.07736780761107895,-0.026438106837954486,2.247702898692494,2.446337976130035,7905,97,-0.6825206521821281,-1.1441102026484526,46.081673,6.850759,-1.0149201877800522,-1.9549750081974762,47.89016,27.910208
1589753,0.2166397113308816,0.10160863314462615,0.5157945835996754,-0.15447128467662247,7909,44,0.021569252987528383,1.5202079359232374,-10.147474,45.766346,2.3824284548138253,-2.7969927794620957,25.21268,-21.114262
1589806,0.17074579491838987,-0.14756832472262843,-0.3655004405232614,-0.6944255856332476,7909,97,0.2556787082541977,3.3374410621944834,-14.412078,37.3175,-1.0496795113767057,0.4641025401439993,-18.80326,-13.925614
1590532,-0.09247876962998827,0.167924296513423,2.7197352656518006,-1.2910907853946072,7913,19,-1.014341828127181,-0.20322802043522187,-24.566757,-16.05051,2.2560529532894176,3.8567308024769917,-7.7497187,-19.906143
1590824,0.1162961222354142,0.20833824128742284,0.9535798729902369,0.2161863676174756,7914,110,-0.12813746801927342,0.4307715169370942,-8.157003,51.033615,0.17996191121953864,-1.316884622949285,31.062511,-21.478897
1594363,-0.025618228122934253,-0.1329861866552202,3.5508668510773793,1.9424301572267584,7932,31,0.16705630145150227,-0.9312845871596528,31.322645,-30.204128,0.5135812686070282,-0.683232269401909,28.983385,39.883614
1596417,0.13997098109554312,0.1019563862394203,1.3943253292288436,-1.5295700579230866,7942,75,-0.6353781454599748,-0.7465180503880758,-50.79988,-0.7283429,0.5837353268834262,0.8585360469572944,6.342501,-44.607567
1597381,-0.1022628909171462,0.05856546998431829,1.5639604906174798,2.1150634058893623,7947,34,0.06454403264336475,-0.5537474221742247,44.6584,14.685282,0.9224272067031548,-3.0382701606484788,46.745064,19.887144
1597394,-0.11660897762321862,0.038947222976592935,1.7862556653877268,2.0659758164423225,7947,47,0.0235030457593911,-0.6079612979845773,43.550854,14.160293,1.0407905412270135,-3.3132893025761416,48.651802,19.564514
1597638,0.08907960550947219,0.00712403463138267,-1.1094524718954555,2.3785128500362522,7948,90,0.6831825796763191,-0.2999660124429577,47.594078,-22.46217,-0.12486070392111438,-1.441134485376916,20.086794,52.228653
1597965,-0.17053909146640273,-0.025332993786352884,2.5197304049471176,1.5386608553845948,7950,15,0.020167297311189353,-0.41982200349223103,32.211895,15.368486,-0.11600741901072638,2.8074301859373225,52.77705,4.0591216
1598315,-0.06621734088840239,0.1726489450606744,1.2458064286411332,1.3824487829523728,7951,164,0.9774320325317958,0.26144426814260013,36.122974,36.611267,5.575521455884738,-1.8651238815300633,39.95066,1.2658224
1598429,-0.13648345642042847,-0.1900999078349842,-2.4171581865316085,0.44737192766381784,7952,77,0.033662515430361514,0.3003748058619418,4.9206595,-2.4734612,-0.4272754033584648,0.48263328429670765,-13.4560795,33.777653
1599273,0.2234801738884868,-0.029246433482312605,-0.48090169744808636,0.7015461627326691,7956,117,2.110380203555004,1.7723251629471664,18.462421,33.52072,-0.8714712529947913,1.4196023794437582,-1.3057057,17.940136
1600570,0.05919928705984935,-0.23078130230946298,-1.198967723940155,-0.24145184787924898,7963,7,0.32522329579449555,1.7974715814305768,-10.999379,10.723983,-3.89685169159935,-1.8871020190054761,-21.803293,9.978943
1600593,-0.09476682534515984,-0.1974530334376206,-1.5970038532242636,-0.842537380732655,7963,30,0.5618383262320165,1.540157952856751,-20.421066,7.462139,-2.150505197086546,0.636691898915682,-27.386648,4.157993
1600857,0.22657058491327692,0.01728747505847092,0.403843782590968,-0.65538144138348,7964,93,-1.1938039763672412,1.961556837657819,-22.360832,38.13398,1.4602485084892682,-0.020857862070448527,17.448452,-27.920036
1600891,0.01976543299834882,-0.2221975053192779,-1.1042762347055468,-0.7555985401245144,7964,127,0.9326017239294396,3.2564952693575195,-22.56988,9.8650675,-5.058819638631817,-1.4337917740001196,-24.620062,1.0767703
1601199,0.04752010171128575,-0.10543909194213978,-0.07938076206218767,-2.1359797898086725,7966,33,0.5520211581740458,-0.7252345344072323,-46.974712,-11.600587,2.913764121988631,-3.865093609435895,-7.2085257,-45.179253
1602914,0.043885783024478195,-0.07455942536645808,-2.24080928374264,2.4040179612424404,7974,140,0.1900439479314382,-0.7313097015598812,43.666748,-29.859892,0.6531444357328384,-0.29648843497914795,30.104113,46.391335
1604404,0.04183239082539526,0.09872127426541331,0.06231809679718083,2.2153465067006275,7982,22,0.7239202448663039,-0.547957889962345,56.24591,-4.7037673,0.037272960767480656,-0.7610666991807392,29.2136,21.913847
1605717,0.07313481849833926,-0.14092134229633863,-0.24415290232278347,-1.695860763390034,7988,129,0.2566486233459233,0.4067734640948804,-40.67461,2.5192277,1.3622167031565593,1.1900225472650428,-32.297623,-17.566664
1605774,0.06808160283584219,-0.16225634725871896,-0.4256903380225283,-1.4956482952121601,7988,186,0.1392540410883138,0.3159208309497338,-38.944946,5.2509637,1.086469728792515,3.0956494740214833,-30.52487,-15.884775
1607694,0.14710083957532036,0.15378369951531995,1.2882257474762775,-0.9612410459475579,7998,96,-2.5314369172340183,0.8224225323893914,-30.18565,29.58052,-1.4916460793394504,-0.5856323828225309,8.535415,-29.666002
1607829,0.13597866048068696,-0.1210184075026478,-1.4370912034665586,1.4196783726284163,7999,30,2.2716195708867786,0.6090625001170235,29.913662,-11.62522,1.144926582272526,4.303514319584507,1.5964199,50.77399
1608090,0.04426959933323793,-0.15992961414841453,-0.4934237224042868,-1.614654868687507,8000,90,0.27310264883254337,0.1964690212335001,-39.383675,3.6155655,0.9648849758598995,2.166611888162301,-32.21915,-15.892116
1608488,0.21318950830493366,-0.04052335016712215,-0.629146525953615,0.882612124410419,8002,86,1.5062756424616606,1.1072920115833254,19.467566,6.441829,-0.32198188170237235,0.9720703333382804,1.1999867,22.591293
1609004,0.00018031379899071526,0.2259602547100893,1.9137367718976432,-0.687476867878189,8004,200,-5.795664330700604,1.53218964148263,-18.67586,24.95254,-5.769813123376706,-3.6887623498757502,5.087448,-19.219767
1609046,-0.10385778478653426,-0.015464402124836171,-1.875812105589929,-2.2359335514785363,8005,41,1.3418558769571063,-1.0402122252281096,-1.1384568,-46.111515,0.027944761319832687,-1.7720187791665818,-59.391808,-11.952828
1609321,-0.0198979181586809,-0.2330836790934262,-1.430601098381787,-0.4507137647152466,8006,115,0.5166783042207814,1.9556128944614914,-12.0646,8.752812,-3.5655668013016846,-1.398198367600552,-24.8766,10.32166
1609539,0.11749785335090729,0.20712740089053075,0.9299868251453343,0.2496027922941157,8007,132,-0.15754032229070075,0.3961464562224062,-7.5721064,51.051746,0.32699791997859884,-1.1563322139372108,31.292667,-21.037132
1609775,0.052122813875857356,0.15394311090789975,2.0711740242414973,-1.6536943968168145,8008,167,-0.7677648954691206,-1.015709076933439,-31.665815,-21.090887,2.5468243195983105,2.5200910195398567,-23.140137,-38.210155
1609891,0.015985022035796034,0.1282426276990005,2.4489541664425283,-2.004329934943541,8009,82,-0.4978573375935782,-1.3975163191827034,-33.418636,-27.236912,0.5274069472850907,0.24089637268631953,-29.276836,-40.016956
1610158,-0.14597745679885976,-0.10272815164744781,-3.2604995052607655,1.4642584068295945,8010,148,0.22231715829024298,-0.12430788243035486,24.672047,16.849705,-0.25494722431716826,1.905056903899589,20.867096,13.224547
1610610,0.044088504068203915,0.03812557309440538,-0.6124857838122498,2.650962818341052,8012,198,0.3316203081596963,-0.9817304667332416,59.133312,-9.030243,-1.1058124271501693,0.3756914253302185,27.423992,28.949442
1611261,-0.01110935381529933,0.06196965828803545,-3.229635024582197,-2.6107347327767227,8016,45,-0.07250872156641172,-2.0758928894202704,-13.054395,-58.40058,-0.512186678435624,0.16661084549120225,-38.5347,-44.123367
1611355,0.08979614831135005,0.044813320712838334,-4.680910329394827,-2.2787654560200346,8016,139,-0.6941091740207757,-3.120353587413692,-45.038147,-25.861404,-0.592046487243623,-0.18594924442998734,-22.013819,-51.706642
1612426,0.04361697292168793,0.011961276194494969,-1.1135611527207723,2.762430980919386,8022,4,0.43322883689251673,-0.5735379755570085,49.340363,-24.48577,-1.8140103692290344,1.171166648407503,23.003736,52.96037
1613366,-0.15483885778761278,0.024305840020258235,2.1267129937834093,1.718350419144159,8026,140,0.024003417723816367,-0.45778476284296543,35.713924,14.635698,0.6328384465670478,1.1463089593586466,56.51321,5.497488
1613528,-0.16077395508435172,0.16658462563087426,2.6051631237558825,-0.5334338800216865,8027,101,-2.820913455578846,0.8534197001959302,-16.836515,-0.11398021,-1.9895613496746307,-1.3948612395715225,-0.17286621,-12.563937
1615102,-0.20621617204817566,0.045052570423891304,-2.8607013579738694,-0.9919683767633012,8035,67,-0.026024691238857485,0.10322421309874971,-12.904557,-15.782538,-1.4487689886462,1.3462306503681287,-46.27851,12.816843
1615657,-0.2132129406246771,0.014991620329275243,2.5992190595734637,0.9443524483644548,8038,19,0.16446709228655465,-0.12435753950834517,13.716478,22.661768,0.2590982324872704,-0.4708320384077311,21.972513,-2.0636723
1616727,0.057999447897984203,-0.22642717080445535,-1.0910910427413598,-0.45789256582488436,8043,84,0.7502608499040585,3.319659409915857,-15.447954,11.130681,-5.9499911844853575,-2.376360475246163,-22.562798,6.1671767
1616776,-0.03250461837217137,-0.2026625499245719,-1.1850076002574297,-1.0896443436240035,8043,133,0.6352012442536108,1.4560655926270594,-27.774067,7.6303773,-1.2002618407868089,1.0031199419493337,-27.989645,-3.7319617
1617016,-0.0714301414905106,-0.07107204656533889,-1.2211937782145286,-2.275027229893143,8044,172,1.1919965035911537,-0.7008159704692182,-18.264364,-41.620712,-0.07521747231966924,-0.3488938157061363,-50.46087,-14.955912
1618724,0.08351497570038763,-0.043992215134361065,0.6817485561517682,-2.333146046020404,8053,71,0.29009981045823985,-2.052054669409635,-47.54544,-17.786108,4.275540467388945,-6.539042308425848,-10.2027,-52.34184
1619402,-0.1783626620590808,-0.11484518643600733,-2.0828884706591007,-0.9732783616996771,8056,146,0.24654565214113222,0.6590218567297268,-8.693844,-17.823542,-0.9153551931042142,2.5432377721631005,-53.50453,9.554164
1619741,-0.14398575037746356,0.04254253369317269,-4.323804202875892,1.7898437213700467,8058,83,0.05914556038243593,-0.4022365850120131,38.07964,14.749168,0.9489410527315629,-0.2573539895018699,57.25247,6.4721947
1619933,-0.06611616281923385,0.05800605090938252,1.2258663830162628,2.3911501798388,8059,74,0.3632476505267843,-0.7947924482401204,52.105118,14.77323,-0.3520362959892769,-0.49115230873884,40.649715,19.881666
1620325,0.03442617989454176,-0.16888058960925512,-2.1393719364773367,1.5393392150678962,8061,64,0.991697704404479,0.039756507309657206,19.923862,-23.441847,1.1600165894449046,0.7758813422910332,8.40663,40.155144
1620571,0.17594420049871634,-0.07116776499757431,-1.0430491783729072,1.317355297606397,8062,109,1.7793661690636218,0.5030402703692983,32.476612,-7.5256295,-0.7415259778533424,3.8574492188645175,4.2840266,48.260166
1620669,0.10032610056476256,-0.11432004604665764,-1.7349064658982025,1.7688100367293875,8063,6,0.987548985419311,-0.12361432670968826,23.032988,-25.915907,1.186880758400543,1.7530345511765826,10.456972,42.677788
1620904,-0.16685140582214242,-0.07276508515973447,-2.0204863601184395,-1.4197311199999025,8064,40,0.25393010252099857,0.047943419725157345,-6.8674245,-28.485802,-0.7040622688034952,2.5768315570513627,-55.45427,1.3259462
1622315,-0.028958283202410187,-0.017011299616140382,-1.1800613255759054,-2.8607942807390243,8071,44,2.6986516665517284,-0.5721662203844311,-0.6744405,-58.66541,-3.1900677028749467,0.9541911472859873,-53.59433,-21.541018
1623056,0.14953523433656926,-0.16456644688548783,-1.2190367359186933,0.7716408906467861,8074,182,1.2080399605067342,1.2565414908441095,16.61553,4.1790667,-0.7205641579562495,2.5890621633747433,-13.616542,41.66284
1623775,0.08960240884382947,0.22208240477128277,1.1212708084742684,0.13207182301616285,8078,97,-0.029379764203800764,0.5097750458791169,-10.033347,51.392273,-0.6978849785079079,-1.3414541788863896,30.995686,-23.598349
1623985,0.04130385541583989,-0.1493873145731161,-0.43232222920268476,-1.7374493724718962,8079,106,0.32294607888749804,0.2255027478184721,-40.439342,1.3023788,0.7656728930785561,1.1512577229718408,-33.204494,-16.416946
1624049,-0.13186052508803056,-0.19006711072527382,-1.9076818923870456,-0.539277301262278,8079,170,0.19442973411228695,0.6991127326657226,-9.810082,6.179714,-0.6764720131223492,0.57178863813236,-27.277452,14.899941
1625304,-0.06665315600227643,0.22806092843864512,1.7136396388864155,0.2829956096736521,8086,18,-0.20216799456974224,-0.0011200944021251859,-11.579025,53.77173,-1.1442434154620849,-0.7026947264921487,33.19777,-26.637829
1625753,-0.2374062543308204,-0.012652458640747781,3.057590786515182,0.27449208330188685,8088,65,-0.9048727880945386,0.10681830680088386,-2.4278276,20.296755,0.7009187403683961,-0.26543476862946125,9.556054,-2.3586354
1626075,0.08878208386006406,0.021787551690452753,1.4206742419409797,-2.3600502084008856,8089,186,-0.7214736962480587,-3.793692442684051,-46.080856,-26.932068,-0.6611152726908526,-0.84708376449157,-17.771824,-56.48405
1626516,-0.003305344577640895,0.16291862224619547,-3.8676621942972007,-1.6488825050572335,8092,24,-0.5851380794389671,-0.6403128329949124,-23.896082,-23.62073,3.2067031103251393,3.2776977940217105,-37.406013,1.2019718
1630574,-0.23015052520556245,-0.007170120394463752,2.886898891858162,0.5716754719749855,8112,62,-0.38787243820770556,-0.09662427925320144,3.5114186,20.92223,0.6436496092330298,0.5577287409117796,13.887467,-1.4584516
1630643,-0.2038291847106034,-0.11970976164522067,3.8464652414928744,-0.3476808956673823,8112,131,-0.3647725705143278,0.42524428818744864,-9.318626,-5.619643,0.033380656312073764,0.8839253087342684,-26.114494,22.202469
1632241,0.19272902659354346,0.12307266117935992,0.8767573989065218,-0.6169062443974936,8120,121,-3.0969213466262393,1.625577302496406,-25.329193,39.3296,0.29904514525488957,-1.3787180525367901,19.443674,-30.257921
1632681,-0.09817212489418274,0.11513090964473612,3.1655409229726286,-1.7773702772801525,8122,159,-0.23094769928163753,-0.31057261307612394,-19.890446,-26.009476,0.1900861263574604,1.8893536667693596,-43.160908,2.3729374
1633161,-0.228546190145439,0.04109902560538982,-3.064073081915814,-0.5108919863959056,8125,36,-0.9655114137045732,0.5214420169491214,-13.120999,-2.859661,-0.16865418013570618,0.9270954000219983,-20.422758,22.911339
1633225,0.05789498069923389,0.16386578948266084,-4.2909906044561215,-1.5220330539911062,8125,100,-0.9238652807107695,-0.5181064494412545,-31.004108,-18.746801,2.454871426673321,2.713253029601563,-21.801254,-37.78095
1633545,-0.04213625366442729,0.010550481345976997,1.5074415925156055,2.7776114249500647,8127,18,-0.048279210670015456,-0.7776908495657725,62.084984,3.6311133,-0.8320110866835947,0.980386165153948,42.02098,23.54299
1633749,-0.05855524675012627,0.17568273234814968,1.203074613985034,1.3788865016335028,8128,21,1.0367032474953202,0.2918405288352174,36.140636,36.446438,5.834993541445474,-1.9601049793096856,39.679714,1.2179892
1633872,-0.01018184869141149,0.14035355221648904,0.6989547262827799,1.8885180622545024,8128,144,0.8821336628077561,-1.0366580535762349,47.72561,21.811136,1.638742498403164,-2.233017611875208,36.633976,11.822099
1634057,-0.2089454677973357,0.06340921896765382,2.4189895141749367,0.8559270996575773,8129,128,0.11598321816828316,-0.14611852299787326,12.5046425,23.358067,0.3069341923949942,-0.6212226924473471,21.239735,-3.3786173
1634490,0.1400601911938481,0.06943233266692692,-0.4011975942603791,1.722850115218722,8131,159,1.5524529212364644,0.2158390444415843,40.22394,-7.7298727,-0.05594175676979312,1.5291048890018772,15.669613,27.406343
1635661,0.032451342950996664,0.03477334287416865,2.1912201416763013,-2.74258964661003,8137,124,-3.0082205391923607,-9.387727072218777,-42.23138,-36.452415,-1.8774291861495098,-1.6881715015954497,-29.59587,-51.673782
1635777,-0.23532361573719884,-0.026483209185145504,3.4169080316511424,-0.3264947591053474,8138,39,-1.005529936734733,0.6076268860947235,-10.97586,-2.474382,-0.19073550312477258,0.460518178601353,-22.15321,24.541517
1636603,-0.06227861846212338,0.21481755077220993,2.2240722158797617,-0.7421955686334236,8142,61,-3.3661175584479155,0.8555412870898099,-21.858568,23.9662,-4.360090241907122,-2.393655546198199,2.0651221,-17.142214
1637326,0.07119188466210742,0.061256394614173364,-0.45820011473187405,2.337448794857308,8145,181,0.8434912150590743,-0.6849831539306371,56.473934,-9.6266,-0.3826568676766638,-1.5948322310933247,24.626787,27.776281
1637436,-0.004074874591145071,0.23837790810216264,1.4728157188654547,0.23014624403955156,8146,90,0.045130033149182625,0.00621957445732841,-10.424953,53.039062,-1.4582708224233962,-0.6851190152449775,33.028057,-25.090055
1637495,0.12281710434175946,0.1668496484114298,0.40711706747913523,1.058274494606298,8146,149,1.7182069789859884,0.6661828627032396,31.342102,33.562447,4.5682834385910525,-0.47631887204668605,32.15484,-0.3158187
1638630,-0.13235719868424395,-0.19953277498064653,-2.2247846337882975,0.13659070720187635,8152,78,-0.045777856226734144,0.5240286964839939,2.2849793,1.8064269,-0.6455225230269693,0.10623148735632085,-17.67777,33.961185
1639958,-0.14235419777541022,-0.19270352588482462,-2.266093028247012,0.1181062584229487,8158,200,-0.10821657639127183,0.5132502077962405,2.0398703,1.6087341,-0.5234323691346099,0.17661963223318866,-17.697046,33.578087
1641723,-0.19983318479034307,0.0618625682947596,2.32908621894222,1.0245843131789956,8167,156,0.06289635630284268,-0.1063331429661666,20.207697,20.723186,0.007906695012254843,-0.30754801502624934,23.430231,-2.770697
1642192,0.06189544595028018,0.01672696070582004,1.5643033764513952,-2.6007256256333187,8170,22,-1.6259260713439831,-6.902165420429931,-46.43024,-30.22876,-1.9406829500895328,-0.6822055530862479,-22.547989,-54.266304
1642206,0.0255085301510474,0.026163065600303514,2.2160154911427026,-2.835901571248476,8170,36,-3.1031120939216654,-9.33267013851803,-42.48984,-37.207066,-2.121462756295113,-1.663443416161828,-30.102972,-52.062458
1643315,-0.14163224790325063,-0.06611607937965829,-3.5663858910814774,1.723084644047952,8175,140,-0.006082210223965878,-0.6337718660661763,33.614403,12.253317,0.12844193672226628,1.4184729170820212,51.671078,6.7944036
1643440,0.19423638956919656,-0.043835641068382086,-0.8142388379197558,1.1845508609099231,8176,64,1.4237370146732056,0.4345156290263469,32.56827,-4.52229,-0.6918403091224451,2.1809397183900505,5.1398544,26.044909
1644273,-0.19810899338894916,-0.026963447464877888,3.863037182893779,-1.1723432330168433,8180,93,0.04017729176803394,0.39649678405328254,-9.481954,-21.98289,-1.7491353088419443,3.421321516548828,-51.679005,8.506144
1644622,0.1428637125391235,0.1205235991528201,0.022734282762423223,1.356095838835736,8182,40,1.268324744283387,0.25427717970160174,35.678364,27.128254,1.26221790888692,0.9141413962259471,28.280354,7.894427
1645502,-0.020970854733402277,0.2389893446643432,1.686061513213387,-0.05548257905458451,8186,116,-2.9897460974021253,1.2057876418859566,-18.654877,48.950268,-2.5535246323607717,-2.775167665350988,14.3084545,-14.744657
1645865,-0.12590349992069708,-0.19898884738731648,3.9537571069074895,0.3890058915802642,8188,77,0.0048046489068010595,0.3690055503394531,4.131118,-1.0764204,-0.682376668441278,0.4308736487504877,-14.466909,33.89293
1646690,0.0844911018148079,-0.22424347509229228,-1.2657872633306535,0.11064752119181254,8192,98,0.7728835942858555,0.8674303240710005,2.1558363,8.515651,-0.6591591685151095,-0.45315337740125344,-19.338144,14.322088
1647721,-0.12050091723575172,-0.12286244173522626,-1.5752554286679636,-1.5424713364898839,8197,124,0.45116463433775156,0.04361164127849668,-8.828913,-33.230347,0.5301748193492813,0.167773681156492,-52.79984,-3.8829103
1647803,0.18618707547459462,-0.14452674347455746,-0.47046512752102027,-0.37924429870392845,8198,5,0.578155485143487,3.4366930104805693,-18.130642,15.369534,-2.6176333032818944,-1.4898735674338248,-15.372358,1.654896
1648405,-0.11097975486292261,-0.03497146047016479,-1.7716999898143952,-2.1292532171066534,8201,4,1.0465521804672449,-0.7012641918679376,-1.1204139,-44.158882,0.4287265535158293,-1.7741075686939967,-57.649593,-11.3903055
1648985,-0.13602951170618216,-0.18797178863078362,-1.9387816484637659,-0.5169008637978676,8203,182,0.17487632790315263,0.6498334270263043,-9.5755415,5.970819,-0.5228652828075581,0.5854764441746805,-27.315762,15.238284
1649929,-0.2357712654543962,0.022505776552805376,2.8840478789914514,0.32475429834278635,8208,121,-1.0445554847214091,0.18010159919716068,-0.78987545,20.785479,0.7063504353277487,0.08775101718567586,10.983127,-3.1621828
1650069,0.19218299144148587,0.12705024320981856,0.30007648106721535,0.5681107430451285,8209,60,1.8087762406103847,1.2822480777408842,17.948933,42.15849,0.9291870077229855,0.5644778126935579,1.1819649,8.283692
1650556,-0.2232975546167939,0.029875665796252622,-2.922630420663063,-0.7039308925188335,8211,145,-0.4151316291738371,0.21509781396439442,-10.50564,-8.411118,-0.5289964564922006,1.1129493688840317,-45.139256,16.331522
1650663,-0.21206178954196536,0.03951293784674708,3.4111539031796436,-0.9075525126378221,8212,51,-0.08587393292899673,0.041669514811944974,-12.7260685,-14.218717,-1.1466222847397796,1.1414877734265438,-45.93169,13.802277
1650668,-0.2211476988602146,-0.038994359626369365,3.6767872382555136,-0.7213228488430171,8212,56,-0.045722988561071674,0.1580664073863873,-10.297943,-11.069899,-0.693701285723513,1.3567838417492166,-46.59873,15.810758
1650733,-0.11672075844373468,-0.11037846615169312,4.736522161232584,-1.6749029865395517,8212,121,0.6137212808911533,0.042402674941148286,-11.164305,-35.494156,0.6486864452203108,-0.7563731321454643,-52.04195,-6.3663564
1651347,0.14740988383292275,0.10813995891208873,1.3376952716665451,-1.409545495652784,8215,132,-0.6797840503471151,-0.24261964753637857,-49.834255,0.44421303,0.39257268362167896,0.93733184370111,7.4615808,-44.099354
1651415,-0.14047171190429142,0.1944243608818606,2.1623861522042733,0.068156244430113,8215,200,-3.320159487511049,0.686007745770008,-2.9095662,26.153227,-1.3198726269174643,-2.8580359201019796,12.893756,-10.872396
1651763,-0.18121688843864361,-0.11288875751657103,3.2243763387848103,0.9486778186680332,8217,146,0.20936713594426204,-0.23485330892502834,16.717503,-9.556844,0.14448196311246145,-0.12619346621187888,14.145324,6.625013
1652023,0.0569842151034582,0.0782646863877837,2.097046711110145,-2.311170016577425,8219,4,-1.0916238464794288,-3.6168804322025214,-36.917618,-29.265715,-0.2913308073855928,-0.34576508767344627,-27.262835,-46.441284
1652508,0.0009430020375329404,-0.2127574201837615,-2.0474391535530465,0.9621501703133694,8221,87,1.2212488583866299,0.36769675488890285,9.309844,-13.982481,2.073122405283463,2.7888184056452947,-4.606183,41.52254
1653823,0.02526860083520921,0.028503820790590564,-4.026287233488813,-2.8228146154918052,8227,196,-2.930253917972759,-9.033941821877631,-42.11937,-37.180107,-2.0226028561622758,-1.581024505134922,-30.36617,-51.676914
1654350,-0.1509209927832269,-0.13014588753091694,-1.8389331302147895,-1.1820847107241632,8230,120,0.19971358881087886,0.4970255562426893,-6.016734,-25.630083,-0.537952646686255,2.4733281935261306,-53.669807,2.671015
1654412,-0.07658014052715775,0.09379028973650863,-2.985687152145934,-2.083956426993303,8230,182,-0.00038391561096938476,-0.4798319246920182,-14.638713,-53.186493,0.34140004634392257,-1.34381083271898,-37.076813,-37.948345
1654668,-0.021337475469798667,-0.23823858576451962,-1.5780520266050884,-0.16413887869381982,8232,36,0.2749591847005215,0.5869680694474383,-8.196131,7.202453,-0.8594395160117638,-0.6478951753343919,-24.241821,14.404015
1656102,-0.1488861169256625,0.09776248556153756,-2.988075185792985,-1.469073089647845,8239,63,-0.6050787444452868,-0.07964791748041077,-16.622704,-22.76801,-1.451696738431432,4.015643869099546,-44.839443,6.7739277
1656271,0.19028876647412507,0.04581035190387359,0.8534111207173709,-1.2343307930203604,8240,31,-1.2356404199518312,0.4894339219313927,-33.963844,28.253092,0.26557930092827176,0.5697107730385743,9.273449,-35.89018
1656855,-0.20044554597169,-0.08697432974312454,3.124491660538167,0.85298006804688,8243,12,0.06577374483925776,-0.2721972495721949,16.150503,-8.42527,0.2996938963779186,-0.27064567612831003,14.048445,5.398313
1656994,-0.14899380882987256,-0.042447077266412225,4.288237695970989,-1.7382123804565115,8243,151,0.6375414831464281,-0.1315642672797592,-8.405481,-34.82784,-0.03988199103828058,0.19180878734836665,-56.63015,-4.023252
1657907,0.11192345228016261,0.08381175705626859,1.5916153642298994,-1.8977255978416434,8248,59,-0.4420121852939258,-1.0084319226319018,-36.367794,-23.390568,0.36451338777464426,0.5941908449419392,-22.746702,-42.6799
1658016,0.1486251257214657,-0.06254790401390985,0.43571236784103534,-1.6681141618040807,8248,168,-0.20344756663969915,0.08020948423142148,-48.384335,6.9464273,2.9703536759123064,-1.2973237901781713,-1.1520152,-43.535763
1658119,0.04772596472915258,-0.23245734249069366,-1.5182706811044553,0.29994208112551013,8249,70,0.835655764115983,0.7354842323702353,5.5100193,6.6610017,-0.30409029513987507,0.5420415451809545,-18.478575,40.706295
1658201,-0.026991330322244655,-0.1618169554700572,-0.9178987479285836,-1.6363551187819196,8249,152,0.49309830591567716,0.26120049557389396,-39.54029,-0.85117924,0.45953039637130066,0.9490746402794779,-34.65005,-13.059403
1659481,-0.006613856647614439,0.23542284288948784,1.7924951871941346,-0.3872254530315609,8256,25,-8.98178662402853,3.031740114592701,-12.683573,28.126448,-5.375309776295788,-4.3857645193488874,10.288038,-18.820915
1660699,0.0893685061111498,-0.09376991229217627,0.19125019350712524,-2.001353905760441,8262,37,0.24045632116695004,-0.9789889535386822,-48.22568,-12.353227,4.76078348360382,-5.427098298379567,-5.609084,-46.66197
1662667,-0.07759340513247379,0.08332855276144874,3.3970594074396283,-2.1529783001101817,8271,196,0.07294594682080816,-0.539458924456245,-14.284348,-53.250084,0.281799980642362,-1.6739384495209382,-37.52316,-38.063625
1662979,-0.088363621267281,-0.08731749719364112,-1.3354134626241771,-2.0534712656254537,8273,106,0.9756011664284363,-0.36701231017578045,-14.794115,-39.517307,0.3148655557670629,-1.2018616013467198,-50.86982,-11.980617
1663031,0.14774189374107474,-0.11803522775137557,-0.01073037026554946,-1.326713903801163,8273,158,-0.2905271010533248,0.8034536296835583,-41.01355,7.9720473,-0.1589091823537305,3.5220069179199003,-2.4219425,-36.78487
1665310,-0.0030103312872970106,0.037988277844527046,3.061215538340976,-2.822681543897872,8285,25,-0.40084494745408283,-2.436096397601053,-10.928896,-59.102295,-0.9554552021894305,1.1416584643050585,-38.86793,-45.53861
1665665,0.1887540121861312,-0.03878487204162099,0.43598363197490414,-1.2772825795527818,8286,179,-0.8451896895210295,0.5167568795301116,-43.198597,10.568352,-0.14174970904688575,1.6997430292837732,0.9056731,-38.35277
1666775,-0.022827645725205306,0.08516534259554169,-3.2559017410052085,-2.389207850697364,8292,83,-0.10277185667084274,-1.9582169404086192,-14.521433,-57.791294,-0.3389188947920248,-1.1009339795535715,-37.113743,-41.53892
1667537,-0.20913803915405757,0.11754518380358275,2.6573188799164225,-0.05554137704526566,8296,41,-3.0496859989657383,0.6962365962799301,-6.2399673,23.201508,-0.28310696640605326,-2.5448737224090427,8.130716,-7.9781857
1667881,0.06161863294029874,-0.22923970709531705,-1.1602183518913654,-0.2959780228885494,8297,184,0.38727557552791275,2.2343051033301395,-11.880026,10.914456,-4.646361497158832,-2.08134767130689,-22.164486,9.05069
1667962,0.15189279063337408,-0.06581224218462822,0.4008032058804678,-1.6193337483199899,8298,64,-0.20676174337901487,0.17288515665757168,-47.707397,7.30709,2.469599222269483,-0.4607367565352248,-1.103369,-42.839752
1668432,0.07084251122046019,-0.008663189171966845,1.1471693191511954,-2.5377063075119373,8300,132,-0.2725104004728262,-3.3574255687442656,-47.257984,-26.739368,-0.020758575808704126,-1.663107901027898,-17.535795,-54.64901
1668763,-0.04891940136749939,-0.10190433608598636,-3.098740201172503,2.1607629395072365,8302,61,-0.006919518016704429,-1.42432039162829,34.93266,-27.390003,0.7440516889098281,-0.8672662703629781,39.192375,38.299164
1670548,0.002353577933182721,0.04329029078031523,2.905639031891817,-2.7783131457363752,8311,37,-0.6686193845257967,-3.0294657637126954,-11.282634,-59.75681,-0.9119814122028863,0.5739275352712752,-38.099823,-45.69872
1671200,-0.19349465341895777,0.12273890946477217,2.8782961883469795,-0.6039638128260197,8314,86,-1.355362895843798,0.3919687366376039,-15.665012,-1.6929034,-0.3834016059293669,0.4355217537225336,-2.203999,-11.71497
1671651,-0.12380444871851601,0.0022248919821469676,4.152320927190793,-2.0573947147945035,8316,135,0.8065284981285867,-0.6650683361521019,-2.528884,-44.201523,0.09680811741639364,-1.9956367079815247,-59.66977,-8.19419
1672119,-0.18106120511321078,-0.03732628048990213,-2.2467811093170047,-1.3830137180444797,8319,0,0.11507430477111857,0.14413170363988587,-7.7618494,-26.283676,-1.4689835166985103,3.7748732359826778,-55.604656,3.827883
1672500,-0.022449279425857484,-0.19524014596386458,-2.2966496131466845,1.2227462602403434,8320,180,1.2502313231964761,0.289927641273335,15.710876,-20.227203,1.6387522527754868,1.7298983125289369,0.79426366,38.973495
1672666,-0.13983789402761895,-0.0576207377848681,-3.6397447742690012,1.7780126729705827,8321,145,-0.058585606430928826,-0.6053891227737337,34.249866,11.86295,0.228432178270704,0.870934444037317,52.380936,7.3713284
1673153,0.1528410341099861,-0.11173481031890178,0.0305704170919019,-1.3236687913099532,8324,29,-0.3211886594108786,0.8803570554112722,-41.335186,8.1487255,-0.21952747053221616,3.4069836217015643,-2.1255925,-36.992294
1673241,0.01907853398114137,-0.06623516479928393,-0.010852264847715877,-2.5589866947846933,8324,117,0.9792574468451274,-0.6702279108014298,-57.504486,-20.116451,2.0406733780912125,-1.9926594190396516,-11.913051,-44.861145
1673255,0.005342902540923747,-0.05168474927730942,-0.1152198144494707,-2.7051351309413527,8324,131,1.10260525998433,-0.5512870883544579,-58.495987,-20.551855,1.0749856702780707,-0.3265378164073217,-13.090033,-44.49459
1675002,0.0003839558034296753,-0.13600884947988578,-2.5362675140784114,1.9365884010562049,8333,69,0.21822364377030828,-0.6926922595127013,30.087812,-30.590992,0.14362150203252647,-0.6111304934400442,27.915672,40.51771
1675888,0.005044533210485758,-0.18447655385133044,-0.8498426102591521,-1.387230821763864,8337,151,0.1561286952721872,0.28990526043868825,-34.656326,5.5778337,1.1501096210737596,2.3578231330596817,-31.268105,-10.461379
1676066,-0.18685909046248136,-0.04403253686011551,-2.2665083612781056,-1.2873210688390406,8338,128,0.08141857389643073,0.2572475685412509,-8.294033,-24.704683,-1.5091492925358079,3.769284165280816,-53.992413,5.2300377
1676238,-0.0842372985618258,0.21453962147483732,-4.055709847955427,-0.5650635533765599,8339,99,-6.040279726805609,1.6665531876896735,-17.8544,24.515726,-5.374119432095599,-3.700128003405512,4.383935,-15.839653
1677291,-0.024787769152480724,0.1926238242919006,2.326755292936477,-1.25595493194947,8344,147,-0.995271885803309,-0.32428837400386884,-26.857334,-14.209365,2.8678576529945987,3.5116783201282304,-4.9662557,-22.17138
1677503,-0.05445931492215672,0.010267211724997685,-1.9901532095895766,-2.675564350408377,8345,158,2.055761953999351,-1.1892717518908769,-3.805873,-53.986885,-1.4195294459663932,0.5930123894123502,-61.28404,-17.950396
1679112,0.1301593791465765,-0.18576154287922236,-0.6267095813190318,-0.6658092372231262,8353,159,0.6608083274200236,3.8210952720346807,-21.406563,14.044978,-3.626811116104325,-0.842453190878512,-18.538439,-0.008057401
1680218,-0.11249722814112201,-0.2058078612555247,-2.284602880140979,0.42713507165984815,8359,59,0.06876382312652388,0.31597081738084737,4.522028,-1.2400503,-0.6701805619657897,0.4973342543790396,-14.365759,34.228977
1680400,-0.21708130535482284,-0.08409293530427947,-3.0175755460647946,0.49112552046346936,8360,40,-0.21139464647524184,0.12104506618383377,9.621927,-5.309627,0.3888340588115171,0.3754785855386943,10.13764,1.6680682
1680566,-0.11878592039425231,0.05913380036540072,1.6947112177075883,1.96996148107381,8361,5,0.19534502365285294,-0.501332835375629,43.025204,14.677378,1.193836843512782,-2.6808799727795902,48.67893,18.564005
1680625,-0.0730212921864829,-0.012394274696965954,2.0526572586113616,2.514136119367509,8361,64,-0.7345978022505888,-1.1734214577844662,46.13059,7.8112097,-0.8869300216969348,-1.8668023473686977,48.460526,26.305676
1680649,-0.04170637464605246,-0.007062105161767029,1.915710163788488,2.7872411445469325,8361,88,-0.5140198391222707,-1.3112503236402142,47.451664,8.2137575,-1.5818488947977516,0.14549031871871365,49.748558,26.689173
1681426,-0.04015821139023927,-0.060851878442876775,2.866928609986712,2.5242669555805377,8365,61,-0.07479471819779698,-1.5979921800130952,47.175896,2.24121,-1.2018946420200607,0.3284362916323152,45.951233,35.15087
1684295,-0.09320512019665628,0.135331953398042,2.9905430503463983,-1.6332698725518064,8379,116,-0.4495702007002949,-0.3102127779637028,-20.521212,-24.309376,0.5945267635186718,3.230131412366447,-41.4981,3.27119
1685198,-0.11387522966310556,-0.20018479879664183,-2.3731649421543106,0.5703362060898636,8384,14,0.19687192210125914,0.2757343901579221,7.1919575,-5.816959,0.025049257040339924,0.7608134175273537,-11.607589,34.542675
1686556,-0.0026839904963863737,-0.11143502411030914,3.6005219774164323,2.1755719189197773,8390,166,-0.012954582648754383,-1.2433593484163452,35.079678,-31.780628,1.1198225113349285,-0.7114273562866155,30.78124,42.142296
1686913,0.12417270232084614,0.04353448738590786,-0.6533046818291811,1.9810212172982005,8392,121,1.3627169994187973,-0.364458087340715,43.218296,-13.087587,0.13655884664903636,-0.900101934780061,15.642986,54.51514
1687719,0.1936416961598712,0.12393990501749662,0.27833738342265646,0.5820191663957175,8396,123,1.9025883761272322,1.3126365125251842,17.864008,41.822323,0.8824320703622814,0.621200354400558,1.164808,8.59904
1688004,-0.10171595384310729,-0.08749721848894938,-3.4087611587279145,1.9551219925990464,8398,6,0.03281709871463523,-0.9821501346434385,34.12489,-24.10194,0.41567280958627106,-0.6722962442133823,39.791866,35.0617
1688724,0.1604124472968434,0.0332180366172829,1.023721840026989,-1.6390579657520077,8401,123,-0.3397039855993543,-0.8173703355615571,-53.682484,0.9647277,1.5431753371682897,-1.0043334301558906,7.269931,-47.846634
1688989,0.22317040504784869,0.02961855477942267,0.4858402758454382,-0.7077882962310523,8402,187,-1.5521130473664777,1.7995877263659756,-23.632694,37.736122,0.9437007406332532,0.07231101814671265,17.27651,-28.680447
1689132,0.03634966873950264,0.16609565348904354,2.1388499704946065,-1.5670093550549786,8403,129,-0.9148266309204612,-0.7283232315315095,-30.81545,-19.746828,3.1863021305812707,3.1913866312156007,-22.502163,-37.319298
1689243,-0.16142754872307183,0.1253238182687398,3.0333614694295403,-1.1038399575280928,8404,39,-0.5641345945577857,0.1796287041830046,-15.133362,-15.020287,-0.5077615497445953,1.9990023499930027,-42.51382,11.902188
1689528,-0.1817111382697611,-0.15289180037996308,-2.296955658830548,-0.2903135070924655,8405,123,-0.2540195285048022,0.44302957212308136,-8.5276165,-5.8798914,0.21047825070177986,0.6586201583024339,-26.545998,21.023512
1689668,0.0539417838293374,-0.18610656005421483,-1.9198162804034113,1.2622660906323167,8406,62,1.827231390834267,0.39142808824144565,13.44001,-19.492275,2.8078650135811305,2.764152240163366,-0.09969884,42.062397
1689728,0.07204715628019215,-0.09541128820783068,-1.973348230210198,2.098645995233225,8406,122,0.5151291214062407,-0.2600643083871483,26.910204,-29.157589,0.1495746963662597,-0.08396828778816613,16.184221,43.765476
1690285,-0.02986222867076882,-0.035062659053221416,-0.8985668197056448,-2.7553982690397754,8409,76,2.3437541659050325,-0.219753061276553,-21.67969,-46.41017,-1.4745301294544657,0.4541561262057479,-50.936066,-21.631784
1691223,0.10716340725572605,0.13586808382498508,0.1374348952731333,1.5310590622323634,8414,9,1.4741362458126412,-0.07388206791624848,37.234234,26.26851,1.4958506267609235,0.04104502309200395,29.025475,8.995931
1691371,0.0149707391711969,0.1617175698155639,0.6509668328196203,1.6550384523231674,8414,157,1.4251475964451086,-0.5836996328845758,41.026142,28.391672,3.501394257618786,-2.93261724691426,35.115204,8.441149
1692234,0.03044103605275034,0.22925845837691708,1.709324931238125,-0.5410736982019698,8419,15,-7.7461585264886015,2.548868565353475,-14.672411,27.636017,-5.432030974506036,-3.9725166955245266,9.265324,-20.140133
1692585,0.22737476435527681,0.06182990064525479,0.45659793910136126,-0.3821772087752637,8420,165,-0.44571173966719363,2.167996182921091,-12.716922,43.42278,2.302985838290732,-1.7261235343795405,23.22118,-22.80377
1692773,0.1046727379165935,0.2128856978140904,0.9616647511022745,0.30431587784800196,8421,152,-0.1856253605185129,0.3198691046689068,-7.0917673,51.321228,0.24285420397882415,-0.8778663611774384,31.914232,-20.87235
1692986,-0.040048109133544355,0.054906572421745244,3.4846750394834154,-2.5674026728927153,8422,164,0.15346973200462688,-1.0646671151221594,-10.312751,-57.03529,-0.4209986294182144,0.08446835681276957,-41.077026,-43.760464
1693728,0.12131852980940935,-0.19652533448023654,-0.7423318634184153,-0.5508174413882396,8426,102,0.762633116495856,4.061727461976249,-19.442476,13.384424,-5.108678589427601,-1.7253576795297105,-18.804302,1.7242864
1693779,-0.13559485917205905,-0.15089479026065705,-1.7391349694210663,-1.1274107507704696,8426,153,0.2560989087697569,0.6720918202885041,-5.608347,-24.874361,-0.6149195325082767,2.1678594355242167,-53.056046,2.2071242
1693955,0.17691916458089363,-0.1514557858256712,-0.9519723028733421,0.4879257665417616,8427,128,1.9197322494879747,1.8345867412713768,9.259361,10.089294,-0.4673976202629203,1.8923975748482345,-4.3175416,22.062634
1694690,0.21082062075515345,-0.1146826116053962,-0.5048836067210827,0.01334504130935379,8431,59,0.7855868165868751,1.5448251250059062,4.102833,41.29675,-2.5412924937020236,-1.8777410578687725,-11.417565,7.103811
1694893,-0.07749802081541966,0.17971953077432343,1.360693561332575,1.2344540201625451,8432,61,0.8190747921079768,-0.03134656152076171,33.249683,38.673717,4.833102965751966,-0.5913333375178993,40.998844,-1.3660825
1694909,-0.1311725197415381,0.16932858916957932,1.7618871686569988,0.9360167588936176,8432,77,0.031823915630289926,-0.19001682888699714,20.903446,23.663858,0.3408547040932965,0.6501451760271968,45.758762,-6.7922015
1696937,-0.18997343512600462,0.002154611451823857,2.4728895021226722,1.3147239834524678,8442,95,0.2287571974938846,-0.3274653980500767,24.640528,19.6517,-0.23759354558768223,2.333526524128552,50.4974,0.824567
1697486,0.0042979470086702415,0.04443528669228413,0.09067701584031598,2.767391047696815,8445,41,0.3633462510299126,-1.7607209809205537,60.697105,-3.7985394,-1.3244062682843654,0.24327811543962813,31.407045,24.751383
1697754,-0.18451500366884188,-0.1092385964000106,-3.0728922875243296,0.9316778935824803,8446,108,0.1788823169796603,-0.2500972300769969,16.58994,-9.357148,0.17014417674644855,-0.18166217774263116,14.132911,6.4020357
1698325,-0.12114114915171463,0.17677097448586007,2.638630975030164,-0.9340854695788865,8449,76,-0.8314402862738406,-0.023516844768794485,-18.413368,-4.0725274,-0.05231772597747784,1.0164845922267607,-3.0792816,-14.867075
1698616,-0.21811859657075172,-0.021007042466325954,3.6577445102939063,-0.8402756097963924,8450,166,-0.03251519736220978,0.12005966509025809,-10.632693,-13.548112,-1.0179189951414263,1.4349144178989723,-47.25342,14.324052
1699102,0.1124188167110767,-0.054503778673877026,-1.4747251223525726,2.0465773977484174,8453,49,0.7953472001467126,-0.32291970518701624,41.950226,-18.181538,0.9845355250183545,-0.03277348707325921,15.843649,48.93687
1699112,0.08560984095683023,-0.06878318768786765,-1.7723672821687058,2.1910529918006154,8453,59,0.4469464242828926,-0.42052311543938553,27.563633,-28.132406,0.4540624867838145,-0.370245562706878,16.684637,45.54603
1699601,0.006326194842926076,0.22173223035720735,1.150570231527009,0.7834060935301234,8455,146,0.6876085514494775,0.1431666527154883,23.838947,44.956013,3.030412072473646,0.84315492371075,38.19666,-8.062546
1702385,0.07072479122757719,0.0671950159486936,-0.3923839368910787,2.30438946379205,8469,116,0.8596448494073626,-0.6899869821205163,56.22243,-9.4002,-0.24805684922117693,-1.632262551073011,24.380297,27.351236
1702431,0.07959323610748809,-0.21381236160760683,-1.5300324436501826,0.6312003198475938,8469,162,0.9052978799371756,1.102494013041603,15.259419,2.9255545,-0.7226693230437712,2.3415007230798133,-12.425742,43.544956
1702763,0.21825036769702227,-0.0167893344235705,0.34573252895995493,-0.8450165346708753,8471,92,-1.1959254264738686,1.4990990616938225,-22.813112,36.433918,0.5026636675738023,0.9543228615688265,15.707131,-28.726652
1702819,0.024609168071345958,-0.21901182828028115,-1.0518493858340838,-0.8141034524425541,8471,148,0.8664205229021849,3.0757911390376664,-23.549492,9.73823,-4.410996045387829,-0.9940448157607543,-24.9065,-0.01422853
1703144,0.04811440708313803,-0.186053476475873,-1.9600261076324896,1.284581935412452,8473,71,1.718341497096739,0.36125270463051484,13.785354,-19.847494,2.8018325997333946,2.580321468683322,0.3716891,41.7466
1704396,0.07499079672088324,-0.10954774975688811,0.014136763112267709,-1.969304807618032,8479,117,0.3363923026986685,-0.46802926406769535,-47.72491,-11.007204,3.638843031891278,-3.7510784010347487,-5.723717,-45.409058
1704864,0.015103700016469115,-0.047507878959462894,-2.6245419387800224,2.7231210669628196,8481,183,0.125278072484449,-1.0223015713026165,42.82027,-32.332104,-0.179904393865496,-0.6583652571721178,33.836926,46.512253
1707203,0.004563928244368895,0.2197209031255835,1.9635747056041437,-0.8270937436197074,8493,110,-3.221954560410342,0.4939425151026714,-22.855267,24.73251,-4.455153885551629,-2.359502347033291,2.853014,-19.846388
1707716,0.20499510043156588,0.09161258726475831,0.059323389962790476,0.7219014220483397,8496,20,2.40214447777051,1.6846482321196397,18.51619,38.64,-0.07731576323552392,0.9355735533622118,1.3556836,11.646601
1708190,0.05021265637262723,0.15722356629525153,0.44917899883739837,1.6249700203218815,8498,92,1.4752906213257333,-0.39708098560307176,39.444233,27.496525,2.7056785581278833,-2.0332929473455077,32.528587,8.350882
1710047,0.07067539251180364,0.10763876023678652,1.9942710143424403,-2.0089484636164148,8507,140,-0.5247731455635636,-0.9777295206409116,-34.9325,-24.916248,0.6263552456618362,0.6582615040749658,-25.523193,-42.333355
1710178,-0.10356931703879829,-0.004585386546893194,-1.9732182001942236,-2.248259493539161,8508,70,1.3572243858274193,-1.0380534022997059,-1.4235997,-46.607075,-0.037842196208590306,-1.9720233381522068,-60.120243,-11.645999
1710725,0.044523114719327975,-0.20018068783819687,-1.898215234652371,1.0925424095842682,8511,14,1.634927428835638,0.4631981992093846,10.929636,-15.618168,2.532103217025805,3.188172714246906,-2.593223,42.72952
1710860,0.02931315940789808,-0.20793519654309006,-1.9361828151181184,1.0108723558116013,8511,149,1.3915969294102253,0.44545206798130527,10.027159,-14.419063,2.1649147480013333,3.104835953349864,-4.1642275,42.47716
1711261,-0.12791547257222483,0.16345065623171542,2.760864623877039,-1.0520627259352242,8513,148,-0.8106335633296818,-0.121511621115494,-15.903488,-13.450712,0.7017108436380762,2.00933066359058,-5.7412486,-17.73237
1711707,0.1762192534636062,-0.12716138198884408,-1.0634287214902924,0.8766937464063158,8515,192,1.1834248805129157,0.9888441496614852,17.915213,4.3946514,-0.7321843839215723,2.0882566206406485,0.2452259,25.295404
1712269,-0.17855175343321347,-0.06206500710193071,-2.143212097898231,-1.3276866642590335,8518,151,0.1645899298873307,0.16249467015881244,-7.4723988,-26.215914,-1.1370957067471157,3.430089440850132,-55.20039,3.7154822
1713931,-0.18809190708304732,0.14226451914861837,2.3074451386143306,0.37318140370920927,8527,4,-0.909993153347913,0.05278885966585495,3.7586024,25.812315,0.3882266143944369,-0.30828435970950385,16.648865,-7.1439476
1714122,0.19141426533688297,0.14290905933735415,0.5445604980695153,0.1935165380611992,8527,195,0.04809122347349306,0.608070494089457,-5.987793,48.591873,1.6989878320021017,-1.7446968998982142,28.279064,-18.199001
1716219,0.11500983104138375,0.18949840773183904,0.6319258390439343,0.7867607499513163,8538,81,1.605598828960915,0.7456658882323741,24.295544,42.074986,4.344056187285762,0.06043030067228946,33.97047,-5.017665
1716436,0.030029322797057972,-0.033403096857914615,0.5439974676752248,-2.7650649364353552,8539,97,0.15488325493872354,-0.9294282258406227,-56.226933,-21.898941,1.7560278994408565,-1.484916056500448,-13.18502,-49.191624
1716522,0.04849848188848729,-0.03695003811596029,0.6628759731498788,-2.627874438993597,8539,183,0.07291262335839285,-1.391094037299777,-54.653786,-22.022825,2.411421924849034,-2.801044917055418,-12.804027,-50.26645
1718035,-0.1838535940622803,0.059853614823824404,2.192803221456474,1.2681195545456405,8547,88,0.12553490385167773,-0.13163358368161304,24.626123,20.87387,-0.10133816494196517,1.889826128965257,49.806133,-2.2288427
1718306,0.0947266975750209,-0.023790092752051586,-5.377558956989859,-2.3033638712929467,8548,158,0.008756289993730983,-2.219180639860158,-46.781136,-21.33765,2.803273017990612,-5.019274200783082,-12.39823,-54.807358
1718859,-0.0767439388497807,-0.07343894870238138,-1.2658834024041619,-2.2246279453297486,8551,108,1.1254343965890377,-0.6818268510207052,-17.243736,-41.150726,0.03426955917865439,-0.5687620312800511,-50.57268,-14.140296
1719258,0.08216645133980972,0.06110316283466576,-0.49058591901145987,2.260022525052868,8553,105,0.9403143857527277,-0.5389413389189437,55.597702,-9.950002,-0.29667761090168654,-1.9057351479158018,23.77033,27.936329
1719294,0.000613204958646002,0.058465548241327575,0.2356084843446279,2.6493998284027827,8553,141,0.4352223915366673,-1.5039943711066435,60.369965,-3.1095643,-1.3072305657946117,0.16550811525248865,32.2341,23.63172
1719414,0.04270943461219019,-0.2345528114219475,-1.505869231652563,0.23037665692959833,8554,60,0.7461347967961015,0.6393987973346862,4.773689,6.726663,-0.22617404493497728,0.2109119442636031,-19.169775,40.416237
1720135,0.07500557707837462,0.11367173227107939,1.9549242101255158,-1.9347840245529138,8557,178,-0.5197682122719407,-0.9713907306116277,-34.54795,-24.372972,0.8446075011465721,0.9403781024597958,-25.022602,-41.67814
1720604,-0.22790055395971393,-0.07080824124275771,-2.734123073024984,-0.2124545067533406,8560,44,-0.859583974567612,0.5508991679789226,-8.788359,-2.1217566,-0.1370915244329323,0.1841327199761769,-23.479473,25.369312
1720832,-0.0328636464373777,0.0014542735238004395,-1.752517927819758,-2.866595228824408,8561,71,2.519253896418238,-1.4239861504810591,-3.5006983,-56.356453,-2.8123112769314313,1.5298158619363604,-59.713066,-19.94594
1721306,-0.16644476802755853,0.03192422096725617,3.7388280155841924,-1.5734693616407949,8563,143,-0.10568856404966365,-0.07103199930895965,-4.28873,-29.004234,-1.7040774109396335,3.8182158108480833,-60.169407,-1.1429495
1722590,0.20027806042386392,0.10400562249809416,0.13170411047841027,0.6945376725831983,8570,20,2.3285828166905653,1.5692009082444465,18.194952,39.523563,0.31000302480418623,0.8409147719194812,1.3908955,10.803002
1723039,0.10314565917800034,-0.016927651854400802,0.9575133723602572,-2.2403547984862207,8572,67,-0.06804756902809742,-2.031648990833667,-46.396946,-21.899502,2.5455294204809245,-4.853018634323013,-12.821857,-55.49517
1724116,-0.12525580021204386,-0.07849820670781146,4.608658966364414,-1.8144863707150365,8577,139,0.8360848467087482,-0.013290302260001347,-11.683747,-36.84189,0.6965723128362078,-1.2400353621705187,-52.891663,-7.465111
1724254,-0.04572467106498013,0.15319594142740708,1.0190785257463841,1.683544008364908,8578,76,1.1314949159673526,-0.2907997099583636,41.72659,30.062994,3.997282705719061,-3.2612613744790897,37.943886,7.266718
1724277,-0.04042474191713194,0.1204532184868716,0.881685396173697,2.0258097694593635,8578,99,0.6310555697254764,-0.9088077726987901,48.806408,19.989761,0.5982231410374841,-1.703969914359699,37.66562,13.761932
1724379,-0.1443404624518008,0.18394935513002392,2.0086865386600277,0.4548722434113479,8579,0,-0.2872493246397418,-0.1305556171596887,7.749372,26.049103,-0.09232584858393718,-0.02487372571476512,19.14976,-7.7412868
1725947,-0.10875074646752758,0.1388041496155635,-3.3022591511908614,-1.4910828781379162,8586,161,-0.596162789881651,-0.27697097839352536,-20.164877,-22.268776,0.4779546681354787,3.9075234217272374,-40.98718,5.2029552
1726110,-0.006251466524895899,-0.23958077798885888,-1.5438307840039276,-0.10610595836426631,8587,123,0.30775057561520713,0.44259896460425596,-7.573412,6.9569807,-0.8207735707532849,-0.6564009051357669,-23.880232,14.609077
1726199,-0.0725956971140716,-0.20818702361861705,-1.5002248412833274,-0.8121829675972287,8588,11,0.7332704054782978,1.8458157561532114,-20.924786,7.9053884,-2.8911891334503017,-0.06585608267576619,-26.912949,3.6644936
1727223,-0.05144239207174545,0.21932329246972193,-4.129894706067307,-0.7042166281078375,8593,30,-4.371616306894105,1.0765739677862602,-21.017157,24.30348,-4.98555563396354,-2.9421979748663727,2.7854273,-17.350796
1727389,0.1687913876497258,0.10251225306212121,-5.132992901837373,-1.208799693451434,8593,196,-1.1241165092263055,0.5394073290400647,-32.449047,27.502668,-0.17028367007749756,0.5737983972574711,7.523725,-32.676346
1727739,0.11121856253782991,-0.21060826720616121,-0.9613991425250612,-0.24707340785327508,8595,144,0.5647402109496741,2.372645811888283,-11.8038645,11.942407,-4.860041058695844,-2.279090359803637,-20.345984,9.03733
1727866,-0.0898317511413619,0.02580584050990367,1.6910805440236567,2.341552085530796,8596,70,-0.10124251951865715,-0.809305610201957,45.689045,11.921381,0.4508115620857356,-2.6179387621061068,47.163605,22.228258
1728031,0.0650319414218864,-0.09119123505171835,0.1339501037458191,-2.1705145666806955,8597,34,0.4609438788592509,-1.172205969286363,-47.45982,-13.789965,4.466395492704701,-6.009309306290821,-7.242589,-46.968895
1728148,-0.012831753724035416,-0.19896241703504602,-1.0448261793780125,-1.1807486136588956,8597,151,0.35672369607480986,1.0155770592518303,-29.535954,7.3965907,-0.18255463511411618,1.5795442595670592,-28.452497,-5.1812053
1730723,-0.07082832655065249,0.12021286671467665,1.152835997156635,1.9007880913466957,8610,113,0.5596199901849032,-0.5989528115652585,46.721355,21.25987,1.6566177087064862,-2.7417050428263505,38.64995,11.339558
1730975,0.06570503244067341,0.2055770199223038,0.8087177681073344,0.9054539026685405,8611,164,1.513848871872031,0.354804511567656,26.018696,41.96789,5.55863262298149,0.03680117651587056,35.820095,-5.08749
1731190,0.028752356192705525,-0.11128765740104456,3.893853852203343,2.1427341342482262,8612,178,0.21782858338640265,-0.732233361035316,30.511911,-31.744131,0.4999478692851848,-0.3051102353573942,28.372143,41.98793
1731547,0.05772862820057895,-0.10508918406271452,-0.02079558526225023,-2.0953443372098803,8614,133,0.46651543877471,-0.8080282996927531,-47.392788,-11.915354,3.406175086497709,-4.297930721014004,-6.812447,-45.54911
1732429,-0.21431574265891182,0.052672354522561096,2.496752477239062,0.8076934948327121,8619,10,0.12379775924339437,-0.08191546237658788,11.060548,23.42865,0.4318371710406009,-0.45260552873513565,20.426556,-3.3083465
1732492,-0.10833997185810693,0.1210016273900777,1.4735617014746007,1.6549601222015113,8619,73,0.35219842397517287,-0.13478550696424574,40.872818,16.555904,2.681407661511707,-1.4964560056207936,41.665943,3.7499647
1732572,-0.051774017630695716,-0.1554134208272495,3.5712560511842484,1.6391175118295012,8619,153,0.3510708392071988,-0.25255969314503024,21.57088,-18.300095,-0.5580176393826956,0.0680506476102569,17.713627,15.12014
1733125,0.04828137845712361,-0.2297891770190229,-1.155286559544243,-0.416821321459789,8622,103,0.6300307410765629,2.904767844016266,-13.7715225,10.873789,-5.481602832341921,-2.2312368459332332,-22.705845,7.3536377
1733488,-0.10083280681266123,0.13633642996537534,1.4214189282194938,1.572363095997601,8624,64,0.5710350165953767,0.09331782750103586,39.391323,34.529736,3.513069798802655,-1.5082850216856665,41.32529,3.255005
1734111,-0.05575371584801473,-0.1631728418497993,3.6139582407046307,1.5383651854939495,8627,84,0.41237243224335796,-0.1902278432882016,20.631575,-18.178825,-0.6710044165671499,0.30864913967103214,16.998444,14.677314
1734122,-0.019892164977603613,-0.16754113555578548,3.803010591833515,1.5824031731388448,8627,95,0.5788780049597668,-0.11922467213641465,20.70793,-19.449306,-0.3546222406874989,0.0785767872455084,16.463219,16.003477
1735118,0.024663764656420534,-0.0899746081131308,-0.13169928505211237,-2.343099836472785,8632,86,0.8114162518066157,-0.8120992994558489,-43.921165,-10.976713,2.207535644111584,-2.787133070237935,-9.5957575,-44.334602
1735885,0.16432034533769618,0.1391450778670319,0.24514070203209212,0.9149754655130676,8636,49,1.9847861029476443,0.9663056929894721,22.903255,37.110157,2.4042929744557564,0.20417805545365397,4.522994,13.018565
1736762,0.12560634402006518,-0.10624964399558068,-1.5176270264928398,1.6310431653738668,8640,122,1.8502811443637543,0.3626512411665581,30.720135,-13.813298,1.3960541478818491,3.5028911376839735,1.893258,52.85039
1738740,-0.20682130744539146,-0.1180482975659049,-2.4983458271143104,-0.24918806527779183,8650,90,-0.5518836874106758,0.4040508184300353,-8.858725,-3.8670166,0.023181765310902068,0.6093370359483394,-25.503492,24.041107
1738935,-0.18024376629771777,0.05727198174049223,-2.786035500346148,-1.3264307432660323,8651,84,-0.22777365252674922,0.3522617187765694,-12.923319,-22.268988,-2.2403326996796435,3.676047590374659,-47.65221,7.856221
1740981,0.16108674755935126,-0.06266946202894111,-1.1377302984251265,1.5334125604309807,8661,120,2.161154974522671,0.5120914052388926,32.741898,-10.922318,-0.20286574142124492,4.688897498581897,5.6159196,51.04787
1741094,-0.06008351131209844,0.2241469699224832,2.090635178877035,-0.515883198304314,8662,32,-8.03461214943704,2.2619634553318204,-15.71332,25.029436,-6.086608139095152,-4.380882423495368,5.6016197,-16.192272
1742620,-0.1138026954264311,-0.00541663146526726,-2.0178753886376906,-2.1523129401021146,8669,151,1.1162742715822276,-0.8107596967212886,-1.5886734,-45.568233,0.1510108361140379,-2.137366840895444,-59.888466,-10.415872
1743668,0.09564187532728949,0.1529812011917717,1.7321602940055727,-1.440195647037994,8674,194,-0.8182881778794873,-0.38758015036624444,-30.512785,-12.359389,1.0464856810384173,1.9849495592262256,-0.2901563,-26.89947
1743880,-0.10796507602515501,-0.1208677044351171,-3.1293271991646403,1.6589151965057427,8676,4,0.2392281075573551,-0.2935230578188819,28.411327,13.835622,0.02903445227166644,0.8265739566325402,20.830694,14.641273
1744092,-0.05918397491802241,-0.17050161876857323,-2.6245965973217333,1.4393926324938182,8677,15,0.5473769434292127,-0.09852360024340383,19.878248,-18.16865,-0.5252282039512207,0.5959877103177248,16.366346,14.475077
1744181,0.039383322896797676,-0.11368229738745159,-2.283003699916823,2.0914022436380573,8677,104,0.2621306437709689,-0.551907431364378,29.194054,-30.894678,0.1933136516036565,-0.26710132338563447,27.174295,41.785862
1745893,0.13848726234086323,-0.1916622715802095,-1.1170670219772405,0.34395380802782705,8686,7,1.508973230266551,1.4120966311994692,7.816598,9.6922245,-0.24143634435523867,0.9868076684518862,-6.2000203,22.186842
1746452,0.0343069957958298,-0.20897664362874468,-1.8979565150765612,0.979750873270978,8688,164,1.333380407427052,0.4795857506634,9.929244,-13.866791,1.9338872588722804,3.1404137969347765,-4.734984,42.684258
1747012,0.08978055725323902,-0.22234455941300918,-1.1448612211531735,-0.08433115800628854,8691,121,0.46843964850680136,1.2291125975067412,-9.1430235,10.691366,-2.7290293298746606,-1.5680513463695687,-20.244204,11.445959
1748185,-0.028822637107496954,0.023579683619646574,3.870918787958426,-2.8300084532503695,8697,88,0.8456487952910876,-0.6929098781885129,-7.145281,-56.613358,-0.6168035927969009,1.7843221908240616,-63.56402,-18.368004
1748787,0.1149319160963985,-0.05166790349154443,0.5955430061634953,-2.036049070431026,8700,87,0.15914136896464554,-1.2334423579670708,-49.744106,-15.713736,5.127215017960553,-6.801809512103566,-7.1470675,-51.49533
1748877,0.027765181788744264,0.11672174976122104,2.3845619689518416,-2.0946007079429876,8700,177,-0.5565140103650252,-1.5543079981407932,-34.511097,-27.887573,0.12713810055302824,-0.14592380648648773,-29.863363,-41.04107
1749005,0.0040995181955611895,-0.23944934059644035,-1.6192361154036679,0.13111744742487175,8701,104,0.5688110208002161,0.39927065616895097,3.6425853,6.179074,-0.26331388266222544,-0.1556529029878172,-19.85402,39.539814
1749051,0.21022258949416534,0.004409843092178262,-0.4820679264404923,1.0060837372129543,8701,150,1.2096659731063168,0.6093335325543985,21.070179,6.1299596,-0.23687699242843585,0.8582889265829444,3.108232,22.565342
1749233,0.04761065002937859,0.15115443030055997,-4.167972179614765,-1.6991191931957055,8702,131,-0.7394511078085093,-1.1442130867321323,-32.00566,-21.88942,2.4901334169079035,2.3410937299893515,-23.687653,-38.390903
1749675,0.14290973808028265,-0.19264229160811305,5.384440647867692,-0.06758702312087711,8704,171,0.5849965320502337,1.5238107852806528,-9.446105,12.058181,-3.404508953656902,-1.826498517907404,-18.83306,10.296567
1749993,-0.12400949146289447,-0.04639602969820521,-1.7971696098224825,-1.9728255884971737,8706,87,0.8972694259262232,-0.33352820233820385,-11.772249,-39.550137,0.6241877223980473,-1.6865799740187533,-55.35036,-9.18934
1752090,-0.10549144342567958,-0.1935132946951892,-1.6629439571363953,-0.8139101382687604,8716,174,0.48414297508029747,1.3212456961355012,-19.913784,7.282623,-1.9332393102869585,0.7009448937599855,-27.498018,4.540536
1752488,0.02437518611306068,-0.09647446586730252,3.8165857713153195,2.2865666391496435,8718,170,0.09773882902468659,-0.9509906510305888,36.32741,-32.58588,0.8956746994287054,-0.2948765725804394,30.64797,43.074097
1752910,0.1674291838578852,0.1112184932571536,1.1644266055672783,-1.156167573824865,8720,190,-1.3121390762129508,0.6831126007198143,-32.104298,28.00715,-0.2258312412716325,0.4634748008885937,7.7006884,-32.373188
1753104,0.12305517856253825,-0.20490401972446307,-1.120596963299889,0.1812493995041805,8721,183,1.1402189921590256,1.1143236903484508,2.752744,8.761524,-0.7170872418521533,-0.11815159872040011,-18.831463,14.206795
1753539,-0.23527114502325708,-0.04737377625552016,-2.9503609669385584,0.014939002144063834,8724,15,-1.10092649141571,0.3689278673719613,0.3856831,-0.8355837,0.23393935614495373,-0.8018266833915512,-16.886953,29.443796
1754071,0.03807029059232614,-0.12005188895092948,-0.24535525973566327,-2.0367141124492973,8726,145,0.4626858575207171,-0.3058446030102922,-44.078503,-7.420351,1.6805711599472761,-2.31034992395502,-38.361732,-19.9187
1754509,-0.06871589562837802,0.08622367356368878,-2.9460344752549243,-2.186953041441604,8728,181,0.0510064148235814,-0.7567735780870858,-14.428761,-53.753456,0.2250597581835511,-1.7598887533071426,-37.389294,-38.43203
1756495,0.09514312946940864,-0.08824273308932759,0.2517532480156063,-1.999082820454477,8738,157,0.16842820737618716,-1.0429683059318409,-48.463543,-12.546638,4.9848170310314766,-5.718002945793979,-5.410153,-46.99065
1756884,0.11771992203910826,0.04333013758991429,1.3735033306916484,-2.0416296992866263,8740,144,-0.3815795702942466,-1.153921211173998,-39.0617,-24.358522,0.3609846180164305,-0.9047172482265675,-14.886995,-58.04533
1757461,-0.16650725687688372,0.1573684256120285,-3.5963247842956654,-0.6049128437045439,8743,118,-1.9203486502526832,0.6145248791903677,-16.825674,-0.8040426,-1.3241487577463316,-0.5285097488799242,-0.94595325,-12.572937
1758142,0.16967468765364901,-0.16557291425115145,-0.6168421661307812,-0.31264310214624347,8746,196,0.6392222150289197,3.12761354672772,-16.226206,14.683388,-3.9690891225849714,-2.1107693203496964,-15.29316,3.7164485
1759196,-0.13020980940989602,0.0013845854955776699,-2.154924843184814,-1.9946018114263726,8752,44,0.738588871451168,-0.5630504885427309,-3.567307,-43.106007,0.04873197580990753,-1.645925640274456,-59.49979,-7.3869224
1760811,0.13578133487703525,-0.028337059572801,0.7488451272605628,-1.9091766818409934,8760,51,-0.03138068879219743,-0.6757099455952856,-55.529835,-2.6248133,3.920312783407214,-4.895625202718956,4.231857,-49.91481
1760904,0.18292586112533,0.03972215693198981,0.8900330164082201,-1.3524075426850117,8760,144,-0.8957977286734853,0.13863441279306069,-35.369995,26.634573,0.7971513800130026,0.4267019597443814,8.254486,-37.645103
1761238,-0.05709753900865766,0.05763471597459543,-2.705706634467857,-2.4519323061708502,8762,76,0.2565568504888597,-0.957515531005476,-10.25814,-56.00078,-0.1778340756599803,-0.91902232406395,-41.6457,-43.127872
1761651,0.1678235133054789,-0.14387184149447135,-0.30867384902040146,-0.8000636401047136,8764,87,-0.012497919835576729,2.830646648991509,-16.168941,36.572872,-0.5190208629357853,1.2013666790462931,-20.072039,-15.104626
1763243,0.1916273231761747,-0.1335406095394971,-0.840659171618851,0.46406496748684317,8772,71,1.9889237609850017,1.865651385032726,8.78736,11.1331005,-0.7406781754231437,1.7592261200091748,-4.282225,20.83139
1763625,-0.2053693192707755,-0.09139213298198755,-2.364927210450197,-0.715931937329708,8774,51,0.0818620830083135,0.44550479918303404,-10.0686865,-12.103076,-0.6181112863005507,1.569606229127618,-47.960636,15.6223755
1763868,0.005501360492568316,0.08802322331234397,0.31387917037560553,2.3889987516331628,8775,93,0.6212168844621622,-0.6976597826043008,57.429523,-2.9824078,-0.730745571600958,0.23343442534804387,32.004528,21.342163
1764130,-0.08854629443350934,0.061031778182515116,3.644274262557332,-2.2123316869425422,8776,154,0.24862274000866677,-0.5973372775659896,-5.1759734,-44.633167,0.2323083243955401,-2.027613216466668,-62.782997,-8.028331
1764307,0.16444037144934343,-0.04015879478043455,0.548417399042434,-1.5758878571053785,8777,130,-0.26068776131913046,0.15357162341958785,-48.109886,6.4540896,2.1719892785639274,-0.531122106788697,-0.145243,-43.417545
1765109,-0.020606731826581542,-0.21861814512089137,-2.0801984255156234,0.8308415152075191,8781,128,0.9134226186011467,0.3556245658322488,8.860753,-12.355991,1.309155339266465,2.309361674528021,-6.0772157,40.898724
1766664,-0.235827685041584,0.014731587035536498,-3.3801006165583827,0.3522428747386484,8789,75,-0.9606073533666619,0.11781182740465156,-0.46147278,20.680931,0.68925977896322,0.29214225590761533,11.295151,-2.8173082
1768099,0.025573282568095303,0.23460197221220186,1.2791988834579837,0.3660380871354892,8796,103,-0.2502470603434928,0.1460478483359704,-8.061186,52.97724,-0.9596804554403524,-0.09712217652473827,33.95664,-22.847754
1769081,0.11996393586957058,0.17944016645468167,1.4339769438146825,-0.9049658018719414,8801,80,-2.996037285830536,0.7965110217714286,-29.361135,29.059565,-2.452561300456385,-1.2761490198156997,8.305556,-28.107706
1769847,0.2273800531652605,0.060294940725819014,0.4587332905282175,-0.39905274232653465,8805,42,-0.49768425429686824,2.182451289706661,-12.864455,43.39918,2.274978452782753,-1.6362669211584224,23.118229,-22.937183
1771136,0.19111106774801556,-0.003353660313876322,0.6318999673424,-1.298892785921964,8811,125,-0.8910087349197535,0.2736263671269482,-35.081257,28.463764,0.36219416434766205,0.9850867324843271,10.206607,-36.974483
1771302,-0.041893637639551534,-0.20257927929135505,-1.2430114947571225,-1.0634227406343462,8812,90,0.7111265464198343,1.471917237077913,-27.290281,7.6632824,-1.4453854486827968,0.8826105215365165,-27.94663,-3.1849897
1771648,-0.14285490918373558,-0.16278508742397932,3.5466475472676278,0.890918197842323,8814,34,0.36687991242054835,-0.021010317991149007,13.865247,-8.479289,0.5943127604466243,0.4920320628568279,11.310148,5.757193
1771898,-0.004699996927086683,0.23288657656688583,1.3477168229904248,0.4865164988937332,8815,83,-0.4141241993622406,0.3219729213019723,-6.82613,52.93559,-0.6112474298638855,0.5591164817918499,34.777813,-21.972445
1772214,0.04201382125295133,-0.0014249035858961562,-1.4286319585627134,2.7894596757841623,8816,198,0.6130548348893787,-0.7269155039987713,48.773685,-26.132181,-1.3508493974828246,1.2442443715492015,25.235525,52.128014
1772478,0.18769660717910414,-0.13182310761128493,-0.9111208172763978,0.5976788159885283,8818,60,1.8783683132051314,1.8368081728615846,10.235588,9.882373,-0.5016487897658102,2.093430905849978,-3.3450255,22.17499
1773615,0.23836399979812023,-0.015975039133125212,-0.16275452293177214,0.1916701650794512,8823,192,0.9467365073004764,1.1676486862272026,6.136289,42.318687,-1.3210430321832018,-0.9502468415668631,-8.415209,7.169801
1773785,-0.19518983562815842,0.13840635168477944,-3.680964550401284,-0.15485192912014656,8824,161,-3.7096860340822615,0.8995920255736402,-7.604484,23.478838,-0.9582258969590062,-2.853132317285875,7.5278764,-8.853728
1774181,-0.03307379400537121,-0.055710951686905236,-0.8090948841948732,-2.594903698242578,8826,155,1.9152383152818286,-0.23965027111930978,-21.872734,-44.754066,-0.2771852751192202,0.42076324009818444,-49.58828,-20.83581
1774336,-0.12414582490208893,0.16479235455267577,1.6802716518040155,1.0723288414056262,8827,109,0.40031976237080014,-0.15240213128311925,22.222387,24.086077,1.4207002947056278,0.7213110511819593,45.512993,-5.5328827
1774393,0.047311658717851736,0.21533196098170504,0.9482894712833614,0.8124568465624618,8827,166,1.152496339104263,0.24005701697645437,24.421465,43.798504,4.405859364131325,0.4395073201822232,37.0652,-7.2723784
1774767,0.06604980074641494,0.2284438850268118,1.4248242497422912,-0.27096384646125915,8829,138,-4.473317605517662,2.1945455454191514,-20.180971,47.087124,-2.291903320760807,-2.743377406536562,27.28217,-28.513193
1775006,-0.18931261835675717,-0.1288400901158768,-2.848020976279361,0.6079864177373715,8830,176,0.05684227718321924,0.14344694261776517,10.130382,-6.3366814,0.275149041533458,0.3092973818570809,10.222016,3.362763
1775314,-0.10712107443338405,-0.09080720092342269,-1.4926748780562022,-1.8915137558107225,8832,82,0.8882209617800834,-0.10876718331097456,-13.255326,-37.854088,0.6438528068238977,-1.548405990118729,-51.700634,-9.539165
1780086,0.23739648491375528,-0.032166298901868305,-0.19483912377131593,0.12032640636498498,8856,30,0.7596334922617447,1.2819954318329856,5.1410027,42.24295,-1.1889233767460186,-1.5943648613707853,-9.150067,6.6684027
1780276,-0.04525446836842769,0.029816728989621497,1.2159854258793474,2.686046059008775,8857,19,-0.07116939730509378,-0.885183999410086,61.154655,2.9316776,-0.8749821365361343,0.9235228819628922,40.701733,22.757097
1780551,-0.03685139615772437,-0.005652292835210057,-1.5745765210549634,-2.8296430611345,8858,93,2.756291813234326,-1.2826465996630418,-2.577142,-56.877205,-3.43545047163786,1.372413877645884,-58.075596,-20.614723
1781179,-0.15955794072679919,-0.053023172080324206,-3.6153574298115756,1.5891934330647408,8861,118,-0.03344096721072964,-0.551846657575538,32.437485,14.649374,-0.07783091231586517,2.4186202394500644,51.63862,5.281114
1782679,0.21569960968580668,0.08874899906280065,0.628174071085423,-0.4756770802798863,8869,10,-1.323709460731313,1.9726512022294473,-17.464293,45.050274,1.6108851787325498,-1.4788353499367857,21.431215,-27.25633
1783941,0.20059297352929928,0.0763529066415351,-0.10022035916536925,0.927845999150711,8875,66,1.771092799364702,0.9436249982235566,21.097643,35.5434,0.09416712797621996,0.592969498812007,2.7249243,14.988594
1784151,-0.09334814433682277,0.04387192240746007,-2.4543751841627484,-2.2531267851692607,8876,75,0.6123694983388336,-0.8312946587466874,-4.2277637,-45.362785,0.11556181218617605,-2.267565661180175,-62.453823,-9.022708
1785269,-0.2385743660222246,0.02408135274763758,2.998826792023112,0.0843360584795368,8881,188,-1.502578824210808,0.38268650462347137,-4.8563166,21.307203,0.6353839754979136,-1.3628091966239277,7.7393804,-5.516023
1785482,0.07456620201448756,-0.15534819235985947,-0.35339212825350363,-1.5397781811871365,8882,200,0.14815648452221047,0.3633179827045712,-39.419296,4.962865,1.02965256118569,2.9210674008418533,-30.808733,-16.351206
1785763,0.03233601189061204,0.17965069774073555,0.6861090643705315,1.4132006578286762,8884,79,1.4907508553683906,0.09971208774674384,36.590374,32.96495,5.596152431615392,-2.661232425088146,35.317627,3.7209916
1786276,0.21593718148152113,-0.07997682621615151,-0.6403998415190542,0.5713876269819153,8886,190,2.265629237212128,2.1160737411641692,9.4883375,12.304434,-0.9683876152364024,1.794226183988283,-2.803214,19.318605
1786639,-0.19495491263478693,-0.12890254898447012,-2.3280547182325098,-0.45867070521700426,8888,151,-0.14458971322611971,0.4127636917771233,-9.194452,-7.5220637,-0.02415726128479275,1.1013928950415446,-27.29826,20.975952
1786862,-0.20514619644955462,-0.06620326399436123,3.908931146992679,-0.9103537031369114,8889,173,0.08624438954811081,0.39995968613194033,-9.920213,-16.572529,-1.0631305975148961,2.1395931723980715,-50.882717,11.608142
1787025,0.17371157358045203,-0.1563870687564271,-0.9619322671040765,0.4579376153565491,8890,135,1.8894430600368564,1.8015064561227265,8.789434,10.248012,-0.45379392082656805,1.7211919650266558,-4.7775574,21.843454
1787144,-0.11275557849320673,-0.07269481379959367,-1.5913168678991372,-1.9552546626961216,8891,53,0.940710923264183,-0.13114246780765984,-13.06502,-38.821976,0.7182830661239397,-1.6109415580710742,-52.627834,-9.784486
1788123,0.09986460109566458,0.13330780954255542,0.12411642788799815,1.6074743194546324,8896,27,1.4111625824291723,-0.2387949114608429,37.61285,25.738663,1.2064256125824007,-0.053106777928271245,28.95453,9.5946245
1788183,0.08455581545905848,-0.22401488636886124,-1.2780929372350625,0.13643790166981923,8896,87,0.8260032027193267,0.8884952135701814,2.584983,8.366906,-0.49415101295159003,-0.2855257393957686,-19.23476,14.574159
1788333,0.18754538160847173,-0.021212944101591386,-0.778431286588332,1.331603284106598,8897,36,1.6288288931428727,0.33972824872620233,33.6441,-6.031298,-0.7961123556326908,3.2485662706031473,7.419657,27.27841
1788350,0.11504325326148011,0.10553865929672195,-0.12021936128167343,1.7251108680926783,8897,53,1.343735019839781,-0.20947144322408545,40.280785,-6.0249696,0.34154866827182073,0.5086130671728245,15.672005,25.598934
1790702,0.10019061224377987,0.003362043288703223,1.1734323367554587,-2.279776906756954,8908,194,-0.26617657108720216,-2.5755814157186054,-46.02656,-24.186115,0.7030742504868883,-2.620006568398371,-15.074988,-56.222202
1791804,-0.2287535273345522,0.07260732160823191,2.834346618283881,-0.00020084527247787322,8914,90,-2.0769178696605484,0.570544241627726,-5.479804,22.015234,0.39765658211412913,-2.0138263293763234,7.6399755,-6.5821614
1793343,0.08382813617667804,0.04757636657715485,1.673729135461864,-2.3150287757963426,8922,21,-0.7998467688433187,-3.7900777139298243,-45.071583,-26.200907,-0.6939273005047143,-0.11952876153321536,-22.385263,-51.72174
1796350,0.013867795632148933,-0.05764342037614953,-0.013525601022385945,-2.642356728327366,8937,13,1.052369812295888,-0.5746948243546063,-57.92395,-20.631544,1.6238096424997577,-1.2933503209648969,-12.610629,-45.006657
1796354,0.016323858858363238,-0.060476093623283066,-0.0004203098985316525,-2.6134728212353746,8937,17,1.031478515750834,-0.5951486222708163,-57.72191,-20.425426,1.8013774959054325,-1.605148618609987,-12.3473425,-45.030354
1796545,0.1382627455306032,0.04132096419294888,1.2161133596051075,-1.851408715277762,8938,7,-0.42348790540157116,-1.1389734189061154,-54.05462,-2.160368,1.1869148853764253,-1.4440729313196619,5.9404726,-51.272972
1797746,0.056635296348611475,0.23201415297477723,1.4303032915790554,-0.1978552688240926,8944,2,-3.6256531815935213,1.884423756264283,-19.342617,47.7195,-2.1209508999771773,-2.606877660155302,27.811432,-28.287342
1798107,0.222723472101831,-0.08670582242007466,-0.4623123593003829,0.18213134728454172,8945,162,1.2712091449748777,1.302848898567327,6.7351947,41.3038,-2.153063807500886,-0.6794502342862094,-9.884592,8.655184
1798278,0.04121811588211874,0.07064209326896143,-0.1804335345206967,2.4460947823828656,8946,132,0.7957462414211603,-0.8662858104861081,57.723484,-7.762185,-0.3429531846272491,-0.5766220805354946,26.579494,26.1459
1798481,0.07767821884807058,-0.04800758589346972,0.6269043420956778,-2.360953796157308,8947,134,0.33983809601787474,-1.9621649110141146,-47.17396,-17.686365,4.372057526201016,-6.478452496836031,-10.193906,-51.796223
1800419,-0.12773155552909732,0.19950364647320662,2.3014353840757455,-0.3223017130652792,8957,62,-6.8958098930028875,1.7811528805627328,-11.497743,24.87405,-4.080685647229571,-4.097479273535384,7.087781,-13.383368
1801336,-0.22979952692751393,0.047894858144210455,-3.556867725728341,0.41959290581897046,8961,175,-0.8728241339599994,0.06398215738888614,1.2424636,21.321976,0.6912411299087857,0.537693904553575,13.156443,-3.3451285
1802585,-0.2354211704991968,-0.009404156407307504,-2.910083809668202,-0.3831679519000941,8968,17,-0.9308795689313611,0.6161926369156666,-11.566541,-2.708857,-0.20016846201324026,0.6691007767991883,-21.805107,24.086893
1802594,-0.22863995561271133,-0.015480054077596273,-2.7723405356089454,-0.6033006966672422,8968,26,-0.40051223812420184,0.27453915164459697,-10.159771,-6.757732,-0.48525215413835016,1.1960520646822055,-45.18547,16.92742
1802979,0.15354547089554496,0.013957798938467672,-0.7825023268746578,1.7463130566753837,8970,9,1.85268958067472,0.1998305884422117,39.433174,-11.612794,-0.2121987255912803,2.3333132693013585,9.835203,49.924072
1803909,0.028887553845565184,0.038364799967853726,2.2947313446858173,-2.7386687834180266,8974,135,-2.6771978140957655,-8.419575131987397,-41.61664,-36.672527,-1.6676491451269506,-1.5313252388289422,-30.283,-50.965786
1804298,-0.1561193145939196,0.11188817550553763,-3.12043725235044,-1.2859819481552888,8976,122,-0.4774321182583148,0.1777687609129293,-15.886937,-17.752039,-1.1785791422252203,3.144956144629237,-43.372967,9.326444
1804519,0.13388571315210585,0.05862760403191107,-0.5032599062675364,1.8320001676997912,8977,142,1.5680164128416072,-0.038312203689433846,41.150837,-9.286975,0.07234299489933241,0.5279386938345174,17.045347,28.280577
1806737,0.1631185357051157,0.16681387325299296,0.5599685628056158,0.47325883781764383,8988,149,0.7007735389689982,0.6075211356420204,20.250294,45.503994,1.9407235511550778,-0.23173057497907074,33.728146,-11.464798
1807181,0.1397278646634978,0.08943010395901135,1.3769344344569205,-1.615199122511856,8990,191,-0.5861506003480873,-1.0538514370136758,-51.54701,-1.4130031,0.6604314861504785,0.5493729359107705,5.7578807,-45.11171
1807472,0.19913941361510912,0.1333236543303796,0.5358806739289371,0.10816053800942398,8992,80,0.054990672348187136,0.759943388652564,-6.896711,48.02131,1.8666694241204635,-2.2556447914771858,27.691286,-18.832947
1809169,-0.02313402222997793,-0.18081420792540176,5.2933368605201,-1.4164002782736025,9000,169,0.29409576605403703,0.2822210849919407,-34.01873,5.2980857,1.0188797493105257,1.8517936485822666,-31.55532,-9.706968
1809903,0.08441840994233896,-0.2240970861388436,-1.144073708552922,-0.13291663184267244,9004,99,0.40289979722598745,1.4163624145271305,-9.689484,10.808602,-3.1813661813362413,-1.7043681363590184,-20.619518,10.922021
1810582,-0.018352702735616122,-0.21649853380382517,-1.21668351166888,-0.877362389318995,9007,175,0.953265577403717,2.533853360822846,-23.882523,8.907015,-3.614006717212311,-0.47544942709808286,-26.065044,0.20253536
1811291,-0.1546647573044355,-0.16011825008568203,3.561393454669506,0.7658404783379362,9011,80,0.27473156963755296,0.05192974895327064,11.21299,-7.2478538,0.5219462138577047,0.45042671432497716,10.380323,4.632824
1811461,0.21136695537291966,0.0769341983352603,-0.007144367748534365,0.7124448176936994,9012,49,2.3493416370480187,1.6760749709552187,18.655085,38.135494,-0.4549850588759208,1.021776891764778,1.1577659,12.238503
1811967,-0.00711000867547798,-0.08738390043776811,-0.4551444424645127,-2.3936764837704945,9014,153,0.7701226047860026,-0.68155414613726,-42.849545,-9.669348,0.927395274978887,-0.34170624961634566,-40.894306,-20.13559
1812336,-0.13233035142560515,0.06086865881253418,-2.654080374119089,-1.837260839797753,9016,120,0.14968851577723863,-0.14728293738815407,-5.364884,-37.12047,-0.5164685805886163,1.3361161441503195,-61.391865,-3.5610526
1812577,0.11829273302302323,0.18747094545288578,1.4012401983634475,-0.7866813885405957,9017,160,-4.323416744610241,1.2122370043837318,-29.524431,38.576824,-2.7745170961534433,-1.9370627930871613,9.776942,-26.632381
1813885,-0.021065408405004198,0.23275585135422908,1.8905565792851982,-0.4590036801134827,9024,61,-9.210642025519519,2.976657238968056,-13.694442,26.841053,-6.044595982784733,-4.622310560994216,8.894734,-18.174646
1814200,0.14826962886580458,-0.18257344864682382,-0.6882870613646251,-0.400855969982737,9025,175,0.6850091987526047,3.573772401228059,-17.160099,14.114161,-4.780168680749868,-2.069687220968098,-16.731539,3.0861917
1814593,0.051756366043736415,-0.2257193171547894,-1.0796801007946404,-0.5314345757804837,9027,166,0.8612176823076327,3.607746943922244,-17.64288,10.921115,-6.1266423042589135,-2.2804678087968044,-22.887383,4.7403116
1815167,-0.1122628860373032,0.20968555784842036,-4.086773887372781,-0.2681207746928185,9030,137,-7.500186945090468,1.972832118201577,-10.082667,25.728271,-4.269918027595599,-4.461664531799614,8.590553,-13.524773
1816493,0.23587297664192186,-0.026962212340644855,0.03326003443957875,-0.2941484491630815,9037,56,0.313103508974041,2.5111414787134683,-10.365408,42.183674,1.6712459151058494,-1.6263581696278144,-14.286579,-15.072653
1819957,-0.05684219185288555,-0.13489983139081518,3.398793585715699,1.8296137322390895,9054,103,0.2050066353687364,-0.6185226054660271,31.525871,-28.885553,0.2969390249895445,-0.3699946152461362,20.217052,16.03647
1820199,-0.010732448202163333,0.17948266422442202,0.9065490561099298,1.4479454517597057,9055,144,1.4615887472594427,0.18525881474589923,37.15669,33.982613,6.190437780317284,-2.9941800755445627,37.241135,3.749246
1820692,-0.059044088396031966,0.028687237074155367,1.3955716483361396,2.5874964096893325,9058,34,-0.021803767156245747,-0.8471969271265058,61.095646,3.7506263,-0.35606075686506644,0.24791062923828894,41.795307,22.613293
1820768,-0.12044932234330417,0.06424628408963398,1.685843976345829,1.9314967950008133,9058,110,0.22662957968574748,-0.5167337205729586,42.61497,14.850167,1.2597592525402268,-2.3721249098791577,48.851658,18.140635
1820800,-0.05587395324095404,-0.0031865170583980917,1.8631182419688626,2.6708863169413406,9058,142,-0.49426729151687243,-1.0387853094185302,46.856525,8.704062,-1.0524540389737207,-0.6425725627915578,49.424934,26.061054
1821637,0.1639789010961784,-0.024958441726186456,0.6567207455164498,-1.6155333377273247,9062,175,-0.25115322010646307,-0.07130746064236458,-49.302296,5.4783545,2.4943909398821247,-1.30028676789707,0.55063695,-44.244957
1821776,-0.2155685343009978,-0.10503781891201606,-2.729293491238576,0.08220841294005707,9063,113,-0.6164878500035615,0.31381302028902386,1.248316,-0.34486452,-0.041604499459095584,-0.22816947351187905,-16.836807,30.961575
1822887,-0.1878820077636713,-0.12441600572660363,-2.2053827004967874,-0.7026080734285689,9069,18,0.11264251470107167,0.44608791680211485,-9.833358,-12.367838,-0.5277215358629301,1.5865096703493908,-48.77925,15.601033
1823860,-0.166229205353628,-0.04507405373318502,-3.6472026939103976,1.5407981113961646,9073,187,-0.02157230127267886,-0.5177754394559801,31.836395,15.247024,-0.15267315955373476,2.644607227255977,51.666245,4.5576077
1826014,-0.12690578735231775,0.10055702009458432,-4.64197296521653,1.6606117141098535,9084,130,0.271652077247744,-0.38957421611483833,40.493645,16.035046,1.8678423317974622,-0.45875545699271775,49.693504,14.484812
1826098,-0.15562417884285734,-0.04892312186060488,-2.013593005285329,-1.646829393929185,9085,13,0.4939629039092178,-0.08024672734372156,-7.663215,-33.641006,-0.25104406818701386,1.012964586049026,-56.290592,-3.2457144
1826553,-0.14646665762944916,-0.138004569640019,-2.9622002987775202,1.1525357014375577,9087,66,0.34544491342875194,-0.27248175325116925,18.4445,-12.69715,-0.19303868406178087,0.5311563018754919,15.263017,9.014567
1827225,0.02776642853416314,-0.21067761437512422,-0.9563445200682487,-0.9668224734569495,9090,135,0.6203161463420466,2.2986211333280817,-26.709663,8.6435175,-2.440477032420113,0.2649325139412926,-26.561518,-3.2469885
1829678,-0.05422924843800767,-0.1678218839417202,-1.138003118297353,-1.4906760481416435,9102,176,0.3687828868277734,0.21014326354175805,-33.475986,4.7159467,0.762966914122109,1.0921898662992051,-31.972254,-8.819695
1829689,-0.05540491645078382,-0.21202440760697266,-1.406420883412668,-0.8399475499017597,9102,187,0.9325590425429882,2.2006405556225315,-22.241524,8.370161,-3.1788434344830683,-0.202299508438272,-26.594728,2.4247212
1830620,-0.22426102520963492,-0.066742388113436,3.6552690749135213,-0.4488269266990974,9107,113,-0.5031431899723262,0.5016125292914436,-10.436634,-5.366767,-0.2752219861686351,1.1129390562913102,-24.503916,22.654945
1831545,-0.12913261981559712,-0.08150040584298937,-1.6974281678967895,-1.762328078272722,9112,33,0.7759107313878075,0.016410426421705177,-11.237098,-36.120792,0.636185509297073,-0.9840357316858134,-53.000996,-6.7010946
1831735,-0.07509782035419404,0.22529741412424978,1.7476135082565674,0.28985621826947566,9113,22,-0.23591513757249374,-0.0029856631481136216,-11.683062,53.839443,-1.02658510302774,-0.7079428950553961,33.25696,-26.79847
1831903,-0.09369435831499677,0.21025384699496547,2.2769764468443787,-0.5739408928192529,9113,190,-5.529417328560063,1.5711188155538764,-18.147402,24.342602,-4.961039796073441,-3.3629790350999342,3.9689262,-15.727886
1831911,-0.12831060009780354,0.19732920971281903,2.3439275925214997,-0.3931800017770462,9113,198,-6.308158919236202,1.7100901774152768,-12.859911,24.496944,-4.116653315259484,-3.714680656725455,6.2821727,-13.72407
1832031,-0.02214775129789527,0.05608268236249173,0.6300736684918429,2.633671129708384,9114,117,0.3624035420645675,-1.0642115613924832,60.382435,-0.020386908,-1.9362288699221855,0.5870474300284216,35.716766,22.113052
1832881,0.23258911507394464,-0.03649123248064164,0.039745587321555406,-0.39073676882785907,9118,163,0.20847167985490414,2.7924933689818574,-11.586046,41.18708,1.8545645621291582,-0.8381287744467946,-15.175268,-15.507905
1833058,-0.14050777482861207,-0.18692052162723755,-1.9883497967650694,-0.45406689594678545,9119,139,0.15036799597725325,0.5277623188518494,-9.068927,5.5374017,-0.24187633437981218,0.5647428857771131,-27.270338,15.85174
1833697,-0.06813460908036562,0.23010002606794538,1.872903314279314,-0.028448094697628067,9122,175,-3.826530997493644,1.2216680573241765,-3.5049129,27.462286,-2.544612899736827,-3.1804874110993184,13.670037,-13.323311
1833796,0.09803649755655128,0.21902264042642167,1.1675758216771663,-0.03528651364189539,9123,73,-0.5393685695776907,1.0151278108082422,-14.571698,49.36558,-0.8083044081429689,-1.835987980627638,29.077513,-25.350483
1834200,-0.057945809601313944,-0.1235330518864305,-1.0433232629481173,-1.9321460265207553,9125,75,0.8676951477148367,-0.06572264002752172,-39.64365,-3.8219824,-0.2591199133693539,-0.7239435495613545,-38.10953,-14.312023
1834230,-0.10252224415793128,-0.17156643592127463,-1.522718607432247,-1.1734109714632055,9125,105,0.273273308238041,0.7409095749105612,-28.797804,5.698635,-0.39767353893481294,1.6398808542999035,-52.00803,0.4660006
1834589,0.12074675743065089,0.04017303030184871,-0.6907442307265366,2.0238580644072264,9127,62,1.258007166121332,-0.4158531525497622,43.430878,-13.507331,0.16221863528521244,-1.3415788899605916,15.823569,54.335518
1834999,-0.08494894258222044,0.015850043378960982,1.754668955390901,2.4049231661831407,9129,70,-0.17816012058158215,-0.8333066478141673,45.93162,11.127801,0.22145556403465363,-2.420446994716804,47.50406,22.92184
1835273,0.049443483799636145,-0.15225814113398398,-2.0973980457680512,1.6811870754455536,9130,143,0.842092711834164,-0.053618197027955936,21.71313,-25.009636,0.6618214920031876,0.5439707228631127,10.360698,40.69799
1835857,-0.18741243885260833,0.14367633241886757,-3.9750372394324733,0.3587676620541128,9133,124,-0.9556550270773445,0.06528504767455215,3.5377738,25.814808,0.35096177131424355,-0.38698691226580056,16.488035,-7.259949
1836537,-0.08525224174328747,-0.22379200549530462,-2.000590001683684,0.13164391832176348,9137,0,0.2069107759808309,0.6811118150065252,3.102355,3.6763847,-0.5461954169165796,0.03260101426477484,-19.201572,37.359997
1837459,0.21618834718257307,-0.10354901663993554,5.885853813029977,-0.09871169897241305,9141,118,0.6242622781815468,2.0256124380080847,2.0297685,41.381485,-2.109631313359347,-2.28249977547576,-11.905631,5.0319924
1837794,0.044543229010851504,0.22794824346113957,1.1231552776235925,0.5093268024741456,9143,51,-0.19129539399094647,0.32466686823212415,-5.310636,51.853634,0.4878016461587337,0.3040540222111781,34.50399,-20.548006
1839260,0.1844118336865896,-0.06256962850415251,-0.9513469967614545,1.248484885838899,9150,110,1.587431269110995,0.4819531909060156,32.685883,-6.1329613,-0.8656877332432852,3.0838901351281076,6.062988,27.29933
1840047,-0.02993313853510588,0.016794209963580206,1.2030060711291217,2.8545872648633215,9154,93,-0.14177850138670153,-1.012510831232489,61.95082,2.570745,-1.2338112950823996,1.2632382151380928,40.50407,23.46926
1840275,0.05640099972613929,0.037579632737508445,1.872254797951039,-2.56902084529371,9155,120,-2.3324742346264884,-8.588982269205976,-44.630203,-33.36219,-1.5926283572209223,-1.0807415959091746,-25.765789,-52.632385
1841709,0.06753464287273182,0.07005123335196765,-0.3496555110604677,2.3066853749786094,9162,147,0.9037599653144548,-0.689262364384859,56.35392,-9.157777,-0.21243653906340496,-1.467633729577928,24.574402,27.020273
1841906,0.17635217052246271,0.03859114912135466,-0.5039852009798267,1.4388385316464851,9163,143,1.5364812674603676,0.3449634015356327,35.99173,-5.6035876,-0.5390605150084021,3.098320445840366,10.221885,26.651262
1842210,0.21480223936237033,-0.07885025046534272,-0.045345024471066225,-0.6129334268397895,9165,45,-0.001701664377848501,2.9702065084578093,-14.7182865,38.832153,1.3015311765198287,0.7447328700391166,-18.083729,-16.031761
1843983,-0.011511604886145207,-0.057896798317681394,-3.089353867301109,2.64457498257592,9174,9,0.19223621316733774,-1.326710546161341,41.4658,-34.301254,-0.9061496006357361,0.10316085278439675,36.741493,45.339214
1845894,0.12102989462412739,0.1504737453781848,1.5291921650624596,-1.2715376367982612,9183,111,-0.768086402180605,0.13332139991943023,-30.768473,-9.828453,-0.07834089375699375,1.1072909564532154,2.045007,-27.67228
1846212,-0.012826881014388863,-0.11840564460233978,-0.6271754618353746,-2.1030600770565653,9185,27,0.7567747035859035,-0.18772700266892983,-42.236828,-6.288629,0.0024976164730635218,-0.5145429134001617,-39.284824,-18.032497
1846218,-0.05287976838805633,-0.07399496154811645,-1.0091451734090768,-2.364270551537885,9185,33,1.3918401850198776,-0.434502366163846,-21.118977,-42.99864,-0.05586138158107842,0.11946553803700762,-49.254494,-18.41161
1846344,-0.054653807814814416,-0.14132844947209539,-1.052316349418997,-1.7749628499417207,9185,159,0.7254152548919252,0.13263110212337423,-39.428177,-2.7010899,-0.04376754973716889,-0.3191333163036787,-36.750984,-13.581785
1846801,0.2084803331174453,-0.10843880207161549,-0.6841953801561631,0.4091329819018972,9188,13,2.0213610291215174,1.861809966533463,7.7057767,12.183105,-1.3118041682507438,1.377938512096363,-4.429276,19.26879
1847758,-0.1205943272468255,0.05356731998519035,-4.548258518758372,1.977300777104004,9192,166,0.17390402951857586,-0.5193806147872941,42.873127,14.574598,1.1724381027987683,-2.729659545492427,48.807648,18.70229
1850216,0.05512404758957386,-0.21693441210086098,-0.9527649303503625,-0.7383865189576683,9205,11,0.9519402240369094,3.6363715247895123,-22.768229,10.664516,-5.042510915476251,-1.4387568262786623,-23.501984,0.40552443
1850452,-0.03323191284535948,0.06749568901753139,0.7763603826322922,2.5038994782171873,9206,46,0.6133967718767399,-0.6106328133132543,53.258038,15.439275,-1.5763298021400673,0.6806256448088494,37.6262,19.852257
1850582,-0.027791319012354578,0.22006954222288438,1.3046574243686953,0.7835163947609324,9206,176,0.2627679724109029,0.08512247018648572,23.85858,45.739906,2.0523795692893256,1.0645635872152053,40.697796,-7.8724256
1851058,-0.0850796906522939,0.16941749831828218,-3.5868728284259426,-1.3202369371777158,9209,49,-1.042448227969922,-0.1897782629508742,-24.692577,-16.358337,2.519830054752002,4.003027193044565,-7.8376727,-20.179884
1851326,-0.217076290016885,0.08592631501780651,2.998595810392452,-0.46782711284077605,9210,116,-1.4722636247166307,0.49799241835507474,-13.890202,-1.4908952,-0.07448406336130636,0.31973537034706456,-18.464815,23.081417
1851351,-0.23354549056437332,0.04125704727268331,3.120688821256698,-0.3078949766170553,9210,141,-1.4377642700482571,0.6067916814571568,-11.286127,-1.0912783,0.11383753394172999,-0.31396791197412016,-19.436356,24.712671
1852162,0.13130491254495974,-0.05462424803405182,0.5423337586653343,-1.8731316289898714,9214,148,-0.008594628547774812,-0.5623801980169416,-55.81735,-3.427324,4.570008876170705,-4.87776606215976,-2.413973,-46.55525
1853717,-0.1823502718357926,-0.15152457073826323,3.9908264620976515,-0.31180350573274634,9222,95,-0.22100262288455572,0.43071799238745095,-8.625081,-6.0988693,0.2075493873954621,0.699724972589407,-26.634176,20.846096
1854605,-0.0811296607336881,-0.21845560776500464,-1.6848668026511953,-0.48304236922860105,9226,179,0.3413509051889496,1.131989329974709,-10.537863,7.4255066,-1.5996103414737597,-0.361256866518218,-26.164923,12.7114
1855570,-0.03910339548927144,-0.020806898356913392,2.2454171558039318,2.7703435167200503,9231,139,-0.6681406763049421,-1.6365469843668292,47.59981,6.5240316,-2.0147299930123888,0.3788782334269877,49.399067,28.435404
1855781,0.060067293174669155,-0.10954081074835287,-0.04590093923554471,-2.046631431297023,9232,149,0.41161836889294456,-0.6740889723171949,-47.486523,-11.396626,3.2237177797859906,-3.8526843361769303,-6.4694753,-45.33359
1855826,0.04212321528882751,-0.06479487473124566,0.24858955003103536,-2.4858792627593544,9232,194,0.7951795256706988,-1.071147201927461,-55.298965,-20.00967,3.494060834425813,-4.530463007560245,-10.787102,-46.97272
1856279,0.17771991270058507,0.14549134002009728,0.9803569119125803,-0.5886877498187865,9235,44,-3.60994287104769,1.6591659373382317,-25.566126,39.84643,-0.009391116885524234,-1.830882623833399,19.808199,-30.903454
1856867,-0.03711247211749032,0.09221945424436984,-3.1860470098250637,-2.287473900038377,9238,29,-0.18677857615477148,-1.7039095828695856,-14.700619,-56.8059,-0.0784123953896377,-1.5916906563925288,-36.721077,-40.30357
1857371,0.022301450401612827,0.10534640659292788,2.467698310118884,-2.211036656988123,9240,131,-0.5761560590408779,-1.699412691675529,-17.830431,-54.913208,-0.34068774662580315,-0.6676612900938184,-31.525639,-41.181103
1858240,0.028221294113584275,0.238145257886895,1.492467315212471,-0.07925084612658716,9244,196,-2.2935716321044426,1.246667366679061,-17.956213,48.58997,-2.0694536033367337,-2.2967303136945625,28.80157,-27.987396
1860435,-0.12796064227054824,-0.09467250474372287,4.624239067727885,-1.6913377135540637,9255,180,0.6553226509799313,0.07396415150538528,-10.621443,-35.392242,0.5942555773831775,-0.6691381992729035,-52.860874,-5.9781775
1860798,-0.03448764094891848,-0.23630670922380842,-1.6160976157473028,-0.19923992310299216,9257,141,0.264171201037388,0.6354418722898278,-8.470384,7.20182,-0.847293460812405,-0.542050656918193,-24.5292,14.370094
1860932,0.20485281585750956,0.09329374813498176,0.07308588736439395,0.708529725163802,9258,74,2.3641905346320993,1.7061650376800765,18.308474,38.91714,-0.08491971145574015,0.9472265696085049,1.2712116,11.39982
1861299,-0.022681739021408104,0.04725691095534458,-2.914284179455745,-2.701223938596469,9260,39,0.00032805964774688945,-1.400328145488847,-10.051008,-57.68434,-0.7021398136549684,1.1158136760261774,-40.571983,-44.58656
1861499,-0.16931289803420796,0.16680406789823304,2.224418011816185,0.2784809954994321,9261,38,-1.2986659918846404,0.2136333809462244,2.1625805,26.269611,0.05119447457474271,-1.1185043800465155,15.943271,-8.329237
1861508,-0.20418415500533912,0.10012593729809974,2.3603672073118425,0.6506217375293413,9261,47,-0.1803978781390263,-0.1799261338325032,9.020961,24.024939,0.46622500875433365,0.10564127509255952,19.078562,-4.8724947
1862036,-0.18712857432015004,0.11579346569525908,2.176931038811066,0.8210794179251979,9263,173,-0.1993274870090653,-0.2089033998230485,12.919104,23.93959,0.124991087697684,-0.3919610631820288,21.955153,-4.1727834
1862097,0.020654379074393436,0.03728366834013129,-0.32735249058295357,2.7845112902810625,9264,33,0.2530458577236514,-1.788541810449069,60.05735,-6.542418,-0.9601359884486227,0.6431721681088725,28.798168,27.30726
1862406,0.09644068292837092,-0.2104402965954431,4.874954690652199,0.5343058019807986,9265,141,1.2133788812143664,1.2163140587186043,14.216411,4.5031104,-0.4920925056318088,1.9537417761299247,-15.275319,42.72952
1862706,-0.21557356772699449,-0.10409813984089941,-2.6205140237659674,-0.14242630528916375,9267,39,-0.7521574186944894,0.40436929834126417,-7.271063,-2.1044493,-0.06390717227361704,0.1970798734056553,-24.538801,25.693838
1864029,-0.13793288116656735,-0.1438991275479825,3.357440176569561,1.1814339838795598,9273,156,0.376985940736526,-0.26715928675247896,18.57017,-13.241885,-0.22338213860241174,0.6046705280804463,15.32854,9.399785
1864929,-0.17271031740910944,0.1111892488408264,-3.170007462871162,-1.0871655278981753,9278,51,-0.5033821614950235,0.16536565434316927,-14.821329,-15.421426,-0.9843068248250295,1.8337155141810924,-43.12438,11.724574
1865570,0.07952813683323652,-0.012391789072943055,-1.3833763990978365,2.4576058761518245,9281,89,0.6455245576167906,-0.2284232199438572,47.85292,-24.400558,0.014329847381637702,-0.6524073933834423,22.57899,50.93022
1866344,0.06379787634184232,-0.05361156549331568,-1.9150469280919216,2.4323818690818193,9285,59,0.3947424143775262,-0.569240487487764,45.635185,-27.684443,0.3969959495303867,-0.361036331351901,25.20279,49.238243
1866843,-0.06371294887778463,-0.023619004782965997,2.2128509983638236,2.567491249631662,9287,156,-0.8804343793821074,-1.207590124112882,46.50358,6.8817463,-1.3456689481573016,-1.0773568138270104,48.544468,27.75853
1867265,0.09153419373824624,0.18711330897583645,1.635616496746558,-1.0395669012413478,9289,176,-1.3200597096655073,0.251277076418123,-28.46964,26.33057,-1.9225249197935173,-0.3753939103445464,5.6649146,-28.088346
1867321,-0.05464309045219996,-0.20029607138758226,-1.3116133820204423,-1.0510269512719925,9290,31,0.6881357218578261,1.4846685104742783,-27.115757,7.5013866,-1.4942011207743422,0.9023747235167334,-28.10371,-2.8716662
1867780,-0.22627543843899744,-0.008766737618204686,2.842624442583848,0.6753849964310548,9292,88,-0.20656771813976477,-0.18299781390213787,4.8284574,20.88211,0.594445789860152,0.19518790615890427,14.770316,-1.034882
1867929,-0.040655819629091185,-0.01179467831224866,2.030467184806454,2.7869695473724043,9293,36,-0.5635313077031605,-1.406865444469966,47.560608,7.5157356,-1.8064136858917585,0.08613498880883344,49.647633,27.274857
1868484,0.13318141921446633,0.06319648202781696,-0.46633733839019076,1.8187785531065235,9295,189,1.5279484532088545,-0.039783562908235454,41.060276,-8.966778,0.03436951442439511,0.6847174216177594,16.807014,28.036125
1868752,-0.2141022610046831,-0.09456772711434369,-2.502669523352357,-0.44599547633979164,9297,55,-0.3812587796166877,0.39742579179390175,-9.683802,-6.2347336,-0.18528533174280926,1.1030213702082523,-25.42547,22.172863
1868770,-0.20892657614648702,0.02942719573185007,-2.7847379442710594,-0.9935673710023929,9297,73,0.00949701388659361,0.1329463058145395,-12.504,-16.170267,-1.5329718227864386,1.5235398063752585,-46.858315,12.4505205
1869716,-0.17882891038265575,0.059262271799422145,-2.7934444557182743,-1.3362990717521108,9302,14,-0.2433547717348065,0.33557288151941633,-13.002332,-22.300907,-2.2279508863593405,3.684714969574911,-47.56598,7.791851
1870807,-0.11073691145196504,-0.21024694598768667,-1.9148254317705784,-0.2814981339412299,9307,100,0.055869977923142675,0.5243933127550061,-8.220023,5.6411896,-0.03989173952888723,0.07200216745381298,-26.229668,16.248999
1870920,-0.042515066293860884,0.19172438592093738,1.1765923001279575,1.2248476817701028,9308,12,1.1309969581106745,0.026839245235584466,34.2657,37.702305,6.2641090083561,-1.236122909412173,39.38999,-0.668293
1872001,-0.014652675875863039,-0.14743897919596669,-0.7644325514506457,-1.8108396114713883,9313,88,0.6734835904463391,0.17457610390530945,-40.86477,-2.704054,-0.16269768925303385,0.2945649607091849,-36.076538,-15.60654
1873472,-0.19941846250005307,-0.06158893791507357,-3.3583758642353896,1.0326654161026798,9320,152,0.12433501571274491,-0.11145768112975891,18.885365,-10.532223,0.08104735324245499,0.06425719221042915,16.838272,7.540692
1874630,-0.2373046039398805,0.02663580635125571,3.1300771287041904,-0.20051949843941586,9326,104,-1.4828031461501272,0.6052822459144078,-6.434423,-0.40647352,0.25760800498606035,-0.9359958267563794,-19.276743,25.917421
1874698,-0.009769217203551263,0.23716923823022346,1.7601322756769024,-0.29633661871000094,9326,172,-7.983864514419276,2.7993590430695097,-22.438446,44.959167,-4.570794303592988,-4.05805931807908,11.473027,-19.213343
1875042,0.06977324219397919,-0.20693807959197305,-0.8179263903318592,-0.8553413395096853,9328,114,0.6764040043232118,2.983777647816943,-25.767347,9.874348,-3.4177924398094293,-0.3732522326885391,-24.963198,-3.1344278
1876023,-0.09865988473847202,0.16462477215208202,2.754725998418099,-1.2880477592142943,9333,90,-0.9672614354868833,-0.18149364584091449,-24.361944,-16.057878,1.9770295042078825,3.733822410257869,-7.8159146,-19.665228
1876076,-0.2286671877128298,0.07040312393649763,2.7643624657577384,0.15711106192563135,9333,143,-1.715287813583353,0.45002516815971205,-2.7625875,21.631824,0.5293261581481706,-1.1555423608662936,9.910477,-4.926237
1876678,0.1538668651448541,-0.146476099867588,-0.27684074723531676,-0.9679092581981966,9336,142,-0.16086200420160282,1.9176403923636705,-18.769144,35.11141,-0.29431279670598165,2.2652705828096638,-22.422297,-16.440506
1876709,0.1343298295063052,0.028896774593121552,1.1731194102054507,-1.92246078595931,9336,173,-0.3815154741030857,-1.0778645043886204,-54.221928,-2.6317592,1.397099452517227,-2.0714877839733425,5.49935,-51.55214
1876948,-0.1306385460585939,-0.13550885030579268,-3.0071659855582595,1.3385374552576252,9338,10,0.31450284771626774,-0.21874984352105686,19.990362,-15.803278,-0.5478900384235085,1.1545551722973866,17.156702,11.812241
1877925,0.09106814336587317,-0.04821716912661096,0.6400792193547592,-2.254036196359287,9342,183,0.305279813653031,-2.0262459125508134,-47.99017,-17.115751,4.751453723112504,-7.149479320659856,-9.394299,-52.210373
1878914,-0.08104791228680328,-0.10232765250584612,-3.2363840200767098,1.9914347576995766,9347,167,0.050230086078626626,-1.0602121790873529,34.19461,-25.315191,0.6223830855863812,-0.6705457066653057,39.246037,36.215702
1880299,-0.006868317586142675,-0.07994838053732559,3.396804103519048,2.4597717857654167,9354,145,0.013407123081978,-1.3615319226483564,38.798706,-32.869972,0.5387446122419576,-0.5840598698531527,34.256615,43.84368
1880544,-0.17316956744023065,-0.06964129906555862,-2.079433270784237,-1.3595903577094486,9355,189,0.22632074336930774,0.14309143802368252,-7.0642896,-27.011608,-0.9542065490108702,3.09346652317404,-55.39941,2.6764996
1882903,-0.1821971199811462,0.022040061413317352,2.3209715548922136,1.4004756121554685,9367,136,0.12566482618255298,-0.3772089634216258,26.533432,19.587193,-0.12584454150804997,2.7849344439771393,52.658295,1.3527633
1883029,0.16393818491192905,0.09152412142766833,-0.16323719368655054,1.344836971536932,9368,61,1.071699914260321,0.19022336382317184,35.625153,26.29857,0.4184194456560543,1.7835363836604128,27.395401,8.813267
1883129,0.04183173394430598,0.05442550141945644,-0.36523439930395835,2.5614562251081927,9368,161,0.6126231230050344,-1.108189010871043,58.304302,-8.05586,-0.6227580645762736,-0.34453859974550766,27.230696,27.28786
1883804,0.18752733711504876,-0.019695062187556345,-0.7716732250390562,1.3340636421303549,9372,32,1.62635878068308,0.33620220926432975,33.726597,-6.0429826,-0.8084808674681228,3.252558066053431,7.503244,27.26987
1886941,0.05983615580076683,-0.09929341385197732,-2.0951284584639756,2.1333511423089475,9387,154,0.45387671040753963,-0.34052873642602977,27.813742,-29.770174,0.13639899078845508,-0.1731831907609222,16.967836,43.366016
1888019,-0.23583278510061415,0.043523765652086946,-3.2848673628390586,-0.07845059450591631,9393,26,-1.717810167964849,0.4919189903572002,-1.4190117,-0.9733114,0.4482694189274892,-1.677226615667109,5.5457454,-6.880057
1888688,0.06988630542848859,0.10189724937028212,1.9996114480963638,-2.0599633867125564,9396,92,-0.5489173689320367,-1.1192623397614316,-35.291855,-25.28316,0.44499890887942783,0.5012973289438553,-25.777422,-42.89988
1888804,-0.13536034071461445,0.08862416915821827,-2.890278849871064,-1.6620107733442013,9397,7,-0.332296945624074,-0.3807204599093762,-18.4945,-25.401186,-0.9119524671615072,3.41151795085,-45.2635,4.563388
1889372,-0.006030916337605469,0.05445170691584435,-3.261584933550995,-2.6809929505395917,9399,173,-0.18521549600190793,-2.3314991043938282,-12.282654,-58.853542,-0.6049860303181709,0.4536795679678532,-38.543747,-44.779686
1889478,0.0541426141128802,-0.20139235996273191,-0.7904053987564791,-1.0355184765014696,9400,78,0.31955549652203946,1.76156470559969,-28.927647,8.6786785,-1.199859283085738,1.1455096173856014,-26.613325,-4.98295
1889543,-0.10790032533455074,-0.0760878251973405,-1.5391228526750607,-1.9765679783348908,9400,143,0.9019745065580038,-0.2514301722815293,-13.433143,-38.93863,0.6878366065235222,-1.6135871197494815,-52.210693,-10.230898
1889590,-0.11356945901005212,-0.08607706032784941,-1.557972925876079,-1.8701325695067403,9400,190,0.8612041433105238,-0.04305310868785446,-12.718334,-37.61687,0.7114230085404344,-1.5186157523007437,-52.18888,-8.910023
1889994,0.1840394255888403,-0.04636571172515779,0.41189652759732537,-1.3173884061163605,9402,192,-0.6549866096727385,0.5201820901955267,-43.496723,10.257041,0.009075320772825137,1.80241173904654,0.6376358,-38.641888
1890032,0.1251047155835781,-0.12976671619090538,-1.524836445365614,1.4422974876623418,9403,29,2.1815219330048294,0.524069894931176,29.654343,-12.310047,1.6770394122295178,4.022976929527709,0.92497045,51.389355
1890236,0.11177613689110666,0.19038263790182997,1.442939601703013,-0.806066411954876,9404,32,-4.13950230553012,1.1656946758647675,-29.756,38.590843,-2.9561609880257698,-1.9238689422651793,9.393173,-26.805538
1890949,-0.11339369375989132,-0.01367434212974468,-1.9467674902076022,-2.1496258889820905,9407,142,1.139737978204682,-0.7882076981190522,-1.3293943,-45.306763,0.2567365426775959,-2.058972822528457,-59.379696,-10.809411
1890951,-0.09850942377206762,-0.004180194514175395,-1.951746420711364,-2.2948744251629027,9407,144,1.4359023071614032,-1.102338045163734,-1.3455374,-47.20713,-0.15912093313544506,-1.794342447527724,-60.222244,-12.242967
1892465,-0.2147154141554723,-0.05149898609987188,2.9743310490400847,0.8053250430713099,9415,50,-0.052861190626236475,-0.1880951871002841,16.29809,-7.740996,0.40711991799597375,-0.27400087427317676,14.676797,4.595476
1892670,-0.09059456270692001,-0.1105108664532196,-1.3244631028162799,-1.866038241042197,9416,54,0.8822581897522105,-0.026919077451576078,-13.8074,-37.27598,0.32613052720364016,-1.3172991047076696,-50.58597,-9.55353
1893055,0.18154038966352867,-0.15638367599721026,-0.7681350606905053,0.11408939779757588,9418,37,0.9609378838189053,1.3099922859109483,5.891826,40.0502,-2.2813318733460175,-0.946127917348157,-11.680444,9.396771
1893221,-0.0643368537647446,-0.08646625035288799,-1.1054144143741322,-2.2101526851592155,9419,2,1.0940792257488299,-0.5497731126328346,-18.021862,-41.397675,0.003958617962996033,-0.3407561864002319,-49.909115,-14.867219
1894505,-0.0933575736038206,0.023605325165809404,-2.231315381951408,-2.3158702024448985,9425,80,0.9359270050145211,-0.980213947116449,-2.6568696,-46.743057,-0.07062414167181272,-2.1117276391339965,-61.887676,-11.110857
1894585,-0.13002801688356044,0.059467087769284055,-2.637943162648253,-1.8651820914967825,9425,160,0.18746926116797724,-0.11957323213499362,-5.4637523,-37.327145,-0.42169533215578825,0.9605298096748556,-61.42501,-3.8721712
1896005,-0.06675978299174959,0.16878680782636035,-3.622573778910256,-1.426341149686263,9432,173,-0.8606774880878056,-0.2722768428685498,-24.802526,-17.51561,2.9070054266228955,4.193964379568581,-8.455204,-20.856882
1897388,-0.13335601070088593,0.19789611857426648,2.2704697294466354,-0.2134025980184297,9439,149,-6.584725711611877,1.6643645325833079,-9.105323,25.429052,-3.46606181858898,-4.184641273076541,8.650084,-12.326104
1897469,0.16010252207236925,-0.10752748411786908,0.04608338251225286,-1.275009841080953,9440,29,-0.3909383035921543,0.9197868497567477,-41.03309,8.554333,-0.416861819327657,3.3779892178928748,-1.8378141,-36.640965
1898685,-0.20204638602427882,0.09441729358565407,2.32600870346411,0.756865421230327,9446,39,-0.09741933815673506,-0.26485718010970855,10.555451,24.060007,0.36900070498152604,-0.26602111172306736,20.359715,-4.3573623
1899793,-0.19018043576413474,0.007206852186180904,2.4486163462187207,1.3101992344748337,9451,142,0.266231053465498,-0.32995687449630295,24.66604,19.751175,-0.23497170040633125,2.282127966025381,50.48881,0.58642304
1900760,-0.06257757199325553,0.15841424493208067,-3.554444329381828,-1.5634689864369842,9456,104,-0.5778395617051174,-0.21786562165129683,-22.056534,-22.685482,2.330889139485806,3.7337709368321317,-38.91548,3.1881776
1900811,0.050018781846146575,0.039963021254669426,-4.308313776613216,-2.6015297392768897,9456,155,-2.623995854318249,-9.060462182913586,-43.55087,-34.650043,-1.7094371814005724,-1.3931680657754653,-26.891827,-52.322845
1901978,0.22259829953208815,-0.06008673247600209,0.017672016634147664,-0.5626436900400793,9462,116,-0.05285455491623652,3.03021860075189,-14.156688,39.298637,1.6447280835037728,0.4598279603058995,-17.399092,-16.242281
1903873,-0.045680007504618265,-0.19863261331605042,-1.2405856738392873,-1.1125055469086025,9472,1,0.536455514761395,1.2283983300581935,-28.014751,7.3517933,-0.9055537378591747,1.1489492614431154,-28.389585,-3.8046086
1904127,-0.03885795119706316,-0.022528459597855335,-1.233650041285897,-2.7650701533223834,9473,54,2.7669190276491253,-0.7531114034179711,-0.47128725,-58.48699,-2.912302626167658,0.826740259593366,-53.784813,-21.082182
1904188,0.07103858010302652,-0.11520112805478017,-0.0465659183423138,-1.9433187253924098,9473,115,0.32482575676392145,-0.4231984153403449,-47.47182,-10.497267,3.1725787373900065,-3.0234180836926594,-5.7053094,-45.088852
1904679,0.14396023797272842,0.12009639218161997,1.369551844011399,-1.3485656138098985,9476,3,-0.70938515273725,0.014090440757352433,-49.232487,0.56158733,0.2074639265155325,1.0201913897828903,7.6296854,-43.51187
1905016,0.013306149349715551,-0.06378283471858173,-2.660992038111847,2.5917248738913305,9477,139,0.09076793366487186,-1.136500070312336,41.52283,-32.35064,0.3896831182131387,-0.6101294034192821,33.542316,45.524033
1905412,-0.04870602610389453,0.20960635831069852,-4.025371018690025,-0.9174014735717515,9479,133,-1.5065489056725665,0.024391999559981614,-25.112825,23.564564,-1.786539834021241,-0.2601788134874198,-0.28637722,-17.950535
1906444,-0.02503144240251795,-0.02163358678501648,-0.9963761668880393,-2.865007591091613,9484,160,2.559930779043075,-0.30056878014300126,-21.10117,-47.24093,-2.4887728940763822,0.641775094311255,-52.003487,-21.703417
1906907,0.13712870467665073,-0.06395380183045032,0.452268887805511,-1.777317845006205,9487,20,-0.08507063652336183,-0.2610751442118145,-49.792625,6.961154,3.9468575505760364,-3.1307823334076184,-1.7954096,-44.910988
1907875,0.19041211824527934,0.04813946965281534,0.8598970253487007,-1.2245371756828254,9491,184,-1.2584988904705594,0.5209690802075253,-33.85189,28.368494,0.22308986601415254,0.5596418142758447,9.349059,-35.698498
1907899,-0.054473768384762464,0.1825246001258091,2.5148107521838883,-1.3079675384176286,9492,7,-1.040226324830258,-0.2709633666098633,-25.810057,-15.670303,3.3937907184635696,4.034423197044241,-6.7455506,-21.257881
1908199,-0.17976807853664373,0.15747804684744934,-3.9527978491649156,0.1836105926388294,9493,106,-2.162762667180104,0.40423250029708774,-1.5053298,25.240904,-0.21636632790872806,-1.754360498346096,12.881413,-8.550808
1908815,0.17123747722848093,0.12275819832812074,0.12261370134454344,0.9987144155193914,9496,119,1.7522641390887488,0.894786965092272,22.36398,35.927334,1.764191763978933,0.2367099405486759,4.1738076,14.0960045
1909353,0.06617535530722717,-0.21564753131872486,-0.9245509840896726,-0.6969989604269188,9499,54,0.9585894046602386,3.818378396264003,-22.192272,11.015368,-5.439558684268251,-1.6597714702218136,-22.829973,0.75848585
1912563,0.14069739378220494,-0.14117682175243287,-1.377924603780839,1.1816511683610957,9515,48,1.761844324491929,0.5973682954172652,13.886865,-15.440472,0.2726098860095222,3.672707609574075,-2.6036165,47.584023
1913393,0.23547516108752514,0.023193426690107457,0.2663400289052464,-0.3363208633508725,9519,74,-0.03494069685949205,2.143360970186944,-11.1599245,42.800854,2.4287224056480228,-1.7457765694626368,-13.960916,-16.611723
1914391,0.14827380358693393,7.943671457982804e-05,0.9053805714360746,-1.80968965613534,9524,67,-0.2086456795505341,-0.7095607903691503,-55.007347,-0.72417164,2.72262614426524,-3.04286538189745,5.8743224,-49.468494
1915764,0.23086688841520658,0.044303469027517396,-0.01324921336134975,0.4056895831935338,9531,33,1.71408153848013,1.5572882861092556,14.967809,41.894867,-1.1057971796177475,0.6012967426905953,-1.0778762,9.0080385
1915947,0.22593534723385422,-0.026080412523284024,0.21008257881666587,-0.650014019377293,9532,15,-0.6473606142029078,2.280964379508121,-17.992743,38.233166,1.7050536949309953,0.5441874828712276,-19.257124,-19.033817
1916004,0.19964333870390266,-0.08871320668285147,0.008693615543763307,-0.8536922840077265,9532,72,-0.5368524860964373,2.2173027877905342,-18.700346,36.54028,0.6081648843939927,1.8168360303098539,-21.171398,-18.20346
1919077,-0.17784750272322225,-0.07280529329708922,-2.1107346753143137,-1.2846017454313332,9547,130,0.16532791416117584,0.23519277561092544,-7.39679,-25.86992,-1.0750959378669676,3.3412913440363488,-54.839294,4.038252
1919335,0.025989077170266786,-0.22164194955191308,-1.8309038832221547,0.7536631627437055,9548,187,0.736599839027636,0.6506930227070816,10.7315035,-11.012737,0.19023132509951415,2.468254578057685,-8.541848,42.98238
1920731,0.18199783985407825,0.15618335601524255,0.6711187027026322,0.07618782359518517,9555,176,-0.008045873651710722,0.7041962666387178,-8.064122,48.29342,1.545009404780869,-2.156018045091542,27.88266,-19.924828
1921304,-0.22311375673139736,0.07364796751102365,-3.255017747003465,-0.4108100620466414,9558,146,-1.5323043220318322,0.5526677802249502,-13.396082,-1.280322,0.005485567921268622,0.08560277317753406,-18.6246,23.551615
1921985,-0.10102239476934342,-0.03932519311721806,-1.6682357078248913,-2.2042657748734182,9562,23,1.1960956042087896,-0.8428309639834605,-0.9574788,-44.27897,0.2876717675379977,-1.4358134303921297,-57.176426,-11.829492
1922198,0.0073854451452406294,-0.06373084231281842,3.5275760877162976,2.6003664513762623,9563,35,0.11454882184826612,-1.1879171719601425,41.37371,-32.65088,0.17643934117741727,-0.5696279900809831,34.202763,45.41024
1923416,-0.13212736423328608,-0.04018832213040398,2.4792028484798228,1.9153238755605593,9569,47,-0.001636412974534561,-0.4099997464181407,34.931023,11.416699,0.380216184599125,-0.8378473705391025,54.04542,8.046745
1923877,0.18738661871502954,-0.1498986402407018,-0.6577021936297307,-0.03400815426832782,9571,106,0.7116764955971984,1.6003317589971393,3.597104,40.63174,-3.1541245025721234,-2.007061209035458,-12.358393,7.5914693
1924071,0.038478751687708306,0.024352089874904753,1.9441400197533942,-2.7598012009103097,9572,99,-3.137321382396656,-10.266405472123042,-43.704475,-35.3999,-2.4187053598624653,-1.6656481307826858,-27.626816,-53.027008
1924315,-0.20040698810869645,0.11957212941684614,-3.4439028754643877,-0.47127965232041596,9573,142,-1.9160312473808223,0.5691352487681495,-14.939161,-0.95893806,-0.42704225032397647,-0.3936427314770041,-0.83600074,-10.87916
1925135,0.1505257368868464,0.00016582401777905098,0.8939565980300965,-1.7857099322977608,9577,158,-0.19596322110673445,-0.6731110320221887,-55.00514,-0.3222831,2.67270091628612,-2.861624353008662,6.0670757,-49.161533
1926070,-0.06254851096692308,0.12846910289454466,1.0908088300033876,1.8661616297618566,9582,88,0.7034007250796213,-0.663187629059297,46.651093,21.657763,2.00711461615583,-2.780411500493928,38.297802,10.971355
1927830,-0.012929843368033392,0.2352325798894681,1.817755939469444,-0.38409731759203025,9591,39,-9.126625737469439,3.099616149999886,-12.595673,27.9534,-5.4825563187579105,-4.441425731722208,10.067263,-18.482473
1928420,0.0720730613283833,-0.2119464558338628,-1.6117743824009607,0.7375284200413924,9594,26,0.8433751605448953,0.9682446451918262,15.713903,0.65848935,-0.5027568683897523,2.7204903684349895,-10.589677,43.780334
1928734,0.21884762541136854,0.06825732438298279,0.0018315184658822294,0.6010028641385553,9595,139,2.3499790601594266,1.873234223779266,17.106876,39.680035,-0.8138806453718205,1.177590262614907,0.32814768,11.068746
1929034,0.040571151429675864,0.059090355300379246,-4.046550383112211,-2.535022501322691,9597,37,-1.8533911476349665,-6.419897384984473,-40.025887,-35.71557,-0.9362382294955841,-1.2026225748430126,-29.206886,-49.52939
1929406,-0.0619802649362296,0.005452217457435696,-1.9207813554521005,-2.6171048716443917,9599,7,2.133997818409742,-1.3432423765678272,-3.3449512,-53.268368,-1.4199216443975526,0.21851204278226272,-60.778442,-17.433775
1929474,-0.1233169720992024,-0.01692991711900689,-1.9796213507218527,-2.051072796786518,9599,75,1.0018199889245412,-0.5894405980816033,-1.8972585,-44.097874,0.3369563833349777,-1.9453275674536066,-59.132343,-8.888204
1930595,-0.23091271842454464,0.04038516256227693,2.752346370890039,0.4322076628616334,9604,191,-0.744551433492475,-0.018803327805526352,1.3958477,21.215202,0.704002730590285,0.601122296414408,13.167562,-3.0658007
1931043,-0.14227315885449254,-0.0036871691946823715,-2.1796703322304674,-1.8720239891741277,9607,36,0.6532788066452563,-0.3807255451249743,-7.3695927,-37.280388,-0.2260699521632183,-0.4240433269183737,-59.13696,-5.48538
1931859,-0.12880594545463503,0.05361169354076163,1.7967398794058254,1.9008835156384825,9611,48,0.16519630418149076,-0.4728026562616585,41.999798,14.734817,1.188067466759553,-2.012973760517427,49.31887,18.01433
1931981,-0.08710821046589534,-0.09950222757903747,3.00609676446129,1.9744263577431034,9611,170,0.01769169583122758,-1.008543017451178,34.165554,-24.947433,0.538460596705348,-0.6126228199736474,39.403442,35.866444
1932549,-0.1913791529986681,-0.14447459795025128,3.8301402498783745,-0.08381923452634168,9614,135,-0.5030559291642923,0.4470615434953028,-6.49425,-2.4508562,-0.01459976848137331,0.27801516503627083,-25.532444,25.796164
1933027,-0.058935280570337964,-0.1797807031355782,-1.2248346971270279,-1.3254796937776234,9617,10,0.33449133244708473,0.4783257718092794,-31.63848,5.7234635,0.4901488604343515,1.4368609465554485,-30.88908,-7.311226
1933075,0.06255046369063211,-0.15695781547445983,-0.4018007420148235,-1.5795354537814417,9617,58,0.19889596514712782,0.34175615677046006,-39.390804,4.4114356,1.0295904847925226,2.500307971799437,-31.452934,-16.18685
1933245,-0.06484508786309061,0.015942210419449057,-2.0938204691697795,-2.577683660159449,9618,27,1.6205472424169418,-1.1105455126679156,-3.3815162,-52.45374,-0.7445949535318899,-0.10199897063395398,-61.560223,-16.604124
1933250,-0.059528133731075475,0.01181118955730974,-2.022310549992349,-2.6303035722159724,9618,32,1.9193951816064312,-1.1621468787671398,-3.618773,-53.317337,-1.1445186250592636,0.2957738194190778,-61.414993,-17.430435
1934109,0.14387873782327332,0.005676619208664704,0.966777510109056,-1.8546875437422012,9622,87,-0.256130276139299,-0.8374173700697859,-54.928425,-1.3431785,2.486189516737891,-3.1717921413919945,5.747728,-50.14576
1936193,-0.13846756847959954,0.11041540466040875,3.2092438702710533,-1.4816216194430194,9632,161,-0.641484456297842,-0.16437296238294063,-17.23134,-22.63072,-1.0214036011343528,3.910347510909955,-44.04036,6.8761363
1937021,0.16501376302769372,0.014995479662744185,-0.7181424732958033,1.6175353421487868,9636,185,1.914912830249312,0.4623749433484579,38.318714,-9.983764,-0.479029556622413,3.303304801291654,9.094984,48.93715
1938766,0.07955401495197963,-0.013339075394038183,-1.3941487280188833,2.4560417831896513,9645,121,0.6599321101552423,-0.23380066392906654,47.812393,-24.39381,0.04857298280673609,-0.6622796561937712,22.60839,50.86615
1938775,0.03616415178207404,-0.015345038331233768,-1.807660034153314,2.812737293467263,9645,130,0.5250585789476944,-0.7805434879631314,47.98625,-27.845201,-0.6075697453866395,0.4754176130997371,27.174229,51.274685
1938876,-0.2155153340901545,0.07323652093498628,3.1366197844452697,-0.6452093940713708,9646,30,-0.8581719413186428,0.3244856626139641,-15.102861,-3.1959536,-0.270418091737567,1.0875653434987218,-19.820053,21.646605
1939124,0.09381484742030591,-0.13249503863695794,-0.1268023529805917,-1.655754017014145,9647,77,0.10495469930874549,0.3545476055195077,-40.99392,3.106815,1.6574617855567495,1.3099157607882097,-31.989265,-18.146822
1939509,0.05797059490309468,-0.22923371781966498,-1.1508944066184088,-0.3444128482355543,9649,60,0.4575825575959298,2.5504420663607865,-12.628924,10.936044,-5.088073666898864,-2.1744084185978827,-22.380648,8.264637
1939664,-0.04946804817327754,-0.22716855484297704,-1.5344222588279304,-0.5015720825428465,9650,14,0.44180161179906857,1.6235557623934338,-11.721851,8.126168,-2.8294609008498948,-0.9437093667405377,-25.565775,11.013611
1939688,0.09206372947037417,-0.21647916880984858,-1.3681368889560734,0.39889253856991436,9650,38,1.1791454293760284,1.1658419361632761,6.6905985,7.26349,-0.1910264441313148,1.2295060670488756,-17.644598,41.74362
1942008,0.039623410549316576,-0.22272914629161408,-1.7351748814528427,0.6808724004759479,9661,147,0.691575678749146,0.8049574685922036,15.270676,0.34863344,-0.41799255419885145,2.2749267692737467,-10.244237,43.17707
1942287,0.2374445013280599,-0.015827588873452987,-0.19666945991875737,0.26021973736941395,9663,24,1.2896133698383314,1.3206579059219645,7.18419,42.151012,-1.603051222212462,-0.3010058470421761,-7.946728,7.8638735
1942805,-0.07371014051061735,-0.22793705429569797,-1.8229265028497514,-0.1212704380698601,9665,140,0.13739638945200852,0.46311857901204123,-6.8711596,6.1013713,-0.1105541438465659,-0.16975010437368798,-24.999668,16.010082
1942858,-0.00611721718372457,-0.23781445997388562,-1.463912165746607,-0.26520227239785554,9665,193,0.3364488180823709,1.1311093349208126,-9.733794,8.668462,-2.202567044172567,-1.0935404058320497,-24.097673,12.5020075
1944354,-0.21457130735201313,0.05542412379950668,2.4948419820298535,0.7879481528242285,9673,81,0.11325110711435127,-0.10981327858891642,10.6719475,23.430052,0.4503649641366173,-0.39276989382952654,20.157799,-3.4358094
1944960,0.09366658903841434,-0.15353579703267478,-0.2993427084904245,-1.4473346213704876,9676,84,0.06269671457156181,0.4995129805178543,-39.39449,5.9248695,0.8627057541089885,3.475270469301739,-29.66621,-16.414064
1946064,0.06760559639335652,-0.09733787769191311,4.265104594620777,2.1086806060307874,9681,183,0.5150556677897586,-0.27986039723915396,27.214415,-29.382906,0.12471319504229261,-0.1245911085233493,16.43203,43.585796
1946270,0.008884588262849463,0.054555780548564074,2.747759954484576,-2.6767994246702163,9682,188,-0.8116580250365595,-3.587295205254838,-11.612635,-60.09169,-0.8390078901642655,-0.17773252158794983,-37.188686,-45.552216
1946475,0.19431475735074422,0.13855815828888246,0.7253252697321375,-0.21177522376842703,9683,192,-0.3631808733302976,1.4865115246876273,-13.44683,46.976673,1.7956119548512914,-2.6559978081663678,25.164942,-23.388098
1946945,0.17242933999075993,-0.01833061536906047,-0.8692892905618129,1.5267581789709317,9686,59,2.010922664428322,0.4656091165540035,34.17902,-9.00597,-0.6996528549249822,4.148154466564265,7.346514,49.666027
1947121,-0.017120996762965135,-0.09346804294206623,3.367506466454543,2.3274321054122415,9687,34,-0.016935045839321886,-1.4138435481102865,37.01691,-31.439484,0.8652953858922837,-0.6997483135961831,34.32549,42.47549
1947441,0.10178631865250495,0.12034910061128978,1.723059849349872,-1.7085804602951544,9688,153,-0.5793468332994604,-1.1750656686381549,-32.81269,-20.395123,0.896717735824856,1.4797944048724823,-22.121447,-40.172104
1947614,0.13429215026552027,-0.19795645233198167,-0.893529112073079,-0.16238135224102124,9689,125,0.5487915731618142,1.9730472912493164,-10.623677,12.204645,-4.251568969967386,-2.181330924825876,-19.284592,9.572964
1947814,-0.21029797037956588,-0.09649874319613594,-2.9801975307713677,0.5376157406568143,9690,124,-0.11021851421692297,0.0830102966079878,9.885348,-5.616836,0.3608694544050728,0.3777279289592871,10.3383045,2.4595408
1948295,-0.0016639578798705312,-0.05279048335949301,3.3319688566226398,2.6978210422471465,9693,2,0.1741449633280684,-1.2163938474022036,41.978786,-33.5112,-0.8165168531414293,-0.20567758495488048,35.971375,45.778717
1948857,0.011590464118732713,-0.055006087086414475,-2.6974971428042727,2.668750427381284,9695,162,0.09020481242166331,-1.0705149292642886,42.156757,-32.452694,-0.08612227814721753,-0.5957955988292156,34.18983,46.05919
1948943,0.12295993125338466,0.09819051183688324,-0.18189956824855485,1.7115200060174494,9696,47,1.3992546670054609,0.0016889121106931533,40.03422,-6.2735105,0.21488000534039234,0.8598421114565622,15.47265,26.002
1948974,0.14191619901014757,-0.11240764837859125,-1.3860419038032998,1.4323094002381458,9696,78,2.2614028520559857,0.657681664996647,30.28603,-11.413861,0.8507212407913219,4.4295346043517245,2.188144,50.79991
1949543,0.09321443017625974,0.1854599650209426,0.5791466503239254,1.0518290769949927,9699,44,1.7011582558033087,0.5833512892383108,31.162138,34.505314,5.941097271652146,-0.6691860950182268,33.30296,-1.235046
1949742,0.0918203059470097,-0.0393771432802988,-1.5465715355676426,2.282888763019896,9700,42,0.4574206514458488,-0.4244124969966388,46.2888,-22.896479,0.6664971459810752,-0.9227242123475771,21.514011,49.603436
1950129,0.09281059917110748,-0.03954729259722081,-1.5397687700131504,2.2739208645834483,9702,27,0.46460327720605243,-0.4262507797737332,46.24234,-22.816484,0.6900147785379989,-0.95671291528238,21.34723,49.583336
1950509,0.0640015275759484,0.0065534631020542355,1.4014496669223782,-2.5988197625594944,9704,5,-1.0288893281322506,-5.504694005723669,-46.857536,-29.116238,-1.5289983878149567,-0.7108912172144382,-20.97386,-54.78597
1950978,-0.18901460855757515,-0.14010286658496163,-2.305016428647701,-0.3974261162151423,9706,72,-0.19637940133415768,0.3920197714150917,-8.98801,-6.884286,0.10527944438845963,0.9200976712980088,-26.990482,20.920471
1951051,-0.10054717784191375,0.11868097975350965,-3.1438271995285567,-1.731384622781667,9706,145,-0.2938989215395969,-0.3280488760214037,-19.956469,-25.543615,0.13851536618306431,2.403609198237973,-42.870144,2.6672466
1951338,0.01524699657930257,0.1981525323762698,0.8988727241000447,1.1902583298583918,9708,30,1.361901836101173,0.07755027187536488,34.216187,36.520084,7.096861663991382,-1.5159561737479739,37.44543,0.2529754
1951391,-0.07692500530750628,0.20840523191855326,1.5362724250427262,0.7762461740330407,9708,83,-0.19512525743597936,-0.0006330161309324386,17.696499,24.792294,0.4052000208414213,1.141155799521929,43.399323,-8.200996
1952256,-0.15048944024788902,0.039972612530012525,3.7467836995203543,-1.729627136091591,9712,144,0.10559277348462379,-0.20873364099991312,-5.355218,-36.0306,-1.0849905000277726,2.3815603740578393,-60.61218,-2.7701824
1953092,0.18670647240263066,0.15071203737582006,0.7006053301364844,-0.0429623874335016,9716,176,-0.015464234830007258,1.0320897046087514,-10.220242,46.996696,1.650592007789228,-2.521606208267701,26.356958,-21.717487
1955332,0.13681396202290425,0.052654914168948484,-0.5463095621428977,1.8274017629074846,9728,4,1.590161630638693,-0.003160155421697633,41.078148,-9.568643,0.04367707207907285,0.6691817904556099,17.08186,28.562965
1957221,-0.15857527446466146,0.01659377141500004,-4.090044613684862,1.6883771074451586,9737,84,0.062191998414402705,-0.3972572267205268,35.02389,14.698192,0.48378812791198983,1.5284044497312137,56.01518,5.0963264
1958273,-0.019674391801584798,0.059826011506501076,3.193794645946826,-2.6105580147901315,9742,131,-0.021574674637235045,-1.723930264991558,-12.431482,-57.950924,-0.4670129745889344,0.21669456323815445,-39.232906,-43.982067
1958363,0.04334229822741198,-0.07014639793700318,0.20275114627312865,-2.440164107519801,9743,20,0.8068495702316766,-1.1524875730308353,-54.931286,-19.748232,3.6143855826702054,-4.769584697945829,-10.278352,-46.835163
1958614,-0.024502043826393233,-0.09105963781623166,-0.6666456735662707,-2.33400379391207,9744,70,0.9554677970203107,-0.38638717331090455,-21.79904,-41.636585,0.40152503122322547,0.07629338129727155,-41.627945,-19.291811
1958722,-0.022753896155103676,0.030998272665493695,-2.669300371736406,-2.8197639646994133,9744,178,0.22808607109033394,-1.013613337628415,-8.20222,-57.06679,-0.7757382469834398,1.8729441248797905,-42.072655,-44.80571
1958723,-0.018411301576633662,0.03230714906860987,-2.7791766830954034,-2.830463857861597,9744,179,0.036917378688406055,-1.204771530822731,-8.584328,-57.25222,-0.8935500925285335,1.80124525723193,-41.59636,-44.863766
1959931,-0.06645420705098407,-0.03369148225010314,2.3556802049942784,2.5102695558391632,9750,181,-0.5422641467167981,-1.257632896250478,46.543316,5.9377418,-1.4174813434151912,-1.0116874597953078,48.097473,29.066359
1959992,0.056997124516162984,0.1793217766190804,-4.3504401422780505,-1.3393974928274937,9751,41,-0.8460717354297826,-0.1561052180215606,-29.587729,-12.224579,1.6027818941633318,2.463668747841004,-0.8580882,-25.735708
1960080,0.00402871671917969,-0.05090632519312333,-6.418622057270202,-2.712768745249392,9751,129,1.0914315750131753,-0.5360968968876846,-58.578278,-20.454525,1.002165985375094,-0.20939024871934797,-13.144208,-44.33735
1960868,-0.08425130212547062,-0.0805751460538818,-1.314913327916538,-2.127161316371822,9755,113,1.0044959444740318,-0.5118347619565247,-15.451505,-40.243305,0.25250233062561506,-0.9457936235862437,-50.793976,-12.867431
1961358,-0.026369261934810623,-0.12966947926708924,-0.7846009472139763,-1.973634432915218,9758,0,0.8746575704473999,-0.05296397197188879,-41.276344,-4.3520827,-0.43003669211994106,-0.3430600186682736,-38.05706,-16.477638
1961989,0.23701643596359345,0.017529919480676295,0.21346830688400115,-0.2792839003416491,9761,28,0.08772854701930036,1.9931896883230584,-10.459836,43.16531,2.3272888113596566,-2.03980256499589,-13.608997,-16.133907
1962749,0.04437550634280815,0.08463677113086801,-4.034032597505736,-2.322517241161625,9764,185,-0.8918482705935271,-2.971528327912489,-36.49659,-29.571312,-0.2737299173833507,-0.5954942720585659,-28.246832,-46.784027
1963768,-0.056861464601442833,-0.08354212274721552,2.9786092554834056,2.2723416866874375,9769,199,-0.15276543347586305,-1.4930818820415517,36.18105,-27.012175,0.07224344196995956,-0.7837842892797,41.51837,37.048084
1964599,-0.03756441478665949,-0.12904755353977462,-2.830450514917514,1.9527837713426794,9774,25,0.16855936646991346,-0.9798415731119796,31.901688,-29.685038,0.6414115691517198,-0.6571173301115988,29.312563,39.504932
1964781,-0.12318561478479034,-0.18914545842670483,-2.494732410594723,0.6933308473739769,9775,6,0.2609044923407492,0.21900732197004186,8.535926,-8.392801,0.5160921174035945,0.8354066092019834,-8.3509035,35.839256
1966113,-0.017035791019609323,0.09405835099014805,0.5888245474797154,2.3222975282537766,9781,132,0.7449168513939105,-0.5292100690066044,52.62197,17.5416,-0.851114147762374,0.34645043096227673,36.305756,17.814777
1966781,0.13508459938100725,-0.029324761140192224,-1.1707832314810651,1.9140312155571575,9784,197,1.4160632594223581,-0.1580160032425814,41.092598,-15.367485,0.7184086236136965,1.0446861113380126,12.702198,52.19438
1967251,0.1007380839316923,0.08149757025338905,-0.32026911103311106,2.000953156681419,9787,64,1.2231395123789508,-0.3496068950492296,44.00964,-10.213008,0.1270942290288069,-1.0964688826831557,19.696253,27.297863
1968319,0.131779578437636,-0.19069247691974,-0.7038792779641935,-0.5244352240905081,9792,127,0.7111561487779336,3.9796574795234987,-19.112791,13.737204,-4.90652024763716,-1.7444566268214046,-18.16836,1.8523847
1968591,-0.029860244062140898,0.14437508118725187,0.8654399305426628,1.818609765604682,9793,198,0.9282642099499531,-0.9024067805892033,46.805912,22.53528,2.4878386320998502,-2.930884121450102,37.041332,10.359895
1968689,0.0811289058268053,0.09495563591055656,1.8872481554249856,-2.0469750774811053,9794,95,-0.4287076852485567,-0.9530894072239127,-35.59869,-25.026037,0.3240749611384227,0.49875145042829366,-25.263947,-43.135796
1969218,0.2167870582049529,0.10262336107299797,0.47744614317652695,-0.07063552016614014,9797,21,0.08678228431323148,1.2699610540935191,-9.07704,46.160027,2.2924322410766766,-2.8020856792551494,25.825434,-20.13177
1969444,-0.14141173273486962,0.17067924757427094,1.869107189220572,0.7871639593090922,9798,46,-0.3599640254817758,-0.17893780207335033,15.47803,24.213999,-0.2968243524302615,0.4793744243169019,45.247135,-8.748527
1969664,-0.002572649481874023,0.20246625898500611,2.1502015700397075,-1.1333987358990312,9799,65,-0.9442876980872441,-0.42895960526378935,-28.289328,-11.27419,0.7202817003112738,1.8866970953745363,-2.315923,-22.683147
1971071,0.19526328717157726,0.0672101588212998,-0.20315506154427307,1.0693119587345337,9806,65,1.2673468750042332,0.5915717785471105,30.148975,30.671692,0.17313680562878858,0.8389450654761614,3.1064937,17.88585
1971141,0.1028052278301505,0.11201709819752624,-0.05646438926015247,1.7694352869937673,9806,135,1.2179548107770193,-0.324539873791111,40.687904,-6.020338,0.4413834332292506,0.019820216641182477,16.098257,25.377462
1971518,0.12725161627002238,-0.03850705165126099,-1.27752939049334,1.9673677103971627,9808,110,1.2063199613852627,-0.23492863956310442,41.636463,-16.380186,1.0011217667124472,0.4791554231462219,14.2439375,50.84628
1971989,0.17390805910226534,-0.09008075419537548,-1.0941699580354713,1.2324853516486343,9810,179,1.6068730910597053,0.5309673218842091,32.17044,-7.001076,-0.6776359192901108,3.440187981653708,3.7701602,47.98837
1972435,0.06223908649257828,-0.1650552783198404,-1.9553329605998229,1.490259682166316,9813,22,1.4342176045649602,0.20351694030365586,18.603292,-23.738138,2.185361524372909,1.8433744990655834,7.332312,41.22065
1973781,-0.06482084392184706,-0.014456873619769342,-1.631741345798378,-2.5808289615912416,9819,162,2.3623089040130254,-1.5119737944387335,-2.075563,-53.627552,-2.120592991722875,0.5005736342723026,-58.157616,-18.938253
1974059,0.10249999008714644,0.000629426162232688,1.1356634669998442,-2.2590456010892046,9821,38,-0.21337064855393775,-2.420095082305774,-46.01131,-23.68012,1.0498696357890127,-3.070501426123668,-14.535911,-56.186695
1974368,0.08058857781322684,0.22444734084359275,1.338807757453069,-0.22545750163134548,9822,146,-3.2820430717367683,1.8936486989021226,-19.074173,47.57058,-1.6831774236463424,-2.541017100842323,27.387444,-27.882238
1974621,-0.04361043168539021,0.09539080692527024,0.8810987283185056,2.2370068444170674,9823,198,0.6764305818407296,-0.6740406252220107,51.05247,17.727045,-0.5400333485518453,-0.4307945853726293,38.12958,16.861736
1975268,-0.010275345675511749,0.1587645732918389,0.7893201108623835,1.6922134429399414,9827,41,1.3184165148787341,-0.7127885280180286,41.703255,28.70394,3.6110935478843196,-3.1882722453897396,36.32945,8.348064
1975649,-0.04822566814266643,0.1594047157012499,1.0606962036744854,1.6077638275627355,9829,20,1.179709365370495,-0.02117373955190244,41.101753,31.219463,4.661819929475284,-3.171650304414406,38.23629,6.406025
1977132,0.22218965914667566,-0.011095372780308324,-0.4345077205979945,0.769225343624061,9836,96,2.010199207802247,1.5823568215053816,19.185617,33.837193,-0.7738056130854356,1.1128013872581095,-0.5309132,17.825983
1978144,0.1929580596439327,-0.0017443476888581028,0.6277230550915119,-1.2735256884817818,9841,103,-0.9620746112765413,0.33552846879659726,-34.83093,28.791548,0.1509152694649261,1.054044987702442,10.428497,-36.608303
1978966,-0.17536646797840605,-0.10567564039549775,-2.0503787341883855,-1.0977713107706717,9845,121,0.23999574201856583,0.5371351266700505,-7.3636155,-23.373814,-0.8927447818578953,2.940217065976938,-54.285393,6.5892506
1979421,0.2287057792431003,0.06478195678920295,0.41446783390201086,-0.2768874555142179,9847,174,-0.08379740531401256,1.9285296217683416,-10.91673,44.188103,2.494821213210199,-2.2469779413337165,23.965761,-21.690422
1980508,-0.23776546547573213,-0.004338171916334503,3.295185014829228,-0.27069758496373114,9853,55,-1.1758330051070134,0.6039268410381033,-10.252555,-1.5837971,-0.02766215517496968,-0.06582761012345535,-20.820301,25.233084
1981178,0.06283382862098838,-0.07008349999110844,0.3278945091761543,-2.3355627857446555,9856,122,0.5922651721584732,-1.5739283117115839,-46.414383,-15.280204,4.632725491924553,-6.488499304600703,-8.760654,-48.26885
1981362,0.12844972731536064,0.1644540402861274,1.4243719665158452,-1.033330746367611,9857,105,-1.80162199278171,0.570688765803946,-29.662586,27.722391,-1.5690653379626494,-0.29106641471418987,7.099825,-29.364117
1982448,0.0036834857204814963,0.23982427446968266,1.520384332898831,0.07010819705454378,9862,186,-0.7217953814099037,0.403925999865099,-13.500421,51.27601,-1.7776148737042199,-1.6603930815994465,31.499846,-26.742517
1982555,-0.054784170042805204,-0.03537695241081226,2.4193629721930865,2.591224721722594,9863,92,-0.5306741340694515,-1.377677294934915,46.956078,5.423099,-1.7944772740053763,-0.10550391233071592,48.40399,29.770603
1983711,0.0944477052334697,0.069100088169161,1.6930814452802827,-2.122891806008571,9869,42,-0.376323787858149,-1.3574217255580807,-37.102898,-25.45136,-0.1273101378495227,0.28160642774444794,-24.235355,-44.529163
1983795,-0.06576570096712775,0.14762777014009065,2.821897082518375,-1.6640185848325888,9869,126,-0.4397367693153535,-0.22419856414447983,-21.555569,-24.150259,1.5380716333733324,3.0201481667512877,-40.02544,2.5679934
1984009,-0.059295784293508735,0.13012175569415863,2.93089352564641,-1.865035451613168,9870,139,-0.289648633314249,-0.5725821403205411,-20.795408,-26.289833,0.6156479777040277,0.8336515633354559,-41.50059,1.2945721
1984786,-0.15758652424617198,0.10206840879841941,1.8944028314892492,1.34486976962482,9874,112,0.3947876532156619,-0.21300699127187522,26.56302,22.129614,0.699540911110061,1.8436527616755185,50.72511,-3.9862075
1985330,-0.07351324960153206,-0.026053374646598473,-1.561186516558008,-2.4796270292031797,9877,53,1.9808863836829014,-1.3459787725989096,-1.4760587,-52.69378,-1.3706702204460335,-0.007388855121176527,-57.44256,-18.401487
1986090,0.05412632573361175,-0.1566984511776233,-2.046462318351752,1.6165044722605726,9881,9,1.0438269891727279,0.02821796123967232,20.599798,-24.369833,1.2586380761793088,0.9675675269385225,9.262495,40.816765
1986416,0.02154383717707508,-0.22021833641730842,-1.8709704732218586,0.7953865477713136,9882,134,0.8227029706842355,0.5806910857780364,10.259341,-11.578882,0.564240079689212,2.590194486286415,-7.6803436,42.817413
1987116,-0.21028310978050083,0.0609393268132089,3.2816252067431146,-0.8442046575488718,9886,30,-0.31611047198461184,0.09273579786377854,-12.577157,-12.83234,-0.8182621101214456,1.0648195086161372,-44.96754,14.721153
1987460,0.20108881819797197,0.10685624309898942,0.1671246369494926,0.6426343176678346,9887,173,2.2749392022160695,1.5597548509963295,17.846264,40.405212,0.3359826289434774,0.8271531042086214,1.1398191,10.035966
1989201,-0.1345482211295545,0.16405017002693864,1.771347089916654,0.9727311764071445,9896,105,0.08399223050116791,-0.17181739061834275,21.302914,23.633787,0.4204484142949801,0.6178859676842879,45.888626,-6.470516
1989229,-0.1506211103426836,0.10437587749986782,1.833592664619872,1.4040157872830312,9896,133,0.3527692506655231,-0.25720657496127136,27.90429,22.421618,1.0275367506727144,1.6605008546061326,51.451496,-4.0559835
1989670,0.23788698284425772,-0.02044156498182251,-0.18726662350477458,0.2030949150806871,9898,172,1.0305444111572628,1.2310028944388047,6.315569,42.226803,-1.409663078782804,-0.9053781146738652,-8.467976,7.3076696
1991685,-0.0675944750298785,-0.05126148758505222,-1.2832430609611705,-2.41902886511989,9908,177,1.6545978967405444,-0.8545159097577162,-19.909105,-43.299755,-0.7692110299003554,0.09154360884306238,-51.007393,-17.528452
1991824,0.2122051257690603,-0.08203311660693825,-0.044834068730624725,-0.6480908069053577,9909,115,-0.07850962957568328,2.926485895306986,-15.292707,38.482986,1.218403749214415,0.9396012971438049,-18.539028,-16.253513
1992894,-0.030013396504203232,-0.04099898813716722,-0.8452404788984583,-2.71494203973021,9914,180,2.2656381893954225,-0.22568745412975647,-21.800507,-45.820015,-1.0159365709761676,0.440632849829012,-50.377556,-21.414114
1993137,0.00901195795092434,0.14051621341364115,2.4505839031976495,-1.8876690144691177,9916,21,-0.5157017551733036,-1.1335206470218033,-31.383892,-25.574377,1.3146430538613134,1.106198495665464,-28.482996,-39.262238
1994153,-0.1546060513468665,0.1373297289355384,-3.3355552050952326,-1.064652094280109,9921,32,-0.6163858620137789,0.19223395146301844,-15.135791,-14.183664,-0.09631607571651019,1.8998060672625787,-42.104202,12.606749
1995514,0.16980269681465437,0.01940593095528892,0.8920792251098631,-1.5565755001985473,9927,187,-0.35701605299053973,-0.433212977887099,-52.551414,2.1534767,1.6740270463423694,-0.6888149988856731,8.742089,-46.988575
1996441,-0.08872311574193646,0.21745857155820236,2.165479000343591,-0.4145975053300831,9932,109,-8.103829821053568,2.1445219394518937,-13.526916,25.187798,-5.498878586857058,-4.4710693498284995,6.4969816,-15.100382
1996549,0.13548782466295142,0.06782336303320083,-0.4234323543485866,1.7750979541782193,9933,16,1.540699466724224,0.11405202496479318,40.657185,-8.359656,0.021961907549671693,0.9929606531931822,16.286005,27.730572
1996584,0.13944673258264484,0.08802826568768397,-0.25019422232210475,1.6265764013338642,9933,51,1.4720782710803442,0.2506788026146548,39.246582,-5.848703,0.0655937719881284,1.7617962652676278,14.611847,25.895773
1997141,-0.21741946530661205,-0.07695359461995699,3.2015167474807447,0.5605140718154825,9936,5,-0.16557308118715303,0.028046149784070922,10.449548,-5.5251026,0.4431388940867757,0.3877203293908964,10.930309,2.4379025
1997313,-0.21302203514714696,-0.0008898122543773007,2.667080727328987,0.9573779843244024,9936,177,0.08973139602043234,-0.17154496061740515,13.788484,22.472149,0.24060244580290205,-0.4294313304711335,21.882372,-1.6652858
1998979,-0.18982383474206138,-0.1366065907320924,-2.291271646310093,-0.45305791254100075,9945,34,-0.1324348947894417,0.3731158101148859,-9.143717,-7.627423,0.01003318099117165,1.039592639820723,-27.351974,20.669847
1999159,0.04920353956223088,-0.1718922751089465,-2.0222924530865205,1.4605752838622004,9946,13,1.3584670105207421,0.17851742333035892,18.462946,-23.33365,2.124176515241915,1.6187588081524267,7.0010347,40.827457
2000082,-0.1686479485761505,-0.14057321238194476,-2.0309512997676387,-0.8315734321445981,9950,132,0.2406968465802662,0.6809055697696198,-9.218257,-15.433424,-0.8472517837716306,1.841785956288452,-53.303192,11.2100525
2000249,0.19919720861929857,0.07441062149398002,0.8396363892360625,-0.9642706723682923,9951,98,-2.438793949483408,1.1039923825221467,-29.832504,34.5748,-0.31997214982273825,0.03271771544353181,15.029163,-33.088318
2000387,0.043153705623355604,-0.19912334317020103,-1.9141966805006845,1.113636945418208,9952,35,1.6737566578769167,0.45781112850765987,11.092376,-16.001518,2.6595828832017427,3.1971722551129744,-2.2142544,42.606125
2001454,-0.10583377666080586,0.13807054100476715,1.4648204508128617,1.5199319464937255,9957,97,0.5073854650698293,0.10667442766786568,39.34888,34.776443,3.470417711173118,-1.0565151938630508,41.579094,2.837058
2001508,-0.128039670275246,0.1820600534459682,1.8003255722178721,0.7667928393730238,9957,151,-0.44642073117792763,-0.17084657129875558,15.732131,24.358192,-0.35616648084371977,0.7144759615241748,45.112473,-8.602153
2001615,0.1294227037419718,0.028632684488377233,1.2034018907280275,-1.9713499831367034,9958,57,-0.379696622117163,-1.0882028931321026,-54.00972,-3.3229663,1.2203158956193791,-2.0748672464754727,-13.393542,-57.91686
2002179,0.2225214816608668,0.08532996867744688,0.24782733976969512,0.23669396098260517,9961,18,0.5141455103688349,1.008738454588682,5.85736,45.53775,0.8040453033236634,-1.1400976905182825,27.390827,-15.815244
2002350,-0.20192447725870294,-0.002317065067684823,2.5821530200352747,1.1418280785503274,9961,189,0.20145546403654083,-0.22108815581794655,21.490215,19.73406,-0.11334331725486833,0.7296074891164135,48.22158,0.5001492
2002452,0.036925706136823104,-0.22666572109812388,-1.7040018794098408,0.5893902724107156,9962,90,0.6293879752730015,0.9113086596836235,14.877048,1.8856167,-0.6985816387972894,1.828688676608364,-11.496825,42.94341
2002882,-0.20295460561282522,-0.1001525621823342,-3.022433952633303,0.6785069321766791,9964,118,0.010832339003770744,-0.07288120760436885,12.764658,-6.8740945,0.36183516561816004,0.19856456964461278,11.936818,3.98748
2003182,0.061827791084132985,-0.11948169329933825,-2.069025526571077,1.9515045711089203,9966,16,0.5356955503119972,-0.2262075411858029,25.354362,-28.560938,-0.03239879175734019,0.06328623268922187,14.136258,42.32084
2003758,0.20357916024079614,0.12624095972504223,0.6167376429230652,-0.12332856781709278,9968,190,0.025740307187993437,1.326290106929565,-10.417168,46.318974,2.1341000187704897,-2.764668500410995,25.624374,-21.68122
2004207,0.008350263177056682,0.23521435275633495,1.73221339238683,-0.39380563265896973,9971,36,-8.400330226443122,2.928705810517734,-12.830182,28.617043,-5.06967163558887,-4.156068002666822,10.672289,-19.534254
2005632,0.017752560880949855,0.03750019227131726,-3.75748182672615,-2.7940971356520143,9978,54,-1.904463083179085,-6.318344551953244,-40.49851,-36.709587,-1.5543390466419351,-0.7673427178702683,-31.83758,-49.992043
2005906,0.14569388003903339,-0.18831720203013688,-0.7863020442974538,-0.25204124650671905,9979,127,0.6325964291680262,2.649960758218009,-14.320252,13.975313,-4.815044199305521,-2.3178998770126085,-15.482216,5.4172945
2006777,-0.19276087347417686,0.1336820447598221,2.7481662078186897,-0.42586420365047384,9983,194,-2.4922833612916415,0.6751938772419845,-15.293811,-0.3726291,-0.8133221476361618,-1.0475126807800528,-0.24827503,-11.171643
2007060,0.027764545798292392,0.1668039176859368,2.1948256147419647,-1.5779346874616664,9985,75,-0.8773656273554533,-0.7469485168836206,-30.727928,-19.926987,3.3233928190709237,3.3432559930321344,-22.660917,-37.077675
2007263,-0.23714786525084053,-0.017566145656643183,3.3511096970650116,-0.2711590553073157,9986,77,-1.128502071359088,0.6518539288872871,-10.22279,-1.7878585,-0.10598652924682582,0.10604528211516101,-21.402021,25.059116
2007765,0.06763895138701653,0.1857475879919192,0.6186237520503556,1.2059058110747183,9988,177,1.5734402619407888,0.3532320293413753,33.323612,33.659893,6.21898365988724,-1.5540774652402234,33.492294,1.177602
2007802,0.1303762863301627,0.10518911403323082,-0.11931881946953111,1.5963989241619234,9989,13,1.3818298785874727,0.0213163086669153,39.529922,-5.1523485,0.38849529782506514,1.3589840436628593,14.838085,24.931974
2008211,-0.20558890230289395,0.06612653507836488,2.3790072304917693,0.9027829328980307,9991,20,0.12388104078873799,-0.14015966852858264,13.657396,23.258968,0.2604059470391805,-0.6392151344588388,21.922005,-3.237863
2008281,-0.23778558205142475,-0.027953197575144674,3.3279690275840763,-0.1387142641931762,9991,90,-1.236110094819084,0.5513445738575974,-6.553366,-1.0559928,0.06545973323930175,-0.5613273268127057,-20.223015,26.37728
2008323,-0.2251010746293486,0.045503265948859846,3.236823939742069,-0.589378771204287,9991,132,-0.8045739384848757,0.4152014262824873,-14.064931,-3.3433769,-0.2722525672545382,1.1117105857826606,-20.454159,22.200943
2009368,0.022939130310690496,-0.2374302378193845,-1.5849989656663976,0.2210357869764721,9996,172,0.727742106439941,0.6224917148485332,4.5531955,6.283131,-0.26887683801218,0.1316978541381087,-19.123064,40.055626
