finger_x,finger_y,joint_0,joint_1,episode,step,epijepa_pca1,epijepa_pca2,epijepa_pca3,released_lewm_pca1,released_lewm_pca2,released_lewm_pca3
-0.2093465604903495,0.068677481472573,2.4168500351601585,0.8154975755690219,348,0,0.11704597106530587,-0.20303088468701744,0.19242426959346265,0.3617641430781829,-0.5103230850227587,-0.9582022349876036
-0.21213527252266062,0.07909407548766087,2.4464579960344,0.6765051422126989,348,1,-0.04761594700084781,-0.16227941403693333,0.15353663515314567,0.46896025077516296,0.031358053214598926,-0.7328210759201527
-0.2129968997293278,0.08026541872759721,2.458599827076246,0.6452227021348722,348,2,-0.1337382540829443,-0.10490819461442207,0.12148819281926224,0.4991737928409297,0.1455504751053702,-0.6659664868607258
-0.20802601931246806,0.07488230821990369,2.396479467314268,0.7991752898873391,348,3,0.10598599723920846,-0.23950173787539605,0.2235972296585008,0.40677910698875835,-0.4156426893555403,-0.9077278067489799
-0.21019571860885877,0.08446160169868495,2.4228952506988035,0.6732398810900845,348,4,-0.05448634395040774,-0.19811467538612565,0.1082810584200572,0.4849187616711037,0.05216946185132261,-0.7122343399389368
-0.20820609165304355,0.10193830549983643,2.4244861842613328,0.5236221709144486,348,5,-0.39384675086853715,0.04731092729516986,0.0735274782819514,0.5474137952477528,0.3467868237904199,-0.5227667006044243
-0.2061489130127359,0.11455786940269166,2.4479383430056636,0.3728840631099101,348,6,-0.8951307934233702,0.245902934352276,0.0710675051368385,0.47077680046830334,-0.050434324388425975,-0.4412779775262935
-0.20367095798847565,0.12418364384515623,2.4838602034411372,0.22038312591493323,348,7,-1.8982200338467978,0.42278312778720134,0.2595270424692608,0.19982639300529953,-1.178472121615432,-0.17774636935293542
-0.20583746131203745,0.12051509270650915,2.500891600097294,0.22204293119291635,348,8,-1.860026605333997,0.38605344166106514,0.24961413840587615,0.23012477265087045,-1.0825887226769066,-0.17820792081846373
-0.21204830365034485,0.10873203455799335,2.5487053201682253,0.23815179169287515,348,9,-1.7404720914056788,0.38370339063712366,0.1913355443456467,0.3923325860296516,-0.8232943060416306,-0.14907860292039601
-0.21517204459123518,0.097105106459655,2.536417502399889,0.3624970721837959,348,10,-1.0721756201968444,0.2562205578464365,0.040617781542193226,0.5805837977730335,0.031060764737143566,-0.2933126768497192
-0.21370792239858738,0.10310233398025091,2.5413533720154877,0.301467971393686,348,11,-1.3644502382862105,0.3240775668725395,0.12379554111781246,0.5012896488381345,-0.3350399257715061,-0.23389319395789765
-0.2140984419964025,0.10027112707575617,2.530551477100973,0.3460796080467705,348,12,-1.1214696307911025,0.27004798019016946,0.04670880788723793,0.5456859584244446,-0.04644229952822576,-0.3049505805612984
-0.21553272546360874,0.08768139363444082,2.5077011373743736,0.4950523556560385,348,13,-0.524587520513603,0.10570241136067327,-0.054172688794972626,0.5982101330439041,0.4194344566999121,-0.4024140930061685
-0.21971783440712808,0.07804423178981695,2.56109586806052,0.4783902687569164,348,14,-0.6464640298810684,0.12293604117171049,-0.03021541518350589,0.6062805482304344,0.43421120837080135,-0.3470235447545769
-0.22070550914371126,0.05827678032463581,2.5694967801567588,0.6278803456905103,348,15,-0.10579406610327938,-0.1193974289526314,0.040062482174932815,0.6066043581489187,0.2518167933821922,-0.6066412188555371
-0.21525431228184802,0.03974397047031941,2.536477769086377,0.8450677177778185,348,16,0.12215028928010177,-0.0920210345950758,0.18913995796311503,0.40543823554504954,-0.5311707371670559,-1.0762318721371131
-0.21826132218465527,0.0332524180708218,2.587473493985296,0.8058607020383382,348,17,0.17086457685525208,-0.15959424507989411,0.19425353448007046,0.522767124609797,-0.3927925610347026,-1.067185281531899
-0.21642991227153419,0.024694848309416942,2.5948198254208883,0.8663265078115236,348,18,0.17424545297138083,-0.14665242180182386,0.18764994880687724,0.40764459790160823,-0.5231721283585861,-1.2093882670855542
-0.22209893202156228,0.027965885742426425,2.647421589615938,0.7378278481184353,348,19,0.07437687713718472,-0.26146627585844373,0.1056950281486554,0.5793552888150824,-0.12947202301012628,-0.9287101123445887
-0.22711378937004198,0.03421715196199723,2.697693515600433,0.5887259296384225,348,20,-0.24900857311902067,-0.22139735298727783,-0.0181045168117451,0.6700479507937491,0.5062372642939437,-0.4946723369871528
-0.22540683597865369,0.020858785313333895,2.7106787830786314,0.6772765591502391,348,21,-0.0029134903056457565,-0.2355518352765101,0.03483323948791735,0.6206132779914998,0.15262678764906745,-0.7512695157160756
-0.22030742120633628,0.007414069021189629,2.7013431065241553,0.8132179107577808,348,22,0.09338332886707248,-0.20509989701194484,0.13400714642071818,0.48054763868209993,-0.3882274681341384,-1.182677627245006
-0.22259117912193932,0.005668853905712749,2.7337097486143294,0.7648417005129944,348,23,0.03345304067155686,-0.21048843258095196,0.056496292829718325,0.5247490405401846,-0.21771685121675755,-1.0383593065651833
-0.22895521181420636,0.004354059440199946,2.8185971358265594,0.607961460757626,348,24,-0.2982562478472406,-0.16851946935577583,-0.10095876230110522,0.6194974901569569,0.42269315355332143,-0.5239166903231497
-0.2222269013763839,-0.00808935322223471,2.792340036128796,0.7712757506476087,348,25,-0.02019720303264918,-0.1947412934715088,-0.03818266594477304,0.5247510616532054,-0.22739457462045504,-1.0864317555146543
-0.22417255106303285,-0.014417461934727892,2.846060381109621,0.7195158892988647,348,26,-0.13350268649302394,-0.20690564729078065,-0.12354519025539808,0.5463059811141467,-0.010696863493000239,-0.9322174742533929
-0.22008748258199123,-0.023618565297030936,2.8516826701419893,0.7936305802147556,348,27,-0.07404038202810811,-0.20190207860199408,-0.08233329257652282,0.46527653052864526,-0.2764876138728605,-1.2062988863446884
-0.21780166133043882,-0.026941781317800034,2.8479514255761647,0.8334294665725195,348,28,-0.03570213608958326,-0.19230450616347697,-0.0499903732004449,0.44958440110497583,-0.38475056527049384,-1.3437679619406622
-0.2089451684610267,-0.03693534868269527,2.830329244962727,0.9724529563946062,348,29,0.025033839419433053,-0.11767016531226167,0.09112279366415171,0.22029697418620622,-0.34022334453399744,-1.4647870656097741
-0.21110866587110388,-0.042852154818132586,2.885261222346675,0.913193444177713,348,30,-0.005658373112854866,-0.15022985791885993,0.0035273945825652336,0.29795574286584015,-0.43747506284828047,-1.5168362310916712
-0.20725715514877616,-0.05676381673654401,2.9473934489880405,0.9230497635389775,348,31,0.017903947695070154,-0.12526054639683512,-0.08515481755616636,0.26474660832841107,-0.36536190103879473,-1.631297959706758
-0.19999618498810967,-0.0745183258273657,3.0232347172735525,0.9500434581618722,348,32,0.03714432862997818,-0.2053267231423139,-0.08406908892327,0.20570000936653215,-0.27222460364128853,-1.6624381962855372
-0.1858650975365315,-0.09288952768900094,3.080941223477283,1.048227701536489,348,33,0.17554532564949166,-0.27005190804857887,-0.0851884691049991,0.01704385875812077,0.07504229280451577,-1.625536079804691
-0.16446189631734734,-0.10918459299902356,3.122708125085458,1.2099245905887366,348,34,0.2978294625970042,-0.11266406747220829,-0.05824166613579841,-0.3029447653042576,0.958385455180496,-0.8845292286552852
-0.1473158645424422,-0.11525622878375659,3.1283342043985254,1.3543191571969013,348,35,0.26720196771712545,-0.06757098838745922,-0.07987850163521089,-0.4209604700195401,1.5064197431423494,0.34394879714147203
-0.12789458929830386,-0.11926515828720397,3.137635871631902,1.5089094706106858,348,36,0.2769795585157776,-0.08225326605890314,-0.1306551242775677,-0.288827176921903,1.5055370491589681,1.6226673678591792
-0.11845447176056646,-0.1257758730167445,3.1898122598301213,1.5342940507006286,348,37,0.28135016213267255,-0.201748778808865,-0.04852776805223895,-0.31218615405271327,1.2691776438618054,1.4886092394595973
-0.09696609184124375,-0.12939501531895867,3.237735658487005,1.6630977154300142,348,38,0.22049763119463195,-0.3261859674286363,-0.11509881909622287,-0.0572487878668133,0.5804682743029573,2.009636565869491
-0.08518093814768511,-0.13354959270757552,3.294657207984842,1.6999297140622005,348,39,0.1981005240884995,-0.4001111419544283,-0.15216788611801083,-0.020816274757678555,0.2983054373087619,1.86389268641628
-0.08077834189769822,-0.1342409887302415,3.3111627684520712,1.7190547117201134,348,40,0.20095073750433026,-0.4106388545746381,-0.18107545191135194,0.0029451939722411856,0.2101003641253309,1.815587402835696
-0.07856868259115277,-0.13212332003951316,3.3002527227459675,1.7513023976077668,348,41,0.19691853695666975,-0.4753220090799073,-0.2153864835478106,0.13344849872396447,0.07640641260236732,2.0108785884889593
-0.077291932936513,-0.12349404132046865,3.2346827607456436,1.8369547148425946,348,42,0.1694485114388835,-0.6601107041789592,-0.24510390176189928,0.479457059012491,-0.23184925390668049,2.5253047517476648
-0.08014689849253354,-0.12349138085695546,3.226293192065211,1.8208364453472121,348,43,0.17262235463915737,-0.629181634382524,-0.23415233285096548,0.4103423680954599,-0.12390761343587588,2.5312450808367393
-0.07350044704664267,-0.12744969714829724,3.278358521102208,1.821836611694769,348,44,0.18026085457592003,-0.6328616517714607,-0.2172167468897374,0.40974578326450123,-0.22065428796895054,2.2939105391322108
-0.0791180014437159,-0.12990454767509815,3.280946623248268,1.7687940905543622,348,45,0.19488485647089324,-0.5176004261414684,-0.20794328805345896,0.2118304759870064,0.03637420538210638,2.1691824182886954
-0.09412708317910422,-0.13415600420520737,3.281430314223958,1.6382870917609598,348,46,0.22491411106495476,-0.3044265461560594,-0.11753113939467792,-0.18959807754952165,0.6050847310234344,1.6016635658093603
-0.10108379810794503,-0.13236086799836658,3.2563268911842322,1.607702842854122,348,47,0.23107463662395453,-0.25321120026394156,-0.07754265464336513,-0.22461753081132668,0.7657565334128942,1.5863968506583759
-0.11357587855075842,-0.12573283757127748,3.1907560497310574,1.5739829074551042,348,48,0.2858246478286777,-0.20678049757271857,-0.044779189018403526,-0.21665226047625863,1.093851829284918,1.8432151223483955
-0.11273243789626322,-0.11387654637837454,3.0923066102691306,1.6794659721414307,348,49,0.22604050332743478,-0.4010614737007587,-0.022266124076229493,0.13106476408610437,0.8796255993913803,3.02586178575343
-0.13299228841456745,-0.10255023825920853,3.0027062207669575,1.5915096084300036,348,50,0.19045227134920223,-0.2849893519381869,0.03689741209257101,-0.06817109083500054,1.6814227754413549,2.9236228717667316
-0.1460064069888618,-0.0906954069516051,2.924947808450179,1.5449765231842856,348,51,0.12483328411381792,-0.27449133897036426,0.08210071033871752,-0.11707721130919682,2.0872083224813625,3.0196322099513084
-0.14179467578006597,-0.08817309108346766,2.896544575919331,1.6027384224665018,348,52,0.06890858719404093,-0.3863667814676459,0.042489842931841715,-0.03813543693553062,1.9178191700185616,3.542716027869044
-0.13703912731990517,-0.09469044028701717,2.942534183315973,1.6074016574413772,348,53,0.11300826364465016,-0.32726271064750484,0.027158847228148642,-0.02170802089611938,1.8082922111111837,3.3652821029245987
-0.1253128490739282,-0.09769265227025872,2.956527161931208,1.694473728181754,348,54,0.09744693804433821,-0.5260101505744728,-0.017364144337234228,0.12725461262731316,1.2370001172831429,3.7441138834126884
-0.12639661512233719,-0.09879914806408946,2.96638060511112,1.677338890907372,348,55,0.1100999433652593,-0.4937291908676774,-0.026861715116979493,0.09372999453636291,1.3494470895631403,3.6177271754674942
-0.12342152362836416,-0.10024937530672856,2.977146479695083,1.6932266141521395,348,56,0.12966460165241867,-0.536443333270919,-0.014024289377153672,0.10960304167492538,1.2207839867656232,3.571224076694805
-0.1318667605410284,-0.09991034330100448,2.979760214201626,1.6204375723098763,348,57,0.16206331793566883,-0.33522336949700354,0.04047289060228908,-0.004431585078822485,1.63006740840914,3.2606366030440457
-0.1300441404351351,-0.09628097841369128,2.947981997123688,1.661842015154378,348,58,0.1022175200510631,-0.421064475782103,-0.0031569316520553142,0.06980368368832056,1.50047038755374,3.6304593934645246
-0.12372180297614187,-0.08666657248758025,2.8626403368672797,1.7800215758662261,348,59,0.04608205930936579,-0.7265813940020582,-0.08174983693621501,0.24966748475884487,0.737384722600232,4.224590600648057
-0.12893853785327342,-0.08289447961440213,2.834961058269233,1.7559976315126067,348,60,0.04909705665787102,-0.6816943588133888,-0.04228499157216686,0.18696143558372985,1.0120540652600576,4.288132122678988
-0.12975161267362983,-0.07812732555835007,2.795715756718151,1.7757220570981276,348,61,0.037067768792371725,-0.6977766220587954,-0.010715925683919544,0.18834229890547402,0.8448749060378512,4.400710952225099
-0.11834488344173386,-0.07088730266511294,2.722827645554361,1.9168818285019107,348,62,-0.045549138753449715,-0.7369849004551493,-0.04845757141617024,0.2855956519822478,-0.45533523894500544,3.9534119607717
-0.11691704187502734,-0.06639732300579453,2.681942678884514,1.9522658369982069,348,63,-0.012344362842744656,-0.7316071813678118,-0.11555492863592616,0.2358763611959401,-0.8245638149995547,3.610784982416152
-0.10217864921696398,-0.0694667054893529,2.708668162310836,2.0600045156778757,348,64,-0.07586468955127668,-0.901619307808947,-0.23973661361973173,0.19014841020348644,-1.4012317663013523,2.5164763559016294
-0.09304306882771589,-0.06629137332981458,2.685966417779197,2.149358728692456,348,65,-0.13006311713379365,-1.033378803472378,-0.28426540427327723,-0.08809281226567132,-1.6675237330309924,1.3534275340240363
-0.08052025768689841,-0.06471028554224473,2.692715580872148,2.251682054127197,348,66,-0.26729719974559807,-1.2542252950045878,-0.26058104151173794,-0.4566440279218069,-1.3994977904953607,0.22608105661035177
-0.06649007821565296,-0.06708650755665492,2.765157960708806,2.3325958012240284,348,67,-0.3243120930547239,-1.4490942801561362,-0.3476025976824799,-0.6109149132282202,-0.8087483963129936,-0.2632935775681384
-0.07090463338423734,-0.07110178216280863,2.7892556874617958,2.2782468751798226,348,68,-0.24393029091476906,-1.4156064469905159,-0.3647807556830663,-0.3832443131849227,-1.0323067107039985,0.2734359368878438
-0.06202162507981694,-0.07031846435734082,2.8201719623730397,2.338860455652758,348,69,-0.32541821396478976,-1.4797038419142268,-0.41117718130944897,-0.5704209225964526,-0.6442633796352417,-0.15849749398057952
-0.05615435187595171,-0.07068685695236984,2.855911770470857,2.370308120375306,348,70,-0.284151107206282,-1.5432991952901869,-0.42018879256073094,-0.6432648327673973,-0.4379607024918127,-0.4206023380832471
-0.060801509369789876,-0.07653403402051827,2.889721108370785,2.302655783029871,348,71,-0.2382820466258688,-1.5155315938627547,-0.4327855423527303,-0.27126053105439324,-0.7333549912038821,0.3091714878182871
-0.0487586101768922,-0.07222354981421776,2.919351308643212,2.3984292652590034,348,72,-0.14847526446082251,-1.5618705083571842,-0.525188038792836,-0.5879411598175193,-0.27420644250081067,-0.40697088419723276
-0.04257487764008873,-0.06589903160404004,2.9010109200026584,2.475552003062638,348,73,-0.12777901592652227,-1.5711181215561512,-0.5057850170326302,-0.9437077768447062,0.10355037630846531,-1.022499572657683
-0.055931195422003976,-0.06750191812728179,2.8235771073072113,2.3937628045275887,348,74,-0.31633099954016175,-1.4959650449948614,-0.4540872837785594,-0.8192829984766121,-0.31820780997115433,-0.6988687530951739
-0.06193452926341197,-0.06704191693858763,2.7858920283807285,2.361354984383009,348,75,-0.3357398739982404,-1.472706362321053,-0.3902466259724312,-0.7159773645364598,-0.5856459253140346,-0.5244205096133508
-0.04881950634442042,-0.06265301792153584,2.8169696087705147,2.466975861218089,348,76,-0.2668091527344127,-1.5690741035460567,-0.47545463049959164,-1.0767884371956198,0.03117502111563685,-1.1643269819528752
-0.03271076526459056,-0.05853160102617394,2.9151261650787914,2.575290863570998,348,77,0.0672419234060809,-1.5788249257053957,-0.5292016432316639,-1.2238016983390678,0.4790562954073825,-1.5188361042653826
-0.014201542064306572,-0.04793924274362761,3.0634529675099014,2.7218638413872953,348,78,0.24547360242034091,-1.4320256917354708,-0.583931822448348,-1.4361604967756463,0.6181065183463897,-1.6665349353207395
-0.00734846994749952,-0.04481714313189848,3.169452780999925,2.760833456825318,348,79,0.2473638439255385,-1.2236753552616624,-0.594576866241385,-1.44192726043528,0.29327150670751245,-1.4254934392072567
0.00011813074212026209,-0.03895624165529302,3.3076648202383385,2.8155130932284567,348,80,0.3205877771733163,-1.1978404093305588,-0.5504249846756574,-1.3484226171083766,-0.0948645583265368,-1.1353123078417193
0.005453605518799837,-0.03692461780089699,3.4443836501441165,2.829281757948232,348,81,0.31403247675925533,-1.0385433334192082,-0.4881276193859582,-1.0728743701108328,-0.40869238884950604,-0.6400221646571606
0.011102818584610999,-0.0461027232204289,3.576815728607169,2.74380165010676,348,82,0.1307590474072925,-1.0772611867888506,-0.63300937487758,-0.45531670889907033,-0.6181923829020162,-0.005077290271849652
0.012152824430848419,-0.05357010506896832,3.5956025701889778,2.6797378595071897,348,83,0.10403570314370861,-1.0795117808308803,-0.6402611409565687,-0.1379973782618373,-0.6099766028167601,0.21667810421894956
0.011468107602188929,-0.041970168217006956,3.590620321752684,2.7770036829253435,348,84,0.20098029126002895,-1.014877499927031,-0.5762903246024812,-0.5728337808511409,-0.6266477111472345,-0.19381932642085542
0.008018197789200543,-0.045453273778887776,3.50971996223007,2.754555774090502,348,85,0.2386592870127093,-1.1250125132181799,-0.6511755383204122,-0.6360993558526812,-0.5319878901228078,-0.25286017574158953
0.0068620835624668,-0.03992436610054623,3.481409336644883,2.8023871833681384,348,86,0.31506192380576403,-1.0966912697630748,-0.5532441351362648,-0.8871633401612588,-0.4694449427748801,-0.48081011605767177
0.008889931825160471,-0.037227407485190864,3.5361628333213426,2.821273717563425,348,87,0.2829103482769487,-1.0702835698865947,-0.5805733594835918,-0.8308231650631718,-0.5308348792954052,-0.39772923449803116
0.014783532628317386,-0.049686484024128785,3.6484999920779386,2.706167955873234,348,88,0.13375264067036505,-1.0314763844726296,-0.60940344958722,-0.11850755676766528,-0.6398938295560586,0.20849898383451526
0.01975291750387101,-0.04707718888775421,3.753228421208648,2.7128727262572143,348,89,0.17239918684566136,-0.8999990691418788,-0.5439681650674175,-0.023221120187824275,-0.6844930203266946,0.1174988983319028
0.020558415256670085,-0.03828672534772453,3.816444460413907,2.777441240320084,348,90,0.2699014207168788,-0.8862165974772034,-0.4845575214669496,-0.20563429462663615,-0.6460298246801451,-0.15434124916191172
0.022333097983117695,-0.042461605854030186,3.827050237774449,2.739075734445075,348,91,0.25572244465138094,-0.8800002101484512,-0.5068372304260126,-0.06739909017725114,-0.6762947030323571,-0.02717810306951572
0.02185515899954081,-0.05049999955756052,3.7813649082927405,2.6789242031884664,348,92,0.21454103106375552,-0.945822475742001,-0.5737941917734827,0.11839476621741242,-0.6525367621992589,0.19400563883671051
0.021725893906171842,-0.05453500513284657,3.767809746420198,2.647384109951415,348,93,0.19777903102132022,-0.9483639965332566,-0.6070415175514854,0.2292720610752574,-0.6372219271287349,0.3510797802986364
0.017427806227415327,-0.04429201616935512,3.716107573616499,2.7423005195984285,348,94,0.18119923819556907,-0.9440603893155105,-0.5443243268156973,-0.20694482641766968,-0.6802133717611767,0.0792849960415987
0.015429515551342157,-0.03860705944621417,3.695914099229235,2.793368118863724,348,95,0.1951201592706832,-0.9821225455275389,-0.5364071107503229,-0.4175866678696447,-0.6599767283448724,-0.1429624815721977
0.01167686312087128,-0.03650623010953076,3.611555866637232,2.8208171387553835,348,96,0.24681561770220148,-0.959430601577603,-0.5345887887422263,-0.7190905117956347,-0.5923200288990379,-0.337707472741662
0.0077436608627558245,-0.03641069014396729,3.506878944558123,2.830126634861472,348,97,0.33795182438871935,-1.056204712742682,-0.5773283967163536,-0.9606559544086261,-0.4936987362760202,-0.5236815170303832
0.005539153116621939,-0.04112239841361462,3.449249798244106,2.7940649143122185,348,98,0.3063331268484566,-1.0802445312234359,-0.499393186233697,-0.918420763423077,-0.43515941758732885,-0.5142785561604335
0.00516526503371989,-0.05185585639386294,3.4597520963772657,2.7038350684114527,348,99,0.1579503694136337,-1.1736375309560778,-0.6240269889622799,-0.46590929140312415,-0.44687962704903667,-0.0997342318934902
0.0054200852994946425,-0.07034294655792851,3.516864850227766,2.5448489514536403,348,100,0.07067583036467116,-1.303508429559576,-0.7231970799663411,0.37451580167928544,-0.568881278891264,0.666799260535764
0.010820717303475072,-0.07038724110112786,3.5953916277089752,2.539068829208408,348,101,0.06085136148445589,-1.2268500457876885,-0.7340342390663537,0.5070993402685738,-0.6152710439553506,0.8185512722653397
0.019614853543438032,-0.059053980069362175,3.724551802070744,2.6170469689049862,348,102,0.14938118361134858,-1.0299034767631223,-0.6671702664247401,0.3643367838914809,-0.618523805557267,0.5729620913616564
0.02375532178555098,-0.05175376426470002,3.8114680015650544,2.662479082650774,348,103,0.22056536981383273,-0.9466118416930999,-0.582360960914735,0.19707357098768946,-0.6302413922984067,0.23902665051149674
0.028999453113931206,-0.060923018449591936,3.870836334518294,2.571635730775744,348,104,0.1235562334613749,-0.8928224660863359,-0.5283706798374287,0.5984161879104464,-0.4837026248636777,0.6357141376737424
0.03615985613797007,-0.06917417496102705,3.9545180509269366,2.4790834816581504,348,105,0.10501491189935871,-0.8114658196345326,-0.5440359373038616,0.7532381743129418,-0.40025088442283424,0.6991801981400098
0.04032583286345734,-0.08073603756089962,3.9903283607531113,2.370580256038394,348,106,0.1441065063793321,-0.7271763193557056,-0.5080295964063201,0.701089676698641,-0.2639409631497217,0.9115438520448857
0.039098533804192454,-0.09189287524506122,3.973025598832133,2.2832801844864035,348,107,0.17648115323432423,-0.7184056864535077,-0.574780818790502,0.6482466371687167,-0.22790055664878783,1.1610379422338826
0.03475559500505447,-0.11114713835602116,3.951281366240249,2.128347469482873,348,108,0.2300836669564756,-0.6252330117310229,-0.6542902539038655,0.36537309490190223,-0.29977524846376746,1.173442243296627
0.03686539883500417,-0.10820531733204347,3.966403600732407,2.148699904920088,348,109,0.23433583013822248,-0.6276084734023555,-0.6043233831451917,0.37462266145235784,-0.2821154842076331,1.157501153869248
0.031742324324887994,-0.1173901727095986,3.937020650623708,2.0789062393267996,348,110,0.2415677176460981,-0.5925357937286102,-0.6331547291835284,0.2506872384877607,-0.323653030966762,1.147924869555535
0.030944462437837522,-0.12382553090601862,3.947212937360886,2.0201282000871346,348,111,0.31421235200760783,-0.4755047892604851,-0.6000828594467796,0.0406112873775353,-0.3481136509898535,0.9972862428517153
0.03821056219776671,-0.12570304554414533,4.01597759405581,1.9830216297462226,348,112,0.3832321398606997,-0.3852896565182407,-0.5180301787604623,-0.1198060408245794,-0.26175668977169025,0.7305938450901954
0.034911308057401336,-0.13774850521315274,4.023469055701526,1.8742716700378586,348,113,0.4804646443491597,-0.2616037549394623,-0.37942210033453533,-0.2141228251585232,-0.28698884844724454,0.35057973141961646
0.03477651810138879,-0.14891419080514118,4.0618368826930915,1.7599485475121661,348,114,0.6286708904634294,-0.13474396033577324,-0.30215418267926064,0.012674454776245113,-0.13532096341502192,-0.2073564767940566
0.032972732024979245,-0.1483724908501609,4.046078861473815,1.7699718404652502,348,115,0.5939867627760342,-0.15365199656137898,-0.30131446382460136,-0.04807977419213291,-0.18397096037376426,-0.147008107892923
0.03225448134404013,-0.15851636585802045,4.081965727687758,1.6623202373166657,348,116,0.7678018071006625,-0.0775883768873355,-0.23188789175940894,0.36548693043959474,0.11779821054771081,-0.5358519815595514
0.024163671204825904,-0.16886735299708167,4.0743281990594475,1.5603771829224928,348,117,0.9374857645893054,0.009115697618466524,-0.19092162200472682,0.7438299906850205,0.4155188712002844,-0.7426835286831276
0.004627420297349916,-0.18062737448888105,4.019603820158277,1.4367963139006292,348,118,1.0739495033919237,0.19165066801557717,-0.15672938887729596,1.0895395438607238,0.8625050294682769,-0.8412060318202389
-0.01235860006353208,-0.1895408715930086,3.9896279306145135,1.3153007844056923,348,119,1.1787908780275071,0.2637842056171922,-0.27683726181143054,1.4592266885306233,1.4613910009340616,-0.5668581312117642
-0.02151317948311106,-0.18483173012897774,3.9129602218746733,1.3671136241255164,348,120,1.0623997227041435,0.20108455741740322,-0.15027414229785327,0.7495739339779083,1.0226098479175023,-0.9350383336263799
-0.04231673869590113,-0.18814776929370752,3.8535680571817457,1.275180002492418,348,121,0.9765855181942077,0.17618338006122944,-0.2488433008222422,0.8088304606329955,1.2549645477915967,-0.8088958367669273
-0.04463562075610528,-0.1812252069058794,3.7910534224926313,1.3596860726996138,348,122,0.8050892832432105,0.09756637041694165,-0.14272669997856258,0.1387013847704194,0.8630883077127468,-1.1429931318668707
-0.03540561070099691,-0.17372380171683138,3.7717249577273178,1.4792268656817684,348,123,0.6284076323670151,-0.011053142274868536,-0.054259050244073515,-0.29863654653379734,0.4514902017496088,-1.0743491916447026
-0.02461850716313027,-0.16904999834677956,3.789045230065015,1.5574635416469582,348,124,0.5721328125777596,-0.10164429768641979,-0.12858271205963454,-0.36319670093423956,0.14067336788295182,-0.8997703657862105
-0.013461706515336458,-0.15744340781205818,3.7749995330492663,1.7041900387294242,348,125,0.42370143541461497,-0.26432534200077346,-0.238115813510641,-0.4360417077821714,-0.3299573273795485,-0.14451910113822555
-0.009963579423981822,-0.16142857139113742,3.819423051895092,1.6626456749152354,348,126,0.5028425220509518,-0.19475418933118477,-0.21990107077441665,-0.4223237272379637,-0.17054196880345834,-0.48271689711573357
-0.006057588604325426,-0.16976289230416758,3.8922978561342774,1.5688472289227553,348,127,0.7167290951304784,0.008613582677664787,-0.11946544351329814,-0.055802550074152295,0.1063287742675558,-0.9150316328498416
-0.015272958506734824,-0.18068183205918426,3.913719895206698,1.4286799590879393,348,128,0.9837296549073118,0.14403360914951205,-0.08729098392546103,0.5292434979540961,0.7623624317079413,-1.0387726056773907
-0.033054410854270584,-0.19044282139351554,3.906047170977615,1.268975615782982,348,129,1.107018453791543,0.27306265812465136,-0.26159132249156836,1.143559384841488,1.4223126560674744,-0.6302873766060506
-0.03876124726078085,-0.19083473922096567,3.887715318121215,1.2485709421832765,348,130,1.0757137019018286,0.26665035191377734,-0.29187717336517205,1.0510058892828422,1.4283799961064925,-0.6159830927546139
-0.0336867820742767,-0.1836932831052674,3.8519406948908967,1.3581550554413415,348,131,0.9103183994542666,0.1453576977376031,-0.17291177832850188,0.4615595285177474,0.9385194770179283,-1.0318797987944532
-0.038412932034371,-0.17847830139191118,3.7939747303094093,1.412846728883066,348,132,0.743038635562768,0.06892191322256114,-0.10866238176375606,-0.010768057146952588,0.6780138422727233,-1.1739151972033235
-0.04556409053366669,-0.1702160827729501,3.704534446250724,1.492605525198825,348,133,0.5283007718171374,-0.09547937268587015,-0.0932615360519607,-0.516765210350538,0.4072635312899209,-0.9846157109257337
-0.06657610719763857,-0.17188599057161771,3.6478295541875503,1.3900508971479297,348,134,0.5804465549075865,-0.0893975196985109,-0.08978136333675397,-0.4457403852033006,0.7101360012225726,-1.1859950809009692
-0.07501324367651624,-0.16811703842304346,3.5961447573755354,1.3931154823364276,348,135,0.5548716921598189,-0.1013850150795111,-0.14595711335011358,-0.5354617103984819,0.6925690499615409,-1.1323384378511943
-0.08486869020523963,-0.16253488936124677,3.529856551454487,1.4026338787113912,348,136,0.4569628821568681,-0.16529017564228285,-0.09010721095790875,-0.6504523600159667,0.7274839306315654,-0.9559865205499021
-0.09097116074729578,-0.15821612706645655,3.4837600444767114,1.4136188794371114,348,137,0.4397444175288586,-0.20121535659153716,-0.10408795748211896,-0.6805282758617663,0.7390931855244887,-0.7738798241587563
-0.10224524533341624,-0.16261323992580382,3.5081866181492956,1.2858027890217643,348,138,0.4721773607446736,-0.20875208979051577,-0.1182876107306458,-0.4047300352524504,0.8267896129638439,-1.3102352349016486
-0.10305683869573651,-0.16838449637775338,3.558300365779377,1.2097367962707393,348,139,0.5129639549155329,-0.1849870022203181,-0.17740136591523148,-0.04884478242213472,0.8412355560428639,-1.3429939002582594
-0.09075467726088687,-0.1686768060591975,3.572099275441642,1.2933521256338025,348,140,0.5592375358879262,-0.15062156482110536,-0.12909856068802025,-0.3427330939580044,0.8551249468834481,-1.2991032487424463
-0.0979324229167568,-0.17198055665602063,3.5934811512515212,1.202525778773871,348,141,0.563181716350444,-0.11263524991393965,-0.23114872276908086,0.07646404509339724,0.9215519202496171,-1.2926143880408307
-0.10731987746786763,-0.17275680192819529,3.596798693161643,1.1194284469000273,348,142,0.5305081160580931,-0.1285847007646712,-0.2811213751946463,0.38668435827007347,0.8984011511146585,-1.1245886301012635
-0.10596101498087121,-0.16719184237623785,3.5464835761023994,1.202050186065057,348,143,0.4860693161793265,-0.19233798463722424,-0.1872078377967649,-0.029469050037320296,0.7980687639908696,-1.354938838124698
-0.1030357066488323,-0.16318429780886035,3.5126074252066846,1.273176451316773,348,144,0.46217530506716237,-0.20201553752903909,-0.12797723960154253,-0.34413945960948994,0.8207883156750081,-1.3169475049939225
-0.10538608787165306,-0.16823212731875728,3.555974981318898,1.193570334327692,348,145,0.4875224688137147,-0.17428306743803615,-0.21381626428924172,0.015189946065634815,0.8124884425460257,-1.3349401735151816
-0.09778114235928105,-0.17337864967184072,3.6060794475912044,1.185601321906676,348,146,0.5694428540214347,-0.1244521966302249,-0.2502805519100926,0.1586025660715999,0.9639181691964214,-1.2662288117240483
-0.09262283766793318,-0.1720735629479544,3.599219836969445,1.2387453272501068,348,147,0.5839151951322351,-0.1279796024957333,-0.18656041193477335,-0.09617390699832597,0.898495077572238,-1.3107302607926177
-0.08940882819340476,-0.17079073635122774,3.5920414902813462,1.2761553410614657,348,148,0.5884043497157538,-0.12000573776585298,-0.15950018475796687,-0.23484839923040607,0.8619483212588458,-1.3120093941563982
-0.0846566801627777,-0.1712125708669921,3.6027654935636146,1.300845592488802,348,149,0.593339896931,-0.10229766407925221,-0.14649038170620218,-0.294727008020633,0.8528435529471191,-1.2916491859953412
-0.08220736596440684,-0.17885421565821127,3.6724753974256705,1.2181549676873225,348,150,0.6632145376461194,-0.0779614326969663,-0.17734661846167038,0.18350067495429973,1.0539135540260753,-1.1088645880751695
-0.07602082544168806,-0.18297256085155228,3.7190262433041483,1.199172059644075,348,151,0.7398662615129363,0.0005775840502040379,-0.24451563581290475,0.4320792292626037,1.1856499241252436,-0.9036402543848415
-0.07368530613614621,-0.1901375265898343,3.7871988516145665,1.1109475291984248,348,152,0.864421392757303,0.11150106014680865,-0.3479546758759263,0.9649196868507045,1.4422849443481347,-0.3655449567183723
-0.06648313694724392,-0.19139162260789075,3.812350909993244,1.1314216324321753,348,153,0.8798883501857945,0.11729210813330083,-0.3541793679567387,1.0287171191568365,1.487162026014143,-0.34941540087686385
-0.055632375052486964,-0.1824496361926617,3.7642441336745174,1.3043625355822954,348,154,0.7962232390198865,0.0544381110192779,-0.1794841050291582,0.18662487986946044,1.0420964235033172,-1.120789465274379
-0.06102398234216302,-0.17852134094228655,3.716682769349506,1.332656169716576,348,155,0.702686979530999,-0.007095357226427571,-0.12802123206425162,-0.04885431348235271,0.9443021479054157,-1.204004939821858
-0.05885304305091671,-0.1693913364245702,3.651015813552679,1.4539645581272336,348,156,0.5286347752085294,-0.12559014244088434,-0.08402614086601586,-0.5593544676601024,0.5610358364608022,-1.0540491329971793
-0.05841305529214061,-0.1675527043128256,3.6382412033873868,1.4773969199354078,348,157,0.4870965613396657,-0.15033534912957433,-0.10477005532933933,-0.6220000525683412,0.4897556771575005,-0.9425328056023072
-0.05605908515047776,-0.1697191239005317,3.662716440869259,1.4612998079287087,348,158,0.5236345378387555,-0.08990516191964022,-0.06901519840746928,-0.5601883174199441,0.5309634640495947,-1.026272892339334
-0.06028238470464233,-0.1771877590865351,3.7080693921330363,1.3527721803477317,348,159,0.6748672867854156,-0.02162795822663836,-0.11688546933599449,-0.15050797059053372,0.8842120188668053,-1.216156794664677
-0.06065754162602423,-0.18532354615580243,3.773688647301052,1.2447679814936417,348,160,0.83560272614489,0.06632884047710451,-0.23423787551920597,0.5095370983632195,1.2209757950298068,-0.942133507682807
-0.048722388664740934,-0.18482378321647847,3.805173323955914,1.298928300711411,348,161,0.8636644988310661,0.10884441210672276,-0.20018083154472646,0.40008166290385594,1.0929241048818583,-0.9967850949876459
-0.03232906203364958,-0.18487787192897975,3.866365754321405,1.3458129773031793,348,162,0.9640897282087765,0.1735388543613948,-0.1756727457586467,0.6220845546513621,1.0160385902988014,-0.9875734842826445
-0.026231934122325953,-0.19465137603329724,3.9662207881665545,1.2244231398200192,348,163,1.236143047503054,0.2870048285983029,-0.37990861315161817,1.519475156915948,1.700309562957526,-0.23119250303628125
-0.019303742121592145,-0.1961103003088867,4.006767907618795,1.2150081188374486,348,164,1.254676106543975,0.30588686300577683,-0.38200233075411594,1.8256777088098357,1.8785651554816007,-0.027842246248923133
-0.02298143849935988,-0.2022975569684304,4.041295014261575,1.1159535136261225,348,165,1.2813422446069362,0.3459274803613524,-0.5261757535756428,2.103186506454371,2.215476393685442,0.6189948091089402
-0.01354020903329231,-0.20204003400813209,4.078854788592035,1.1332335985403248,348,166,1.3722515971059057,0.3425884525589966,-0.5481857694135474,2.3520318764407584,2.3902764200120297,0.6615333818912901
0.008190059235830369,-0.19356472784635048,4.123342262562246,1.262666457421847,348,167,1.4134962713142176,0.29449932972083853,-0.5053884551271937,2.3249228925987424,2.0482584406849997,0.020063615288749587
0.030694798877367743,-0.17985298800698873,4.1742860480350625,1.4142807181955235,348,168,1.3144709449510072,0.14030449360308958,-0.27285763612272723,1.9683716816726342,1.5015328120188225,-0.39557621039770413
0.047624926340920776,-0.18039584461931324,4.290231037682893,1.3605425060436762,348,169,1.599166200996773,0.2820725410042984,-0.2853497715113061,2.550846724862097,2.1390307413253926,0.0002898057680005284
0.058852389334978245,-0.16694071169982022,4.309951099194448,1.4827379496241448,348,170,1.4257240279070114,0.2240219441080148,-0.166902876486907,2.1845671791309207,1.7912850313287478,-0.19074808012655403
0.06149103002931643,-0.1507331681985641,4.274383930162834,1.6506856275566495,348,171,1.0158868933472975,0.02354731178284498,-0.1925727888286872,1.2081116444726518,0.9934898899474245,-0.27931927681821334
0.06029402896723065,-0.13984628470128738,4.2360739464223345,1.7667580645293555,348,172,0.808647595745708,-0.10481348547271589,-0.24983814205232002,0.4232980854529917,0.4628458839651897,-0.11606992793471542
0.05481789511220736,-0.15005469196578275,4.2202039316756625,1.6848835107099818,348,173,0.8886131532825592,-0.033208629017515215,-0.21626824533727781,0.8045236484515311,0.6634109119817485,-0.2992644014843915
0.0495233614510555,-0.16100806706357157,4.218031407015798,1.5855134903940469,348,174,1.0734334652822906,0.07200862620562092,-0.16971787962054632,1.311303091063685,0.944637106507739,-0.4208806925337498
0.04350901812114382,-0.16485026810192066,4.189701038583759,1.5614682209911388,348,175,1.048384111117624,0.05500566234095272,-0.15733728870294175,1.3051176521845276,0.8742934753753271,-0.5409649053550459
0.039956615228911065,-0.17064284617215397,4.1902803880806365,1.5042363566087937,348,176,1.142507573841825,0.09743804139182889,-0.16496827281403595,1.606380157722895,1.1101714101331501,-0.5072968392443931
0.03947996823306484,-0.17899469048112093,4.227764722085906,1.4034268776650647,348,177,1.4159051495384962,0.23290210560316485,-0.2676318591965205,2.2048969711540263,1.6808202793938918,-0.25884598947202864
0.03829827720906126,-0.18058982610191682,4.228146157962835,1.3864397978444707,348,178,1.4538406513950244,0.24508077108995358,-0.30982701644734056,2.2871974639619674,1.7616167744803515,-0.21581545219195458
0.02849113637844493,-0.19206494660872117,4.2313559021370155,1.2566005838795646,348,179,1.5782869171104925,0.3055322236301326,-0.4537454102105989,2.6949834887307533,2.4174553554142313,0.3798166126264291
0.022850170350225657,-0.1975065256043751,4.2330780411288575,1.1889842121229774,348,180,1.5828939707549459,0.35580262472238955,-0.6027628300688215,2.7069185982527215,2.6011479232167827,0.7127985454327521
0.016324083685216338,-0.20808702518096434,4.274460860669643,1.0324322668109118,348,181,1.342608260148615,0.3921715454047281,-0.6527552656569838,2.3888498030787053,2.9541822184523827,1.5147484970060971
0.01201690781573244,-0.21147853607277764,4.2796808932998465,0.9789406886807763,348,182,1.2461505870230303,0.3963874827627743,-0.6103151563565057,2.1361828577656956,2.946830800151105,1.738453560345491
0.0007587236750492832,-0.21996594972790892,4.3043591593836785,0.8229581703154565,348,183,0.9034321585920537,0.45946776272365125,-0.3279375903611719,1.0969745999609102,2.4921201530922135,1.8019080273058774
-0.003985187453341706,-0.22511278583242322,4.341043613562911,0.7072882912691045,348,184,0.7134703835341097,0.5192653670541031,-0.09437339276296605,0.1904986849715925,1.9439843917129667,1.3566618037530314
-0.0077962070122013435,-0.22738653278118248,4.354213778938062,0.6478049692370446,348,185,0.6419372402314323,0.5570909525477281,0.07883996823225617,-0.14511767702086198,1.6909194088311663,1.060216924144898
-0.015897213572418408,-0.2275447259319182,4.326406474385447,0.6324634327341151,348,186,0.6004169852198364,0.570749624153657,0.04663715544115232,-0.1585876656328887,1.5936654349616266,1.030970684363058
-0.018746595530734815,-0.22110489665097,4.236929724131256,0.7817511390594307,348,187,0.8385614396535103,0.3822023506660628,-0.2902885522139928,0.9243940434078304,2.1512145985878357,1.7041322171407356
-0.018198466602021693,-0.21606150839530142,4.185299071957937,0.8861201438963516,348,188,1.0284324670875338,0.3339451974875342,-0.5063148588595349,1.6890528855747664,2.5046950559680177,1.7923258707511347
-0.010647204991481383,-0.21480700843502679,4.203033219659878,0.9196598335400306,348,189,1.1007796849103038,0.37099502162316594,-0.5476329537253798,1.8326160579429303,2.633419403651202,1.7725072134279196
0.005256748902356889,-0.21204186328632202,4.250257182088893,0.9738356224971303,348,190,1.2609526106776532,0.3912793564513919,-0.628175850369079,2.1651201174530144,2.872868634484633,1.7579200253161598
0.012851740171075467,-0.2152571519698336,4.317570784603307,0.9089030664830576,348,191,1.094331354242423,0.43689803903338814,-0.5034822987471433,1.6069008263963032,2.8144013846791798,1.857099006695673
0.02998223653185844,-0.20962493391813472,4.3644388048085805,0.9800293462165985,348,192,1.3106524996800197,0.4594236211082385,-0.5525612947973578,1.9517533057265233,3.1073078953205084,1.7285114058717195
0.03807008169114756,-0.20964484184189158,4.413784099303743,0.9564812166253608,348,193,1.2275727514932715,0.524658937359762,-0.45752313390494453,1.7177621841531476,3.1445902465452833,1.7108608703585937
0.04213510628780906,-0.20434255440003918,4.398804910657859,1.0338649128895274,348,194,1.46350668662395,0.4938565354747074,-0.5514047015914975,2.242131475292465,3.2287474818399775,1.5036928739412172
0.03051530798401629,-0.21205647433635072,4.387748405902867,0.9351224825839798,348,195,1.1961542693972724,0.4914888147669525,-0.4541975489844362,1.6307118619104344,3.0561253354165636,1.7643002225236621
0.015880074540154714,-0.21470245849486913,4.328440764024408,0.915553909454639,348,196,1.1203249092685623,0.42225655477998525,-0.5269687338025496,1.6368016280698916,2.867152359606036,1.801267988470064
0.009764528919558327,-0.20895347169721534,4.2467248252717456,1.024721641931572,348,197,1.349517319577257,0.37146077750209716,-0.6677715046974398,2.347731485020451,2.9215996736456242,1.5915979585823503
-0.0011505484859884105,-0.2068816890042876,4.175273530955768,1.0631082458093473,348,198,1.3862992348729262,0.3365785026230753,-0.6735366172598071,2.5131399377681256,2.76813676476635,1.2667482626800075
-0.01515304601331266,-0.206008766488244,4.104790526402624,1.0683506675293901,348,199,1.3457829942423434,0.353772420738287,-0.6220901515114782,2.3982922810752445,2.576952743272868,1.1085543138353524
-0.03573443391808797,-0.2049254434377933,4.017580656029154,1.0443329992078214,348,200,1.164654599742423,0.3404369788394592,-0.5610148669122035,2.0496310362467858,2.227046192597278,0.9051692221622054
0.139221443717935,0.19064013432070737,0.7586800694728648,0.36270648437668385,4729,0,-0.052397879848311534,0.3046482947493696,0.5752307366711742,1.3304488345999566,-0.7524359657089095,-1.200101216642937
0.13386457591384793,0.18847846675803084,0.6812749003041192,0.5439145898731437,4729,1,0.7045610465061558,0.5252451894172602,2.301018943919288,2.4604409205059365,-0.09946344790682017,0.18729976451751418
0.13856324637948306,0.18656051083578704,0.6794518484674632,0.5050306740125203,4729,2,0.5329042134414308,0.4570395036151039,1.9308198730231423,2.2003738284556227,-0.18772639269545155,-0.04992491822023912
0.13575788360499555,0.1896222169398466,0.7110118318374746,0.4768826389409619,4729,3,0.3403046952108123,0.401568459442265,1.6215470779534131,1.9868408811878804,-0.32869737084208434,-0.33910579887547143
0.11947509267164558,0.19515153325063186,0.7150072268766331,0.6128697662539351,4729,4,0.9209232962412853,0.5674447387291531,2.7592167082391836,2.940028579987451,0.017738581689397417,0.6355721731580325
0.11758286346345473,0.1985152257327743,0.7571322328403528,0.5578340737323114,4729,5,0.657207599150513,0.4933637087302734,2.0952534932890337,2.3890075149224574,-0.10352763796495616,0.12984500586549202
0.12026823149734092,0.20142026987353945,0.819870507264473,0.4252814224955971,4729,6,0.03169430721165614,0.3698416327873864,0.9152962277664162,1.2868240509766609,-0.4946925208821436,-0.9803363999884367
0.1145055536300143,0.20367685958848183,0.8282293427948322,0.46082265727077715,4729,7,0.10797658209209196,0.3810856874085808,1.1220909541587412,1.4153871900100856,-0.3085259308184254,-0.7409210982562071
0.10649501793312305,0.20492568280831316,0.8159683422394819,0.5511270765412863,4729,8,0.5340253752897767,0.4321382368943569,1.8297767606084854,2.108880220503261,-0.0618615972634395,-0.09205874173425345
0.09541147625633704,0.2059026711142221,0.8053860546740524,0.6629684576961814,4729,9,1.0296949470133605,0.5657193247524118,2.801618974416325,3.248774484796667,0.17866331432654042,0.7692853247115552
0.08265018091245574,0.20982607722166624,0.8463858042709016,0.698350169164681,4729,10,1.0284170829687909,0.4918825666031084,2.7970536972656737,3.4435855664151136,0.20937318791062015,0.9336878181370114
0.058439422384573114,0.210639337135128,0.8746237453487714,0.8510818126711173,4729,11,1.3179373501152472,0.31614170978678857,3.8798265960458322,4.9777105308140746,0.22874622840193903,1.6623583156690118
0.043066752254605586,0.21503031043459356,0.9547603180331488,0.8367381579494468,4729,12,1.2015533522418398,0.2028000993300704,3.506452254909228,4.702143248583006,0.4028639343663693,1.5514620513767947
0.019771568211297517,0.21256827712143908,1.0035567145287871,0.9489873391143766,4729,13,1.2894494169137602,-0.03367995911556612,3.9282928238880777,5.602016801056411,0.20029779706863213,1.6383123296821824
0.006430283427927903,0.21852181012390742,1.1160462269577818,0.8506646227460235,4729,14,0.9809464339152063,0.008986412749376702,2.8833726289608235,4.016513785500207,0.7206643907924969,1.260416108957824
-0.01330772002808222,0.21021632635931747,1.1341673280384532,0.9996990399223065,4729,15,1.1651766967362076,-0.12505276879423377,3.5242165865545374,5.35012501324739,0.23440738229573999,1.226759611875368
-0.014770493092667897,0.21398808613245285,1.174526705279093,0.9303703021086323,4729,16,1.002490518864988,-0.09778825832749975,2.9874664582146155,4.394219318781281,0.6057984270248786,1.185633937901764
-0.011666769955835155,0.22042385795637703,1.2202418170820197,0.8068679303320346,4729,17,0.5651017923515134,0.1312944123508872,2.062225758071448,2.7078180677214454,0.9533392649925337,0.8833087197684577
-0.006053933070784855,0.22695372918451379,1.2672628795575613,0.660403738325669,4729,18,-0.06558223898396343,0.3228430854214054,1.1155178567542376,1.0284302217672443,0.9632039928881135,0.11474229211326528
-0.006524788919720408,0.22803564824136524,1.2835667036931306,0.6316696799091626,4729,19,-0.18241934025654533,0.3272710402046449,0.9350943695579207,0.6260576434982859,0.9334012409917999,-0.12432223634027952
7.642025957137893e-05,0.23167716925822926,1.3063425774499793,0.5282477853737199,4729,20,-0.3710417555611518,0.31331176169865527,0.5072166813672431,-0.24461779175538576,0.6595759240773107,-0.8798432203183902
0.006600029458442458,0.23555516050882558,1.3520489024751583,0.38147142632887404,4729,21,-0.21736357795619785,0.15318963476066863,0.11968423082805277,-1.0323831008815547,0.01788823122348189,-1.8990920052173312
-0.004718084739912701,0.23347862833239874,1.3582099609581104,0.4655827915927341,4729,22,-0.387216255548635,0.292540155491035,0.27224846318353885,-0.7355272177377086,0.4737739889765319,-1.3364266509529714
-0.02213681101154646,0.229023735728923,1.378798943050326,0.5767106547547234,4729,23,-0.38727954250363356,0.3337192242330115,0.5177089538637355,-0.17861353668742547,0.9445413061338503,-0.5243504040343593
-0.024049113463973357,0.2307696355429461,1.4160278915969382,0.5172125149612874,4729,24,-0.42020498501298403,0.28715428412924127,0.28873387539763906,-0.6395200854046189,0.7654984086342955,-0.9749999101626259
-0.02429973387751133,0.22912130502663683,1.3927567638815006,0.5674015666658024,4729,25,-0.4322960803824515,0.30371894327513155,0.4613949082701122,-0.2991204015756163,0.9158789047886102,-0.6175903345982758
-0.02089877171620436,0.22515183745267175,1.3215890949659566,0.6835256414479197,4729,26,-0.08524964628508383,0.21714566440029598,1.0655076803294514,1.0061519690869225,1.0845688306596204,0.22839716716005337
-0.01797136168001541,0.22078669095160483,1.2569894755248392,0.790049482615726,4729,27,0.38449335928596945,0.08559787729262404,1.8029798673066695,2.406401730705086,1.0083132394394698,0.7474504135064493
-0.011525430827483439,0.22642807881007487,1.2874495890735194,0.6684078256710938,4729,28,-0.11330661251973018,0.3148768308880647,1.063077980679094,0.951276836197548,1.0078199373325532,0.12493186703997755
-0.017163346905796538,0.22029329475652545,1.247548733004261,0.8020037306275345,4729,29,0.4625095064957658,0.10703383969258211,1.9094031015536441,2.54063278703511,0.9990586216781021,0.8291865616118861
-0.01948581067352413,0.21893388798045793,1.2463405663601388,0.8264500584185751,4729,30,0.5250675710875942,0.06826624115352785,2.040787246530302,2.835056429192941,0.9533933945159012,0.8849307746966546
-0.02028617181554449,0.22283275513114953,1.2915340612834034,0.7400993259890764,4729,31,0.1640233201782801,0.12066214799228983,1.387199764844344,1.7457673340526954,1.0784070559269272,0.5514025525294095
-0.012300050154282621,0.22683381367023986,1.296474558212934,0.6569873128889459,4729,32,-0.16307067335636263,0.3324582303334704,0.9739860242828251,0.7809950131030897,1.0143171298553884,0.054548625346736324
-0.009046375807997296,0.22925014201058147,1.31232759771404,0.595817973515281,4729,33,-0.32780810628820356,0.3459076090460794,0.7183182373308339,0.18252559792820647,0.891540451045608,-0.3822260828804053
-0.002142020679809939,0.23199315274407228,1.321157140267063,0.517744088859224,4729,34,-0.39532229991391055,0.30968805219634293,0.47353297871490285,-0.3630456191588452,0.6326386214187929,-0.9704758552309286
0.010421508935609582,0.2333723665244396,1.29480322093282,0.46273322993622434,4729,35,-0.37582740507960166,0.30212680665241115,0.3644311153279099,-0.5837579229105277,0.321893150598875,-1.3841728158729674
0.02680366475041017,0.23400720488204327,1.2636057670175116,0.38629106005272956,4729,36,-0.30047224784671905,0.18188508590079733,0.17598881128872373,-0.83538303034112,-0.03339551601919072,-1.9325594106334032
0.027514539125969524,0.23253566343655802,1.2319235220552085,0.4421929169990954,4729,37,-0.3460427026010447,0.271642070638474,0.362941192285777,-0.48760268015534775,0.15544534506975188,-1.5503123746941092
0.03503108941964123,0.2336952811519803,1.2463327217517661,0.35134152083894055,4729,38,-0.20594823656523845,0.21078953356404015,0.12476784764716944,-0.8764946343721566,-0.2816357861143069,-2.139990130592311
0.04587057494560806,0.234112077020579,1.267849683954914,0.218926988211545,4729,39,-0.032998997315508156,0.20763813488974275,-0.08912865734980636,-1.2016610208806726,-0.8595304357285909,-2.5784497713113885
0.05359374920711722,0.23374365926042998,1.3055163600562214,0.07978287014342897,4729,40,-0.22499157907267228,0.4837074482842001,0.04095550997912413,-1.3438292584568827,-1.4762112705793216,-2.4435477421734366
0.055713360600327194,0.23321449166555624,1.37941630247216,-0.0862363825793283,4729,41,-1.8617995887894525,1.2531044841170993,0.562662792280807,-1.6845845391217333,-2.1470513248312764,-1.401895019487947
0.05150860973146286,0.23413057471763865,1.401723580354705,-0.0949541661613103,4729,42,-2.0923273947772287,1.3302109488974447,0.6039702656391954,-1.7814015451285239,-2.1986259701317694,-1.2780148480676896
0.04873299829207642,0.23468237776049766,1.4169808460424203,-0.10185964603951257,4729,43,-2.2699340026290344,1.3610800511580339,0.6510743449356718,-1.8550000978908334,-2.2506538218230467,-1.166046081556783
0.03417225086771945,0.2375541021879793,1.4256218720810048,0.0046083019734055874,4729,44,-1.0531811953394354,0.7634552252356053,0.3241173092569508,-1.7050270463976138,-1.8373917054878295,-1.7653860094006424
0.02494380751107355,0.2384669786849548,1.5105479555708092,-0.0879466039684142,4729,45,-2.54580238662848,1.3276047521612877,0.6945205260337882,-2.1570430647964547,-2.353778436313619,-0.8715926529258463
0.009129505174448379,0.23979709994875226,1.5483354503735312,-0.03118507291717735,4729,46,-1.9303995389971833,0.9047787920519641,0.5564034512368414,-2.0995496446528725,-2.210444207426378,-1.0797230132955873
-0.014973514709278261,0.2394199790672532,1.6026699710053687,0.06117159457028335,4729,47,-0.9693432691972509,0.40002349495946543,0.15500778995711012,-1.880026865960081,-1.8578393051969235,-1.466764886701419
-0.034219957036911684,0.23637018976564841,1.6159741007597301,0.19719209584923814,4729,48,-0.21114814755909003,0.08492817890760114,0.0021214770340761257,-1.4452428133856265,-1.134630516195547,-1.9636236364355943
-0.03685771011627283,0.23641508533533223,1.647488695256016,0.15593033446650517,4729,49,-0.4793652632152625,0.16230663053077282,0.09617001667434757,-1.5591892720203224,-1.3861554352332994,-1.801707163308997
-0.028607721151121326,0.23822610967019545,1.66751754517596,0.045585804025337726,4729,50,-1.476461952426707,0.5832034797186547,0.32004065640242446,-1.9743197699673736,-2.1056514919036675,-1.1508983900191763
-0.01749838921376493,0.23872781239212884,1.7165369958790615,-0.14514604537741188,4729,51,-4.853362162146511,1.8401700216551347,1.0465231757186437,-3.1976692896931223,-3.309675578813761,0.6740547369823365
-0.027975965795407683,0.2382680656065761,1.715838211316941,-0.056326384911355255,4729,52,-3.239179664485502,1.2508655327212361,0.7032610559269428,-2.586700067003988,-2.8016667226804848,-0.1682071626257161
-0.043533290770692644,0.2355894658194452,1.6941986764106183,0.11864215490801361,4729,53,-0.9173549562959757,0.33682846002319766,0.13809414091112596,-1.682761831024776,-1.7168439247219125,-1.5120053466732557
-0.05597420085914812,0.23153685706216953,1.685673102543917,0.24464582492054884,4729,54,-0.21958292061550114,0.045005839487055055,-0.033160740886193016,-1.2854473812499643,-0.8848569190227074,-1.8796176322475957
-0.07007833149661297,0.22516792142138772,1.6856355972007957,0.37377082652523097,4729,55,-0.10489872648097753,-0.06948450033937714,-0.04210227444041849,-1.044851546264827,-0.13218899241060195,-1.6649479731408066
-0.07830862353565585,0.22017152566884088,1.6825701898882917,0.4598881979606295,4729,56,-0.2109472343113016,-0.09504009625767701,0.05036468207680973,-0.9214270853804039,0.3730059119324453,-1.2926130623513499
-0.0840740156115302,0.21948830812852474,1.7329334065877255,0.40733696520694873,4729,57,-0.15524677839339915,-0.13451464073660194,-0.013403576388227582,-0.9094770521396733,0.0546945689735301,-1.4839303373171686
-0.09512654161420467,0.2102026771045523,1.7168556400280288,0.5578209709523229,4729,58,-0.3550365566633134,-0.07299799865561962,0.20101996568732375,-0.8263638608275183,0.7034078850784664,-0.8330335472285452
-0.10043484274272008,0.2114145751567139,1.7913147774237055,0.44595948975996824,4729,59,-0.1885988698137074,-0.09523252715716742,-0.010199658961397476,-0.7250713109501687,0.13714665697764894,-1.356076490765077
-0.11400683482856866,0.2049429168466996,1.8643265800224633,0.4282521931056716,4729,60,-0.14233903988568225,-0.05748316719134232,-0.005065116267098666,-0.5024459909503959,-0.04198421867338922,-1.348526910475332
-0.11691918142023781,0.2056767835117077,1.9188356239849051,0.33773337289359123,4729,61,-0.27219475033879714,-0.09452351030345962,-0.0741066913121967,-0.44377236233534334,-0.5845096478593425,-1.40597258749653
-0.12251296510833355,0.20332836823152775,1.9653379087357417,0.2954832658777331,4729,62,-0.4989510394877631,0.01622125571901368,-0.050088087015215166,-0.440899345327463,-0.8648118940261397,-1.3139604484512257
-0.12761100566786499,0.20258478251450424,2.063790620756041,0.13826187115690208,4729,63,-2.153374002260226,0.45973659781442416,0.2202710344771658,-1.0292515047045405,-2.2676976620815146,-0.5823713717858727
-0.1339723131550224,0.19905988094410038,2.1846725615356433,-0.04296897855220064,4729,64,-4.868085845495156,1.1314761507559112,0.9261661106498789,-2.2128494995778443,-3.617483682171479,0.9815276022187511
-0.13739572707701278,0.19570440153140628,2.2686214630040813,-0.17143937554431174,4729,65,-6.191002695110394,1.5418940174684828,1.2635549146572156,-3.1001594048134615,-4.080415485655203,2.2273762593916566
-0.14159739363544172,0.19314916582546363,2.268467543152219,-0.13015001466207654,4729,66,-5.747555143791828,1.396048374908161,1.1526071328336345,-2.7065201248054844,-3.940487280161074,1.8417520084639725
-0.13752981473862522,0.19517504634571342,2.286210792355749,-0.20315094588516106,4729,67,-6.380344838640324,1.5954829957819423,1.2802231226864687,-3.2789029379770582,-4.086499181750343,2.48899582199361
-0.12964599110507524,0.19679426100770564,2.3437687564359106,-0.3808861989174385,4729,68,-6.362853482430592,1.7112597933234834,1.2369312545892952,-4.05290312031826,-3.7535744140401124,3.5573059273130148
-0.11949826936885015,0.2007414767779363,2.3388857972673267,-0.4622890768394419,4729,69,-5.978071501574384,1.6340760808795003,1.1065651264061067,-4.412533765318267,-3.5341292347345346,3.7297239229720973
-0.1041567780675877,0.201365141020323,2.382521818479248,-0.6687414536359473,4729,70,-3.2094562083611473,0.965289727636349,0.5864932936651468,-3.7053917598160973,-2.1044172494224287,2.938386023456102
-0.09643571670741738,0.1988821328855124,2.4225531093984785,-0.8005421162482695,4729,71,-1.665541271915351,0.388714853847752,0.2136743635504415,-2.3288912034707323,-0.8486269420647151,1.8160570450503823
-0.10269651270268179,0.19623536354901022,2.448323218061569,-0.7907746234845011,4729,72,-1.6351483234219142,0.4161349789659159,0.22734244775830398,-2.2632713607491297,-0.8277044981409394,1.8567055709300913
-0.10514427131484583,0.19347543766427364,2.47764418554034,-0.8180943296344125,4729,73,-1.3601090465107553,0.32018438616792,0.16706722747747363,-1.706502862681401,-0.35843186587325804,1.426634588484824
-0.0985459132167782,0.1910475265997123,2.50782928623092,-0.9216210292243956,4729,74,-0.8524307828362505,0.004237041297126317,-0.06428582348576307,-0.4556633437119976,0.6754255117367267,0.4505334095415128
-0.10492572258941972,0.18932244157452036,2.5235374795438736,-0.8933321196599876,4729,75,-0.9567850682018194,0.11771361614486169,-0.028404472152840993,-0.6693167449512235,0.5106149270663911,0.5783435339939157
-0.11613451794453244,0.19166762622136393,2.4815250799521227,-0.7319409292541119,4729,76,-1.990802323894551,0.6446294258238661,0.289782651472334,-2.471333263027908,-1.0539560847622138,2.171219547975464
-0.11440231255409505,0.19481192442673445,2.446028382430782,-0.6884881753420381,4729,77,-2.5584561554617813,0.8028740887024425,0.412222604437066,-3.0852930506793412,-1.5985362559702356,2.640870848995246
-0.09682092825569075,0.19797333198485922,2.4328027156093865,-0.8142973030546775,4729,78,-1.4986968745641782,0.31278800259844286,0.17391058364808543,-2.060754890248264,-0.6268201561563187,1.6306852876790012
-0.09098818191668048,0.20527083056326983,2.3490046754790224,-0.721948407196333,4729,79,-2.8808463753674722,0.8074249970238669,0.4794370468135007,-3.7057042717357827,-1.9462758750607874,2.740973274557547
-0.07879320408679079,0.20661010872596836,2.3343831203829364,-0.798500697507131,4729,80,-2.0319181442068923,0.500229296907176,0.35027439961167794,-3.113762957483127,-1.3915446300393612,2.1398033069879463
-0.08221510811549562,0.20933767803861586,2.301602534722475,-0.713149573276444,4729,81,-3.267395096616618,0.8932146885709726,0.6398183498076003,-4.156364269819251,-2.317212005454933,2.8604534391296172
-0.07583282749413278,0.20606610371111772,2.338948699739721,-0.831061249542812,4729,82,-1.732926624000516,0.3978469620087533,0.2725607687170317,-2.768090006400416,-1.1125840080514537,1.8957419562890427
-0.07816037269503628,0.20948790055771538,2.299794925038161,-0.7437857798106782,4729,83,-2.8435330406346444,0.7569253220850963,0.5503007214758258,-3.8776085409522576,-2.0583437408335814,2.6121375784630874
-0.06601107584397711,0.21258383874771092,2.2550372684394953,-0.7663257921851705,4729,84,-2.922423844680405,0.6693277190535137,0.5470186543002455,-3.9602641876460547,-2.058041879278811,2.4067567254455775
-0.05961285283824833,0.21347473069092548,2.2367780786215996,-0.787337019686212,4729,85,-2.6721179188188184,0.5742392715022197,0.5245935743152186,-3.7129932248093365,-1.8435748144687245,2.165837278326904
-0.048401094709941896,0.20942389164612307,2.2589396853059425,-0.9220316636619269,4729,86,-1.5072231416638917,0.019354651095310225,0.08996237159287986,-1.7440370694679888,-0.2173394802215367,1.0904861616677723
-0.037101601734276214,0.1994111982078467,2.3187202292298563,-1.127943016811245,4729,87,-0.9460444140253065,-0.3450498235403709,-0.5301916503912208,1.4105471438267314,2.35858555868198,0.07320782776699575
-0.03828290755352713,0.19931506023520407,2.3235541322812185,-1.1259929964936701,4729,88,-0.9528585241893394,-0.3433502681114658,-0.5281274272861309,1.481118199194236,2.4042520401993883,0.06048022220724403
-0.04151945659051522,0.20462798675761362,2.286594311619922,-1.0312269373838427,4729,89,-1.0606892770200602,-0.24620048860064417,-0.25185098637071557,-0.07475506453173539,1.1230305577448327,0.45044996963824235
-0.039610179701589206,0.21109397987209627,2.2188514262462355,-0.9251391904255155,4729,90,-1.5201004019170128,-0.0198850971328584,0.12270721499173481,-1.9668359301272715,-0.36381211167403965,1.1125361448301196
-0.04309346703254839,0.21522006408923178,2.1848155479938747,-0.8328054491419735,4729,91,-2.3854730671687783,0.3105948720626552,0.4877424236600773,-3.4818965523929766,-1.6020424976739716,1.8161841608517577
-0.050194450802016136,0.21673383794281548,2.1829495036294064,-0.7691411039734377,4729,92,-3.185041564031269,0.6437062098040693,0.7314133843905781,-4.184328797306691,-2.226032225829132,2.3014832601428625
-0.04998447745180883,0.21187596666649147,2.237045403684017,-0.869142516409227,4729,93,-1.861707807197245,0.1781294910104384,0.2949916714087231,-2.6050336348020013,-0.9190315961086206,1.4836852236433014
-0.06067632821606363,0.21110289900422274,2.2654506297514114,-0.8295468338102246,4729,94,-2.1311508437031104,0.3766569579803034,0.3259071105766211,-3.0444125639401602,-1.2871480766986376,1.835156275701669
-0.07592245531359243,0.20834354453069084,2.3127879665038282,-0.7850751760415573,4729,95,-2.3491360934713974,0.5619030591626571,0.43113303634815464,-3.406505467246976,-1.6543503583456882,2.27679827729031
-0.08956000124980613,0.20919470482333719,2.298689110415139,-0.6467683988654904,4729,96,-4.297951209632018,1.2306774769136182,0.818017211365651,-4.536896610052337,-2.77660169949222,3.3372535577534213
-0.08748263178825649,0.20442256121732036,2.3610109958156187,-0.7716960288397866,4729,97,-2.301233764188067,0.5872694110801256,0.3448911137395153,-3.2942519239611796,-1.5573329112248653,2.380412458682296
-0.08790626645868961,0.19789540328987582,2.434646564635927,-0.8916505770398209,4729,98,-1.090076496128272,0.06615959337165664,0.018268441708759308,-1.2717652751731765,0.054772903498797494,1.043355670502452
-0.09055460900180559,0.19446763249969767,2.4715876336037232,-0.9299922634026491,4729,99,-0.9073513236352051,-0.09517478305491196,-0.08423759907246811,-0.5586016763583055,0.604945440671644,0.6046877021684891
-0.09009393380875727,0.19350709761525692,2.4813330711375294,-0.9495969447055594,4729,100,-0.8432815786467779,-0.1414717090713933,-0.1363615714040493,-0.25576150890266636,0.8743339832232829,0.38156274635523224
-0.07870311157473527,0.1924757108544471,2.48172545115088,-1.0455497530824434,4729,101,-0.7960043604736279,-0.2608234649729573,-0.4412610956159084,0.8313863651921013,1.8318282879208223,-0.15839624266781485
-0.07143890130375388,0.1876831414286638,2.5139778255498335,-1.1589582613223544,4729,102,-0.9839633430226719,-0.27173612750330434,-0.9598585281025178,2.1401177232322306,2.9739671329457265,-0.608247241247535
-0.058974838124405064,0.18025984858912214,2.5465521676991125,-1.3191327921189484,4729,103,-1.032840232354848,-0.25592059601314865,-1.513022502060608,3.332620374033408,4.099532068140772,-0.5222238912393038
-0.05930214010741222,0.18381566179946818,2.5183797183430623,-1.2710158685029065,4729,104,-1.072731233486409,-0.2613259025368655,-1.3233846440169648,3.1614406302552918,3.868905742692294,-0.5521609274030083
-0.06651227954263389,0.1912291324897531,2.4723514320522417,-1.1336570740780194,4729,105,-0.9772670760656507,-0.28861760111946383,-0.7691358155563647,1.8740368157589995,2.7351893705529573,-0.3875428515252349
-0.06804488472921681,0.19243164669720197,2.4646363331980576,-1.1079135926556292,4729,106,-0.9292990836815392,-0.28789726131059357,-0.6690025414353319,1.5658577801271745,2.4707435955096653,-0.3154341366312181
-0.05481329889839606,0.18767975715313956,2.4735906475005094,-1.2372799357619355,4729,107,-1.0647953086307755,-0.2819265584628452,-1.0963232660201596,2.9070532154407354,3.59610495059621,-0.4209466766969666
-0.034435356133584644,0.18116389252802428,2.453147992501063,-1.3890279620656045,4729,108,-0.9149888481569074,-0.2790207822881931,-1.36412010429835,3.817263819553105,4.248228107614145,0.1524203618429511
-0.013416407461553509,0.17915292701527882,2.3704522755337787,-1.4498149169576484,4729,109,-0.8589307058827725,-0.3196292581519347,-1.2248244123983083,3.868934574578627,4.110350120402394,0.47576525672534653
0.01657885280201636,0.16806626771201058,2.26270945261742,-1.5804795092666781,4729,110,-0.8067107679025305,-0.6845786456212164,-1.077129665566847,3.5355042700165,3.5159982689139517,1.089493221267138
0.03982047849730992,0.15559518621725865,2.157904473943094,-1.6753082713228316,4729,111,-0.7611358310442639,-1.056565581051057,-0.8211906599259483,2.749306256672573,2.5924309407962762,1.21466977165402
0.05154970189475671,0.14905679285208728,2.0915809158906993,-1.7074960070586813,4729,112,-0.7238004861031329,-1.1695123742824713,-0.7086354968955266,2.373269526877312,2.293129934433073,1.3087116587667045
0.05835809578857326,0.14731278034388504,2.0433071249748243,-1.6993892376031567,4729,113,-0.7182962003296465,-1.152345573244742,-0.6342043505498135,2.2026330375905356,2.2021281239391177,1.2956433443957873
0.05356464086374463,0.1569608515097455,2.0498008840290964,-1.6157461961787263,4729,114,-0.7955777033584432,-0.8971723884721835,-0.6589504316974151,2.564046048340741,2.621465261194965,1.1707139421451307
0.05101287839253661,0.16177782768822813,2.0511812325980983,-1.5716859347798138,4729,115,-0.8444927004007294,-0.7318244151637191,-0.6275369761957148,2.7458128879923,2.832304020446659,1.0497464774577858
0.049822873821132055,0.15358877383881547,2.08994835108981,-1.6656666922993977,4729,116,-0.745435576790477,-1.0590471120979277,-0.7120639539565763,2.571127805660667,2.5039698149846465,1.2368785851465458
0.047796579854499616,0.14507943512383512,2.1334425212113985,-1.7617973624814467,4729,117,-0.703502884630046,-1.2624218697197507,-0.7258490842965317,2.1890237852431276,2.0077009096345395,1.3432237890141514
0.0417172772285207,0.15383872335052384,2.1504363454455753,-1.6888941270132622,4729,118,-0.7361001884091398,-1.0859639422260312,-0.7975901779781526,2.644406076994187,2.489362048926616,1.243557707449331
0.03796446484703131,0.1516680606099626,2.1868289462841166,-1.7226114202276497,4729,119,-0.712655844940407,-1.1282430971059552,-0.7934511422330665,2.5485632129032028,2.406707609908329,1.2846592497395621
0.03213118351736556,0.14937652358079606,2.2395879340627025,-1.761330447381719,4729,120,-0.683057929695525,-1.1309685193314067,-0.8262066029964049,2.369708333022253,2.1989045332803974,1.2206858661347335
0.031159808769123776,0.1444464855229638,2.2658495732874147,-1.8150325109360599,4729,121,-0.652077123612106,-1.2032363598355895,-0.7899049534910163,1.9232874578553794,1.769911568803771,1.1440858879459788
0.03595054665805625,0.14586090236570792,2.223599434635053,-1.7889160521827625,4729,122,-0.6670870915395394,-1.200703345499445,-0.7747279452281857,2.1100663507851465,1.9413678664774972,1.2182789181311615
0.04444857327068248,0.1354079586536358,2.1886205599794613,-1.8699978089448577,4729,123,-0.6352705064685426,-1.286715134188171,-0.7003781116597372,1.5383977698868045,1.3577314855083351,1.1865330920318768
0.045368484692416014,0.13142149055862618,2.1913183956671904,-1.905852958947588,4729,124,-0.6328096914608794,-1.2918639343398906,-0.6696440256094439,1.326951487873307,1.1289274954549782,1.0895866651270034
0.04204248757572138,0.13580209175483127,2.2074067950294607,-1.8736776050531554,4729,125,-0.6186230832178605,-1.2736575916261281,-0.707183333642733,1.495376350275352,1.308715994691356,1.1391860814995827
0.0468906450366835,0.13461251519113893,2.1704516023294222,-1.8696972864685226,4729,126,-0.646154141970141,-1.3116026580338296,-0.7135569869699451,1.5212100770956378,1.3055994188503817,1.163107731785067
0.04453453121887763,0.14610345588172122,2.1558798653119022,-1.7619038575008654,4729,127,-0.7015994101010974,-1.235191740546823,-0.7602641674370334,2.2414732284427314,2.0654058283458125,1.3034238005745666
0.03231108919179962,0.16233353813223816,2.1841023287799306,-1.6195592575173503,4729,128,-0.7873948478904683,-0.873026445347407,-0.8577933208404503,3.140390031093258,3.0489424769559585,1.1349897898054015
0.009407748475525404,0.17804619116666498,2.2514196403484568,-1.4668260586328032,4729,129,-0.9338432062020916,-0.41445234534178166,-0.9750015085716786,3.6915978075485087,3.8499014841229138,0.8012527859294435
-0.0025467280636174427,0.18492973755594505,2.275559654727827,-1.3819857409175331,4729,130,-1.0022146741110358,-0.28679022367788487,-0.9704174596761002,3.6485497592216127,3.9302843471087336,0.4817484309282998
0.0016491719763714607,0.17873756639807512,2.2921736851041277,-1.461207750438911,4729,131,-0.9355177844710987,-0.3475152895535844,-1.0518445541249648,3.8702289275346486,3.9894113912814304,0.718735053728932
-0.00437436249452125,0.18208236180384055,2.3039968854209776,-1.4183621839011678,4729,132,-0.9646890557289656,-0.2858542849678936,-1.0420608680610695,3.7991155508913432,4.017572532982668,0.5783138899789086
-0.02287408091029782,0.1893315460856686,2.343446869151904,-1.3048366290750748,4729,133,-0.9860275870416216,-0.2914813454545217,-0.974293876078679,3.3385965522313814,3.847111107062106,0.12455601544480732
-0.03663343579626995,0.18860982305832763,2.405202781694878,-1.2851327118542866,4729,134,-1.0292212839393078,-0.3377701469670846,-1.0991493751325467,3.289180143014587,3.8644711575656037,-0.12917527584142807
-0.04879522757463809,0.1825157381977317,2.4965903185771823,-1.329111114574302,4729,135,-0.9958517351357085,-0.2539915666523057,-1.386340971709669,3.4865023060670324,4.072381780179327,-0.27179253437336426
-0.05048222428597158,0.17477725374773528,2.5625245453698287,-1.4210869034491926,4729,136,-0.861364106442199,-0.25491527900104227,-1.6769381729216621,3.5081707941921714,4.27311109682491,-0.13789213703172687
-0.0579064269212261,0.1694062341586372,2.6289909610045346,-1.4576513756083502,4729,137,-0.8332006138546177,-0.23964255531735798,-1.8686674156917722,3.1874993028988756,4.229889285689166,-0.14977643355659248
-0.0633373259199867,0.15802096579021496,2.734240134445208,-1.564468420537596,4729,138,-0.5823774717641068,-0.21119175670299478,-1.9226362516165831,2.273243824595348,3.697398380149631,-0.05067592058125092
-0.0710425957758149,0.15081396507779213,2.8139294233109284,-1.605806864859905,4729,139,-0.5540094868574714,-0.22229498155367203,-1.8584811012874558,1.7276150575343157,3.4140999833981946,-0.09767310796889797
-0.07047253895621458,0.13879461153895317,2.905691812925189,-1.7301391023905706,4729,140,-0.3466480788485487,-0.31321100751535697,-1.3896792850548538,0.9936247145897645,2.385521284175208,-0.05357509384036871
-0.07583951185849164,0.13811756248487184,2.927518989171328,-1.709150750523252,4729,141,-0.3615450790809374,-0.30355367163050123,-1.468206866515486,0.8873313183727093,2.567924493982226,-0.018846235659264562
-0.07665902545651475,0.1394266558031684,2.9195241789544735,-1.692051625756744,4729,142,-0.389019959466195,-0.2810527729677316,-1.554916152511554,0.9274464167250287,2.7159176885436414,-0.022118251819680496
-0.08578373688547968,0.1444112599016192,2.90239186097134,-1.5911636550468793,4729,143,-0.5513306522847656,-0.2342077354407098,-1.94144467638429,1.102756112832827,3.4686063065488693,-0.3169154090503679
-0.0825918408050189,0.13921987606959516,2.936772024983783,-1.661072159178647,4729,144,-0.4298739476320936,-0.2691582182779079,-1.6988118900460254,0.8779875714443871,2.9556584131228294,-0.07961879872347677
-0.0860093839054846,0.13332630388085429,2.9922477988378353,-1.6970510151746594,4729,145,-0.37063937750171777,-0.3244276288570517,-1.511434556556393,0.6254878544123468,2.7150920866531774,0.018572484348082507
-0.09551445570927106,0.12943117206287408,3.0428037897032643,-1.6725189026282876,4729,146,-0.39698230024701786,-0.34326194299245166,-1.5784867050325413,0.39671533072907145,2.876782789375584,0.025102034278201485
-0.09687638400407997,0.12620415185545175,3.071570582865722,-1.6921872339904773,4729,147,-0.3621914951472707,-0.3502668531955427,-1.5142512000421513,0.3027560692251712,2.7624633567441386,0.1118565898141361
-0.10773851740201983,0.13019869326695804,3.051655222414797,-1.579154484512176,4729,148,-0.4956993853314551,-0.34324247678292563,-2.036879290604324,0.1812675831440705,3.63542482625583,-0.5108093354785337
-0.10698182734923412,0.12869753023017685,3.063460068767092,-1.5982940395029466,4729,149,-0.48336534584177626,-0.3536832457417298,-1.9869740093878163,0.15229150832347793,3.5573452279595483,-0.3914757961216511
-0.11018195521161976,0.12849603658621928,3.0675930785389505,-1.575959729161041,4729,150,-0.51422550039725,-0.37124343292298584,-2.0871878942058766,0.08881265616341662,3.711507582606193,-0.5287147012844873
-0.09785330432379999,0.1300807755920594,3.041172204696921,-1.6508722458077485,4729,151,-0.4272164083148762,-0.34028849081847423,-1.6714976807599384,0.372403813898747,3.061826562701172,-0.050345805347195446
-0.07829812893836752,0.12574038979108645,3.0333667716257717,-1.8112582637067338,4729,152,-0.2487092777638439,-0.38925163826592357,-1.0064521642641717,0.5042195793040429,1.487282970779701,0.025346729272448548
-0.06657339064466775,0.12743905833361793,2.9806379714985485,-1.856879616177433,4729,153,-0.2574158407773468,-0.5039967768896029,-0.8838888160233882,0.5489156909248091,0.9826559887034285,-0.16762146987356477
-0.05875730551453217,0.1230819866088006,2.9825675017001814,-1.9327598806902788,4729,154,-0.28936925556357385,-0.7217511429292685,-0.7004425229748789,0.4185166473927968,0.10688137942426658,-0.50102455637469
-0.06557848734433477,0.12251685075302414,3.015528838525183,-1.9065512763995067,4729,155,-0.2717220471786671,-0.586257047602666,-0.7477883802620683,0.4447035460040625,0.4571305641198233,-0.31054178404789134
-0.07064003653188075,0.1140454932541183,3.1030243449700126,-1.955328346007025,4729,156,-0.21596273441466254,-0.509873398773918,-0.6549704798845132,0.4027467455291568,-0.20804046875303311,-0.515380309046445
-0.08217215336125419,0.11303579452531624,3.1486506521636195,-1.898529246278818,4729,157,-0.1441358589398452,-0.3254065674001091,-0.766521805765431,0.36850355511324273,0.4728896647086402,-0.11281268609561079
-0.08837349375561165,0.10868536370974405,3.2010418015169764,-1.8951194478575393,4729,158,-0.12764706061133058,-0.29275914544076037,-0.7441168058511908,0.3460596604675172,0.5288138411701581,0.016436209131612034
-0.09209009121610992,0.11120013036502556,3.1877722935014234,-1.8506121962900524,4729,159,-0.1644071631091665,-0.2937231276699591,-0.8418375908187329,0.30277914163529684,1.0003682190194993,0.17338483782076414
-0.10536031016937542,0.11771104383942482,3.15320625407509,-1.7046440652552561,4729,160,-0.32256481030710704,-0.3471394477374868,-1.5104893689737848,0.04292619122968585,2.719869937342219,0.22382470729081577
-0.1138392158104475,0.12586590572937298,3.0914341758900425,-1.570741004523582,4729,161,-0.5166377120277746,-0.3747660569591695,-2.169578499796321,-0.06066468050810919,3.6872324755366477,-0.5029989705113411
-0.10157931526141889,0.1253432741420003,3.0854272777856164,-1.6671504325393731,4729,162,-0.40593619533601444,-0.36517015148201454,-1.6502375273867735,0.18645208225500948,3.0248027927501413,0.025464182293351484
-0.10849455759726465,0.12641591308728914,3.083647551551884,-1.607191440633574,4729,163,-0.4678296163671398,-0.36721805409133534,-1.9717476128638691,0.05872519527828096,3.552205785623994,-0.31947452518705116
-0.10984874092186672,0.12289917708404706,3.113877344699728,-1.627390643866489,4729,164,-0.4380289684414136,-0.3619098458276776,-1.9285022777437075,-0.02311128382934529,3.400893083437742,-0.13710433951599105
-0.11604754958601098,0.12324127266485543,3.1140484206154464,-1.5758156168643258,4729,165,-0.5014399384341551,-0.36822298864276015,-2.1573738283951562,-0.17798172687610037,3.6524146357827783,-0.4504529730633668
-0.1228753912980452,0.12400857209204666,3.107880600271247,-1.5125520212334695,4729,166,-0.5596547218294787,-0.2891537743368217,-2.3793777385680985,-0.33918301766165093,3.8578194967009223,-0.9646985427290827
-0.1138157891420431,0.12044483621224691,3.1365575022928365,-1.617306411788889,4729,167,-0.4722863138200193,-0.3607108323413526,-1.9933605073834997,-0.16447991018150793,3.4637118130051623,-0.16776086251139555
-0.12109016231451791,0.11696145068182894,3.1668723699058954,-1.5866717035227302,4729,168,-0.47924150320029135,-0.3855255548984942,-2.0388612466418787,-0.43226771571429573,3.6365692656800106,-0.35575613634853354
-0.12600316675508738,0.1185235564418399,3.152641411837405,-1.5317366920221125,4729,169,-0.5234774661664225,-0.2651770812289677,-2.366663745788693,-0.5334409393320678,3.8518371893964924,-0.7476337572922045
-0.1288317968708908,0.12554652811712094,3.092550437690707,-1.44688354568799,4729,170,-0.6248936400271758,-0.17517343134207916,-2.505574204714136,-0.37792360925706,3.867613025074095,-1.4863053020546806
-0.13869320011645758,0.13043968584597815,3.0414164283729987,-1.3091289738007055,4729,171,-0.7017018281300509,0.035765692485962425,-2.443599382434891,-0.2884753926371854,3.3639037693225595,-2.5642896512054056
-0.1385055550452439,0.13442628637268522,3.007568928505046,-1.2728588869386803,4729,172,-0.7093062801616088,0.07976759644278308,-2.332380702264628,-0.08931885593249878,3.2004006902666076,-2.6886643836506763
-0.13934744899218326,0.1324870017934825,3.0230004383479776,-1.283147422954175,4729,173,-0.7212768018737681,0.08357807114065187,-2.3648658374590226,-0.18766106878084102,3.244835087603854,-2.6762997757953473
-0.15157056603466668,0.1314273087698975,3.0082787616614066,-1.1620519784071777,4729,174,-0.6551154430606109,0.21114692142155075,-1.9689560330179239,-0.3208345678598742,2.474467876796616,-2.972127971533381
-0.1509720351267853,0.13554082774314763,2.973539964006147,-1.127077541309416,4729,175,-0.648878929477581,0.2006466830160437,-1.7343634041298472,-0.1442610154665922,2.2899173673404527,-2.8105931290980286
-0.13721861936540908,0.13800086432778108,2.9785003430721733,-1.250296207782893,4729,176,-0.7236251799215985,0.09255951014171687,-2.2087989822162175,0.07209093414785042,3.1301211893932255,-2.715378033283823
-0.11632423163346915,0.14047610613818104,2.969990358678546,-1.4151385323556425,4729,177,-0.6541743482094352,-0.22621065224163137,-2.441544167526999,0.4575573919458064,3.861491135962948,-1.6556195591214191
-0.09807236161036705,0.1481364146587282,2.8929523715835055,-1.4747255061540518,4729,178,-0.6669404341307787,-0.21359579757553768,-2.26078048725176,1.1511200081433328,3.911621286649088,-0.9235660206062973
-0.08948321480389076,0.15308368597586156,2.839236999413591,-1.4789359174634247,4729,179,-0.70744481927757,-0.19606177905749728,-2.1665940266902286,1.6139397357402347,3.950092589760563,-0.7292955572009002
-0.07786776547501859,0.15070367641094218,2.833542605126534,-1.5716648344094142,4729,180,-0.5698208813823472,-0.20855613828496042,-1.9915115023253809,1.6325160214221754,3.584281157084113,-0.2686650762137214
-0.07678381947490005,0.15588326922703893,2.78964821517092,-1.5223277492252176,4729,181,-0.6722663042445944,-0.1891803729776788,-2.04852592350729,1.9924838114000507,3.8550596318909474,-0.3827125876336825
-0.0664375027556085,0.15668929676975052,2.754351647670869,-1.5650505488395041,4729,182,-0.5826059356507679,-0.20596481751120393,-1.9019414372444818,2.1900475831353026,3.7134923125258688,-0.07843280646407988
-0.0512710572521185,0.15145097732310736,2.7388792591586726,-1.683321143692737,4729,183,-0.3684691027957385,-0.27000437624401086,-1.54987322223124,1.891750203947733,2.8993698303462634,0.24986521839018544
-0.05416097918117607,0.15187871902092048,2.7474212079751053,-1.6681529333495662,4729,184,-0.3994477322562056,-0.24913364167925925,-1.614271314405637,1.929476580775824,3.0324014585824695,0.1744967060752326
-0.0533330452714969,0.1424722650926549,2.813245082855368,-1.7685139592209393,4729,185,-0.2850529115240934,-0.36205494498532725,-1.2655330983705095,1.2347123525449855,2.0473025626688104,0.117590899463595
-0.05290635467187377,0.1366720078001722,2.8540580455321574,-1.8278426150686955,4729,186,-0.2462654057033263,-0.5146489026804643,-0.9889053353598231,0.9068201468673719,1.3742083785728698,-0.06204296021757125
-0.04699486992658862,0.12475240932921096,2.9129409716477195,-1.9637598466967792,4729,187,-0.3306916787367689,-0.9128803260457146,-0.6049883665769727,0.39923342641793724,-0.1405788515362541,-0.617314000842738
-0.04935715619137476,0.11645031439715453,2.9874273468197985,-2.031474179085327,4729,188,-0.24571511807476157,-1.0576783783229666,-0.5382423216296381,0.22546690328823954,-0.7301716064274174,-0.973468817839615
-0.060049019378770656,0.11364744488949133,3.062504546588437,-2.011230688827148,4729,189,-0.21192297222827144,-0.7976232797157088,-0.5248940308019242,0.2915923835685331,-0.6495247645359354,-0.8866804393038349
-0.06298097114068467,0.10854436657472605,3.117115696223551,-2.041123210101168,4729,190,-0.17974372825026075,-0.7535344894954664,-0.5704555716860652,0.3143482209764015,-0.936734109996494,-0.9818723337911988
-0.061863016100197975,0.10224435472950669,3.1645089105590642,-2.099175247369587,4729,191,-0.12234857069454047,-0.8759393095203674,-0.48159234403687845,0.24948730465688213,-1.3822126011653797,-1.2535455352654052
-0.0561324574807911,0.09041826056938933,3.2377414559989153,-2.222730688492814,4729,192,-0.026145484041871114,-1.1396148026719526,-0.466699716091463,0.17142736830057617,-1.8263323667937055,-1.8473839543583284
-0.04904790331525363,0.07358936499726638,3.352104212838337,-2.386830220138991,4729,193,-0.016368061964444958,-1.22233950140194,-0.5147770948426651,-0.11269618512854593,-1.277125817690441,-2.3173690653511345
-0.0496948897683738,0.05990154367674964,3.503858812027852,-2.481051818219308,4729,194,0.1626277544271459,-1.0637343121056069,-0.40043154137266423,-0.246629865026589,-0.625056661660473,-2.4879405920538695
-0.05136919262886481,0.05406392722648595,3.585469610800757,-2.5096565359905156,4729,195,0.27239967144678745,-0.980180871360314,-0.4031290160209258,-0.2720491729890358,-0.3795101698523943,-2.6598985147609233
-0.06471686530147117,0.0531150869854389,3.6687970448550256,-2.4289170273784384,4729,196,0.3465045981658469,-0.9389487212025251,-0.43215693380743336,-0.09032723711895363,-1.1836540865547516,-2.8248782552853773
-0.0609685969614595,0.04241753530429081,3.789901475866189,-2.512323282849738,4729,197,0.5963401456011824,-0.8626552293891108,-0.46137058364611394,-0.2558366373194926,-0.5215271042469487,-3.422701353202754
-0.06673942946397178,0.035221974856323376,3.9069283584662617,-2.5018777916153074,4729,198,0.7970960440137722,-0.8722705917355834,-0.7102104561232073,-0.22532018915398988,-0.7494405623910766,-3.9488803934840386
-0.08346747510782425,0.030678457861236713,3.9805878279339875,-2.3824365223698396,4729,199,0.8451507398518042,-0.9972727726124062,-0.8696042641566317,-0.10519639165344716,-1.718983614557212,-3.8664965443217825
-0.10425309280471631,0.023234196220217135,4.031884880912692,-2.2191441440117363,4729,200,0.8368421092619488,-0.8756241526962175,-0.8641655333465422,0.05644210865159214,-2.4339459183085843,-2.573658863465363
-0.12457310553604771,-0.06185914994361587,2.6498429289744614,1.9052976333964335,5116,0,-0.013020565879061322,-0.6427279231088004,-0.02211744458854881,0.23086372895536056,-0.3413884842732854,3.9686079830931162
-0.1149503997404726,-0.06006796408755857,2.6232509262201873,1.9997409782595164,5116,1,-0.03660283246039791,-0.6720344568745626,-0.156356707221805,0.2381769051760014,-1.3618983528433104,3.0752599875957514
-0.11780152455805612,-0.06456354187973867,2.666211364520183,1.9534838408086976,5116,2,-0.013752675046822968,-0.7246900044473154,-0.11285683172864243,0.22683517468793288,-0.8695314740737266,3.6055877750520793
-0.1237993192586033,-0.06787474677386271,2.7012257251988046,1.8837531388428221,5116,3,-0.04130671440804128,-0.6788974954153913,-0.014020617075851966,0.23542160525598388,-0.12053059193444597,4.088464395539145
-0.12046113809253045,-0.07340971235098784,2.7464136625242492,1.8849716161877814,5116,4,-0.014760988347225376,-0.7454209107032329,-0.032912578856806846,0.28540417530675904,-0.1607188121015259,4.105768014775824
-0.1083882804761659,-0.0776200358402357,2.7812046806102138,1.9637144464868144,5116,5,-0.0046073394400873435,-0.8761150932611558,-0.1547061560122348,0.3277889960745028,-0.7878716291181415,3.455405104320169
-0.09665508101357798,-0.08246857669338147,2.835053980220679,2.025804619641298,5116,6,-0.01895397712935013,-1.0879235480269558,-0.29213653806317497,0.30666337884146916,-0.9813688248448081,2.81914483926617
-0.08273105221583205,-0.08320754075253725,2.869898051892098,2.119928464592468,5116,7,-0.08215778610443436,-1.2711524882649659,-0.35264014340390876,0.20231301566467297,-1.168220690657641,1.9623458519966626
-0.07908046573949723,-0.07971473754942426,2.847055011910434,2.1678601189210687,5116,8,-0.16172515387667022,-1.3255985159080776,-0.34574348516593767,0.024507675275736412,-1.180419184953587,1.3953977676080296
-0.0687138257686149,-0.07045025213605693,2.7911780936245334,2.29657924640896,5116,9,-0.2542632675508989,-1.43410348687494,-0.3730563928084984,-0.4465231238462667,-0.9524844082834544,0.12228088786060393
-0.052508879038826436,-0.06506870737776252,2.8184624487114758,2.4298928789913754,5116,10,-0.29768112572648764,-1.5251677687873095,-0.4731469181554731,-0.963956959734044,-0.1439404007461061,-0.939614335223993
-0.053738663626363155,-0.06243148581227354,2.7812335667457653,2.4408928389198272,5116,11,-0.31818148115094336,-1.5048876371760005,-0.44103257293901843,-1.0259750185772119,-0.1748813266151456,-1.0897004436999176
-0.05767865708929281,-0.05807577885909625,2.7076554215245587,2.4455322162959843,5116,12,-0.4143523613459124,-1.4344315865686663,-0.31220457359646975,-1.1245164762170299,-0.33123281394839627,-1.303770454892053
-0.058362502457391253,-0.05309381455862175,2.643935927898325,2.4716374528545355,5116,13,-0.42117052750319556,-1.4229285317064768,-0.2819973144845474,-1.2695398229858013,-0.3291373538439125,-1.5652504881109082
-0.05893418288692847,-0.05228683963959454,2.630973021349264,2.4726436805242185,5116,14,-0.4091824239672934,-1.3914685224977381,-0.2671330863888929,-1.2838673456877394,-0.3264346834523491,-1.6277816822368603
-0.05287452028533378,-0.04871494317309965,2.6195055205127025,2.5331263778245074,5116,15,-0.4217083554868011,-1.436498205090579,-0.3147629424929387,-1.5090251963961503,0.0882429308102304,-2.077267905229804
-0.0640690714013537,-0.046948284049576766,2.5404978351770255,2.466962384274065,5116,16,-0.4340351098124622,-1.232554869874514,-0.20509395157995033,-1.3292472460782487,-0.6232482652837623,-1.8181150667304444
-0.08817563299198969,-0.0417519735527878,2.4316526472813393,2.3043425644273587,5116,17,-0.2373188926586903,-0.9912040429056823,-0.09790818910007669,-0.6925490260898155,-2.1514930926441043,-0.8111608923224743
-0.11044215941815173,-0.02690508943786636,2.303166507159677,2.1547681181415848,5116,18,-0.2190764404546036,-0.8358055124111186,-0.15650139931828885,0.20659801813154188,-2.8815728364731155,0.3961470870037316
-0.13132898042576313,-0.0021929555719425453,2.16660427405904,1.983370025022815,5116,19,-0.1628648317232995,-0.4367656635082142,0.03839060351084904,0.7226072597174453,-2.2331043774914257,1.6155987340834912
-0.14817838439472972,0.02813370508701106,2.062711550815203,1.7825013069163698,5116,20,0.034483135856193246,-0.3781488461013503,0.5749080887776589,0.7816755011241046,0.18373313590890675,2.553427697046622
-0.15353127866049376,0.040729375338981924,2.0347573828643895,1.6950485877439923,5116,21,0.08344137401291082,-0.5149964805506184,0.6485913527696995,0.6888597984348701,1.094465396079527,2.6072431236011666
-0.15655595945184653,0.04646191269305457,2.030659464747878,1.6448752503708766,5116,22,0.10066522359176894,-0.5607399412475118,0.6906206897097161,0.6444795653355568,1.5393430862491007,2.61909148298238
-0.16094319503586008,0.050606364373579814,2.045708274106204,1.5824731149394455,5116,23,0.10639640295488631,-0.5358358461352744,0.747226193712815,0.5102871953828072,2.1093153355644962,2.685306347408696
-0.15498637678142474,0.041552935408512306,2.0411519987472464,1.6769880379956372,5116,24,0.10317240792004834,-0.5159424802389124,0.6453199846333855,0.6441405327116874,1.3314835389080653,2.6950240681951936
-0.15099406694479156,0.03216372000739995,2.059664797974521,1.7441030925122276,5116,25,0.06412257287090248,-0.4125932837325477,0.6105676447654118,0.7623175606084034,0.6818482159177635,2.6804690488445
-0.14780887387044223,0.02963838327470314,2.0520495804997783,1.7832984060407966,5116,26,0.04102820082681291,-0.39749985416965006,0.5576086707652607,0.8131364871352981,0.13908981983784593,2.4627705193103258
-0.1520392208373131,0.03504222453173653,2.0519936492405373,1.7261467514844273,5116,27,0.058755438296887806,-0.4403876627099245,0.5925523154526893,0.7123240498151288,0.863347858790755,2.6918921023209212
-0.15875244853823617,0.04564282271492748,2.0499323036791877,1.6234036728126715,5116,28,0.08455275729951398,-0.5338025605593991,0.7151192385226433,0.5448078308852302,1.8222267547451465,2.7523286980115524
-0.15703857156172374,0.045888317847181864,2.036572150950093,1.6414505594313424,5116,29,0.0734688036413027,-0.5416449233164281,0.6828238025879,0.6130531289992469,1.5762427085353645,2.661813310212276
-0.15737855873341908,0.05579841270536299,1.9995235164776697,1.6026950135944953,5116,30,0.14805655343961868,-0.5117075173809998,0.8085228735661274,0.6498880081147039,1.8463844014351714,2.464515546357053
-0.1608915305412871,0.07320629941513845,1.97169036009815,1.4857895798904415,5116,31,0.22767560708129392,-0.4028100009957284,0.9877501055129688,0.5391668247501408,2.3300406144876042,2.0797649033492567
-0.16253185911951706,0.0829605284693066,1.962670525175246,1.4139366933455868,5116,32,0.2868198917165068,-0.28128776446320514,1.0406880782123138,0.5038385502375289,2.3102458168123956,1.6787002712218864
-0.1633668496313564,0.0789750994918725,1.97777282370855,1.427045015457636,5116,33,0.28108658170256645,-0.3056349332109838,0.9967816102781932,0.45788690081573435,2.3805872230996967,1.841740028826264
-0.1610723461791315,0.06918166063998668,1.984051866983978,1.5037181577693763,5116,34,0.1999281481981294,-0.4398338083702,0.9518120423151286,0.5291755618714956,2.2798096590978596,2.1862495789360805
-0.15774645084733438,0.06392127840841533,1.9741494434613476,1.564897938832873,5116,35,0.18334415731185505,-0.4903389039329986,0.8923825367691396,0.6342241567711201,1.9757348046055045,2.2572943822858997
-0.15535105599304877,0.05283539634017727,1.995797543656121,1.6359281410308946,5116,36,0.14659004675687892,-0.5176388087061329,0.7441963701602478,0.6952284024019626,1.5582852778076248,2.4540285771314063
-0.14976619284210912,0.042645268637861736,1.9994393834912658,1.7294987830133899,5116,37,0.0850268290061465,-0.4747806719596269,0.6154051390976024,0.8211234894261121,0.607231928307367,2.342462196757517
-0.15570432553693198,0.039347314152033866,2.0563544553149713,1.6754299205794818,5116,38,0.08651523494513977,-0.517385642159957,0.6571248158067918,0.6146234762121252,1.3751488994155163,2.77070314734251
-0.1642596769774044,0.03784714592120561,2.123028607718821,1.5842117314466224,5116,39,0.0605636263180879,-0.5078397201806665,0.7005929410344796,0.3742414092515263,2.295508230458261,3.142202102833116
-0.17666627719047268,0.03728281656438236,2.214393311116615,1.438431612622723,5116,40,0.07006484506271807,-0.3141167087003672,0.627772677144789,0.03927038844872273,2.8367966069487633,2.915737534207197
-0.1841022186485908,0.02934447188494243,2.302263611469201,1.3625327787830281,5116,41,0.08623371120921422,-0.31614465950420007,0.5566688949644788,-0.08949815611085706,2.684845104846679,2.4249353660155495
-0.18112214649285518,0.017669250053263447,2.334186957086212,1.4203181579980986,5116,42,0.17633039470956471,-0.3864463517032123,0.5740289519450158,-0.0782579467461785,2.8927204093224868,3.0041799077966895
-0.17613277148108478,0.00673748935453132,2.35737916965576,1.4919595848832856,5116,43,0.11863699883220902,-0.40512601610726356,0.569158337668268,0.031216227589177345,2.962078766226103,3.6754952206975564
-0.1755471017061122,-0.00016718663600706618,2.3921896582712807,1.5007107396626158,5116,44,0.04662297544365409,-0.4194982618082287,0.529123296054652,0.006163723122794939,3.0241248728366386,3.8234701006433447
-0.16959337710764522,-0.007712151357653282,2.4020089183412776,1.5700535893189917,5116,45,-0.04797656652985082,-0.44322425914152386,0.48178590382978065,0.00197362346465506,2.783037972130583,4.194555100528589
-0.17223754689996662,-0.009010123089922828,2.4249021913604265,1.5379100215239747,5116,46,-0.0181705995279184,-0.45539527672023683,0.511779607817549,-0.0497532027809136,2.9505553192698923,4.08912252702571
-0.18426938489697145,-0.004652863247376016,2.4718065882228784,1.390062067210995,5116,47,0.15118665189076533,-0.39828508870718843,0.4361481764967563,-0.16414035632569612,2.8937544324344486,2.899504913182761
-0.19096721057770738,-0.003952625095313453,2.511929692784317,1.300715862722909,5116,48,0.2162999739307302,-0.3170646060370513,0.28571431748496073,-0.23310692457549428,2.2851940469193184,1.817745952861689
-0.189880386865739,-0.0015757802228441031,2.4918563361904145,1.3160698629338474,5116,49,0.22133090883573836,-0.3219485708498726,0.30605479350317566,-0.22447264300188022,2.3696941530922477,1.999120379236647
-0.1872512041440975,0.004129226391590329,2.4440582184138258,1.3509724141189723,5116,50,0.22698464189147027,-0.3599067672420425,0.43235656935516487,-0.1975331451501488,2.6248229441398014,2.4554547388743937
-0.178573217126343,0.003575373942826532,2.3901197445368187,1.4629073806018544,5116,51,0.08757562333578767,-0.4240180979468721,0.5337094802457863,-0.05393757856816803,3.0131080814707754,3.4956528338622213
-0.17264883331713474,-0.004532323526051388,2.400293973119015,1.535088683555624,5116,52,-0.018349658661019716,-0.4357187173801053,0.5312002102114316,-0.031067070290394475,2.9046850234645976,3.990334843475393
-0.1683428721009935,-0.014732580754491437,2.4392576977625025,1.5792557498114053,5116,53,0.03117963509987436,-0.4038313914023523,0.4994335415223973,-0.011929651277863813,2.752597346735715,4.337053737183744
-0.16579255229232073,-0.01704148567135505,2.440868742644952,1.6063043910290677,5116,54,0.01695736991161175,-0.40621899265744177,0.49892107840441047,0.03645473879700126,2.6084416586081134,4.454829571961016
-0.16962901160072796,-0.020703543684325684,2.4846361736589433,1.556815374881276,5116,55,0.00821775658379308,-0.421606743904713,0.4793743549721415,-0.08613817163225078,2.7774370656426672,4.231268325808093
-0.16950587876490925,-0.018736564011809426,2.4712024532813426,1.5609593012417233,5116,56,0.021001267962689335,-0.41182856463751905,0.5016311991571225,-0.05954120580644229,2.7926696343789814,4.271481993853694
-0.1764191605845975,-0.00432564406125012,2.4214208905697108,1.4893719594392107,5116,57,0.046872213381835906,-0.41429137572643643,0.5377275199789532,-0.058956839232458785,3.0256891156777446,3.7296307988499695
-0.18164149386705658,0.01142950125747691,2.3687129776127986,1.420078239511294,5116,58,0.2144555899097397,-0.3831210077745365,0.523657092721361,-0.09615653293058243,2.8824715950460673,3.055522662158484
-0.1839355337613119,0.027852898600872214,2.307439514567568,1.3677347872190295,5116,59,0.09488622055984805,-0.32584738617171327,0.5704986488830379,-0.12109220398328722,2.668877643221475,2.450894642987647
-0.18416522058589782,0.0463572717221988,2.237122497059311,1.3157547980385578,5116,60,0.12107189770677038,-0.21420453714151147,0.6099862270173985,-0.05056200361075778,2.367611678841487,1.9244640912105568
-0.18467619193278312,0.06228828750045602,2.1931918480868475,1.2461981121970838,5116,61,0.11625381133538137,-0.11891231373472567,0.6616687090233272,-0.1137049360744451,1.6779575109475675,1.1575939576394587
-0.17436190700587822,0.06686006628583502,2.0962510753311094,1.3583567631920221,5116,62,0.1464017020282377,-0.2798286243761645,0.8455139807894198,0.12258192969804377,2.500977578810868,1.904824897339258
-0.17066426936602827,0.08864515294502631,2.0212109816304,1.2826499051108413,5116,63,0.21461419677230645,-0.10353730727469816,0.9469773585615323,0.223098726073676,1.8760524519302049,1.1890151844484835
-0.16693510448850785,0.11593087351606694,1.9738118359802397,1.1215562587802497,5116,64,0.19759890524631227,-0.06509465190841814,0.8786276619016227,0.19477850390964122,0.7039607014561334,0.198595235366757
-0.1541819201956353,0.13463198529712972,1.8744495856594856,1.0986644466162536,5116,65,0.25722894380372885,-0.13176674833687965,1.0440472761728772,0.5177950870631745,0.7445845344546567,0.18191123944771936
-0.13920979225308627,0.15022118769103768,1.7697705157461994,1.0967946712298546,5116,66,0.3070359243164706,-0.1533491967387823,1.2423653594149424,0.910116922530797,0.7474373656859,0.18012643433629366
-0.12625734378841738,0.16721752475087606,1.708125557929881,1.018790210855308,5116,67,0.257172872324558,-0.17054214254565733,1.184772864548653,0.9744811820057869,0.7112923089794793,0.20126425670200088
-0.11513848107204723,0.1794462001037065,1.6642490976254418,0.9540351240172764,5116,68,0.148213689814218,-0.05449839209505995,1.1358687012381181,0.7870781459676383,0.7766314714661393,0.25217983901145563
-0.10435990882429064,0.1838750731616038,1.5940740905108335,0.985892492986158,5116,69,0.25830995431401543,-0.11870998573077589,1.3176478935425966,1.5455714591245793,0.7879260922998179,0.31476475610454574
-0.09212126077766654,0.18411610554695337,1.4949313608271941,1.0795743627177452,5116,70,0.5118751873961328,-0.12775043614544024,1.9871218226662877,3.003818282941396,0.4845464351521776,0.2652796063939812
-0.07963173157296778,0.1987392230305019,1.4830243408768613,0.9377366663426958,5116,71,0.29437122149431505,-0.046186773939498674,1.5630603618987033,2.085835183064204,0.89380847253812,0.5207133811588326
-0.06486214738501624,0.20829806731639255,1.4427847450251166,0.8597716279348623,5116,72,0.15596492759768663,0.00022692325515388106,1.3488106868924705,1.6432594408947718,1.1245894139150743,0.5726196131964408
-0.05438526298168572,0.20299838945819643,1.3285542078390618,1.0080095520378072,5116,73,0.787103037260923,-0.25205848667828734,2.5588337184751557,3.950650868806334,0.5222914743854445,0.7139762324657969
-0.036139031437342206,0.21171045721835974,1.2772476888950406,0.9252386266086275,5116,74,0.7341924041108029,-0.09763076033607067,2.373713278593879,3.733386621546454,0.7124264746312936,0.9602565166080572
-0.025688283194559805,0.2190876607631868,1.2825561795048397,0.8099167672096834,5116,75,0.4038011682399066,0.055814165223319,1.7584298751235359,2.495296463545868,1.0167040663566178,0.8241573389829128
-0.010768907223478001,0.2264544898458371,1.2839736291420523,0.6686825972643387,5116,76,-0.0974404982001924,0.29552037253208324,1.0705907857513932,0.9412066823699125,1.0093769437314164,0.11991090240943622
0.007718669097613692,0.23003465591494038,1.249971128678813,0.574566815144517,5116,77,-0.22333817117091062,0.4052066292942616,0.788036964368568,0.3430536508865408,0.7025221500477185,-0.5193590792265931
0.034434105646402556,0.23118250217497083,1.1939052473154206,0.45806083827495664,5116,78,-0.29518595162865535,0.3040222485562911,0.4878553896138884,-0.2525454031828818,0.15354231994078615,-1.3673018483393053
0.05427878740154732,0.22626323319347147,1.0877852465256088,0.4951360400455837,5116,79,-0.2498566824399053,0.3464536620832361,0.7777626835211895,0.4390948929464599,0.1083190886107378,-1.0185607755147603
0.06782393398137254,0.21630432413498868,0.9323278676221829,0.6692401644211174,5116,80,0.7257391588534434,0.41289414314231243,2.3149779855116557,2.830456502047491,0.32853569177598113,0.6135356725849964
0.07959682235786025,0.21227566759390382,0.8776836392649312,0.6687381636176772,5116,81,0.8452687568509234,0.419975838558212,2.471813796209848,3.0874127754489233,0.19127387159873357,0.7270807331755206
0.0803689426166959,0.21065450587363543,0.8565112037354466,0.6996208594945907,5116,82,0.9884052908020603,0.4449144947925285,2.762432709689707,3.414630667493395,0.2080843005055691,0.9258509332444365
0.08397637806173142,0.21470850391139104,0.9163670750425085,0.5632061460893495,5116,83,0.32999323392221325,0.3865533929593585,1.641736884474302,1.9160333986398754,-0.0002113691380951771,-0.13791847251111733
0.07323672247334581,0.2163881202641172,0.9328889726892109,0.6231164267788559,5116,84,0.5409914144733671,0.408549527196493,1.9809075649411798,2.3711531970844986,0.19380920229239684,0.2769668170203984
0.06589543489266635,0.22058541448533525,0.99400906565883,0.5729924050090734,5116,85,0.2113833910298536,0.4021256979030556,1.4712463914228957,1.5610218861278085,0.25537668028740157,-0.1033425928044229
0.07053657424598328,0.2223151285461746,1.0255979864006668,0.47592585216967115,5116,86,-0.16473002389236613,0.3277997019305719,0.8477193229958169,0.6361460959546957,-0.052217389120329596,-0.9835667276971816
0.06981976676296316,0.223655623080373,1.0498347138909272,0.43674512286632505,5116,87,-0.23437018338948853,0.28542169528991673,0.6343530699943377,0.2521054745969212,-0.19101919214947632,-1.3190531980707407
0.0730718134164142,0.2263814981671194,1.1256358552086705,0.2658724421643843,5116,88,-0.13247640665583899,0.2841786315363173,0.03496035638704825,-0.6979066932222611,-0.7774207417859557,-2.419604275739274
0.06035650864419939,0.22964164235494502,1.1676170455893249,0.2923261616490738,5116,89,-0.17438363450820904,0.23718319487644876,0.09270333560144227,-0.8175031051124386,-0.5551042490098447,-2.3614877385496724
0.04591283732306741,0.23273681406253047,1.2237331252707793,0.30458103117046786,5116,90,-0.15558748709868903,0.21882081611308887,0.07104395587314052,-0.9410818749533146,-0.4838701528066282,-2.3226081606877123
0.044373936235409125,0.2347393097079197,1.2880390078679265,0.1918539040194024,5116,91,-0.009678500183508174,0.2083789594954274,-0.09120353523397205,-1.2457557653817521,-0.9890222876643021,-2.568752965874276
0.037240889971935726,0.23593674327620257,1.3166429488972873,0.19520456644355233,5116,92,-0.017110603219837643,0.11218635972763225,-0.07479522976121239,-1.3250796704710999,-0.9836369271271942,-2.517910416578423
0.028578915008837844,0.23583312821030877,1.307440183878872,0.28552277394093034,5116,93,-0.09694891916228138,0.05992578613336898,-0.021561669106344668,-1.22491414165817,-0.4877479766984672,-2.3573009176422413
0.023828224327186204,0.23568131329669317,1.3086876588314387,0.3226949651997226,5116,94,-0.13065367072618028,0.09492648859652142,0.020344224205794757,-1.1853789194647943,-0.29634879117165985,-2.22874952009702
0.02711152941510982,0.2360336010253319,1.314469005175261,0.2839310016607149,5116,95,-0.0819581873463208,0.08183834601943536,-0.01795198776754337,-1.264114032929495,-0.47676815467730965,-2.335381478197316
0.030811068087190797,0.2367537775016571,1.33928698094461,0.2041939110554451,5116,96,0.01887769675591746,0.09610152180246322,-0.04220683985153993,-1.4379690323411984,-0.8729476299504717,-2.4961920252040724
0.035361038322912736,0.2372568941241061,1.3908983645935051,0.0638918103870608,5116,97,-0.4929889304855385,0.48556495010619916,0.1538738253475278,-1.5904361283041444,-1.5805913025703335,-2.1042115736864595
0.03686752896642306,0.23676412835359933,1.4728003314955513,-0.11295528156151224,5116,98,-2.635609926122431,1.4596837063651376,0.7650016994922298,-2.0931266538533237,-2.4066457169233426,-0.8217640148803094
0.035999823866562614,0.23616313424706173,1.515685840561491,-0.1923225031407536,5116,99,-4.078712793398013,1.9151880106090418,1.0745104264540126,-2.5349529460980325,-2.7890916180545466,-0.09831545968338433
0.029289527374850275,0.23761397825400593,1.518142571657165,-0.139985471529489,5116,100,-3.3516386827479407,1.6311677544311225,0.8963299098774864,-2.36220533454438,-2.620991172332343,-0.4242496693677014
0.02381563342332695,0.23861158744222366,1.5124339627563401,-0.08223476267932377,5116,101,-2.4658967292366927,1.285472514811816,0.6886175946921917,-2.141265297688131,-2.329785457833309,-0.9031933964639586
0.013591033855804048,0.23931682455713604,1.46426471961239,0.09960315354201128,5116,102,-0.36014976540629384,0.32825584513239886,0.1127030437314914,-1.6423839287316209,-1.3902240581072471,-2.102272162358747
0.024859767220324985,0.2386979079699873,1.4574298715648653,0.019186343363249973,5116,103,-1.0254481670684907,0.6744546325828394,0.2835380304276713,-1.7520149435075125,-1.8137906287931627,-1.7529634469994018
0.028573803437139188,0.23743093419194766,1.366548378121383,0.1689563928791093,5116,104,-0.031062756031179535,0.1580372945261673,-0.05124465653862828,-1.497351898304507,-1.0529884133481968,-2.422336017028626
0.04795529186041204,0.2348664644960771,1.3204109106837858,0.09794564862746712,5116,105,-0.22962647297304392,0.4013301653361955,0.020469888518723035,-1.3830276572917959,-1.4077082783063455,-2.420184729171672
0.06601904219917554,0.2307411373639207,1.2926098906508865,-0.0009716505430327621,5116,106,-0.6962120828503422,0.8633553418102835,0.20289179881749805,-1.336096504767204,-1.773322142758129,-2.1275134446450332
0.07090029100031521,0.2290770783644981,1.2296284199026712,0.08202947663641694,5116,107,-0.1305077881431476,0.5772286634031477,0.007889463118946368,-1.152692358380166,-1.4458655358837451,-2.583688969308769
0.080482121678779,0.22565413045022792,1.1688218645624893,0.11875513287294172,5116,108,-0.028366326364748333,0.50155531531738,-0.0532580731338342,-0.9357688830505374,-1.3448935306740084,-2.6749354906431178
0.08616506345179853,0.22086425394268983,1.0425960106113776,0.3124683835581531,5116,109,-0.20369170357514557,0.2654424817272514,0.18836149912091857,-0.16775031716320593,-0.7566532203439066,-2.1038479531703533
0.10012062578800687,0.2162932150072588,1.019659252806556,0.23522633078984467,5116,110,-0.14126865949795306,0.3446790148074406,-0.03604404499346053,-0.17808313278652696,-1.12110097922389,-2.4468186917647694
0.09757520473258427,0.21625361881735067,0.9953524552418656,0.3031728666431585,5116,111,-0.2139776277613309,0.2864484876364325,0.17481858475634887,0.07103387813392117,-0.8414631520471593,-2.0786606781562456
0.08513775152276891,0.21842765248662638,0.9833394883461625,0.43159124964976625,5116,112,-0.13711879659527282,0.27196084638881796,0.7367149641348884,0.6661461799010152,-0.38174882924855835,-1.2452705907869466
0.07736300881750333,0.22253388698409468,1.0443948854387046,0.38365058286723003,5116,113,-0.22376495965493096,0.2512341829873585,0.397271682113755,0.043759330226617064,-0.4334405742972755,-1.7234339931620786
0.07208018082810229,0.22734860996498663,1.151966954066894,0.22361495301113782,5116,114,-0.06631569549821945,0.30970421119946673,-0.005222069579339893,-0.8630667049927263,-0.9206344239358596,-2.559013936804106
0.04852393330727739,0.23130697391978988,1.189193411980323,0.34963992436038493,5116,115,-0.24973932974796445,0.24808807057495363,0.19879812776761624,-0.7036135270897983,-0.2841349645432199,-2.097182047765922
0.023771501251827882,0.2343579940293315,1.2770690880018691,0.3852810780722036,5116,116,-0.3064044875285474,0.17186544591683295,0.1767899296601131,-0.878918400255375,-0.034689900167357485,-1.92442453760443
0.0019485967768250421,0.23630647891570997,1.387075899101172,0.3509491144836632,5116,117,-0.15995761218815513,0.07194328629924893,0.053363565074182134,-1.1466518722682115,-0.06461838959707057,-2.014635059913246
-0.013980046772458258,0.23595486149159,1.4557982440771242,0.3483554349149804,5116,118,-0.07544025973545024,0.06504392407389727,0.027214670084528658,-1.2263199524071353,-0.049480099226234545,-1.9863222448385547
-0.015345083491246346,0.23770375444196637,1.5126615954322005,0.2452015466275419,5116,119,0.01650329611978496,-0.03438486185595306,-0.049352478999128715,-1.432396079708802,-0.7050517673734817,-2.1982297784390212
-0.016909216187078302,0.23740082245085942,1.512786285192357,0.2582328025354577,5116,120,0.012372768042959854,-0.02103033112435714,-0.04582453692767001,-1.4140612661448548,-0.6450425157680296,-2.1855567578297603
-0.015779230584835886,0.239095308388486,1.5800776920532962,0.11323727848491498,5116,121,-0.45319394689649856,0.18809331242626018,0.04537083598974444,-1.7023749272730242,-1.5295116901057093,-1.796025095880874
-0.00744461975931257,0.23986140850445636,1.615694882758542,-0.0277426888832652,5116,122,-2.0723347643171177,0.9153599669791515,0.4047010927509003,-2.1987271431200757,-2.3513923795777125,-0.8651586307244898
0.004229856748715559,0.2397983899395456,1.5901641176623473,-0.07401036515728253,5116,123,-2.7795944467315707,1.2128153867724123,0.6771994970339799,-2.368056702651542,-2.4989430448283043,-0.5799592885249563
0.019702071216841036,0.23816290530238332,1.5806479181207538,-0.1847776841674239,5116,124,-4.527626569256288,1.926754594070441,1.0957316829656107,-2.878834787759727,-2.929873912855551,0.2726721819237702
0.026474628978419172,0.2364930098379614,1.5894609637516253,-0.26029450366885676,5116,125,-5.785616017060528,2.3756478061960062,1.3607860870619222,-3.3366023556597177,-3.252263230362071,0.9007488732574482
0.022222345048820747,0.2386840189635988,1.5265897843349236,-0.0972588941672033,5116,126,-2.7913410170322908,1.3731324795127968,0.7304749971104387,-2.2576750716273155,-2.4242255770512493,-0.6945070405074302
0.02180794462302748,0.23900714119477526,1.4798170326807571,-2.530334828907549e-05,5116,127,-1.310929876516632,0.7895109539831804,0.37503742313082294,-1.8445267228592848,-1.905519228200563,-1.558489483984639
0.014861948075260652,0.23932312458570065,1.4663605516373783,0.08483098681160131,5116,128,-0.4595544582935463,0.38139776188249713,0.13029854011661024,-1.65626559141921,-1.4633019712024458,-2.025836978701469
0.006260850695474381,0.2386638853657324,1.4422992677065822,0.20454030757883881,5116,129,0.04387082685530816,0.03409869207533146,-0.06751192833235323,-1.4431101621126112,-0.812055897272063,-2.3552742209867907
0.008754929196982932,0.2396783118369474,1.4975582197927826,0.07345301558024243,5116,130,-0.569416326378166,0.3372206006693512,0.20334835968660805,-1.6875956526982085,-1.5416629912288429,-1.9788927022273697
0.004741731031031259,0.23968968215220615,1.504159214439918,0.09371380174240153,5116,131,-0.4676051307660103,0.3020845494685719,0.1385947342895779,-1.6966181093862156,-1.498420755500703,-1.982342486596434
-0.0009075147881736885,0.23981083597890634,1.5350551596759636,0.07905088677944362,5116,132,-0.6428281850794134,0.30092191332288315,0.17357444524933277,-1.7661238604997829,-1.6133104690815732,-1.8069767428660732
-0.011139851476865435,0.23862594952597305,1.5210510815117575,0.19278939275820745,5116,133,-0.023418594701357244,0.022075187821091996,-0.03823293641320025,-1.5159835581050614,-0.962424707746702,-2.162619212720343
-0.019931984688944013,0.23437917465530067,1.4558267238840443,0.39961419733026465,5116,134,-0.23117674459065193,0.10393484570345302,0.06886034418975412,-1.120612114333815,0.21214056753181298,-1.748998084606314
-0.009705946338047987,0.23653133204512933,1.4465538955860109,0.33050785724050763,5116,135,-0.01949144736123496,0.06835752042176671,-0.013189076877676755,-1.279550531130797,-0.12108738129505918,-2.052694456992586
0.003262095282689427,0.23662236183983043,1.3896044240230119,0.33481338810251116,5116,136,-0.13773839989074976,0.06748965801621952,0.02906101467096134,-1.1751518960990548,-0.15159643393923183,-2.0909430432197045
0.014544723144523387,0.2356279222093779,1.328077596290018,0.36213889818619455,5116,137,-0.18235776886004096,0.11946469433501725,0.09639046659424826,-1.0674370073136075,-0.10651788406610531,-2.017069182071217
0.01564559310031027,0.23448499378122095,1.299822544044877,0.4086986383451832,5116,138,-0.2764834820438763,0.19835143833407018,0.21897903208519,-0.8411793764003932,0.07858911596240069,-1.762067912699108
0.020775368843355697,0.23764052103270192,1.373498035712107,0.22019297177671066,5116,139,0.03956819817025457,0.0694433845244914,-0.07276570174928275,-1.4166015930824356,-0.8425886962817725,-2.4215308500443378
0.031081820159060268,0.2377111617083716,1.3937462114078565,0.094066311449025,5116,140,-0.309301903038093,0.3663677242373613,0.07193484376342113,-1.5735066395743316,-1.4183801982743636,-2.2231538305207414
0.04436460948654955,0.2357042331263124,1.3485880617544248,0.07232677763785128,5116,141,-0.388467967896818,0.4839646897004828,0.10841032048152656,-1.479205730485975,-1.5034606169079463,-2.2535549071550873
0.05155943815827756,0.23307969948919208,1.249537569883088,0.20711021093221804,5116,142,0.01602844191180513,0.24957929155897626,-0.07484359830363281,-1.1632181391452883,-0.9131446756445235,-2.6318627327098003
0.07575555172342967,0.2274134095994754,1.1991772537579732,0.10012425428393842,5116,143,-0.09811126351104396,0.5533613393213581,0.01786256641964943,-1.0508404636400925,-1.4112906214842162,-2.6740416276355004
0.10046380359717177,0.2176134551585408,1.1895794585071502,-0.10258504325323833,5116,144,-1.14882843043773,1.3020224565566467,0.2990707301404692,-0.8804679305454967,-2.0533579372586876,-2.0322527091576035
0.10920093468678167,0.21291749180590883,1.1739508134105132,-0.15410444292271225,5116,145,-1.5408120447362024,1.491189966505019,0.39650706297192084,-0.7521684909311565,-2.188830643069049,-1.7819196081534987
0.10836591413908649,0.21271304885004447,1.202710649302687,-0.20618105162597183,5116,146,-2.1797179560728974,1.70668304785915,0.6071148692158176,-0.8970440561741168,-2.3114066865382377,-1.4312976968250946
0.11230985151123814,0.21025637161213648,1.1967375919698453,-0.23307881738040556,5116,147,-2.3956183187740123,1.7815580001858993,0.6925898486089452,-0.8867760862397542,-2.366109966977737,-1.2685879064846277
0.11770250148847224,0.2078312232377193,1.1535755311481932,-0.19615720543816373,5116,148,-1.7980697115345066,1.6186906121733615,0.49114179240749917,-0.6323016093399904,-2.273040359111852,-1.5739368473485869
0.12859082870231034,0.1998202994933878,1.1398982161085034,-0.28183398531558246,5116,149,-2.524364735026886,1.8366448782080222,0.7382411819496684,-0.5490802126035873,-2.3707348525794907,-1.2135937542221844
0.13446788952510852,0.19327863599179593,1.1579089210504605,-0.38992112800059325,5116,150,-3.6498915965287435,1.9724539820358065,1.012557060830635,-0.7581779344845565,-2.4464480954441434,-0.7000282737994121
0.14240166366289092,0.18178119181057026,1.1822763014019153,-0.5519943621916155,5116,151,-4.604895585880137,1.8050900598933561,1.1895369789818797,-1.2343896871891846,-2.2893749179304934,-0.05953917038841683
0.1524122771674092,0.16913964541442186,1.1591885181541985,-0.6436329327253272,5116,152,-4.515530399157307,1.5615984680657655,1.1667889372098474,-1.212954777426582,-1.9161152008890003,0.018810685982738273
0.1585373343430106,0.1579219522111183,1.153311049777088,-0.7397149388060309,5116,153,-4.163260367962586,1.3368525682185384,1.1483380726782215,-1.267189227995173,-1.5400627409148235,0.1533938386153606
0.15702515482913376,0.16178884671707894,1.1502021732457461,-0.6997264122575193,5116,154,-4.310645505128476,1.4342429079206858,1.1617415311520762,-1.2091968743919241,-1.676634789303654,0.08958532884601308
0.15517616587153887,0.1543552177064734,1.2054846201511396,-0.845477359412975,5116,155,-3.5753450465392165,1.0983086536684195,1.1076865272032022,-1.4774670321908925,-1.1190518617007026,0.3186348050239945
0.15522145613906127,0.16304808209996494,1.1639829656631462,-0.7079971394547455,5116,156,-4.343184228824425,1.4244627656902646,1.160722509549277,-1.273442687570738,-1.6798915947287092,0.1302196513178447
0.16129124120152444,0.15611150776300411,1.1308236526364903,-0.723486320910422,5116,157,-4.165805317417778,1.3611301498817396,1.1308271415545517,-1.1127071055382225,-1.5658130960718415,0.06689620041599337
0.17223613097601825,0.13767570104179097,1.0802422523517228,-0.8118044125872415,5116,158,-3.6107083228472088,1.2318805714203631,1.096418896790144,-0.9042903428045123,-1.0392017218816925,0.16817804552950727
0.18577017163600723,0.12527345065355294,0.9597827464207709,-0.7329644341545877,5116,159,-3.538121023651602,1.375172207120447,0.9794805748541899,-0.3307958906732126,-1.0868814771942608,-0.05997393183315822
0.19728283990635054,0.11231520586639558,0.8480164125182745,-0.6609368057263951,5116,160,-3.071326076335048,1.5856234112372747,0.7208829838069901,0.3422618280347106,-1.215113353758707,-0.33557781300968736
0.20621546625953535,0.08913346878788471,0.7675191186641265,-0.7190733109644908,5116,161,-2.788957776421296,1.5321641023939887,0.5768079592361665,0.2992738634476511,-0.7164687577321729,-0.16449254837677088
0.21471571256301913,0.07645463015235685,0.6606835505153774,-0.6372161869500529,5116,162,-2.0882683171005696,1.7202658141169245,0.24432432164464152,0.8978299163122557,-0.7274487752440898,-0.21726365773815887
0.21737225449954517,0.04893474445757786,0.6021829099174154,-0.761509359148312,5116,163,-2.0884522075431384,1.4603996838034239,0.24927650484884115,0.5877801333488955,-0.1416326606386195,-0.03415798610829414
0.22037376578710371,0.021688162826239747,0.4939729709491279,-0.7917470337350035,5116,164,-1.6706399063916146,1.5093568732835938,0.024395040338985246,0.5610160790728628,0.3820443257003291,-0.029142279310459082
0.22484265539701798,0.0019267507072968301,0.3657711980782207,-0.7144041574770104,5116,165,-1.1735473469335498,1.8179573573266798,-0.5096039431575861,1.2475488713618432,0.34667938173688356,0.2355361274681474
0.22288403683236824,-0.01666007626584716,0.2982923527281792,-0.7458026777108846,5116,166,-1.039735855241666,1.878751419612954,-0.6554843685491903,1.1429176308650804,0.7199619918918246,0.15487508144753803
0.22149228115846675,-0.027537361083866566,0.2527196891685531,-0.7528229895617543,5116,167,-0.8835701588419375,1.9516760607650057,-0.7861748391751633,1.2134575510672256,0.858056423549841,0.23459610363734434
0.21809993060027943,-0.04234194523985206,0.1961149396147316,-0.7757393923305999,5116,168,-0.7673185160366376,1.9942898175680823,-0.9348120418459577,1.1105984648836853,1.1409331942499812,0.11935667903552366
0.22178015954677685,-0.046056711307350846,0.13209421095454427,-0.6737043142197991,5116,169,-0.47955698849802086,2.440425372086691,-1.39266654529844,1.581378592135345,0.9278748426541714,0.7111043986915325
0.2189075271891685,-0.047973659412161876,0.15027561729004948,-0.732030689432576,5116,170,-0.6262867087651395,2.266391478928577,-1.1994895401760475,1.3105032674493673,1.131059780170449,0.37452349314377864
0.22424462903643955,-0.04520382819794741,0.10840359771363871,-0.6146409583868507,5116,171,-0.30534030971595044,2.6648022161857305,-1.5736976856694114,1.7605716315465987,0.6612415555767783,0.9993648177720544
0.224018978415928,-0.04791468431463811,0.09202437713748961,-0.6054724017801497,5116,172,-0.2634059096496662,2.7323170589083277,-1.6693248729500383,1.7601030330540284,0.6535975852646547,1.0561550185382105
0.2271504047029821,-0.043897501589022316,0.07834673432603997,-0.5384929517442226,5116,173,-0.10359930069210527,2.8228314334447666,-1.8153201939074708,1.898895776714387,0.20623778264926956,1.249058571905188
0.2311195556788146,-0.034158106778143627,0.08417709125252511,-0.46181796934504327,5116,174,0.02591781664937002,2.778884604459549,-1.8116734377179762,2.0002219611344785,-0.31646411055043505,1.1871875209314182
0.2312610522349679,-0.03181246410522028,0.0976622675247475,-0.4687302769859423,5116,175,-0.018268227162585852,2.755204687352851,-1.7576352349002935,2.033740900431607,-0.2645372057387978,1.1661880969294167
0.231088211164054,-0.02791196291957422,0.12591455888882241,-0.4922343112608928,5116,176,-0.10860751993903114,2.6682887423287207,-1.6644675047500257,2.067329694217144,-0.15376079071857768,1.0728329481486678
0.23042354288775735,-0.02556874725106417,0.15103592049169862,-0.5230958951841213,5116,177,-0.23687909467786147,2.577843173603639,-1.5664282528704627,2.0397831185943898,-0.007590678493151148,1.0128968359582318
0.23279693564398934,-0.02583299877819949,0.10928401520470696,-0.439599638366094,5116,178,0.0154565470190987,2.6968138004066753,-1.7610965237361713,2.0881866975951073,-0.5104064273695835,1.0507151228734246
0.23629481486241855,-0.020187097808289214,0.06888759693857033,-0.308224971021862,5116,179,0.27563407660325834,2.5071284253007504,-1.858218995018688,1.8785597652872053,-1.5109713833466945,0.6909571063655281
0.23911191512991622,-0.003811352853522727,0.06863036205894593,-0.16913726289534686,5116,180,0.3745699174608421,1.9369535148463033,-1.610671121962061,1.5995254452755883,-2.3121725253037817,-0.0255566583047606
0.23876996152675217,0.007293983442447695,0.1271273831673732,-0.19317743672358323,5116,181,0.2749772313420926,1.8957071534666745,-1.6958392457051283,1.9522877731260615,-2.288027030064357,-0.03735768686913678
0.23777599003733568,0.010043681414708149,0.17179120141011772,-0.2591523945539358,5116,182,0.17883348255344061,2.019839553395307,-1.8455692080184836,2.242738781427576,-1.9721841303234675,0.119126514766794
0.23570703869010667,0.004586035486209974,0.20788937648647882,-0.3768706494794515,5116,183,0.016849548442607422,2.2760327452757925,-1.6298181937091778,2.3706948953875275,-1.2043008684904675,0.4902998732702847
0.23786489395586402,0.010198320137537721,0.1693109300319619,-0.25292549734769315,5116,184,0.17852012247631285,2.0048189411164867,-1.8364248929953761,2.2275403277674872,-2.0004465026517337,0.09629246643071807
0.23945916158074926,0.015278968953554767,0.08491124802378912,-0.04238293896444409,5116,185,0.24528040499021497,1.3910726914683753,-1.0816737515843997,1.2125744964192313,-2.606259598420688,-0.6465438185805558
0.2396462278421298,0.011947962537323619,0.07144032859220781,-0.04324981592472562,5116,186,0.3001032129864563,1.4172030950327237,-1.0385253586475776,1.1249715748782756,-2.5889321599621438,-0.6152192535132522
0.23933118189832517,0.01701930112545234,0.09416683972385909,-0.04634884164118441,5116,187,0.22799044604421723,1.380707220908508,-1.136868270799482,1.2705754822219342,-2.621629206416187,-0.6540664827085879
0.2388246445293233,0.016489325476423122,0.1400589381980912,-0.14224937026121853,5116,188,0.18602678950771592,1.6111799706666738,-1.6257878054067592,1.8528969824878254,-2.51690433077435,-0.3829590981609943
0.23746849836168793,0.015131467326551514,0.19442718149626653,-0.26158663591743503,5116,189,0.1639173279796957,1.9427394810019214,-1.8057119944032232,2.2842797050493457,-2.0609368248928406,-0.0020667443746625047
0.23821619338045463,0.02102520247408584,0.1726036329043118,-0.16914147903214347,5116,190,0.11775549813703032,1.6732861328863173,-1.806152041592607,1.9967508003124035,-2.491438319256807,-0.3623650684782621
0.23805423582225868,0.026963996574393707,0.17220649089749823,-0.11883780807174689,5116,191,0.1149991086182123,1.5047665877414376,-1.5646271896002204,1.8005598565771885,-2.6676615221050937,-0.5710274285259525
0.23819520477648004,0.028798743153279613,0.14450220017035598,-0.04836448677692772,5116,192,0.1088651551460616,1.3346431284288225,-1.1978392694831113,1.4379717959313174,-2.611383602022791,-0.7296596134956675
0.23779440199125307,0.028701300708350003,0.05687622459882257,0.12648140545267453,5116,193,0.5068902526880524,1.175319281405205,0.35436827109405006,0.22478267579781452,-1.8184376375048417,-1.0193158128682192
0.23891448375887617,0.020569557915081856,0.044885941262855764,0.08199634569800848,5116,194,0.4380028301969065,1.1991891203243328,-0.06253069356748796,0.4173331419908022,-2.151951540914091,-0.9647187050217281
0.23922473457283344,0.01668286500534996,0.029386758407354194,0.08047545512764288,5116,195,0.4391468722171153,1.2205956722996218,-0.05932707504648632,0.3272622172105463,-2.1404768429599215,-0.9666565289466482
0.23937187819727934,0.01702061240976824,0.056915435666381076,0.028140809161656687,5116,196,0.32499184172181605,1.2516925774105345,-0.5613049769320062,0.7579934781260922,-2.4395142271286883,-0.8361818096610241
0.2370808378701107,0.02641514369986268,0.0008999661343625023,0.22012137314716934,5116,197,0.8442079810447564,1.3080607716198944,1.5096109307353551,-0.5044371654518048,-0.9754716595244447,-1.132416878548646
0.23355040930163032,0.032787239707321836,-0.04697135183700052,0.37289197443447414,5116,198,1.5888059032757307,1.4292972978442082,3.588589520616464,-1.2181064495964857,0.39871289543760474,-1.0122438761326673
0.22938425051744443,0.034774135901552206,-0.10838606550298305,0.5176764716329032,5116,199,2.192361809938307,1.7504922635444409,5.236342636216682,-1.4698731521325494,1.2581710232799153,-0.8133987212386079
0.23164475201319462,0.0341296688559736,-0.07504619848503202,0.44265999621767915,5116,200,1.9488092750913468,1.5518020665918313,4.487921286551098,-1.4080271885097853,0.9106772936911118,-0.9308309511017009
0.15522546446669425,-0.027430661189989672,0.6793280282316507,-1.7084744105429717,7550,0,-0.16056744987841567,-0.2280170762370964,0.45771200795127576,3.1049855251818896,-2.4620807599407146,3.329444352136217
0.14608701429955043,-0.02936606260809707,0.702567620188855,-1.8018829207364375,7550,1,-0.11076887143269123,-0.4195352715456661,0.3459956452174369,3.5810182920060805,-3.6287200718168013,3.0002472411795016
0.12995017582220117,-0.0322794229968513,0.735456004673106,-1.9578535298710236,7550,2,0.02253151021278419,-0.8363785079546062,0.28072891810092515,4.211563294924025,-5.52312481478364,1.729841068087874
0.12432058871624065,-0.03649075589836484,0.7150280665211681,-2.001061328334078,7550,3,0.0905882922657639,-1.0244984184132222,0.24246071333086214,4.452815919809195,-6.06267879319985,1.2965260496054833
0.1160408825907644,-0.03780758435222918,0.7223651896274607,-2.074663805843069,7550,4,0.1319774114353575,-1.3542683892737786,0.2324290235316711,4.546840805703841,-6.596237899727955,0.6179660060055153
0.11353839244054782,-0.03674858426292889,0.7373569607976156,-2.100764726823661,7550,5,0.14246758509987711,-1.486072464980376,0.2071070020068901,4.45720744720435,-6.635697225174713,0.2804889907545426
0.11372235699336167,-0.037528648660565433,0.72962792709661,-2.096755270643189,7550,6,0.13023443662929285,-1.4590597014838298,0.2033522270978504,4.520458977091482,-6.697394905829804,0.32207840349283096
0.10058979344493514,-0.04417538856619396,0.6815156858356857,-2.1906434268763375,7550,7,0.2517854521712024,-1.8894840899607528,0.10507936273148744,4.656371629708311,-7.1395838213971015,-0.5257940104713988
0.09853722517918155,-0.04480047108845285,0.6761757746413254,-2.205788590738893,7550,8,0.2667054372922427,-1.9487316414961353,0.1125507571476739,4.654821214852462,-7.1331210931742595,-0.6757868605991666
0.10353527286932827,-0.04152497618902966,0.7059578760841149,-2.1747740558011253,7550,9,0.20768177163077925,-1.8215285843294222,0.11682291174811249,4.4996701339106755,-6.919914998595384,-0.4455835765889952
0.09144644793161784,-0.04444734917467437,0.6809013550258968,-2.2666501434292576,7550,10,0.2621359316410021,-2.066244541576617,0.0844841633198451,4.494315659495832,-6.940472439016673,-1.189443960511707
0.06978379540088442,-0.05023915176546093,0.5803984809264249,-2.4087452739311463,7550,11,0.38269220775808716,-1.807473786922466,-0.0005007942386551726,4.195389754114949,-6.009798179279851,-1.8780705952925534
0.04941310905302618,-0.05045851666620062,0.47624390270997163,-2.544218395110598,7550,12,0.49714278920743465,-1.29672103509396,-0.017873520828182814,3.3135361651682858,-4.178123079569164,-2.1656330131865937
0.05069553222666732,-0.05913916234443242,0.37812845957985025,-2.4805030324054607,7550,13,0.6209838605528807,-1.3432648157679936,-0.08050615765902674,3.733001898438136,-4.935303820252086,-1.8072193254609568
0.06159510592416933,-0.06857321743516344,0.337648515844712,-2.3532075646945443,7550,14,0.6027355638844191,-1.5813676387517859,-0.07084852941532693,4.539428721674021,-6.356717239168984,-1.0925291596433402
0.052681537732688646,-0.07050755870057489,0.2661998369278517,-2.390610059077937,7550,15,0.7361565381532431,-1.3540789254556804,-0.018248314474092097,4.141033644496749,-5.634663997034211,-1.2163343930110202
0.047590680578193795,-0.07009050559775765,0.23570746575279009,-2.420037611363259,7550,16,0.7823565912844951,-1.2353368008217376,-0.039504417154996904,3.8860774553514528,-5.192359690765864,-1.3418530053084246
0.03476660417534673,-0.06142634765342699,0.2165275720171835,-2.544576796496242,7550,17,0.8314230793429238,-0.9081783168359285,-0.07993835755331358,2.998279412266342,-3.6634473374156005,-1.747595174424179
0.021788707820135284,-0.04647993661274048,0.2228032539171967,-2.7104823846668173,7550,18,0.8277356223103233,-0.5772394265285598,-0.08873570421819484,1.8354684472368512,-1.7134865521673537,-1.8889238503317087
0.013470150040786125,-0.034028852932625676,0.22383072324921816,-2.8354154503410802,7550,19,0.7218381679099012,-0.47130786609153186,-0.15015348019202027,1.122655226618742,-0.6738986554005865,-1.8922445997713984
0.012175648201563652,-0.02988222332946914,0.2520597206256294,-2.8718797776767793,7550,20,0.6506103736432426,-0.4706453895474413,-0.13613209821512035,1.064466172202645,-0.5848360907000812,-1.9191359012948017
0.018507671342879353,-0.03597031562340647,0.3058407832175617,-2.802872309352528,7550,21,0.6040834713250713,-0.5823518408651952,-0.1298207850398899,1.4622922064005026,-1.1126693556198393,-2.0466319226375536
0.025065293879447878,-0.03795739749925655,0.3929380829321441,-2.76023064367815,7550,22,0.45734464372135303,-0.6864088016200085,-0.12232891447853263,1.7873392653186424,-1.5210127303818484,-2.2278442586069245
0.02080708573392341,-0.032900547486705005,0.40100058114403825,-2.8157540185502374,7550,23,0.41283285456122965,-0.6669807337385121,-0.11993462772225595,1.4564968049643756,-1.0232591531344652,-2.243114559665292
0.01932298127363681,-0.032088906108966656,0.3852994496566186,-2.828164216593323,7550,24,0.43188462704041947,-0.66740881125947,-0.1455756164484501,1.3759170189797691,-0.9263337046108783,-2.1979965186851937
0.019177105757368737,-0.031116207716871992,0.3994319838097418,-2.835810593583507,7550,25,0.392675892912151,-0.6617228099743095,-0.1407714540299229,1.369092935502126,-0.915449078123411,-2.2158468333071437
0.018993716081735584,-0.032839487370442136,0.36563568521047,-2.824121954866977,7550,26,0.46505028094331013,-0.6390173657499264,-0.15737487957868712,1.3935334638223007,-0.9714085558792972,-2.15446363892175
0.026941150543289577,-0.03878548386233379,0.4090451942989174,-2.7454716311214438,7550,27,0.43227597794974487,-0.7220397304680201,-0.07406188141081722,1.8918493291932528,-1.6736267025127898,-2.2423364774248067
0.026309564897806434,-0.0368623173103919,0.4300390727837561,-2.761914323001131,7550,28,0.37773836853271864,-0.7024344296630941,-0.0867252850245172,1.7919654604296316,-1.527694091642999,-2.3001324351677694
0.02130719820808065,-0.03175612056006901,0.4309478308569193,-2.8215454216250526,7550,29,0.3466021399950667,-0.7010363762449806,-0.10772515861426434,1.4572560038578928,-1.022058449606517,-2.3031000582608354
0.01879460053172481,-0.028321579172642004,0.44378179121439926,-2.857383554877812,7550,30,0.32474686730546226,-0.730455022980085,-0.12991629980799374,1.3415236089560194,-0.8435688925293676,-2.289640975378008
0.018070439863529048,-0.027906907739555425,0.4356594313722826,-2.86364381950195,7550,31,0.3206072917865247,-0.7343177173553079,-0.1513454343848926,1.3160883999674404,-0.8294436723029369,-2.2489316419540666
0.01934556544274292,-0.03134261635779544,0.39891514030015623,-2.8334399180060927,7550,32,0.3854612898194394,-0.6658782754506513,-0.1476450020449689,1.3867067171985834,-0.9203738857216228,-2.23612742782967
0.02095327367855132,-0.033267653559888206,0.39751176371765085,-2.8124728748251746,7550,33,0.41959877259927625,-0.6586772092875233,-0.14592922442444922,1.4620968950684452,-1.044670573231659,-2.219290472937515
0.020951581097347557,-0.03446177551326959,0.3774095146298346,-2.803899419618507,7550,34,0.4499580174458268,-0.6432200945205269,-0.1401199561421179,1.5259839160368482,-1.1457153490649299,-2.1832648663418937
0.029890225960305286,-0.04629480257442359,0.34163712705772625,-2.6782450274673533,7550,35,0.627102794307963,-0.7685080187291515,-0.08136083711678851,2.193879065809973,-2.294006470955955,-2.0882020835511432
0.04173043678033618,-0.062171646791216305,0.2738542365306363,-2.5070137718533334,7550,36,0.7739992143990136,-1.074680941686546,-0.021555010676530664,3.407436281483239,-4.33218162325431,-1.7672040864125502
0.04289539924104582,-0.0674122061199975,0.2272882512589291,-2.4627799303466995,7550,37,0.8024830932433141,-1.109140820069314,-0.024554772264104883,3.516227870522136,-4.597478693247725,-1.550988372168553
0.040347693874596594,-0.07240196396697518,0.15579260785649654,-2.436357279728654,7550,38,0.829045803175368,-1.0396367370305852,-0.010010480963520339,3.380961580770151,-4.397154737098933,-1.328230369220023
0.05375827366181779,-0.08211987383978085,0.15830736030824138,-2.298958634941843,7550,39,0.7051915282832479,-1.221085212842897,-0.008219437296671014,4.16061060663843,-5.692893854128419,-0.6291661415846731
0.07058198005850144,-0.08402532034152714,0.22378125933792228,-2.191825600962909,7550,40,0.4639459574945867,-1.446303778664144,-0.09520024718487088,4.873577806516052,-6.599974933999188,0.18621352951556713
0.06729462443604177,-0.07632633336189037,0.284756278206895,-2.2659149450197362,7550,41,0.5481552154024627,-1.5270190253693872,-0.06336855007667683,4.839763599005293,-6.705513266368621,-0.433899095230094
0.06340889016158197,-0.07495708141222526,0.28068209140940553,-2.2986969579256837,7550,42,0.5868667270727409,-1.5228681194398686,-0.06785014811945683,4.699826603295536,-6.5329869727277,-0.678686229268652
0.06856799597850077,-0.08330330264307197,0.22240739386514047,-2.209055532317532,7550,43,0.48227685730633824,-1.4673300924132626,-0.09805303573925389,4.831296006798402,-6.6179455755282595,0.011485099339481775
0.06493726799393074,-0.08411961834847283,0.19870807471379076,-2.2241884955292512,7550,44,0.5363271815934172,-1.3829566902846462,-0.07249022926881926,4.665179004720204,-6.390342541100153,-0.09659205543367735
0.07198141584295534,-0.08960532979840294,0.17735531038300392,-2.1427837424206047,7550,45,0.410794428224669,-1.2659559473793776,-0.10959374123270638,4.743160383699752,-6.280424304097121,0.5634110204987721
0.06654643241417979,-0.08254448429505432,0.22091582425685555,-2.226417945206865,7550,46,0.5250319956005515,-1.4535869031403759,-0.0753630554035827,4.766650210237985,-6.544559428567884,-0.13048505502705357
0.06373141017520735,-0.0709021632756072,0.32369045625595083,-2.3245991942879645,7550,47,0.5926480918169228,-1.581770666743874,-0.03298727951901213,4.687857170394979,-6.5550291095780695,-0.8763095600226197
0.07938118943174038,-0.06317165626401824,0.46219070983212956,-2.2687324795845254,7550,48,0.49370904794228315,-1.8058670327148585,-0.015499622401478088,5.168776113627044,-7.348290327182837,-0.5337687958398362
0.09259510655064171,-0.06252547450268975,0.49263012939083356,-2.1731123758191413,7550,49,0.4143701540427111,-1.775983855281935,0.0018663129088175561,5.35572029990476,-7.576304328515622,0.25523762979609477
0.11358416996698657,-0.05762870286908867,0.5418507498794949,-2.02274695577552,7550,50,0.16568652287511254,-1.1848392133739287,0.10054978057513735,5.2297061953172745,-6.759948081669072,1.7856634290973266
0.13344758277606616,-0.04566301255566095,0.6129137667059242,-1.885209066967282,7550,51,-0.03078508057520287,-0.5947851324817888,0.2359780081598215,4.4969073100748345,-4.9877741496276755,2.856247880221743
0.14139819516333785,-0.02933159934054745,0.7206275423839315,-1.8503326388514858,7550,52,-0.08922387606121746,-0.5333251450112066,0.2980840268333687,3.770895818241602,-4.24979362808776,2.684647767594141
0.15518347676549205,-0.009781970355443939,0.8030452096595444,-1.7319935822322727,7550,53,-0.09593930736796466,-0.45423562403865775,0.5086200142246413,2.888463165235259,-2.664214811604955,2.92365876278029
0.15544997601962574,0.0038348679018810894,0.8906295440587911,-1.7319301613537406,7550,54,-0.17993143053881575,-0.6484994123410482,0.5503572671592906,2.5055927726708953,-2.331414772906924,2.6501756057477293
0.15966533223606572,0.018020670392455834,0.9496557394727789,-1.6745321791812624,7550,55,-0.2515718266337679,-0.7606876919613539,0.6457516420554744,1.9900077345879055,-1.5992145920686085,2.6478663478108633
0.15326599521820652,0.014702721788600062,0.9699289930718749,-1.748584393220073,7550,56,-0.28149268002373046,-0.8518398074004115,0.5389525321284828,2.1709351066150937,-2.162854390499666,2.335463270079929
0.15240424664002786,0.008822314135304571,0.9392110275989997,-1.7627759409895813,7550,57,-0.252400960629617,-0.7996962186696032,0.4906851852020703,2.379603927116514,-2.403075535858597,2.3857099240923
0.15945675113879798,0.006271893764937683,0.8827264273000097,-1.6868276179220068,7550,58,-0.20272872151337784,-0.5982516198036881,0.6693810462714501,2.357767997982549,-1.9038596835855686,2.8155388894092197
0.16234172220630025,0.007497764031993995,0.873072953259391,-1.6538413568263801,7550,59,-0.1807204368323446,-0.542628325763599,0.7047233267729328,2.26764224521351,-1.6615187167263092,2.8398436973564785
0.17033839478032717,0.008654662716270162,0.8311270969682492,-1.560724214724129,7550,60,-0.34486801778002096,-0.2932929688803969,0.8082038882007426,1.9107800646610356,-0.8719075005926213,2.919413852349415
0.16144177108809682,-0.00208522062297474,0.8199882216170491,-1.6658074863641374,7550,61,-0.20066913622858612,-0.4092711231168693,0.6410544178644266,2.409577408622579,-1.7628876892401195,2.9932520001312835
0.14800433543381683,-0.012667923307139395,0.8180210738610506,-1.8068090893890723,7550,62,-0.13349889325083872,-0.5546377725580919,0.38703362810774,3.17746727311852,-3.4418940734870143,2.5867099739085435
0.13937325154190205,-0.014581827600868874,0.8430372269098562,-1.8945645157918882,7550,63,-0.10478343951439834,-0.7460492415418187,0.3244934181380097,3.37463068465718,-4.325081237469462,1.931979917456931
0.14543663865858514,-0.012802556785609431,0.8290402697776924,-1.8336847173816175,7550,64,-0.1296711566649194,-0.6144843018055807,0.3818853324190478,3.2539364097533325,-3.715665238780428,2.4188278998462125
0.15123014609270213,-0.017367458452780454,0.7693956787081532,-1.7674720421009085,7550,65,-0.09423360667627101,-0.4643283404921615,0.42095044559842437,3.1902284066798554,-3.120212821113641,2.918454749240658
0.14544940851530522,-0.024689441056175973,0.7406370440092062,-1.8175604600876991,7550,66,-0.09694743514476939,-0.5152714414597307,0.34988854554953935,3.551922367030182,-3.8012434733851546,2.8471854092608493
0.15043461727830376,-0.022721562076953028,0.7342783085995651,-1.768369358660147,7550,67,-0.12243084964940135,-0.41772866914128143,0.40437346134318264,3.319476338560598,-3.1939222488409325,3.040621725486622
0.1534473307572895,-0.013622402121503271,0.7853073077023789,-1.7477018761882677,7550,68,-0.08379381298471128,-0.450757676987641,0.4314105867114166,3.005984666428474,-2.8471423116172643,2.9235787351581544
0.15790583071783199,0.0016836404109413505,0.8633272787168087,-1.7053307518945033,7550,69,-0.17339577893848643,-0.5624905747399401,0.6273584035664033,2.487129679504676,-2.106663840703782,2.8143959560086307
0.17175624175852802,0.01564733583339574,0.8598393783317395,-1.537976348235658,7550,70,-0.3861051229768061,-0.33981343337207437,0.838871487757998,1.676864982877715,-0.5948392345866955,2.842736713442307
0.1676676925387542,0.021841031672816105,0.9185873730826685,-1.5781059132129345,7550,71,-0.3468332142794204,-0.5207336650910457,0.7690197494691677,1.6733528797931656,-0.8183448511302017,2.7743879692226097
0.16991225803375803,0.03283729492986766,0.9563610405218625,-1.530908550203601,7550,72,-0.4518386836997943,-0.5084106989740903,0.7679420236501987,1.3809993130978622,-0.35765663105741213,2.6288798490347847
0.16200407241016931,0.038800663930188606,1.03869346010584,-1.6072345633570537,7550,73,-0.37267259891135907,-0.7867500270925316,0.6402440664610185,1.3754773822036603,-0.6964527578601983,2.406363325299705
0.15081212149240614,0.03215501337230833,1.083096328872541,-1.7460588410233162,7550,74,-0.3774127358126419,-1.055186450772637,0.3845310268223707,1.6324110288011406,-1.5665875940948442,1.9604803590784794
0.14924401221335906,0.03657403873322723,1.116297728631328,-1.7519439019814813,7550,75,-0.3884142481766521,-1.1045952696951542,0.3226115008494129,1.500016627573757,-1.4353375521485405,1.7842748994777344
0.14291136101777216,0.04298558603784107,1.1919122664697053,-1.7994709870291097,7550,76,-0.44622888103111386,-1.1478546407745183,0.21252744565303752,1.2236221951018884,-1.2980437645843472,1.3779969512059889
0.1398981990731285,0.057840881119764695,1.28030323155567,-1.776512491584961,7550,77,-0.4490426976267224,-1.2680686369398029,0.1349012355151983,0.8965811704333171,-0.6276732235617413,1.3156887623662954
0.13156043919797014,0.06859562185293361,1.384958484717548,-1.8086755125628329,7550,78,-0.5410654600518169,-1.2627269238474776,-0.04061718702326543,0.648249079704731,-0.15644551469510792,1.0485742012344226
0.12289760554530843,0.08368891735946142,1.5004925205898165,-1.8053131313349624,7550,79,-0.5290908774554616,-1.2070464040273645,-0.16433513896588675,0.4855273437679423,0.4808807182628437,0.9172912085200471
0.11505431861019332,0.11159367271562601,1.6096159986535674,-1.6789709245637627,7550,80,-0.5367382582327246,-1.1043290770141012,-0.19251850901284615,0.6490347216365843,1.2291066030954538,1.1543335099288987
0.10353556594465196,0.13896137466160552,1.6944993113791713,-1.528079271980126,7550,81,-0.7681488857118274,-0.6126333434269301,-0.1733115232939655,1.055677729121678,1.8346150897037647,0.8749911658711738
0.08915668166225746,0.16577297179797107,1.746608893882311,-1.3385191213987548,7550,82,-0.7523319782577009,-0.18331121927240274,-0.04223566400101149,0.8440181713140374,1.8587964095638532,0.3281489235550916
0.07463644964542213,0.16627342745290147,1.8572783563476405,-1.4168046761759574,7550,83,-0.8117803456374121,-0.2837864031582487,-0.1953883636912372,1.5466857478300962,2.29073605367914,0.5723071991715055
0.06238672844449808,0.18078589175998439,1.8872137800550444,-1.2974161856638962,7550,84,-0.7386510444959365,-0.15543298053542803,-0.1508051295737359,1.1711770762822806,2.1890272868339897,0.24139758857127008
0.0530398199216421,0.17761960780860375,1.9688369988551273,-1.3764520682716037,7550,85,-0.954208070446846,-0.19299347246250698,-0.3702743330192817,2.04658913718684,2.7157279187924765,0.47025664961807445
0.041854521626419214,0.17280430427016225,2.0696461232276135,-1.472962256761168,7550,86,-1.0495559999372148,-0.4470794822427987,-0.5919868300600275,2.915653574519432,3.184150625265592,0.7838336411011667
0.02003528904990874,0.18217973589067943,2.1630960003091433,-1.403669785649293,7550,87,-1.0517460927073194,-0.3840918631667217,-0.7808990410706883,3.217163296006904,3.6000745300204,0.5707757557857154
-0.005916495075880143,0.1868297308624039,2.280423772240817,-1.3559403590208676,7550,88,-1.020564656747628,-0.24745617424323316,-0.9412229351597872,3.471223004302757,3.846966433050524,0.3865532640842305
-0.02731966497569057,0.18656944563245215,2.383224193960157,-1.3340591952566887,7550,89,-0.9902175900433076,-0.31546372231279013,-1.1609615361360777,3.5544053229649073,4.025503633909044,0.07795384856657378
-0.04652709967954515,0.18728687251208215,2.4509607136909715,-1.2733336457722069,7550,90,-1.0300104230432208,-0.30244344807595613,-1.1640569251149167,3.217824556221157,3.800103251614891,-0.237441876569075
-0.06439710286308856,0.18679129649632564,2.5064718688447476,-1.2073631462958778,7550,91,-1.0564736104888215,-0.2802309489917698,-1.1105123987308796,2.629494752221621,3.3939882877760685,-0.58843243199927
-0.07754678393494294,0.1834521361866644,2.562646551845832,-1.1838441360379424,7550,92,-1.0249694344342575,-0.2671007692225139,-1.0964526294610188,2.3085841246981222,3.222321309129774,-0.8486614286839123
-0.08898913396654817,0.18587998483892876,2.55540073962733,-1.076209680361545,7550,93,-0.8310951731057384,-0.26784060540130183,-0.6383566688078726,1.4112182126620842,2.3611759970354944,-0.6678032146423938
-0.08155637138210661,0.18444861011720767,2.560052328857812,-1.1458766300010828,7550,94,-0.9532064439162634,-0.26410974055489983,-0.9293705950556683,1.9652081216986663,2.928466645811715,-0.8247307235354835
-0.0737503773623256,0.18939006386056656,2.5029102309798805,-1.12154014973822,7550,95,-0.9211048843569872,-0.2860434880505773,-0.7864570328038566,1.7373415446023728,2.606489513126349,-0.4994306954742036
-0.07831223332938272,0.19367201947947954,2.469750022975521,-1.0293974544955478,7550,96,-0.8115801636629826,-0.248427133701936,-0.3838191580422309,0.5456638295526962,1.5978694108175433,-0.02628579802151995
-0.08785279400982138,0.19762560121231237,2.437512309211752,-0.8968211104957569,7550,97,-1.062601328729977,0.04918809624401518,0.0017481242940473414,-1.18873968738373,0.1282411482605554,0.9882497331237072
-0.09416461409887389,0.20063266264130342,2.403399173709188,-0.7875679758774043,7550,98,-1.840334920266069,0.44582841682246865,0.23542913656732326,-2.5955598713733,-1.0383067517230054,1.959175806976969
-0.1017430488971576,0.1982910507055164,2.4249766282005307,-0.7602161104071904,7550,99,-2.0001293276809307,0.5665272067422449,0.33093183781354785,-2.6812879132551815,-1.1767007121534958,2.1404110950708835
-0.10754273983118678,0.19450804525470897,2.462777020515778,-0.7738334164895488,7550,100,-1.7562818667442208,0.49004639464173916,0.2591884000273801,-2.281743921578601,-0.8544849410192745,1.9153240146633466
-0.10533645833800702,0.18871532702163576,2.529742954087978,-0.8996951280861797,7550,101,-0.9371938912278378,0.11221595807113156,-0.048046768487918445,-0.5987080421696743,0.5892337390280851,0.48366061138989236
-0.11461952548175822,0.18140269713534507,2.5987231948866434,-0.9288319133800433,7550,102,-0.8972183585666087,0.04848271162795933,-0.20578743066007027,-0.20508770828130818,0.898507799429517,0.06900068499526352
-0.11693227845199997,0.17341719702156444,2.6766216672311214,-1.0251367348836453,7550,103,-0.7613151516178843,-0.19504564212562675,-0.6163017360901827,0.6335804591461253,1.7876533032049597,-0.9631727391628636
-0.11554850864371297,0.16603335816919013,2.7470335688230723,-1.1364886798109848,7550,104,-0.9095405339508498,-0.20026550978451318,-1.2472053732924508,1.2373050226299183,2.6901234405480605,-1.826063294281096
-0.10983960678826357,0.16176733702745222,2.785831129311382,-1.2370880519516634,7550,105,-0.9177664936475858,-0.15232770363884982,-1.8202666517960382,1.5645200886095971,3.3455664154480096,-1.9493307672366558
-0.09894251371646762,0.15263258328943993,2.856638419288323,-1.4214105468221716,7550,106,-0.7418296944712369,-0.21936262021168967,-2.2612871166354345,1.4204045763649178,3.959911738828888,-1.1911630919857967
-0.09809507069337796,0.1505103641497964,2.8733037537681456,-1.4498064745671204,7550,107,-0.6951358275692461,-0.20771626090386605,-2.267957229288703,1.2935457547904186,3.9303706065000563,-1.055135379811861
-0.0914403041562176,0.15444515245899437,2.831331313494388,-1.4519530804447602,7550,108,-0.7386575161702689,-0.18224365827575362,-2.185383815901175,1.676052022266687,4.004324916409086,-0.8940713776971961
-0.09498229001826103,0.16434164019205358,2.753372975435172,-1.3170469045115563,7550,109,-0.9539072391630011,-0.16583788045063153,-1.9820519293404808,2.0957966477825396,3.8806560601794127,-1.4399780194596208
-0.09651328950250145,0.1644702959854423,2.753959837265853,-1.3049936971444227,7550,110,-0.9633798454327825,-0.16640019613269436,-1.944062003054754,2.0566138238199687,3.8500458467152385,-1.480386751585818
-0.09346749793140186,0.15795684787166664,2.8052613147601533,-1.400300008829434,7550,111,-0.832206744293011,-0.16669362875726254,-2.1539310026677985,1.8479208053343918,4.011093013926499,-1.1600110812113553
-0.09697516574064202,0.15221697908100315,2.8577238649540657,-1.4393699857923423,7550,112,-0.7409100631482923,-0.21817479342565435,-2.2358258667925828,1.4364444735900632,3.9560855432528976,-1.052871561917917
-0.10913659010117575,0.15410191098798387,2.852188720242937,-1.3303545215219212,7550,113,-0.8246103802738348,-0.175212766892017,-2.226129029724865,1.3227849448551348,3.717976694754184,-1.8019724802423973
-0.1195543072959174,0.15410530154813737,2.852666468070777,-1.2441256683301778,7550,114,-0.8077075360992239,-0.11669521123274655,-2.0083055010287425,1.120494514712312,3.302579268035926,-2.2178564885408534
-0.11769824977499517,0.1482443041667364,2.9039532736073483,-1.3242344738076643,7550,115,-0.7081344605030344,-0.14895813377126926,-2.3480106978838697,0.8752552050743689,3.64064712404389,-2.069442842686591
-0.12314096670846647,0.1432527305403627,2.9455383255729366,-1.3293945666383722,7550,116,-0.6820891690535902,-0.07685786494031423,-2.3903026391770763,0.4642394553530998,3.5714206147071152,-2.201011034194617
-0.11767874831524072,0.13483583867781043,3.0175749824082985,-1.4584423441819019,7550,117,-0.6537410320967204,-0.26679062324917485,-2.4124879222190176,0.16886858622875617,3.8788964102699826,-1.3846483462260508
-0.11185234601027191,0.12745858917193545,3.077224407739306,-1.5723019085546082,7550,118,-0.5247316042929183,-0.374268520428591,-2.1217624860768733,0.023931187869602855,3.7283844398370225,-0.5528235238799567
-0.12224574526102064,0.13105310484935465,3.049087263359292,-1.455298793642571,7550,119,-0.619630391726793,-0.2516817959493477,-2.4119896373582144,-0.06983772321442681,3.8655739229461696,-1.4253351173353348
-0.1126087591214202,0.13366672061724175,3.0259367902942484,-1.5100810852911453,7550,120,-0.5953374179294091,-0.3295905003265289,-2.286589052478747,0.22454641861823638,3.8645392270533265,-0.9724838093152344
-0.10943582683624128,0.13476700273144213,3.0149887146558356,-1.5243092649924623,7550,121,-0.5866236370776795,-0.30571484662698534,-2.228558631762086,0.29538944267023626,3.832526080573515,-0.8898518796143882
-0.10114145515799636,0.13758021759395317,2.983906753010851,-1.558368568531042,7550,122,-0.5400614887701816,-0.3059106540635653,-2.0886280584333337,0.5403256417212373,3.6902388344942243,-0.6018043459266009
-0.09304755882005623,0.140162692988009,2.950868763350472,-1.5880392399696406,7550,123,-0.5169245923789317,-0.26295713812820865,-1.9752407521876256,0.8045912779283014,3.528706976439617,-0.34603924152804433
-0.09633663464929632,0.14271206184181218,2.9352576904312135,-1.5413656974368526,7550,124,-0.5752177148768878,-0.257142044372788,-2.1249928456048273,0.8574506153482282,3.7398844059229748,-0.5883182939530174
-0.09217228493915856,0.14315829170499803,2.9249341884096935,-1.5641981332656008,7550,125,-0.5567592172479849,-0.2466143671786917,-2.0362204842362717,0.9416988977527749,3.620849727445029,-0.4248532433651598
-0.08514741813563889,0.13663045849765412,2.963613991033297,-1.6710347637476968,7550,126,-0.4427753481230193,-0.3009418699863547,-1.6381985996252786,0.7232146113756189,2.8931659064158715,-0.0639553445937153
-0.09327604464247759,0.14099491825112523,2.944470340176219,-1.5784357248237453,7550,127,-0.5259684641147357,-0.2581458429659485,-2.0253576194395544,0.8332753848414673,3.581184455841587,-0.3733754269441752
-0.10330810346654543,0.14576897854315657,2.9184495553424616,-1.4622094709417053,7550,128,-0.6560325117900846,-0.24752720322601587,-2.318087424094921,0.9029029551040133,3.9132637977680753,-1.1041545898427274
-0.09279885575557872,0.1488826998453548,2.8792098332195275,-1.50207259229742,7550,129,-0.6454325349699465,-0.20057106387716878,-2.157085656550581,1.294843562337203,3.8542587233874857,-0.703958809880169
-0.07866692824020445,0.14609212397759025,2.8721776783758686,-1.6148593933581106,7550,130,-0.4953830730639067,-0.20932182837381766,-1.8110356947725021,1.2877952595381648,3.2831211948448824,-0.16419128990769064
-0.08481954515146177,0.14981528683394052,2.8567929110398604,-1.5416611144295933,7550,131,-0.6330309228490257,-0.20088955359925553,-2.044805618553122,1.469790106959219,3.7372949937640856,-0.44500414664814086
-0.09187349759001977,0.1579683527358957,2.802858335712119,-1.4105720809536526,7550,132,-0.8198408902296509,-0.16291161734670329,-2.1480338272117803,1.879327945923848,4.0111320877596,-1.064190474655228
-0.09193915614833939,0.15935811552630177,2.79139046754915,-1.3946148594029748,7550,133,-0.8306708245955076,-0.1582882791279825,-2.1146530627582534,1.9552543100569493,4.032628600277175,-1.1198347251382739
-0.0814135381969201,0.1536321364550078,2.8186407176289086,-1.5210884439565944,7550,134,-0.6670261396258752,-0.18705821536749667,-2.0930581850524392,1.780776465369835,3.8643389995867916,-0.4738159505722336
-0.08134073769062014,0.15366610208659742,2.8182037949527214,-1.521137498061513,7550,135,-0.6753766457532945,-0.18435388001939051,-2.09531217329238,1.785007550275812,3.8542687282233676,-0.47302648126143293
-0.08027928160648648,0.15663238005404562,2.7919615043981585,-1.4950828447407525,7550,136,-0.7073518393903535,-0.1653262067454019,-2.087487320914798,1.9734786067342893,3.9417405643477075,-0.5511661192554445
-0.08996158477793974,0.1640112345176531,2.749532373377486,-1.3540770571180685,7550,137,-0.9195529501355084,-0.16235294050164364,-2.0307981137723647,2.2019379093262246,3.9941687588921724,-1.1984286823613681
-0.09421406296628287,0.1678236713344623,2.7226358539060245,-1.2805915826670908,7550,138,-1.0440459600559804,-0.20788314794511417,-1.8049126227592716,2.1887524985996705,3.8051247372894044,-1.4363292484691224
-0.08234498220545064,0.16668647891001123,2.714270620319315,-1.369258435162702,7550,139,-0.9517170648033152,-0.16996875956834853,-1.9906625503863407,2.5211283154011497,4.112386630371149,-0.9982974614719308
-0.06107956449483517,0.16589912154163228,2.6663238818830797,-1.485511319984848,7550,140,-0.7523918912666644,-0.2550675637122775,-1.932662793097379,2.8739222606772894,4.108317900289638,-0.16918571113736317
-0.0488909411506255,0.17615819039635688,2.546328436272694,-1.4096120670664956,7550,141,-0.8775861338959696,-0.26572946102763284,-1.6401508236727529,3.567540710530177,4.2949517000496105,-0.09763990971212191
-0.04369062814667103,0.17907262068581198,2.5051520595757943,-1.3900966893480153,7550,142,-0.8945901884875638,-0.30934514260092105,-1.5310462780666927,3.7240607255522473,4.259229130571871,-0.008388802921335078
-0.03745028977972403,0.17710399190617498,2.4954691318246383,-1.432566678359666,7550,143,-0.8298968279449296,-0.26489825501819936,-1.536876005724864,3.789471350731346,4.269919423134979,0.16240039584167182
-0.02466138707605195,0.17629736904932874,2.4449379912678264,-1.4703166987762497,7550,144,-0.8025714047356274,-0.27621647360218426,-1.3870927194931346,3.879160308127516,4.180519722895188,0.42593450851632975
-0.02143798908507738,0.1863132760344365,2.3592028674669954,-1.3476922937593188,7550,145,-0.9817672058577432,-0.27905159621667475,-1.068222585844502,3.6366072379670777,4.062977028507698,0.17037481009864774
-0.010149234975249014,0.1785360797953156,2.35769171913361,-1.4602190802365873,7550,146,-0.84973847353601,-0.337248224089044,-1.1759287336900126,3.8589377883621334,4.079038802627852,0.5268616715774962
0.0025169489172094245,0.17090992813934774,2.334236973545637,-1.5563326777700215,7550,147,-0.789991573819781,-0.5339733740389495,-1.1622653237529348,3.6847094571470524,3.7277001157634886,0.913850498918225
0.016484724871870957,0.16550658485244835,2.276644569312949,-1.61024489842276,7550,148,-0.758921153914455,-0.7514555451393942,-1.1023072825061835,3.398578470628431,3.3788487877814783,1.1502838080152769
0.027297101885670513,0.1652323741788499,2.205545651216184,-1.5969496814950912,7550,149,-0.8587401348483724,-0.7949451091463869,-0.9238524196360784,3.300618643693981,3.2854131859549827,1.1005693955729456
0.02818871805267424,0.16389319615769882,2.205740130143857,-1.610543473147456,7550,150,-0.8513524261405601,-0.8259705757084035,-0.9266140712773542,3.209939562940385,3.1819975182848816,1.1223304186502912
0.02023139952771691,0.1759925814875281,2.19684208151122,-1.4809986699838114,7550,151,-0.9656122130203785,-0.48462522396480423,-0.8697412651958862,3.4782647254495846,3.6618887429797,0.8054915755403372
0.012364413179421538,0.17686604735123343,2.240598211799209,-1.4791933618315727,7550,152,-0.9325330033901057,-0.46305594310023657,-0.9807359134726419,3.650917209270013,3.7878483131322027,0.8201649959763601
0.0025250125898889503,0.17651850079989514,2.3007828986768044,-1.4885802345499881,7550,153,-0.9062787354047632,-0.3813748041051049,-1.0715353470103839,3.868062469999702,3.931016427494742,0.810682657230557
-0.00811255936484298,0.1696386593025562,2.4032326074382464,-1.5693002029931056,7550,154,-0.7250797530545253,-0.4884719629658004,-1.2888032098798488,3.6130971759087913,3.735894676006766,0.7817405083246315
-0.006373505891454023,0.15783809664564075,2.463532486764386,-1.7047561264055595,7550,155,-0.48373350302551876,-0.6713333279239403,-1.146248289173296,2.751255046771154,2.8180089701555238,0.8652987530765086
0.004957062114778865,0.14647107687163868,2.45088674741919,-1.8278415831100887,7550,156,-0.4708521674439049,-0.9769311925314013,-0.841253726706936,1.8637726983539684,1.7395680704370609,0.7649708782874117
0.003995133623449235,0.15151381617163062,2.431709593607957,-1.774550545226697,7550,157,-0.4688712133489059,-0.8850303925315163,-0.9555416052363843,2.3025821731755696,2.2293218698165296,0.8692001900668677
0.002962056706487276,0.15723683850563272,2.4082170555550424,-1.712513372326005,7550,158,-0.5357139451803912,-0.7776023318659143,-1.1105403337963549,2.788736769661179,2.8199108132000936,0.9443395771297287
0.00402205129386736,0.15699641016795493,2.4026351701125774,-1.7149039754158777,7550,159,-0.5459519540255614,-0.8099682597462868,-1.1081111979330032,2.794585212366159,2.810030527496394,0.9629735351228321
0.006262483486088377,0.16479150399471743,2.346081357471757,-1.6265384360661372,7550,160,-0.6692291939833066,-0.7267509474710017,-1.1292336615383107,3.3789034610314124,3.4070744813076774,1.0348222229231334
0.010653657326292726,0.17310261770839527,2.272531616184622,-1.5264061709819374,7550,161,-0.859531396815733,-0.555727015594279,-1.0801484919524853,3.688268627827456,3.761063338429124,0.9427953800593496
0.015248741670791002,0.1748267252289356,2.234496262543081,-1.501403565874328,7550,162,-0.9224628365128428,-0.517446211167789,-0.9817566491289365,3.619217288134806,3.7252243403231073,0.8858927445541316
0.01615384256859305,0.17439543313448255,2.231260234332204,-1.505656042079933,7550,163,-0.9286155711190623,-0.5245902183571856,-0.9703025060369874,3.628598696397579,3.713483963180719,0.9001385154733932
0.014979308982968162,0.17556581510054875,2.2320175245864173,-1.4926705170508094,7550,164,-0.9476001555271591,-0.491906089228609,-0.9532065582493326,3.643791379741111,3.761910612164152,0.8591695478412041
0.025304980068155472,0.16530936785677935,2.2187517361573192,-1.599705592402564,7550,165,-0.8349154165679973,-0.7747316966192442,-0.9532855353830337,3.32513928746727,3.305291720360414,1.0933503128925306
0.03080830367702507,0.15013977784090832,2.2465048395923395,-1.7561932309396984,7550,166,-0.691802843814329,-1.105870745074947,-0.8609823027556961,2.40796950661209,2.223044955900492,1.2096592561702202
0.029469737419201933,0.13976460127222332,2.2963228386949197,-1.8666704163517835,7550,167,-0.6109749885715087,-1.2425136291654537,-0.7023726576963593,1.5649223819119538,1.3999895209966817,1.0215517171895625
0.029196667049136787,0.13301122564257722,2.322159522833144,-1.9348831525375512,7550,168,-0.5890926266642543,-1.354947290919339,-0.5735763524323824,1.1009717078939625,0.9469200589041111,0.7881425439896416
0.029948865361608498,0.12200311065322503,2.349994828362277,-2.0398300021667226,7550,169,-0.5454436299332853,-1.4850921536423791,-0.36836547502230876,0.4159467530194364,0.18469649316504486,0.26214109819023185
0.026340459010731232,0.10727157318701941,2.4225390087696317,-2.185056156283413,7550,170,-0.5878494553186635,-1.6928572147148129,-0.2453633583958077,-0.2101264685047463,-0.5158219162310904,-0.5216290706088955
0.027638515812747982,0.09903141442466926,2.4267086674385787,-2.256150975041512,7550,171,-0.6181586440957673,-1.9137340102321405,-0.22038361520587854,-0.3546770499872833,-0.6598572023371069,-0.7959119937495951
0.033002855308917736,0.09815582547763879,2.3711036971251778,-2.2493238847413566,7550,172,-0.6281628097546282,-2.0065035395816415,-0.26941772117582796,-0.27408570584308817,-0.59366125315511,-0.7143170604529787
0.03602187423144698,0.10206047855811093,2.3344527103805555,-2.2059072117139897,7550,173,-0.6553620472594491,-1.8264970352878087,-0.3294714894062322,-0.14526853311270035,-0.453674095758091,-0.451435436570575
0.037343791535029744,0.1137987739676572,2.302018720677984,-2.0966129187691043,7550,174,-0.5893807515055987,-1.5055538488876468,-0.3435996928313314,0.2399837784704722,-0.017463648604018056,0.1375385903704544
0.031481015218736405,0.1269598462157979,2.3221222949608564,-1.9887681912402613,7550,175,-0.5817909637679688,-1.4199056837388004,-0.46244082848753243,0.7416536800729631,0.5541655915615091,0.5613299481209493
0.01680487236106709,0.14448160428164072,2.374697217123376,-1.8393842143994588,7550,176,-0.5655746224280424,-1.143118300657413,-0.7961934475609853,1.715592006121472,1.5678081613097385,0.8936348761258446
0.01381840865144443,0.1474087127414853,2.3833312694951108,-1.812007870912662,7550,177,-0.5658051841441845,-1.0938547470490916,-0.8514893255889953,1.973385457312791,1.8324865368677488,0.9223496829311675
0.011056432197187882,0.14130942754770975,2.431720750231118,-1.878016099120859,7550,178,-0.5159526181405523,-1.157810154090761,-0.7272876322593098,1.3840749170410998,1.201906377248512,0.6421864241323364
0.01725174142017427,0.12685203423765426,2.443789379762717,-2.016325409766841,7550,179,-0.5126662732277494,-1.4292428448584473,-0.41173286216293903,0.44364800085449846,0.15781070354766014,0.19154700280981518
0.02042991678800221,0.12792832794034376,2.413045252173392,-2.001219708504805,7550,180,-0.5151450699447839,-1.434606487843733,-0.4348741206714779,0.5796595810360955,0.3559940694728356,0.32337131812299424
0.013790400287910023,0.1420950801438809,2.4077728671930734,-1.8674481260890419,7550,181,-0.5655987301003064,-1.1542441225792959,-0.7444432876521659,1.4873757187836814,1.3029438670748499,0.7192001307702808
0.0033944329829446035,0.15489703990714998,2.4179266529070444,-1.7380818869397174,7550,182,-0.49263557328552354,-0.8196134768840803,-1.0323399419085932,2.573029091105767,2.561634806294798,0.918349789431403
-0.002812801903929768,0.16026011394484985,2.427821477239353,-1.6789509482666987,7550,183,-0.5383951460447175,-0.6879720650978166,-1.1624709798197972,3.000999347310317,3.066394230306381,0.9327144095447975
-0.014596648672245166,0.16605901529022418,2.461431135036675,-1.605919564889873,7550,184,-0.600825232426307,-0.4452041328435321,-1.3619240521469904,3.37500515068072,3.4960539275646085,0.8184708491766873
-0.027822041382599694,0.17394781240370066,2.476008608741628,-1.4932217596729391,7550,185,-0.7508641435090596,-0.27739314436848495,-1.4659626818897162,3.7986166301896787,4.1309923163777595,0.4406315288881987
-0.03305998314740008,0.16600796334055648,2.5553459855155283,-1.5759489059072203,7550,186,-0.545528216105891,-0.2922946128934837,-1.5722181604661205,3.2961511911492387,3.870085705049286,0.5230747645607975
-0.03447571642564816,0.16453745864552538,2.5720931322655813,-1.589507476906513,7550,187,-0.5246333399880551,-0.2838454699168705,-1.5919219379684781,3.1905178294887597,3.8045324117124033,0.5037465405265886
-0.022857908236410374,0.16130210248708837,2.53622752217466,-1.6493196272092951,7550,188,-0.49061938953148754,-0.4156509330963315,-1.4030681572235402,2.9735404740683387,3.317737211757237,0.7266370578375766
-0.010430169384715832,0.14972925293438286,2.5355172942156554,-1.7903462380131412,7550,189,-0.3683888731119201,-0.721596623300285,-1.0194699874947462,2.000670136396893,2.091885473365639,0.6317856296315318
-0.014157804600529747,0.15006968850677385,2.556589331021083,-1.7834597504675493,7550,190,-0.3265589970178001,-0.6547868446023934,-1.0652907583484976,1.994754568459903,2.1289993728982393,0.6162260732153056
-0.017397585368516502,0.14315441519685446,2.617946435843543,-1.8524259494647544,7550,191,-0.2754082177704137,-0.7514226414032176,-0.8803889101579628,1.3900490042030242,1.38471484798075,0.3816056800585248
-0.00972854104340723,0.13432279526459723,2.6181253390660566,-1.950057345959621,7550,192,-0.4258001531033129,-1.0933121488723314,-0.6112853939999805,0.7271223258987879,0.46850001475234526,0.04818050998103807
-0.0014728847236569337,0.12939900219192566,2.5834908098380143,-2.002624940182177,7550,193,-0.4396174629945306,-1.307449986637988,-0.4865338620770152,0.4370507685343113,0.025894635282927868,-0.05164877237818073
0.007993324642795938,0.11889774543955256,2.5548736468580397,-2.102409747191923,7550,194,-0.5184239991778553,-1.5676611262961588,-0.3055456367090237,-0.08591597396378943,-0.4885059631075224,-0.445873048041539
0.013148911767005486,0.11691221012043085,2.5172696109522446,-2.1169417881124843,7550,195,-0.5349713072055168,-1.5479031940806536,-0.2722956880457294,-0.11645201810096961,-0.4673674881753556,-0.4273334301944476
0.014692894936484763,0.11872218889653542,2.4966505922838675,-2.0979735952508167,7550,196,-0.5152731010808754,-1.5123327328671123,-0.2841173451259486,-0.029036888118026724,-0.3601017778467763,-0.3251859621268859
0.014983864551811332,0.10649570750283821,2.5371690664581013,-2.212308816844087,7550,197,-0.5525836333738108,-1.7107384151089378,-0.22476281061653283,-0.388066983270003,-0.790956701329575,-0.8047969060929405
0.00925127054318109,0.11166906142348337,2.57317466722701,-2.170070013177747,7550,198,-0.5449254202095775,-1.653226488840172,-0.26815316895141766,-0.3033210417520383,-0.8116822762918463,-0.7192733670400312
-0.003421490400997776,0.12819073466224987,2.604575896424638,-2.0141905665710826,7550,199,-0.4532267444885699,-1.3611018280647218,-0.4535294159230128,0.3294997537909676,-0.09244251896912971,-0.16433762032116625
-0.008032822323151306,0.14000434173422843,2.5748747827342435,-1.8935315360989031,7550,200,-0.37101949450635596,-0.9281478857963263,-0.7659076692707376,1.189515588711404,1.098214112490329,0.34497763772982776
-0.21996325661477956,-0.002251314021907931,-2.7199573087531634,-0.8228014945005329,9503,0,-0.04922102035892021,0.055042180935870724,-1.182115077237769,-0.9790969272469557,1.2560278274588088,-1.2634541639505912
-0.22734804765605532,-0.007681615092100802,-2.7833609905854773,-0.6489132062428546,9503,1,-0.3115721862044719,0.18510116754209605,-0.3344273190043715,-0.5480865074682948,1.184232186066884,-0.48961421128394894
-0.23064501746693483,-0.005187754927309968,-2.8398596338116375,-0.5584888671976805,9503,2,-0.5783978903148234,0.39162609884104466,-0.1343269040545321,-0.38547473078345057,1.1599278343287076,-0.22393269249290415
-0.2295290296692846,0.0077327466281632805,-2.880652931437574,-0.5892332173588797,9503,3,-0.5865620260702883,0.3428075267662946,-0.1516221757147186,-0.38494252322198325,1.1486120145990923,-0.24004967255028886
-0.22108041108602852,0.02437383778764199,-2.866268398532707,-0.7702590919982744,9503,4,-0.24772744091069784,0.08882377367129268,-0.6371405411730339,-0.7197298247720324,1.0962944866433497,-0.9989383566231942
-0.21280207034442833,0.03519832860268083,-2.851563835150191,-0.9078975455080722,9503,5,-0.053307578626964926,0.03188633795413846,-1.4890635825384129,-1.1963218595902172,1.1541053882715346,-1.8613317602060617
-0.20772272016181698,0.04645303763634752,-2.8813747031169727,-0.9604561027906379,9503,6,-0.05771548448896787,0.06888403142569734,-1.8008504186141543,-1.3058379662803854,1.2268257109017227,-2.1295229502566877
-0.20708893376825532,0.047563491778318964,-2.8837756505421464,-0.9671565231678451,9503,7,-0.07493080527704152,0.060890072904900464,-1.8541386368789163,-1.3131055358618255,1.2604089345744107,-2.1797509040915872
-0.1973559262526415,0.05753054900893352,-2.882975613602353,-1.0845271943773391,9503,8,-0.020574161103884665,0.16959343830040752,-2.6223360942809015,-1.7562912832526676,1.8166189569561315,-2.7245917559369186
-0.18058614679398416,0.07649260296336305,-2.927930756848259,-1.2286576297689973,9503,9,-0.23458193991495538,0.313237974309303,-3.1258083424206213,-2.0047644351670653,2.7366538414134265,-2.8257458882899287
-0.1615257989175667,0.09613371576187077,-3.0074508186183246,-1.3419900174259034,9503,10,-0.5356317052693267,0.14871224134517103,-2.9482999059935797,-1.6721350778165323,3.4984907234079774,-2.238364741497943
-0.16029309853455892,0.10582549559369876,-3.0821267744757113,-1.2859563057135204,9503,11,-0.43810167123601174,0.1286595625118721,-2.8420068692906804,-1.4205959019447392,3.1222584224502636,-2.781293892660559
-0.16090313253148586,0.11330249365895746,-3.1456688526031975,-1.2188803603196319,9503,12,-0.5178147258234594,0.2404564584531608,-2.620470429215018,-1.1069903409245425,2.710587633727634,-3.1010638905979078
-0.15336605601723102,0.11550934017104389,-3.1436046083811595,-1.2870183197973695,9503,13,-0.557861932417369,0.20583247108170588,-2.752012111730845,-1.03739491198202,3.1928600145749817,-2.7914373299964166
-0.15839425016150227,0.11858545121985069,-3.182667831472696,-1.2031518374580734,9503,14,-0.5947825446838905,0.1515806205334213,-2.4211020542016857,-0.8898399631913958,2.65202469725379,-3.102664214820807
-0.17299859814067708,0.11354941203910872,-3.191281865244238,-1.0622884722871906,9503,15,-0.5185926831840082,0.11866136245752387,-1.760445011186673,-0.8589811277914027,1.6984990747047348,-2.8306407973259047
-0.17768244386316076,0.1039021188518166,-3.1305844115444748,-1.0802974415078286,9503,16,-0.37358168874462944,0.23128361181704454,-2.056494270082892,-1.148337056378218,1.8006683013375175,-3.0157507309762894
-0.18680891471996103,0.09027806013187006,-3.0651156076232255,-1.0532931934064693,9503,17,-0.21450176413617342,0.11809669469586646,-1.9707979405848128,-1.3121564304121816,1.5804089032257398,-2.836607302576625
-0.19384111498659196,0.0837951239272223,-3.0544896562831396,-0.9902602755189069,9503,18,-0.22210521529143426,0.1034726589792559,-1.5733536840033766,-1.2039784980638732,1.295409433213154,-2.4767953293547373
-0.1965381736442434,0.07982200771734704,-3.0406608618051134,-0.973440026735754,9503,19,-0.22701717370371047,0.09842719054366822,-1.5003919125274312,-1.169666506209407,1.2241456895682243,-2.3189310183898733
-0.2002298852199971,0.07518318516170365,-3.0298989235132168,-0.9417779091665863,9503,20,-0.3019272020766095,0.07657502637784219,-1.3058722806562926,-1.1147891451204586,1.1697085047108384,-2.1514645146807103
-0.21131656624666387,0.06767796130517188,-3.0605692913407445,-0.7819390217088307,9503,21,-0.45516360916811144,0.1426004331975172,-0.39799915268936537,-0.6062642110531496,1.090907612286248,-1.0108267878888406
-0.21266713647551388,0.06657267335605278,-3.064562455230185,-0.7608083547553497,9503,22,-0.4921111157578206,0.16431128576374673,-0.337766284115583,-0.5376078289477633,1.0944583845426268,-0.8298271686367894
-0.20249715334697777,0.07439484559560669,-3.0400771378853064,-0.9071904632332024,9503,23,-0.3544448572289726,0.06600397049997135,-1.0483716237724854,-0.9786074256327598,1.1185154059937832,-1.8960589660441154
-0.19694588841383676,0.08304644064867271,-3.0684619039975627,-0.9443572685756761,9503,24,-0.25517306286867925,0.05964968225887923,-1.2592354928972453,-1.0220529364005868,1.1758110981695742,-2.1379019359915823
-0.19543728727653817,0.09352250116260277,-3.143254791232199,-0.889323972954861,9503,25,-0.49952330618503604,0.1640304212465218,-0.8910326581831228,-0.6770755526971965,1.1571695116886316,-1.6066085115721591
-0.1992089183920775,0.0974294720111206,-3.2040637988696004,-0.7848077569699635,9503,26,-0.6469616741792105,0.06876999759916504,-0.3023859590894126,-0.3951897258310402,1.1148999048229062,-0.673942231588995
-0.20506266708842083,0.09405150002491516,-3.2234762557978924,-0.6962767104865627,9503,27,-0.814244992078872,0.17741070478181853,-0.09049853648215157,-0.2527819165827203,1.0374198344596728,0.039977552387941845
-0.20517405267455935,0.08994361464977932,-3.1877965658205927,-0.7338850311324878,9503,28,-0.7230932601810972,0.16754199142090256,-0.20414441362986233,-0.32463616196510314,1.1228789344211985,-0.33709012736777766
-0.21426141051894065,0.08123356711376252,-3.2020556738891393,-0.6038523041657397,9503,29,-0.9740326464195038,0.2922228690326132,0.01247221560320085,-0.17327701879515192,0.9605717419612777,0.3705781454786724
-0.21259881362549946,0.07992335329391176,-3.172153113365374,-0.6580595196548,9503,30,-0.8375676938323792,0.27252803369882156,-0.07362664686552983,-0.27156426533777134,1.0602888938875825,0.03791493332069848
-0.21208454727870463,0.08190644649337141,-3.18403532418553,-0.65221671417447,9503,31,-0.8618134897555083,0.2704157539781496,-0.07001339979228262,-0.24368510318791042,1.0526076488839722,0.11650410717120954
-0.20645720665477524,0.08649993312083108,-3.169350310234887,-0.7379935130757385,9503,32,-0.7109682436781487,0.23085074504566144,-0.2703903045180138,-0.3394151651863067,1.1162039591175577,-0.4254861186846552
-0.20294838187869382,0.08793458145268193,-3.1518022767717913,-0.7973157873878803,9503,33,-0.6383818402028107,0.21268578407273364,-0.4533762822674452,-0.46966798802052495,1.1060425814199475,-0.8205919271402711
-0.2114172883387757,0.0850196186275798,-3.204678294440077,-0.6385306038528116,9503,34,-0.8793573321959826,0.2868041262616322,-0.02303214945901395,-0.19775046244374794,1.0124509623028233,0.2424570494968768
-0.20495821703391212,0.08841701277473156,-3.1726629388605576,-0.7524012717788076,9503,35,-0.6900795175238483,0.21471903829011935,-0.2616583712843825,-0.35585343155639826,1.1184774234703314,-0.5029164163271769
-0.20355125371314048,0.08674241530188151,-3.1466693993673553,-0.7955272053967578,9503,36,-0.6293622549600641,0.22038021236957542,-0.480125686255386,-0.4626430028591437,1.1271748265587958,-0.8670233585598495
-0.19500797309663304,0.09285431799986278,-3.13482537344658,-0.9023176214185764,9503,37,-0.446534225016736,0.1568115230750444,-0.9727769215901708,-0.7429869166361793,1.1602923652655095,-1.735772023076946
-0.19594121715281215,0.10102697198905175,-3.2112490517792383,-0.8127837884128911,9503,38,-0.6227711667534603,0.07469305689864009,-0.39148034531965575,-0.4163672541849551,1.1078940490602402,-0.8475800699329713
-0.19162721326848942,0.11192405144439539,-3.2795684068563014,-0.7812989972480455,9503,39,-0.7250744839324549,0.16839333375092366,-0.28091701471901215,-0.32512190762921994,1.0412896218432592,-0.403171472494249
-0.18299828784180386,0.12358373621378893,-3.3330601319991957,-0.80501398642434,9503,40,-0.7701011791991903,0.16315819020001898,-0.3208356222015216,-0.2822763514863483,1.0254350795296177,-0.3736216945494417
-0.17343351824251335,0.12910543213922612,-3.3325045845964025,-0.8980023540928528,9503,41,-0.6543501902996789,0.12658189537851564,-0.6375317947806575,-0.2629347294096219,1.1749171514848316,-1.2039319019080792
-0.1591192586124372,0.1305213683682736,-3.288190440430457,-1.0807671865369735,9503,42,-0.6111982966557812,0.19995458689134832,-1.6101016167126607,-0.33267654368171035,1.9209211730384061,-2.7195474819500234
-0.14837941828386797,0.13523620006474088,-3.3007637786251482,-1.1598370210741555,9503,43,-0.6623085948530988,0.1853880996454092,-1.9045812533502646,-0.14787757513540387,2.4857933984937675,-2.887103794262869
-0.14444036449718758,0.13691468528204664,-3.3072114419690437,-1.1860755427442675,9503,44,-0.6960558479677478,0.16765189223673796,-1.9794809643013829,-0.038650413470483945,2.6628370509526333,-2.8419811538915134
-0.12967507130815667,0.14233569946585636,-3.333822213247856,-1.279359239899752,9503,45,-0.7023788309188538,0.047726746720533425,-2.2762687596958378,0.361801042812737,3.318613378332133,-2.5044981600407734
-0.12113205679539327,0.15416624333281534,-3.43167482378678,-1.2294783118020889,9503,46,-0.811897148973705,-0.09751347615841686,-1.951756158117976,1.0565099740834107,3.1722138361879506,-2.2512556772729853
-0.10538257074573437,0.15550680310701118,-3.4450193728974603,-1.3435734668621895,9503,47,-0.8412551017548956,-0.15879704889080612,-2.2283283769351043,1.4739882836889053,3.795445368083476,-1.6836787932279418
-0.09689431825818877,0.15371581507762772,-3.438032669662189,-1.4238422538898874,9503,48,-0.739445913214707,-0.21000702118606235,-2.2581029432019997,1.5123385155816669,3.960327450241717,-1.1290158617910304
-0.09967400616715608,0.15220114950338107,-3.4221249533577467,-1.4209269871276373,9503,49,-0.736792315549662,-0.21053463864855654,-2.2720631310124935,1.3789722470232155,3.957073122192672,-1.2073382111337119
-0.11438769788020162,0.1540684319582445,-3.4294718922773,-1.2885344585441811,9503,50,-0.8219849393059072,-0.15466506029751845,-2.144223798742657,1.1983964519610877,3.49425098868472,-2.0174387327055503
-0.1277058317992056,0.1597017614038645,-3.4868840822301443,-1.1019523826406306,9503,51,-0.8498717209379989,-0.08629359015626167,-1.2117173717185796,0.8083827628938802,2.3066691777748174,-1.9180149338374677
-0.13765827223358973,0.16496690650392715,-3.5551614022875517,-0.9236495942042078,9503,52,-0.8374599876620079,0.08307576963490686,-0.3644939971157181,0.01251266652041356,1.111740852004901,-0.4687434702510477
-0.12824748512063153,0.17212182398899417,-3.6082409394775024,-0.9275842607617177,9503,53,-0.7832173952479872,0.006727077756668771,-0.3322004293374927,-0.08276141371544288,1.013472582766908,-0.2146974265065894
-0.10638183890583452,0.17787690288746955,-3.644943074451958,-1.0569017483378174,9503,54,-0.8784385196709544,-0.24216977688091904,-0.6065462604931319,1.0460310071350398,2.102796010253081,-0.9405185658440378
-0.08109301347304358,0.1794816276464174,-3.679739761489668,-1.2165690962346178,9503,55,-1.062517680732148,-0.26799648975339624,-1.2744293335810004,2.45802430999444,3.496522183105337,-1.0158764241067983
-0.05556065564057898,0.17955013278784016,-3.7411704568612176,-1.3422409381160774,9503,56,-0.9991633405946693,-0.2675452374365844,-1.5406168703266983,3.4621752841529196,4.213506201953231,-0.4204259687985513
-0.03512599890624063,0.17385079617125115,-3.7738384112566545,-1.4783753979224712,9503,57,-0.7569256458075152,-0.28142794606735166,-1.5962513421513826,3.6911294647270436,4.197128572667002,0.3114707201726218
-0.03175612711313617,0.1786301748278612,-3.8227778282008362,-1.4273468348814802,9503,58,-0.8736298193510148,-0.2555402230268403,-1.4350727413640136,3.8723936871870035,4.250862731964477,0.2658140621964913
-0.023606834176306365,0.1720145146704723,-3.8139867029152374,-1.5240335953886692,9503,59,-0.6954549435652886,-0.30175826093656405,-1.436570652640682,3.7395837145933264,4.001762005519417,0.5533203743544716
-0.014216974597592039,0.17075930958079732,-3.8536628450567787,-1.551320645095056,9503,60,-0.6947007351825347,-0.3978042101737193,-1.352855755258276,3.680092699338975,3.8181714625224235,0.7277955841404044
-0.009566105924191437,0.16459041130249139,-3.840821924557991,-1.6270233838024728,9503,61,-0.5803024444739041,-0.5402919873389059,-1.2547902683726713,3.2658206960251834,3.369128959730618,0.8682647600673752
-0.004620716175385189,0.15266432963833698,-3.801147371828413,-1.7619673658078279,9503,62,-0.41948369333240265,-0.7519487900907713,-1.026344855014386,2.363257012965768,2.3352339876985595,0.7664777649383552
-0.006268319553481769,0.14536866805251614,-3.7498555575450525,-1.838879925617308,9503,63,-0.37429158841257215,-0.8561852639030564,-0.8867984774776418,1.6014096768625425,1.6098940484511115,0.5431812999876129
-0.013236393652737322,0.14513518447169496,-3.7032255295330874,-1.8364292072828232,9503,64,-0.31495898235518943,-0.7371076987998079,-0.9267782203022623,1.5978295619255125,1.6108476233395739,0.47796530677649496
-0.022464683431847182,0.14170458446306458,-3.625134730996782,-1.8600617248050093,9503,65,-0.2700058011028461,-0.7568794804831127,-0.8575962986701234,1.2681719046743751,1.2306857843959018,0.2693744342762233
-0.04163850328468409,0.1460523723472965,-3.5490307323792956,-1.7712662311392875,9503,66,-0.2791479773794867,-0.4172535995685856,-1.2040187863637872,1.56435879568561,2.0259384063049173,0.22386033424852575
-0.04500803058117721,0.1400077186971097,-3.490116394363408,-1.822476759900592,9503,67,-0.2711839689441148,-0.5125988943087872,-1.0060460228390957,1.0915004401694195,1.4179884644956333,0.029618708947711042
-0.05991966499382198,0.1430024971480334,-3.4471851391181088,-1.7368331506458192,9503,68,-0.30880377182511604,-0.2978365369013828,-1.3759160182611914,1.2929437638723227,2.410249698433533,0.0939238049078864
-0.07893269918265094,0.1447929048744948,-3.400012145548947,-1.626541989711011,9503,69,-0.48934587473359337,-0.21818775509850813,-1.7820718347628657,1.2073671704108198,3.2390404644405453,-0.1311316669360487
-0.09553487832412656,0.14676134993833467,-3.3823604650587713,-1.5059659641742673,9503,70,-0.6344808419292169,-0.2295263803893046,-2.1719622372415555,1.118151736648708,3.8682856188556713,-0.7520582466544447
-0.09654330440750303,0.1371523606403371,-3.3020345908974327,-1.5940143969968137,9503,71,-0.48578928789637943,-0.30539683638272724,-1.917735288873065,0.6068844449406829,3.496136927028131,-0.32796000193676245
-0.11139028520442988,0.1377248465033406,-3.291694733683641,-1.4812346628836648,9503,72,-0.6046033986031145,-0.2812656782182162,-2.3512498191129763,0.39437851386119327,3.9013876132864196,-1.2084737624184567
-0.11523401763155017,0.13502208321819162,-3.2676152993872587,-1.4765652060890426,9503,73,-0.6277146531188422,-0.28392337463396855,-2.3877275340270705,0.22477861606837027,3.9152515580632827,-1.2342314727187116
-0.10648984610779708,0.12600090950108359,-3.197809973600109,-1.6258130868700746,9503,74,-0.4502967155412332,-0.36348876546271125,-1.897867834535548,0.07736750868153117,3.3784985755982104,-0.21655365345403277
-0.12133522757644413,0.12029077984908872,-3.1440777617508813,-1.557181004480253,9503,75,-0.5301452923636671,-0.3296425782813054,-2.258517544773482,-0.37800252314419736,3.7228150231164703,-0.594262462022976
-0.1340797323487082,0.1192375649864827,-3.1421461948087446,-1.4526406387169744,9503,76,-0.6513427705716596,-0.09129726496109565,-2.662273473806539,-0.6676835954920355,3.872721023725351,-1.4485874616401173
-0.1417924012497039,0.11970809304379677,-3.1558073714920725,-1.373862210462611,9503,77,-0.6571040286260458,0.06315827405368578,-2.728963565230289,-0.7944430835017693,3.6528143624046687,-2.1240002528622126
-0.1443809318724345,0.1186107694029331,-3.1508822612775518,-1.3568637618010324,9503,78,-0.6155172329525002,0.10804332750993267,-2.734735274744052,-0.8533435611913589,3.568869641263383,-2.26020490095146
-0.14978913905408858,0.12091365292454809,-3.180714980636059,-1.2800181362225613,9503,79,-0.6343830585043531,0.12604663720755516,-2.5733728992560967,-0.804768017240771,3.192266698356079,-2.797175084579745
-0.13932776162318608,0.12902632905280154,-3.230640622866042,-1.3159631418726767,9503,80,-0.6809396764969979,0.023778736528176442,-2.4708094050214195,-0.35681090521726955,3.3821598421469,-2.5467347371547424
-0.13286292081430226,0.13952479558394593,-3.312573123090904,-1.277740287349996,9503,81,-0.7157037197707474,0.04901231788212638,-2.26550613355734,0.18126076909731367,3.2722817530544446,-2.5946378770726435
-0.12655163206190634,0.14412608891783835,-3.346946023888896,-1.2897627892658217,9503,82,-0.6787746579385181,0.013411826557279016,-2.2927922388515545,0.4694192608390598,3.3689396925150916,-2.4341385302823344
-0.11652863089634947,0.15030845699872336,-3.3969349097544614,-1.311959045847039,9503,83,-0.7159183404130036,-0.12463511598946901,-2.304412808380456,1.0025873278063753,3.5982409857534274,-2.0617332810153126
-0.10513415959526895,0.15716639387964607,-3.459361755689637,-1.326911251271803,9503,84,-0.8894011776325254,-0.1452608985558124,-2.1930165717730823,1.560955653584888,3.774970963865064,-1.7198498545178984
-0.11124182116038334,0.16258608774543404,-3.5044159485773996,-1.2158564580379516,9503,85,-0.9274499111118284,-0.16137029660340643,-1.7134295717788903,1.505895315482164,3.2248290314469776,-1.9761002125095524
-0.1070716373848925,0.1667389145128391,-3.5421154708650113,-1.1988710359123624,9503,86,-0.9977997825595467,-0.15466368415672593,-1.5594450440135679,1.6168082082686954,3.15496123796237,-1.8051376093280038
-0.11273348750643425,0.1725122682384071,-3.5954437687309313,-1.0762535806116336,9503,87,-0.8040492150554204,-0.19175276595628368,-0.8377992300755803,1.006644041684386,2.2138098032689206,-1.3062456803792124
-0.11253467141562058,0.17693187493808088,-3.637852808101345,-1.016083361275295,9503,88,-0.8072541639003942,-0.17712742983629617,-0.5283826608645636,0.6689850195025316,1.7432629292822046,-0.7978496137269928
-0.11558613301001615,0.176670134107003,-3.637414942641817,-0.9912362341632716,9503,89,-0.810247033852674,-0.12262171928279585,-0.4087884283106923,0.4109017871159079,1.4842919603358224,-0.589652903874634
-0.10886839209622504,0.17436944270801294,-3.6119490269794334,-1.0846095263837423,9503,90,-0.8888332980779159,-0.2352711182661766,-0.8659798611388411,1.186340700626255,2.3540141849441607,-1.2965567799099051
-0.11482501633620824,0.17152243774556306,-3.587012604390665,-1.070904119945011,9503,91,-0.8094737307129501,-0.19615104873624067,-0.8375090196858037,0.9830243899628657,2.200009207714875,-1.3283705047299268
-0.11319643573803452,0.17020452386672058,-3.573930629668385,-1.1031360072681309,9503,92,-0.8524288382552578,-0.21094487459876615,-1.0033211020074873,1.1651660391813103,2.461430043193452,-1.5312798922543216
-0.121560337825844,0.17449755396156186,-3.622000619695125,-0.9638546236151733,9503,93,-0.7432279199767144,-0.11264457618543695,-0.3755321150829405,0.19467341540814498,1.2794085711381074,-0.49723811308891963
-0.11987194587927576,0.17710290714816668,-3.646270850995654,-0.9421984565709777,9503,94,-0.8253531626987678,-0.02972833275200051,-0.27121771358134233,0.009686376644961617,1.0700541184586958,-0.1735958144124578
-0.123466571942659,0.184279533283352,-3.730326222030133,-0.7835173812762922,9503,95,-1.4689441970471624,0.443037511604847,0.1301015591433575,-1.5555919131694014,-0.2970136014863778,1.5098336733266036
-0.12459305693856335,0.19252745222644274,-3.8386573365864707,-0.5987330311241087,9503,96,-3.5284531034625104,1.0782075985032,0.6110007482745795,-3.5079741611305506,-2.204164679550936,3.2164002328672656
-0.12731480229751613,0.19423446201918582,-3.877215346683213,-0.5099257890675644,9503,97,-4.789003757560807,1.3596445896487497,0.892170538836798,-3.908713647453672,-2.899702983989633,3.5728135997837476
-0.13370568114013628,0.19026064195760642,-3.8498900882911355,-0.4998592416097234,9503,98,-4.614198600980839,1.3321911289593393,0.8417846368116562,-3.6666010598221876,-2.79476595473051,3.5069049213206545
-0.12768355919935265,0.19034380898439138,-3.8204276663663976,-0.6021985018992103,9503,99,-3.376696996036171,1.0217415943625994,0.5694882890287426,-3.3157274368297323,-2.018222835699409,3.138457943709404
-0.12410159895555237,0.18845010666099732,-3.7823913093808077,-0.6952871608140224,9503,100,-2.250742200677788,0.7414833517820066,0.35409880255598325,-2.5449549513172425,-1.1689284098546875,2.406350033074278
-0.11787276529457104,0.1834539004856598,-3.710354553214435,-0.8618713486377131,9503,101,-1.0791111166375336,0.23249320484970787,-0.051201088530695396,-0.835708621218514,0.35016297161016224,0.7117505494216284
-0.11782909854120793,0.18330848186311127,-3.7087089719233055,-0.864778229249119,9503,102,-1.0716297044417296,0.2053113957040288,-0.06133442705286618,-0.811779806437814,0.3697069037783472,0.6769523274918363
-0.11197433636309413,0.18143159348917143,-3.6823762888621703,-0.9541259296321183,9503,103,-0.8724253490762817,-0.0334687392187461,-0.265702713916688,0.08243493574889221,1.149686144925299,-0.19418326117639215
-0.10357516357274284,0.18173613171460673,-3.6819979680378414,-1.0247648437308734,9503,104,-0.8288560160584553,-0.18202374016239978,-0.4620888935596661,0.8035085389007504,1.8875679325606662,-0.7096166184403957
-0.09446023224386096,0.1807872767374366,-3.675918825936209,-1.1099797168670242,9503,105,-0.8929381707538542,-0.3177562584798602,-0.8237105283385732,1.6705234527048725,2.7128673483823187,-1.0526964193657669
-0.0897650520417987,0.17545529822132466,-3.6321842607046304,-1.2146213014628746,9503,106,-1.053911952476234,-0.28500065751631604,-1.342653163164282,2.2871960828474807,3.495362310075494,-1.2718066821401406
-0.08977635746537851,0.17713045193615287,-3.647000149219089,-1.1925723735823694,9503,107,-1.038228829923751,-0.2950903871216348,-1.2343292288699514,2.2168033249915116,3.35465991342126,-1.2114202251188961
-0.0778884986642785,0.18090512003346684,-3.6976089267696253,-1.2164377000032576,9503,108,-1.0377427496066784,-0.2592142133949728,-1.236838857882225,2.5182033894923443,3.4887303481980383,-0.915889796996764
-0.060044423320617296,0.17605119142168918,-3.699676791916181,-1.3680435438895022,9503,109,-0.9690750898152013,-0.25529397728553777,-1.6540953961236988,3.3243554200490797,4.222782821449426,-0.46974715833338815
-0.045154928951720685,0.1710345002457167,-3.712183761120096,-1.484168300509053,9503,110,-0.7245516642945634,-0.2931957794745025,-1.7300130716234974,3.451265558372053,4.209004179713715,0.16388722497770913
-0.04469251960003709,0.17730517021937361,-3.760881305397603,-1.4091718831508184,9503,111,-0.8717118223971654,-0.31585148835992455,-1.5941466943923315,3.6756368785151325,4.265598463916545,0.013523054897800674
-0.03778066796981366,0.18331516844091156,-3.8327939646691234,-1.352688177882226,9503,112,-0.9438493330858945,-0.3000814408234442,-1.3149742139350238,3.6993353854939635,4.156992313461833,0.02035054243188711
-0.04423132256004353,0.1900407169419849,-3.8622045893974994,-1.2430180180884913,9503,113,-1.0419733885927263,-0.33660279334072113,-1.0148075401090642,2.956677706726401,3.6050868923709585,-0.24397163674180217
-0.04252988072852056,0.18477639757441194,-3.8262251699318517,-1.3198689949537548,9503,114,-1.0133353603442976,-0.3143298965440402,-1.3090626988731757,3.5532227065447133,4.057193115656497,-0.09779637007666442
-0.046450739283260024,0.18745812460560196,-3.833858857795842,-1.2712601459266082,9503,115,-1.0351340369592255,-0.2988417243465865,-1.1499725877636198,3.203015811624495,3.7953643001303408,-0.24091848784823217
-0.033294787135812694,0.18479013790354387,-3.8617700243172326,-1.3447106815812904,9503,116,-0.9991077521429746,-0.3067990183993245,-1.2402627514427713,3.667969402891759,4.131318750478313,0.012062914209112124
-0.022327471717161568,0.17928612024177426,-3.8699946205507443,-1.4369936542874406,9503,117,-0.8732423297325621,-0.2647684371223958,-1.3206145356899428,3.9206353397535625,4.247891968031554,0.34934489453358
-0.0271422798706967,0.18516607271245838,-3.8903441378021633,-1.352995874518175,9503,118,-0.9717584565248404,-0.3068533362074979,-1.2296890385591004,3.6426043324846393,4.09621803580544,0.11314011153701453
-0.03782177590201238,0.19115460791954836,-3.893686673733185,-1.2467313200791401,9503,119,-1.0337429224339367,-0.3732067642452067,-0.9689627633468642,2.9396848353631455,3.5785836657998624,-0.15773915759756904
-0.055467107672871385,0.19739033979157358,-3.891885394084403,-1.0931316842877727,9503,120,-0.9415111190676769,-0.2875457219274974,-0.5235889971689554,1.1934303154104786,2.1619904269634684,-0.06871750336799735
-0.07131779705000654,0.20492206290045195,-3.935885755769116,-0.8831796810680844,9503,121,-1.3076285640753176,0.1775228815774505,0.10626003908737372,-2.04817144136191,-0.5066980206382219,1.425454288020295
-0.0710882265519197,0.20727665887757907,-3.961862153257299,-0.8402694904165917,9503,122,-1.7661718920545229,0.29835520942045857,0.2337587998726523,-2.735777495875817,-1.0693547611176035,1.8110762879688658
-0.060897589277921105,0.20340723606499528,-3.9365445612503103,-0.9698992432523083,9503,123,-1.0405445372595603,-0.065234093485497,-0.09462909827701475,-0.720371692634077,0.5622619988839538,0.7117081577597051
-0.06639682164867629,0.20155678467954347,-3.908177117418907,-0.9719749958318674,9503,124,-0.963954974361172,-0.09136082256759454,-0.13566701333790612,-0.6696902489362759,0.6046345176356273,0.6569351400901681
-0.07419701043688694,0.2025473024993782,-3.9074549186106258,-0.9075907917428453,9503,125,-1.1086545473351996,0.08553569168963902,0.02214270051988812,-1.60066757146243,-0.15289178007704501,1.1542454013882484
-0.07072005839936867,0.1981198249299761,-3.867307462716188,-1.004446629395061,9503,126,-0.8483005662619314,-0.16175039369568464,-0.2552400101732334,-0.03499774932542713,1.1296155005206754,0.3366155953527936
-0.07516275839972926,0.20134574713143294,-3.893841893386152,-0.9225319112935942,9503,127,-1.031858608692409,0.024149204354297692,-0.02695970344232058,-1.3639765882261052,0.04066188581809336,1.013467914071095
-0.06917096759241381,0.19615663243135653,-3.8510179209814592,-1.0447080532684856,9503,128,-0.8361212996376587,-0.2325588343818474,-0.3839380470917508,0.6070595629189239,1.6525391446075095,0.05980957396203335
-0.07257172622478412,0.20062218552196998,-3.8895200049488627,-0.9515596036375291,9503,129,-0.958552043980582,-0.038418944253023876,-0.10513577039757237,-0.8874630704660439,0.4278414497969045,0.7481611712171788
-0.06491638837145133,0.19967220803958904,-3.892347086351219,-1.0114123461518723,9503,130,-0.9238086020456523,-0.20088831419366468,-0.2577906066641927,0.03887253651947567,1.185518718698185,0.29926092022340356
-0.04928440808475994,0.19451411094094323,-3.8835523681591146,-1.1613738625086245,9503,131,-0.9848389255046835,-0.3345941991124157,-0.7364289831627798,2.0524888919092192,2.861903987814605,-0.23328585990490885
-0.03467944015886377,0.18692618622594354,-3.872476658408019,-1.3129463732665476,9503,132,-1.016411667944738,-0.31263222213886094,-1.1638121953802216,3.4762042979942422,3.9910068067602364,-0.0764958814456331
-0.03201263615441315,0.1812283301707076,-3.840607612414773,-1.3938847921067699,9503,133,-0.9315497027857949,-0.2876436341075295,-1.3587025039458438,3.8061436485096345,4.236909850956098,0.15112373684590563
-0.041354582159925594,0.18056428832675997,-3.7981621149337084,-1.3781604727811632,9503,134,-0.9217808613111215,-0.3005105456876239,-1.4584819648088092,3.777534908863677,4.244587838480801,0.016494970676041998
-0.04809225826039163,0.1706590912752157,-3.6981631726010233,-1.4790917784958222,9503,135,-0.7284322582778402,-0.26489188617226406,-1.7676248552635683,3.405021649400252,4.245535479687823,0.0680795483145398
-0.0712125868082884,0.16773414397104197,-3.6022902482126558,-1.417207932759462,9503,136,-0.8960077159981018,-0.229866570196975,-1.9513459128520054,2.7650410465207917,4.1253701221569505,-0.5692690914346399
-0.08742861277068864,0.16239107495516483,-3.5241440124233074,-1.3887287945168807,9503,137,-0.8667956925213394,-0.15296346724340262,-2.070465055926515,2.2036608945299023,4.060281343053957,-1.0524425664237504
-0.10165472491919786,0.16378522900193498,-3.5187650057389885,-1.276305192829973,9503,138,-0.9656417746957374,-0.15645791552104535,-1.9048314007310871,1.8672842006365526,3.684098823017799,-1.6814869077245564
-0.09418319845348028,0.1633045018160181,-3.521943070486558,-1.334619471365677,9503,139,-0.9111970907799606,-0.15915520395544605,-2.0161323665233923,2.068014742777525,3.924256679437057,-1.3873821110469327
-0.08411497193674253,0.1586763154821702,-3.499652188587253,-1.4505938254043271,9503,140,-0.7728875672771975,-0.17834837092712147,-2.109922972554365,2.059446272455721,4.0356759226129135,-0.7789219796681058
-0.08340524687659201,0.1533381892345604,-3.4578123427878196,-1.512811217648487,9503,141,-0.6860316144697974,-0.18874874994794463,-2.106723651022337,1.734936605633045,3.891808592633503,-0.5076064142432797
-0.08446923505986324,0.1426433858686231,-3.3694613514824554,-1.6165696979548858,9503,142,-0.5038872038463845,-0.25485498724573524,-1.853750151990756,1.014421847988503,3.295846214395165,-0.21979094572996308
-0.08652802167830077,0.13302724794145002,-3.2873416267584474,-1.696706971548094,9503,143,-0.3700222768007621,-0.3219496391938585,-1.501818071277121,0.6035098675532042,2.7160967267349414,0.0031293508383256063
-0.07984904758573158,0.12231242757941799,-3.21755366999843,-1.8329484139267602,9503,144,-0.23118098100040166,-0.391792083998734,-0.9205281845838825,0.44774338637208866,1.272451771382342,0.01970654424319132
-0.07618993036004831,0.10976879110162853,-3.1253052401308183,-1.9606642098953833,9503,145,-0.13586941640903458,-0.42323319850001856,-0.6477767693644279,0.3777694822934564,-0.22801507225115414,-0.4278096989718207
-0.06596154388763617,0.10281159915827914,-3.105146284338172,-2.0736232831227,9503,146,-0.1312871448859467,-0.7290645537948226,-0.4778839471662276,0.277086380024751,-1.271775871220109,-1.0784111651468
-0.06601645077447633,0.0997354446645432,-3.078585300460415,-2.0981949288257287,9503,147,-0.1067472303361929,-0.7516502075215967,-0.4508326896668122,0.2680169934862877,-1.396922793224577,-1.1895153171965438
-0.076453142412132,0.10249988190736331,-3.0626372821836956,-2.0177785653138325,9503,148,-0.08551070667755861,-0.439408522227646,-0.5433383731273713,0.35164815877449035,-0.8061086407138517,-0.6811750448292895
-0.07962997585193968,0.10028504581084513,-3.033304686387751,-2.0159805836080062,9503,149,-0.06348000076175675,-0.37747359204076086,-0.5520518647247721,0.36897635182084865,-0.7740628383638669,-0.6344708070555626
-0.08736322042823302,0.09887596237946124,-3.000009631089374,-1.9774391892706358,9503,150,-0.05295033612797361,-0.20743055097479782,-0.5571729716082606,0.33959663600997714,-0.3421148104287553,-0.332872589651256
-0.0951243385770391,0.09482726196101976,-2.94859509012785,-1.95366353720779,9503,151,0.004498335974117407,-0.08759333144666069,-0.5935101996349589,0.2863734070919749,-0.1451124860470936,-0.08751299439302959
-0.10260037116401056,0.08735324760463078,-2.872243123451655,-1.94930360463421,9503,152,0.08295043458969056,-0.05571997287333026,-0.5567691436675012,0.22520534964248703,-0.04826408167622996,0.17413602845124532
-0.10824348423827558,0.08770599745325271,-2.8710886426357156,-1.902946678876195,9503,153,0.07435116351913662,-0.10325865907623018,-0.6408280955036908,0.1049627442486481,0.6112171500536325,0.46775896712904674
-0.12063333920851775,0.0853812294063972,-2.8501199960979724,-1.8147950538700586,9503,154,-0.018632535949032594,-0.2167421641857512,-0.8259717227137129,-0.25967114755947013,1.7234239960687991,0.8245459650399474
-0.12912736640647826,0.08304811845408108,-2.8364484394485783,-1.7533761598256716,9503,155,-0.08342962222207659,-0.29999383413534203,-1.11132461429913,-0.5824126861360833,2.5906803339691797,0.8958328509175237
-0.14391118926255786,0.07629439207531111,-2.8042408721357996,-1.6496535626023818,9503,156,-0.3214936564392116,-0.2825552518393417,-1.7248458665311652,-1.1846445741687202,3.5634243347421797,0.7219996071575518
-0.14360049972898098,0.06505622972239009,-2.7128371346986397,-1.7082630189785737,9503,157,-0.09381064029992317,-0.2664284816164552,-1.3393238704401473,-1.034738737500221,2.951177810093061,1.2764878671300761
-0.1586562818039393,0.056987539652232966,-2.6944237336695593,-1.5840121479069618,9503,158,-0.23455434038664022,-0.11270142380151395,-2.106435016614548,-1.6667304043973898,4.025171323669062,0.8542770213064534
-0.1751775521896049,0.05547659050228983,-2.7495176512778414,-1.397541025464781,9503,159,-0.27273907004867626,0.2735317121410239,-3.187073083791653,-2.180777833429603,4.050366568956305,-0.9315443030724115
-0.16999983686924153,0.06075343878802373,-2.765429197496237,-1.4387838889790634,9503,160,-0.3434224473848415,0.2317662734061486,-2.9609188297212836,-2.098012219663584,4.124463288833145,-0.6433609471842434
-0.1684128126999148,0.06542319789330965,-2.7936407885720693,-1.4369571683758482,9503,161,-0.3917506061506681,0.2107764398936774,-2.9871103985880874,-2.081893315735778,4.091424908816038,-0.8232193614718185
-0.16578568865591065,0.07342131882340175,-2.844097349862288,-1.4288063388988295,9503,162,-0.386288890962149,0.17988345241506842,-2.982266808816845,-2.01214102794586,4.064614646061014,-1.02784053080941
-0.16205256940494292,0.08570168746102946,-2.9264821530713645,-1.4031434883537002,9503,163,-0.4756558055369614,0.17529428502872962,-2.9666062864895206,-1.833925071296153,3.835693559129084,-1.5411515246107756
-0.14129409372785934,0.10075181599474767,-2.9984718523194798,-1.5251224849252476,9503,164,-0.5896065505438419,-0.20970930652316078,-2.369087681513513,-1.209857920976347,3.9463197529540928,-0.683329112330001
-0.1212733881530479,0.10766296776993425,-3.0387291203595264,-1.6577618323309808,9503,165,-0.4068354432355434,-0.48026340606671747,-1.6240941100628803,-0.5103962974818236,3.2666306103327365,0.09976562889636656
-0.1069515100864609,0.11733327305707889,-3.125284161199428,-1.6959238926502198,9503,166,-0.31856823453429034,-0.35754231895958577,-1.5569345999389446,-0.004733969587072151,2.828738121912987,0.17946913174460533
-0.10094140201554376,0.11940140351231232,-3.1492923683285765,-1.7225636275998735,9503,167,-0.31677485139267675,-0.33334015305987763,-1.4425210067602967,0.13824775277395324,2.5328327003877353,0.2515120700708973
-0.10393703315753548,0.12133137500437163,-3.1616610992086756,-1.6847857501483496,9503,168,-0.3935019804539235,-0.3663073950758483,-1.6495305540104797,0.09398437555645017,2.9158255943194913,0.13613766611624284
-0.09833060573588552,0.11365067326447613,-3.10499007311096,-1.788292325627323,9503,169,-0.2295223637893922,-0.3087760243889769,-1.0591306019355975,0.19436311866037584,1.763788559814244,0.3098979584797407
-0.08214655655772152,0.10711779544406384,-3.084730846982516,-1.946881402198041,9503,170,-0.11655024874581213,-0.3459986544698424,-0.6167627228635071,0.33878994190198175,-0.052676619059141436,-0.30884091062346736
-0.06240078668062243,0.10416880574764661,-3.1323705642800395,-2.080617184307827,9503,171,-0.14941097729721567,-0.8340176054464575,-0.5201825938014607,0.2694375863975104,-1.2891353790192042,-1.1469373093108408
-0.059854006573734755,0.10989700514797024,-3.191383104072419,-2.0445784674992042,9503,172,-0.19786628483526086,-0.8638719817919497,-0.5159829451291578,0.2861197348204185,-0.9354426589038741,-1.0102647647757401
-0.05018091513368475,0.11539890242119001,-3.2833296926305553,-2.0377548800147283,9503,173,-0.2413608184093826,-1.0680515313935472,-0.5355904654477514,0.20965263697398132,-0.7995698731999276,-1.0166293420996433
-0.0469045474418321,0.1306945074804911,-3.4139949597798864,-1.9076483539793532,9503,174,-0.27920563387467395,-0.7591982684038122,-0.7346070412250523,0.5994915178673905,0.4539306053600534,-0.36439342600157365
-0.05254040478409385,0.14619070352032237,-3.5005727643260265,-1.7335902675512027,9503,175,-0.3266753999058304,-0.3389948411781589,-1.381558611127093,1.5032182766845354,2.3953412686247093,0.1774735714252098
-0.04448333720354977,0.15014524314601385,-3.564420367518491,-1.719877055459858,9503,176,-0.3240685529441695,-0.32126272316465004,-1.4263929311387207,1.8624506969124643,2.581858686840081,0.3071270450396094
-0.03359025323597438,0.15060630443283618,-3.620487473255962,-1.744919162649617,9503,177,-0.30258548275296987,-0.41753747834882454,-1.2253168704573494,1.9760269622172235,2.375036515144867,0.46264123840375304
-0.035542666491807595,0.15354892679834786,-3.6305636424941015,-1.7087139004842635,9503,178,-0.3196532159382445,-0.3653006776572472,-1.3340386754205436,2.2111293721857113,2.774578498584821,0.4975284056519138
-0.042013906869856774,0.15910654423464282,-3.638944409368907,-1.6305519939370985,9503,179,-0.4425111453348926,-0.28862665282800043,-1.6289175968219602,2.6264804069880023,3.440742448460459,0.43867851759833953
-0.04947315394566202,0.16282445563110787,-3.634778919471856,-1.5652617043409653,9503,180,-0.5481987682587692,-0.2974108833970135,-1.7975932525807825,2.823194504036856,3.858679290254263,0.21083966201475168
-0.055785682540965276,0.1647364766673583,-3.625662432493695,-1.5204226254913016,9503,181,-0.6685845273648057,-0.24220972041394398,-1.9047841275521353,2.859170789710282,3.9905564067323933,0.019828258040408858
-0.06534806157319123,0.17026968135218357,-3.638315795309672,-1.4152344735982803,9503,182,-0.9017968343656355,-0.2680063162017698,-1.8753395839174722,3.027901090959692,4.2360940689778666,-0.41131239887735643
-0.06162655654881676,0.1734516546049632,-3.6743230620958096,-1.3933629979778468,9503,183,-0.9374881640798639,-0.2531271641612145,-1.7624438027978562,3.2473257790992722,4.2573207626388525,-0.43681409907079244
-0.06086700749393571,0.1752077788389157,-3.6905258288793408,-1.3750147124482148,9503,184,-0.9614056738212894,-0.2473978492508274,-1.6895882017842367,3.3101705539115835,4.244313143999533,-0.4733725329446592
-0.0583109640633799,0.17298218719070624,-3.680711843573372,-1.4130946645498397,9503,185,-0.8990336528627138,-0.25597735699360474,-1.763158507238853,3.336665316126998,4.306774257596297,-0.3116332383962451
-0.04644885669211541,0.1684515877352469,-3.6880492116174937,-1.5105712566610852,9503,186,-0.662755997932975,-0.2845924715023019,-1.7580796347009637,3.337198512477237,4.183425237541512,0.1889407768242466
-0.04308993701851874,0.16386592446559234,-3.6682699796577016,-1.573963558714364,9503,187,-0.542330820926969,-0.28818751620254307,-1.7282023693634687,3.0142617194117687,3.8603562025316287,0.3513807917040754
-0.04946780684333495,0.17164086109033896,-3.70044714956338,-1.4626813435850938,9503,188,-0.7865391886302717,-0.25227795902759226,-1.754049212401234,3.4151347503672125,4.2650113623256765,0.00372590020111796
-0.04863960233007681,0.17578906747867357,-3.7349284486435326,-1.4150420913701323,9503,189,-0.8728572222481157,-0.2818984950694129,-1.6454391006135942,3.5573205402150165,4.281296620732336,-0.08352252119156683
-0.05570681383529552,0.17938768580375153,-3.739422151765801,-1.343739577382049,9503,190,-1.0088709060828076,-0.2616220416904216,-1.534824251718549,3.4592383601024013,4.198731410156187,-0.4163647892418984
-0.04679734030855809,0.17580957981802928,-3.7417563887067127,-1.420965544212168,9503,191,-0.869022604769519,-0.28604641178183976,-1.6448689344119092,3.6217644430847105,4.313476486805697,-0.0309178950181708
-0.04351464233152298,0.18487624266894814,-3.823471600385508,-1.3155063334801391,9503,192,-1.0196554678132366,-0.3098872836716731,-1.296489066168333,3.582826968254425,4.058703051120305,-0.10802107892810811
-0.030844419221802116,0.1906504221830218,-3.9163769616193256,-1.2712331807400792,9503,193,-1.0210820236190923,-0.35366583633099113,-0.9675213444974553,3.0912430763492402,3.6721707584493823,-0.042667121634371724
-0.023418209194962625,0.1896279082028984,-3.9395730048745676,-1.2998850514185192,9503,194,-0.9884612989163727,-0.3082313353047672,-0.959350134208672,3.296146284613751,3.8203237768750435,0.11381427872363678
-0.021025235186245023,0.19645650798356934,-4.002076857102579,-1.2073912030849974,9503,195,-1.0073017737783463,-0.3258942111383102,-0.6526456627801239,2.2400312856736644,2.984774368490185,0.08886664057314858
-0.012031180960523136,0.19386030000944865,-4.022579540634619,-1.2556556935190535,9503,196,-1.0142640120254278,-0.2998172194525814,-0.7162797582276218,2.684736601790294,3.3453049272603717,0.1467275921857929
-0.0065002429654162225,0.19588219633345047,-4.063959603417,-1.2305141996771616,9503,197,-1.0110012831599366,-0.3680983990559642,-0.6131922297064163,2.2519891546725104,3.043235188064393,0.12779836382241855
-0.001412841298790879,0.197692755199647,-4.102423870208807,-1.2056371599444589,9503,198,-0.9788204326282456,-0.40105550404934004,-0.45945693948130684,1.8117207875750254,2.7107872313207313,0.13063234262668388
-0.0034471187607677534,0.19778204109476447,-4.0929836132814374,-1.2039565101684007,9503,199,-0.9730770633989648,-0.4187301525863193,-0.49478400903341213,1.8894715828239745,2.7539188742291785,0.13548059343969515
-0.005960198157086219,0.19569513420171486,-4.065212535220257,-1.2334586191394703,9503,200,-1.0231598627764629,-0.3719861978648125,-0.6194727868910064,2.294621037620067,3.0825502039345696,0.14169125796096993
