arm,space,x,y,label,class
align,projector,0.0024,0.0006,0,tench
align,projector,-0.0012,-0.0003,0,tench
align,projector,-0.0040,-0.0008,0,tench
align,projector,-0.0015,-0.0005,0,tench
align,projector,0.0067,0.0001,0,tench
align,projector,-0.0003,-0.0000,0,tench
align,projector,-0.0002,-0.0001,0,tench
align,projector,-0.0015,-0.0006,0,tench
align,projector,0.0060,-0.0001,0,tench
align,projector,-0.0015,-0.0005,0,tench
align,projector,0.0001,0.0002,0,tench
align,projector,-0.0008,-0.0002,0,tench
align,projector,-0.0009,-0.0003,0,tench
align,projector,-0.0004,-0.0002,0,tench
align,projector,0.0022,0.0003,0,tench
align,projector,-0.0010,-0.0002,0,tench
align,projector,0.0020,0.0003,0,tench
align,projector,-0.0027,-0.0003,0,tench
align,projector,-0.0014,-0.0003,0,tench
align,projector,-0.0012,-0.0003,0,tench
align,projector,0.0031,0.0002,0,tench
align,projector,-0.0013,-0.0003,0,tench
align,projector,-0.0012,-0.0003,0,tench
align,projector,0.0061,0.0000,0,tench
align,projector,-0.0014,-0.0003,0,tench
align,projector,-0.0001,0.0000,0,tench
align,projector,-0.0013,-0.0003,0,tench
align,projector,-0.0002,0.0001,0,tench
align,projector,-0.0012,-0.0004,0,tench
align,projector,-0.0017,-0.0005,0,tench
align,projector,0.0019,0.0002,0,tench
align,projector,-0.0014,-0.0003,0,tench
align,projector,-0.0002,-0.0000,0,tench
align,projector,-0.0002,0.0001,0,tench
align,projector,0.0051,0.0003,0,tench
align,projector,-0.0009,-0.0001,0,tench
align,projector,0.0062,0.0002,0,tench
align,projector,-0.0003,0.0000,0,tench
align,projector,-0.0004,-0.0001,0,tench
align,projector,-0.0002,-0.0001,0,tench
align,projector,-0.0009,-0.0003,0,tench
align,projector,-0.0011,-0.0002,0,tench
align,projector,0.0006,0.0005,0,tench
align,projector,-0.0001,-0.0000,0,tench
align,projector,-0.0018,-0.0006,0,tench
align,projector,0.0006,0.0003,0,tench
align,projector,-0.0003,-0.0001,0,tench
align,projector,-0.0007,-0.0005,0,tench
align,projector,-0.0002,-0.0000,0,tench
align,projector,0.0061,0.0000,0,tench
align,projector,0.0032,0.0005,0,tench
align,projector,0.0040,0.0002,0,tench
align,projector,-0.0007,-0.0004,0,tench
align,projector,-0.0010,-0.0000,0,tench
align,projector,0.0001,0.0001,0,tench
align,projector,-0.0006,-0.0000,0,tench
align,projector,0.0002,-0.0000,0,tench
align,projector,-0.0004,0.0001,0,tench
align,projector,-0.0022,-0.0006,0,tench
align,projector,-0.0030,-0.0006,0,tench
align,projector,-0.0019,-0.0006,0,tench
align,projector,-0.0010,-0.0004,0,tench
align,projector,-0.0038,-0.0005,0,tench
align,projector,-0.0012,-0.0003,0,tench
align,projector,-0.0017,-0.0005,0,tench
align,projector,0.0002,-0.0002,0,tench
align,projector,-0.0004,-0.0000,0,tench
align,projector,-0.0006,-0.0000,0,tench
align,projector,-0.0011,-0.0003,0,tench
align,projector,-0.0009,-0.0001,0,tench
align,projector,0.0006,0.0002,0,tench
align,projector,0.0050,0.0003,0,tench
align,projector,0.0012,0.0002,0,tench
align,projector,-0.0008,-0.0004,0,tench
align,projector,-0.0037,-0.0002,0,tench
align,projector,-0.0009,-0.0001,0,tench
align,projector,-0.0008,-0.0004,0,tench
align,projector,-0.0010,-0.0002,0,tench
align,projector,-0.0012,-0.0002,0,tench
align,projector,-0.0003,-0.0002,0,tench
align,projector,-0.0005,0.0001,0,tench
align,projector,-0.0010,-0.0001,0,tench
align,projector,0.0010,0.0002,0,tench
align,projector,-0.0005,-0.0001,0,tench
align,projector,0.0020,0.0003,0,tench
align,projector,-0.0010,-0.0003,0,tench
align,projector,0.0016,0.0005,0,tench
align,projector,-0.0005,-0.0002,0,tench
align,projector,0.0003,0.0002,0,tench
align,projector,0.0000,-0.0002,0,tench
align,projector,-0.0026,-0.0003,0,tench
align,projector,-0.0010,-0.0001,0,tench
align,projector,-0.0006,-0.0004,0,tench
align,projector,-0.0011,-0.0002,0,tench
align,projector,-0.0037,-0.0003,0,tench
align,projector,-0.0014,-0.0005,0,tench
align,projector,-0.0003,0.0001,0,tench
align,projector,0.0010,0.0002,0,tench
align,projector,0.0001,0.0001,0,tench
align,projector,0.0065,0.0001,0,tench
align,projector,-0.0007,-0.0004,0,tench
align,projector,0.0027,0.0005,0,tench
align,projector,0.0045,-0.0001,0,tench
align,projector,-0.0011,-0.0003,0,tench
align,projector,0.0016,0.0005,0,tench
align,projector,-0.0009,-0.0000,0,tench
align,projector,0.0015,0.0003,0,tench
align,projector,-0.0012,-0.0000,0,tench
align,projector,0.0021,0.0005,0,tench
align,projector,0.0043,0.0001,0,tench
align,projector,-0.0036,-0.0005,0,tench
align,projector,-0.0010,-0.0004,0,tench
align,projector,-0.0003,0.0002,0,tench
align,projector,-0.0003,-0.0000,0,tench
align,projector,0.0004,0.0002,0,tench
align,projector,-0.0009,-0.0003,0,tench
align,projector,-0.0013,-0.0003,0,tench
align,projector,-0.0009,-0.0001,0,tench
align,projector,-0.0002,-0.0000,0,tench
align,projector,-0.0003,0.0000,0,tench
align,projector,0.0071,0.0004,0,tench
align,projector,-0.0003,-0.0001,0,tench
align,projector,0.0006,0.0003,0,tench
align,projector,-0.0002,-0.0000,0,tench
align,projector,0.0044,0.0002,0,tench
align,projector,0.0058,0.0001,0,tench
align,projector,-0.0011,-0.0002,0,tench
align,projector,0.0049,0.0002,0,tench
align,projector,-0.0032,-0.0003,0,tench
align,projector,0.0002,0.0000,0,tench
align,projector,-0.0009,-0.0004,0,tench
align,projector,-0.0031,-0.0002,0,tench
align,projector,-0.0022,-0.0006,0,tench
align,projector,0.0003,0.0001,0,tench
align,projector,-0.0012,-0.0001,0,tench
align,projector,0.0009,-0.0001,0,tench
align,projector,0.0015,0.0001,0,tench
align,projector,-0.0006,-0.0000,0,tench
align,projector,-0.0007,-0.0004,0,tench
align,projector,0.0004,0.0003,0,tench
align,projector,-0.0010,-0.0001,0,tench
align,projector,-0.0000,-0.0001,0,tench
align,projector,-0.0002,-0.0001,0,tench
align,projector,-0.0015,-0.0006,0,tench
align,projector,0.0030,0.0004,0,tench
align,projector,-0.0003,-0.0002,0,tench
align,projector,-0.0008,-0.0003,0,tench
align,projector,0.0003,-0.0001,0,tench
align,projector,-0.0003,0.0002,0,tench
align,projector,-0.0001,0.0002,0,tench
align,projector,-0.0011,-0.0003,0,tench
align,projector,-0.0014,-0.0004,0,tench
align,projector,-0.0005,-0.0002,0,tench
align,projector,-0.0007,-0.0003,0,tench
align,projector,0.0005,0.0003,0,tench
align,projector,-0.0009,-0.0002,0,tench
align,projector,-0.0015,-0.0004,0,tench
align,projector,-0.0007,-0.0004,0,tench
align,projector,-0.0010,-0.0001,0,tench
align,projector,0.0005,0.0004,0,tench
align,projector,-0.0021,-0.0009,0,tench
align,projector,-0.0027,-0.0004,0,tench
align,projector,0.0024,0.0006,0,tench
align,projector,0.0024,0.0003,0,tench
align,projector,-0.0009,-0.0003,0,tench
align,projector,-0.0009,-0.0003,0,tench
align,projector,-0.0001,-0.0000,0,tench
align,projector,-0.0001,0.0003,0,tench
align,projector,-0.0003,-0.0002,0,tench
align,projector,-0.0008,-0.0003,0,tench
align,projector,-0.0003,-0.0000,0,tench
align,projector,0.0005,0.0003,0,tench
align,projector,-0.0003,-0.0001,0,tench
align,projector,-0.0004,-0.0002,0,tench
align,projector,-0.0036,-0.0005,0,tench
align,projector,-0.0014,-0.0006,0,tench
align,projector,-0.0010,-0.0002,0,tench
align,projector,0.0062,-0.0000,0,tench
align,projector,-0.0008,-0.0004,0,tench
align,projector,0.0002,0.0004,0,tench
align,projector,-0.0016,-0.0003,0,tench
align,projector,-0.0003,-0.0001,0,tench
align,projector,0.0039,0.0005,0,tench
align,projector,-0.0006,-0.0003,0,tench
align,projector,-0.0010,-0.0003,0,tench
align,projector,-0.0014,-0.0007,0,tench
align,projector,-0.0010,-0.0003,0,tench
align,projector,-0.0005,-0.0000,0,tench
align,projector,-0.0008,-0.0004,0,tench
align,projector,-0.0004,-0.0000,0,tench
align,projector,-0.0022,-0.0005,0,tench
align,projector,0.0015,0.0005,0,tench
align,projector,0.0000,-0.0001,0,tench
align,projector,0.0050,0.0001,0,tench
align,projector,-0.0010,-0.0004,0,tench
align,projector,-0.0003,0.0000,0,tench
align,projector,-0.0022,-0.0006,0,tench
align,projector,-0.0005,-0.0004,0,tench
align,projector,-0.0022,-0.0005,0,tench
align,projector,-0.0013,-0.0003,0,tench
align,projector,-0.0011,-0.0003,0,tench
align,projector,0.0054,-0.0000,0,tench
align,projector,0.0033,0.0006,0,tench
align,projector,-0.0003,-0.0001,0,tench
align,projector,0.0008,0.0005,0,tench
align,projector,-0.0008,-0.0001,0,tench
align,projector,-0.0007,-0.0002,0,tench
align,projector,-0.0012,-0.0003,0,tench
align,projector,-0.0040,-0.0004,0,tench
align,projector,-0.0011,-0.0003,0,tench
align,projector,-0.0012,-0.0003,0,tench
align,projector,-0.0009,-0.0003,0,tench
align,projector,0.0000,0.0000,0,tench
align,projector,-0.0013,-0.0003,0,tench
align,projector,0.0003,0.0003,0,tench
align,projector,0.0021,0.0004,0,tench
align,projector,-0.0033,-0.0004,0,tench
align,projector,-0.0005,-0.0002,0,tench
align,projector,-0.0008,-0.0003,0,tench
align,projector,0.0058,-0.0004,0,tench
align,projector,-0.0005,-0.0001,0,tench
align,projector,-0.0005,-0.0001,0,tench
align,projector,0.0075,0.0003,0,tench
align,projector,-0.0024,-0.0004,0,tench
align,projector,0.0046,0.0003,0,tench
align,projector,-0.0007,-0.0002,0,tench
align,projector,-0.0003,-0.0001,0,tench
align,projector,-0.0013,-0.0001,0,tench
align,projector,-0.0001,0.0000,0,tench
align,projector,-0.0015,-0.0005,0,tench
align,projector,0.0010,0.0003,0,tench
align,projector,-0.0008,-0.0004,0,tench
align,projector,0.0001,-0.0001,0,tench
align,projector,-0.0013,-0.0003,0,tench
align,projector,0.0022,0.0001,0,tench
align,projector,-0.0008,-0.0000,0,tench
align,projector,-0.0015,-0.0005,0,tench
align,projector,-0.0003,-0.0002,0,tench
align,projector,-0.0013,-0.0001,0,tench
align,projector,-0.0014,-0.0006,0,tench
align,projector,0.0008,-0.0000,0,tench
align,projector,-0.0003,-0.0001,0,tench
align,projector,-0.0010,-0.0002,0,tench
align,projector,-0.0013,-0.0002,0,tench
align,projector,-0.0008,-0.0002,0,tench
align,projector,0.0039,0.0001,0,tench
align,projector,-0.0004,-0.0001,0,tench
align,projector,-0.0011,-0.0003,0,tench
align,projector,-0.0002,-0.0000,0,tench
align,projector,-0.0011,-0.0003,0,tench
align,projector,-0.0012,-0.0001,0,tench
align,projector,-0.0002,-0.0000,0,tench
align,projector,0.0056,0.0000,0,tench
align,projector,-0.0000,0.0001,0,tench
align,projector,-0.0003,-0.0001,0,tench
align,projector,-0.0004,-0.0001,0,tench
align,projector,0.0000,0.0000,0,tench
align,projector,-0.0016,-0.0005,0,tench
align,projector,-0.0011,-0.0003,0,tench
align,projector,-0.0001,-0.0001,0,tench
align,projector,-0.0014,-0.0006,0,tench
align,projector,0.0021,0.0003,0,tench
align,projector,-0.0010,-0.0001,0,tench
align,projector,0.0057,0.0002,0,tench
align,projector,-0.0007,-0.0003,0,tench
align,projector,-0.0009,-0.0002,0,tench
align,projector,0.0020,0.0002,0,tench
align,projector,-0.0006,-0.0001,0,tench
align,projector,-0.0003,-0.0002,0,tench
align,projector,-0.0044,-0.0006,0,tench
align,projector,-0.0009,-0.0003,0,tench
align,projector,-0.0006,-0.0001,0,tench
align,projector,-0.0024,-0.0003,0,tench
align,projector,0.0038,0.0002,0,tench
align,projector,-0.0006,-0.0003,0,tench
align,projector,0.0060,0.0001,0,tench
align,projector,0.0001,0.0000,0,tench
align,projector,0.0011,0.0002,0,tench
align,projector,-0.0012,-0.0003,0,tench
align,projector,-0.0000,-0.0001,0,tench
align,projector,0.0002,0.0000,0,tench
align,projector,0.0004,0.0003,0,tench
align,projector,0.0061,0.0000,0,tench
align,projector,-0.0010,-0.0002,0,tench
align,projector,0.0029,0.0003,0,tench
align,projector,0.0027,0.0005,0,tench
align,projector,0.0003,0.0004,0,tench
align,projector,0.0023,0.0004,0,tench
align,projector,-0.0009,-0.0003,0,tench
align,projector,-0.0002,-0.0002,0,tench
align,projector,-0.0007,-0.0004,0,tench
align,projector,-0.0012,-0.0003,0,tench
align,projector,-0.0007,-0.0003,0,tench
align,projector,-0.0007,-0.0003,0,tench
align,projector,-0.0011,0.0000,0,tench
align,projector,-0.0006,-0.0001,0,tench
align,projector,-0.0002,0.0002,0,tench
align,projector,0.0067,0.0001,0,tench
align,projector,0.0053,-0.0001,0,tench
align,projector,-0.0005,-0.0002,0,tench
align,projector,-0.0008,-0.0003,0,tench
align,projector,-0.0037,-0.0007,0,tench
align,projector,0.0001,-0.0000,0,tench
align,projector,-0.0010,-0.0003,0,tench
align,projector,-0.0009,-0.0003,0,tench
align,projector,-0.0011,-0.0003,0,tench
align,projector,-0.0002,-0.0002,0,tench
align,projector,-0.0015,-0.0005,0,tench
align,projector,-0.0023,-0.0003,0,tench
align,projector,-0.0015,-0.0006,0,tench
align,projector,0.0051,0.0000,0,tench
align,projector,0.0014,0.0006,0,tench
align,projector,0.0054,-0.0001,0,tench
align,projector,0.0001,0.0003,0,tench
align,projector,0.0015,0.0006,0,tench
align,projector,-0.0012,0.0001,0,tench
align,projector,0.0072,0.0001,0,tench
align,projector,-0.0011,-0.0002,0,tench
align,projector,-0.0002,-0.0001,0,tench
align,projector,-0.0014,-0.0006,0,tench
align,projector,0.0001,0.0001,0,tench
align,projector,0.0067,0.0003,0,tench
align,projector,-0.0003,-0.0001,0,tench
align,projector,0.0005,0.0001,0,tench
align,projector,-0.0015,-0.0006,0,tench
align,projector,-0.0006,-0.0001,0,tench
align,projector,-0.0015,-0.0004,0,tench
align,projector,0.0006,0.0003,0,tench
align,projector,0.0013,0.0005,0,tench
align,projector,-0.0024,-0.0005,0,tench
align,projector,0.0035,0.0005,0,tench
align,projector,0.0080,-0.0002,0,tench
align,projector,0.0062,0.0004,0,tench
align,projector,0.0002,0.0001,0,tench
align,projector,-0.0001,-0.0000,0,tench
align,projector,-0.0009,-0.0004,0,tench
align,projector,-0.0007,-0.0003,0,tench
align,projector,-0.0040,-0.0007,0,tench
align,projector,-0.0007,-0.0005,0,tench
align,projector,0.0013,0.0003,0,tench
align,projector,0.0014,0.0002,0,tench
align,projector,-0.0002,-0.0001,0,tench
align,projector,-0.0002,-0.0001,0,tench
align,projector,0.0036,0.0002,0,tench
align,projector,-0.0016,-0.0005,0,tench
align,projector,-0.0004,-0.0000,0,tench
align,projector,-0.0014,0.0000,0,tench
align,projector,0.0008,0.0007,0,tench
align,projector,-0.0004,-0.0003,0,tench
align,projector,-0.0005,-0.0001,0,tench
align,projector,0.0071,0.0005,0,tench
align,projector,0.0074,0.0002,0,tench
align,projector,-0.0010,-0.0004,0,tench
align,projector,-0.0002,0.0001,0,tench
align,projector,-0.0017,-0.0005,0,tench
align,projector,0.0006,0.0003,0,tench
align,projector,-0.0002,-0.0000,0,tench
align,projector,-0.0004,-0.0001,0,tench
align,projector,-0.0002,-0.0001,0,tench
align,projector,-0.0018,-0.0005,0,tench
align,projector,0.0013,0.0005,0,tench
align,projector,-0.0023,-0.0004,0,tench
align,projector,-0.0012,-0.0003,0,tench
align,projector,-0.0013,-0.0001,0,tench
align,projector,-0.0007,-0.0001,0,tench
align,projector,-0.0014,-0.0002,0,tench
align,projector,0.0000,-0.0001,0,tench
align,projector,0.0039,0.0002,0,tench
align,projector,0.0068,0.0003,0,tench
align,projector,0.0037,0.0003,0,tench
align,projector,-0.0016,-0.0006,0,tench
align,projector,0.0042,0.0004,0,tench
align,projector,-0.0036,-0.0007,0,tench
align,projector,-0.0013,-0.0002,0,tench
align,projector,-0.0011,-0.0002,0,tench
align,projector,-0.0039,-0.0006,0,tench
align,projector,-0.0037,-0.0004,0,tench
align,projector,0.0016,0.0004,0,tench
align,projector,-0.0008,-0.0004,0,tench
align,projector,0.0021,0.0004,0,tench
align,projector,0.0010,0.0005,0,tench
align,projector,0.0018,0.0002,0,tench
align,projector,-0.0010,-0.0003,0,tench
align,projector,-0.0005,0.0000,0,tench
align,projector,-0.0016,-0.0006,0,tench
align,projector,-0.0012,-0.0003,0,tench
align,projector,0.0032,0.0005,0,tench
align,projector,0.0036,0.0002,1,springer
align,projector,0.0012,0.0002,1,springer
align,projector,0.0001,-0.0001,1,springer
align,projector,-0.0016,-0.0007,1,springer
align,projector,0.0017,0.0001,1,springer
align,projector,-0.0000,0.0002,1,springer
align,projector,-0.0007,-0.0003,1,springer
align,projector,-0.0039,-0.0004,1,springer
align,projector,-0.0004,-0.0002,1,springer
align,projector,-0.0008,-0.0003,1,springer
align,projector,-0.0008,-0.0004,1,springer
align,projector,-0.0000,-0.0001,1,springer
align,projector,-0.0011,-0.0002,1,springer
align,projector,-0.0012,-0.0004,1,springer
align,projector,0.0046,0.0002,1,springer
align,projector,0.0038,0.0006,1,springer
align,projector,-0.0031,-0.0003,1,springer
align,projector,0.0018,0.0006,1,springer
align,projector,-0.0037,-0.0003,1,springer
align,projector,-0.0004,-0.0000,1,springer
align,projector,-0.0002,-0.0002,1,springer
align,projector,-0.0011,-0.0002,1,springer
align,projector,-0.0022,-0.0004,1,springer
align,projector,-0.0002,-0.0000,1,springer
align,projector,-0.0040,-0.0007,1,springer
align,projector,0.0054,0.0000,1,springer
align,projector,-0.0009,-0.0003,1,springer
align,projector,-0.0013,0.0000,1,springer
align,projector,0.0075,0.0004,1,springer
align,projector,-0.0003,-0.0000,1,springer
align,projector,-0.0006,0.0001,1,springer
align,projector,-0.0005,0.0000,1,springer
align,projector,-0.0014,-0.0003,1,springer
align,projector,-0.0010,-0.0002,1,springer
align,projector,0.0008,0.0001,1,springer
align,projector,-0.0016,-0.0005,1,springer
align,projector,0.0064,0.0001,1,springer
align,projector,-0.0001,-0.0000,1,springer
align,projector,-0.0003,-0.0000,1,springer
align,projector,-0.0007,-0.0003,1,springer
align,projector,-0.0004,-0.0000,1,springer
align,projector,-0.0013,-0.0002,1,springer
align,projector,-0.0033,-0.0001,1,springer
align,projector,0.0041,0.0005,1,springer
align,projector,-0.0014,-0.0005,1,springer
align,projector,0.0029,0.0003,1,springer
align,projector,0.0001,-0.0001,1,springer
align,projector,0.0069,0.0001,1,springer
align,projector,-0.0008,0.0000,1,springer
align,projector,0.0000,0.0000,1,springer
align,projector,-0.0012,-0.0003,1,springer
align,projector,-0.0003,-0.0001,1,springer
align,projector,-0.0006,-0.0000,1,springer
align,projector,0.0004,0.0004,1,springer
align,projector,0.0063,0.0003,1,springer
align,projector,-0.0006,-0.0001,1,springer
align,projector,-0.0015,-0.0008,1,springer
align,projector,-0.0002,-0.0001,1,springer
align,projector,-0.0019,-0.0006,1,springer
align,projector,0.0040,0.0002,1,springer
align,projector,-0.0007,-0.0004,1,springer
align,projector,-0.0007,-0.0001,1,springer
align,projector,-0.0014,-0.0004,1,springer
align,projector,-0.0038,-0.0005,1,springer
align,projector,0.0059,0.0005,1,springer
align,projector,-0.0037,-0.0007,1,springer
align,projector,-0.0005,0.0001,1,springer
align,projector,-0.0004,0.0001,1,springer
align,projector,0.0020,0.0003,1,springer
align,projector,-0.0009,-0.0001,1,springer
align,projector,-0.0004,-0.0000,1,springer
align,projector,-0.0001,0.0001,1,springer
align,projector,-0.0004,0.0000,1,springer
align,projector,0.0058,-0.0001,1,springer
align,projector,-0.0006,0.0001,1,springer
align,projector,-0.0007,-0.0002,1,springer
align,projector,-0.0010,-0.0002,1,springer
align,projector,0.0055,0.0004,1,springer
align,projector,0.0000,0.0001,1,springer
align,projector,0.0059,-0.0001,1,springer
align,projector,-0.0011,-0.0001,1,springer
align,projector,-0.0042,0.0002,1,springer
align,projector,0.0003,-0.0001,1,springer
align,projector,0.0017,0.0003,1,springer
align,projector,-0.0038,-0.0003,1,springer
align,projector,-0.0012,-0.0003,1,springer
align,projector,0.0035,0.0003,1,springer
align,projector,-0.0004,0.0001,1,springer
align,projector,-0.0010,-0.0001,1,springer
align,projector,-0.0015,-0.0008,1,springer
align,projector,-0.0002,0.0003,1,springer
align,projector,-0.0012,-0.0006,1,springer
align,projector,-0.0039,-0.0005,1,springer
align,projector,-0.0039,-0.0003,1,springer
align,projector,0.0037,0.0003,1,springer
align,projector,-0.0012,-0.0003,1,springer
align,projector,-0.0004,-0.0001,1,springer
align,projector,-0.0001,-0.0002,1,springer
align,projector,-0.0003,-0.0001,1,springer
align,projector,0.0001,-0.0000,1,springer
align,projector,-0.0044,0.0002,1,springer
align,projector,0.0054,-0.0001,1,springer
align,projector,-0.0014,-0.0005,1,springer
align,projector,-0.0023,-0.0005,1,springer
align,projector,-0.0007,-0.0005,1,springer
align,projector,-0.0014,-0.0005,1,springer
align,projector,-0.0009,-0.0002,1,springer
align,projector,-0.0043,0.0003,1,springer
align,projector,-0.0038,-0.0000,1,springer
align,projector,-0.0005,-0.0001,1,springer
align,projector,-0.0012,-0.0000,1,springer
align,projector,-0.0005,-0.0000,1,springer
align,projector,-0.0010,0.0000,1,springer
align,projector,-0.0015,-0.0006,1,springer
align,projector,-0.0007,-0.0001,1,springer
align,projector,-0.0009,-0.0003,1,springer
align,projector,0.0039,0.0004,1,springer
align,projector,-0.0012,-0.0003,1,springer
align,projector,-0.0007,0.0002,1,springer
align,projector,-0.0007,-0.0003,1,springer
align,projector,-0.0006,-0.0000,1,springer
align,projector,-0.0006,-0.0000,1,springer
align,projector,-0.0009,-0.0003,1,springer
align,projector,0.0069,0.0001,1,springer
align,projector,0.0052,0.0000,1,springer
align,projector,-0.0014,-0.0007,1,springer
align,projector,0.0038,0.0004,1,springer
align,projector,-0.0037,0.0000,1,springer
align,projector,-0.0009,-0.0003,1,springer
align,projector,0.0005,0.0004,1,springer
align,projector,-0.0005,0.0001,1,springer
align,projector,-0.0041,0.0011,1,springer
align,projector,0.0064,0.0002,1,springer
align,projector,-0.0007,-0.0005,1,springer
align,projector,-0.0011,-0.0001,1,springer
align,projector,-0.0001,-0.0001,1,springer
align,projector,-0.0012,-0.0002,1,springer
align,projector,-0.0005,-0.0003,1,springer
align,projector,0.0006,0.0004,1,springer
align,projector,-0.0006,-0.0002,1,springer
align,projector,-0.0004,0.0000,1,springer
align,projector,0.0001,-0.0001,1,springer
align,projector,0.0034,0.0003,1,springer
align,projector,-0.0014,-0.0001,1,springer
align,projector,-0.0016,-0.0004,1,springer
align,projector,-0.0026,-0.0002,1,springer
align,projector,-0.0001,0.0002,1,springer
align,projector,0.0013,0.0004,1,springer
align,projector,-0.0007,-0.0003,1,springer
align,projector,0.0005,0.0003,1,springer
align,projector,-0.0003,-0.0001,1,springer
align,projector,-0.0008,0.0001,1,springer
align,projector,0.0077,-0.0001,1,springer
align,projector,-0.0038,0.0016,1,springer
align,projector,-0.0010,-0.0003,1,springer
align,projector,-0.0001,-0.0001,1,springer
align,projector,-0.0008,-0.0004,1,springer
align,projector,0.0049,0.0001,1,springer
align,projector,-0.0012,-0.0001,1,springer
align,projector,-0.0017,-0.0004,1,springer
align,projector,0.0084,-0.0004,1,springer
align,projector,-0.0010,-0.0002,1,springer
align,projector,-0.0011,-0.0000,1,springer
align,projector,-0.0003,-0.0001,1,springer
align,projector,-0.0009,-0.0003,1,springer
align,projector,0.0021,0.0006,1,springer
align,projector,0.0022,0.0003,1,springer
align,projector,-0.0008,-0.0001,1,springer
align,projector,0.0006,0.0004,1,springer
align,projector,-0.0013,-0.0004,1,springer
align,projector,-0.0043,-0.0002,1,springer
align,projector,-0.0015,-0.0006,1,springer
align,projector,-0.0003,0.0001,1,springer
align,projector,-0.0012,-0.0004,1,springer
align,projector,-0.0011,-0.0002,1,springer
align,projector,-0.0016,-0.0005,1,springer
align,projector,-0.0003,-0.0000,1,springer
align,projector,-0.0005,-0.0001,1,springer
align,projector,0.0058,0.0000,1,springer
align,projector,-0.0001,0.0000,1,springer
align,projector,-0.0028,-0.0004,1,springer
align,projector,0.0021,0.0005,1,springer
align,projector,-0.0003,-0.0001,1,springer
align,projector,0.0036,0.0003,1,springer
align,projector,0.0003,0.0003,1,springer
align,projector,0.0002,0.0002,1,springer
align,projector,0.0055,-0.0003,1,springer
align,projector,-0.0009,-0.0003,1,springer
align,projector,-0.0006,-0.0002,1,springer
align,projector,-0.0032,-0.0002,1,springer
align,projector,0.0012,0.0001,1,springer
align,projector,0.0068,0.0002,1,springer
align,projector,-0.0004,-0.0000,1,springer
align,projector,0.0026,0.0004,1,springer
align,projector,-0.0019,-0.0006,1,springer
align,projector,-0.0006,-0.0004,1,springer
align,projector,-0.0014,-0.0004,1,springer
align,projector,0.0034,0.0007,1,springer
align,projector,0.0013,0.0003,1,springer
align,projector,0.0055,0.0003,1,springer
align,projector,-0.0008,-0.0001,1,springer
align,projector,-0.0010,-0.0001,1,springer
align,projector,0.0004,0.0002,1,springer
align,projector,-0.0007,-0.0003,1,springer
align,projector,0.0006,-0.0001,1,springer
align,projector,-0.0031,-0.0002,1,springer
align,projector,-0.0045,0.0001,1,springer
align,projector,0.0008,0.0003,1,springer
align,projector,-0.0012,-0.0001,1,springer
align,projector,-0.0009,-0.0003,1,springer
align,projector,-0.0009,-0.0003,1,springer
align,projector,-0.0001,-0.0001,1,springer
align,projector,-0.0010,-0.0003,1,springer
align,projector,-0.0016,-0.0004,1,springer
align,projector,-0.0004,-0.0001,1,springer
align,projector,-0.0016,-0.0007,1,springer
align,projector,0.0008,-0.0001,1,springer
align,projector,-0.0002,0.0000,1,springer
align,projector,-0.0006,-0.0001,1,springer
align,projector,0.0014,0.0004,1,springer
align,projector,0.0028,0.0004,1,springer
align,projector,-0.0013,-0.0001,1,springer
align,projector,-0.0023,-0.0006,1,springer
align,projector,-0.0005,-0.0001,1,springer
align,projector,-0.0004,-0.0001,1,springer
align,projector,0.0061,0.0001,1,springer
align,projector,-0.0031,-0.0002,1,springer
align,projector,-0.0006,-0.0003,1,springer
align,projector,-0.0008,-0.0003,1,springer
align,projector,-0.0021,-0.0005,1,springer
align,projector,0.0001,0.0002,1,springer
align,projector,0.0010,0.0001,1,springer
align,projector,-0.0002,-0.0002,1,springer
align,projector,-0.0016,-0.0005,1,springer
align,projector,-0.0012,-0.0003,1,springer
align,projector,0.0002,-0.0001,1,springer
align,projector,-0.0003,0.0000,1,springer
align,projector,-0.0010,-0.0002,1,springer
align,projector,-0.0017,-0.0005,1,springer
align,projector,-0.0015,-0.0005,1,springer
align,projector,-0.0005,0.0001,1,springer
align,projector,-0.0037,-0.0002,1,springer
align,projector,-0.0004,-0.0001,1,springer
align,projector,-0.0002,0.0003,1,springer
align,projector,0.0023,0.0004,1,springer
align,projector,-0.0035,-0.0004,1,springer
align,projector,-0.0013,-0.0002,1,springer
align,projector,-0.0017,-0.0005,1,springer
align,projector,-0.0008,-0.0001,1,springer
align,projector,-0.0011,-0.0003,1,springer
align,projector,0.0001,-0.0000,1,springer
align,projector,-0.0012,-0.0001,1,springer
align,projector,-0.0007,-0.0003,1,springer
align,projector,-0.0012,-0.0002,1,springer
align,projector,-0.0003,-0.0000,1,springer
align,projector,-0.0045,0.0003,1,springer
align,projector,-0.0002,-0.0001,1,springer
align,projector,-0.0015,-0.0005,1,springer
align,projector,-0.0004,-0.0000,1,springer
align,projector,-0.0008,-0.0002,1,springer
align,projector,0.0015,0.0004,1,springer
align,projector,-0.0036,-0.0003,1,springer
align,projector,-0.0001,-0.0001,1,springer
align,projector,-0.0015,-0.0004,1,springer
align,projector,-0.0009,-0.0003,1,springer
align,projector,-0.0012,-0.0003,1,springer
align,projector,0.0011,0.0002,1,springer
align,projector,-0.0001,-0.0001,1,springer
align,projector,-0.0024,-0.0006,1,springer
align,projector,-0.0041,0.0003,1,springer
align,projector,-0.0011,-0.0003,1,springer
align,projector,0.0050,0.0002,1,springer
align,projector,-0.0012,-0.0006,1,springer
align,projector,0.0001,0.0001,1,springer
align,projector,0.0002,-0.0000,1,springer
align,projector,-0.0012,-0.0003,1,springer
align,projector,-0.0012,-0.0002,1,springer
align,projector,0.0001,0.0001,1,springer
align,projector,0.0064,0.0003,1,springer
align,projector,-0.0042,-0.0000,1,springer
align,projector,0.0011,0.0002,1,springer
align,projector,0.0013,0.0005,1,springer
align,projector,-0.0037,-0.0008,1,springer
align,projector,-0.0003,-0.0001,1,springer
align,projector,-0.0037,-0.0003,1,springer
align,projector,-0.0021,-0.0005,1,springer
align,projector,-0.0008,-0.0001,1,springer
align,projector,-0.0042,-0.0004,1,springer
align,projector,-0.0013,-0.0001,1,springer
align,projector,-0.0009,-0.0002,1,springer
align,projector,-0.0013,-0.0003,1,springer
align,projector,0.0029,0.0003,1,springer
align,projector,-0.0042,0.0005,1,springer
align,projector,-0.0006,0.0001,1,springer
align,projector,-0.0020,-0.0006,1,springer
align,projector,0.0021,0.0004,1,springer
align,projector,-0.0038,-0.0008,1,springer
align,projector,-0.0014,-0.0005,1,springer
align,projector,0.0053,-0.0000,1,springer
align,projector,-0.0010,-0.0004,1,springer
align,projector,-0.0009,-0.0000,1,springer
align,projector,0.0041,0.0006,1,springer
align,projector,-0.0010,-0.0003,1,springer
align,projector,-0.0014,-0.0004,1,springer
align,projector,0.0002,0.0002,1,springer
align,projector,-0.0001,0.0003,1,springer
align,projector,-0.0004,-0.0001,1,springer
align,projector,-0.0032,-0.0005,1,springer
align,projector,0.0002,0.0001,1,springer
align,projector,-0.0016,-0.0004,1,springer
align,projector,0.0066,0.0002,1,springer
align,projector,-0.0032,-0.0007,1,springer
align,projector,0.0002,0.0002,1,springer
align,projector,-0.0007,-0.0003,1,springer
align,projector,-0.0003,-0.0002,1,springer
align,projector,-0.0002,-0.0001,1,springer
align,projector,0.0003,0.0000,1,springer
align,projector,-0.0008,-0.0003,1,springer
align,projector,0.0083,-0.0000,1,springer
align,projector,-0.0009,-0.0002,1,springer
align,projector,-0.0014,-0.0006,1,springer
align,projector,-0.0010,-0.0002,1,springer
align,projector,0.0062,0.0001,1,springer
align,projector,-0.0015,-0.0005,1,springer
align,projector,-0.0010,-0.0003,1,springer
align,projector,-0.0007,-0.0001,1,springer
align,projector,0.0034,0.0003,1,springer
align,projector,0.0020,0.0004,1,springer
align,projector,0.0017,0.0003,1,springer
align,projector,-0.0010,-0.0003,1,springer
align,projector,-0.0007,-0.0005,1,springer
align,projector,0.0003,0.0003,1,springer
align,projector,0.0015,0.0003,1,springer
align,projector,0.0005,0.0002,1,springer
align,projector,0.0004,0.0001,1,springer
align,projector,-0.0010,-0.0004,1,springer
align,projector,-0.0009,-0.0001,1,springer
align,projector,0.0076,0.0003,1,springer
align,projector,-0.0019,-0.0005,1,springer
align,projector,0.0013,0.0004,1,springer
align,projector,0.0033,0.0005,1,springer
align,projector,-0.0007,-0.0003,1,springer
align,projector,-0.0010,-0.0001,1,springer
align,projector,0.0002,0.0003,1,springer
align,projector,0.0013,0.0004,1,springer
align,projector,0.0034,0.0003,1,springer
align,projector,0.0003,0.0002,1,springer
align,projector,-0.0039,-0.0007,1,springer
align,projector,0.0009,0.0001,1,springer
align,projector,0.0013,0.0003,1,springer
align,projector,-0.0016,-0.0006,1,springer
align,projector,0.0003,-0.0001,1,springer
align,projector,-0.0004,-0.0000,1,springer
align,projector,-0.0011,-0.0001,1,springer
align,projector,-0.0006,0.0001,1,springer
align,projector,-0.0004,0.0000,1,springer
align,projector,-0.0004,-0.0002,1,springer
align,projector,-0.0003,-0.0001,1,springer
align,projector,-0.0009,-0.0002,1,springer
align,projector,-0.0010,-0.0002,1,springer
align,projector,-0.0003,0.0001,1,springer
align,projector,0.0032,0.0002,1,springer
align,projector,-0.0011,-0.0002,1,springer
align,projector,0.0059,-0.0000,1,springer
align,projector,0.0064,0.0003,1,springer
align,projector,0.0064,0.0003,1,springer
align,projector,-0.0018,-0.0003,1,springer
align,projector,-0.0004,-0.0001,1,springer
align,projector,-0.0001,-0.0001,1,springer
align,projector,-0.0038,-0.0006,1,springer
align,projector,-0.0011,-0.0003,1,springer
align,projector,-0.0014,-0.0004,1,springer
align,projector,0.0039,0.0004,1,springer
align,projector,-0.0032,-0.0003,1,springer
align,projector,-0.0038,-0.0005,1,springer
align,projector,-0.0022,-0.0005,1,springer
align,projector,-0.0013,-0.0004,1,springer
align,projector,0.0048,0.0003,1,springer
align,projector,-0.0014,-0.0005,1,springer
align,projector,-0.0008,-0.0002,1,springer
align,projector,0.0025,0.0006,1,springer
align,projector,-0.0008,-0.0003,1,springer
align,projector,-0.0022,-0.0003,1,springer
align,projector,-0.0009,-0.0001,1,springer
align,projector,-0.0003,-0.0000,1,springer
align,projector,0.0017,0.0003,1,springer
align,projector,-0.0005,0.0002,1,springer
align,projector,0.0019,0.0002,1,springer
align,projector,0.0054,-0.0002,1,springer
align,projector,-0.0010,-0.0002,1,springer
align,projector,0.0033,0.0007,1,springer
align,projector,-0.0003,0.0001,1,springer
align,projector,0.0060,0.0001,1,springer
align,projector,0.0019,0.0003,1,springer
align,projector,-0.0004,-0.0000,1,springer
align,projector,-0.0044,-0.0001,2,cassette
align,projector,-0.0015,-0.0002,2,cassette
align,projector,-0.0019,-0.0006,2,cassette
align,projector,-0.0031,-0.0002,2,cassette
align,projector,-0.0031,-0.0005,2,cassette
align,projector,0.0041,-0.0000,2,cassette
align,projector,0.0103,-0.0000,2,cassette
align,projector,-0.0008,-0.0001,2,cassette
align,projector,-0.0015,-0.0004,2,cassette
align,projector,0.0011,0.0001,2,cassette
align,projector,-0.0008,-0.0003,2,cassette
align,projector,-0.0008,-0.0003,2,cassette
align,projector,-0.0001,-0.0002,2,cassette
align,projector,0.0002,0.0001,2,cassette
align,projector,-0.0012,-0.0005,2,cassette
align,projector,0.0020,0.0002,2,cassette
align,projector,-0.0008,-0.0003,2,cassette
align,projector,-0.0015,-0.0006,2,cassette
align,projector,-0.0011,-0.0002,2,cassette
align,projector,0.0001,0.0000,2,cassette
align,projector,-0.0013,-0.0003,2,cassette
align,projector,-0.0032,-0.0003,2,cassette
align,projector,0.0021,0.0005,2,cassette
align,projector,-0.0041,0.0006,2,cassette
align,projector,-0.0039,0.0016,2,cassette
align,projector,-0.0038,0.0013,2,cassette
align,projector,-0.0017,-0.0006,2,cassette
align,projector,-0.0038,-0.0005,2,cassette
align,projector,-0.0007,0.0002,2,cassette
align,projector,-0.0014,-0.0007,2,cassette
align,projector,-0.0017,-0.0004,2,cassette
align,projector,-0.0017,-0.0005,2,cassette
align,projector,-0.0002,0.0001,2,cassette
align,projector,-0.0010,-0.0003,2,cassette
align,projector,-0.0009,-0.0004,2,cassette
align,projector,-0.0012,0.0000,2,cassette
align,projector,-0.0013,-0.0004,2,cassette
align,projector,-0.0037,-0.0005,2,cassette
align,projector,-0.0019,-0.0005,2,cassette
align,projector,-0.0031,-0.0004,2,cassette
align,projector,-0.0008,-0.0003,2,cassette
align,projector,-0.0009,-0.0003,2,cassette
align,projector,-0.0007,-0.0003,2,cassette
align,projector,-0.0003,0.0001,2,cassette
align,projector,-0.0015,-0.0008,2,cassette
align,projector,-0.0015,-0.0007,2,cassette
align,projector,-0.0042,0.0019,2,cassette
align,projector,-0.0007,-0.0002,2,cassette
align,projector,0.0034,0.0002,2,cassette
align,projector,-0.0030,-0.0002,2,cassette
align,projector,-0.0040,0.0012,2,cassette
align,projector,-0.0029,-0.0003,2,cassette
align,projector,-0.0016,-0.0007,2,cassette
align,projector,0.0062,0.0003,2,cassette
align,projector,-0.0035,-0.0008,2,cassette
align,projector,-0.0013,-0.0003,2,cassette
align,projector,0.0032,0.0007,2,cassette
align,projector,-0.0004,0.0001,2,cassette
align,projector,0.0005,0.0003,2,cassette
align,projector,-0.0023,-0.0005,2,cassette
align,projector,-0.0042,0.0006,2,cassette
align,projector,-0.0034,-0.0002,2,cassette
align,projector,-0.0022,-0.0004,2,cassette
align,projector,0.0024,0.0003,2,cassette
align,projector,-0.0011,-0.0003,2,cassette
align,projector,0.0006,0.0002,2,cassette
align,projector,-0.0006,-0.0001,2,cassette
align,projector,-0.0016,-0.0005,2,cassette
align,projector,-0.0037,-0.0004,2,cassette
align,projector,0.0003,0.0002,2,cassette
align,projector,-0.0007,-0.0003,2,cassette
align,projector,0.0050,0.0004,2,cassette
align,projector,-0.0015,-0.0003,2,cassette
align,projector,0.0049,0.0000,2,cassette
align,projector,-0.0025,-0.0004,2,cassette
align,projector,-0.0015,-0.0005,2,cassette
align,projector,0.0073,0.0002,2,cassette
align,projector,-0.0004,-0.0001,2,cassette
align,projector,-0.0015,-0.0006,2,cassette
align,projector,-0.0015,-0.0006,2,cassette
align,projector,-0.0022,-0.0005,2,cassette
align,projector,-0.0005,-0.0001,2,cassette
align,projector,-0.0043,-0.0001,2,cassette
align,projector,0.0056,-0.0003,2,cassette
align,projector,-0.0014,-0.0003,2,cassette
align,projector,-0.0035,-0.0003,2,cassette
align,projector,-0.0036,-0.0002,2,cassette
align,projector,-0.0013,-0.0002,2,cassette
align,projector,0.0059,-0.0001,2,cassette
align,projector,-0.0013,-0.0002,2,cassette
align,projector,-0.0014,-0.0006,2,cassette
align,projector,-0.0012,-0.0003,2,cassette
align,projector,-0.0037,-0.0007,2,cassette
align,projector,-0.0022,-0.0003,2,cassette
align,projector,-0.0039,-0.0002,2,cassette
align,projector,-0.0042,-0.0003,2,cassette
align,projector,-0.0024,-0.0003,2,cassette
align,projector,-0.0013,-0.0003,2,cassette
align,projector,-0.0037,-0.0004,2,cassette
align,projector,-0.0015,-0.0005,2,cassette
align,projector,-0.0009,-0.0003,2,cassette
align,projector,-0.0017,-0.0006,2,cassette
align,projector,0.0002,-0.0000,2,cassette
align,projector,0.0002,-0.0001,2,cassette
align,projector,0.0070,0.0005,2,cassette
align,projector,0.0055,0.0002,2,cassette
align,projector,0.0000,0.0001,2,cassette
align,projector,-0.0002,-0.0001,2,cassette
align,projector,-0.0014,-0.0003,2,cassette
align,projector,-0.0014,-0.0005,2,cassette
align,projector,0.0001,0.0000,2,cassette
align,projector,-0.0006,-0.0003,2,cassette
align,projector,-0.0036,-0.0007,2,cassette
align,projector,0.0013,0.0004,2,cassette
align,projector,-0.0015,-0.0004,2,cassette
align,projector,-0.0010,-0.0004,2,cassette
align,projector,-0.0036,-0.0004,2,cassette
align,projector,-0.0013,-0.0001,2,cassette
align,projector,-0.0012,-0.0002,2,cassette
align,projector,-0.0005,-0.0001,2,cassette
align,projector,-0.0007,-0.0000,2,cassette
align,projector,-0.0015,-0.0005,2,cassette
align,projector,-0.0014,-0.0003,2,cassette
align,projector,0.0000,0.0002,2,cassette
align,projector,0.0001,0.0001,2,cassette
align,projector,-0.0011,-0.0003,2,cassette
align,projector,-0.0026,-0.0006,2,cassette
align,projector,-0.0014,-0.0003,2,cassette
align,projector,-0.0039,-0.0005,2,cassette
align,projector,-0.0017,-0.0005,2,cassette
align,projector,-0.0012,-0.0004,2,cassette
align,projector,0.0060,0.0000,2,cassette
align,projector,0.0043,0.0001,2,cassette
align,projector,0.0069,0.0001,2,cassette
align,projector,-0.0036,-0.0004,2,cassette
align,projector,-0.0005,-0.0001,2,cassette
align,projector,0.0013,0.0004,2,cassette
align,projector,-0.0032,-0.0004,2,cassette
align,projector,-0.0003,-0.0001,2,cassette
align,projector,0.0013,0.0003,2,cassette
align,projector,-0.0002,-0.0001,2,cassette
align,projector,-0.0038,0.0014,2,cassette
align,projector,0.0060,0.0003,2,cassette
align,projector,-0.0013,-0.0003,2,cassette
align,projector,-0.0015,-0.0007,2,cassette
align,projector,0.0138,0.0005,2,cassette
align,projector,-0.0039,-0.0007,2,cassette
align,projector,-0.0002,-0.0002,2,cassette
align,projector,-0.0003,0.0001,2,cassette
align,projector,-0.0026,-0.0003,2,cassette
align,projector,-0.0039,-0.0004,2,cassette
align,projector,0.0005,0.0005,2,cassette
align,projector,-0.0002,-0.0002,2,cassette
align,projector,-0.0010,-0.0002,2,cassette
align,projector,-0.0036,-0.0002,2,cassette
align,projector,-0.0024,-0.0004,2,cassette
align,projector,-0.0013,-0.0001,2,cassette
align,projector,-0.0013,-0.0007,2,cassette
align,projector,-0.0032,-0.0006,2,cassette
align,projector,-0.0016,-0.0008,2,cassette
align,projector,0.0017,0.0004,2,cassette
align,projector,0.0058,-0.0003,2,cassette
align,projector,0.0052,0.0003,2,cassette
align,projector,-0.0008,-0.0004,2,cassette
align,projector,0.0005,-0.0001,2,cassette
align,projector,0.0015,0.0004,2,cassette
align,projector,-0.0014,-0.0004,2,cassette
align,projector,-0.0006,-0.0000,2,cassette
align,projector,-0.0000,-0.0002,2,cassette
align,projector,-0.0041,0.0004,2,cassette
align,projector,-0.0033,-0.0003,2,cassette
align,projector,-0.0018,-0.0005,2,cassette
align,projector,-0.0011,-0.0005,2,cassette
align,projector,-0.0019,-0.0006,2,cassette
align,projector,-0.0036,-0.0005,2,cassette
align,projector,-0.0003,-0.0001,2,cassette
align,projector,-0.0037,-0.0003,2,cassette
align,projector,-0.0021,-0.0005,2,cassette
align,projector,-0.0016,-0.0005,2,cassette
align,projector,-0.0009,0.0001,2,cassette
align,projector,-0.0028,-0.0005,2,cassette
align,projector,-0.0031,-0.0003,2,cassette
align,projector,-0.0039,-0.0002,2,cassette
align,projector,-0.0036,-0.0003,2,cassette
align,projector,-0.0003,-0.0000,2,cassette
align,projector,0.0000,0.0001,2,cassette
align,projector,0.0035,0.0002,2,cassette
align,projector,-0.0045,0.0002,2,cassette
align,projector,-0.0031,-0.0004,2,cassette
align,projector,-0.0031,-0.0003,2,cassette
align,projector,0.0049,-0.0000,2,cassette
align,projector,-0.0037,-0.0002,2,cassette
align,projector,0.0003,-0.0001,2,cassette
align,projector,-0.0008,-0.0001,2,cassette
align,projector,-0.0041,0.0005,2,cassette
align,projector,0.0035,0.0003,2,cassette
align,projector,0.0054,-0.0000,2,cassette
align,projector,-0.0005,0.0000,2,cassette
align,projector,-0.0018,-0.0005,2,cassette
align,projector,-0.0006,-0.0000,2,cassette
align,projector,-0.0029,-0.0002,2,cassette
align,projector,0.0048,0.0002,2,cassette
align,projector,-0.0003,-0.0001,2,cassette
align,projector,-0.0043,0.0003,2,cassette
align,projector,-0.0041,0.0003,2,cassette
align,projector,-0.0016,-0.0005,2,cassette
align,projector,-0.0007,-0.0001,2,cassette
align,projector,0.0053,0.0004,2,cassette
align,projector,0.0002,0.0000,2,cassette
align,projector,-0.0006,-0.0001,2,cassette
align,projector,-0.0011,-0.0000,2,cassette
align,projector,-0.0009,-0.0002,2,cassette
align,projector,-0.0003,-0.0002,2,cassette
align,projector,-0.0037,-0.0005,2,cassette
align,projector,-0.0029,-0.0005,2,cassette
align,projector,-0.0011,-0.0003,2,cassette
align,projector,-0.0010,-0.0001,2,cassette
align,projector,-0.0012,-0.0003,2,cassette
align,projector,-0.0016,-0.0006,2,cassette
align,projector,-0.0005,-0.0000,2,cassette
align,projector,-0.0041,0.0007,2,cassette
align,projector,-0.0041,0.0015,2,cassette
align,projector,-0.0025,-0.0004,2,cassette
align,projector,-0.0010,0.0000,2,cassette
align,projector,0.0050,0.0001,2,cassette
align,projector,-0.0004,0.0001,2,cassette
align,projector,-0.0014,-0.0002,2,cassette
align,projector,-0.0016,-0.0006,2,cassette
align,projector,0.0033,0.0003,2,cassette
align,projector,0.0047,-0.0001,2,cassette
align,projector,-0.0017,-0.0005,2,cassette
align,projector,-0.0008,-0.0002,2,cassette
align,projector,-0.0009,-0.0002,2,cassette
align,projector,-0.0012,-0.0003,2,cassette
align,projector,-0.0017,-0.0005,2,cassette
align,projector,-0.0039,0.0013,2,cassette
align,projector,-0.0028,-0.0007,2,cassette
align,projector,0.0007,0.0003,2,cassette
align,projector,-0.0036,-0.0005,2,cassette
align,projector,0.0011,0.0002,2,cassette
align,projector,-0.0039,-0.0008,2,cassette
align,projector,-0.0005,-0.0001,2,cassette
align,projector,-0.0010,-0.0002,2,cassette
align,projector,-0.0037,-0.0007,2,cassette
align,projector,-0.0013,-0.0003,2,cassette
align,projector,-0.0041,0.0005,2,cassette
align,projector,0.0017,0.0002,2,cassette
align,projector,-0.0014,-0.0006,2,cassette
align,projector,-0.0016,-0.0007,2,cassette
align,projector,-0.0011,0.0000,2,cassette
align,projector,-0.0025,-0.0002,2,cassette
align,projector,-0.0047,0.0001,2,cassette
align,projector,-0.0014,-0.0005,2,cassette
align,projector,-0.0009,-0.0001,2,cassette
align,projector,0.0003,0.0002,2,cassette
align,projector,0.0003,0.0001,2,cassette
align,projector,-0.0009,-0.0001,2,cassette
align,projector,-0.0014,-0.0006,2,cassette
align,projector,-0.0024,-0.0003,2,cassette
align,projector,-0.0038,-0.0004,2,cassette
align,projector,-0.0001,-0.0001,2,cassette
align,projector,-0.0010,-0.0002,2,cassette
align,projector,0.0022,-0.0001,2,cassette
align,projector,-0.0039,-0.0003,2,cassette
align,projector,-0.0019,-0.0007,2,cassette
align,projector,-0.0009,-0.0003,2,cassette
align,projector,-0.0017,-0.0004,2,cassette
align,projector,-0.0010,-0.0002,2,cassette
align,projector,0.0005,0.0001,2,cassette
align,projector,-0.0043,-0.0001,2,cassette
align,projector,-0.0040,0.0001,2,cassette
align,projector,-0.0007,-0.0004,2,cassette
align,projector,-0.0016,-0.0005,2,cassette
align,projector,-0.0012,-0.0001,2,cassette
align,projector,0.0010,0.0003,2,cassette
align,projector,-0.0012,-0.0002,2,cassette
align,projector,-0.0008,-0.0004,2,cassette
align,projector,0.0057,0.0002,2,cassette
align,projector,-0.0009,-0.0004,2,cassette
align,projector,-0.0038,-0.0005,2,cassette
align,projector,-0.0012,-0.0002,2,cassette
align,projector,-0.0003,-0.0000,2,cassette
align,projector,-0.0023,-0.0007,2,cassette
align,projector,0.0002,-0.0000,2,cassette
align,projector,0.0045,0.0005,2,cassette
align,projector,0.0024,0.0004,2,cassette
align,projector,-0.0036,-0.0001,2,cassette
align,projector,-0.0031,-0.0002,2,cassette
align,projector,-0.0009,-0.0002,2,cassette
align,projector,-0.0070,0.0114,2,cassette
align,projector,-0.0037,-0.0005,2,cassette
align,projector,-0.0006,0.0000,2,cassette
align,projector,-0.0033,-0.0004,2,cassette
align,projector,-0.0031,-0.0003,2,cassette
align,projector,-0.0006,-0.0001,2,cassette
align,projector,-0.0022,-0.0003,2,cassette
align,projector,0.0015,0.0003,2,cassette
align,projector,0.0059,0.0002,2,cassette
align,projector,-0.0037,0.0015,2,cassette
align,projector,-0.0012,-0.0002,2,cassette
align,projector,-0.0012,-0.0003,2,cassette
align,projector,-0.0032,-0.0001,2,cassette
align,projector,-0.0026,-0.0006,2,cassette
align,projector,-0.0022,-0.0004,2,cassette
align,projector,-0.0040,-0.0005,2,cassette
align,projector,0.0072,0.0000,2,cassette
align,projector,-0.0039,-0.0003,2,cassette
align,projector,-0.0008,-0.0000,2,cassette
align,projector,-0.0016,-0.0007,2,cassette
align,projector,-0.0005,-0.0001,2,cassette
align,projector,-0.0005,-0.0000,2,cassette
align,projector,0.0005,0.0004,2,cassette
align,projector,-0.0018,-0.0005,2,cassette
align,projector,0.0008,0.0003,2,cassette
align,projector,-0.0005,-0.0002,2,cassette
align,projector,-0.0040,-0.0004,2,cassette
align,projector,0.0060,0.0004,2,cassette
align,projector,-0.0015,-0.0005,2,cassette
align,projector,0.0014,0.0003,2,cassette
align,projector,-0.0011,-0.0003,2,cassette
align,projector,0.0066,0.0001,2,cassette
align,projector,-0.0013,-0.0005,2,cassette
align,projector,-0.0002,-0.0001,2,cassette
align,projector,-0.0022,-0.0004,2,cassette
align,projector,-0.0007,-0.0004,2,cassette
align,projector,-0.0042,-0.0001,2,cassette
align,projector,-0.0037,-0.0004,2,cassette
align,projector,-0.0042,0.0001,2,cassette
align,projector,-0.0011,-0.0003,2,cassette
align,projector,-0.0039,0.0001,2,cassette
align,projector,-0.0034,-0.0001,2,cassette
align,projector,-0.0009,-0.0001,2,cassette
align,projector,-0.0011,-0.0003,2,cassette
align,projector,-0.0036,-0.0004,2,cassette
align,projector,-0.0014,-0.0006,2,cassette
align,projector,-0.0036,-0.0004,2,cassette
align,projector,-0.0007,-0.0002,2,cassette
align,projector,-0.0008,-0.0004,2,cassette
align,projector,-0.0032,-0.0003,2,cassette
align,projector,-0.0003,-0.0001,2,cassette
align,projector,0.0045,0.0003,2,cassette
align,projector,-0.0016,-0.0006,2,cassette
align,projector,-0.0002,-0.0002,2,cassette
align,projector,-0.0013,-0.0002,2,cassette
align,projector,-0.0037,-0.0004,2,cassette
align,projector,-0.0005,0.0001,2,cassette
align,projector,-0.0033,-0.0001,2,cassette
align,projector,-0.0015,-0.0007,2,cassette
align,projector,-0.0016,-0.0005,2,cassette
align,projector,0.0009,0.0004,2,cassette
align,projector,0.0009,0.0004,2,cassette
align,projector,-0.0015,-0.0007,2,cassette
align,projector,-0.0003,0.0002,2,cassette
align,projector,0.0003,0.0002,2,cassette
align,projector,-0.0009,-0.0003,2,cassette
align,projector,0.0068,0.0003,2,cassette
align,projector,-0.0010,-0.0001,2,cassette
align,projector,0.0028,0.0004,3,chainsaw
align,projector,0.0038,0.0003,3,chainsaw
align,projector,-0.0025,-0.0003,3,chainsaw
align,projector,0.0051,0.0002,3,chainsaw
align,projector,-0.0012,-0.0002,3,chainsaw
align,projector,0.0042,0.0003,3,chainsaw
align,projector,-0.0017,-0.0006,3,chainsaw
align,projector,0.0001,-0.0000,3,chainsaw
align,projector,-0.0008,-0.0002,3,chainsaw
align,projector,-0.0004,0.0001,3,chainsaw
align,projector,0.0061,0.0003,3,chainsaw
align,projector,0.0002,0.0001,3,chainsaw
align,projector,-0.0017,-0.0005,3,chainsaw
align,projector,0.0007,0.0006,3,chainsaw
align,projector,-0.0012,-0.0002,3,chainsaw
align,projector,-0.0017,-0.0005,3,chainsaw
align,projector,-0.0030,-0.0004,3,chainsaw
align,projector,-0.0032,-0.0003,3,chainsaw
align,projector,0.0018,0.0001,3,chainsaw
align,projector,0.0046,0.0004,3,chainsaw
align,projector,0.0004,0.0005,3,chainsaw
align,projector,-0.0003,0.0001,3,chainsaw
align,projector,0.0016,0.0005,3,chainsaw
align,projector,-0.0003,-0.0000,3,chainsaw
align,projector,0.0021,0.0003,3,chainsaw
align,projector,0.0004,0.0002,3,chainsaw
align,projector,0.0056,-0.0001,3,chainsaw
align,projector,0.0010,-0.0001,3,chainsaw
align,projector,-0.0004,0.0000,3,chainsaw
align,projector,-0.0023,-0.0004,3,chainsaw
align,projector,-0.0008,-0.0004,3,chainsaw
align,projector,-0.0009,-0.0004,3,chainsaw
align,projector,-0.0010,-0.0002,3,chainsaw
align,projector,-0.0006,-0.0002,3,chainsaw
align,projector,0.0048,0.0005,3,chainsaw
align,projector,-0.0016,-0.0007,3,chainsaw
align,projector,-0.0011,-0.0002,3,chainsaw
align,projector,0.0059,0.0000,3,chainsaw
align,projector,0.0012,0.0001,3,chainsaw
align,projector,0.0003,0.0002,3,chainsaw
align,projector,-0.0009,-0.0004,3,chainsaw
align,projector,-0.0012,-0.0003,3,chainsaw
align,projector,0.0032,0.0004,3,chainsaw
align,projector,-0.0016,-0.0004,3,chainsaw
align,projector,0.0005,0.0002,3,chainsaw
align,projector,0.0034,0.0003,3,chainsaw
align,projector,-0.0004,-0.0001,3,chainsaw
align,projector,0.0034,0.0006,3,chainsaw
align,projector,0.0003,0.0003,3,chainsaw
align,projector,0.0063,0.0001,3,chainsaw
align,projector,-0.0022,-0.0004,3,chainsaw
align,projector,-0.0013,-0.0004,3,chainsaw
align,projector,0.0053,0.0004,3,chainsaw
align,projector,0.0052,-0.0001,3,chainsaw
align,projector,-0.0014,-0.0005,3,chainsaw
align,projector,0.0055,0.0001,3,chainsaw
align,projector,-0.0008,-0.0004,3,chainsaw
align,projector,0.0038,0.0001,3,chainsaw
align,projector,0.0024,0.0006,3,chainsaw
align,projector,0.0027,0.0004,3,chainsaw
align,projector,-0.0006,-0.0002,3,chainsaw
align,projector,-0.0001,-0.0000,3,chainsaw
align,projector,-0.0015,-0.0002,3,chainsaw
align,projector,0.0023,0.0002,3,chainsaw
align,projector,-0.0001,-0.0001,3,chainsaw
align,projector,-0.0002,0.0000,3,chainsaw
align,projector,0.0058,0.0003,3,chainsaw
align,projector,-0.0009,-0.0001,3,chainsaw
align,projector,0.0001,0.0000,3,chainsaw
align,projector,-0.0013,-0.0002,3,chainsaw
align,projector,-0.0017,-0.0004,3,chainsaw
align,projector,0.0010,0.0001,3,chainsaw
align,projector,-0.0019,-0.0005,3,chainsaw
align,projector,-0.0005,-0.0001,3,chainsaw
align,projector,-0.0036,-0.0004,3,chainsaw
align,projector,-0.0007,-0.0001,3,chainsaw
align,projector,0.0022,0.0005,3,chainsaw
align,projector,0.0019,0.0004,3,chainsaw
align,projector,-0.0029,-0.0006,3,chainsaw
align,projector,-0.0008,-0.0004,3,chainsaw
align,projector,0.0001,0.0002,3,chainsaw
align,projector,0.0060,0.0000,3,chainsaw
align,projector,-0.0000,0.0002,3,chainsaw
align,projector,-0.0012,-0.0002,3,chainsaw
align,projector,-0.0015,-0.0005,3,chainsaw
align,projector,0.0021,0.0003,3,chainsaw
align,projector,-0.0006,-0.0003,3,chainsaw
align,projector,-0.0011,-0.0002,3,chainsaw
align,projector,-0.0036,-0.0001,3,chainsaw
align,projector,-0.0035,-0.0002,3,chainsaw
align,projector,-0.0009,-0.0002,3,chainsaw
align,projector,0.0026,0.0005,3,chainsaw
align,projector,-0.0006,-0.0004,3,chainsaw
align,projector,0.0023,0.0001,3,chainsaw
align,projector,0.0042,0.0002,3,chainsaw
align,projector,0.0015,0.0004,3,chainsaw
align,projector,0.0058,0.0003,3,chainsaw
align,projector,-0.0010,-0.0002,3,chainsaw
align,projector,-0.0005,0.0001,3,chainsaw
align,projector,0.0063,0.0002,3,chainsaw
align,projector,0.0061,0.0000,3,chainsaw
align,projector,0.0061,-0.0003,3,chainsaw
align,projector,0.0060,-0.0001,3,chainsaw
align,projector,0.0002,0.0001,3,chainsaw
align,projector,-0.0034,-0.0001,3,chainsaw
align,projector,0.0056,0.0002,3,chainsaw
align,projector,0.0012,0.0003,3,chainsaw
align,projector,-0.0007,-0.0003,3,chainsaw
align,projector,0.0007,0.0004,3,chainsaw
align,projector,0.0021,0.0001,3,chainsaw
align,projector,0.0019,0.0004,3,chainsaw
align,projector,-0.0000,-0.0000,3,chainsaw
align,projector,-0.0007,-0.0003,3,chainsaw
align,projector,-0.0001,-0.0002,3,chainsaw
align,projector,-0.0001,-0.0000,3,chainsaw
align,projector,0.0014,0.0003,3,chainsaw
align,projector,-0.0010,-0.0002,3,chainsaw
align,projector,-0.0005,-0.0001,3,chainsaw
align,projector,-0.0006,-0.0003,3,chainsaw
align,projector,0.0014,0.0003,3,chainsaw
align,projector,-0.0011,-0.0002,3,chainsaw
align,projector,-0.0009,-0.0001,3,chainsaw
align,projector,-0.0004,0.0001,3,chainsaw
align,projector,-0.0001,-0.0000,3,chainsaw
align,projector,-0.0009,-0.0001,3,chainsaw
align,projector,0.0044,-0.0000,3,chainsaw
align,projector,0.0023,0.0001,3,chainsaw
align,projector,-0.0012,-0.0002,3,chainsaw
align,projector,-0.0013,-0.0004,3,chainsaw
align,projector,-0.0008,-0.0003,3,chainsaw
align,projector,-0.0010,-0.0003,3,chainsaw
align,projector,-0.0013,-0.0003,3,chainsaw
align,projector,-0.0003,-0.0002,3,chainsaw
align,projector,0.0008,0.0002,3,chainsaw
align,projector,-0.0002,-0.0002,3,chainsaw
align,projector,0.0048,0.0002,3,chainsaw
align,projector,-0.0016,-0.0006,3,chainsaw
align,projector,-0.0014,-0.0006,3,chainsaw
align,projector,0.0057,0.0003,3,chainsaw
align,projector,0.0025,0.0003,3,chainsaw
align,projector,-0.0021,-0.0005,3,chainsaw
align,projector,-0.0004,-0.0001,3,chainsaw
align,projector,0.0019,0.0004,3,chainsaw
align,projector,-0.0003,-0.0001,3,chainsaw
align,projector,-0.0002,-0.0001,3,chainsaw
align,projector,-0.0008,-0.0004,3,chainsaw
align,projector,-0.0009,-0.0003,3,chainsaw
align,projector,0.0007,0.0003,3,chainsaw
align,projector,-0.0004,-0.0000,3,chainsaw
align,projector,0.0000,0.0002,3,chainsaw
align,projector,0.0036,0.0003,3,chainsaw
align,projector,0.0000,-0.0001,3,chainsaw
align,projector,0.0036,0.0002,3,chainsaw
align,projector,-0.0006,-0.0005,3,chainsaw
align,projector,0.0005,0.0006,3,chainsaw
align,projector,0.0050,0.0001,3,chainsaw
align,projector,-0.0013,-0.0002,3,chainsaw
align,projector,-0.0000,0.0000,3,chainsaw
align,projector,0.0062,0.0001,3,chainsaw
align,projector,-0.0034,-0.0002,3,chainsaw
align,projector,0.0051,0.0003,3,chainsaw
align,projector,0.0010,0.0004,3,chainsaw
align,projector,-0.0044,0.0003,3,chainsaw
align,projector,-0.0016,-0.0006,3,chainsaw
align,projector,-0.0006,-0.0003,3,chainsaw
align,projector,-0.0012,-0.0002,3,chainsaw
align,projector,0.0054,0.0001,3,chainsaw
align,projector,0.0013,0.0006,3,chainsaw
align,projector,-0.0007,-0.0003,3,chainsaw
align,projector,0.0032,0.0005,3,chainsaw
align,projector,0.0028,0.0006,3,chainsaw
align,projector,-0.0004,0.0000,3,chainsaw
align,projector,0.0043,-0.0000,3,chainsaw
align,projector,-0.0006,-0.0003,3,chainsaw
align,projector,0.0029,0.0004,3,chainsaw
align,projector,0.0065,0.0003,3,chainsaw
align,projector,0.0021,0.0002,3,chainsaw
align,projector,-0.0017,-0.0006,3,chainsaw
align,projector,0.0027,0.0002,3,chainsaw
align,projector,-0.0008,-0.0002,3,chainsaw
align,projector,-0.0014,-0.0003,3,chainsaw
align,projector,0.0033,0.0003,3,chainsaw
align,projector,-0.0008,-0.0003,3,chainsaw
align,projector,0.0057,0.0001,3,chainsaw
align,projector,0.0069,0.0002,3,chainsaw
align,projector,0.0004,0.0003,3,chainsaw
align,projector,-0.0010,-0.0000,3,chainsaw
align,projector,0.0001,0.0004,3,chainsaw
align,projector,0.0011,0.0004,3,chainsaw
align,projector,0.0036,0.0007,3,chainsaw
align,projector,0.0066,0.0005,3,chainsaw
align,projector,-0.0007,-0.0003,3,chainsaw
align,projector,-0.0028,-0.0006,3,chainsaw
align,projector,0.0003,0.0003,3,chainsaw
align,projector,0.0023,0.0005,3,chainsaw
align,projector,0.0050,0.0001,3,chainsaw
align,projector,-0.0007,-0.0002,3,chainsaw
align,projector,-0.0026,-0.0008,3,chainsaw
align,projector,-0.0017,-0.0004,3,chainsaw
align,projector,-0.0010,-0.0004,3,chainsaw
align,projector,-0.0028,-0.0007,3,chainsaw
align,projector,0.0033,0.0005,3,chainsaw
align,projector,-0.0001,0.0000,3,chainsaw
align,projector,-0.0010,-0.0001,3,chainsaw
align,projector,-0.0015,-0.0005,3,chainsaw
align,projector,0.0051,-0.0001,3,chainsaw
align,projector,-0.0007,-0.0004,3,chainsaw
align,projector,0.0034,0.0003,3,chainsaw
align,projector,0.0021,0.0003,3,chainsaw
align,projector,0.0057,-0.0000,3,chainsaw
align,projector,-0.0007,0.0001,3,chainsaw
align,projector,0.0083,0.0002,3,chainsaw
align,projector,-0.0010,-0.0002,3,chainsaw
align,projector,-0.0037,-0.0007,3,chainsaw
align,projector,0.0076,0.0001,3,chainsaw
align,projector,0.0003,-0.0001,3,chainsaw
align,projector,-0.0009,-0.0002,3,chainsaw
align,projector,0.0060,0.0001,3,chainsaw
align,projector,-0.0007,-0.0000,3,chainsaw
align,projector,-0.0018,-0.0007,3,chainsaw
align,projector,-0.0006,-0.0003,3,chainsaw
align,projector,0.0034,0.0005,3,chainsaw
align,projector,0.0005,0.0005,3,chainsaw
align,projector,-0.0013,-0.0001,3,chainsaw
align,projector,-0.0007,-0.0002,3,chainsaw
align,projector,-0.0002,-0.0001,3,chainsaw
align,projector,-0.0014,-0.0003,3,chainsaw
align,projector,0.0009,0.0001,3,chainsaw
align,projector,0.0035,0.0003,3,chainsaw
align,projector,0.0025,0.0003,3,chainsaw
align,projector,-0.0003,-0.0001,3,chainsaw
align,projector,0.0022,0.0001,3,chainsaw
align,projector,-0.0003,-0.0002,3,chainsaw
align,projector,-0.0017,-0.0007,3,chainsaw
align,projector,-0.0008,0.0000,3,chainsaw
align,projector,-0.0003,0.0001,3,chainsaw
align,projector,0.0007,0.0000,3,chainsaw
align,projector,0.0002,0.0000,3,chainsaw
align,projector,-0.0001,-0.0002,3,chainsaw
align,projector,0.0044,0.0002,3,chainsaw
align,projector,0.0003,0.0001,3,chainsaw
align,projector,-0.0000,-0.0000,3,chainsaw
align,projector,-0.0013,-0.0002,3,chainsaw
align,projector,-0.0006,-0.0002,3,chainsaw
align,projector,-0.0012,-0.0004,3,chainsaw
align,projector,-0.0002,-0.0002,3,chainsaw
align,projector,-0.0003,0.0000,3,chainsaw
align,projector,-0.0011,-0.0003,3,chainsaw
align,projector,-0.0004,-0.0001,3,chainsaw
align,projector,0.0019,0.0004,3,chainsaw
align,projector,0.0020,0.0002,3,chainsaw
align,projector,-0.0007,-0.0002,3,chainsaw
align,projector,-0.0009,-0.0003,3,chainsaw
align,projector,-0.0010,-0.0004,3,chainsaw
align,projector,0.0006,0.0003,3,chainsaw
align,projector,0.0039,0.0006,3,chainsaw
align,projector,0.0030,0.0005,3,chainsaw
align,projector,-0.0014,-0.0006,3,chainsaw
align,projector,-0.0006,-0.0004,3,chainsaw
align,projector,0.0000,0.0004,3,chainsaw
align,projector,-0.0008,-0.0001,3,chainsaw
align,projector,-0.0013,-0.0002,3,chainsaw
align,projector,-0.0003,-0.0001,3,chainsaw
align,projector,-0.0014,-0.0003,3,chainsaw
align,projector,-0.0007,-0.0003,3,chainsaw
align,projector,-0.0011,-0.0003,3,chainsaw
align,projector,-0.0008,-0.0004,3,chainsaw
align,projector,0.0009,0.0003,3,chainsaw
align,projector,-0.0023,-0.0004,3,chainsaw
align,projector,0.0054,0.0002,3,chainsaw
align,projector,-0.0011,-0.0002,3,chainsaw
align,projector,-0.0006,-0.0002,3,chainsaw
align,projector,0.0008,0.0003,3,chainsaw
align,projector,-0.0009,-0.0004,3,chainsaw
align,projector,-0.0015,-0.0004,3,chainsaw
align,projector,0.0020,0.0005,3,chainsaw
align,projector,-0.0013,-0.0002,3,chainsaw
align,projector,-0.0039,-0.0001,3,chainsaw
align,projector,-0.0002,-0.0003,3,chainsaw
align,projector,0.0003,-0.0001,3,chainsaw
align,projector,0.0068,0.0002,3,chainsaw
align,projector,-0.0031,-0.0002,3,chainsaw
align,projector,-0.0013,-0.0002,3,chainsaw
align,projector,0.0003,0.0003,3,chainsaw
align,projector,0.0039,0.0002,3,chainsaw
align,projector,0.0019,0.0003,3,chainsaw
align,projector,-0.0009,-0.0003,3,chainsaw
align,projector,0.0029,0.0004,3,chainsaw
align,projector,0.0056,0.0002,3,chainsaw
align,projector,-0.0042,-0.0004,3,chainsaw
align,projector,0.0061,0.0002,3,chainsaw
align,projector,-0.0001,0.0001,3,chainsaw
align,projector,0.0038,0.0001,3,chainsaw
align,projector,-0.0003,-0.0001,3,chainsaw
align,projector,-0.0009,-0.0002,3,chainsaw
align,projector,0.0020,0.0002,3,chainsaw
align,projector,-0.0009,-0.0001,3,chainsaw
align,projector,-0.0033,-0.0002,3,chainsaw
align,projector,-0.0002,-0.0001,3,chainsaw
align,projector,-0.0006,0.0000,3,chainsaw
align,projector,0.0045,0.0004,3,chainsaw
align,projector,-0.0006,-0.0004,3,chainsaw
align,projector,-0.0003,0.0000,3,chainsaw
align,projector,0.0050,0.0000,3,chainsaw
align,projector,0.0000,-0.0000,3,chainsaw
align,projector,0.0032,0.0003,3,chainsaw
align,projector,-0.0004,-0.0002,3,chainsaw
align,projector,0.0042,-0.0000,3,chainsaw
align,projector,-0.0017,-0.0005,3,chainsaw
align,projector,-0.0012,-0.0000,3,chainsaw
align,projector,0.0007,0.0003,3,chainsaw
align,projector,-0.0036,-0.0005,3,chainsaw
align,projector,0.0083,0.0001,3,chainsaw
align,projector,-0.0004,0.0001,3,chainsaw
align,projector,-0.0005,0.0000,3,chainsaw
align,projector,0.0027,0.0004,3,chainsaw
align,projector,-0.0030,-0.0003,3,chainsaw
align,projector,0.0053,0.0002,3,chainsaw
align,projector,0.0003,0.0002,3,chainsaw
align,projector,-0.0040,-0.0006,3,chainsaw
align,projector,0.0074,-0.0003,3,chainsaw
align,projector,0.0034,0.0004,3,chainsaw
align,projector,0.0065,0.0006,3,chainsaw
align,projector,0.0028,0.0005,3,chainsaw
align,projector,0.0005,0.0004,3,chainsaw
align,projector,0.0007,-0.0001,3,chainsaw
align,projector,0.0045,0.0003,3,chainsaw
align,projector,-0.0012,-0.0002,3,chainsaw
align,projector,0.0015,0.0003,3,chainsaw
align,projector,0.0050,0.0006,3,chainsaw
align,projector,-0.0021,-0.0004,3,chainsaw
align,projector,-0.0013,-0.0006,3,chainsaw
align,projector,-0.0037,-0.0007,3,chainsaw
align,projector,0.0006,0.0003,3,chainsaw
align,projector,-0.0005,-0.0003,3,chainsaw
align,projector,0.0005,0.0000,3,chainsaw
align,projector,-0.0015,-0.0005,3,chainsaw
align,projector,0.0003,-0.0001,3,chainsaw
align,projector,0.0077,-0.0001,3,chainsaw
align,projector,0.0003,0.0000,3,chainsaw
align,projector,0.0011,0.0002,3,chainsaw
align,projector,0.0008,0.0003,3,chainsaw
align,projector,0.0068,-0.0001,3,chainsaw
align,projector,-0.0013,-0.0000,3,chainsaw
align,projector,0.0035,0.0007,3,chainsaw
align,projector,-0.0006,-0.0004,3,chainsaw
align,projector,-0.0008,-0.0003,3,chainsaw
align,projector,-0.0042,0.0004,3,chainsaw
align,projector,-0.0006,0.0000,3,chainsaw
align,projector,0.0028,0.0007,3,chainsaw
align,projector,0.0017,0.0003,3,chainsaw
align,projector,0.0037,0.0005,3,chainsaw
align,projector,-0.0002,-0.0000,3,chainsaw
align,projector,-0.0003,-0.0000,3,chainsaw
align,projector,-0.0005,-0.0001,3,chainsaw
align,projector,-0.0001,0.0000,3,chainsaw
align,projector,0.0010,0.0002,3,chainsaw
align,projector,-0.0018,-0.0006,3,chainsaw
align,projector,0.0037,0.0004,3,chainsaw
align,projector,0.0062,-0.0001,3,chainsaw
align,projector,-0.0014,-0.0005,3,chainsaw
align,projector,0.0068,-0.0000,3,chainsaw
align,projector,-0.0005,-0.0000,3,chainsaw
align,projector,-0.0013,-0.0003,3,chainsaw
align,projector,-0.0004,-0.0000,3,chainsaw
align,projector,-0.0011,-0.0004,3,chainsaw
align,projector,0.0037,0.0004,3,chainsaw
align,projector,-0.0018,-0.0004,3,chainsaw
align,projector,-0.0003,-0.0001,3,chainsaw
align,projector,-0.0012,-0.0001,3,chainsaw
align,projector,-0.0007,-0.0002,3,chainsaw
align,projector,0.0081,0.0001,3,chainsaw
align,projector,0.0013,0.0004,3,chainsaw
align,projector,-0.0010,-0.0003,3,chainsaw
align,projector,-0.0005,-0.0001,3,chainsaw
align,projector,0.0078,0.0003,3,chainsaw
align,projector,0.0065,0.0003,3,chainsaw
align,projector,0.0063,0.0002,3,chainsaw
align,projector,0.0035,0.0004,3,chainsaw
align,projector,0.0027,0.0005,3,chainsaw
align,projector,-0.0011,-0.0003,3,chainsaw
align,projector,0.0038,0.0005,3,chainsaw
align,projector,-0.0040,0.0012,3,chainsaw
align,projector,-0.0016,-0.0005,3,chainsaw
align,projector,-0.0007,-0.0003,3,chainsaw
align,projector,0.0033,0.0005,3,chainsaw
align,projector,-0.0013,-0.0002,4,church
align,projector,-0.0010,-0.0003,4,church
align,projector,0.0049,-0.0000,4,church
align,projector,-0.0014,-0.0003,4,church
align,projector,0.0015,0.0003,4,church
align,projector,0.0066,0.0002,4,church
align,projector,-0.0010,-0.0001,4,church
align,projector,0.0001,0.0002,4,church
align,projector,-0.0038,0.0006,4,church
align,projector,0.0069,-0.0001,4,church
align,projector,-0.0010,-0.0002,4,church
align,projector,-0.0017,-0.0005,4,church
align,projector,-0.0023,-0.0007,4,church
align,projector,-0.0001,0.0000,4,church
align,projector,-0.0009,-0.0003,4,church
align,projector,-0.0002,-0.0001,4,church
align,projector,0.0006,0.0003,4,church
align,projector,-0.0000,0.0002,4,church
align,projector,-0.0013,-0.0004,4,church
align,projector,-0.0014,-0.0003,4,church
align,projector,-0.0021,-0.0006,4,church
align,projector,-0.0023,-0.0007,4,church
align,projector,-0.0010,-0.0003,4,church
align,projector,-0.0032,-0.0005,4,church
align,projector,0.0026,0.0003,4,church
align,projector,-0.0005,0.0001,4,church
align,projector,-0.0008,-0.0003,4,church
align,projector,-0.0016,-0.0004,4,church
align,projector,0.0004,0.0005,4,church
align,projector,0.0019,0.0003,4,church
align,projector,-0.0035,-0.0004,4,church
align,projector,-0.0010,-0.0001,4,church
align,projector,0.0004,0.0002,4,church
align,projector,-0.0009,-0.0003,4,church
align,projector,-0.0012,-0.0001,4,church
align,projector,-0.0010,-0.0002,4,church
align,projector,0.0007,0.0002,4,church
align,projector,0.0010,0.0002,4,church
align,projector,-0.0010,-0.0003,4,church
align,projector,-0.0010,-0.0001,4,church
align,projector,0.0034,0.0003,4,church
align,projector,-0.0004,0.0001,4,church
align,projector,-0.0042,0.0003,4,church
align,projector,0.0050,-0.0001,4,church
align,projector,-0.0005,0.0001,4,church
align,projector,0.0024,0.0001,4,church
align,projector,-0.0012,-0.0000,4,church
align,projector,-0.0038,-0.0001,4,church
align,projector,0.0004,0.0001,4,church
align,projector,-0.0008,-0.0001,4,church
align,projector,-0.0039,-0.0008,4,church
align,projector,0.0027,0.0005,4,church
align,projector,-0.0013,-0.0005,4,church
align,projector,-0.0048,0.0032,4,church
align,projector,0.0001,0.0004,4,church
align,projector,0.0006,0.0003,4,church
align,projector,-0.0009,-0.0002,4,church
align,projector,-0.0029,-0.0002,4,church
align,projector,0.0076,0.0003,4,church
align,projector,-0.0001,0.0002,4,church
align,projector,-0.0040,-0.0005,4,church
align,projector,-0.0010,-0.0003,4,church
align,projector,-0.0020,-0.0006,4,church
align,projector,0.0027,0.0006,4,church
align,projector,-0.0019,-0.0008,4,church
align,projector,0.0001,-0.0002,4,church
align,projector,-0.0005,-0.0001,4,church
align,projector,0.0057,0.0002,4,church
align,projector,-0.0014,-0.0006,4,church
align,projector,-0.0018,-0.0004,4,church
align,projector,-0.0002,0.0001,4,church
align,projector,-0.0033,-0.0003,4,church
align,projector,0.0059,0.0002,4,church
align,projector,-0.0009,-0.0003,4,church
align,projector,-0.0002,-0.0001,4,church
align,projector,-0.0004,0.0001,4,church
align,projector,0.0044,0.0003,4,church
align,projector,-0.0008,-0.0003,4,church
align,projector,-0.0030,-0.0002,4,church
align,projector,0.0018,0.0004,4,church
align,projector,0.0001,-0.0002,4,church
align,projector,0.0040,0.0001,4,church
align,projector,-0.0030,-0.0005,4,church
align,projector,-0.0042,-0.0002,4,church
align,projector,0.0001,-0.0001,4,church
align,projector,0.0000,-0.0002,4,church
align,projector,0.0033,0.0004,4,church
align,projector,-0.0013,-0.0002,4,church
align,projector,-0.0004,-0.0000,4,church
align,projector,-0.0004,-0.0001,4,church
align,projector,-0.0000,-0.0001,4,church
align,projector,-0.0004,-0.0001,4,church
align,projector,-0.0034,-0.0002,4,church
align,projector,-0.0015,-0.0005,4,church
align,projector,-0.0004,0.0002,4,church
align,projector,0.0033,0.0006,4,church
align,projector,-0.0008,-0.0002,4,church
align,projector,-0.0042,0.0001,4,church
align,projector,-0.0005,0.0001,4,church
align,projector,-0.0003,-0.0000,4,church
align,projector,0.0044,0.0002,4,church
align,projector,-0.0003,-0.0000,4,church
align,projector,-0.0037,-0.0006,4,church
align,projector,-0.0038,-0.0005,4,church
align,projector,0.0017,0.0004,4,church
align,projector,-0.0003,-0.0000,4,church
align,projector,-0.0002,-0.0000,4,church
align,projector,0.0004,0.0001,4,church
align,projector,-0.0008,-0.0004,4,church
align,projector,-0.0000,0.0001,4,church
align,projector,-0.0008,-0.0003,4,church
align,projector,-0.0014,-0.0006,4,church
align,projector,-0.0011,-0.0002,4,church
align,projector,-0.0002,0.0001,4,church
align,projector,0.0012,0.0002,4,church
align,projector,-0.0010,-0.0003,4,church
align,projector,0.0000,0.0002,4,church
align,projector,-0.0042,0.0014,4,church
align,projector,-0.0024,-0.0005,4,church
align,projector,-0.0003,-0.0001,4,church
align,projector,-0.0003,-0.0000,4,church
align,projector,-0.0009,0.0001,4,church
align,projector,-0.0002,-0.0002,4,church
align,projector,0.0016,0.0004,4,church
align,projector,-0.0012,-0.0001,4,church
align,projector,0.0042,0.0001,4,church
align,projector,0.0029,0.0005,4,church
align,projector,-0.0015,-0.0005,4,church
align,projector,-0.0005,-0.0000,4,church
align,projector,0.0004,0.0005,4,church
align,projector,-0.0007,-0.0004,4,church
align,projector,-0.0039,0.0010,4,church
align,projector,0.0059,0.0004,4,church
align,projector,-0.0011,-0.0004,4,church
align,projector,-0.0004,0.0000,4,church
align,projector,0.0060,0.0004,4,church
align,projector,0.0051,0.0003,4,church
align,projector,-0.0011,0.0000,4,church
align,projector,-0.0015,-0.0006,4,church
align,projector,0.0001,0.0004,4,church
align,projector,-0.0014,-0.0006,4,church
align,projector,0.0034,0.0004,4,church
align,projector,-0.0016,-0.0005,4,church
align,projector,-0.0002,-0.0002,4,church
align,projector,0.0001,-0.0000,4,church
align,projector,-0.0008,-0.0001,4,church
align,projector,-0.0014,-0.0007,4,church
align,projector,-0.0022,-0.0006,4,church
align,projector,-0.0012,-0.0003,4,church
align,projector,0.0014,0.0004,4,church
align,projector,-0.0044,0.0002,4,church
align,projector,0.0000,0.0001,4,church
align,projector,-0.0024,-0.0004,4,church
align,projector,-0.0007,-0.0004,4,church
align,projector,0.0023,0.0005,4,church
align,projector,-0.0015,-0.0005,4,church
align,projector,-0.0010,-0.0000,4,church
align,projector,0.0003,0.0002,4,church
align,projector,-0.0015,-0.0005,4,church
align,projector,-0.0044,0.0002,4,church
align,projector,0.0063,0.0001,4,church
align,projector,0.0020,0.0004,4,church
align,projector,-0.0012,-0.0000,4,church
align,projector,0.0001,0.0004,4,church
align,projector,0.0005,0.0004,4,church
align,projector,0.0004,0.0003,4,church
align,projector,-0.0012,-0.0002,4,church
align,projector,0.0041,-0.0001,4,church
align,projector,-0.0004,0.0001,4,church
align,projector,-0.0003,0.0001,4,church
align,projector,-0.0000,0.0002,4,church
align,projector,0.0048,0.0003,4,church
align,projector,-0.0012,-0.0002,4,church
align,projector,-0.0008,-0.0001,4,church
align,projector,-0.0007,-0.0003,4,church
align,projector,-0.0007,0.0002,4,church
align,projector,-0.0015,-0.0005,4,church
align,projector,-0.0004,-0.0002,4,church
align,projector,-0.0007,-0.0003,4,church
align,projector,0.0049,-0.0001,4,church
align,projector,0.0029,0.0004,4,church
align,projector,0.0008,0.0003,4,church
align,projector,-0.0008,-0.0003,4,church
align,projector,-0.0037,-0.0004,4,church
align,projector,-0.0004,0.0000,4,church
align,projector,-0.0009,-0.0003,4,church
align,projector,-0.0002,-0.0001,4,church
align,projector,-0.0015,-0.0005,4,church
align,projector,-0.0016,-0.0006,4,church
align,projector,0.0054,0.0003,4,church
align,projector,-0.0003,-0.0001,4,church
align,projector,-0.0015,-0.0006,4,church
align,projector,0.0038,0.0001,4,church
align,projector,-0.0014,-0.0003,4,church
align,projector,-0.0006,-0.0004,4,church
align,projector,0.0002,-0.0001,4,church
align,projector,-0.0011,-0.0002,4,church
align,projector,-0.0037,-0.0005,4,church
align,projector,0.0019,0.0003,4,church
align,projector,0.0011,0.0004,4,church
align,projector,-0.0036,-0.0002,4,church
align,projector,-0.0012,-0.0003,4,church
align,projector,-0.0036,-0.0004,4,church
align,projector,0.0001,-0.0001,4,church
align,projector,-0.0023,-0.0005,4,church
align,projector,-0.0009,-0.0004,4,church
align,projector,-0.0019,-0.0007,4,church
align,projector,-0.0008,-0.0003,4,church
align,projector,0.0037,0.0002,4,church
align,projector,0.0067,0.0003,4,church
align,projector,-0.0014,-0.0003,4,church
align,projector,-0.0042,0.0010,4,church
align,projector,-0.0003,-0.0001,4,church
align,projector,0.0001,0.0002,4,church
align,projector,-0.0005,0.0000,4,church
align,projector,-0.0014,-0.0008,4,church
align,projector,0.0073,0.0003,4,church
align,projector,-0.0014,-0.0003,4,church
align,projector,0.0017,0.0003,4,church
align,projector,-0.0023,-0.0006,4,church
align,projector,-0.0003,-0.0003,4,church
align,projector,-0.0003,-0.0000,4,church
align,projector,-0.0012,-0.0002,4,church
align,projector,-0.0003,-0.0001,4,church
align,projector,0.0000,0.0003,4,church
align,projector,0.0003,0.0004,4,church
align,projector,-0.0016,-0.0006,4,church
align,projector,-0.0030,-0.0005,4,church
align,projector,0.0011,0.0004,4,church
align,projector,-0.0008,-0.0003,4,church
align,projector,-0.0003,-0.0001,4,church
align,projector,-0.0014,-0.0006,4,church
align,projector,0.0013,0.0001,4,church
align,projector,0.0028,0.0005,4,church
align,projector,-0.0043,0.0023,4,church
align,projector,-0.0001,0.0001,4,church
align,projector,0.0059,0.0000,4,church
align,projector,0.0051,0.0002,4,church
align,projector,0.0001,0.0002,4,church
align,projector,-0.0002,0.0001,4,church
align,projector,-0.0010,0.0002,4,church
align,projector,-0.0032,-0.0003,4,church
align,projector,-0.0008,-0.0003,4,church
align,projector,-0.0007,-0.0003,4,church
align,projector,-0.0013,-0.0001,4,church
align,projector,-0.0002,-0.0002,4,church
align,projector,-0.0000,-0.0001,4,church
align,projector,-0.0023,-0.0005,4,church
align,projector,-0.0015,-0.0007,4,church
align,projector,-0.0001,0.0003,4,church
align,projector,-0.0008,-0.0002,4,church
align,projector,-0.0039,-0.0004,4,church
align,projector,-0.0006,-0.0001,4,church
align,projector,-0.0022,-0.0005,4,church
align,projector,-0.0010,0.0000,4,church
align,projector,-0.0002,-0.0001,4,church
align,projector,-0.0014,-0.0003,4,church
align,projector,-0.0010,-0.0003,4,church
align,projector,-0.0015,-0.0003,4,church
align,projector,0.0031,0.0005,4,church
align,projector,0.0000,0.0003,4,church
align,projector,0.0001,0.0002,4,church
align,projector,-0.0008,-0.0003,4,church
align,projector,-0.0012,-0.0002,4,church
align,projector,-0.0013,-0.0004,4,church
align,projector,0.0027,0.0005,4,church
align,projector,0.0023,0.0004,4,church
align,projector,0.0005,0.0002,4,church
align,projector,-0.0008,-0.0002,4,church
align,projector,-0.0009,-0.0002,4,church
align,projector,-0.0009,-0.0002,4,church
align,projector,-0.0007,0.0002,4,church
align,projector,-0.0011,-0.0000,4,church
align,projector,0.0071,0.0000,4,church
align,projector,-0.0009,-0.0002,4,church
align,projector,-0.0012,-0.0003,4,church
align,projector,-0.0007,-0.0003,4,church
align,projector,-0.0012,-0.0001,4,church
align,projector,0.0013,0.0005,4,church
align,projector,-0.0021,-0.0006,4,church
align,projector,0.0051,-0.0001,4,church
align,projector,-0.0033,-0.0002,4,church
align,projector,0.0051,0.0002,4,church
align,projector,-0.0011,-0.0004,4,church
align,projector,-0.0003,-0.0001,4,church
align,projector,-0.0010,-0.0004,4,church
align,projector,0.0014,0.0003,4,church
align,projector,0.0018,0.0003,4,church
align,projector,-0.0015,-0.0008,4,church
align,projector,-0.0003,-0.0002,4,church
align,projector,-0.0016,-0.0005,4,church
align,projector,-0.0000,0.0001,4,church
align,projector,0.0022,0.0005,4,church
align,projector,-0.0011,-0.0003,4,church
align,projector,0.0069,0.0003,4,church
align,projector,-0.0043,0.0004,4,church
align,projector,0.0012,0.0001,4,church
align,projector,-0.0016,-0.0005,4,church
align,projector,-0.0004,-0.0001,4,church
align,projector,-0.0013,-0.0003,4,church
align,projector,-0.0008,-0.0004,4,church
align,projector,-0.0043,0.0002,4,church
align,projector,-0.0007,-0.0003,4,church
align,projector,-0.0005,-0.0000,4,church
align,projector,-0.0009,-0.0003,4,church
align,projector,0.0011,0.0003,4,church
align,projector,-0.0004,-0.0001,4,church
align,projector,-0.0005,-0.0001,4,church
align,projector,-0.0013,-0.0003,4,church
align,projector,0.0003,0.0002,4,church
align,projector,0.0017,0.0002,4,church
align,projector,-0.0012,-0.0002,4,church
align,projector,-0.0004,-0.0001,4,church
align,projector,0.0063,0.0003,4,church
align,projector,0.0000,0.0000,4,church
align,projector,0.0048,0.0002,4,church
align,projector,-0.0024,-0.0004,4,church
align,projector,-0.0010,-0.0003,4,church
align,projector,0.0036,0.0003,4,church
align,projector,0.0006,0.0002,4,church
align,projector,-0.0006,0.0002,4,church
align,projector,0.0040,0.0000,4,church
align,projector,-0.0042,-0.0001,4,church
align,projector,-0.0030,-0.0002,4,church
align,projector,-0.0008,-0.0003,4,church
align,projector,-0.0002,0.0001,4,church
align,projector,-0.0009,-0.0001,4,church
align,projector,0.0046,-0.0001,4,church
align,projector,-0.0014,-0.0003,4,church
align,projector,0.0036,0.0003,4,church
align,projector,0.0009,-0.0001,4,church
align,projector,-0.0014,-0.0005,4,church
align,projector,-0.0014,-0.0006,4,church
align,projector,-0.0015,-0.0006,4,church
align,projector,-0.0005,-0.0001,4,church
align,projector,-0.0006,-0.0004,4,church
align,projector,0.0005,0.0003,4,church
align,projector,-0.0008,-0.0003,4,church
align,projector,0.0050,-0.0000,4,church
align,projector,-0.0040,0.0006,4,church
align,projector,-0.0003,-0.0001,4,church
align,projector,0.0059,0.0000,4,church
align,projector,0.0023,0.0004,4,church
align,projector,-0.0011,-0.0002,4,church
align,projector,-0.0004,-0.0001,4,church
align,projector,0.0035,0.0001,4,church
align,projector,-0.0004,-0.0001,4,church
align,projector,-0.0002,-0.0001,4,church
align,projector,-0.0015,-0.0003,4,church
align,projector,-0.0007,0.0001,4,church
align,projector,0.0001,0.0000,4,church
align,projector,-0.0007,-0.0002,4,church
align,projector,0.0043,0.0003,4,church
align,projector,-0.0010,-0.0004,4,church
align,projector,0.0060,0.0004,4,church
align,projector,0.0017,0.0005,4,church
align,projector,-0.0008,-0.0003,4,church
align,projector,-0.0002,0.0001,4,church
align,projector,0.0006,0.0005,4,church
align,projector,0.0050,0.0001,4,church
align,projector,0.0022,0.0004,4,church
align,projector,-0.0003,-0.0002,4,church
align,projector,-0.0013,-0.0004,4,church
align,projector,0.0003,0.0002,4,church
align,projector,-0.0008,-0.0001,4,church
align,projector,0.0002,-0.0001,4,church
align,projector,-0.0013,-0.0004,4,church
align,projector,-0.0029,-0.0003,4,church
align,projector,0.0023,0.0003,4,church
align,projector,-0.0040,0.0007,4,church
align,projector,-0.0016,-0.0008,4,church
align,projector,0.0001,-0.0000,4,church
align,projector,-0.0011,-0.0004,4,church
align,projector,0.0059,0.0004,4,church
align,projector,-0.0008,0.0000,4,church
align,projector,0.0024,-0.0000,4,church
align,projector,0.0022,0.0005,4,church
align,projector,-0.0016,-0.0006,4,church
align,projector,-0.0015,-0.0007,4,church
align,projector,-0.0005,-0.0005,4,church
align,projector,-0.0009,-0.0001,4,church
align,projector,-0.0009,0.0001,4,church
align,projector,0.0014,0.0000,4,church
align,projector,0.0005,0.0003,4,church
align,projector,-0.0044,-0.0004,4,church
align,projector,-0.0013,-0.0003,4,church
align,projector,-0.0003,-0.0000,4,church
align,projector,-0.0026,-0.0005,4,church
align,projector,-0.0011,-0.0002,4,church
align,projector,-0.0000,-0.0002,4,church
align,projector,0.0002,0.0001,4,church
align,projector,0.0004,0.0003,4,church
align,projector,-0.0010,-0.0002,4,church
align,projector,0.0039,0.0001,4,church
align,projector,-0.0004,-0.0001,4,church
align,projector,-0.0014,-0.0005,4,church
align,projector,-0.0010,-0.0002,4,church
align,projector,0.0002,-0.0001,4,church
align,projector,0.0013,0.0003,4,church
align,projector,-0.0007,-0.0004,4,church
align,projector,-0.0006,-0.0002,4,church
align,projector,-0.0009,-0.0002,4,church
align,projector,-0.0039,-0.0006,4,church
align,projector,-0.0003,-0.0001,4,church
align,projector,-0.0004,-0.0002,4,church
align,projector,-0.0007,-0.0003,4,church
align,projector,0.0055,0.0003,4,church
align,projector,-0.0003,-0.0001,4,church
align,projector,0.0059,-0.0000,4,church
align,projector,-0.0001,-0.0001,5,horn
align,projector,-0.0011,-0.0004,5,horn
align,projector,-0.0010,-0.0004,5,horn
align,projector,-0.0012,-0.0003,5,horn
align,projector,-0.0015,-0.0004,5,horn
align,projector,-0.0043,0.0021,5,horn
align,projector,-0.0013,-0.0005,5,horn
align,projector,0.0020,0.0003,5,horn
align,projector,-0.0023,-0.0005,5,horn
align,projector,-0.0005,0.0000,5,horn
align,projector,-0.0011,-0.0002,5,horn
align,projector,0.0082,0.0002,5,horn
align,projector,0.0047,0.0002,5,horn
align,projector,0.0005,0.0002,5,horn
align,projector,-0.0000,-0.0001,5,horn
align,projector,0.0031,0.0006,5,horn
align,projector,0.0007,0.0002,5,horn
align,projector,-0.0003,-0.0000,5,horn
align,projector,0.0046,0.0003,5,horn
align,projector,0.0001,-0.0000,5,horn
align,projector,-0.0007,0.0000,5,horn
align,projector,-0.0009,-0.0002,5,horn
align,projector,-0.0005,-0.0002,5,horn
align,projector,-0.0001,0.0000,5,horn
align,projector,-0.0008,0.0001,5,horn
align,projector,0.0075,0.0003,5,horn
align,projector,0.0048,0.0001,5,horn
align,projector,-0.0005,0.0000,5,horn
align,projector,0.0011,0.0003,5,horn
align,projector,-0.0003,-0.0002,5,horn
align,projector,-0.0009,-0.0001,5,horn
align,projector,0.0051,-0.0002,5,horn
align,projector,0.0045,0.0004,5,horn
align,projector,0.0020,0.0004,5,horn
align,projector,0.0187,0.0000,5,horn
align,projector,-0.0014,-0.0003,5,horn
align,projector,-0.0013,-0.0003,5,horn
align,projector,-0.0009,-0.0001,5,horn
align,projector,0.0061,0.0001,5,horn
align,projector,0.0060,0.0001,5,horn
align,projector,-0.0010,-0.0003,5,horn
align,projector,-0.0009,-0.0003,5,horn
align,projector,0.0053,0.0002,5,horn
align,projector,0.0050,0.0002,5,horn
align,projector,-0.0001,-0.0000,5,horn
align,projector,-0.0014,-0.0003,5,horn
align,projector,-0.0033,-0.0002,5,horn
align,projector,-0.0006,-0.0003,5,horn
align,projector,-0.0008,-0.0003,5,horn
align,projector,-0.0000,0.0003,5,horn
align,projector,0.0067,0.0008,5,horn
align,projector,-0.0001,-0.0000,5,horn
align,projector,-0.0002,-0.0001,5,horn
align,projector,-0.0013,-0.0004,5,horn
align,projector,-0.0009,-0.0002,5,horn
align,projector,-0.0002,0.0003,5,horn
align,projector,0.0048,0.0003,5,horn
align,projector,0.0024,0.0005,5,horn
align,projector,0.0022,0.0004,5,horn
align,projector,0.0028,0.0004,5,horn
align,projector,-0.0016,-0.0005,5,horn
align,projector,-0.0009,0.0000,5,horn
align,projector,-0.0001,0.0002,5,horn
align,projector,-0.0016,-0.0008,5,horn
align,projector,0.0003,0.0002,5,horn
align,projector,-0.0015,-0.0004,5,horn
align,projector,-0.0008,-0.0004,5,horn
align,projector,0.0041,0.0002,5,horn
align,projector,-0.0004,-0.0001,5,horn
align,projector,-0.0005,-0.0002,5,horn
align,projector,0.0012,0.0007,5,horn
align,projector,-0.0005,-0.0001,5,horn
align,projector,0.0027,0.0005,5,horn
align,projector,-0.0013,-0.0004,5,horn
align,projector,-0.0002,-0.0001,5,horn
align,projector,-0.0013,-0.0004,5,horn
align,projector,-0.0013,-0.0005,5,horn
align,projector,0.0047,0.0001,5,horn
align,projector,0.0015,0.0005,5,horn
align,projector,-0.0008,-0.0005,5,horn
align,projector,-0.0006,-0.0001,5,horn
align,projector,0.0073,0.0001,5,horn
align,projector,-0.0012,-0.0004,5,horn
align,projector,-0.0008,-0.0001,5,horn
align,projector,-0.0023,-0.0002,5,horn
align,projector,-0.0018,-0.0007,5,horn
align,projector,-0.0003,0.0000,5,horn
align,projector,-0.0002,0.0001,5,horn
align,projector,-0.0004,-0.0001,5,horn
align,projector,0.0048,0.0003,5,horn
align,projector,-0.0034,-0.0002,5,horn
align,projector,-0.0017,-0.0006,5,horn
align,projector,-0.0003,-0.0001,5,horn
align,projector,-0.0016,-0.0005,5,horn
align,projector,-0.0013,-0.0004,5,horn
align,projector,0.0021,0.0003,5,horn
align,projector,-0.0008,-0.0003,5,horn
align,projector,-0.0006,-0.0002,5,horn
align,projector,0.0002,0.0000,5,horn
align,projector,-0.0007,0.0001,5,horn
align,projector,-0.0003,-0.0001,5,horn
align,projector,0.0000,0.0001,5,horn
align,projector,0.0057,-0.0000,5,horn
align,projector,-0.0010,-0.0003,5,horn
align,projector,-0.0004,0.0001,5,horn
align,projector,-0.0007,0.0000,5,horn
align,projector,-0.0003,0.0000,5,horn
align,projector,-0.0013,0.0000,5,horn
align,projector,0.0070,0.0001,5,horn
align,projector,-0.0004,-0.0000,5,horn
align,projector,-0.0002,0.0001,5,horn
align,projector,0.0034,0.0005,5,horn
align,projector,0.0032,0.0003,5,horn
align,projector,0.0020,0.0005,5,horn
align,projector,-0.0004,-0.0000,5,horn
align,projector,-0.0002,-0.0003,5,horn
align,projector,-0.0012,-0.0006,5,horn
align,projector,-0.0004,0.0002,5,horn
align,projector,0.0058,0.0004,5,horn
align,projector,-0.0006,-0.0005,5,horn
align,projector,-0.0006,-0.0003,5,horn
align,projector,-0.0005,0.0000,5,horn
align,projector,0.0010,0.0002,5,horn
align,projector,-0.0002,-0.0002,5,horn
align,projector,-0.0009,-0.0003,5,horn
align,projector,0.0059,-0.0002,5,horn
align,projector,-0.0014,-0.0002,5,horn
align,projector,0.0019,0.0003,5,horn
align,projector,0.0026,0.0006,5,horn
align,projector,-0.0015,-0.0006,5,horn
align,projector,0.0012,0.0004,5,horn
align,projector,-0.0008,-0.0003,5,horn
align,projector,-0.0017,-0.0005,5,horn
align,projector,-0.0006,0.0001,5,horn
align,projector,-0.0004,0.0000,5,horn
align,projector,0.0050,0.0004,5,horn
align,projector,-0.0038,-0.0006,5,horn
align,projector,-0.0003,0.0001,5,horn
align,projector,-0.0003,-0.0002,5,horn
align,projector,-0.0016,-0.0008,5,horn
align,projector,-0.0006,-0.0004,5,horn
align,projector,0.0037,0.0002,5,horn
align,projector,-0.0031,-0.0004,5,horn
align,projector,-0.0009,-0.0004,5,horn
align,projector,-0.0032,-0.0005,5,horn
align,projector,-0.0035,-0.0001,5,horn
align,projector,-0.0014,-0.0005,5,horn
align,projector,-0.0014,-0.0002,5,horn
align,projector,-0.0004,-0.0002,5,horn
align,projector,-0.0032,-0.0003,5,horn
align,projector,-0.0007,-0.0002,5,horn
align,projector,-0.0008,0.0000,5,horn
align,projector,0.0009,-0.0001,5,horn
align,projector,-0.0016,-0.0006,5,horn
align,projector,0.0032,0.0004,5,horn
align,projector,0.0004,0.0002,5,horn
align,projector,-0.0004,0.0000,5,horn
align,projector,0.0002,0.0002,5,horn
align,projector,0.0013,0.0002,5,horn
align,projector,-0.0006,0.0001,5,horn
align,projector,-0.0020,-0.0007,5,horn
align,projector,-0.0001,0.0000,5,horn
align,projector,0.0060,0.0002,5,horn
align,projector,0.0034,0.0003,5,horn
align,projector,0.0002,0.0001,5,horn
align,projector,-0.0002,-0.0001,5,horn
align,projector,-0.0010,-0.0003,5,horn
align,projector,-0.0012,-0.0006,5,horn
align,projector,0.0006,0.0002,5,horn
align,projector,-0.0008,0.0001,5,horn
align,projector,0.0013,0.0001,5,horn
align,projector,0.0010,0.0001,5,horn
align,projector,-0.0017,-0.0005,5,horn
align,projector,-0.0005,-0.0002,5,horn
align,projector,-0.0003,-0.0001,5,horn
align,projector,-0.0003,-0.0001,5,horn
align,projector,-0.0011,-0.0003,5,horn
align,projector,-0.0009,-0.0001,5,horn
align,projector,-0.0004,-0.0001,5,horn
align,projector,-0.0012,-0.0003,5,horn
align,projector,-0.0009,-0.0004,5,horn
align,projector,-0.0007,-0.0003,5,horn
align,projector,-0.0002,-0.0002,5,horn
align,projector,0.0007,0.0004,5,horn
align,projector,-0.0010,-0.0002,5,horn
align,projector,-0.0015,-0.0006,5,horn
align,projector,0.0029,0.0003,5,horn
align,projector,0.0004,0.0003,5,horn
align,projector,-0.0009,-0.0004,5,horn
align,projector,-0.0010,-0.0003,5,horn
align,projector,0.0012,0.0005,5,horn
align,projector,0.0064,0.0002,5,horn
align,projector,0.0053,-0.0003,5,horn
align,projector,-0.0005,0.0000,5,horn
align,projector,-0.0023,-0.0005,5,horn
align,projector,-0.0007,-0.0003,5,horn
align,projector,0.0064,0.0004,5,horn
align,projector,-0.0004,-0.0001,5,horn
align,projector,0.0022,0.0003,5,horn
align,projector,-0.0004,-0.0000,5,horn
align,projector,-0.0012,-0.0002,5,horn
align,projector,-0.0008,-0.0004,5,horn
align,projector,-0.0007,-0.0004,5,horn
align,projector,0.0003,0.0002,5,horn
align,projector,0.0001,0.0002,5,horn
align,projector,-0.0013,-0.0004,5,horn
align,projector,-0.0006,-0.0002,5,horn
align,projector,0.0134,0.0003,5,horn
align,projector,-0.0008,-0.0003,5,horn
align,projector,-0.0005,0.0000,5,horn
align,projector,-0.0014,-0.0003,5,horn
align,projector,-0.0000,-0.0001,5,horn
align,projector,0.0053,-0.0002,5,horn
align,projector,-0.0002,-0.0000,5,horn
align,projector,0.0001,0.0000,5,horn
align,projector,-0.0009,-0.0002,5,horn
align,projector,0.0050,0.0000,5,horn
align,projector,0.0004,0.0002,5,horn
align,projector,0.0004,0.0004,5,horn
align,projector,-0.0012,-0.0002,5,horn
align,projector,-0.0002,-0.0000,5,horn
align,projector,0.0028,0.0005,5,horn
align,projector,0.0043,0.0004,5,horn
align,projector,0.0028,0.0005,5,horn
align,projector,-0.0011,-0.0002,5,horn
align,projector,-0.0016,-0.0005,5,horn
align,projector,-0.0017,-0.0005,5,horn
align,projector,0.0002,0.0002,5,horn
align,projector,0.0022,0.0002,5,horn
align,projector,-0.0030,-0.0003,5,horn
align,projector,-0.0017,-0.0005,5,horn
align,projector,0.0004,0.0004,5,horn
align,projector,-0.0013,-0.0003,5,horn
align,projector,-0.0014,-0.0007,5,horn
align,projector,0.0005,0.0004,5,horn
align,projector,0.0003,0.0000,5,horn
align,projector,-0.0008,-0.0003,5,horn
align,projector,0.0034,0.0009,5,horn
align,projector,0.0028,0.0003,5,horn
align,projector,-0.0009,-0.0001,5,horn
align,projector,-0.0011,-0.0002,5,horn
align,projector,0.0008,0.0000,5,horn
align,projector,0.0071,0.0002,5,horn
align,projector,-0.0026,-0.0004,5,horn
align,projector,-0.0000,0.0002,5,horn
align,projector,-0.0016,-0.0005,5,horn
align,projector,-0.0009,-0.0003,5,horn
align,projector,-0.0013,-0.0006,5,horn
align,projector,0.0004,0.0002,5,horn
align,projector,-0.0009,-0.0004,5,horn
align,projector,-0.0006,0.0000,5,horn
align,projector,-0.0038,-0.0007,5,horn
align,projector,-0.0008,-0.0003,5,horn
align,projector,0.0032,0.0004,5,horn
align,projector,0.0023,0.0004,5,horn
align,projector,-0.0007,-0.0004,5,horn
align,projector,0.0005,0.0002,5,horn
align,projector,0.0011,0.0002,5,horn
align,projector,0.0005,0.0004,5,horn
align,projector,-0.0013,-0.0003,5,horn
align,projector,0.0071,0.0002,5,horn
align,projector,0.0000,0.0003,5,horn
align,projector,0.0060,0.0000,5,horn
align,projector,0.0023,0.0007,5,horn
align,projector,0.0025,0.0004,5,horn
align,projector,-0.0004,-0.0001,5,horn
align,projector,0.0036,0.0004,5,horn
align,projector,-0.0032,-0.0003,5,horn
align,projector,-0.0014,-0.0001,5,horn
align,projector,0.0061,0.0002,5,horn
align,projector,-0.0003,-0.0001,5,horn
align,projector,-0.0017,-0.0005,5,horn
align,projector,0.0052,-0.0000,5,horn
align,projector,0.0051,0.0002,5,horn
align,projector,0.0070,0.0001,5,horn
align,projector,0.0059,0.0001,5,horn
align,projector,-0.0003,-0.0002,5,horn
align,projector,0.0020,0.0004,5,horn
align,projector,-0.0002,-0.0002,5,horn
align,projector,0.0051,0.0003,5,horn
align,projector,0.0009,0.0005,5,horn
align,projector,0.0015,0.0004,5,horn
align,projector,-0.0008,0.0000,5,horn
align,projector,-0.0040,0.0005,5,horn
align,projector,0.0019,0.0001,5,horn
align,projector,0.0030,0.0006,5,horn
align,projector,-0.0005,-0.0002,5,horn
align,projector,-0.0014,-0.0006,5,horn
align,projector,-0.0008,0.0000,5,horn
align,projector,-0.0011,-0.0003,5,horn
align,projector,-0.0034,-0.0001,5,horn
align,projector,-0.0002,-0.0000,5,horn
align,projector,-0.0000,-0.0001,5,horn
align,projector,-0.0012,-0.0002,5,horn
align,projector,-0.0014,-0.0005,5,horn
align,projector,0.0039,0.0003,5,horn
align,projector,-0.0000,-0.0001,5,horn
align,projector,0.0058,0.0000,5,horn
align,projector,0.0053,-0.0003,5,horn
align,projector,-0.0015,-0.0003,5,horn
align,projector,0.0006,0.0003,5,horn
align,projector,-0.0003,-0.0002,5,horn
align,projector,-0.0006,0.0001,5,horn
align,projector,-0.0015,-0.0005,5,horn
align,projector,-0.0010,-0.0003,5,horn
align,projector,-0.0006,0.0001,5,horn
align,projector,-0.0002,-0.0001,5,horn
align,projector,-0.0011,-0.0003,5,horn
align,projector,-0.0007,-0.0003,5,horn
align,projector,-0.0013,-0.0002,5,horn
align,projector,-0.0008,-0.0003,5,horn
align,projector,0.0039,0.0000,5,horn
align,projector,0.0020,0.0002,5,horn
align,projector,0.0037,0.0002,5,horn
align,projector,0.0020,0.0005,5,horn
align,projector,0.0002,0.0002,5,horn
align,projector,0.0028,0.0005,5,horn
align,projector,0.0043,0.0001,5,horn
align,projector,-0.0008,-0.0003,5,horn
align,projector,0.0019,0.0005,5,horn
align,projector,-0.0008,-0.0003,5,horn
align,projector,-0.0034,0.0013,5,horn
align,projector,0.0003,0.0003,5,horn
align,projector,-0.0039,-0.0004,5,horn
align,projector,0.0003,0.0001,5,horn
align,projector,-0.0007,-0.0004,5,horn
align,projector,-0.0010,-0.0004,5,horn
align,projector,0.0003,0.0003,5,horn
align,projector,-0.0006,-0.0001,5,horn
align,projector,-0.0005,-0.0000,5,horn
align,projector,0.0066,0.0002,5,horn
align,projector,0.0056,-0.0000,5,horn
align,projector,0.0000,-0.0002,5,horn
align,projector,0.0003,-0.0001,5,horn
align,projector,0.0001,0.0000,5,horn
align,projector,0.0045,0.0002,5,horn
align,projector,-0.0012,-0.0001,5,horn
align,projector,-0.0008,0.0000,5,horn
align,projector,0.0050,0.0003,5,horn
align,projector,0.0000,-0.0000,5,horn
align,projector,0.0041,0.0004,5,horn
align,projector,0.0043,0.0002,5,horn
align,projector,0.0004,-0.0002,5,horn
align,projector,0.0063,0.0004,5,horn
align,projector,0.0002,-0.0000,5,horn
align,projector,-0.0010,-0.0001,5,horn
align,projector,-0.0001,0.0001,5,horn
align,projector,-0.0014,-0.0003,5,horn
align,projector,0.0021,0.0002,5,horn
align,projector,0.0039,0.0005,5,horn
align,projector,-0.0023,-0.0004,5,horn
align,projector,0.0001,0.0000,5,horn
align,projector,-0.0011,-0.0002,5,horn
align,projector,0.0040,0.0004,5,horn
align,projector,0.0054,0.0001,5,horn
align,projector,-0.0003,0.0000,5,horn
align,projector,0.0008,0.0004,5,horn
align,projector,-0.0007,-0.0004,5,horn
align,projector,0.0033,0.0006,5,horn
align,projector,0.0062,-0.0001,5,horn
align,projector,-0.0002,-0.0000,5,horn
align,projector,0.0053,0.0001,5,horn
align,projector,0.0033,0.0005,5,horn
align,projector,0.0028,0.0005,5,horn
align,projector,-0.0046,0.0000,5,horn
align,projector,-0.0019,-0.0007,5,horn
align,projector,0.0064,0.0002,5,horn
align,projector,-0.0012,-0.0002,5,horn
align,projector,-0.0003,-0.0001,5,horn
align,projector,-0.0037,-0.0005,5,horn
align,projector,-0.0002,-0.0003,5,horn
align,projector,0.0002,0.0001,5,horn
align,projector,0.0010,0.0002,5,horn
align,projector,0.0072,-0.0002,5,horn
align,projector,-0.0005,0.0001,5,horn
align,projector,-0.0006,-0.0003,5,horn
align,projector,-0.0006,-0.0003,5,horn
align,projector,0.0012,0.0005,5,horn
align,projector,0.0004,0.0001,5,horn
align,projector,0.0013,0.0005,5,horn
align,projector,0.0042,0.0004,5,horn
align,projector,-0.0017,-0.0005,5,horn
align,projector,-0.0002,-0.0002,5,horn
align,projector,0.0054,-0.0000,5,horn
align,projector,0.0031,0.0005,5,horn
align,projector,0.0022,0.0004,5,horn
align,projector,-0.0039,-0.0006,5,horn
align,projector,-0.0007,-0.0003,5,horn
align,projector,0.0056,-0.0000,5,horn
align,projector,0.0069,0.0000,5,horn
align,projector,-0.0006,-0.0002,5,horn
align,projector,0.0014,0.0004,5,horn
align,projector,0.0039,-0.0000,5,horn
align,projector,-0.0007,-0.0003,5,horn
align,projector,-0.0040,-0.0006,6,truck
align,projector,-0.0026,-0.0003,6,truck
align,projector,-0.0015,-0.0001,6,truck
align,projector,-0.0015,-0.0004,6,truck
align,projector,-0.0017,-0.0005,6,truck
align,projector,-0.0019,-0.0005,6,truck
align,projector,-0.0013,-0.0002,6,truck
align,projector,-0.0012,-0.0002,6,truck
align,projector,-0.0009,-0.0001,6,truck
align,projector,-0.0037,-0.0008,6,truck
align,projector,-0.0015,-0.0006,6,truck
align,projector,-0.0039,-0.0002,6,truck
align,projector,-0.0037,-0.0002,6,truck
align,projector,-0.0001,0.0001,6,truck
align,projector,0.0002,-0.0001,6,truck
align,projector,0.0031,0.0005,6,truck
align,projector,0.0014,0.0001,6,truck
align,projector,-0.0012,-0.0005,6,truck
align,projector,0.0000,-0.0002,6,truck
align,projector,-0.0013,-0.0004,6,truck
align,projector,0.0078,0.0003,6,truck
align,projector,-0.0025,-0.0003,6,truck
align,projector,-0.0015,-0.0005,6,truck
align,projector,-0.0008,0.0000,6,truck
align,projector,-0.0036,-0.0002,6,truck
align,projector,-0.0041,0.0004,6,truck
align,projector,-0.0004,-0.0001,6,truck
align,projector,-0.0003,-0.0002,6,truck
align,projector,-0.0002,0.0001,6,truck
align,projector,0.0003,0.0002,6,truck
align,projector,-0.0004,-0.0001,6,truck
align,projector,-0.0020,-0.0007,6,truck
align,projector,-0.0010,-0.0002,6,truck
align,projector,-0.0040,0.0006,6,truck
align,projector,-0.0017,-0.0005,6,truck
align,projector,-0.0004,-0.0002,6,truck
align,projector,-0.0009,-0.0002,6,truck
align,projector,-0.0033,-0.0002,6,truck
align,projector,0.0000,-0.0001,6,truck
align,projector,-0.0039,-0.0008,6,truck
align,projector,-0.0032,-0.0003,6,truck
align,projector,-0.0004,-0.0002,6,truck
align,projector,-0.0039,-0.0005,6,truck
align,projector,-0.0011,-0.0003,6,truck
align,projector,-0.0004,-0.0001,6,truck
align,projector,-0.0004,-0.0000,6,truck
align,projector,0.0038,0.0001,6,truck
align,projector,-0.0009,-0.0002,6,truck
align,projector,0.0000,0.0002,6,truck
align,projector,0.0000,-0.0001,6,truck
align,projector,-0.0014,0.0001,6,truck
align,projector,0.0015,0.0004,6,truck
align,projector,-0.0027,-0.0005,6,truck
align,projector,0.0031,0.0004,6,truck
align,projector,0.0054,0.0002,6,truck
align,projector,0.0004,-0.0001,6,truck
align,projector,-0.0009,-0.0001,6,truck
align,projector,-0.0007,-0.0003,6,truck
align,projector,0.0038,-0.0002,6,truck
align,projector,-0.0016,-0.0005,6,truck
align,projector,-0.0041,0.0004,6,truck
align,projector,0.0013,0.0005,6,truck
align,projector,-0.0009,-0.0005,6,truck
align,projector,-0.0002,-0.0002,6,truck
align,projector,-0.0001,0.0003,6,truck
align,projector,-0.0018,-0.0005,6,truck
align,projector,-0.0004,-0.0000,6,truck
align,projector,-0.0012,-0.0003,6,truck
align,projector,-0.0040,0.0007,6,truck
align,projector,0.0035,0.0006,6,truck
align,projector,-0.0015,-0.0006,6,truck
align,projector,0.0066,-0.0000,6,truck
align,projector,-0.0022,-0.0005,6,truck
align,projector,-0.0017,-0.0005,6,truck
align,projector,-0.0018,-0.0006,6,truck
align,projector,-0.0015,-0.0002,6,truck
align,projector,-0.0010,-0.0002,6,truck
align,projector,-0.0016,-0.0007,6,truck
align,projector,-0.0015,-0.0006,6,truck
align,projector,-0.0003,-0.0002,6,truck
align,projector,-0.0022,-0.0005,6,truck
align,projector,0.0002,0.0003,6,truck
align,projector,-0.0016,-0.0005,6,truck
align,projector,-0.0007,-0.0004,6,truck
align,projector,-0.0014,-0.0005,6,truck
align,projector,-0.0006,-0.0004,6,truck
align,projector,0.0010,0.0003,6,truck
align,projector,-0.0019,-0.0005,6,truck
align,projector,0.0010,0.0003,6,truck
align,projector,-0.0001,-0.0002,6,truck
align,projector,-0.0000,-0.0001,6,truck
align,projector,-0.0011,-0.0004,6,truck
align,projector,-0.0012,-0.0001,6,truck
align,projector,0.0035,0.0003,6,truck
align,projector,-0.0033,-0.0003,6,truck
align,projector,-0.0011,-0.0006,6,truck
align,projector,-0.0010,-0.0003,6,truck
align,projector,0.0033,0.0004,6,truck
align,projector,0.0056,0.0002,6,truck
align,projector,-0.0017,-0.0006,6,truck
align,projector,-0.0032,-0.0002,6,truck
align,projector,-0.0038,-0.0004,6,truck
align,projector,0.0066,0.0001,6,truck
align,projector,-0.0035,-0.0003,6,truck
align,projector,-0.0036,-0.0005,6,truck
align,projector,-0.0008,-0.0003,6,truck
align,projector,0.0070,0.0003,6,truck
align,projector,0.0079,0.0004,6,truck
align,projector,0.0010,0.0002,6,truck
align,projector,-0.0001,-0.0001,6,truck
align,projector,-0.0000,-0.0002,6,truck
align,projector,-0.0014,-0.0002,6,truck
align,projector,-0.0011,-0.0002,6,truck
align,projector,-0.0001,0.0002,6,truck
align,projector,-0.0040,0.0003,6,truck
align,projector,-0.0030,-0.0003,6,truck
align,projector,0.0071,-0.0001,6,truck
align,projector,-0.0040,0.0009,6,truck
align,projector,-0.0017,-0.0005,6,truck
align,projector,-0.0015,-0.0004,6,truck
align,projector,-0.0009,-0.0001,6,truck
align,projector,-0.0025,-0.0004,6,truck
align,projector,-0.0008,-0.0003,6,truck
align,projector,-0.0015,-0.0005,6,truck
align,projector,-0.0039,-0.0004,6,truck
align,projector,0.0014,0.0003,6,truck
align,projector,-0.0002,-0.0001,6,truck
align,projector,-0.0046,0.0003,6,truck
align,projector,-0.0033,-0.0003,6,truck
align,projector,-0.0043,0.0001,6,truck
align,projector,-0.0042,-0.0000,6,truck
align,projector,0.0077,-0.0000,6,truck
align,projector,-0.0014,-0.0005,6,truck
align,projector,-0.0012,-0.0003,6,truck
align,projector,-0.0013,-0.0006,6,truck
align,projector,-0.0014,-0.0002,6,truck
align,projector,-0.0006,-0.0004,6,truck
align,projector,-0.0004,-0.0000,6,truck
align,projector,-0.0011,-0.0001,6,truck
align,projector,0.0034,0.0008,6,truck
align,projector,-0.0015,-0.0006,6,truck
align,projector,-0.0018,-0.0006,6,truck
align,projector,-0.0023,-0.0004,6,truck
align,projector,0.0006,0.0005,6,truck
align,projector,-0.0010,-0.0003,6,truck
align,projector,-0.0004,-0.0001,6,truck
align,projector,0.0076,0.0002,6,truck
align,projector,-0.0018,-0.0004,6,truck
align,projector,-0.0026,-0.0003,6,truck
align,projector,-0.0008,-0.0004,6,truck
align,projector,-0.0016,-0.0006,6,truck
align,projector,-0.0016,-0.0004,6,truck
align,projector,-0.0024,-0.0004,6,truck
align,projector,-0.0005,0.0000,6,truck
align,projector,0.0000,0.0003,6,truck
align,projector,-0.0011,-0.0001,6,truck
align,projector,-0.0012,-0.0002,6,truck
align,projector,-0.0015,-0.0006,6,truck
align,projector,-0.0012,-0.0002,6,truck
align,projector,-0.0042,0.0013,6,truck
align,projector,-0.0036,-0.0005,6,truck
align,projector,-0.0008,0.0001,6,truck
align,projector,-0.0001,0.0003,6,truck
align,projector,-0.0014,-0.0005,6,truck
align,projector,-0.0014,-0.0007,6,truck
align,projector,-0.0010,-0.0000,6,truck
align,projector,-0.0012,-0.0003,6,truck
align,projector,0.0020,0.0005,6,truck
align,projector,-0.0027,-0.0005,6,truck
align,projector,0.0056,0.0002,6,truck
align,projector,-0.0002,-0.0001,6,truck
align,projector,-0.0005,-0.0000,6,truck
align,projector,0.0023,0.0006,6,truck
align,projector,-0.0001,-0.0001,6,truck
align,projector,-0.0014,-0.0005,6,truck
align,projector,-0.0013,-0.0001,6,truck
align,projector,-0.0002,-0.0001,6,truck
align,projector,-0.0010,-0.0003,6,truck
align,projector,-0.0010,-0.0003,6,truck
align,projector,-0.0015,-0.0004,6,truck
align,projector,-0.0040,-0.0006,6,truck
align,projector,-0.0009,-0.0001,6,truck
align,projector,-0.0016,-0.0007,6,truck
align,projector,-0.0035,-0.0001,6,truck
align,projector,-0.0003,0.0001,6,truck
align,projector,-0.0043,-0.0006,6,truck
align,projector,0.0042,-0.0001,6,truck
align,projector,-0.0006,-0.0002,6,truck
align,projector,-0.0005,0.0001,6,truck
align,projector,-0.0013,-0.0005,6,truck
align,projector,-0.0016,-0.0005,6,truck
align,projector,-0.0013,-0.0006,6,truck
align,projector,0.0013,0.0002,6,truck
align,projector,-0.0012,-0.0003,6,truck
align,projector,0.0003,0.0001,6,truck
align,projector,-0.0015,-0.0006,6,truck
align,projector,0.0072,0.0001,6,truck
align,projector,-0.0041,0.0003,6,truck
align,projector,-0.0030,-0.0005,6,truck
align,projector,-0.0009,-0.0001,6,truck
align,projector,-0.0045,0.0036,6,truck
align,projector,0.0019,0.0004,6,truck
align,projector,-0.0006,-0.0004,6,truck
align,projector,-0.0005,-0.0001,6,truck
align,projector,-0.0000,0.0001,6,truck
align,projector,-0.0027,-0.0002,6,truck
align,projector,-0.0003,-0.0000,6,truck
align,projector,-0.0001,0.0000,6,truck
align,projector,-0.0011,-0.0003,6,truck
align,projector,-0.0011,-0.0001,6,truck
align,projector,0.0003,0.0002,6,truck
align,projector,-0.0037,-0.0002,6,truck
align,projector,-0.0017,-0.0007,6,truck
align,projector,0.0006,0.0001,6,truck
align,projector,-0.0013,-0.0004,6,truck
align,projector,-0.0041,0.0010,6,truck
align,projector,-0.0024,-0.0003,6,truck
align,projector,-0.0021,-0.0004,6,truck
align,projector,-0.0002,-0.0001,6,truck
align,projector,0.0024,0.0002,6,truck
align,projector,0.0035,0.0001,6,truck
align,projector,-0.0024,-0.0005,6,truck
align,projector,-0.0001,-0.0002,6,truck
align,projector,-0.0013,-0.0004,6,truck
align,projector,-0.0001,0.0000,6,truck
align,projector,-0.0015,-0.0003,6,truck
align,projector,-0.0016,-0.0002,6,truck
align,projector,-0.0045,0.0001,6,truck
align,projector,0.0032,0.0004,6,truck
align,projector,-0.0044,0.0003,6,truck
align,projector,0.0070,0.0001,6,truck
align,projector,-0.0006,-0.0001,6,truck
align,projector,-0.0010,-0.0002,6,truck
align,projector,-0.0038,0.0005,6,truck
align,projector,-0.0034,-0.0002,6,truck
align,projector,-0.0011,-0.0003,6,truck
align,projector,-0.0010,-0.0003,6,truck
align,projector,-0.0017,-0.0005,6,truck
align,projector,-0.0033,-0.0003,6,truck
align,projector,-0.0043,0.0002,6,truck
align,projector,0.0012,0.0004,6,truck
align,projector,0.0016,0.0004,6,truck
align,projector,-0.0012,-0.0003,6,truck
align,projector,0.0018,0.0006,6,truck
align,projector,-0.0011,-0.0002,6,truck
align,projector,-0.0003,-0.0003,6,truck
align,projector,-0.0002,-0.0001,6,truck
align,projector,-0.0013,-0.0007,6,truck
align,projector,0.0029,0.0006,6,truck
align,projector,-0.0010,-0.0003,6,truck
align,projector,-0.0005,0.0000,6,truck
align,projector,-0.0042,0.0005,6,truck
align,projector,-0.0042,0.0003,6,truck
align,projector,-0.0012,-0.0002,6,truck
align,projector,-0.0041,-0.0006,6,truck
align,projector,-0.0037,-0.0006,6,truck
align,projector,0.0033,0.0005,6,truck
align,projector,-0.0007,-0.0001,6,truck
align,projector,0.0068,0.0001,6,truck
align,projector,-0.0005,-0.0001,6,truck
align,projector,-0.0016,-0.0005,6,truck
align,projector,-0.0011,-0.0004,6,truck
align,projector,-0.0010,-0.0002,6,truck
align,projector,-0.0022,-0.0005,6,truck
align,projector,-0.0035,-0.0004,6,truck
align,projector,0.0004,0.0001,6,truck
align,projector,-0.0009,-0.0002,6,truck
align,projector,0.0038,0.0003,6,truck
align,projector,-0.0022,-0.0003,6,truck
align,projector,0.0085,0.0003,6,truck
align,projector,-0.0013,-0.0004,6,truck
align,projector,-0.0011,-0.0003,6,truck
align,projector,-0.0000,0.0000,6,truck
align,projector,0.0061,0.0001,6,truck
align,projector,-0.0013,-0.0004,6,truck
align,projector,-0.0007,-0.0002,6,truck
align,projector,0.0070,0.0001,6,truck
align,projector,0.0022,0.0005,6,truck
align,projector,-0.0018,-0.0006,6,truck
align,projector,-0.0001,0.0000,6,truck
align,projector,0.0071,0.0002,6,truck
align,projector,-0.0002,-0.0001,6,truck
align,projector,0.0035,0.0005,6,truck
align,projector,0.0071,-0.0000,6,truck
align,projector,-0.0012,-0.0001,6,truck
align,projector,-0.0025,-0.0005,6,truck
align,projector,0.0061,0.0003,6,truck
align,projector,-0.0011,-0.0003,6,truck
align,projector,-0.0015,-0.0004,6,truck
align,projector,-0.0016,-0.0006,6,truck
align,projector,-0.0017,-0.0006,6,truck
align,projector,-0.0002,-0.0001,6,truck
align,projector,0.0021,0.0002,6,truck
align,projector,0.0006,0.0001,6,truck
align,projector,0.0024,0.0005,6,truck
align,projector,-0.0043,0.0002,6,truck
align,projector,0.0002,0.0000,6,truck
align,projector,0.0034,0.0007,6,truck
align,projector,-0.0014,-0.0006,6,truck
align,projector,-0.0021,-0.0006,6,truck
align,projector,0.0001,0.0003,6,truck
align,projector,-0.0010,-0.0002,6,truck
align,projector,-0.0018,-0.0006,6,truck
align,projector,0.0001,-0.0001,6,truck
align,projector,0.0001,0.0001,6,truck
align,projector,-0.0007,-0.0003,6,truck
align,projector,-0.0001,-0.0001,6,truck
align,projector,0.0033,0.0006,6,truck
align,projector,-0.0001,-0.0001,6,truck
align,projector,0.0005,0.0001,6,truck
align,projector,-0.0036,-0.0007,6,truck
align,projector,-0.0016,-0.0004,6,truck
align,projector,-0.0034,-0.0002,6,truck
align,projector,-0.0042,0.0021,6,truck
align,projector,-0.0014,-0.0005,6,truck
align,projector,0.0006,0.0005,6,truck
align,projector,-0.0007,-0.0002,6,truck
align,projector,0.0023,0.0004,6,truck
align,projector,-0.0014,-0.0006,6,truck
align,projector,-0.0009,-0.0003,6,truck
align,projector,-0.0009,-0.0000,6,truck
align,projector,-0.0009,-0.0003,6,truck
align,projector,0.0069,0.0004,6,truck
align,projector,0.0020,0.0002,6,truck
align,projector,0.0032,0.0006,6,truck
align,projector,0.0003,0.0002,6,truck
align,projector,-0.0001,0.0002,6,truck
align,projector,-0.0014,-0.0006,6,truck
align,projector,0.0010,0.0002,6,truck
align,projector,0.0002,0.0002,6,truck
align,projector,0.0025,0.0002,6,truck
align,projector,0.0061,-0.0001,6,truck
align,projector,0.0047,0.0002,6,truck
align,projector,-0.0008,-0.0003,6,truck
align,projector,-0.0011,-0.0000,6,truck
align,projector,-0.0003,-0.0002,6,truck
align,projector,-0.0011,-0.0003,6,truck
align,projector,-0.0001,-0.0001,6,truck
align,projector,-0.0012,-0.0000,6,truck
align,projector,-0.0018,-0.0009,6,truck
align,projector,-0.0011,-0.0003,6,truck
align,projector,-0.0038,-0.0003,6,truck
align,projector,-0.0005,-0.0004,6,truck
align,projector,-0.0002,-0.0000,6,truck
align,projector,-0.0015,-0.0006,6,truck
align,projector,-0.0044,0.0003,6,truck
align,projector,-0.0031,-0.0003,6,truck
align,projector,0.0044,0.0002,6,truck
align,projector,-0.0016,-0.0005,6,truck
align,projector,-0.0034,-0.0003,6,truck
align,projector,-0.0017,-0.0004,6,truck
align,projector,-0.0009,-0.0002,6,truck
align,projector,-0.0029,-0.0008,6,truck
align,projector,0.0062,0.0001,6,truck
align,projector,-0.0008,-0.0003,6,truck
align,projector,-0.0007,-0.0004,6,truck
align,projector,0.0039,0.0004,6,truck
align,projector,-0.0017,-0.0004,6,truck
align,projector,-0.0008,-0.0003,6,truck
align,projector,-0.0006,-0.0004,6,truck
align,projector,0.0003,0.0000,6,truck
align,projector,-0.0042,0.0002,6,truck
align,projector,-0.0007,-0.0003,6,truck
align,projector,-0.0011,-0.0002,6,truck
align,projector,-0.0017,-0.0005,6,truck
align,projector,0.0002,0.0004,6,truck
align,projector,-0.0012,-0.0000,6,truck
align,projector,-0.0024,-0.0006,6,truck
align,projector,-0.0013,-0.0005,6,truck
align,projector,-0.0004,-0.0001,6,truck
align,projector,-0.0019,-0.0005,6,truck
align,projector,-0.0012,-0.0004,6,truck
align,projector,-0.0025,-0.0002,6,truck
align,projector,-0.0014,-0.0003,6,truck
align,projector,-0.0015,-0.0004,6,truck
align,projector,-0.0008,-0.0002,6,truck
align,projector,0.0023,0.0004,6,truck
align,projector,-0.0016,-0.0004,6,truck
align,projector,-0.0023,-0.0003,6,truck
align,projector,0.0058,-0.0001,6,truck
align,projector,0.0009,-0.0000,6,truck
align,projector,-0.0011,-0.0004,6,truck
align,projector,-0.0003,-0.0001,6,truck
align,projector,-0.0009,-0.0001,6,truck
align,projector,-0.0009,-0.0001,6,truck
align,projector,-0.0038,-0.0002,6,truck
align,projector,0.0022,0.0006,6,truck
align,projector,-0.0040,0.0010,6,truck
align,projector,-0.0012,-0.0001,6,truck
align,projector,-0.0011,-0.0004,7,pump
align,projector,-0.0003,-0.0000,7,pump
align,projector,-0.0000,0.0000,7,pump
align,projector,-0.0004,-0.0000,7,pump
align,projector,0.0009,0.0002,7,pump
align,projector,0.0001,0.0001,7,pump
align,projector,-0.0010,-0.0002,7,pump
align,projector,-0.0008,-0.0003,7,pump
align,projector,0.0018,0.0003,7,pump
align,projector,-0.0038,-0.0002,7,pump
align,projector,0.0015,0.0003,7,pump
align,projector,-0.0003,-0.0000,7,pump
align,projector,-0.0005,-0.0001,7,pump
align,projector,0.0036,0.0004,7,pump
align,projector,-0.0001,0.0000,7,pump
align,projector,-0.0010,-0.0002,7,pump
align,projector,0.0040,0.0001,7,pump
align,projector,-0.0003,-0.0000,7,pump
align,projector,-0.0009,-0.0004,7,pump
align,projector,0.0064,0.0001,7,pump
align,projector,0.0058,0.0001,7,pump
align,projector,-0.0021,-0.0003,7,pump
align,projector,0.0014,0.0004,7,pump
align,projector,-0.0012,-0.0003,7,pump
align,projector,0.0002,0.0002,7,pump
align,projector,0.0035,0.0001,7,pump
align,projector,0.0002,-0.0001,7,pump
align,projector,0.0060,-0.0003,7,pump
align,projector,-0.0009,0.0001,7,pump
align,projector,-0.0038,-0.0004,7,pump
align,projector,-0.0001,-0.0001,7,pump
align,projector,-0.0009,0.0001,7,pump
align,projector,-0.0032,-0.0001,7,pump
align,projector,0.0038,0.0000,7,pump
align,projector,0.0006,0.0003,7,pump
align,projector,0.0064,0.0003,7,pump
align,projector,-0.0030,-0.0003,7,pump
align,projector,0.0010,0.0001,7,pump
align,projector,-0.0010,-0.0003,7,pump
align,projector,-0.0024,-0.0005,7,pump
align,projector,-0.0013,-0.0003,7,pump
align,projector,-0.0013,-0.0004,7,pump
align,projector,0.0027,0.0004,7,pump
align,projector,0.0059,0.0002,7,pump
align,projector,0.0004,0.0002,7,pump
align,projector,-0.0038,-0.0003,7,pump
align,projector,-0.0013,-0.0004,7,pump
align,projector,0.0005,0.0000,7,pump
align,projector,0.0065,0.0002,7,pump
align,projector,-0.0001,0.0001,7,pump
align,projector,-0.0014,-0.0002,7,pump
align,projector,0.0024,0.0005,7,pump
align,projector,-0.0037,-0.0008,7,pump
align,projector,-0.0010,-0.0003,7,pump
align,projector,-0.0018,-0.0005,7,pump
align,projector,0.0069,0.0002,7,pump
align,projector,0.0006,0.0002,7,pump
align,projector,-0.0018,-0.0006,7,pump
align,projector,0.0013,0.0003,7,pump
align,projector,-0.0013,-0.0004,7,pump
align,projector,-0.0037,-0.0004,7,pump
align,projector,0.0034,0.0005,7,pump
align,projector,0.0017,0.0003,7,pump
align,projector,0.0002,-0.0001,7,pump
align,projector,-0.0016,-0.0006,7,pump
align,projector,-0.0016,-0.0006,7,pump
align,projector,-0.0009,-0.0003,7,pump
align,projector,-0.0003,-0.0002,7,pump
align,projector,-0.0017,-0.0006,7,pump
align,projector,-0.0009,-0.0003,7,pump
align,projector,-0.0015,-0.0002,7,pump
align,projector,0.0006,0.0003,7,pump
align,projector,-0.0009,-0.0001,7,pump
align,projector,-0.0044,0.0021,7,pump
align,projector,-0.0007,-0.0004,7,pump
align,projector,0.0013,0.0002,7,pump
align,projector,0.0005,0.0007,7,pump
align,projector,-0.0014,-0.0003,7,pump
align,projector,0.0059,0.0000,7,pump
align,projector,-0.0003,0.0001,7,pump
align,projector,-0.0016,-0.0006,7,pump
align,projector,-0.0006,-0.0001,7,pump
align,projector,-0.0013,-0.0005,7,pump
align,projector,-0.0008,-0.0002,7,pump
align,projector,0.0019,0.0004,7,pump
align,projector,-0.0043,-0.0003,7,pump
align,projector,-0.0014,-0.0003,7,pump
align,projector,-0.0013,-0.0003,7,pump
align,projector,-0.0025,-0.0003,7,pump
align,projector,0.0047,0.0001,7,pump
align,projector,-0.0001,-0.0000,7,pump
align,projector,0.0032,0.0004,7,pump
align,projector,-0.0010,-0.0002,7,pump
align,projector,-0.0014,-0.0007,7,pump
align,projector,-0.0013,-0.0001,7,pump
align,projector,-0.0002,0.0000,7,pump
align,projector,0.0008,0.0003,7,pump
align,projector,-0.0001,0.0001,7,pump
align,projector,-0.0042,-0.0003,7,pump
align,projector,-0.0021,-0.0004,7,pump
align,projector,-0.0003,0.0001,7,pump
align,projector,-0.0012,0.0000,7,pump
align,projector,-0.0003,-0.0001,7,pump
align,projector,-0.0013,-0.0001,7,pump
align,projector,-0.0014,-0.0008,7,pump
align,projector,-0.0007,-0.0003,7,pump
align,projector,-0.0004,0.0000,7,pump
align,projector,-0.0009,-0.0004,7,pump
align,projector,-0.0007,-0.0002,7,pump
align,projector,-0.0005,-0.0001,7,pump
align,projector,0.0036,0.0008,7,pump
align,projector,-0.0046,0.0002,7,pump
align,projector,0.0012,0.0005,7,pump
align,projector,-0.0015,-0.0004,7,pump
align,projector,-0.0002,-0.0000,7,pump
align,projector,0.0013,0.0004,7,pump
align,projector,0.0014,0.0002,7,pump
align,projector,-0.0001,-0.0001,7,pump
align,projector,-0.0009,-0.0002,7,pump
align,projector,-0.0027,-0.0004,7,pump
align,projector,-0.0014,-0.0006,7,pump
align,projector,0.0026,0.0006,7,pump
align,projector,-0.0012,-0.0002,7,pump
align,projector,-0.0001,0.0001,7,pump
align,projector,0.0007,0.0002,7,pump
align,projector,-0.0029,-0.0005,7,pump
align,projector,-0.0032,-0.0005,7,pump
align,projector,0.0000,0.0001,7,pump
align,projector,-0.0009,-0.0004,7,pump
align,projector,-0.0001,-0.0000,7,pump
align,projector,-0.0035,-0.0001,7,pump
align,projector,-0.0016,-0.0005,7,pump
align,projector,0.0022,0.0004,7,pump
align,projector,-0.0008,-0.0004,7,pump
align,projector,-0.0003,-0.0001,7,pump
align,projector,-0.0003,-0.0000,7,pump
align,projector,-0.0003,0.0000,7,pump
align,projector,-0.0017,-0.0006,7,pump
align,projector,-0.0007,0.0002,7,pump
align,projector,-0.0004,-0.0001,7,pump
align,projector,-0.0005,-0.0001,7,pump
align,projector,-0.0010,-0.0004,7,pump
align,projector,-0.0008,-0.0004,7,pump
align,projector,-0.0022,-0.0005,7,pump
align,projector,0.0025,0.0004,7,pump
align,projector,-0.0008,-0.0003,7,pump
align,projector,0.0034,0.0003,7,pump
align,projector,0.0013,0.0005,7,pump
align,projector,-0.0044,-0.0006,7,pump
align,projector,-0.0043,-0.0002,7,pump
align,projector,-0.0002,-0.0001,7,pump
align,projector,-0.0012,-0.0002,7,pump
align,projector,-0.0037,-0.0008,7,pump
align,projector,-0.0034,-0.0001,7,pump
align,projector,0.0004,-0.0000,7,pump
align,projector,-0.0037,-0.0003,7,pump
align,projector,-0.0018,-0.0006,7,pump
align,projector,-0.0017,-0.0004,7,pump
align,projector,-0.0013,-0.0006,7,pump
align,projector,-0.0005,-0.0002,7,pump
align,projector,0.0021,0.0004,7,pump
align,projector,0.0008,0.0000,7,pump
align,projector,-0.0011,-0.0003,7,pump
align,projector,0.0041,0.0001,7,pump
align,projector,-0.0011,-0.0001,7,pump
align,projector,-0.0010,-0.0001,7,pump
align,projector,-0.0017,-0.0007,7,pump
align,projector,-0.0011,-0.0000,7,pump
align,projector,0.0001,0.0004,7,pump
align,projector,0.0022,0.0001,7,pump
align,projector,-0.0003,-0.0000,7,pump
align,projector,0.0060,-0.0001,7,pump
align,projector,-0.0000,0.0000,7,pump
align,projector,-0.0009,-0.0001,7,pump
align,projector,-0.0012,-0.0004,7,pump
align,projector,-0.0005,0.0001,7,pump
align,projector,-0.0003,0.0001,7,pump
align,projector,-0.0011,-0.0002,7,pump
align,projector,-0.0012,-0.0003,7,pump
align,projector,0.0032,0.0002,7,pump
align,projector,-0.0015,-0.0007,7,pump
align,projector,-0.0010,-0.0003,7,pump
align,projector,-0.0010,0.0002,7,pump
align,projector,-0.0007,-0.0002,7,pump
align,projector,-0.0011,-0.0002,7,pump
align,projector,-0.0006,-0.0003,7,pump
align,projector,0.0000,-0.0003,7,pump
align,projector,-0.0009,-0.0004,7,pump
align,projector,0.0078,-0.0002,7,pump
align,projector,0.0003,0.0000,7,pump
align,projector,-0.0008,-0.0002,7,pump
align,projector,0.0037,0.0002,7,pump
align,projector,-0.0011,-0.0002,7,pump
align,projector,0.0006,0.0002,7,pump
align,projector,-0.0001,0.0001,7,pump
align,projector,-0.0039,-0.0007,7,pump
align,projector,0.0031,0.0003,7,pump
align,projector,-0.0008,-0.0002,7,pump
align,projector,-0.0044,-0.0001,7,pump
align,projector,-0.0002,-0.0000,7,pump
align,projector,-0.0008,-0.0003,7,pump
align,projector,-0.0012,-0.0002,7,pump
align,projector,-0.0015,-0.0006,7,pump
align,projector,0.0012,0.0002,7,pump
align,projector,-0.0003,-0.0001,7,pump
align,projector,-0.0003,0.0002,7,pump
align,projector,-0.0003,-0.0002,7,pump
align,projector,0.0029,0.0005,7,pump
align,projector,-0.0011,-0.0001,7,pump
align,projector,0.0006,0.0000,7,pump
align,projector,-0.0003,0.0000,7,pump
align,projector,0.0022,0.0003,7,pump
align,projector,-0.0011,-0.0000,7,pump
align,projector,-0.0012,-0.0003,7,pump
align,projector,-0.0022,-0.0005,7,pump
align,projector,-0.0017,-0.0006,7,pump
align,projector,-0.0043,0.0001,7,pump
align,projector,0.0003,0.0000,7,pump
align,projector,-0.0015,-0.0006,7,pump
align,projector,0.0001,-0.0000,7,pump
align,projector,-0.0013,-0.0005,7,pump
align,projector,-0.0012,-0.0002,7,pump
align,projector,0.0000,-0.0000,7,pump
align,projector,-0.0015,-0.0006,7,pump
align,projector,-0.0015,-0.0006,7,pump
align,projector,-0.0010,-0.0003,7,pump
align,projector,-0.0016,-0.0006,7,pump
align,projector,0.0018,0.0004,7,pump
align,projector,-0.0002,0.0002,7,pump
align,projector,0.0037,0.0006,7,pump
align,projector,-0.0039,-0.0006,7,pump
align,projector,-0.0008,-0.0003,7,pump
align,projector,0.0040,-0.0001,7,pump
align,projector,-0.0035,-0.0002,7,pump
align,projector,0.0001,0.0001,7,pump
align,projector,-0.0002,0.0001,7,pump
align,projector,-0.0006,-0.0002,7,pump
align,projector,-0.0042,-0.0002,7,pump
align,projector,0.0005,0.0001,7,pump
align,projector,-0.0011,0.0000,7,pump
align,projector,-0.0007,-0.0004,7,pump
align,projector,-0.0025,-0.0004,7,pump
align,projector,0.0011,0.0002,7,pump
align,projector,0.0010,0.0003,7,pump
align,projector,-0.0022,-0.0006,7,pump
align,projector,-0.0014,-0.0005,7,pump
align,projector,-0.0010,-0.0002,7,pump
align,projector,0.0002,-0.0000,7,pump
align,projector,-0.0001,0.0001,7,pump
align,projector,0.0011,0.0001,7,pump
align,projector,-0.0004,-0.0001,7,pump
align,projector,0.0017,0.0002,7,pump
align,projector,-0.0008,-0.0003,7,pump
align,projector,-0.0010,-0.0005,7,pump
align,projector,-0.0024,-0.0003,7,pump
align,projector,0.0001,0.0000,7,pump
align,projector,-0.0022,-0.0007,7,pump
align,projector,-0.0005,-0.0002,7,pump
align,projector,-0.0006,-0.0001,7,pump
align,projector,0.0001,-0.0002,7,pump
align,projector,0.0049,0.0002,7,pump
align,projector,0.0059,-0.0000,7,pump
align,projector,-0.0006,-0.0000,7,pump
align,projector,-0.0033,-0.0004,7,pump
align,projector,-0.0005,0.0001,7,pump
align,projector,0.0027,0.0004,7,pump
align,projector,0.0089,0.0000,7,pump
align,projector,-0.0031,-0.0001,7,pump
align,projector,-0.0014,-0.0004,7,pump
align,projector,0.0061,0.0003,7,pump
align,projector,-0.0003,0.0001,7,pump
align,projector,-0.0006,-0.0001,7,pump
align,projector,-0.0009,-0.0002,7,pump
align,projector,-0.0045,0.0031,7,pump
align,projector,0.0057,0.0000,7,pump
align,projector,-0.0016,-0.0005,7,pump
align,projector,-0.0004,0.0001,7,pump
align,projector,-0.0009,-0.0004,7,pump
align,projector,0.0019,-0.0000,7,pump
align,projector,0.0054,0.0004,7,pump
align,projector,-0.0002,-0.0001,7,pump
align,projector,0.0055,-0.0002,7,pump
align,projector,-0.0012,-0.0003,7,pump
align,projector,-0.0007,-0.0001,7,pump
align,projector,-0.0008,-0.0003,7,pump
align,projector,0.0034,0.0006,7,pump
align,projector,0.0003,0.0003,7,pump
align,projector,-0.0013,-0.0003,7,pump
align,projector,-0.0004,-0.0001,7,pump
align,projector,0.0031,0.0006,7,pump
align,projector,-0.0012,-0.0003,7,pump
align,projector,-0.0009,-0.0002,7,pump
align,projector,-0.0009,-0.0003,7,pump
align,projector,-0.0007,-0.0001,7,pump
align,projector,-0.0017,-0.0005,7,pump
align,projector,-0.0016,-0.0006,7,pump
align,projector,0.0009,-0.0002,7,pump
align,projector,0.0035,0.0003,7,pump
align,projector,-0.0003,-0.0001,7,pump
align,projector,-0.0002,-0.0000,7,pump
align,projector,0.0054,0.0001,7,pump
align,projector,0.0014,0.0005,7,pump
align,projector,-0.0000,0.0000,7,pump
align,projector,-0.0012,-0.0001,7,pump
align,projector,-0.0006,-0.0003,7,pump
align,projector,-0.0018,-0.0005,7,pump
align,projector,-0.0006,-0.0003,7,pump
align,projector,0.0022,0.0003,7,pump
align,projector,0.0000,0.0003,7,pump
align,projector,-0.0013,-0.0001,7,pump
align,projector,-0.0009,-0.0003,7,pump
align,projector,0.0008,0.0006,7,pump
align,projector,-0.0009,-0.0002,7,pump
align,projector,0.0051,0.0001,7,pump
align,projector,0.0001,0.0002,7,pump
align,projector,-0.0000,-0.0002,7,pump
align,projector,-0.0007,-0.0003,7,pump
align,projector,-0.0021,-0.0003,7,pump
align,projector,-0.0016,-0.0005,7,pump
align,projector,0.0026,0.0005,7,pump
align,projector,-0.0004,-0.0003,7,pump
align,projector,0.0059,-0.0001,7,pump
align,projector,0.0020,0.0005,7,pump
align,projector,0.0008,0.0006,7,pump
align,projector,-0.0015,-0.0005,7,pump
align,projector,-0.0003,0.0002,7,pump
align,projector,-0.0009,0.0000,7,pump
align,projector,-0.0004,-0.0001,7,pump
align,projector,0.0039,0.0003,7,pump
align,projector,-0.0009,-0.0001,7,pump
align,projector,-0.0006,0.0000,7,pump
align,projector,-0.0033,-0.0004,7,pump
align,projector,-0.0008,-0.0003,7,pump
align,projector,-0.0007,-0.0003,7,pump
align,projector,0.0001,0.0001,7,pump
align,projector,0.0004,0.0003,7,pump
align,projector,0.0069,0.0003,7,pump
align,projector,-0.0003,-0.0002,7,pump
align,projector,-0.0012,-0.0003,7,pump
align,projector,0.0058,0.0002,7,pump
align,projector,-0.0010,-0.0001,7,pump
align,projector,-0.0005,0.0001,7,pump
align,projector,-0.0023,-0.0003,7,pump
align,projector,-0.0011,-0.0002,7,pump
align,projector,0.0041,0.0004,7,pump
align,projector,0.0060,-0.0000,7,pump
align,projector,-0.0017,-0.0006,7,pump
align,projector,-0.0000,-0.0001,7,pump
align,projector,0.0038,-0.0002,7,pump
align,projector,-0.0016,-0.0002,7,pump
align,projector,-0.0002,0.0001,7,pump
align,projector,-0.0030,-0.0004,7,pump
align,projector,-0.0031,-0.0006,7,pump
align,projector,-0.0006,-0.0004,7,pump
align,projector,-0.0000,0.0001,7,pump
align,projector,-0.0008,-0.0005,7,pump
align,projector,-0.0038,-0.0003,7,pump
align,projector,-0.0010,-0.0004,7,pump
align,projector,0.0000,0.0000,7,pump
align,projector,0.0052,-0.0001,7,pump
align,projector,0.0068,0.0004,7,pump
align,projector,-0.0005,-0.0001,7,pump
align,projector,-0.0004,0.0002,7,pump
align,projector,-0.0007,-0.0004,7,pump
align,projector,-0.0043,0.0017,7,pump
align,projector,0.0049,-0.0002,7,pump
align,projector,-0.0002,-0.0000,7,pump
align,projector,0.0002,-0.0000,7,pump
align,projector,0.0002,0.0004,7,pump
align,projector,-0.0012,-0.0004,7,pump
align,projector,-0.0001,-0.0000,7,pump
align,projector,-0.0014,-0.0004,7,pump
align,projector,0.0018,0.0005,7,pump
align,projector,-0.0008,-0.0002,7,pump
align,projector,-0.0002,-0.0001,7,pump
align,projector,-0.0010,-0.0002,7,pump
align,projector,-0.0013,-0.0001,7,pump
align,projector,0.0024,0.0004,7,pump
align,projector,-0.0009,-0.0005,7,pump
align,projector,-0.0010,-0.0002,7,pump
align,projector,-0.0002,-0.0002,7,pump
align,projector,-0.0029,-0.0003,7,pump
align,projector,-0.0013,-0.0002,7,pump
align,projector,-0.0026,-0.0006,7,pump
align,projector,-0.0000,-0.0001,7,pump
align,projector,-0.0015,-0.0005,7,pump
align,projector,0.0007,-0.0000,7,pump
align,projector,-0.0009,-0.0000,7,pump
align,projector,-0.0002,0.0000,7,pump
align,projector,-0.0010,-0.0002,7,pump
align,projector,-0.0000,-0.0000,7,pump
align,projector,-0.0002,-0.0002,7,pump
align,projector,0.0003,0.0001,7,pump
align,projector,-0.0009,-0.0002,7,pump
align,projector,-0.0002,-0.0001,7,pump
align,projector,-0.0004,0.0001,7,pump
align,projector,-0.0007,-0.0003,7,pump
align,projector,-0.0005,-0.0002,7,pump
align,projector,-0.0009,-0.0002,7,pump
align,projector,0.0021,0.0002,7,pump
align,projector,-0.0001,0.0001,7,pump
align,projector,0.0033,0.0006,7,pump
align,projector,0.0085,0.0003,7,pump
align,projector,-0.0013,-0.0002,7,pump
align,projector,0.0041,0.0002,7,pump
align,projector,-0.0015,-0.0006,7,pump
align,projector,-0.0002,0.0001,7,pump
align,projector,0.0068,0.0000,7,pump
align,projector,-0.0007,0.0000,7,pump
align,projector,0.0017,0.0003,7,pump
align,projector,-0.0006,-0.0003,7,pump
align,projector,-0.0016,-0.0005,7,pump
align,projector,-0.0010,-0.0002,7,pump
align,projector,-0.0008,-0.0003,7,pump
align,projector,-0.0006,-0.0001,7,pump
align,projector,0.0003,0.0000,7,pump
align,projector,0.0011,0.0004,7,pump
align,projector,-0.0004,-0.0002,7,pump
align,projector,-0.0034,-0.0002,7,pump
align,projector,-0.0008,-0.0004,8,golf
align,projector,-0.0012,-0.0001,8,golf
align,projector,-0.0010,-0.0001,8,golf
align,projector,-0.0034,-0.0003,8,golf
align,projector,-0.0028,-0.0008,8,golf
align,projector,-0.0002,-0.0001,8,golf
align,projector,-0.0005,0.0002,8,golf
align,projector,-0.0045,0.0002,8,golf
align,projector,-0.0017,-0.0006,8,golf
align,projector,0.0014,0.0003,8,golf
align,projector,-0.0042,-0.0006,8,golf
align,projector,-0.0010,-0.0001,8,golf
align,projector,-0.0036,-0.0002,8,golf
align,projector,-0.0036,-0.0002,8,golf
align,projector,0.0074,0.0004,8,golf
align,projector,-0.0009,-0.0000,8,golf
align,projector,0.0076,-0.0002,8,golf
align,projector,-0.0003,-0.0002,8,golf
align,projector,-0.0013,-0.0003,8,golf
align,projector,0.0045,0.0001,8,golf
align,projector,-0.0012,-0.0004,8,golf
align,projector,-0.0035,-0.0003,8,golf
align,projector,-0.0016,-0.0005,8,golf
align,projector,-0.0009,-0.0002,8,golf
align,projector,-0.0002,-0.0002,8,golf
align,projector,-0.0004,-0.0001,8,golf
align,projector,-0.0008,-0.0004,8,golf
align,projector,-0.0007,-0.0002,8,golf
align,projector,-0.0013,-0.0003,8,golf
align,projector,-0.0041,0.0004,8,golf
align,projector,0.0001,0.0001,8,golf
align,projector,-0.0016,-0.0006,8,golf
align,projector,-0.0009,-0.0003,8,golf
align,projector,-0.0003,-0.0001,8,golf
align,projector,0.0018,0.0005,8,golf
align,projector,-0.0039,-0.0006,8,golf
align,projector,-0.0015,-0.0003,8,golf
align,projector,-0.0005,0.0000,8,golf
align,projector,-0.0039,0.0016,8,golf
align,projector,-0.0041,-0.0006,8,golf
align,projector,-0.0039,0.0019,8,golf
align,projector,0.0006,-0.0000,8,golf
align,projector,-0.0041,0.0007,8,golf
align,projector,-0.0001,-0.0001,8,golf
align,projector,-0.0003,-0.0001,8,golf
align,projector,0.0001,-0.0001,8,golf
align,projector,-0.0038,-0.0004,8,golf
align,projector,0.0013,0.0005,8,golf
align,projector,-0.0044,0.0003,8,golf
align,projector,-0.0003,-0.0000,8,golf
align,projector,-0.0004,-0.0000,8,golf
align,projector,-0.0012,-0.0002,8,golf
align,projector,0.0040,0.0000,8,golf
align,projector,0.0035,0.0003,8,golf
align,projector,-0.0009,-0.0002,8,golf
align,projector,-0.0013,-0.0001,8,golf
align,projector,-0.0004,-0.0000,8,golf
align,projector,0.0040,-0.0000,8,golf
align,projector,-0.0013,-0.0002,8,golf
align,projector,-0.0016,-0.0005,8,golf
align,projector,-0.0003,-0.0000,8,golf
align,projector,-0.0009,-0.0001,8,golf
align,projector,0.0013,0.0003,8,golf
align,projector,0.0001,0.0000,8,golf
align,projector,-0.0006,0.0000,8,golf
align,projector,0.0001,0.0001,8,golf
align,projector,0.0006,0.0004,8,golf
align,projector,-0.0015,-0.0005,8,golf
align,projector,0.0029,0.0004,8,golf
align,projector,-0.0016,-0.0005,8,golf
align,projector,-0.0011,-0.0001,8,golf
align,projector,-0.0009,-0.0002,8,golf
align,projector,-0.0010,-0.0003,8,golf
align,projector,-0.0011,-0.0003,8,golf
align,projector,-0.0008,-0.0001,8,golf
align,projector,0.0032,0.0006,8,golf
align,projector,-0.0013,-0.0004,8,golf
align,projector,-0.0013,-0.0003,8,golf
align,projector,-0.0033,-0.0003,8,golf
align,projector,-0.0026,-0.0005,8,golf
align,projector,-0.0032,-0.0002,8,golf
align,projector,-0.0002,-0.0001,8,golf
align,projector,-0.0039,-0.0004,8,golf
align,projector,-0.0007,0.0000,8,golf
align,projector,-0.0042,0.0004,8,golf
align,projector,-0.0014,-0.0006,8,golf
align,projector,-0.0082,0.0121,8,golf
align,projector,-0.0008,0.0000,8,golf
align,projector,0.0055,0.0000,8,golf
align,projector,-0.0004,-0.0002,8,golf
align,projector,-0.0010,-0.0002,8,golf
align,projector,-0.0016,-0.0006,8,golf
align,projector,-0.0005,-0.0002,8,golf
align,projector,0.0058,-0.0000,8,golf
align,projector,0.0062,-0.0000,8,golf
align,projector,-0.0042,0.0004,8,golf
align,projector,0.0001,0.0001,8,golf
align,projector,0.0031,0.0004,8,golf
align,projector,0.0006,0.0001,8,golf
align,projector,-0.0004,-0.0001,8,golf
align,projector,-0.0003,0.0001,8,golf
align,projector,-0.0030,-0.0002,8,golf
align,projector,-0.0041,0.0004,8,golf
align,projector,-0.0002,-0.0002,8,golf
align,projector,0.0042,0.0004,8,golf
align,projector,-0.0014,-0.0002,8,golf
align,projector,-0.0009,-0.0005,8,golf
align,projector,0.0003,0.0001,8,golf
align,projector,-0.0010,-0.0002,8,golf
align,projector,0.0065,0.0002,8,golf
align,projector,-0.0003,-0.0001,8,golf
align,projector,-0.0014,-0.0007,8,golf
align,projector,-0.0016,-0.0003,8,golf
align,projector,0.0005,0.0002,8,golf
align,projector,-0.0008,-0.0003,8,golf
align,projector,0.0002,-0.0001,8,golf
align,projector,-0.0011,-0.0002,8,golf
align,projector,-0.0033,-0.0002,8,golf
align,projector,-0.0006,-0.0002,8,golf
align,projector,-0.0009,-0.0004,8,golf
align,projector,0.0000,-0.0001,8,golf
align,projector,0.0012,0.0005,8,golf
align,projector,-0.0074,0.0119,8,golf
align,projector,-0.0008,-0.0002,8,golf
align,projector,0.0046,0.0002,8,golf
align,projector,-0.0039,0.0006,8,golf
align,projector,-0.0001,-0.0003,8,golf
align,projector,-0.0026,-0.0002,8,golf
align,projector,0.0053,0.0000,8,golf
align,projector,-0.0034,-0.0001,8,golf
align,projector,-0.0014,-0.0006,8,golf
align,projector,-0.0041,0.0012,8,golf
align,projector,-0.0013,-0.0006,8,golf
align,projector,-0.0010,-0.0003,8,golf
align,projector,-0.0009,-0.0003,8,golf
align,projector,-0.0039,-0.0006,8,golf
align,projector,0.0062,0.0001,8,golf
align,projector,-0.0045,0.0004,8,golf
align,projector,-0.0014,-0.0005,8,golf
align,projector,-0.0010,-0.0003,8,golf
align,projector,0.0063,0.0003,8,golf
align,projector,-0.0005,-0.0003,8,golf
align,projector,0.0075,-0.0003,8,golf
align,projector,0.0069,0.0002,8,golf
align,projector,-0.0004,0.0001,8,golf
align,projector,-0.0040,0.0034,8,golf
align,projector,-0.0012,-0.0002,8,golf
align,projector,-0.0030,-0.0003,8,golf
align,projector,-0.0002,-0.0002,8,golf
align,projector,0.0018,0.0003,8,golf
align,projector,0.0080,0.0002,8,golf
align,projector,-0.0010,-0.0003,8,golf
align,projector,-0.0016,-0.0008,8,golf
align,projector,0.0010,0.0001,8,golf
align,projector,-0.0017,-0.0005,8,golf
align,projector,0.0063,0.0004,8,golf
align,projector,0.0026,0.0005,8,golf
align,projector,-0.0001,0.0000,8,golf
align,projector,0.0038,0.0002,8,golf
align,projector,-0.0001,0.0000,8,golf
align,projector,-0.0016,-0.0003,8,golf
align,projector,0.0006,0.0004,8,golf
align,projector,0.0018,0.0006,8,golf
align,projector,0.0022,0.0000,8,golf
align,projector,-0.0003,-0.0002,8,golf
align,projector,-0.0005,-0.0000,8,golf
align,projector,-0.0010,-0.0003,8,golf
align,projector,0.0013,0.0000,8,golf
align,projector,-0.0035,-0.0002,8,golf
align,projector,-0.0007,-0.0003,8,golf
align,projector,-0.0031,-0.0003,8,golf
align,projector,0.0019,0.0003,8,golf
align,projector,-0.0004,-0.0001,8,golf
align,projector,0.0009,0.0005,8,golf
align,projector,0.0020,0.0002,8,golf
align,projector,-0.0042,0.0020,8,golf
align,projector,0.0013,0.0004,8,golf
align,projector,0.0035,0.0004,8,golf
align,projector,-0.0041,0.0007,8,golf
align,projector,0.0063,0.0002,8,golf
align,projector,-0.0040,0.0014,8,golf
align,projector,-0.0000,0.0000,8,golf
align,projector,-0.0042,-0.0001,8,golf
align,projector,0.0007,0.0004,8,golf
align,projector,0.0087,-0.0004,8,golf
align,projector,0.0070,0.0001,8,golf
align,projector,-0.0015,-0.0006,8,golf
align,projector,-0.0037,-0.0007,8,golf
align,projector,-0.0034,-0.0002,8,golf
align,projector,-0.0017,-0.0006,8,golf
align,projector,-0.0046,0.0003,8,golf
align,projector,0.0034,0.0006,8,golf
align,projector,-0.0011,-0.0003,8,golf
align,projector,-0.0007,-0.0003,8,golf
align,projector,-0.0009,-0.0004,8,golf
align,projector,0.0000,0.0000,8,golf
align,projector,-0.0000,0.0001,8,golf
align,projector,-0.0002,-0.0001,8,golf
align,projector,-0.0012,-0.0003,8,golf
align,projector,-0.0070,0.0119,8,golf
align,projector,-0.0014,-0.0003,8,golf
align,projector,-0.0022,-0.0004,8,golf
align,projector,-0.0013,-0.0003,8,golf
align,projector,-0.0041,-0.0001,8,golf
align,projector,-0.0007,-0.0002,8,golf
align,projector,0.0044,0.0000,8,golf
align,projector,-0.0015,-0.0004,8,golf
align,projector,0.0040,0.0000,8,golf
align,projector,-0.0004,-0.0000,8,golf
align,projector,-0.0024,-0.0006,8,golf
align,projector,-0.0005,-0.0001,8,golf
align,projector,-0.0037,-0.0003,8,golf
align,projector,-0.0025,-0.0005,8,golf
align,projector,-0.0012,-0.0004,8,golf
align,projector,-0.0007,-0.0004,8,golf
align,projector,-0.0038,0.0010,8,golf
align,projector,-0.0014,-0.0005,8,golf
align,projector,-0.0005,-0.0001,8,golf
align,projector,0.0000,-0.0001,8,golf
align,projector,-0.0012,-0.0001,8,golf
align,projector,-0.0007,-0.0004,8,golf
align,projector,0.0057,0.0002,8,golf
align,projector,-0.0041,0.0002,8,golf
align,projector,0.0018,0.0002,8,golf
align,projector,-0.0040,0.0011,8,golf
align,projector,-0.0002,-0.0001,8,golf
align,projector,-0.0000,0.0002,8,golf
align,projector,0.0071,-0.0003,8,golf
align,projector,-0.0014,-0.0004,8,golf
align,projector,-0.0001,-0.0001,8,golf
align,projector,0.0028,0.0006,8,golf
align,projector,-0.0005,-0.0000,8,golf
align,projector,0.0018,0.0003,8,golf
align,projector,-0.0009,-0.0002,8,golf
align,projector,-0.0022,-0.0006,8,golf
align,projector,-0.0011,-0.0003,8,golf
align,projector,-0.0047,-0.0007,8,golf
align,projector,-0.0010,-0.0004,8,golf
align,projector,-0.0037,-0.0003,8,golf
align,projector,-0.0036,-0.0002,8,golf
align,projector,0.0049,0.0002,8,golf
align,projector,-0.0041,0.0012,8,golf
align,projector,-0.0027,-0.0004,8,golf
align,projector,-0.0013,-0.0006,8,golf
align,projector,0.0003,-0.0001,8,golf
align,projector,-0.0044,0.0004,8,golf
align,projector,-0.0034,-0.0000,8,golf
align,projector,-0.0005,-0.0000,8,golf
align,projector,-0.0005,0.0000,8,golf
align,projector,-0.0072,0.0086,8,golf
align,projector,-0.0004,-0.0001,8,golf
align,projector,-0.0017,-0.0005,8,golf
align,projector,-0.0017,-0.0005,8,golf
align,projector,-0.0011,-0.0002,8,golf
align,projector,-0.0000,-0.0001,8,golf
align,projector,-0.0014,-0.0002,8,golf
align,projector,-0.0014,-0.0000,8,golf
align,projector,-0.0013,-0.0003,8,golf
align,projector,-0.0041,0.0027,8,golf
align,projector,-0.0039,-0.0006,8,golf
align,projector,0.0046,0.0003,8,golf
align,projector,-0.0010,-0.0001,8,golf
align,projector,0.0011,0.0002,8,golf
align,projector,0.0015,0.0005,8,golf
align,projector,-0.0017,-0.0006,8,golf
align,projector,-0.0013,-0.0003,8,golf
align,projector,-0.0043,-0.0005,8,golf
align,projector,0.0058,0.0002,8,golf
align,projector,-0.0011,-0.0004,8,golf
align,projector,0.0011,0.0001,8,golf
align,projector,-0.0008,-0.0002,8,golf
align,projector,-0.0032,-0.0003,8,golf
align,projector,-0.0004,-0.0002,8,golf
align,projector,-0.0014,-0.0005,8,golf
align,projector,-0.0036,-0.0008,8,golf
align,projector,-0.0005,0.0000,8,golf
align,projector,-0.0013,-0.0001,8,golf
align,projector,0.0060,0.0001,8,golf
align,projector,-0.0034,-0.0003,8,golf
align,projector,0.0075,0.0001,8,golf
align,projector,0.0035,0.0007,8,golf
align,projector,-0.0018,-0.0006,8,golf
align,projector,-0.0013,-0.0007,8,golf
align,projector,-0.0017,-0.0005,8,golf
align,projector,-0.0016,-0.0004,8,golf
align,projector,-0.0015,-0.0005,8,golf
align,projector,-0.0015,-0.0006,8,golf
align,projector,0.0022,0.0000,8,golf
align,projector,-0.0009,-0.0003,8,golf
align,projector,-0.0007,-0.0004,8,golf
align,projector,-0.0004,-0.0000,8,golf
align,projector,-0.0006,-0.0002,8,golf
align,projector,-0.0037,-0.0003,8,golf
align,projector,0.0006,0.0003,8,golf
align,projector,0.0180,0.0002,8,golf
align,projector,0.0025,0.0004,8,golf
align,projector,-0.0006,-0.0005,8,golf
align,projector,-0.0004,0.0000,8,golf
align,projector,-0.0007,-0.0002,8,golf
align,projector,-0.0002,-0.0001,8,golf
align,projector,-0.0000,0.0002,8,golf
align,projector,-0.0039,0.0006,8,golf
align,projector,-0.0042,-0.0006,8,golf
align,projector,-0.0013,-0.0004,8,golf
align,projector,-0.0041,0.0003,8,golf
align,projector,-0.0026,-0.0005,8,golf
align,projector,-0.0008,-0.0002,8,golf
align,projector,-0.0044,-0.0004,8,golf
align,projector,-0.0045,-0.0004,8,golf
align,projector,-0.0014,-0.0002,8,golf
align,projector,-0.0004,-0.0001,8,golf
align,projector,-0.0009,-0.0001,8,golf
align,projector,-0.0037,-0.0002,8,golf
align,projector,0.0022,0.0005,8,golf
align,projector,-0.0032,-0.0004,8,golf
align,projector,-0.0016,-0.0006,8,golf
align,projector,-0.0037,-0.0005,8,golf
align,projector,-0.0011,-0.0002,8,golf
align,projector,-0.0010,-0.0003,8,golf
align,projector,-0.0016,-0.0008,8,golf
align,projector,-0.0015,-0.0004,8,golf
align,projector,-0.0004,-0.0001,8,golf
align,projector,-0.0008,-0.0003,8,golf
align,projector,-0.0022,-0.0004,8,golf
align,projector,0.0022,0.0004,8,golf
align,projector,-0.0014,-0.0007,8,golf
align,projector,0.0045,0.0002,8,golf
align,projector,-0.0025,-0.0005,8,golf
align,projector,-0.0011,-0.0002,8,golf
align,projector,0.0019,0.0005,8,golf
align,projector,-0.0012,-0.0002,8,golf
align,projector,0.0049,-0.0001,8,golf
align,projector,-0.0010,-0.0004,8,golf
align,projector,-0.0015,-0.0007,8,golf
align,projector,0.0008,0.0001,8,golf
align,projector,-0.0094,0.0119,8,golf
align,projector,-0.0011,-0.0003,8,golf
align,projector,-0.0039,0.0020,8,golf
align,projector,-0.0018,-0.0005,8,golf
align,projector,0.0018,0.0004,8,golf
align,projector,-0.0041,0.0010,8,golf
align,projector,-0.0040,-0.0005,8,golf
align,projector,-0.0043,0.0021,8,golf
align,projector,-0.0015,-0.0006,8,golf
align,projector,-0.0005,0.0000,8,golf
align,projector,0.0027,0.0003,8,golf
align,projector,-0.0013,-0.0006,8,golf
align,projector,-0.0032,-0.0003,8,golf
align,projector,-0.0002,-0.0001,8,golf
align,projector,-0.0007,-0.0003,8,golf
align,projector,0.0045,0.0000,8,golf
align,projector,-0.0016,-0.0005,8,golf
align,projector,0.0028,0.0004,8,golf
align,projector,0.0004,-0.0001,8,golf
align,projector,0.0039,0.0004,8,golf
align,projector,-0.0003,-0.0000,8,golf
align,projector,-0.0006,-0.0000,8,golf
align,projector,-0.0011,-0.0003,8,golf
align,projector,0.0039,0.0002,8,golf
align,projector,-0.0020,-0.0005,8,golf
align,projector,-0.0015,-0.0007,8,golf
align,projector,0.0014,0.0005,8,golf
align,projector,0.0052,0.0000,8,golf
align,projector,-0.0031,-0.0004,8,golf
align,projector,-0.0009,-0.0001,8,golf
align,projector,-0.0031,-0.0004,8,golf
align,projector,0.0013,0.0002,8,golf
align,projector,0.0011,0.0002,8,golf
align,projector,-0.0042,0.0005,8,golf
align,projector,-0.0039,-0.0008,8,golf
align,projector,-0.0035,-0.0001,8,golf
align,projector,-0.0006,-0.0002,8,golf
align,projector,-0.0009,-0.0003,8,golf
align,projector,-0.0032,-0.0004,8,golf
align,projector,-0.0003,-0.0001,8,golf
align,projector,-0.0016,-0.0007,8,golf
align,projector,-0.0032,-0.0004,8,golf
align,projector,0.0002,0.0001,8,golf
align,projector,0.0011,0.0002,8,golf
align,projector,0.0012,0.0002,8,golf
align,projector,-0.0000,0.0001,8,golf
align,projector,-0.0011,-0.0002,8,golf
align,projector,0.0014,0.0005,8,golf
align,projector,0.0037,0.0001,8,golf
align,projector,-0.0016,-0.0005,8,golf
align,projector,-0.0040,-0.0006,8,golf
align,projector,-0.0008,-0.0004,8,golf
align,projector,0.0003,0.0002,8,golf
align,projector,-0.0012,-0.0003,8,golf
align,projector,-0.0007,-0.0004,8,golf
align,projector,-0.0009,-0.0004,8,golf
align,projector,-0.0022,-0.0005,8,golf
align,projector,0.0004,0.0003,8,golf
align,projector,-0.0037,-0.0001,8,golf
align,projector,0.0000,-0.0001,8,golf
align,projector,-0.0017,-0.0006,8,golf
align,projector,-0.0006,-0.0003,8,golf
align,projector,-0.0023,-0.0004,8,golf
align,projector,-0.0012,-0.0003,8,golf
align,projector,0.0153,0.0000,9,chute
align,projector,0.0007,0.0004,9,chute
align,projector,0.0075,0.0002,9,chute
align,projector,0.0020,0.0002,9,chute
align,projector,0.0040,0.0003,9,chute
align,projector,-0.0007,0.0001,9,chute
align,projector,-0.0044,-0.0002,9,chute
align,projector,0.0057,-0.0000,9,chute
align,projector,-0.0015,-0.0003,9,chute
align,projector,-0.0022,-0.0007,9,chute
align,projector,-0.0022,-0.0006,9,chute
align,projector,0.0001,-0.0001,9,chute
align,projector,-0.0037,-0.0008,9,chute
align,projector,0.0062,0.0000,9,chute
align,projector,0.0018,0.0002,9,chute
align,projector,-0.0025,-0.0004,9,chute
align,projector,0.0035,0.0005,9,chute
align,projector,-0.0015,-0.0005,9,chute
align,projector,0.0057,0.0002,9,chute
align,projector,-0.0041,0.0038,9,chute
align,projector,0.0021,0.0004,9,chute
align,projector,-0.0042,0.0000,9,chute
align,projector,0.0023,0.0003,9,chute
align,projector,-0.0042,-0.0005,9,chute
align,projector,0.0018,0.0003,9,chute
align,projector,-0.0016,-0.0004,9,chute
align,projector,0.0001,0.0000,9,chute
align,projector,-0.0039,-0.0005,9,chute
align,projector,-0.0018,-0.0006,9,chute
align,projector,0.0122,0.0009,9,chute
align,projector,-0.0041,0.0013,9,chute
align,projector,0.0049,0.0002,9,chute
align,projector,0.0061,-0.0000,9,chute
align,projector,-0.0012,-0.0003,9,chute
align,projector,0.0049,0.0002,9,chute
align,projector,-0.0018,-0.0006,9,chute
align,projector,-0.0042,0.0012,9,chute
align,projector,0.0054,0.0000,9,chute
align,projector,-0.0011,-0.0003,9,chute
align,projector,0.0039,-0.0000,9,chute
align,projector,-0.0001,-0.0001,9,chute
align,projector,-0.0032,-0.0003,9,chute
align,projector,0.0010,0.0002,9,chute
align,projector,-0.0043,0.0020,9,chute
align,projector,-0.0009,-0.0002,9,chute
align,projector,-0.0042,0.0012,9,chute
align,projector,-0.0003,-0.0001,9,chute
align,projector,-0.0016,-0.0006,9,chute
align,projector,0.0039,0.0004,9,chute
align,projector,0.0011,0.0000,9,chute
align,projector,-0.0045,0.0003,9,chute
align,projector,-0.0006,-0.0002,9,chute
align,projector,-0.0001,-0.0001,9,chute
align,projector,-0.0033,-0.0002,9,chute
align,projector,0.0044,0.0003,9,chute
align,projector,-0.0005,0.0001,9,chute
align,projector,-0.0023,-0.0004,9,chute
align,projector,-0.0006,0.0000,9,chute
align,projector,-0.0040,0.0006,9,chute
align,projector,-0.0009,-0.0001,9,chute
align,projector,0.0009,-0.0002,9,chute
align,projector,-0.0082,0.0141,9,chute
align,projector,-0.0045,0.0029,9,chute
align,projector,0.0024,0.0003,9,chute
align,projector,-0.0001,0.0000,9,chute
align,projector,-0.0021,-0.0005,9,chute
align,projector,-0.0066,0.0096,9,chute
align,projector,-0.0001,0.0002,9,chute
align,projector,0.0065,0.0003,9,chute
align,projector,0.0033,0.0006,9,chute
align,projector,-0.0069,0.0114,9,chute
align,projector,-0.0010,-0.0001,9,chute
align,projector,0.0032,0.0007,9,chute
align,projector,-0.0044,0.0027,9,chute
align,projector,0.0005,0.0002,9,chute
align,projector,-0.0017,-0.0005,9,chute
align,projector,0.0066,-0.0000,9,chute
align,projector,-0.0044,0.0037,9,chute
align,projector,-0.0038,0.0011,9,chute
align,projector,0.0006,0.0004,9,chute
align,projector,-0.0003,-0.0000,9,chute
align,projector,-0.0010,-0.0002,9,chute
align,projector,-0.0008,-0.0005,9,chute
align,projector,0.0023,0.0007,9,chute
align,projector,0.0046,0.0001,9,chute
align,projector,-0.0007,0.0001,9,chute
align,projector,-0.0041,0.0019,9,chute
align,projector,0.0030,0.0006,9,chute
align,projector,-0.0007,-0.0004,9,chute
align,projector,0.0048,0.0002,9,chute
align,projector,-0.0006,-0.0002,9,chute
align,projector,-0.0067,0.0066,9,chute
align,projector,-0.0037,-0.0002,9,chute
align,projector,-0.0019,-0.0005,9,chute
align,projector,0.0046,0.0004,9,chute
align,projector,0.0038,0.0003,9,chute
align,projector,0.0013,0.0006,9,chute
align,projector,-0.0037,0.0018,9,chute
align,projector,-0.0022,-0.0007,9,chute
align,projector,-0.0035,-0.0006,9,chute
align,projector,-0.0006,-0.0003,9,chute
align,projector,-0.0025,-0.0006,9,chute
align,projector,0.0052,0.0002,9,chute
align,projector,0.0039,0.0000,9,chute
align,projector,0.0042,-0.0000,9,chute
align,projector,0.0011,0.0001,9,chute
align,projector,0.0012,-0.0002,9,chute
align,projector,-0.0005,0.0000,9,chute
align,projector,-0.0003,-0.0001,9,chute
align,projector,-0.0036,-0.0001,9,chute
align,projector,-0.0045,0.0027,9,chute
align,projector,0.0014,0.0004,9,chute
align,projector,-0.0034,0.0038,9,chute
align,projector,-0.0003,-0.0000,9,chute
align,projector,0.0057,0.0001,9,chute
align,projector,-0.0044,0.0034,9,chute
align,projector,-0.0039,-0.0002,9,chute
align,projector,0.0037,0.0006,9,chute
align,projector,0.0066,0.0002,9,chute
align,projector,-0.0043,-0.0001,9,chute
align,projector,0.0039,-0.0001,9,chute
align,projector,-0.0001,0.0001,9,chute
align,projector,-0.0042,-0.0003,9,chute
align,projector,-0.0037,0.0012,9,chute
align,projector,0.0036,0.0007,9,chute
align,projector,0.0138,0.0005,9,chute
align,projector,-0.0040,0.0010,9,chute
align,projector,-0.0034,-0.0002,9,chute
align,projector,-0.0003,-0.0001,9,chute
align,projector,0.0055,-0.0003,9,chute
align,projector,0.0126,0.0004,9,chute
align,projector,-0.0017,-0.0005,9,chute
align,projector,-0.0038,0.0015,9,chute
align,projector,0.0006,0.0004,9,chute
align,projector,0.0034,0.0006,9,chute
align,projector,0.0015,0.0003,9,chute
align,projector,0.0033,0.0006,9,chute
align,projector,0.0071,0.0004,9,chute
align,projector,0.0000,0.0000,9,chute
align,projector,0.0070,0.0001,9,chute
align,projector,-0.0038,-0.0002,9,chute
align,projector,-0.0003,-0.0001,9,chute
align,projector,-0.0004,-0.0002,9,chute
align,projector,0.0044,0.0001,9,chute
align,projector,0.0035,0.0004,9,chute
align,projector,-0.0025,-0.0005,9,chute
align,projector,-0.0023,-0.0005,9,chute
align,projector,0.0001,0.0000,9,chute
align,projector,-0.0010,-0.0002,9,chute
align,projector,0.0065,0.0001,9,chute
align,projector,0.0040,0.0001,9,chute
align,projector,-0.0004,-0.0001,9,chute
align,projector,-0.0004,0.0001,9,chute
align,projector,-0.0044,0.0031,9,chute
align,projector,0.0021,0.0005,9,chute
align,projector,-0.0063,0.0087,9,chute
align,projector,0.0013,0.0002,9,chute
align,projector,0.0013,0.0003,9,chute
align,projector,-0.0043,0.0023,9,chute
align,projector,-0.0033,-0.0002,9,chute
align,projector,-0.0023,-0.0007,9,chute
align,projector,-0.0043,0.0015,9,chute
align,projector,0.0039,0.0001,9,chute
align,projector,-0.0000,-0.0000,9,chute
align,projector,-0.0025,-0.0005,9,chute
align,projector,0.0074,0.0004,9,chute
align,projector,-0.0037,-0.0003,9,chute
align,projector,-0.0016,-0.0004,9,chute
align,projector,-0.0003,-0.0000,9,chute
align,projector,-0.0006,-0.0003,9,chute
align,projector,0.0051,0.0003,9,chute
align,projector,0.0001,-0.0000,9,chute
align,projector,0.0043,0.0002,9,chute
align,projector,-0.0010,-0.0003,9,chute
align,projector,-0.0046,0.0022,9,chute
align,projector,-0.0004,-0.0001,9,chute
align,projector,0.0067,0.0002,9,chute
align,projector,0.0089,0.0000,9,chute
align,projector,-0.0042,0.0006,9,chute
align,projector,-0.0015,-0.0005,9,chute
align,projector,0.0056,0.0001,9,chute
align,projector,0.0041,-0.0000,9,chute
align,projector,0.0056,0.0003,9,chute
align,projector,-0.0034,-0.0001,9,chute
align,projector,-0.0041,0.0010,9,chute
align,projector,0.0002,0.0002,9,chute
align,projector,-0.0002,-0.0001,9,chute
align,projector,0.0001,-0.0000,9,chute
align,projector,0.0001,0.0002,9,chute
align,projector,-0.0042,0.0035,9,chute
align,projector,-0.0012,-0.0002,9,chute
align,projector,0.0046,0.0002,9,chute
align,projector,0.0068,0.0003,9,chute
align,projector,-0.0007,-0.0000,9,chute
align,projector,-0.0007,-0.0003,9,chute
align,projector,0.0005,0.0003,9,chute
align,projector,0.0056,0.0001,9,chute
align,projector,-0.0015,-0.0005,9,chute
align,projector,0.0014,0.0005,9,chute
align,projector,0.0039,0.0002,9,chute
align,projector,0.0051,0.0006,9,chute
align,projector,-0.0040,0.0016,9,chute
align,projector,-0.0010,-0.0005,9,chute
align,projector,-0.0007,-0.0004,9,chute
align,projector,-0.0008,-0.0004,9,chute
align,projector,0.0054,0.0001,9,chute
align,projector,0.0065,0.0004,9,chute
align,projector,-0.0038,0.0014,9,chute
align,projector,-0.0007,-0.0003,9,chute
align,projector,0.0004,0.0002,9,chute
align,projector,-0.0037,-0.0003,9,chute
align,projector,-0.0009,-0.0001,9,chute
align,projector,-0.0014,-0.0007,9,chute
align,projector,0.0077,0.0003,9,chute
align,projector,0.0035,0.0004,9,chute
align,projector,-0.0005,0.0001,9,chute
align,projector,-0.0010,-0.0002,9,chute
align,projector,0.0026,0.0005,9,chute
align,projector,0.0031,0.0002,9,chute
align,projector,0.0012,0.0002,9,chute
align,projector,0.0038,0.0002,9,chute
align,projector,-0.0039,0.0000,9,chute
align,projector,0.0060,0.0002,9,chute
align,projector,-0.0009,0.0000,9,chute
align,projector,-0.0043,0.0020,9,chute
align,projector,0.0002,0.0001,9,chute
align,projector,-0.0002,0.0001,9,chute
align,projector,-0.0042,0.0011,9,chute
align,projector,0.0035,0.0003,9,chute
align,projector,0.0007,0.0004,9,chute
align,projector,0.0046,-0.0001,9,chute
align,projector,0.0039,0.0004,9,chute
align,projector,-0.0003,-0.0001,9,chute
align,projector,-0.0040,0.0016,9,chute
align,projector,-0.0042,-0.0008,9,chute
align,projector,-0.0043,0.0036,9,chute
align,projector,0.0073,0.0004,9,chute
align,projector,0.0030,0.0004,9,chute
align,projector,-0.0001,0.0000,9,chute
align,projector,0.0040,0.0003,9,chute
align,projector,-0.0038,-0.0005,9,chute
align,projector,0.0048,-0.0001,9,chute
align,projector,0.0051,0.0004,9,chute
align,projector,-0.0013,-0.0004,9,chute
align,projector,0.0049,0.0001,9,chute
align,projector,-0.0016,-0.0005,9,chute
align,projector,-0.0046,0.0026,9,chute
align,projector,-0.0036,-0.0005,9,chute
align,projector,-0.0000,0.0000,9,chute
align,projector,0.0000,0.0000,9,chute
align,projector,-0.0009,0.0000,9,chute
align,projector,-0.0003,-0.0002,9,chute
align,projector,0.0055,0.0001,9,chute
align,projector,-0.0016,-0.0006,9,chute
align,projector,-0.0009,-0.0002,9,chute
align,projector,-0.0040,-0.0007,9,chute
align,projector,-0.0036,-0.0005,9,chute
align,projector,-0.0004,0.0002,9,chute
align,projector,0.0049,0.0003,9,chute
align,projector,-0.0044,0.0030,9,chute
align,projector,-0.0009,-0.0003,9,chute
align,projector,0.0051,0.0002,9,chute
align,projector,-0.0005,-0.0001,9,chute
align,projector,0.0049,0.0003,9,chute
align,projector,-0.0037,0.0010,9,chute
align,projector,-0.0044,0.0034,9,chute
align,projector,-0.0015,-0.0006,9,chute
align,projector,0.0061,0.0002,9,chute
align,projector,0.0004,0.0002,9,chute
align,projector,0.0021,0.0004,9,chute
align,projector,-0.0033,-0.0002,9,chute
align,projector,-0.0034,-0.0004,9,chute
align,projector,0.0040,-0.0001,9,chute
align,projector,-0.0012,-0.0001,9,chute
align,projector,0.0021,0.0002,9,chute
align,projector,0.0006,0.0005,9,chute
align,projector,0.0005,0.0001,9,chute
align,projector,-0.0023,-0.0004,9,chute
align,projector,0.0067,-0.0000,9,chute
align,projector,0.0045,0.0003,9,chute
align,projector,0.0038,0.0005,9,chute
align,projector,-0.0023,-0.0003,9,chute
align,projector,0.0008,0.0003,9,chute
align,projector,-0.0005,-0.0002,9,chute
align,projector,0.0061,0.0003,9,chute
align,projector,0.0030,0.0004,9,chute
align,projector,-0.0039,0.0006,9,chute
align,projector,-0.0025,-0.0006,9,chute
align,projector,-0.0002,-0.0001,9,chute
align,projector,0.0041,-0.0000,9,chute
align,projector,0.0042,0.0000,9,chute
align,projector,0.0062,0.0002,9,chute
align,projector,0.0011,0.0003,9,chute
align,projector,-0.0009,-0.0002,9,chute
align,projector,-0.0083,0.0090,9,chute
align,projector,-0.0028,-0.0006,9,chute
align,projector,-0.0031,-0.0006,9,chute
align,projector,-0.0043,0.0020,9,chute
align,projector,-0.0047,0.0038,9,chute
align,projector,0.0018,0.0005,9,chute
align,projector,0.0040,0.0003,9,chute
align,projector,0.0031,0.0004,9,chute
align,projector,-0.0018,-0.0003,9,chute
align,projector,0.0037,0.0002,9,chute
align,projector,0.0038,0.0004,9,chute
align,projector,0.0041,0.0004,9,chute
align,projector,0.0050,-0.0001,9,chute
align,projector,-0.0061,0.0049,9,chute
align,projector,0.0053,-0.0002,9,chute
align,projector,-0.0001,-0.0001,9,chute
align,projector,-0.0007,-0.0003,9,chute
align,projector,0.0022,0.0001,9,chute
align,projector,0.0059,-0.0000,9,chute
align,projector,0.0039,0.0002,9,chute
align,projector,-0.0007,-0.0001,9,chute
align,projector,0.0032,0.0003,9,chute
align,projector,-0.0042,0.0006,9,chute
align,projector,0.0060,0.0001,9,chute
align,projector,-0.0001,-0.0001,9,chute
align,projector,0.0028,0.0006,9,chute
align,projector,-0.0044,0.0033,9,chute
align,projector,-0.0016,-0.0006,9,chute
align,projector,0.0021,0.0002,9,chute
align,projector,0.0051,0.0004,9,chute
align,projector,-0.0001,0.0000,9,chute
align,projector,-0.0015,-0.0003,9,chute
align,projector,0.0053,0.0003,9,chute
align,projector,0.0046,0.0003,9,chute
align,projector,0.0031,0.0005,9,chute
align,projector,-0.0030,-0.0003,9,chute
align,projector,-0.0037,0.0017,9,chute
align,projector,0.0045,0.0002,9,chute
align,projector,-0.0039,-0.0009,9,chute
align,projector,-0.0016,-0.0006,9,chute
align,projector,0.0013,0.0001,9,chute
align,projector,-0.0008,0.0000,9,chute
align,projector,-0.0006,-0.0001,9,chute
align,projector,0.0055,-0.0002,9,chute
align,projector,-0.0015,-0.0006,9,chute
align,projector,0.0012,0.0003,9,chute
align,projector,0.0068,0.0001,9,chute
align,projector,-0.0001,0.0000,9,chute
align,projector,0.0043,0.0002,9,chute
align,projector,-0.0036,-0.0001,9,chute
align,projector,-0.0041,0.0027,9,chute
align,projector,-0.0040,0.0017,9,chute
align,projector,0.0024,0.0006,9,chute
align,projector,-0.0001,0.0000,9,chute
align,projector,-0.0011,-0.0002,9,chute
align,projector,-0.0073,0.0097,9,chute
align,projector,-0.0039,0.0006,9,chute
align,projector,0.0000,0.0000,9,chute
align,projector,0.0065,-0.0001,9,chute
align,projector,-0.0008,-0.0003,9,chute
align,projector,-0.0007,-0.0003,9,chute
align,projector,-0.0037,0.0013,9,chute
align,projector,0.0012,0.0005,9,chute
align,projector,-0.0043,0.0036,9,chute
align,projector,0.0047,0.0002,9,chute
align,projector,0.0063,0.0003,9,chute
align,projector,0.0059,-0.0002,9,chute
align,projector,-0.0033,-0.0002,9,chute
align,projector,-0.0081,0.0145,9,chute
align,projector,0.0042,0.0003,9,chute
align,projector,-0.0044,0.0022,9,chute
align,projector,0.0057,0.0001,9,chute
align,projector,0.0006,0.0004,9,chute
align,projector,-0.0026,-0.0004,9,chute
align,projector,0.0016,0.0003,9,chute
align,projector,0.0072,0.0001,9,chute
align,projector,-0.0015,-0.0006,9,chute
align,projector,0.0058,-0.0000,9,chute
align,projector,-0.0044,0.0021,9,chute
align,projector,-0.0047,-0.0000,9,chute
align,projector,-0.0011,-0.0001,9,chute
align,projector,-0.0015,-0.0006,9,chute
align,projector,-0.0041,-0.0006,9,chute
align,projector,-0.0032,-0.0002,9,chute
align,projector,0.0050,-0.0000,9,chute
align,projector,-0.0008,-0.0003,9,chute
align,projector,-0.0039,0.0016,9,chute
align,projector,0.0001,-0.0001,9,chute
align,projector,-0.0018,-0.0006,9,chute
align,projector,-0.0008,-0.0004,9,chute
align,projector,0.0052,0.0001,9,chute
align,projector,-0.0003,-0.0001,9,chute
align,projector,0.0022,0.0004,9,chute
align,projector,-0.0040,0.0010,9,chute
align,projector,0.0070,0.0001,9,chute
align,projector,-0.0014,-0.0007,9,chute
align,backbone,-4.0938,0.1720,0,tench
align,backbone,1.5848,-0.1578,0,tench
align,backbone,5.6004,-0.3328,0,tench
align,backbone,2.0027,-0.1753,0,tench
align,backbone,-8.6721,0.5600,0,tench
align,backbone,0.2188,-0.0945,0,tench
align,backbone,0.1877,-0.0743,0,tench
align,backbone,2.3980,-0.1955,0,tench
align,backbone,-7.5950,0.4481,0,tench
align,backbone,2.3481,-0.1865,0,tench
align,backbone,-1.1478,-0.0182,0,tench
align,backbone,0.9571,-0.1281,0,tench
align,backbone,1.0783,-0.1280,0,tench
align,backbone,0.0539,-0.0926,0,tench
align,backbone,-3.4929,0.1335,0,tench
align,backbone,1.6109,-0.1627,0,tench
align,backbone,-3.0000,0.0792,0,tench
align,backbone,3.3111,-0.2380,0,tench
align,backbone,2.1012,-0.1744,0,tench
align,backbone,1.6248,-0.1508,0,tench
align,backbone,-4.7520,0.2159,0,tench
align,backbone,1.8076,-0.1701,0,tench
align,backbone,1.4352,-0.1494,0,tench
align,backbone,-8.2323,0.5503,0,tench
align,backbone,2.6907,-0.2164,0,tench
align,backbone,-0.4963,-0.0785,0,tench
align,backbone,1.9167,-0.1786,0,tench
align,backbone,-0.4703,-0.0602,0,tench
align,backbone,1.9021,-0.1669,0,tench
align,backbone,2.8078,-0.2111,0,tench
align,backbone,-2.7896,0.0904,0,tench
align,backbone,2.2704,-0.1954,0,tench
align,backbone,0.3629,-0.0928,0,tench
align,backbone,-0.8352,-0.0444,0,tench
align,backbone,-7.1026,0.4272,0,tench
align,backbone,1.0876,-0.1303,0,tench
align,backbone,-8.8474,0.6124,0,tench
align,backbone,-0.0174,-0.0836,0,tench
align,backbone,-0.2814,-0.0513,0,tench
align,backbone,-0.3389,-0.0561,0,tench
align,backbone,0.7825,-0.1356,0,tench
align,backbone,2.0831,-0.1757,0,tench
align,backbone,-1.5052,-0.0001,0,tench
align,backbone,-0.4852,-0.0535,0,tench
align,backbone,2.7575,-0.2033,0,tench
align,backbone,-1.7426,-0.0025,0,tench
align,backbone,0.2130,-0.0961,0,tench
align,backbone,0.7377,-0.1217,0,tench
align,backbone,0.2326,-0.1010,0,tench
align,backbone,-8.3762,0.5479,0,tench
align,backbone,-4.8138,0.2039,0,tench
align,backbone,-6.1897,0.3134,0,tench
align,backbone,0.7386,-0.1347,0,tench
align,backbone,0.5964,-0.0978,0,tench
align,backbone,-0.9577,-0.0426,0,tench
align,backbone,-0.1858,-0.0640,0,tench
align,backbone,-0.8822,-0.0164,0,tench
align,backbone,0.1164,-0.0816,0,tench
align,backbone,3.1356,-0.2313,0,tench
align,backbone,3.4234,-0.2572,0,tench
align,backbone,2.2896,-0.2079,0,tench
align,backbone,1.2796,-0.1381,0,tench
align,backbone,5.2188,-0.3388,0,tench
align,backbone,1.6102,-0.1485,0,tench
align,backbone,2.5105,-0.1926,0,tench
align,backbone,-0.6234,-0.0503,0,tench
align,backbone,0.3462,-0.0872,0,tench
align,backbone,-0.1823,-0.0614,0,tench
align,backbone,1.4359,-0.1750,0,tench
align,backbone,0.7103,-0.1118,0,tench
align,backbone,-1.6309,0.0165,0,tench
align,backbone,-6.5982,0.3762,0,tench
align,backbone,-1.9619,0.0327,0,tench
align,backbone,0.8966,-0.1372,0,tench
align,backbone,4.2293,-0.2924,0,tench
align,backbone,0.5878,-0.1032,0,tench
align,backbone,0.7081,-0.1186,0,tench
align,backbone,1.2331,-0.1302,0,tench
align,backbone,1.3794,-0.1413,0,tench
align,backbone,0.0112,-0.0715,0,tench
align,backbone,-0.1392,-0.0682,0,tench
align,backbone,1.2191,-0.1446,0,tench
align,backbone,-2.3942,0.0397,0,tench
align,backbone,-0.2010,-0.0762,0,tench
align,backbone,-2.9750,0.0816,0,tench
align,backbone,0.9899,-0.1246,0,tench
align,backbone,-2.3633,0.0672,0,tench
align,backbone,-0.0195,-0.0716,0,tench
align,backbone,-1.2724,0.0082,0,tench
align,backbone,-0.4194,-0.0433,0,tench
align,backbone,3.1324,-0.2369,0,tench
align,backbone,1.2863,-0.1570,0,tench
align,backbone,0.9162,-0.1145,0,tench
align,backbone,0.7253,-0.0993,0,tench
align,backbone,4.3993,-0.2818,0,tench
align,backbone,1.8670,-0.1683,0,tench
align,backbone,0.2063,-0.0948,0,tench
align,backbone,-1.8485,0.0403,0,tench
align,backbone,-1.3186,0.0010,0,tench
align,backbone,-9.0449,0.6151,0,tench
align,backbone,0.7294,-0.1177,0,tench
align,backbone,-4.4017,0.1956,0,tench
align,backbone,-6.1231,0.3256,0,tench
align,backbone,0.6937,-0.1030,0,tench
align,backbone,-2.5413,0.0583,0,tench
align,backbone,0.9397,-0.1320,0,tench
align,backbone,-2.3461,0.0627,0,tench
align,backbone,1.4188,-0.1446,0,tench
align,backbone,-3.0630,0.0768,0,tench
align,backbone,-6.3806,0.3299,0,tench
align,backbone,5.0756,-0.3100,0,tench
align,backbone,1.2672,-0.1524,0,tench
align,backbone,0.1309,-0.0791,0,tench
align,backbone,-0.3122,-0.0643,0,tench
align,backbone,-1.4154,-0.0032,0,tench
align,backbone,1.1215,-0.1285,0,tench
align,backbone,1.4280,-0.1476,0,tench
align,backbone,0.6566,-0.1197,0,tench
align,backbone,0.1546,-0.0864,0,tench
align,backbone,0.2934,-0.0899,0,tench
align,backbone,-9.7748,0.6995,0,tench
align,backbone,-0.3417,-0.0603,0,tench
align,backbone,-1.6529,-0.0023,0,tench
align,backbone,-0.2890,-0.0697,0,tench
align,backbone,-6.1270,0.3057,0,tench
align,backbone,-7.7017,0.4615,0,tench
align,backbone,1.6745,-0.1600,0,tench
align,backbone,-6.4090,0.3362,0,tench
align,backbone,3.4991,-0.2460,0,tench
align,backbone,-0.9752,-0.0300,0,tench
align,backbone,1.1843,-0.1348,0,tench
align,backbone,3.5177,-0.2508,0,tench
align,backbone,2.9922,-0.2330,0,tench
align,backbone,-1.3062,-0.0042,0,tench
align,backbone,1.3527,-0.1589,0,tench
align,backbone,-2.0877,0.0216,0,tench
align,backbone,-2.2678,0.0266,0,tench
align,backbone,-0.0586,-0.0651,0,tench
align,backbone,0.7318,-0.1165,0,tench
align,backbone,-1.7194,0.0146,0,tench
align,backbone,0.6016,-0.1020,0,tench
align,backbone,-0.3860,-0.0584,0,tench
align,backbone,-0.3378,-0.0634,0,tench
align,backbone,1.8573,-0.1604,0,tench
align,backbone,-4.5002,0.2035,0,tench
align,backbone,0.2039,-0.0930,0,tench
align,backbone,0.7600,-0.1247,0,tench
align,backbone,-1.0122,-0.0429,0,tench
align,backbone,0.0589,-0.0763,0,tench
align,backbone,-0.7108,-0.0438,0,tench
align,backbone,1.4502,-0.1527,0,tench
align,backbone,1.9053,-0.1740,0,tench
align,backbone,-0.0403,-0.0797,0,tench
align,backbone,0.6827,-0.1026,0,tench
align,backbone,-1.5526,-0.0005,0,tench
align,backbone,0.6030,-0.1090,0,tench
align,backbone,2.0372,-0.1791,0,tench
align,backbone,0.8553,-0.1098,0,tench
align,backbone,1.2422,-0.1474,0,tench
align,backbone,-1.3847,-0.0012,0,tench
align,backbone,2.9309,-0.2201,0,tench
align,backbone,3.4491,-0.2458,0,tench
align,backbone,-3.7332,0.1369,0,tench
align,backbone,-4.0088,0.1430,0,tench
align,backbone,1.1758,-0.1492,0,tench
align,backbone,0.6590,-0.1142,0,tench
align,backbone,-0.6691,-0.0375,0,tench
align,backbone,-0.8978,-0.0349,0,tench
align,backbone,0.2165,-0.0886,0,tench
align,backbone,0.9197,-0.1214,0,tench
align,backbone,0.0230,-0.0878,0,tench
align,backbone,-1.5644,0.0070,0,tench
align,backbone,-0.3402,-0.0790,0,tench
align,backbone,-0.0826,-0.0669,0,tench
align,backbone,4.0525,-0.2788,0,tench
align,backbone,1.8895,-0.1755,0,tench
align,backbone,0.7065,-0.1125,0,tench
align,backbone,-8.5661,0.5513,0,tench
align,backbone,0.8759,-0.1233,0,tench
align,backbone,-1.7623,0.0099,0,tench
align,backbone,1.7804,-0.1709,0,tench
align,backbone,-0.0998,-0.0629,0,tench
align,backbone,-6.2674,0.3387,0,tench
align,backbone,0.6732,-0.1282,0,tench
align,backbone,1.6058,-0.1553,0,tench
align,backbone,2.0854,-0.1756,0,tench
align,backbone,1.2385,-0.1545,0,tench
align,backbone,0.4027,-0.0996,0,tench
align,backbone,0.9147,-0.1262,0,tench
align,backbone,0.3444,-0.0979,0,tench
align,backbone,3.0504,-0.2218,0,tench
align,backbone,-2.4057,0.0509,0,tench
align,backbone,-0.4601,-0.0532,0,tench
align,backbone,-6.7908,0.3727,0,tench
align,backbone,1.1478,-0.1585,0,tench
align,backbone,0.3144,-0.0949,0,tench
align,backbone,3.0024,-0.2405,0,tench
align,backbone,0.8366,-0.1170,0,tench
align,backbone,3.0067,-0.2292,0,tench
align,backbone,1.4338,-0.1456,0,tench
align,backbone,1.3819,-0.1457,0,tench
align,backbone,-6.9214,0.3724,0,tench
align,backbone,-5.4031,0.3024,0,tench
align,backbone,0.3693,-0.0925,0,tench
align,backbone,-1.6350,0.0053,0,tench
align,backbone,0.7189,-0.1135,0,tench
align,backbone,0.6759,-0.1183,0,tench
align,backbone,1.7497,-0.1624,0,tench
align,backbone,4.9677,-0.3277,0,tench
align,backbone,0.9813,-0.1350,0,tench
align,backbone,1.4560,-0.1482,0,tench
align,backbone,1.3505,-0.1458,0,tench
align,backbone,-0.5766,-0.0554,0,tench
align,backbone,1.5785,-0.1639,0,tench
align,backbone,-1.2200,-0.0081,0,tench
align,backbone,-3.0725,0.0867,0,tench
align,backbone,3.8157,-0.2687,0,tench
align,backbone,0.5699,-0.1027,0,tench
align,backbone,0.6648,-0.1067,0,tench
align,backbone,-7.8354,0.4812,0,tench
align,backbone,1.1959,-0.1290,0,tench
align,backbone,-0.0964,-0.0913,0,tench
align,backbone,-10.1457,0.7620,0,tench
align,backbone,3.1349,-0.2287,0,tench
align,backbone,-6.2905,0.3303,0,tench
align,backbone,0.5141,-0.1053,0,tench
align,backbone,-0.2589,-0.0677,0,tench
align,backbone,1.3467,-0.1445,0,tench
align,backbone,-0.7246,-0.0334,0,tench
align,backbone,1.9740,-0.1948,0,tench
align,backbone,-2.2342,0.0441,0,tench
align,backbone,1.2694,-0.1285,0,tench
align,backbone,-0.6630,-0.0377,0,tench
align,backbone,1.9249,-0.1782,0,tench
align,backbone,-3.4521,0.1355,0,tench
align,backbone,1.2835,-0.1423,0,tench
align,backbone,2.0259,-0.1982,0,tench
align,backbone,-0.2868,-0.0611,0,tench
align,backbone,1.3843,-0.1569,0,tench
align,backbone,2.3436,-0.1977,0,tench
align,backbone,-1.7762,0.0364,0,tench
align,backbone,-0.2604,-0.0676,0,tench
align,backbone,0.9583,-0.1312,0,tench
align,backbone,1.4938,-0.1673,0,tench
align,backbone,0.9187,-0.1196,0,tench
align,backbone,-5.9324,0.2999,0,tench
align,backbone,-0.3185,-0.0644,0,tench
align,backbone,0.9748,-0.1486,0,tench
align,backbone,0.1777,-0.0864,0,tench
align,backbone,1.4683,-0.1412,0,tench
align,backbone,1.5166,-0.1536,0,tench
align,backbone,-0.4003,-0.0688,0,tench
align,backbone,-7.9791,0.5026,0,tench
align,backbone,-0.8049,-0.0370,0,tench
align,backbone,-0.2101,-0.0676,0,tench
align,backbone,0.3987,-0.0950,0,tench
align,backbone,-1.0481,-0.0407,0,tench
align,backbone,2.0291,-0.1799,0,tench
align,backbone,1.4414,-0.1499,0,tench
align,backbone,-0.2934,-0.0592,0,tench
align,backbone,1.8564,-0.1599,0,tench
align,backbone,-2.9508,0.0757,0,tench
align,backbone,1.1266,-0.1449,0,tench
align,backbone,-8.2032,0.5455,0,tench
align,backbone,0.7465,-0.1285,0,tench
align,backbone,1.1001,-0.1316,0,tench
align,backbone,-3.0843,0.0955,0,tench
align,backbone,-0.0723,-0.0821,0,tench
align,backbone,0.0106,-0.0645,0,tench
align,backbone,6.2244,-0.3616,0,tench
align,backbone,1.2318,-0.1478,0,tench
align,backbone,0.4371,-0.1005,0,tench
align,backbone,3.0624,-0.2188,0,tench
align,backbone,-5.8095,0.3202,0,tench
align,backbone,0.7679,-0.1295,0,tench
align,backbone,-8.4116,0.5538,0,tench
align,backbone,-0.5515,-0.0486,0,tench
align,backbone,-1.9783,0.0497,0,tench
align,backbone,1.3743,-0.1459,0,tench
align,backbone,-0.4255,-0.0567,0,tench
align,backbone,-0.9669,-0.0257,0,tench
align,backbone,-1.2420,-0.0170,0,tench
align,backbone,-7.9248,0.4822,0,tench
align,backbone,0.6396,-0.0965,0,tench
align,backbone,-4.3794,0.1820,0,tench
align,backbone,-4.1031,0.1450,0,tench
align,backbone,-1.0289,-0.0255,0,tench
align,backbone,-3.3338,0.1057,0,tench
align,backbone,0.7987,-0.1415,0,tench
align,backbone,0.2832,-0.0890,0,tench
align,backbone,0.8088,-0.1196,0,tench
align,backbone,1.4656,-0.1582,0,tench
align,backbone,0.8338,-0.1256,0,tench
align,backbone,0.7244,-0.1184,0,tench
align,backbone,1.4183,-0.1596,0,tench
align,backbone,1.0503,-0.1318,0,tench
align,backbone,-0.6044,-0.0465,0,tench
align,backbone,-8.5043,0.5326,0,tench
align,backbone,-7.3958,0.4300,0,tench
align,backbone,-0.0491,-0.0755,0,tench
align,backbone,0.9409,-0.1361,0,tench
align,backbone,5.6627,-0.3483,0,tench
align,backbone,-0.6975,-0.0242,0,tench
align,backbone,1.6020,-0.1644,0,tench
align,backbone,0.9187,-0.1392,0,tench
align,backbone,1.5649,-0.1650,0,tench
align,backbone,0.0684,-0.1032,0,tench
align,backbone,2.4598,-0.2006,0,tench
align,backbone,3.1525,-0.2385,0,tench
align,backbone,1.8350,-0.1642,0,tench
align,backbone,-6.9234,0.3825,0,tench
align,backbone,-2.4242,0.0462,0,tench
align,backbone,-6.9730,0.3960,0,tench
align,backbone,-1.1402,-0.0223,0,tench
align,backbone,-2.5705,0.0784,0,tench
align,backbone,1.5424,-0.1610,0,tench
align,backbone,-10.0203,0.7168,0,tench
align,backbone,1.3080,-0.1479,0,tench
align,backbone,-0.2420,-0.0597,0,tench
align,backbone,2.0723,-0.1744,0,tench
align,backbone,-0.6041,-0.0240,0,tench
align,backbone,-8.5158,0.5756,0,tench
align,backbone,0.2822,-0.1210,0,tench
align,backbone,-1.1905,-0.0206,0,tench
align,backbone,1.8337,-0.1596,0,tench
align,backbone,-0.0209,-0.0850,0,tench
align,backbone,1.7057,-0.1581,0,tench
align,backbone,-1.6582,0.0067,0,tench
align,backbone,-2.2120,0.0434,0,tench
align,backbone,3.1259,-0.2387,0,tench
align,backbone,-5.2852,0.2430,0,tench
align,backbone,-10.9558,0.8538,0,tench
align,backbone,-8.7541,0.5656,0,tench
align,backbone,-0.8604,-0.0490,0,tench
align,backbone,0.3040,-0.0984,0,tench
align,backbone,1.7560,-0.1585,0,tench
align,backbone,1.0807,-0.1327,0,tench
align,backbone,5.5501,-0.3398,0,tench
align,backbone,0.7290,-0.1058,0,tench
align,backbone,-2.2557,0.0448,0,tench
align,backbone,-2.2616,0.0416,0,tench
align,backbone,0.0639,-0.0815,0,tench
align,backbone,0.3532,-0.0790,0,tench
align,backbone,-5.4584,0.2779,0,tench
align,backbone,2.4706,-0.1940,0,tench
align,backbone,0.3288,-0.1076,0,tench
align,backbone,1.4004,-0.1560,0,tench
align,backbone,-1.5712,0.0227,0,tench
align,backbone,0.0062,-0.0892,0,tench
align,backbone,0.2771,-0.0958,0,tench
align,backbone,-9.8486,0.7087,0,tench
align,backbone,-10.1109,0.7516,0,tench
align,backbone,1.6971,-0.1664,0,tench
align,backbone,-0.6052,-0.0488,0,tench
align,backbone,2.4862,-0.2033,0,tench
align,backbone,-1.6429,-0.0031,0,tench
align,backbone,0.2262,-0.1091,0,tench
align,backbone,0.0690,-0.0927,0,tench
align,backbone,-0.4933,-0.0593,0,tench
align,backbone,2.8404,-0.2211,0,tench
align,backbone,-1.7061,0.0124,0,tench
align,backbone,3.1511,-0.2314,0,tench
align,backbone,1.8969,-0.1606,0,tench
align,backbone,1.8744,-0.1812,0,tench
align,backbone,0.9456,-0.1120,0,tench
align,backbone,2.2435,-0.1756,0,tench
align,backbone,-0.3901,-0.0553,0,tench
align,backbone,-5.3839,0.2670,0,tench
align,backbone,-9.4266,0.6769,0,tench
align,backbone,-5.3674,0.2469,0,tench
align,backbone,2.3639,-0.2069,0,tench
align,backbone,-5.9490,0.2960,0,tench
align,backbone,4.4996,-0.2924,0,tench
align,backbone,1.6801,-0.1633,0,tench
align,backbone,1.4736,-0.1629,0,tench
align,backbone,5.4728,-0.3261,0,tench
align,backbone,4.7821,-0.3176,0,tench
align,backbone,-2.5415,0.0555,0,tench
align,backbone,0.8879,-0.1283,0,tench
align,backbone,-3.4796,0.1297,0,tench
align,backbone,-2.4582,0.0377,0,tench
align,backbone,-2.9103,0.0881,0,tench
align,backbone,0.9622,-0.1333,0,tench
align,backbone,0.3632,-0.1086,0,tench
align,backbone,2.3975,-0.2077,0,tench
align,backbone,1.4630,-0.1464,0,tench
align,backbone,-4.8588,0.2214,0,tench
align,backbone,-5.4793,0.2665,1,springer
align,backbone,-2.0027,0.0124,1,springer
align,backbone,-0.8780,-0.0354,1,springer
align,backbone,2.4805,-0.2135,1,springer
align,backbone,-2.8559,0.0903,1,springer
align,backbone,-0.7275,-0.0356,1,springer
align,backbone,1.1347,-0.1495,1,springer
align,backbone,4.7823,-0.3208,1,springer
align,backbone,0.4559,-0.0976,1,springer
align,backbone,0.7645,-0.1196,1,springer
align,backbone,0.7900,-0.1216,1,springer
align,backbone,-0.8558,-0.0224,1,springer
align,backbone,1.5017,-0.1590,1,springer
align,backbone,1.7007,-0.1640,1,springer
align,backbone,-6.3313,0.3324,1,springer
align,backbone,-5.3981,0.2478,1,springer
align,backbone,3.5065,-0.2492,1,springer
align,backbone,-3.1177,0.0859,1,springer
align,backbone,4.3454,-0.2782,1,springer
align,backbone,-0.3014,-0.0769,1,springer
align,backbone,0.1807,-0.0904,1,springer
align,backbone,1.6220,-0.1688,1,springer
align,backbone,3.0346,-0.2327,1,springer
align,backbone,-0.6742,-0.0444,1,springer
align,backbone,5.9099,-0.3390,1,springer
align,backbone,-7.2348,0.4129,1,springer
align,backbone,1.2379,-0.1408,1,springer
align,backbone,1.3006,-0.1510,1,springer
align,backbone,-9.4024,0.6574,1,springer
align,backbone,0.0791,-0.0973,1,springer
align,backbone,-0.3072,-0.0638,1,springer
align,backbone,-0.1744,-0.0855,1,springer
align,backbone,2.1480,-0.1841,1,springer
align,backbone,1.4370,-0.1714,1,springer
align,backbone,-1.7816,0.0126,1,springer
align,backbone,2.0216,-0.1797,1,springer
align,backbone,-8.8841,0.5981,1,springer
align,backbone,-0.4395,-0.0518,1,springer
align,backbone,-0.1084,-0.0645,1,springer
align,backbone,0.9455,-0.1276,1,springer
align,backbone,0.3197,-0.0883,1,springer
align,backbone,1.5664,-0.1621,1,springer
align,backbone,3.8716,-0.2651,1,springer
align,backbone,-5.8256,0.3077,1,springer
align,backbone,1.6992,-0.1741,1,springer
align,backbone,-4.1111,0.1752,1,springer
align,backbone,-0.3929,-0.0478,1,springer
align,backbone,-9.2581,0.6760,1,springer
align,backbone,1.2616,-0.1746,1,springer
align,backbone,-0.4581,-0.0541,1,springer
align,backbone,2.2317,-0.1752,1,springer
align,backbone,-0.2048,-0.0733,1,springer
align,backbone,-0.0594,-0.0757,1,springer
align,backbone,-1.4104,-0.0087,1,springer
align,backbone,-8.5031,0.5651,1,springer
align,backbone,-0.0768,-0.0921,1,springer
align,backbone,2.1766,-0.1952,1,springer
align,backbone,0.0252,-0.0724,1,springer
align,backbone,2.7665,-0.2072,1,springer
align,backbone,-5.8345,0.3076,1,springer
align,backbone,1.0087,-0.1209,1,springer
align,backbone,0.6769,-0.1288,1,springer
align,backbone,2.1759,-0.1885,1,springer
align,backbone,5.9871,-0.3498,1,springer
align,backbone,-8.2428,0.5488,1,springer
align,backbone,5.7102,-0.3379,1,springer
align,backbone,0.3039,-0.0916,1,springer
align,backbone,0.3395,-0.0934,1,springer
align,backbone,-3.9208,0.1698,1,springer
align,backbone,1.1375,-0.1433,1,springer
align,backbone,-0.3066,-0.0758,1,springer
align,backbone,0.0689,-0.0903,1,springer
align,backbone,0.4148,-0.1046,1,springer
align,backbone,-7.7975,0.5077,1,springer
align,backbone,-0.1845,-0.0665,1,springer
align,backbone,0.5732,-0.1055,1,springer
align,backbone,0.8455,-0.1267,1,springer
align,backbone,-7.5180,0.4626,1,springer
align,backbone,-0.7995,-0.0432,1,springer
align,backbone,-7.8503,0.4533,1,springer
align,backbone,1.5416,-0.1549,1,springer
align,backbone,7.2173,-0.3873,1,springer
align,backbone,-0.9026,-0.0253,1,springer
align,backbone,-2.7534,0.0686,1,springer
align,backbone,4.3769,-0.2883,1,springer
align,backbone,1.4765,-0.1555,1,springer
align,backbone,-5.1547,0.2643,1,springer
align,backbone,-0.0293,-0.0770,1,springer
align,backbone,0.6654,-0.1215,1,springer
align,backbone,2.4518,-0.2003,1,springer
align,backbone,0.0642,-0.0761,1,springer
align,backbone,0.7038,-0.1286,1,springer
align,backbone,4.7033,-0.3060,1,springer
align,backbone,4.6044,-0.2954,1,springer
align,backbone,-5.5252,0.2532,1,springer
align,backbone,1.5724,-0.1512,1,springer
align,backbone,0.0477,-0.0866,1,springer
align,backbone,0.0982,-0.0843,1,springer
align,backbone,-0.3279,-0.0679,1,springer
align,backbone,-0.9142,-0.0276,1,springer
align,backbone,6.8229,-0.3806,1,springer
align,backbone,-6.9495,0.3963,1,springer
align,backbone,1.9943,-0.1759,1,springer
align,backbone,2.9798,-0.2242,1,springer
align,backbone,1.0254,-0.1270,1,springer
align,backbone,2.2700,-0.2014,1,springer
align,backbone,0.5976,-0.1163,1,springer
align,backbone,7.1433,-0.3844,1,springer
align,backbone,4.1248,-0.2804,1,springer
align,backbone,-0.2030,-0.0575,1,springer
align,backbone,1.4254,-0.1648,1,springer
align,backbone,-0.0523,-0.0757,1,springer
align,backbone,0.5449,-0.1098,1,springer
align,backbone,2.5075,-0.1975,1,springer
align,backbone,0.4651,-0.1044,1,springer
align,backbone,1.0763,-0.1214,1,springer
align,backbone,-5.6744,0.2846,1,springer
align,backbone,2.1408,-0.1906,1,springer
align,backbone,1.0782,-0.1530,1,springer
align,backbone,0.9264,-0.1351,1,springer
align,backbone,0.9935,-0.1247,1,springer
align,backbone,0.1360,-0.0962,1,springer
align,backbone,0.8193,-0.1281,1,springer
align,backbone,-9.1658,0.6200,1,springer
align,backbone,-6.9319,0.4017,1,springer
align,backbone,2.2459,-0.1860,1,springer
align,backbone,-5.5547,0.2804,1,springer
align,backbone,3.9358,-0.2731,1,springer
align,backbone,1.1835,-0.1506,1,springer
align,backbone,-1.6708,-0.0022,1,springer
align,backbone,-0.0317,-0.0776,1,springer
align,backbone,8.7517,-0.4312,1,springer
align,backbone,-8.8615,0.5727,1,springer
align,backbone,0.9135,-0.1261,1,springer
align,backbone,0.9811,-0.1418,1,springer
align,backbone,-0.3636,-0.0611,1,springer
align,backbone,1.6796,-0.1550,1,springer
align,backbone,-0.1514,-0.0978,1,springer
align,backbone,-1.4846,0.0074,1,springer
align,backbone,0.5567,-0.0979,1,springer
align,backbone,0.0788,-0.0822,1,springer
align,backbone,-0.4909,-0.0342,1,springer
align,backbone,-5.3459,0.2557,1,springer
align,backbone,1.4270,-0.1461,1,springer
align,backbone,2.5876,-0.2164,1,springer
align,backbone,3.1505,-0.2461,1,springer
align,backbone,-1.1290,-0.0279,1,springer
align,backbone,-2.1247,0.0386,1,springer
align,backbone,0.7504,-0.1128,1,springer
align,backbone,-1.6217,0.0115,1,springer
align,backbone,0.2256,-0.0874,1,springer
align,backbone,1.2500,-0.1569,1,springer
align,backbone,-10.5232,0.7774,1,springer
align,backbone,9.8527,-0.4483,1,springer
align,backbone,0.8573,-0.1191,1,springer
align,backbone,0.1221,-0.0884,1,springer
align,backbone,0.8547,-0.1164,1,springer
align,backbone,-6.7612,0.3646,1,springer
align,backbone,1.3366,-0.1338,1,springer
align,backbone,2.4845,-0.1986,1,springer
align,backbone,-11.0872,0.8732,1,springer
align,backbone,1.6043,-0.1579,1,springer
align,backbone,1.3244,-0.1584,1,springer
align,backbone,0.0001,-0.0718,1,springer
align,backbone,0.8895,-0.1181,1,springer
align,backbone,-2.9988,0.1106,1,springer
align,backbone,-3.7801,0.1457,1,springer
align,backbone,0.4655,-0.1115,1,springer
align,backbone,-1.5652,0.0111,1,springer
align,backbone,1.9261,-0.1905,1,springer
align,backbone,6.6439,-0.3882,1,springer
align,backbone,2.3228,-0.1899,1,springer
align,backbone,-0.6427,-0.0371,1,springer
align,backbone,1.9123,-0.1742,1,springer
align,backbone,1.5173,-0.1509,1,springer
align,backbone,2.0517,-0.1814,1,springer
align,backbone,0.3512,-0.1138,1,springer
align,backbone,-0.1880,-0.0704,1,springer
align,backbone,-8.0377,0.5181,1,springer
align,backbone,-0.5641,-0.0657,1,springer
align,backbone,3.3915,-0.2431,1,springer
align,backbone,-3.5485,0.1265,1,springer
align,backbone,0.1835,-0.1035,1,springer
align,backbone,-5.3600,0.2567,1,springer
align,backbone,-1.3243,-0.0008,1,springer
align,backbone,-0.6224,-0.0284,1,springer
align,backbone,-7.6900,0.4936,1,springer
align,backbone,1.6308,-0.1632,1,springer
align,backbone,0.4506,-0.0958,1,springer
align,backbone,3.6448,-0.2594,1,springer
align,backbone,-2.1133,0.0461,1,springer
align,backbone,-9.1440,0.6428,1,springer
align,backbone,0.1350,-0.0965,1,springer
align,backbone,-4.2097,0.1572,1,springer
align,backbone,2.8569,-0.2137,1,springer
align,backbone,0.8342,-0.1178,1,springer
align,backbone,2.6985,-0.2054,1,springer
align,backbone,-5.0245,0.2437,1,springer
align,backbone,-2.0370,0.0524,1,springer
align,backbone,-7.9468,0.4989,1,springer
align,backbone,1.0386,-0.1292,1,springer
align,backbone,0.6348,-0.1305,1,springer
align,backbone,-1.7348,-0.0016,1,springer
align,backbone,1.0019,-0.1359,1,springer
align,backbone,-1.7906,0.0089,1,springer
align,backbone,3.5365,-0.2487,1,springer
align,backbone,6.8966,-0.3839,1,springer
align,backbone,-1.5792,0.0316,1,springer
align,backbone,1.3219,-0.1390,1,springer
align,backbone,1.2922,-0.1375,1,springer
align,backbone,0.8081,-0.1177,1,springer
align,backbone,-0.5408,-0.0603,1,springer
align,backbone,0.8546,-0.1117,1,springer
align,backbone,2.0266,-0.1836,1,springer
align,backbone,-0.2492,-0.0593,1,springer
align,backbone,2.5239,-0.2112,1,springer
align,backbone,-1.8528,0.0234,1,springer
align,backbone,-0.3665,-0.0749,1,springer
align,backbone,-0.1521,-0.0874,1,springer
align,backbone,-2.5047,0.0404,1,springer
align,backbone,-4.4855,0.1804,1,springer
align,backbone,1.3985,-0.1614,1,springer
align,backbone,3.0750,-0.2209,1,springer
align,backbone,-0.1833,-0.0859,1,springer
align,backbone,0.3404,-0.1110,1,springer
align,backbone,-8.1247,0.5161,1,springer
align,backbone,3.4736,-0.2580,1,springer
align,backbone,1.1315,-0.1389,1,springer
align,backbone,0.7944,-0.1144,1,springer
align,backbone,2.8888,-0.2155,1,springer
align,backbone,-0.7876,-0.0365,1,springer
align,backbone,-2.0966,0.0315,1,springer
align,backbone,0.0727,-0.0911,1,springer
align,backbone,1.9380,-0.1805,1,springer
align,backbone,1.5773,-0.1679,1,springer
align,backbone,-0.7648,-0.0417,1,springer
align,backbone,-0.3845,-0.0401,1,springer
align,backbone,1.2529,-0.1411,1,springer
align,backbone,2.5065,-0.2107,1,springer
align,backbone,1.8111,-0.1753,1,springer
align,backbone,-0.2972,-0.0729,1,springer
align,backbone,4.1679,-0.2710,1,springer
align,backbone,0.1209,-0.0799,1,springer
align,backbone,-0.6752,-0.0335,1,springer
align,backbone,-4.0674,0.1460,1,springer
align,backbone,5.1431,-0.3160,1,springer
align,backbone,1.7857,-0.1689,1,springer
align,backbone,2.5308,-0.2250,1,springer
align,backbone,0.6635,-0.1124,1,springer
align,backbone,1.1443,-0.1315,1,springer
align,backbone,-0.6547,-0.0440,1,springer
align,backbone,1.5451,-0.1701,1,springer
align,backbone,1.2042,-0.1349,1,springer
align,backbone,1.4092,-0.1459,1,springer
align,backbone,0.2744,-0.0749,1,springer
align,backbone,7.0157,-0.3855,1,springer
align,backbone,-0.3962,-0.0629,1,springer
align,backbone,1.8726,-0.1696,1,springer
align,backbone,0.1897,-0.0886,1,springer
align,backbone,1.1349,-0.1503,1,springer
align,backbone,-2.4835,0.0686,1,springer
align,backbone,4.3479,-0.2852,1,springer
align,backbone,-0.4546,-0.0724,1,springer
align,backbone,2.0084,-0.2038,1,springer
align,backbone,1.0180,-0.1524,1,springer
align,backbone,1.4956,-0.1525,1,springer
align,backbone,-2.0341,0.0154,1,springer
align,backbone,0.1942,-0.0863,1,springer
align,backbone,3.1024,-0.2385,1,springer
align,backbone,7.3367,-0.3941,1,springer
align,backbone,1.4982,-0.1531,1,springer
align,backbone,-7.0804,0.4132,1,springer
align,backbone,2.3390,-0.2005,1,springer
align,backbone,-0.7589,-0.0584,1,springer
align,backbone,-1.3043,-0.0123,1,springer
align,backbone,1.7248,-0.1877,1,springer
align,backbone,1.4918,-0.1534,1,springer
align,backbone,-0.6676,-0.0368,1,springer
align,backbone,-8.6091,0.5728,1,springer
align,backbone,6.7191,-0.3741,1,springer
align,backbone,-2.3988,0.0361,1,springer
align,backbone,-2.4914,0.0597,1,springer
align,backbone,4.5486,-0.2979,1,springer
align,backbone,0.1904,-0.0996,1,springer
align,backbone,4.8725,-0.3229,1,springer
align,backbone,2.9211,-0.2225,1,springer
align,backbone,0.5634,-0.1145,1,springer
align,backbone,6.3121,-0.3681,1,springer
align,backbone,1.5266,-0.1583,1,springer
align,backbone,0.7182,-0.1135,1,springer
align,backbone,1.9123,-0.1772,1,springer
align,backbone,-4.4888,0.2163,1,springer
align,backbone,7.6465,-0.3997,1,springer
align,backbone,0.5255,-0.1064,1,springer
align,backbone,3.0499,-0.2193,1,springer
align,backbone,-3.8716,0.1610,1,springer
align,backbone,5.8691,-0.3414,1,springer
align,backbone,1.8670,-0.1675,1,springer
align,backbone,-7.5198,0.4489,1,springer
align,backbone,1.5076,-0.1526,1,springer
align,backbone,0.5945,-0.0993,1,springer
align,backbone,-6.2670,0.3208,1,springer
align,backbone,0.9801,-0.1297,1,springer
align,backbone,1.8181,-0.1820,1,springer
align,backbone,-1.2534,-0.0363,1,springer
align,backbone,-0.8948,-0.0401,1,springer
align,backbone,0.4006,-0.1071,1,springer
align,backbone,3.4894,-0.2387,1,springer
align,backbone,-1.2475,-0.0142,1,springer
align,backbone,2.2891,-0.1962,1,springer
align,backbone,-8.8936,0.5872,1,springer
align,backbone,3.4051,-0.2513,1,springer
align,backbone,-1.2570,0.0003,1,springer
align,backbone,1.0135,-0.1284,1,springer
align,backbone,-0.1649,-0.0689,1,springer
align,backbone,0.3525,-0.1084,1,springer
align,backbone,-1.1954,-0.0112,1,springer
align,backbone,0.6201,-0.1102,1,springer
align,backbone,-11.5774,0.9533,1,springer
align,backbone,0.6635,-0.1194,1,springer
align,backbone,2.7356,-0.2135,1,springer
align,backbone,0.6678,-0.1147,1,springer
align,backbone,-8.3999,0.5528,1,springer
align,backbone,2.2112,-0.1889,1,springer
align,backbone,1.2817,-0.1591,1,springer
align,backbone,0.2402,-0.0685,1,springer
align,backbone,-4.9370,0.2263,1,springer
align,backbone,-3.0464,0.0990,1,springer
align,backbone,-2.8880,0.0853,1,springer
align,backbone,1.5901,-0.1707,1,springer
align,backbone,0.7988,-0.1176,1,springer
align,backbone,-1.7564,0.0144,1,springer
align,backbone,-2.7649,0.0650,1,springer
align,backbone,-1.4468,-0.0087,1,springer
align,backbone,-1.2186,-0.0258,1,springer
align,backbone,0.9127,-0.1357,1,springer
align,backbone,1.2258,-0.1455,1,springer
align,backbone,-10.4151,0.7661,1,springer
align,backbone,2.7786,-0.2295,1,springer
align,backbone,-2.2996,0.0520,1,springer
align,backbone,-4.9895,0.2200,1,springer
align,backbone,0.8225,-0.1270,1,springer
align,backbone,1.2016,-0.1661,1,springer
align,backbone,-1.4157,0.0099,1,springer
align,backbone,-2.4705,0.0487,1,springer
align,backbone,-5.5847,0.2845,1,springer
align,backbone,-1.5700,0.0177,1,springer
align,backbone,4.5736,-0.3090,1,springer
align,backbone,-2.0980,0.0351,1,springer
align,backbone,-2.1665,0.0420,1,springer
align,backbone,2.5384,-0.1978,1,springer
align,backbone,-1.2902,-0.0273,1,springer
align,backbone,1.0354,-0.1183,1,springer
align,backbone,0.7034,-0.1264,1,springer
align,backbone,-0.1822,-0.0637,1,springer
align,backbone,0.3071,-0.0872,1,springer
align,backbone,-0.3234,-0.0522,1,springer
align,backbone,0.1416,-0.0966,1,springer
align,backbone,0.9449,-0.1279,1,springer
align,backbone,1.5513,-0.1662,1,springer
align,backbone,0.0565,-0.1047,1,springer
align,backbone,-4.9181,0.2158,1,springer
align,backbone,1.6273,-0.1787,1,springer
align,backbone,-7.8826,0.4977,1,springer
align,backbone,-8.5998,0.5900,1,springer
align,backbone,-9.0434,0.6148,1,springer
align,backbone,2.8591,-0.2165,1,springer
align,backbone,0.2047,-0.0999,1,springer
align,backbone,-0.2909,-0.0530,1,springer
align,backbone,4.8890,-0.3134,1,springer
align,backbone,1.3092,-0.1692,1,springer
align,backbone,1.7455,-0.1649,1,springer
align,backbone,-5.6197,0.2658,1,springer
align,backbone,3.8170,-0.2717,1,springer
align,backbone,4.7098,-0.3256,1,springer
align,backbone,3.2023,-0.2343,1,springer
align,backbone,1.9214,-0.1779,1,springer
align,backbone,-6.6138,0.3809,1,springer
align,backbone,1.8629,-0.1684,1,springer
align,backbone,0.9543,-0.1338,1,springer
align,backbone,-4.0335,0.1653,1,springer
align,backbone,0.6215,-0.1186,1,springer
align,backbone,3.1595,-0.2337,1,springer
align,backbone,0.5125,-0.1075,1,springer
align,backbone,0.1961,-0.1032,1,springer
align,backbone,-2.8919,0.0765,1,springer
align,backbone,0.3147,-0.0912,1,springer
align,backbone,-2.7363,0.0689,1,springer
align,backbone,-7.2999,0.4182,1,springer
align,backbone,1.6056,-0.1614,1,springer
align,backbone,-4.6997,0.1967,1,springer
align,backbone,0.3241,-0.1018,1,springer
align,backbone,-8.0617,0.5229,1,springer
align,backbone,-3.3099,0.1306,1,springer
align,backbone,0.3745,-0.0990,1,springer
align,backbone,6.5174,-0.3777,2,cassette
align,backbone,1.7665,-0.1707,2,cassette
align,backbone,2.7657,-0.2091,2,cassette
align,backbone,3.5427,-0.2591,2,cassette
align,backbone,3.7248,-0.2684,2,cassette
align,backbone,-5.9067,0.3001,2,cassette
align,backbone,-13.1799,1.1853,2,cassette
align,backbone,0.5179,-0.1323,2,cassette
align,backbone,1.8513,-0.1906,2,cassette
align,backbone,-1.9544,0.0110,2,cassette
align,backbone,0.7879,-0.1266,2,cassette
align,backbone,1.1065,-0.1305,2,cassette
align,backbone,0.1624,-0.0848,2,cassette
align,backbone,-0.6851,-0.0424,2,cassette
align,backbone,2.4344,-0.1900,2,cassette
align,backbone,-3.0704,0.1137,2,cassette
align,backbone,0.4992,-0.1221,2,cassette
align,backbone,2.6162,-0.1991,2,cassette
align,backbone,1.3945,-0.1420,2,cassette
align,backbone,-0.7937,-0.0651,2,cassette
align,backbone,1.5688,-0.1579,2,cassette
align,backbone,3.8220,-0.2593,2,cassette
align,backbone,-3.7065,0.1539,2,cassette
align,backbone,8.1513,-0.4139,2,cassette
align,backbone,9.7586,-0.4457,2,cassette
align,backbone,9.0191,-0.4363,2,cassette
align,backbone,2.4453,-0.1924,2,cassette
align,backbone,4.2995,-0.3036,2,cassette
align,backbone,1.0795,-0.1414,2,cassette
align,backbone,1.9674,-0.1833,2,cassette
align,backbone,2.5479,-0.2124,2,cassette
align,backbone,2.6874,-0.2153,2,cassette
align,backbone,-0.4571,-0.0537,2,cassette
align,backbone,1.2247,-0.1531,2,cassette
align,backbone,1.7730,-0.1669,2,cassette
align,backbone,1.4304,-0.1619,2,cassette
align,backbone,1.4587,-0.1626,2,cassette
align,backbone,5.4252,-0.3302,2,cassette
align,backbone,2.8091,-0.2230,2,cassette
align,backbone,3.4965,-0.2448,2,cassette
align,backbone,1.2861,-0.1488,2,cassette
align,backbone,0.9172,-0.1268,2,cassette
align,backbone,0.7984,-0.1242,2,cassette
align,backbone,0.3482,-0.0978,2,cassette
align,backbone,2.6474,-0.2089,2,cassette
align,backbone,2.3381,-0.1991,2,cassette
align,backbone,11.0052,-0.4596,2,cassette
align,backbone,0.8234,-0.1132,2,cassette
align,backbone,-5.5537,0.2780,2,cassette
align,backbone,3.6637,-0.2578,2,cassette
align,backbone,9.3732,-0.4464,2,cassette
align,backbone,3.4938,-0.2498,2,cassette
align,backbone,2.3706,-0.1937,2,cassette
align,backbone,-8.3430,0.5169,2,cassette
align,backbone,4.5850,-0.2889,2,cassette
align,backbone,1.7416,-0.1815,2,cassette
align,backbone,-4.8956,0.2546,2,cassette
align,backbone,0.3243,-0.1025,2,cassette
align,backbone,-1.6386,-0.0162,2,cassette
align,backbone,3.0623,-0.2301,2,cassette
align,backbone,7.5987,-0.4063,2,cassette
align,backbone,3.8535,-0.2675,2,cassette
align,backbone,3.0383,-0.2233,2,cassette
align,backbone,-3.5383,0.1197,2,cassette
align,backbone,1.5501,-0.1698,2,cassette
align,backbone,-1.7790,0.0316,2,cassette
align,backbone,0.5314,-0.1105,2,cassette
align,backbone,2.4782,-0.1990,2,cassette
align,backbone,4.6216,-0.2942,2,cassette
align,backbone,-1.0739,-0.0252,2,cassette
align,backbone,0.6928,-0.1132,2,cassette
align,backbone,-6.9920,0.3952,2,cassette
align,backbone,2.0188,-0.1706,2,cassette
align,backbone,-6.8137,0.3807,2,cassette
align,backbone,3.0540,-0.2310,2,cassette
align,backbone,2.0111,-0.1832,2,cassette
align,backbone,-9.8787,0.7054,2,cassette
align,backbone,-0.0115,-0.0704,2,cassette
align,backbone,2.1691,-0.1755,2,cassette
align,backbone,2.4288,-0.1917,2,cassette
align,backbone,2.9699,-0.2231,2,cassette
align,backbone,-0.2860,-0.0577,2,cassette
align,backbone,6.9128,-0.3870,2,cassette
align,backbone,-7.4217,0.4258,2,cassette
align,backbone,1.7888,-0.1773,2,cassette
align,backbone,4.8823,-0.3147,2,cassette
align,backbone,4.3935,-0.3024,2,cassette
align,backbone,1.6523,-0.1636,2,cassette
align,backbone,-8.2682,0.5468,2,cassette
align,backbone,1.7412,-0.1820,2,cassette
align,backbone,1.8521,-0.1687,2,cassette
align,backbone,1.5799,-0.1528,2,cassette
align,backbone,5.1152,-0.3294,2,cassette
align,backbone,3.1385,-0.2450,2,cassette
align,backbone,4.3097,-0.2801,2,cassette
align,backbone,6.2964,-0.3634,2,cassette
align,backbone,3.0780,-0.2221,2,cassette
align,backbone,1.6997,-0.1547,2,cassette
align,backbone,4.7880,-0.3121,2,cassette
align,backbone,2.3309,-0.2065,2,cassette
align,backbone,1.1212,-0.1314,2,cassette
align,backbone,2.5300,-0.2129,2,cassette
align,backbone,-0.8229,-0.0292,2,cassette
align,backbone,-0.7464,-0.0316,2,cassette
align,backbone,-9.7528,0.6602,2,cassette
align,backbone,-7.2988,0.4397,2,cassette
align,backbone,-0.9150,-0.0271,2,cassette
align,backbone,0.0983,-0.1003,2,cassette
align,backbone,2.0714,-0.1946,2,cassette
align,backbone,2.6093,-0.2110,2,cassette
align,backbone,-0.7384,-0.0390,2,cassette
align,backbone,1.1475,-0.1261,2,cassette
align,backbone,5.1049,-0.3267,2,cassette
align,backbone,-2.3480,0.0609,2,cassette
align,backbone,2.1741,-0.2117,2,cassette
align,backbone,0.8686,-0.1328,2,cassette
align,backbone,5.4069,-0.3269,2,cassette
align,backbone,1.3269,-0.1513,2,cassette
align,backbone,1.6597,-0.1610,2,cassette
align,backbone,0.6054,-0.1125,2,cassette
align,backbone,0.5554,-0.1083,2,cassette
align,backbone,2.0237,-0.1828,2,cassette
align,backbone,1.7943,-0.1701,2,cassette
align,backbone,-1.1248,-0.0204,2,cassette
align,backbone,-0.5782,-0.0594,2,cassette
align,backbone,1.1577,-0.1414,2,cassette
align,backbone,3.1632,-0.2426,2,cassette
align,backbone,2.4979,-0.2137,2,cassette
align,backbone,5.2753,-0.3453,2,cassette
align,backbone,2.6571,-0.2328,2,cassette
align,backbone,1.4611,-0.1665,2,cassette
align,backbone,-7.4122,0.4239,2,cassette
align,backbone,-5.9615,0.2891,2,cassette
align,backbone,-9.2618,0.6341,2,cassette
align,backbone,4.9331,-0.3119,2,cassette
align,backbone,0.0318,-0.0953,2,cassette
align,backbone,-2.1152,0.0552,2,cassette
align,backbone,3.5384,-0.2618,2,cassette
align,backbone,-0.0192,-0.0850,2,cassette
align,backbone,-2.3129,0.0301,2,cassette
align,backbone,-0.3696,-0.0438,2,cassette
align,backbone,9.6190,-0.4468,2,cassette
align,backbone,-8.8583,0.5781,2,cassette
align,backbone,1.8046,-0.1685,2,cassette
align,backbone,2.2816,-0.2011,2,cassette
align,backbone,-21.4510,5.1380,2,cassette
align,backbone,5.9771,-0.3744,2,cassette
align,backbone,-0.2413,-0.0574,2,cassette
align,backbone,-0.0553,-0.0822,2,cassette
align,backbone,3.1769,-0.2266,2,cassette
align,backbone,5.3664,-0.3264,2,cassette
align,backbone,-1.5196,-0.0105,2,cassette
align,backbone,-0.1193,-0.0954,2,cassette
align,backbone,1.2091,-0.1543,2,cassette
align,backbone,5.0509,-0.3147,2,cassette
align,backbone,3.1689,-0.2357,2,cassette
align,backbone,1.3618,-0.1505,2,cassette
align,backbone,1.9595,-0.1901,2,cassette
align,backbone,3.4188,-0.2574,2,cassette
align,backbone,2.4238,-0.2029,2,cassette
align,backbone,-2.7298,0.0773,2,cassette
align,backbone,-7.7236,0.4669,2,cassette
align,backbone,-7.0822,0.4226,2,cassette
align,backbone,1.4411,-0.1612,2,cassette
align,backbone,-0.4194,-0.0470,2,cassette
align,backbone,-2.3601,0.0497,2,cassette
align,backbone,2.2735,-0.1959,2,cassette
align,backbone,0.6395,-0.1120,2,cassette
align,backbone,-0.7759,-0.0434,2,cassette
align,backbone,7.6715,-0.4101,2,cassette
align,backbone,3.8086,-0.2567,2,cassette
align,backbone,2.5314,-0.2091,2,cassette
align,backbone,2.1024,-0.1939,2,cassette
align,backbone,2.8822,-0.2267,2,cassette
align,backbone,4.4994,-0.2963,2,cassette
align,backbone,-0.0894,-0.0812,2,cassette
align,backbone,4.3142,-0.2765,2,cassette
align,backbone,2.8838,-0.2180,2,cassette
align,backbone,2.0314,-0.1865,2,cassette
align,backbone,1.2867,-0.1637,2,cassette
align,backbone,3.3666,-0.2391,2,cassette
align,backbone,3.7602,-0.2708,2,cassette
align,backbone,4.2368,-0.2734,2,cassette
align,backbone,4.5004,-0.2844,2,cassette
align,backbone,0.2213,-0.0916,2,cassette
align,backbone,-1.1489,-0.0274,2,cassette
align,backbone,-5.2939,0.2412,2,cassette
align,backbone,7.0217,-0.3837,2,cassette
align,backbone,3.6051,-0.2506,2,cassette
align,backbone,3.5246,-0.2531,2,cassette
align,backbone,-6.1668,0.3111,2,cassette
align,backbone,4.1755,-0.2888,2,cassette
align,backbone,-0.4267,-0.0627,2,cassette
align,backbone,0.7211,-0.1173,2,cassette
align,backbone,7.4001,-0.3990,2,cassette
align,backbone,-5.2237,0.2286,2,cassette
align,backbone,-7.0357,0.4097,2,cassette
align,backbone,-0.1443,-0.0758,2,cassette
align,backbone,2.8643,-0.2208,2,cassette
align,backbone,-0.0634,-0.0916,2,cassette
align,backbone,3.4466,-0.2520,2,cassette
align,backbone,-6.9802,0.3976,2,cassette
align,backbone,-0.0262,-0.0746,2,cassette
align,backbone,7.2974,-0.3884,2,cassette
align,backbone,7.1635,-0.3978,2,cassette
align,backbone,2.1346,-0.2057,2,cassette
align,backbone,1.1985,-0.1503,2,cassette
align,backbone,-6.9199,0.4109,2,cassette
align,backbone,-0.4718,-0.0388,2,cassette
align,backbone,1.2045,-0.1318,2,cassette
align,backbone,1.3887,-0.1510,2,cassette
align,backbone,1.6341,-0.1710,2,cassette
align,backbone,0.0050,-0.0774,2,cassette
align,backbone,4.5615,-0.3070,2,cassette
align,backbone,3.1875,-0.2465,2,cassette
align,backbone,0.8682,-0.1500,2,cassette
align,backbone,1.2118,-0.1433,2,cassette
align,backbone,1.6306,-0.1673,2,cassette
align,backbone,2.6523,-0.2248,2,cassette
align,backbone,0.2472,-0.0984,2,cassette
align,backbone,7.7969,-0.4176,2,cassette
align,backbone,9.8922,-0.4512,2,cassette
align,backbone,3.2828,-0.2519,2,cassette
align,backbone,1.0901,-0.1277,2,cassette
align,backbone,-6.5164,0.3630,2,cassette
align,backbone,0.2665,-0.1002,2,cassette
align,backbone,2.2764,-0.1962,2,cassette
align,backbone,2.7387,-0.2183,2,cassette
align,backbone,-4.7666,0.1875,2,cassette
align,backbone,-6.8214,0.3911,2,cassette
align,backbone,2.6509,-0.2149,2,cassette
align,backbone,0.6001,-0.1197,2,cassette
align,backbone,1.2921,-0.1397,2,cassette
align,backbone,1.6862,-0.1614,2,cassette
align,backbone,2.8040,-0.2124,2,cassette
align,backbone,10.1462,-0.4552,2,cassette
align,backbone,3.3683,-0.2414,2,cassette
align,backbone,-1.9783,0.0238,2,cassette
align,backbone,4.9470,-0.3059,2,cassette
align,backbone,-2.0433,0.0358,2,cassette
align,backbone,5.5833,-0.3361,2,cassette
align,backbone,0.3764,-0.1052,2,cassette
align,backbone,1.2928,-0.1412,2,cassette
align,backbone,5.7024,-0.3418,2,cassette
align,backbone,2.1169,-0.1900,2,cassette
align,backbone,7.5739,-0.4024,2,cassette
align,backbone,-2.7134,0.0719,2,cassette
align,backbone,2.1915,-0.1824,2,cassette
align,backbone,2.2086,-0.1903,2,cassette
align,backbone,1.3511,-0.1562,2,cassette
align,backbone,3.1471,-0.2331,2,cassette
align,backbone,6.9091,-0.3821,2,cassette
align,backbone,2.5427,-0.2231,2,cassette
align,backbone,1.0161,-0.1279,2,cassette
align,backbone,-1.2181,-0.0281,2,cassette
align,backbone,-1.0440,-0.0204,2,cassette
align,backbone,0.9356,-0.1179,2,cassette
align,backbone,2.0571,-0.1929,2,cassette
align,backbone,3.2950,-0.2399,2,cassette
align,backbone,4.8890,-0.3070,2,cassette
align,backbone,-0.2960,-0.0546,2,cassette
align,backbone,1.6894,-0.1674,2,cassette
align,backbone,-3.3583,0.1083,2,cassette
align,backbone,5.3606,-0.3270,2,cassette
align,backbone,2.9181,-0.2193,2,cassette
align,backbone,0.9413,-0.1520,2,cassette
align,backbone,2.8074,-0.2131,2,cassette
align,backbone,1.6917,-0.1677,2,cassette
align,backbone,-1.8739,0.0289,2,cassette
align,backbone,6.8038,-0.3890,2,cassette
align,backbone,6.8137,-0.3937,2,cassette
align,backbone,1.0705,-0.1257,2,cassette
align,backbone,2.5291,-0.2105,2,cassette
align,backbone,1.3598,-0.1590,2,cassette
align,backbone,-2.0014,0.0319,2,cassette
align,backbone,1.3765,-0.1452,2,cassette
align,backbone,0.7793,-0.1012,2,cassette
align,backbone,-7.2060,0.4185,2,cassette
align,backbone,0.9053,-0.1445,2,cassette
align,backbone,5.0920,-0.3257,2,cassette
align,backbone,1.6543,-0.1613,2,cassette
align,backbone,-0.3293,-0.0782,2,cassette
align,backbone,2.9478,-0.2277,2,cassette
align,backbone,-0.9338,-0.0273,2,cassette
align,backbone,-6.4156,0.3627,2,cassette
align,backbone,-3.7072,0.1232,2,cassette
align,backbone,4.1871,-0.2777,2,cassette
align,backbone,3.8332,-0.2660,2,cassette
align,backbone,1.2665,-0.1438,2,cassette
align,backbone,39.7822,8.2811,2,cassette
align,backbone,4.9203,-0.3091,2,cassette
align,backbone,-0.2707,-0.0752,2,cassette
align,backbone,4.9126,-0.3102,2,cassette
align,backbone,3.7347,-0.2594,2,cassette
align,backbone,0.5306,-0.1077,2,cassette
align,backbone,3.1513,-0.2385,2,cassette
align,backbone,-2.3001,0.0497,2,cassette
align,backbone,-8.2298,0.5388,2,cassette
align,backbone,10.1100,-0.4473,2,cassette
align,backbone,1.9331,-0.1810,2,cassette
align,backbone,1.5171,-0.1549,2,cassette
align,backbone,3.6245,-0.2623,2,cassette
align,backbone,3.3045,-0.2419,2,cassette
align,backbone,3.2103,-0.2414,2,cassette
align,backbone,5.8830,-0.3446,2,cassette
align,backbone,-9.0860,0.5885,2,cassette
align,backbone,5.8996,-0.3445,2,cassette
align,backbone,-0.0508,-0.1027,2,cassette
align,backbone,2.4413,-0.1980,2,cassette
align,backbone,0.3354,-0.0944,2,cassette
align,backbone,0.4339,-0.1080,2,cassette
align,backbone,-1.6969,-0.0187,2,cassette
align,backbone,2.8500,-0.2161,2,cassette
align,backbone,-1.8438,0.0455,2,cassette
align,backbone,0.2214,-0.1079,2,cassette
align,backbone,4.8291,-0.3074,2,cassette
align,backbone,-8.2350,0.5335,2,cassette
align,backbone,2.4202,-0.2022,2,cassette
align,backbone,-2.2897,0.0399,2,cassette
align,backbone,1.4743,-0.1457,2,cassette
align,backbone,-9.0600,0.6243,2,cassette
align,backbone,2.1995,-0.2075,2,cassette
align,backbone,-0.2285,-0.0632,2,cassette
align,backbone,3.1644,-0.2274,2,cassette
align,backbone,0.8017,-0.1124,2,cassette
align,backbone,6.4351,-0.3660,2,cassette
align,backbone,4.3671,-0.2787,2,cassette
align,backbone,6.7591,-0.3731,2,cassette
align,backbone,1.5915,-0.1701,2,cassette
align,backbone,6.5445,-0.3673,2,cassette
align,backbone,4.1122,-0.2866,2,cassette
align,backbone,1.1537,-0.1677,2,cassette
align,backbone,1.5580,-0.1727,2,cassette
align,backbone,5.1158,-0.3262,2,cassette
align,backbone,1.9587,-0.1762,2,cassette
align,backbone,4.3651,-0.2865,2,cassette
align,backbone,0.7583,-0.1307,2,cassette
align,backbone,0.8878,-0.1150,2,cassette
align,backbone,3.6360,-0.2510,2,cassette
align,backbone,0.0188,-0.0910,2,cassette
align,backbone,-6.3651,0.3597,2,cassette
align,backbone,2.5632,-0.1935,2,cassette
align,backbone,0.1158,-0.1105,2,cassette
align,backbone,1.4933,-0.1734,2,cassette
align,backbone,4.3128,-0.2926,2,cassette
align,backbone,0.2388,-0.0946,2,cassette
align,backbone,3.9665,-0.2690,2,cassette
align,backbone,2.3754,-0.2001,2,cassette
align,backbone,2.6612,-0.2314,2,cassette
align,backbone,-1.7000,0.0006,2,cassette
align,backbone,-1.5457,0.0321,2,cassette
align,backbone,2.4549,-0.1996,2,cassette
align,backbone,0.4199,-0.1307,2,cassette
align,backbone,-1.1802,-0.0112,2,cassette
align,backbone,1.1494,-0.1361,2,cassette
align,backbone,-9.6670,0.6839,2,cassette
align,backbone,1.2498,-0.1477,2,cassette
align,backbone,-4.4910,0.1783,3,chainsaw
align,backbone,-5.5426,0.2705,3,chainsaw
align,backbone,3.2375,-0.2373,3,chainsaw
align,backbone,-6.7779,0.3476,3,chainsaw
align,backbone,2.1259,-0.1899,3,chainsaw
align,backbone,-6.3836,0.3408,3,chainsaw
align,backbone,2.4762,-0.2260,3,chainsaw
align,backbone,-0.4469,-0.0600,3,chainsaw
align,backbone,0.6356,-0.1198,3,chainsaw
align,backbone,0.2473,-0.0881,3,chainsaw
align,backbone,-8.4867,0.5382,3,chainsaw
align,backbone,-0.9418,-0.0258,3,chainsaw
align,backbone,2.8225,-0.2357,3,chainsaw
align,backbone,-1.6892,-0.0011,3,chainsaw
align,backbone,1.5194,-0.1504,3,chainsaw
align,backbone,2.6533,-0.2344,3,chainsaw
align,backbone,3.7320,-0.2598,3,chainsaw
align,backbone,3.5406,-0.2585,3,chainsaw
align,backbone,-2.7651,0.0684,3,chainsaw
align,backbone,-6.4308,0.3403,3,chainsaw
align,backbone,-1.5102,0.0083,3,chainsaw
align,backbone,-0.6061,-0.0652,3,chainsaw
align,backbone,-3.1861,0.1115,3,chainsaw
align,backbone,-0.2632,-0.0669,3,chainsaw
align,backbone,-3.5112,0.1274,3,chainsaw
align,backbone,-1.2481,-0.0262,3,chainsaw
align,backbone,-8.2936,0.5153,3,chainsaw
align,backbone,-1.9996,0.0221,3,chainsaw
align,backbone,-0.2989,-0.0809,3,chainsaw
align,backbone,3.0211,-0.2177,3,chainsaw
align,backbone,1.0207,-0.1261,3,chainsaw
align,backbone,1.5848,-0.1526,3,chainsaw
align,backbone,1.6410,-0.1644,3,chainsaw
align,backbone,0.6764,-0.1136,3,chainsaw
align,backbone,-6.6315,0.3716,3,chainsaw
align,backbone,2.3639,-0.1978,3,chainsaw
align,backbone,0.9810,-0.1272,3,chainsaw
align,backbone,-7.9072,0.4896,3,chainsaw
align,backbone,-2.1015,0.0477,3,chainsaw
align,backbone,-1.2427,-0.0112,3,chainsaw
align,backbone,0.7541,-0.1101,3,chainsaw
align,backbone,1.4603,-0.1585,3,chainsaw
align,backbone,-4.9178,0.2144,3,chainsaw
align,backbone,2.2893,-0.2162,3,chainsaw
align,backbone,-1.3688,-0.0227,3,chainsaw
align,backbone,-4.9421,0.2345,3,chainsaw
align,backbone,-0.0881,-0.0673,3,chainsaw
align,backbone,-5.2019,0.2369,3,chainsaw
align,backbone,-1.3455,-0.0026,3,chainsaw
align,backbone,-8.1582,0.5166,3,chainsaw
align,backbone,3.1425,-0.2336,3,chainsaw
align,backbone,1.7474,-0.1633,3,chainsaw
align,backbone,-7.2245,0.4084,3,chainsaw
align,backbone,-6.9218,0.3837,3,chainsaw
align,backbone,2.2739,-0.1875,3,chainsaw
align,backbone,-7.2792,0.4216,3,chainsaw
align,backbone,1.0774,-0.1234,3,chainsaw
align,backbone,-5.5164,0.2802,3,chainsaw
align,backbone,-3.8395,0.1465,3,chainsaw
align,backbone,-4.2754,0.1696,3,chainsaw
align,backbone,1.0462,-0.1346,3,chainsaw
align,backbone,-0.5944,-0.0457,3,chainsaw
align,backbone,1.7861,-0.1751,3,chainsaw
align,backbone,-3.9514,0.1420,3,chainsaw
align,backbone,0.1173,-0.0799,3,chainsaw
align,backbone,-0.6411,-0.0359,3,chainsaw
align,backbone,-7.5387,0.4511,3,chainsaw
align,backbone,1.3290,-0.1517,3,chainsaw
align,backbone,-0.4615,-0.0442,3,chainsaw
align,backbone,2.1003,-0.1802,3,chainsaw
align,backbone,2.5820,-0.2077,3,chainsaw
align,backbone,-1.9301,0.0114,3,chainsaw
align,backbone,2.8439,-0.2359,3,chainsaw
align,backbone,0.2439,-0.0909,3,chainsaw
align,backbone,4.4813,-0.2867,3,chainsaw
align,backbone,-0.1325,-0.0694,3,chainsaw
align,backbone,-3.1584,0.0991,3,chainsaw
align,backbone,-2.7336,0.0665,3,chainsaw
align,backbone,3.3660,-0.2608,3,chainsaw
align,backbone,0.9702,-0.1392,3,chainsaw
align,backbone,-0.9137,-0.0439,3,chainsaw
align,backbone,-8.4188,0.5431,3,chainsaw
align,backbone,-0.9077,-0.0370,3,chainsaw
align,backbone,1.3802,-0.1557,3,chainsaw
align,backbone,2.4064,-0.2020,3,chainsaw
align,backbone,-4.0578,0.1926,3,chainsaw
align,backbone,0.8275,-0.1205,3,chainsaw
align,backbone,1.6420,-0.1614,3,chainsaw
align,backbone,4.1182,-0.2951,3,chainsaw
align,backbone,3.9971,-0.2731,3,chainsaw
align,backbone,1.1164,-0.1505,3,chainsaw
align,backbone,-4.3294,0.2036,3,chainsaw
align,backbone,1.2062,-0.1362,3,chainsaw
align,backbone,-3.4326,0.1049,3,chainsaw
align,backbone,-5.6623,0.2751,3,chainsaw
align,backbone,-2.6914,0.0725,3,chainsaw
align,backbone,-7.7322,0.4724,3,chainsaw
align,backbone,1.2313,-0.1516,3,chainsaw
align,backbone,0.3724,-0.1111,3,chainsaw
align,backbone,-9.0063,0.5898,3,chainsaw
align,backbone,-8.9666,0.6300,3,chainsaw
align,backbone,-7.8391,0.4599,3,chainsaw
align,backbone,-8.0158,0.4810,3,chainsaw
align,backbone,-0.9907,-0.0093,3,chainsaw
align,backbone,4.0520,-0.2800,3,chainsaw
align,backbone,-7.2467,0.4123,3,chainsaw
align,backbone,-2.1420,0.0475,3,chainsaw
align,backbone,1.0262,-0.1349,3,chainsaw
align,backbone,-1.6022,0.0183,3,chainsaw
align,backbone,-3.8897,0.1508,3,chainsaw
align,backbone,-3.1713,0.1280,3,chainsaw
align,backbone,-0.5322,-0.0545,3,chainsaw
align,backbone,0.9471,-0.1346,3,chainsaw
align,backbone,0.1647,-0.0876,3,chainsaw
align,backbone,-0.3302,-0.0696,3,chainsaw
align,backbone,-2.3256,0.0368,3,chainsaw
align,backbone,0.6287,-0.1222,3,chainsaw
align,backbone,0.1015,-0.0776,3,chainsaw
align,backbone,0.7104,-0.1106,3,chainsaw
align,backbone,-2.6564,0.0485,3,chainsaw
align,backbone,1.4276,-0.1734,3,chainsaw
align,backbone,0.5778,-0.1143,3,chainsaw
align,backbone,0.1305,-0.0688,3,chainsaw
align,backbone,0.3061,-0.1035,3,chainsaw
align,backbone,1.1190,-0.1519,3,chainsaw
align,backbone,-6.2306,0.3343,3,chainsaw
align,backbone,-3.1416,0.1152,3,chainsaw
align,backbone,1.6648,-0.1809,3,chainsaw
align,backbone,2.2306,-0.1942,3,chainsaw
align,backbone,0.5158,-0.0909,3,chainsaw
align,backbone,1.6368,-0.1495,3,chainsaw
align,backbone,1.8035,-0.1698,3,chainsaw
align,backbone,0.3197,-0.0919,3,chainsaw
align,backbone,-1.9987,0.0516,3,chainsaw
align,backbone,0.2539,-0.1029,3,chainsaw
align,backbone,-6.5154,0.3560,3,chainsaw
align,backbone,1.7759,-0.1713,3,chainsaw
align,backbone,1.9439,-0.1829,3,chainsaw
align,backbone,-8.0077,0.4932,3,chainsaw
align,backbone,-4.0628,0.1653,3,chainsaw
align,backbone,2.8790,-0.2195,3,chainsaw
align,backbone,0.0954,-0.0804,3,chainsaw
align,backbone,-2.6767,0.0820,3,chainsaw
align,backbone,0.2210,-0.0962,3,chainsaw
align,backbone,-0.0955,-0.0845,3,chainsaw
align,backbone,0.7806,-0.1273,3,chainsaw
align,backbone,1.1799,-0.1516,3,chainsaw
align,backbone,-1.7107,0.0085,3,chainsaw
align,backbone,-0.1096,-0.0821,3,chainsaw
align,backbone,-0.9303,-0.0236,3,chainsaw
align,backbone,-5.5172,0.2684,3,chainsaw
align,backbone,-0.4728,-0.0632,3,chainsaw
align,backbone,-5.6547,0.2892,3,chainsaw
align,backbone,1.0271,-0.1386,3,chainsaw
align,backbone,-1.4667,0.0065,3,chainsaw
align,backbone,-6.8781,0.3705,3,chainsaw
align,backbone,2.0729,-0.1837,3,chainsaw
align,backbone,-0.4669,-0.0340,3,chainsaw
align,backbone,-8.5921,0.5583,3,chainsaw
align,backbone,3.8971,-0.2769,3,chainsaw
align,backbone,-6.7768,0.3851,3,chainsaw
align,backbone,-1.8016,0.0177,3,chainsaw
align,backbone,6.7771,-0.3925,3,chainsaw
align,backbone,2.7634,-0.2137,3,chainsaw
align,backbone,0.8238,-0.1160,3,chainsaw
align,backbone,1.4295,-0.1502,3,chainsaw
align,backbone,-7.2827,0.4367,3,chainsaw
align,backbone,-2.4248,0.0665,3,chainsaw
align,backbone,1.0375,-0.1352,3,chainsaw
align,backbone,-4.6727,0.2080,3,chainsaw
align,backbone,-4.5266,0.1744,3,chainsaw
align,backbone,0.1232,-0.0789,3,chainsaw
align,backbone,-6.0170,0.3040,3,chainsaw
align,backbone,0.6746,-0.1008,3,chainsaw
align,backbone,-4.4925,0.1840,3,chainsaw
align,backbone,-8.4666,0.5439,3,chainsaw
align,backbone,-3.2138,0.1086,3,chainsaw
align,backbone,2.4963,-0.1975,3,chainsaw
align,backbone,-4.0093,0.1519,3,chainsaw
align,backbone,1.2917,-0.1324,3,chainsaw
align,backbone,1.7906,-0.1768,3,chainsaw
align,backbone,-4.9128,0.2187,3,chainsaw
align,backbone,0.7975,-0.1200,3,chainsaw
align,backbone,-7.7866,0.4467,3,chainsaw
align,backbone,-9.3310,0.6614,3,chainsaw
align,backbone,-1.5011,-0.0157,3,chainsaw
align,backbone,0.6562,-0.1158,3,chainsaw
align,backbone,-0.6339,-0.0399,3,chainsaw
align,backbone,-2.1364,0.0395,3,chainsaw
align,backbone,-5.3575,0.2584,3,chainsaw
align,backbone,-9.7295,0.7017,3,chainsaw
align,backbone,0.6074,-0.1038,3,chainsaw
align,backbone,3.4086,-0.2483,3,chainsaw
align,backbone,-1.2632,-0.0067,3,chainsaw
align,backbone,-3.8152,0.1404,3,chainsaw
align,backbone,-6.8322,0.3952,3,chainsaw
align,backbone,0.6740,-0.1045,3,chainsaw
align,backbone,3.3647,-0.2451,3,chainsaw
align,backbone,2.0347,-0.1871,3,chainsaw
align,backbone,0.7691,-0.1223,3,chainsaw
align,backbone,3.3478,-0.2407,3,chainsaw
align,backbone,-5.0713,0.2421,3,chainsaw
align,backbone,-1.0660,-0.0088,3,chainsaw
align,backbone,1.2257,-0.1353,3,chainsaw
align,backbone,1.9885,-0.1831,3,chainsaw
align,backbone,-6.8405,0.3835,3,chainsaw
align,backbone,0.7933,-0.1363,3,chainsaw
align,backbone,-5.4323,0.2578,3,chainsaw
align,backbone,-3.0337,0.1068,3,chainsaw
align,backbone,-7.7614,0.4778,3,chainsaw
align,backbone,0.5358,-0.1137,3,chainsaw
align,backbone,-12.0138,0.9898,3,chainsaw
align,backbone,1.2374,-0.1425,3,chainsaw
align,backbone,5.4537,-0.3241,3,chainsaw
align,backbone,-10.7221,0.8489,3,chainsaw
align,backbone,-0.8875,-0.0121,3,chainsaw
align,backbone,1.1876,-0.1344,3,chainsaw
align,backbone,-8.0897,0.4828,3,chainsaw
align,backbone,0.5510,-0.1144,3,chainsaw
align,backbone,2.4924,-0.2137,3,chainsaw
align,backbone,1.1130,-0.1403,3,chainsaw
align,backbone,-5.3450,0.2565,3,chainsaw
align,backbone,-1.6117,0.0064,3,chainsaw
align,backbone,1.6507,-0.1739,3,chainsaw
align,backbone,0.6603,-0.1364,3,chainsaw
align,backbone,0.2943,-0.1051,3,chainsaw
align,backbone,1.8591,-0.1659,3,chainsaw
align,backbone,-2.0176,0.0310,3,chainsaw
align,backbone,-5.3075,0.2426,3,chainsaw
align,backbone,-4.0485,0.1480,3,chainsaw
align,backbone,0.2061,-0.1135,3,chainsaw
align,backbone,-3.7038,0.1458,3,chainsaw
align,backbone,-0.1040,-0.0901,3,chainsaw
align,backbone,2.2904,-0.1933,3,chainsaw
align,backbone,0.4951,-0.0960,3,chainsaw
align,backbone,-0.5283,-0.0696,3,chainsaw
align,backbone,-1.7236,0.0416,3,chainsaw
align,backbone,-0.5591,-0.0418,3,chainsaw
align,backbone,-0.2364,-0.0713,3,chainsaw
align,backbone,-6.2444,0.3133,3,chainsaw
align,backbone,-1.3063,-0.0124,3,chainsaw
align,backbone,-0.4548,-0.0555,3,chainsaw
align,backbone,1.9727,-0.1764,3,chainsaw
align,backbone,1.1946,-0.1432,3,chainsaw
align,backbone,1.6258,-0.1575,3,chainsaw
align,backbone,-0.2513,-0.0762,3,chainsaw
align,backbone,-0.2672,-0.0580,3,chainsaw
align,backbone,1.7209,-0.1560,3,chainsaw
align,backbone,0.0298,-0.0849,3,chainsaw
align,backbone,-3.3083,0.1072,3,chainsaw
align,backbone,-3.1922,0.0959,3,chainsaw
align,backbone,0.6247,-0.1260,3,chainsaw
align,backbone,0.7653,-0.1207,3,chainsaw
align,backbone,1.2155,-0.1404,3,chainsaw
align,backbone,-1.6801,0.0138,3,chainsaw
align,backbone,-5.3553,0.2756,3,chainsaw
align,backbone,-4.8267,0.1955,3,chainsaw
align,backbone,2.1877,-0.1734,3,chainsaw
align,backbone,0.7186,-0.1126,3,chainsaw
align,backbone,-1.1559,-0.0181,3,chainsaw
align,backbone,0.5903,-0.1017,3,chainsaw
align,backbone,1.6536,-0.1569,3,chainsaw
align,backbone,0.3804,-0.0877,3,chainsaw
align,backbone,1.8019,-0.1640,3,chainsaw
align,backbone,0.5750,-0.1018,3,chainsaw
align,backbone,1.7060,-0.1568,3,chainsaw
align,backbone,0.9493,-0.1328,3,chainsaw
align,backbone,-1.5091,0.0001,3,chainsaw
align,backbone,3.0616,-0.2410,3,chainsaw
align,backbone,-7.0219,0.4252,3,chainsaw
align,backbone,1.5370,-0.1441,3,chainsaw
align,backbone,0.6733,-0.1077,3,chainsaw
align,backbone,-1.8520,0.0154,3,chainsaw
align,backbone,0.7536,-0.1338,3,chainsaw
align,backbone,2.0926,-0.1823,3,chainsaw
align,backbone,-3.6724,0.1175,3,chainsaw
align,backbone,1.4284,-0.1540,3,chainsaw
align,backbone,6.5860,-0.3857,3,chainsaw
align,backbone,0.0102,-0.0881,3,chainsaw
align,backbone,-0.9758,-0.0289,3,chainsaw
align,backbone,-9.3122,0.6616,3,chainsaw
align,backbone,3.5189,-0.2553,3,chainsaw
align,backbone,1.8672,-0.1771,3,chainsaw
align,backbone,-1.7291,-0.0015,3,chainsaw
align,backbone,-5.5149,0.2692,3,chainsaw
align,backbone,-3.0131,0.0773,3,chainsaw
align,backbone,0.9345,-0.1368,3,chainsaw
align,backbone,-4.6545,0.1765,3,chainsaw
align,backbone,-7.2348,0.4061,3,chainsaw
align,backbone,6.1371,-0.3718,3,chainsaw
align,backbone,-8.1882,0.5328,3,chainsaw
align,backbone,-0.6013,-0.0517,3,chainsaw
align,backbone,-6.0952,0.3265,3,chainsaw
align,backbone,-0.1704,-0.0568,3,chainsaw
align,backbone,1.0072,-0.1512,3,chainsaw
align,backbone,-2.6717,0.0804,3,chainsaw
align,backbone,0.9267,-0.1437,3,chainsaw
align,backbone,3.9471,-0.2688,3,chainsaw
align,backbone,0.3655,-0.0945,3,chainsaw
align,backbone,0.3026,-0.1003,3,chainsaw
align,backbone,-5.8099,0.2841,3,chainsaw
align,backbone,1.0214,-0.1619,3,chainsaw
align,backbone,0.3897,-0.1065,3,chainsaw
align,backbone,-6.7901,0.3750,3,chainsaw
align,backbone,-0.6268,-0.0478,3,chainsaw
align,backbone,-5.4306,0.2385,3,chainsaw
align,backbone,-0.1249,-0.0745,3,chainsaw
align,backbone,-5.9344,0.2800,3,chainsaw
align,backbone,1.8227,-0.1680,3,chainsaw
align,backbone,1.3261,-0.1625,3,chainsaw
align,backbone,-1.5199,-0.0149,3,chainsaw
align,backbone,5.4454,-0.3361,3,chainsaw
align,backbone,-11.4376,0.9476,3,chainsaw
align,backbone,0.3598,-0.1031,3,chainsaw
align,backbone,-0.1655,-0.0800,3,chainsaw
align,backbone,-3.8959,0.1427,3,chainsaw
align,backbone,3.5049,-0.2571,3,chainsaw
align,backbone,-8.0074,0.5207,3,chainsaw
align,backbone,-1.4696,0.0013,3,chainsaw
align,backbone,5.8665,-0.3420,3,chainsaw
align,backbone,-10.2276,0.7743,3,chainsaw
align,backbone,-4.9119,0.2225,3,chainsaw
align,backbone,-8.7520,0.5613,3,chainsaw
align,backbone,-4.3931,0.1858,3,chainsaw
align,backbone,-1.6664,0.0054,3,chainsaw
align,backbone,-1.9401,0.0112,3,chainsaw
align,backbone,-6.3955,0.3563,3,chainsaw
align,backbone,1.3004,-0.1349,3,chainsaw
align,backbone,-2.7128,0.0706,3,chainsaw
align,backbone,-7.1204,0.4247,3,chainsaw
align,backbone,2.8726,-0.2111,3,chainsaw
align,backbone,1.8906,-0.1744,3,chainsaw
align,backbone,5.7546,-0.3405,3,chainsaw
align,backbone,-1.3766,-0.0100,3,chainsaw
align,backbone,0.8485,-0.1138,3,chainsaw
align,backbone,-1.1791,0.0016,3,chainsaw
align,backbone,1.6790,-0.1566,3,chainsaw
align,backbone,-0.8882,-0.0255,3,chainsaw
align,backbone,-10.3378,0.7845,3,chainsaw
align,backbone,-0.5561,-0.0390,3,chainsaw
align,backbone,-2.0427,0.0388,3,chainsaw
align,backbone,-1.9698,0.0051,3,chainsaw
align,backbone,-9.7049,0.6724,3,chainsaw
align,backbone,1.3145,-0.1538,3,chainsaw
align,backbone,-5.2514,0.2429,3,chainsaw
align,backbone,1.0258,-0.1409,3,chainsaw
align,backbone,0.8752,-0.1283,3,chainsaw
align,backbone,7.3882,-0.4077,3,chainsaw
align,backbone,0.2403,-0.0960,3,chainsaw
align,backbone,-4.2086,0.1614,3,chainsaw
align,backbone,-2.6286,0.0617,3,chainsaw
align,backbone,-5.2352,0.2416,3,chainsaw
align,backbone,-0.2940,-0.0551,3,chainsaw
align,backbone,0.3900,-0.1025,3,chainsaw
align,backbone,-0.3108,-0.0854,3,chainsaw
align,backbone,-0.6691,-0.0573,3,chainsaw
align,backbone,-2.0747,0.0323,3,chainsaw
align,backbone,2.3805,-0.2011,3,chainsaw
align,backbone,-5.5431,0.2727,3,chainsaw
align,backbone,-7.5729,0.4649,3,chainsaw
align,backbone,2.0047,-0.1803,3,chainsaw
align,backbone,-9.2973,0.6565,3,chainsaw
align,backbone,0.3073,-0.1031,3,chainsaw
align,backbone,1.2138,-0.1414,3,chainsaw
align,backbone,-0.2991,-0.0761,3,chainsaw
align,backbone,0.9155,-0.1454,3,chainsaw
align,backbone,-5.2240,0.2520,3,chainsaw
align,backbone,2.7993,-0.2277,3,chainsaw
align,backbone,0.0205,-0.0920,3,chainsaw
align,backbone,1.6612,-0.1820,3,chainsaw
align,backbone,0.9551,-0.1273,3,chainsaw
align,backbone,-9.9433,0.7259,3,chainsaw
align,backbone,-2.3256,0.0422,3,chainsaw
align,backbone,1.6697,-0.1495,3,chainsaw
align,backbone,1.0228,-0.1299,3,chainsaw
align,backbone,-9.9253,0.7054,3,chainsaw
align,backbone,-8.8487,0.5823,3,chainsaw
align,backbone,-8.3581,0.5299,3,chainsaw
align,backbone,-5.1002,0.2223,3,chainsaw
align,backbone,-4.2496,0.1736,3,chainsaw
align,backbone,1.4463,-0.1492,3,chainsaw
align,backbone,-5.5292,0.2713,3,chainsaw
align,backbone,9.3232,-0.4400,3,chainsaw
align,backbone,2.6471,-0.2066,3,chainsaw
align,backbone,1.2638,-0.1328,3,chainsaw
align,backbone,-4.8314,0.2098,3,chainsaw
align,backbone,1.5320,-0.1652,4,church
align,backbone,1.4447,-0.1557,4,church
align,backbone,-6.7385,0.3898,4,church
align,backbone,1.8208,-0.1727,4,church
align,backbone,-2.5533,0.0555,4,church
align,backbone,-9.0172,0.6366,4,church
align,backbone,1.3247,-0.1355,4,church
align,backbone,-0.9987,-0.0168,4,church
align,backbone,8.0270,-0.4059,4,church
align,backbone,-9.2693,0.6325,4,church
align,backbone,1.4763,-0.1462,4,church
align,backbone,2.3657,-0.1961,4,church
align,backbone,2.9602,-0.2458,4,church
align,backbone,-0.5295,-0.0601,4,church
align,backbone,0.8557,-0.1184,4,church
align,backbone,0.0839,-0.0984,4,church
align,backbone,-1.9333,0.0316,4,church
align,backbone,-0.7360,-0.0296,4,church
align,backbone,1.8331,-0.1713,4,church
align,backbone,1.4369,-0.1452,4,church
align,backbone,2.9549,-0.2381,4,church
align,backbone,2.9536,-0.2232,4,church
align,backbone,1.5568,-0.1637,4,church
align,backbone,3.6902,-0.2735,4,church
align,backbone,-4.0548,0.1581,4,church
align,backbone,0.5271,-0.1029,4,church
align,backbone,0.7605,-0.1098,4,church
align,backbone,1.7611,-0.1679,4,church
align,backbone,-1.4158,-0.0133,4,church
align,backbone,-3.1961,0.0883,4,church
align,backbone,4.9413,-0.3048,4,church
align,backbone,0.6566,-0.1128,4,church
align,backbone,-1.2495,-0.0325,4,church
align,backbone,0.7342,-0.1288,4,church
align,backbone,1.4203,-0.1625,4,church
align,backbone,0.7053,-0.1373,4,church
align,backbone,-1.8010,0.0046,4,church
align,backbone,-1.9613,0.0359,4,church
align,backbone,0.6291,-0.1332,4,church
align,backbone,1.2884,-0.1532,4,church
align,backbone,-5.1975,0.2402,4,church
align,backbone,0.2833,-0.1079,4,church
align,backbone,7.1901,-0.4006,4,church
align,backbone,-6.9452,0.4104,4,church
align,backbone,0.2294,-0.1169,4,church
align,backbone,-3.8104,0.1493,4,church
align,backbone,1.3665,-0.1730,4,church
align,backbone,4.1360,-0.2821,4,church
align,backbone,-1.4753,-0.0061,4,church
align,backbone,1.0098,-0.1294,4,church
align,backbone,6.0257,-0.3515,4,church
align,backbone,-4.1099,0.1552,4,church
align,backbone,2.3457,-0.2026,4,church
align,backbone,13.7334,-0.4625,4,church
align,backbone,-1.1599,-0.0212,4,church
align,backbone,-1.5642,0.0160,4,church
align,backbone,1.1033,-0.1238,4,church
align,backbone,3.4490,-0.2479,4,church
align,backbone,-10.2867,0.7507,4,church
align,backbone,-0.6474,-0.0393,4,church
align,backbone,5.9568,-0.3508,4,church
align,backbone,0.6968,-0.1113,4,church
align,backbone,2.9138,-0.2252,4,church
align,backbone,-4.3080,0.1644,4,church
align,backbone,2.9029,-0.2128,4,church
align,backbone,-0.6542,-0.0465,4,church
align,backbone,-0.1044,-0.0891,4,church
align,backbone,-7.9234,0.4796,4,church
align,backbone,2.3715,-0.1886,4,church
align,backbone,2.7903,-0.2125,4,church
align,backbone,-0.8266,-0.0383,4,church
align,backbone,4.0976,-0.2907,4,church
align,backbone,-7.5876,0.4453,4,church
align,backbone,1.6379,-0.1619,4,church
align,backbone,0.2096,-0.1050,4,church
align,backbone,0.3394,-0.1130,4,church
align,backbone,-6.3367,0.3290,4,church
align,backbone,0.8635,-0.1188,4,church
align,backbone,3.9487,-0.2640,4,church
align,backbone,-3.1915,0.0921,4,church
align,backbone,-0.6724,-0.0367,4,church
align,backbone,-6.0867,0.3159,4,church
align,backbone,3.4843,-0.2518,4,church
align,backbone,6.5133,-0.3756,4,church
align,backbone,-0.4182,-0.0638,4,church
align,backbone,-0.5404,-0.0504,4,church
align,backbone,-5.0919,0.2220,4,church
align,backbone,1.4270,-0.1621,4,church
align,backbone,0.3121,-0.0954,4,church
align,backbone,0.1755,-0.0883,4,church
align,backbone,-0.5318,-0.0554,4,church
align,backbone,0.1268,-0.0684,4,church
align,backbone,3.8511,-0.2618,4,church
align,backbone,1.8552,-0.1607,4,church
align,backbone,-0.6471,-0.0364,4,church
align,backbone,-5.0779,0.2328,4,church
align,backbone,0.4435,-0.1024,4,church
align,backbone,7.1480,-0.3906,4,church
align,backbone,-0.2604,-0.0707,4,church
align,backbone,0.3201,-0.0902,4,church
align,backbone,-6.4463,0.3378,4,church
align,backbone,0.2042,-0.0956,4,church
align,backbone,4.4282,-0.2847,4,church
align,backbone,4.6076,-0.2946,4,church
align,backbone,-3.1043,0.0959,4,church
align,backbone,-0.2492,-0.0783,4,church
align,backbone,0.0818,-0.0918,4,church
align,backbone,-1.2356,-0.0278,4,church
align,backbone,0.8043,-0.1180,4,church
align,backbone,-0.8860,-0.0528,4,church
align,backbone,0.6182,-0.1235,4,church
align,backbone,2.0628,-0.1860,4,church
align,backbone,1.1494,-0.1450,4,church
align,backbone,-0.6467,-0.0457,4,church
align,backbone,-2.3981,0.0470,4,church
align,backbone,1.0417,-0.1453,4,church
align,backbone,-1.0881,-0.0347,4,church
align,backbone,10.2245,-0.4852,4,church
align,backbone,3.0841,-0.2300,4,church
align,backbone,-0.3323,-0.0866,4,church
align,backbone,0.0221,-0.1041,4,church
align,backbone,1.3177,-0.1470,4,church
align,backbone,-0.2073,-0.0558,4,church
align,backbone,-2.6317,0.0799,4,church
align,backbone,1.3032,-0.1512,4,church
align,backbone,-5.7192,0.2967,4,church
align,backbone,-4.8622,0.2041,4,church
align,backbone,1.8882,-0.1684,4,church
align,backbone,-0.1010,-0.0924,4,church
align,backbone,-1.0221,-0.0328,4,church
align,backbone,0.8241,-0.1281,4,church
align,backbone,8.8641,-0.4309,4,church
align,backbone,-8.0681,0.5257,4,church
align,backbone,1.4758,-0.1570,4,church
align,backbone,-0.1092,-0.0806,4,church
align,backbone,-8.8342,0.5887,4,church
align,backbone,-6.9902,0.3925,4,church
align,backbone,1.4077,-0.1426,4,church
align,backbone,2.3929,-0.2015,4,church
align,backbone,-1.1638,-0.0068,4,church
align,backbone,2.0086,-0.1784,4,church
align,backbone,-4.9532,0.2059,4,church
align,backbone,2.5355,-0.2053,4,church
align,backbone,-0.6798,-0.0287,4,church
align,backbone,-0.6913,-0.0382,4,church
align,backbone,0.5454,-0.1021,4,church
align,backbone,2.3539,-0.2153,4,church
align,backbone,3.0687,-0.2478,4,church
align,backbone,1.3435,-0.1446,4,church
align,backbone,-2.5558,0.0588,4,church
align,backbone,7.0146,-0.3829,4,church
align,backbone,-1.0357,-0.0347,4,church
align,backbone,3.1654,-0.2329,4,church
align,backbone,1.1318,-0.1323,4,church
align,backbone,-3.3375,0.1013,4,church
align,backbone,1.8603,-0.1791,4,church
align,backbone,1.2581,-0.1496,4,church
align,backbone,-1.4531,0.0019,4,church
align,backbone,2.1855,-0.1878,4,church
align,backbone,6.7379,-0.3840,4,church
align,backbone,-8.8061,0.5728,4,church
align,backbone,-3.1679,0.1038,4,church
align,backbone,1.3364,-0.1493,4,church
align,backbone,-1.4110,-0.0003,4,church
align,backbone,-1.6765,0.0035,4,church
align,backbone,-1.7677,0.0227,4,church
align,backbone,1.5208,-0.1611,4,church
align,backbone,-6.0391,0.3021,4,church
align,backbone,-0.4136,-0.0648,4,church
align,backbone,0.4304,-0.1198,4,church
align,backbone,-1.1216,-0.0265,4,church
align,backbone,-6.5600,0.3346,4,church
align,backbone,1.5354,-0.1465,4,church
align,backbone,0.6030,-0.1128,4,church
align,backbone,1.0730,-0.1297,4,church
align,backbone,0.5244,-0.1095,4,church
align,backbone,1.8555,-0.1759,4,church
align,backbone,0.0941,-0.0899,4,church
align,backbone,0.8721,-0.1216,4,church
align,backbone,-6.9451,0.4139,4,church
align,backbone,-4.4897,0.2029,4,church
align,backbone,-1.5302,-0.0156,4,church
align,backbone,1.0099,-0.1478,4,church
align,backbone,4.8646,-0.3091,4,church
align,backbone,-0.3859,-0.0628,4,church
align,backbone,0.9705,-0.1316,4,church
align,backbone,-0.5489,-0.0416,4,church
align,backbone,2.1885,-0.1849,4,church
align,backbone,2.6917,-0.2057,4,church
align,backbone,-7.4847,0.4373,4,church
align,backbone,-0.2325,-0.0754,4,church
align,backbone,2.4729,-0.2064,4,church
align,backbone,-6.0892,0.3097,4,church
align,backbone,2.1221,-0.1927,4,church
align,backbone,1.0449,-0.1406,4,church
align,backbone,-1.0051,-0.0308,4,church
align,backbone,1.6857,-0.1839,4,church
align,backbone,4.5008,-0.2924,4,church
align,backbone,-3.3050,0.1010,4,church
align,backbone,-1.8160,0.0147,4,church
align,backbone,5.0181,-0.3149,4,church
align,backbone,1.5656,-0.1635,4,church
align,backbone,4.5609,-0.3035,4,church
align,backbone,-0.8855,-0.0559,4,church
align,backbone,2.9762,-0.2163,4,church
align,backbone,0.7766,-0.1321,4,church
align,backbone,2.9095,-0.2342,4,church
align,backbone,0.6801,-0.1141,4,church
align,backbone,-5.9317,0.3052,4,church
align,backbone,-9.1205,0.6431,4,church
align,backbone,1.7929,-0.1615,4,church
align,backbone,8.6796,-0.4337,4,church
align,backbone,-0.0103,-0.0708,4,church
align,backbone,-0.8774,-0.0411,4,church
align,backbone,-0.0413,-0.0933,4,church
align,backbone,1.9330,-0.1761,4,church
align,backbone,-9.1515,0.6195,4,church
align,backbone,1.8407,-0.1803,4,church
align,backbone,-2.7305,0.0823,4,church
align,backbone,2.9492,-0.2337,4,church
align,backbone,0.0271,-0.0946,4,church
align,backbone,-0.1942,-0.0731,4,church
align,backbone,1.4070,-0.1390,4,church
align,backbone,0.3981,-0.0930,4,church
align,backbone,-1.3723,-0.0036,4,church
align,backbone,-1.4085,-0.0048,4,church
align,backbone,2.5915,-0.2016,4,church
align,backbone,3.4931,-0.2580,4,church
align,backbone,-2.2418,0.0486,4,church
align,backbone,0.8182,-0.1235,4,church
align,backbone,-0.1784,-0.0728,4,church
align,backbone,1.8527,-0.1758,4,church
align,backbone,-2.4440,0.0482,4,church
align,backbone,-4.4577,0.1960,4,church
align,backbone,12.1399,-0.4693,4,church
align,backbone,-0.5741,-0.0604,4,church
align,backbone,-8.0533,0.5027,4,church
align,backbone,-6.5056,0.3428,4,church
align,backbone,-1.0626,-0.0146,4,church
align,backbone,-0.5977,-0.0513,4,church
align,backbone,1.2936,-0.1497,4,church
align,backbone,3.6299,-0.2471,4,church
align,backbone,0.9087,-0.1370,4,church
align,backbone,1.1051,-0.1337,4,church
align,backbone,1.3338,-0.1541,4,church
align,backbone,-0.0064,-0.1029,4,church
align,backbone,-0.4739,-0.0528,4,church
align,backbone,3.0080,-0.2296,4,church
align,backbone,2.3403,-0.2111,4,church
align,backbone,-0.8684,-0.0629,4,church
align,backbone,1.0175,-0.1264,4,church
align,backbone,6.2545,-0.3707,4,church
align,backbone,1.0654,-0.1426,4,church
align,backbone,3.0302,-0.2278,4,church
align,backbone,0.5825,-0.1152,4,church
align,backbone,-0.0349,-0.0822,4,church
align,backbone,1.9766,-0.1731,4,church
align,backbone,1.5896,-0.1663,4,church
align,backbone,2.3848,-0.1967,4,church
align,backbone,-4.8218,0.2187,4,church
align,backbone,-0.5844,-0.0567,4,church
align,backbone,-1.1173,-0.0023,4,church
align,backbone,1.1411,-0.1425,4,church
align,backbone,1.5747,-0.1625,4,church
align,backbone,1.8058,-0.1692,4,church
align,backbone,-4.2201,0.1742,4,church
align,backbone,-3.4450,0.1085,4,church
align,backbone,-0.9599,0.0034,4,church
align,backbone,0.5467,-0.1082,4,church
align,backbone,1.3035,-0.1601,4,church
align,backbone,1.2115,-0.1422,4,church
align,backbone,-0.0578,-0.0911,4,church
align,backbone,1.3277,-0.1493,4,church
align,backbone,-9.8887,0.7292,4,church
align,backbone,0.7238,-0.1032,4,church
align,backbone,2.0758,-0.1736,4,church
align,backbone,1.2068,-0.1266,4,church
align,backbone,1.3544,-0.1490,4,church
align,backbone,-2.4654,0.0469,4,church
align,backbone,2.8875,-0.2185,4,church
align,backbone,-6.8384,0.3957,4,church
align,backbone,3.9947,-0.2724,4,church
align,backbone,-6.7823,0.3852,4,church
align,backbone,1.6984,-0.1537,4,church
align,backbone,0.0681,-0.0867,4,church
align,backbone,0.9086,-0.1257,4,church
align,backbone,-2.2827,0.0449,4,church
align,backbone,-3.3083,0.1056,4,church
align,backbone,2.6864,-0.2107,4,church
align,backbone,0.0777,-0.0884,4,church
align,backbone,2.5444,-0.2165,4,church
align,backbone,-1.1328,-0.0273,4,church
align,backbone,-3.6534,0.1681,4,church
align,backbone,0.9794,-0.1488,4,church
align,backbone,-9.6628,0.6913,4,church
align,backbone,7.1761,-0.3923,4,church
align,backbone,-2.0016,0.0352,4,church
align,backbone,2.1138,-0.1820,4,church
align,backbone,-0.1572,-0.0642,4,church
align,backbone,1.6893,-0.1699,4,church
align,backbone,0.7999,-0.1156,4,church
align,backbone,7.2446,-0.3909,4,church
align,backbone,0.5976,-0.1196,4,church
align,backbone,0.4085,-0.1015,4,church
align,backbone,0.7775,-0.1289,4,church
align,backbone,-1.8797,0.0102,4,church
align,backbone,0.3030,-0.1052,4,church
align,backbone,0.1139,-0.0892,4,church
align,backbone,1.9027,-0.1828,4,church
align,backbone,-1.3298,-0.0073,4,church
align,backbone,-2.8374,0.0854,4,church
align,backbone,1.9023,-0.1777,4,church
align,backbone,0.1842,-0.1067,4,church
align,backbone,-9.5523,0.6801,4,church
align,backbone,-0.8717,-0.0302,4,church
align,backbone,-6.8448,0.3867,4,church
align,backbone,3.0776,-0.2310,4,church
align,backbone,0.4815,-0.1131,4,church
align,backbone,-5.5692,0.2665,4,church
align,backbone,-1.8678,0.0198,4,church
align,backbone,0.4214,-0.1194,4,church
align,backbone,-6.1840,0.3340,4,church
align,backbone,6.6056,-0.3811,4,church
align,backbone,3.6814,-0.2550,4,church
align,backbone,1.2876,-0.1602,4,church
align,backbone,0.2798,-0.0954,4,church
align,backbone,1.1211,-0.1339,4,church
align,backbone,-6.5280,0.3537,4,church
align,backbone,1.5823,-0.1816,4,church
align,backbone,-5.2832,0.2273,4,church
align,backbone,-1.8851,0.0334,4,church
align,backbone,2.0049,-0.2016,4,church
align,backbone,2.0090,-0.1826,4,church
align,backbone,1.8515,-0.1658,4,church
align,backbone,0.1525,-0.0772,4,church
align,backbone,0.8286,-0.1232,4,church
align,backbone,-1.6137,0.0127,4,church
align,backbone,0.7900,-0.1220,4,church
align,backbone,-6.8879,0.3871,4,church
align,backbone,8.3218,-0.4337,4,church
align,backbone,0.1553,-0.0760,4,church
align,backbone,-7.7271,0.4541,4,church
align,backbone,-3.3613,0.1087,4,church
align,backbone,1.4433,-0.1533,4,church
align,backbone,-0.1833,-0.0657,4,church
align,backbone,-5.2598,0.2352,4,church
align,backbone,0.2459,-0.0885,4,church
align,backbone,0.3704,-0.1059,4,church
align,backbone,1.7880,-0.1818,4,church
align,backbone,0.4313,-0.0976,4,church
align,backbone,-0.4741,-0.0661,4,church
align,backbone,0.7965,-0.1173,4,church
align,backbone,-5.8223,0.2848,4,church
align,backbone,1.6135,-0.1603,4,church
align,backbone,-8.7216,0.5989,4,church
align,backbone,-2.8906,0.0688,4,church
align,backbone,0.6225,-0.1130,4,church
align,backbone,0.1975,-0.1157,4,church
align,backbone,-1.5141,-0.0157,4,church
align,backbone,-6.6562,0.3494,4,church
align,backbone,-3.9378,0.1417,4,church
align,backbone,-0.1120,-0.0880,4,church
align,backbone,1.7323,-0.1535,4,church
align,backbone,-1.0382,-0.0205,4,church
align,backbone,0.4960,-0.0885,4,church
align,backbone,-0.8734,-0.0393,4,church
align,backbone,1.6170,-0.1627,4,church
align,backbone,3.5533,-0.2572,4,church
align,backbone,-3.8127,0.1446,4,church
align,backbone,8.0228,-0.4147,4,church
align,backbone,2.4508,-0.2086,4,church
align,backbone,-0.4807,-0.0567,4,church
align,backbone,1.9150,-0.1834,4,church
align,backbone,-8.2837,0.5169,4,church
align,backbone,0.5200,-0.1030,4,church
align,backbone,-3.8828,0.1326,4,church
align,backbone,-3.6365,0.1297,4,church
align,backbone,1.9748,-0.1929,4,church
align,backbone,2.6517,-0.1974,4,church
align,backbone,0.7323,-0.1099,4,church
align,backbone,1.3161,-0.1581,4,church
align,backbone,0.4680,-0.1203,4,church
align,backbone,-2.3375,0.0297,4,church
align,backbone,-1.6516,0.0116,4,church
align,backbone,6.3458,-0.3733,4,church
align,backbone,1.7295,-0.1706,4,church
align,backbone,0.1240,-0.0949,4,church
align,backbone,3.3633,-0.2394,4,church
align,backbone,1.5695,-0.1619,4,church
align,backbone,0.2289,-0.0926,4,church
align,backbone,-1.2330,-0.0158,4,church
align,backbone,-1.3349,-0.0051,4,church
align,backbone,1.2219,-0.1522,4,church
align,backbone,-5.8244,0.2946,4,church
align,backbone,0.2636,-0.1159,4,church
align,backbone,2.1863,-0.1850,4,church
align,backbone,1.2917,-0.1576,4,church
align,backbone,-0.4413,-0.0669,4,church
align,backbone,-2.6641,0.0562,4,church
align,backbone,1.0464,-0.1620,4,church
align,backbone,-0.0746,-0.0693,4,church
align,backbone,0.5929,-0.1219,4,church
align,backbone,5.6994,-0.3386,4,church
align,backbone,-0.3781,-0.0727,4,church
align,backbone,0.0950,-0.0836,4,church
align,backbone,0.9269,-0.1339,4,church
align,backbone,-8.2118,0.5053,4,church
align,backbone,0.4114,-0.1052,4,church
align,backbone,-7.6663,0.4579,4,church
align,backbone,-0.6496,-0.0447,5,horn
align,backbone,1.7492,-0.1645,5,horn
align,backbone,0.7840,-0.1010,5,horn
align,backbone,1.4287,-0.1582,5,horn
align,backbone,1.9296,-0.1761,5,horn
align,backbone,11.3776,-0.4992,5,horn
align,backbone,2.0864,-0.1807,5,horn
align,backbone,-3.2768,0.0967,5,horn
align,backbone,2.9574,-0.2362,5,horn
align,backbone,-0.3795,-0.0758,5,horn
align,backbone,0.7758,-0.1402,5,horn
align,backbone,-11.5027,0.9609,5,horn
align,backbone,-6.6090,0.3730,5,horn
align,backbone,-1.5949,0.0179,5,horn
align,backbone,-0.5260,-0.0422,5,horn
align,backbone,-4.6724,0.1947,5,horn
align,backbone,-1.9091,0.0115,5,horn
align,backbone,0.3957,-0.1171,5,horn
align,backbone,-6.5694,0.3659,5,horn
align,backbone,-0.7685,-0.0361,5,horn
align,backbone,0.5193,-0.1094,5,horn
align,backbone,1.0443,-0.1392,5,horn
align,backbone,0.0427,-0.0906,5,horn
align,backbone,-0.7739,-0.0321,5,horn
align,backbone,1.3163,-0.1634,5,horn
align,backbone,-10.8676,0.8302,5,horn
align,backbone,-6.7928,0.3857,5,horn
align,backbone,-0.4104,-0.0633,5,horn
align,backbone,-2.2591,0.0366,5,horn
align,backbone,-0.1364,-0.0642,5,horn
align,backbone,0.5137,-0.0917,5,horn
align,backbone,-7.0171,0.4054,5,horn
align,backbone,-6.0504,0.3191,5,horn
align,backbone,-3.6403,0.1339,5,horn
align,backbone,-23.6553,5.6890,5,horn
align,backbone,2.0979,-0.1801,5,horn
align,backbone,2.2416,-0.1918,5,horn
align,backbone,1.2425,-0.1461,5,horn
align,backbone,-7.9654,0.4975,5,horn
align,backbone,-8.0608,0.5185,5,horn
align,backbone,0.7089,-0.1393,5,horn
align,backbone,1.1585,-0.1391,5,horn
align,backbone,-7.3048,0.4197,5,horn
align,backbone,-7.4335,0.4567,5,horn
align,backbone,-0.4916,-0.0589,5,horn
align,backbone,1.8863,-0.1745,5,horn
align,backbone,3.9502,-0.2615,5,horn
align,backbone,1.0636,-0.1375,5,horn
align,backbone,0.7469,-0.1412,5,horn
align,backbone,-0.8893,-0.0365,5,horn
align,backbone,-9.7409,0.6808,5,horn
align,backbone,-0.5876,-0.0617,5,horn
align,backbone,-0.1747,-0.0789,5,horn
align,backbone,1.7359,-0.1663,5,horn
align,backbone,1.0982,-0.1424,5,horn
align,backbone,-0.6351,-0.0471,5,horn
align,backbone,-6.6639,0.3810,5,horn
align,backbone,-4.0761,0.1693,5,horn
align,backbone,-3.5019,0.1201,5,horn
align,backbone,-4.5311,0.1963,5,horn
align,backbone,1.9526,-0.1845,5,horn
align,backbone,1.2515,-0.1351,5,horn
align,backbone,-0.7814,-0.0418,5,horn
align,backbone,2.3713,-0.2270,5,horn
align,backbone,-0.6593,-0.0369,5,horn
align,backbone,2.4399,-0.2052,5,horn
align,backbone,0.8743,-0.0976,5,horn
align,backbone,-5.9393,0.2989,5,horn
align,backbone,0.0722,-0.0789,5,horn
align,backbone,-0.3451,-0.0735,5,horn
align,backbone,-2.4117,0.0623,5,horn
align,backbone,-0.0937,-0.0702,5,horn
align,backbone,-3.2676,0.1166,5,horn
align,backbone,2.0145,-0.1724,5,horn
align,backbone,0.0293,-0.0810,5,horn
align,backbone,2.6752,-0.2038,5,horn
align,backbone,1.7498,-0.1708,5,horn
align,backbone,-6.4843,0.3530,5,horn
align,backbone,-2.5883,0.0410,5,horn
align,backbone,0.7992,-0.1187,5,horn
align,backbone,1.0638,-0.1551,5,horn
align,backbone,-10.1262,0.7209,5,horn
align,backbone,1.6171,-0.1556,5,horn
align,backbone,0.6596,-0.1102,5,horn
align,backbone,3.1405,-0.2332,5,horn
align,backbone,2.7435,-0.2159,5,horn
align,backbone,-0.5277,-0.0772,5,horn
align,backbone,0.4211,-0.0999,5,horn
align,backbone,0.4592,-0.1122,5,horn
align,backbone,-6.6247,0.3506,5,horn
align,backbone,3.8035,-0.2673,5,horn
align,backbone,2.5762,-0.2083,5,horn
align,backbone,-0.0922,-0.0716,5,horn
align,backbone,2.4244,-0.1985,5,horn
align,backbone,1.9893,-0.1964,5,horn
align,backbone,-3.0230,0.0988,5,horn
align,backbone,1.2825,-0.1447,5,horn
align,backbone,0.6649,-0.1049,5,horn
align,backbone,-0.8492,-0.0209,5,horn
align,backbone,0.5061,-0.1030,5,horn
align,backbone,0.2238,-0.0876,5,horn
align,backbone,-1.1361,-0.0156,5,horn
align,backbone,-7.9980,0.5143,5,horn
align,backbone,0.7835,-0.1425,5,horn
align,backbone,0.5008,-0.1062,5,horn
align,backbone,0.5221,-0.1191,5,horn
align,backbone,-0.4131,-0.0575,5,horn
align,backbone,1.4862,-0.1463,5,horn
align,backbone,-9.2024,0.6276,5,horn
align,backbone,-0.0892,-0.0976,5,horn
align,backbone,-0.7046,-0.0299,5,horn
align,backbone,-4.9694,0.2308,5,horn
align,backbone,-4.6398,0.1910,5,horn
align,backbone,-3.0924,0.0928,5,horn
align,backbone,0.3526,-0.1220,5,horn
align,backbone,-0.1084,-0.0827,5,horn
align,backbone,1.9162,-0.1837,5,horn
align,backbone,0.2219,-0.1212,5,horn
align,backbone,-8.0728,0.5035,5,horn
align,backbone,0.9040,-0.1219,5,horn
align,backbone,0.5638,-0.1344,5,horn
align,backbone,0.3695,-0.0997,5,horn
align,backbone,-2.0459,0.0250,5,horn
align,backbone,-0.1893,-0.0739,5,horn
align,backbone,1.1690,-0.1389,5,horn
align,backbone,-7.8022,0.5062,5,horn
align,backbone,1.9715,-0.1819,5,horn
align,backbone,-2.8931,0.0852,5,horn
align,backbone,-4.1851,0.1808,5,horn
align,backbone,2.0025,-0.1781,5,horn
align,backbone,-2.4617,0.0411,5,horn
align,backbone,0.4933,-0.1042,5,horn
align,backbone,2.0644,-0.1770,5,horn
align,backbone,0.4604,-0.1049,5,horn
align,backbone,-0.4232,-0.0586,5,horn
align,backbone,-6.4797,0.3385,5,horn
align,backbone,5.8297,-0.3515,5,horn
align,backbone,0.1126,-0.0877,5,horn
align,backbone,-0.0103,-0.0933,5,horn
align,backbone,2.7330,-0.2066,5,horn
align,backbone,1.1632,-0.1303,5,horn
align,backbone,-5.3639,0.2513,5,horn
align,backbone,3.7121,-0.2774,5,horn
align,backbone,1.0408,-0.1429,5,horn
align,backbone,3.4631,-0.2535,5,horn
align,backbone,4.1521,-0.2810,5,horn
align,backbone,2.3534,-0.1893,5,horn
align,backbone,2.1380,-0.1787,5,horn
align,backbone,0.4926,-0.0978,5,horn
align,backbone,3.8322,-0.2585,5,horn
align,backbone,-0.0780,-0.0738,5,horn
align,backbone,0.5554,-0.1164,5,horn
align,backbone,-1.8566,0.0052,5,horn
align,backbone,2.6807,-0.2108,5,horn
align,backbone,-4.4993,0.1868,5,horn
align,backbone,-0.6107,-0.0589,5,horn
align,backbone,0.1229,-0.0905,5,horn
align,backbone,-0.6154,-0.0373,5,horn
align,backbone,-2.4419,0.0704,5,horn
align,backbone,-0.2658,-0.0641,5,horn
align,backbone,2.8193,-0.2325,5,horn
align,backbone,-0.4346,-0.0485,5,horn
align,backbone,-7.6256,0.4340,5,horn
align,backbone,-4.7798,0.2230,5,horn
align,backbone,-1.0184,-0.0094,5,horn
align,backbone,-0.2525,-0.0647,5,horn
align,backbone,0.9746,-0.1226,5,horn
align,backbone,0.8764,-0.1180,5,horn
align,backbone,-1.8280,-0.0002,5,horn
align,backbone,-0.2050,-0.0874,5,horn
align,backbone,-2.1992,0.0565,5,horn
align,backbone,-2.0905,0.0386,5,horn
align,backbone,2.5712,-0.2184,5,horn
align,backbone,0.4079,-0.1076,5,horn
align,backbone,0.1711,-0.1058,5,horn
align,backbone,-0.2503,-0.0616,5,horn
align,backbone,0.9575,-0.1272,5,horn
align,backbone,0.9535,-0.1412,5,horn
align,backbone,-0.1324,-0.0618,5,horn
align,backbone,1.7047,-0.1722,5,horn
align,backbone,1.1762,-0.1430,5,horn
align,backbone,0.9489,-0.1299,5,horn
align,backbone,0.0870,-0.0992,5,horn
align,backbone,-1.4889,0.0085,5,horn
align,backbone,0.6292,-0.1142,5,horn
align,backbone,2.7309,-0.2196,5,horn
align,backbone,-4.3531,0.1984,5,horn
align,backbone,-1.3317,0.0063,5,horn
align,backbone,0.7783,-0.1184,5,horn
align,backbone,1.4022,-0.1362,5,horn
align,backbone,-2.7125,0.0573,5,horn
align,backbone,-8.2579,0.5216,5,horn
align,backbone,-7.3829,0.4212,5,horn
align,backbone,-0.2684,-0.0755,5,horn
align,backbone,2.9682,-0.2221,5,horn
align,backbone,0.9170,-0.1277,5,horn
align,backbone,-9.0074,0.5856,5,horn
align,backbone,0.3745,-0.1094,5,horn
align,backbone,-3.9971,0.1540,5,horn
align,backbone,-0.0538,-0.0719,5,horn
align,backbone,1.4655,-0.1542,5,horn
align,backbone,0.7989,-0.1227,5,horn
align,backbone,0.7358,-0.1222,5,horn
align,backbone,-1.1667,-0.0078,5,horn
align,backbone,-0.8551,-0.0483,5,horn
align,backbone,2.3008,-0.1995,5,horn
align,backbone,1.0536,-0.1361,5,horn
align,backbone,-21.1210,5.0630,5,horn
align,backbone,0.7645,-0.1315,5,horn
align,backbone,-0.1409,-0.0674,5,horn
align,backbone,1.7667,-0.1803,5,horn
align,backbone,-0.3527,-0.0538,5,horn
align,backbone,-6.9835,0.4170,5,horn
align,backbone,0.1501,-0.0919,5,horn
align,backbone,-1.0904,-0.0196,5,horn
align,backbone,1.1879,-0.1355,5,horn
align,backbone,-6.8750,0.3963,5,horn
align,backbone,-1.2052,0.0006,5,horn
align,backbone,-1.3270,-0.0153,5,horn
align,backbone,1.4438,-0.1485,5,horn
align,backbone,-0.2200,-0.0848,5,horn
align,backbone,-4.4518,0.1950,5,horn
align,backbone,-6.0463,0.3252,5,horn
align,backbone,-4.1801,0.1505,5,horn
align,backbone,1.6280,-0.1674,5,horn
align,backbone,2.5231,-0.2093,5,horn
align,backbone,2.5941,-0.1982,5,horn
align,backbone,-0.9465,-0.0170,5,horn
align,backbone,-3.3745,0.1050,5,horn
align,backbone,3.5000,-0.2458,5,horn
align,backbone,2.0440,-0.1826,5,horn
align,backbone,-1.7633,0.0073,5,horn
align,backbone,1.4319,-0.1578,5,horn
align,backbone,2.6475,-0.2011,5,horn
align,backbone,-1.3775,-0.0128,5,horn
align,backbone,-0.8541,-0.0177,5,horn
align,backbone,1.0186,-0.1337,5,horn
align,backbone,-4.7103,0.2025,5,horn
align,backbone,-4.5498,0.1860,5,horn
align,backbone,0.7175,-0.1084,5,horn
align,backbone,1.3687,-0.1535,5,horn
align,backbone,-1.9233,0.0103,5,horn
align,backbone,-9.8452,0.6954,5,horn
align,backbone,3.3143,-0.2384,5,horn
align,backbone,-0.7391,-0.0481,5,horn
align,backbone,2.5246,-0.2033,5,horn
align,backbone,0.8097,-0.1208,5,horn
align,backbone,2.0228,-0.1801,5,horn
align,backbone,-1.5402,0.0103,5,horn
align,backbone,0.4839,-0.1249,5,horn
align,backbone,0.1412,-0.0975,5,horn
align,backbone,5.7105,-0.3440,5,horn
align,backbone,0.8834,-0.1306,5,horn
align,backbone,-4.7713,0.2241,5,horn
align,backbone,-3.9123,0.1606,5,horn
align,backbone,1.1097,-0.1419,5,horn
align,backbone,-1.2978,-0.0006,5,horn
align,backbone,-2.2003,0.0436,5,horn
align,backbone,-1.4259,0.0029,5,horn
align,backbone,1.6210,-0.1568,5,horn
align,backbone,-9.5973,0.6779,5,horn
align,backbone,-0.7302,-0.0358,5,horn
align,backbone,-8.0504,0.5008,5,horn
align,backbone,-3.7101,0.1206,5,horn
align,backbone,-3.3270,0.1429,5,horn
align,backbone,0.4170,-0.0971,5,horn
align,backbone,-5.0938,0.2375,5,horn
align,backbone,3.6877,-0.2601,5,horn
align,backbone,1.9699,-0.1836,5,horn
align,backbone,-8.2361,0.5218,5,horn
align,backbone,-0.3877,-0.0712,5,horn
align,backbone,2.0362,-0.1981,5,horn
align,backbone,-6.8397,0.3794,5,horn
align,backbone,-6.7275,0.3735,5,horn
align,backbone,-9.1532,0.6012,5,horn
align,backbone,-8.0633,0.4905,5,horn
align,backbone,-0.0846,-0.0814,5,horn
align,backbone,-3.3165,0.1023,5,horn
align,backbone,-0.2435,-0.0674,5,horn
align,backbone,-7.0512,0.4273,5,horn
align,backbone,-1.7010,-0.0060,5,horn
align,backbone,-2.7326,0.1122,5,horn
align,backbone,0.5306,-0.1041,5,horn
align,backbone,8.1921,-0.4372,5,horn
align,backbone,-3.9170,0.1576,5,horn
align,backbone,-4.5805,0.1896,5,horn
align,backbone,-0.1375,-0.0767,5,horn
align,backbone,1.8218,-0.1626,5,horn
align,backbone,1.2602,-0.1428,5,horn
align,backbone,1.4609,-0.1546,5,horn
align,backbone,3.9171,-0.2656,5,horn
align,backbone,0.0803,-0.0943,5,horn
align,backbone,-0.4967,-0.0466,5,horn
align,backbone,1.4987,-0.1743,5,horn
align,backbone,1.9628,-0.1882,5,horn
align,backbone,-6.3697,0.3349,5,horn
align,backbone,-0.3948,-0.0635,5,horn
align,backbone,-7.0481,0.4187,5,horn
align,backbone,-7.4962,0.4481,5,horn
align,backbone,1.7672,-0.1750,5,horn
align,backbone,-1.6809,0.0186,5,horn
align,backbone,0.0180,-0.0970,5,horn
align,backbone,0.4359,-0.1088,5,horn
align,backbone,2.7913,-0.2194,5,horn
align,backbone,0.5114,-0.1026,5,horn
align,backbone,0.3053,-0.0976,5,horn
align,backbone,-0.3624,-0.0806,5,horn
align,backbone,1.5615,-0.1471,5,horn
align,backbone,0.7440,-0.1221,5,horn
align,backbone,1.4939,-0.1744,5,horn
align,backbone,1.1630,-0.1498,5,horn
align,backbone,-5.8406,0.2835,5,horn
align,backbone,-2.9341,0.0852,5,horn
align,backbone,-5.5889,0.2755,5,horn
align,backbone,-3.2106,0.0937,5,horn
align,backbone,-1.3549,-0.0289,5,horn
align,backbone,-4.1692,0.1646,5,horn
align,backbone,-5.7807,0.2754,5,horn
align,backbone,1.2641,-0.1525,5,horn
align,backbone,-3.2082,0.0930,5,horn
align,backbone,0.9041,-0.1261,5,horn
align,backbone,9.4831,-0.4383,5,horn
align,backbone,-0.6204,-0.0595,5,horn
align,backbone,4.7255,-0.3124,5,horn
align,backbone,-1.0815,-0.0147,5,horn
align,backbone,0.9243,-0.1183,5,horn
align,backbone,0.9683,-0.1427,5,horn
align,backbone,-1.5220,-0.0050,5,horn
align,backbone,0.2080,-0.1106,5,horn
align,backbone,-0.1555,-0.0727,5,horn
align,backbone,-8.6053,0.5834,5,horn
align,backbone,-7.6517,0.4574,5,horn
align,backbone,-0.6614,-0.0407,5,horn
align,backbone,-0.6140,-0.0518,5,horn
align,backbone,-0.8833,-0.0384,5,horn
align,backbone,-6.1334,0.3244,5,horn
align,backbone,1.5348,-0.1550,5,horn
align,backbone,0.4854,-0.1043,5,horn
align,backbone,-6.5963,0.3672,5,horn
align,backbone,-0.4842,-0.0536,5,horn
align,backbone,-5.8881,0.2952,5,horn
align,backbone,-6.0529,0.3129,5,horn
align,backbone,-1.0052,-0.0446,5,horn
align,backbone,-9.5175,0.6887,5,horn
align,backbone,-1.0066,-0.0255,5,horn
align,backbone,1.3940,-0.1626,5,horn
align,backbone,-0.7083,-0.0600,5,horn
align,backbone,2.2193,-0.1901,5,horn
align,backbone,-3.8913,0.1544,5,horn
align,backbone,-5.4443,0.2543,5,horn
align,backbone,3.0189,-0.2269,5,horn
align,backbone,-1.0996,-0.0181,5,horn
align,backbone,1.6817,-0.1528,5,horn
align,backbone,-5.3961,0.2530,5,horn
align,backbone,-7.2780,0.4420,5,horn
align,backbone,0.3512,-0.0796,5,horn
align,backbone,-1.3675,-0.0050,5,horn
align,backbone,0.8279,-0.1376,5,horn
align,backbone,-5.1544,0.2398,5,horn
align,backbone,-8.4138,0.5439,5,horn
align,backbone,-0.3709,-0.0773,5,horn
align,backbone,-7.2227,0.4226,5,horn
align,backbone,-4.6313,0.2179,5,horn
align,backbone,-4.6508,0.2094,5,horn
align,backbone,6.8674,-0.3819,5,horn
align,backbone,2.8267,-0.2256,5,horn
align,backbone,-8.6115,0.5652,5,horn
align,backbone,1.2964,-0.1560,5,horn
align,backbone,0.2583,-0.0984,5,horn
align,backbone,5.4724,-0.3452,5,horn
align,backbone,0.0865,-0.0826,5,horn
align,backbone,-0.9728,-0.0225,5,horn
align,backbone,-1.9868,0.0244,5,horn
align,backbone,-10.5893,0.8059,5,horn
align,backbone,-0.0517,-0.0724,5,horn
align,backbone,1.0460,-0.1309,5,horn
align,backbone,1.1304,-0.1341,5,horn
align,backbone,-2.2572,0.0602,5,horn
align,backbone,-1.4902,-0.0028,5,horn
align,backbone,-2.3225,0.0543,5,horn
align,backbone,-5.8873,0.3190,5,horn
align,backbone,2.6146,-0.2184,5,horn
align,backbone,0.1756,-0.0877,5,horn
align,backbone,-7.2606,0.4396,5,horn
align,backbone,-4.6656,0.1963,5,horn
align,backbone,-3.0152,0.0948,5,horn
align,backbone,4.4455,-0.2970,5,horn
align,backbone,1.0241,-0.1461,5,horn
align,backbone,-7.4562,0.4295,5,horn
align,backbone,-9.3576,0.6255,5,horn
align,backbone,0.6796,-0.1281,5,horn
align,backbone,-2.3168,0.0448,5,horn
align,backbone,-6.2526,0.3472,5,horn
align,backbone,1.0245,-0.1597,5,horn
align,backbone,5.1257,-0.3276,6,truck
align,backbone,3.2486,-0.2506,6,truck
align,backbone,1.7886,-0.1702,6,truck
align,backbone,2.6665,-0.2230,6,truck
align,backbone,2.6710,-0.2132,6,truck
align,backbone,2.7943,-0.2215,6,truck
align,backbone,1.5382,-0.1600,6,truck
align,backbone,1.6103,-0.1658,6,truck
align,backbone,1.0057,-0.1295,6,truck
align,backbone,4.5054,-0.2890,6,truck
align,backbone,2.7289,-0.2120,6,truck
align,backbone,5.0289,-0.3045,6,truck
align,backbone,4.1992,-0.2741,6,truck
align,backbone,-0.4386,-0.0704,6,truck
align,backbone,-0.7065,-0.0367,6,truck
align,backbone,-4.8171,0.2128,6,truck
align,backbone,-2.1752,0.0353,6,truck
align,backbone,1.6285,-0.1579,6,truck
align,backbone,-0.4095,-0.0619,6,truck
align,backbone,1.7535,-0.1715,6,truck
align,backbone,-9.9835,0.7341,6,truck
align,backbone,3.2836,-0.2469,6,truck
align,backbone,2.3491,-0.1967,6,truck
align,backbone,1.2700,-0.1509,6,truck
align,backbone,4.1728,-0.3030,6,truck
align,backbone,7.1680,-0.3921,6,truck
align,backbone,0.3717,-0.0891,6,truck
align,backbone,-0.0932,-0.0777,6,truck
align,backbone,0.3911,-0.1081,6,truck
align,backbone,-0.5638,-0.0514,6,truck
align,backbone,0.3554,-0.1081,6,truck
align,backbone,2.9041,-0.2258,6,truck
align,backbone,1.1133,-0.1223,6,truck
align,backbone,7.8960,-0.4096,6,truck
align,backbone,2.7118,-0.2053,6,truck
align,backbone,0.3480,-0.1115,6,truck
align,backbone,1.1817,-0.1509,6,truck
align,backbone,3.9788,-0.2691,6,truck
align,backbone,-0.5776,-0.0327,6,truck
align,backbone,5.5544,-0.3368,6,truck
align,backbone,3.8429,-0.2621,6,truck
align,backbone,0.4091,-0.1045,6,truck
align,backbone,6.0101,-0.3538,6,truck
align,backbone,1.4772,-0.1576,6,truck
align,backbone,0.1833,-0.0875,6,truck
align,backbone,-0.0016,-0.0943,6,truck
align,backbone,-6.0446,0.3218,6,truck
align,backbone,1.1362,-0.1327,6,truck
align,backbone,-0.9178,-0.0377,6,truck
align,backbone,-0.5728,-0.0482,6,truck
align,backbone,1.4278,-0.1406,6,truck
align,backbone,-2.5175,0.0534,6,truck
align,backbone,3.3802,-0.2403,6,truck
align,backbone,-4.6051,0.2102,6,truck
align,backbone,-7.4942,0.4537,6,truck
align,backbone,-1.1868,-0.0085,6,truck
align,backbone,1.1557,-0.1337,6,truck
align,backbone,1.0209,-0.1402,6,truck
align,backbone,-5.7462,0.2687,6,truck
align,backbone,2.7508,-0.2147,6,truck
align,backbone,7.4743,-0.4067,6,truck
align,backbone,-2.6961,0.0736,6,truck
align,backbone,0.5714,-0.1053,6,truck
align,backbone,0.0132,-0.0766,6,truck
align,backbone,-1.1251,-0.0184,6,truck
align,backbone,2.8163,-0.2109,6,truck
align,backbone,0.4641,-0.0892,6,truck
align,backbone,1.5816,-0.1666,6,truck
align,backbone,8.1239,-0.4128,6,truck
align,backbone,-5.1282,0.2684,6,truck
align,backbone,2.3566,-0.1941,6,truck
align,backbone,-8.9511,0.5969,6,truck
align,backbone,2.9972,-0.2310,6,truck
align,backbone,2.5926,-0.2238,6,truck
align,backbone,2.7528,-0.2381,6,truck
align,backbone,1.7926,-0.1865,6,truck
align,backbone,1.1521,-0.1396,6,truck
align,backbone,2.2043,-0.1855,6,truck
align,backbone,2.5549,-0.2223,6,truck
align,backbone,0.2168,-0.1020,6,truck
align,backbone,3.0578,-0.2271,6,truck
align,backbone,-1.2947,-0.0042,6,truck
align,backbone,2.5208,-0.2111,6,truck
align,backbone,1.1105,-0.1385,6,truck
align,backbone,1.9968,-0.1801,6,truck
align,backbone,0.8115,-0.1052,6,truck
align,backbone,-2.1236,0.0198,6,truck
align,backbone,2.8068,-0.2196,6,truck
align,backbone,-2.6657,0.0889,6,truck
align,backbone,0.2623,-0.0957,6,truck
align,backbone,-0.4085,-0.0601,6,truck
align,backbone,1.3334,-0.1481,6,truck
align,backbone,1.5040,-0.1602,6,truck
align,backbone,-5.4348,0.2470,6,truck
align,backbone,3.6610,-0.2586,6,truck
align,backbone,2.0197,-0.1821,6,truck
align,backbone,1.5953,-0.1699,6,truck
align,backbone,-4.7598,0.2217,6,truck
align,backbone,-7.2781,0.4137,6,truck
align,backbone,2.8302,-0.2138,6,truck
align,backbone,3.8565,-0.2667,6,truck
align,backbone,4.8374,-0.3258,6,truck
align,backbone,-9.0093,0.6194,6,truck
align,backbone,4.6859,-0.2923,6,truck
align,backbone,4.0358,-0.2708,6,truck
align,backbone,0.7630,-0.1175,6,truck
align,backbone,-9.4037,0.6631,6,truck
align,backbone,-10.2557,0.7570,6,truck
align,backbone,-2.0964,0.0382,6,truck
align,backbone,0.3281,-0.0935,6,truck
align,backbone,0.4081,-0.0923,6,truck
align,backbone,1.9154,-0.1849,6,truck
align,backbone,1.5808,-0.1576,6,truck
align,backbone,-0.7395,-0.0431,6,truck
align,backbone,7.2032,-0.4009,6,truck
align,backbone,3.4685,-0.2459,6,truck
align,backbone,-10.5573,0.8223,6,truck
align,backbone,8.5417,-0.4210,6,truck
align,backbone,2.6121,-0.2052,6,truck
align,backbone,1.8882,-0.1864,6,truck
align,backbone,1.3529,-0.1575,6,truck
align,backbone,3.0910,-0.2390,6,truck
align,backbone,1.1801,-0.1308,6,truck
align,backbone,2.0087,-0.1962,6,truck
align,backbone,4.3038,-0.2849,6,truck
align,backbone,-2.3084,0.0378,6,truck
align,backbone,0.2219,-0.0763,6,truck
align,backbone,7.0299,-0.3880,6,truck
align,backbone,3.9667,-0.2634,6,truck
align,backbone,7.4981,-0.4028,6,truck
align,backbone,6.4094,-0.3860,6,truck
align,backbone,-10.7758,0.8332,6,truck
align,backbone,2.4002,-0.1939,6,truck
align,backbone,1.5394,-0.1537,6,truck
align,backbone,2.1986,-0.2066,6,truck
align,backbone,2.2490,-0.1978,6,truck
align,backbone,1.0263,-0.1373,6,truck
align,backbone,0.1436,-0.0706,6,truck
align,backbone,1.2305,-0.1529,6,truck
align,backbone,-5.0598,0.2292,6,truck
align,backbone,2.0198,-0.1887,6,truck
align,backbone,2.6544,-0.2264,6,truck
align,backbone,3.1776,-0.2297,6,truck
align,backbone,-1.6087,0.0170,6,truck
align,backbone,1.5966,-0.1580,6,truck
align,backbone,0.4163,-0.1159,6,truck
align,backbone,-10.6457,0.8246,6,truck
align,backbone,2.2891,-0.2083,6,truck
align,backbone,3.2527,-0.2534,6,truck
align,backbone,0.8854,-0.1101,6,truck
align,backbone,2.5227,-0.1935,6,truck
align,backbone,2.7080,-0.2152,6,truck
align,backbone,3.0836,-0.2329,6,truck
align,backbone,1.2032,-0.1648,6,truck
align,backbone,-1.1518,-0.0245,6,truck
align,backbone,1.3191,-0.1429,6,truck
align,backbone,1.9453,-0.1647,6,truck
align,backbone,2.3932,-0.2059,6,truck
align,backbone,1.5482,-0.1556,6,truck
align,backbone,9.1683,-0.4319,6,truck
align,backbone,4.4708,-0.2938,6,truck
align,backbone,1.2495,-0.1365,6,truck
align,backbone,-0.7196,-0.0382,6,truck
align,backbone,2.3559,-0.1985,6,truck
align,backbone,1.8165,-0.1945,6,truck
align,backbone,1.4559,-0.1582,6,truck
align,backbone,1.4607,-0.1574,6,truck
align,backbone,-2.9176,0.1009,6,truck
align,backbone,3.2453,-0.2394,6,truck
align,backbone,-7.3959,0.4489,6,truck
align,backbone,-0.4447,-0.0464,6,truck
align,backbone,-0.0382,-0.0763,6,truck
align,backbone,-3.8209,0.1676,6,truck
align,backbone,-0.2346,-0.0681,6,truck
align,backbone,1.9293,-0.1847,6,truck
align,backbone,1.9863,-0.1825,6,truck
align,backbone,-0.0142,-0.0730,6,truck
align,backbone,1.5592,-0.1696,6,truck
align,backbone,0.9759,-0.1180,6,truck
align,backbone,1.7777,-0.1909,6,truck
align,backbone,6.1456,-0.3749,6,truck
align,backbone,1.4454,-0.1602,6,truck
align,backbone,2.4072,-0.1946,6,truck
align,backbone,4.0107,-0.2682,6,truck
align,backbone,0.0763,-0.0784,6,truck
align,backbone,6.0614,-0.3539,6,truck
align,backbone,-6.0490,0.3408,6,truck
align,backbone,0.6072,-0.1223,6,truck
align,backbone,-0.0544,-0.0689,6,truck
align,backbone,1.9836,-0.1805,6,truck
align,backbone,2.0816,-0.2026,6,truck
align,backbone,2.3523,-0.2044,6,truck
align,backbone,-2.1113,0.0364,6,truck
align,backbone,1.8163,-0.1742,6,truck
align,backbone,-0.9179,-0.0331,6,truck
align,backbone,1.9956,-0.1770,6,truck
align,backbone,-9.6051,0.7134,6,truck
align,backbone,7.4857,-0.3984,6,truck
align,backbone,3.7190,-0.2611,6,truck
align,backbone,1.2167,-0.1489,6,truck
align,backbone,15.1443,-0.4505,6,truck
align,backbone,-3.2119,0.1122,6,truck
align,backbone,0.8374,-0.1172,6,truck
align,backbone,-0.0860,-0.0761,6,truck
align,backbone,-0.5693,-0.0608,6,truck
align,backbone,3.1939,-0.2303,6,truck
align,backbone,0.1948,-0.1049,6,truck
align,backbone,-0.4493,-0.0623,6,truck
align,backbone,1.2795,-0.1643,6,truck
align,backbone,1.3994,-0.1648,6,truck
align,backbone,-1.2839,-0.0060,6,truck
align,backbone,4.1698,-0.2823,6,truck
align,backbone,2.6009,-0.2122,6,truck
align,backbone,-1.7416,0.0242,6,truck
align,backbone,1.7364,-0.1629,6,truck
align,backbone,8.7089,-0.4285,6,truck
align,backbone,3.0893,-0.2261,6,truck
align,backbone,3.2123,-0.2287,6,truck
align,backbone,0.2055,-0.0865,6,truck
align,backbone,-3.8911,0.1529,6,truck
align,backbone,-5.2883,0.2389,6,truck
align,backbone,2.9976,-0.2345,6,truck
align,backbone,0.0834,-0.0902,6,truck
align,backbone,1.9015,-0.1744,6,truck
align,backbone,-0.5350,-0.0425,6,truck
align,backbone,1.9243,-0.1847,6,truck
align,backbone,1.7822,-0.1661,6,truck
align,backbone,6.8607,-0.3891,6,truck
align,backbone,-5.4129,0.2619,6,truck
align,backbone,6.9274,-0.3990,6,truck
align,backbone,-9.7617,0.7030,6,truck
align,backbone,0.4928,-0.1281,6,truck
align,backbone,1.3503,-0.1446,6,truck
align,backbone,7.5947,-0.3957,6,truck
align,backbone,3.9931,-0.2702,6,truck
align,backbone,0.4822,-0.1208,6,truck
align,backbone,1.6033,-0.1560,6,truck
align,backbone,2.7050,-0.2142,6,truck
align,backbone,3.8106,-0.2713,6,truck
align,backbone,7.2896,-0.4018,6,truck
align,backbone,-2.3524,0.0611,6,truck
align,backbone,-2.6294,0.0619,6,truck
align,backbone,1.4771,-0.1529,6,truck
align,backbone,-2.8863,0.0754,6,truck
align,backbone,1.5212,-0.1588,6,truck
align,backbone,0.3877,-0.1059,6,truck
align,backbone,-0.4941,-0.0621,6,truck
align,backbone,1.8337,-0.1623,6,truck
align,backbone,-4.4496,0.1714,6,truck
align,backbone,1.4570,-0.1559,6,truck
align,backbone,-0.2620,-0.0654,6,truck
align,backbone,8.1470,-0.4177,6,truck
align,backbone,7.3497,-0.4017,6,truck
align,backbone,1.6722,-0.1810,6,truck
align,backbone,5.9298,-0.3499,6,truck
align,backbone,5.7734,-0.3607,6,truck
align,backbone,-5.0690,0.2178,6,truck
align,backbone,0.6096,-0.1141,6,truck
align,backbone,-9.1681,0.6083,6,truck
align,backbone,0.5154,-0.1152,6,truck
align,backbone,2.5001,-0.2084,6,truck
align,backbone,1.6900,-0.1832,6,truck
align,backbone,0.9748,-0.1213,6,truck
align,backbone,2.9743,-0.2209,6,truck
align,backbone,4.6264,-0.2989,6,truck
align,backbone,-0.9561,-0.0132,6,truck
align,backbone,1.1880,-0.1459,6,truck
align,backbone,-5.4470,0.2548,6,truck
align,backbone,3.1511,-0.2222,6,truck
align,backbone,-12.1222,1.0479,6,truck
align,backbone,1.9215,-0.1738,6,truck
align,backbone,1.5346,-0.1644,6,truck
align,backbone,-0.5183,-0.0483,6,truck
align,backbone,-7.6069,0.4483,6,truck
align,backbone,1.4323,-0.1534,6,truck
align,backbone,1.0444,-0.1310,6,truck
align,backbone,-10.3445,0.7930,6,truck
align,backbone,-3.0070,0.1005,6,truck
align,backbone,2.8647,-0.2166,6,truck
align,backbone,-0.5314,-0.0348,6,truck
align,backbone,-10.6367,0.8167,6,truck
align,backbone,-0.5287,-0.0639,6,truck
align,backbone,-5.5197,0.2793,6,truck
align,backbone,-10.3303,0.7935,6,truck
align,backbone,1.3347,-0.1330,6,truck
align,backbone,3.2503,-0.2335,6,truck
align,backbone,-8.7620,0.5934,6,truck
align,backbone,1.9409,-0.1742,6,truck
align,backbone,2.1329,-0.1928,6,truck
align,backbone,2.5598,-0.2090,6,truck
align,backbone,2.5690,-0.2048,6,truck
align,backbone,0.3990,-0.1106,6,truck
align,backbone,-2.9206,0.1003,6,truck
align,backbone,-1.3731,0.0020,6,truck
align,backbone,-3.7494,0.1246,6,truck
align,backbone,7.1424,-0.3857,6,truck
align,backbone,-0.7656,-0.0278,6,truck
align,backbone,-5.3892,0.2755,6,truck
align,backbone,1.8921,-0.1782,6,truck
align,backbone,2.8860,-0.2228,6,truck
align,backbone,-1.1676,-0.0225,6,truck
align,backbone,0.9760,-0.1318,6,truck
align,backbone,2.5340,-0.2262,6,truck
align,backbone,-0.5026,-0.0428,6,truck
align,backbone,-1.0639,-0.0192,6,truck
align,backbone,0.8254,-0.1255,6,truck
align,backbone,-0.4113,-0.0674,6,truck
align,backbone,-4.8836,0.2154,6,truck
align,backbone,0.2561,-0.0904,6,truck
align,backbone,-1.7676,0.0238,6,truck
align,backbone,4.5824,-0.3026,6,truck
align,backbone,2.6190,-0.2131,6,truck
align,backbone,3.7939,-0.2604,6,truck
align,backbone,12.0455,-0.4656,6,truck
align,backbone,2.5530,-0.1990,6,truck
align,backbone,-1.5732,0.0099,6,truck
align,backbone,0.6434,-0.1243,6,truck
align,backbone,-3.2802,0.1151,6,truck
align,backbone,2.5859,-0.2045,6,truck
align,backbone,1.6736,-0.1742,6,truck
align,backbone,1.2563,-0.1507,6,truck
align,backbone,0.8003,-0.1235,6,truck
align,backbone,-9.2208,0.6299,6,truck
align,backbone,-3.0790,0.0973,6,truck
align,backbone,-4.5941,0.2040,6,truck
align,backbone,-1.1899,-0.0217,6,truck
align,backbone,-0.8395,-0.0201,6,truck
align,backbone,2.7311,-0.2145,6,truck
align,backbone,-1.8537,0.0226,6,truck
align,backbone,-1.3138,-0.0145,6,truck
align,backbone,-3.8880,0.1642,6,truck
align,backbone,-8.2516,0.5175,6,truck
align,backbone,-6.3175,0.3402,6,truck
align,backbone,0.8064,-0.1207,6,truck
align,backbone,1.3993,-0.1449,6,truck
align,backbone,0.1054,-0.0645,6,truck
align,backbone,1.4507,-0.1494,6,truck
align,backbone,0.1540,-0.0806,6,truck
align,backbone,1.4220,-0.1681,6,truck
align,backbone,2.6265,-0.2017,6,truck
align,backbone,1.3849,-0.1481,6,truck
align,backbone,4.3627,-0.2814,6,truck
align,backbone,0.9980,-0.1367,6,truck
align,backbone,-0.3978,-0.0649,6,truck
align,backbone,2.5077,-0.1946,6,truck
align,backbone,7.0638,-0.3843,6,truck
align,backbone,3.7686,-0.2595,6,truck
align,backbone,-6.1175,0.3170,6,truck
align,backbone,2.4988,-0.2085,6,truck
align,backbone,3.6923,-0.2635,6,truck
align,backbone,2.5029,-0.1966,6,truck
align,backbone,1.0965,-0.1262,6,truck
align,backbone,3.4215,-0.2347,6,truck
align,backbone,-8.3718,0.5379,6,truck
align,backbone,1.5679,-0.1558,6,truck
align,backbone,1.1426,-0.1319,6,truck
align,backbone,-5.4103,0.2524,6,truck
align,backbone,1.8252,-0.1582,6,truck
align,backbone,0.8979,-0.1127,6,truck
align,backbone,1.1345,-0.1343,6,truck
align,backbone,-1.2824,-0.0141,6,truck
align,backbone,7.2249,-0.3930,6,truck
align,backbone,0.8173,-0.1190,6,truck
align,backbone,1.8166,-0.1621,6,truck
align,backbone,2.5716,-0.1995,6,truck
align,backbone,-0.7361,-0.0603,6,truck
align,backbone,1.3635,-0.1590,6,truck
align,backbone,3.0940,-0.2400,6,truck
align,backbone,1.9352,-0.1725,6,truck
align,backbone,0.1788,-0.0952,6,truck
align,backbone,2.8081,-0.2158,6,truck
align,backbone,1.8196,-0.1615,6,truck
align,backbone,3.1294,-0.2352,6,truck
align,backbone,1.8127,-0.1727,6,truck
align,backbone,1.8826,-0.1735,6,truck
align,backbone,1.2649,-0.1473,6,truck
align,backbone,-3.5086,0.1196,6,truck
align,backbone,1.9782,-0.1943,6,truck
align,backbone,3.1600,-0.2381,6,truck
align,backbone,-7.4000,0.4549,6,truck
align,backbone,-1.8076,0.0306,6,truck
align,backbone,1.6186,-0.1567,6,truck
align,backbone,0.2598,-0.0861,6,truck
align,backbone,1.2833,-0.1613,6,truck
align,backbone,1.2099,-0.1334,6,truck
align,backbone,4.1948,-0.2843,6,truck
align,backbone,-3.7837,0.1497,6,truck
align,backbone,8.7213,-0.4299,6,truck
align,backbone,1.5546,-0.1498,6,truck
align,backbone,0.8654,-0.1416,7,pump
align,backbone,0.2883,-0.1049,7,pump
align,backbone,-0.7794,-0.0429,7,pump
align,backbone,0.2179,-0.1060,7,pump
align,backbone,-1.8770,0.0297,7,pump
align,backbone,-0.9825,-0.0427,7,pump
align,backbone,1.6114,-0.1655,7,pump
align,backbone,0.8408,-0.1087,7,pump
align,backbone,-3.1161,0.0736,7,pump
align,backbone,4.3189,-0.2878,7,pump
align,backbone,-2.5535,0.0470,7,pump
align,backbone,0.1574,-0.0991,7,pump
align,backbone,0.4122,-0.1152,7,pump
align,backbone,-4.8581,0.2098,7,pump
align,backbone,-0.4252,-0.0560,7,pump
align,backbone,0.4740,-0.1050,7,pump
align,backbone,-6.2915,0.3185,7,pump
align,backbone,-0.3473,-0.0414,7,pump
align,backbone,1.1799,-0.1434,7,pump
align,backbone,-8.5883,0.5449,7,pump
align,backbone,-7.5930,0.4506,7,pump
align,backbone,3.1321,-0.2385,7,pump
align,backbone,-2.6985,0.0739,7,pump
align,backbone,1.6703,-0.1634,7,pump
align,backbone,-1.4193,-0.0090,7,pump
align,backbone,-5.2649,0.2401,7,pump
align,backbone,-0.8826,-0.0443,7,pump
align,backbone,-7.8395,0.4630,7,pump
align,backbone,0.5053,-0.1181,7,pump
align,backbone,4.9034,-0.3007,7,pump
align,backbone,0.1625,-0.0782,7,pump
align,backbone,1.3712,-0.1469,7,pump
align,backbone,3.9746,-0.2690,7,pump
align,backbone,-5.7590,0.3034,7,pump
align,backbone,-1.5967,0.0016,7,pump
align,backbone,-8.6311,0.5740,7,pump
align,backbone,3.4774,-0.2562,7,pump
align,backbone,-2.0453,0.0108,7,pump
align,backbone,0.9103,-0.1295,7,pump
align,backbone,3.0845,-0.2433,7,pump
align,backbone,1.4440,-0.1662,7,pump
align,backbone,2.0192,-0.1900,7,pump
align,backbone,-4.0198,0.1532,7,pump
align,backbone,-7.6217,0.4450,7,pump
align,backbone,-1.6240,0.0090,7,pump
align,backbone,4.7261,-0.3082,7,pump
align,backbone,2.1058,-0.1788,7,pump
align,backbone,-1.3450,-0.0178,7,pump
align,backbone,-8.5203,0.5652,7,pump
align,backbone,-0.5942,-0.0428,7,pump
align,backbone,1.4186,-0.1616,7,pump
align,backbone,-4.2373,0.1695,7,pump
align,backbone,5.5683,-0.3378,7,pump
align,backbone,1.5122,-0.1813,7,pump
align,backbone,2.5691,-0.2114,7,pump
align,backbone,-9.6259,0.6661,7,pump
align,backbone,-1.6658,0.0012,7,pump
align,backbone,2.7634,-0.2268,7,pump
align,backbone,-2.1546,0.0379,7,pump
align,backbone,1.8750,-0.1721,7,pump
align,backbone,4.3802,-0.2914,7,pump
align,backbone,-5.4087,0.2540,7,pump
align,backbone,-2.6318,0.0700,7,pump
align,backbone,-0.6629,-0.0601,7,pump
align,backbone,2.2621,-0.1858,7,pump
align,backbone,2.5280,-0.2058,7,pump
align,backbone,1.2940,-0.1361,7,pump
align,backbone,-0.3190,-0.0702,7,pump
align,backbone,2.7489,-0.2154,7,pump
align,backbone,0.8495,-0.1210,7,pump
align,backbone,2.1554,-0.1868,7,pump
align,backbone,-1.3895,-0.0088,7,pump
align,backbone,1.2599,-0.1466,7,pump
align,backbone,11.6866,-0.4687,7,pump
align,backbone,1.1584,-0.1386,7,pump
align,backbone,-2.0531,0.0354,7,pump
align,backbone,-1.5706,-0.0060,7,pump
align,backbone,1.6991,-0.1805,7,pump
align,backbone,-8.1292,0.5072,7,pump
align,backbone,0.1513,-0.0921,7,pump
align,backbone,2.1668,-0.1805,7,pump
align,backbone,0.4605,-0.0842,7,pump
align,backbone,1.9355,-0.1784,7,pump
align,backbone,1.2720,-0.1557,7,pump
align,backbone,-3.7904,0.1559,7,pump
align,backbone,6.5141,-0.3721,7,pump
align,backbone,2.1352,-0.1783,7,pump
align,backbone,1.7970,-0.1605,7,pump
align,backbone,3.0678,-0.2249,7,pump
align,backbone,-6.3218,0.3304,7,pump
align,backbone,-0.6737,-0.0451,7,pump
align,backbone,-5.0009,0.2604,7,pump
align,backbone,0.7030,-0.1206,7,pump
align,backbone,2.6781,-0.2035,7,pump
align,backbone,1.4261,-0.1660,7,pump
align,backbone,-0.5216,-0.0639,7,pump
align,backbone,-1.8691,0.0247,7,pump
align,backbone,-0.8822,-0.0392,7,pump
align,backbone,6.6464,-0.3790,7,pump
align,backbone,2.8788,-0.2234,7,pump
align,backbone,0.3902,-0.0899,7,pump
align,backbone,1.4923,-0.1663,7,pump
align,backbone,0.2509,-0.0849,7,pump
align,backbone,1.4192,-0.1547,7,pump
align,backbone,2.1858,-0.1800,7,pump
align,backbone,0.9426,-0.1187,7,pump
align,backbone,0.4412,-0.1252,7,pump
align,backbone,0.7896,-0.1252,7,pump
align,backbone,0.6553,-0.1178,7,pump
align,backbone,0.4180,-0.0922,7,pump
align,backbone,-5.2439,0.2356,7,pump
align,backbone,6.8539,-0.3817,7,pump
align,backbone,-2.4784,0.0383,7,pump
align,backbone,2.0225,-0.1837,7,pump
align,backbone,-0.6356,-0.0523,7,pump
align,backbone,-2.5227,0.0695,7,pump
align,backbone,-2.3499,0.0314,7,pump
align,backbone,-0.6551,-0.0622,7,pump
align,backbone,0.9883,-0.1203,7,pump
align,backbone,3.3130,-0.2522,7,pump
align,backbone,1.8150,-0.1843,7,pump
align,backbone,-4.1982,0.1787,7,pump
align,backbone,1.4551,-0.1531,7,pump
align,backbone,-1.1329,-0.0119,7,pump
align,backbone,-1.7100,0.0026,7,pump
align,backbone,3.4393,-0.2459,7,pump
align,backbone,3.4338,-0.2466,7,pump
align,backbone,-0.5788,-0.0603,7,pump
align,backbone,0.8143,-0.1140,7,pump
align,backbone,-0.4899,-0.0487,7,pump
align,backbone,5.0069,-0.3153,7,pump
align,backbone,2.6890,-0.2163,7,pump
align,backbone,-3.4769,0.1157,7,pump
align,backbone,0.7902,-0.1026,7,pump
align,backbone,0.2573,-0.0825,7,pump
align,backbone,0.2644,-0.1006,7,pump
align,backbone,-0.4077,-0.0627,7,pump
align,backbone,2.5997,-0.2083,7,pump
align,backbone,0.5241,-0.1139,7,pump
align,backbone,0.1489,-0.0872,7,pump
align,backbone,-0.1885,-0.0732,7,pump
align,backbone,0.6926,-0.1182,7,pump
align,backbone,1.0246,-0.1391,7,pump
align,backbone,2.9387,-0.2218,7,pump
align,backbone,-4.2599,0.1769,7,pump
align,backbone,0.8324,-0.1468,7,pump
align,backbone,-5.0028,0.2332,7,pump
align,backbone,-2.2057,0.0330,7,pump
align,backbone,6.0766,-0.3519,7,pump
align,backbone,6.5585,-0.3733,7,pump
align,backbone,-0.2955,-0.0754,7,pump
align,backbone,1.2982,-0.1465,7,pump
align,backbone,5.2836,-0.3279,7,pump
align,backbone,4.0584,-0.2723,7,pump
align,backbone,-1.0222,-0.0419,7,pump
align,backbone,4.6640,-0.2908,7,pump
align,backbone,2.8043,-0.2274,7,pump
align,backbone,2.6384,-0.2030,7,pump
align,backbone,2.0824,-0.1714,7,pump
align,backbone,0.5021,-0.1075,7,pump
align,backbone,-3.0705,0.0772,7,pump
align,backbone,-1.7700,0.0170,7,pump
align,backbone,2.0994,-0.1828,7,pump
align,backbone,-6.0966,0.3163,7,pump
align,backbone,1.5507,-0.1805,7,pump
align,backbone,1.2121,-0.1507,7,pump
align,backbone,2.1476,-0.1793,7,pump
align,backbone,1.2910,-0.1355,7,pump
align,backbone,-1.1460,-0.0224,7,pump
align,backbone,-3.5927,0.1360,7,pump
align,backbone,0.1615,-0.0852,7,pump
align,backbone,-7.6000,0.4498,7,pump
align,backbone,-0.6549,-0.0342,7,pump
align,backbone,1.2445,-0.1405,7,pump
align,backbone,1.7052,-0.1638,7,pump
align,backbone,0.0515,-0.0720,7,pump
align,backbone,0.3644,-0.0953,7,pump
align,backbone,1.6400,-0.1687,7,pump
align,backbone,1.4849,-0.1531,7,pump
align,backbone,-4.8446,0.2020,7,pump
align,backbone,2.3894,-0.2048,7,pump
align,backbone,1.6501,-0.1735,7,pump
align,backbone,1.3516,-0.1380,7,pump
align,backbone,0.5079,-0.1142,7,pump
align,backbone,0.6375,-0.1205,7,pump
align,backbone,0.7490,-0.1120,7,pump
align,backbone,0.2546,-0.0951,7,pump
align,backbone,0.7041,-0.1030,7,pump
align,backbone,-10.3397,0.7683,7,pump
align,backbone,-0.9236,-0.0236,7,pump
align,backbone,0.5482,-0.1054,7,pump
align,backbone,-5.6228,0.2696,7,pump
align,backbone,1.7180,-0.1625,7,pump
align,backbone,-1.5263,-0.0059,7,pump
align,backbone,-0.7096,-0.0615,7,pump
align,backbone,4.4894,-0.2877,7,pump
align,backbone,-4.5623,0.1814,7,pump
align,backbone,1.1213,-0.1293,7,pump
align,backbone,6.5321,-0.3730,7,pump
align,backbone,-0.4977,-0.0662,7,pump
align,backbone,0.6863,-0.1294,7,pump
align,backbone,1.4263,-0.1717,7,pump
align,backbone,2.2775,-0.1957,7,pump
align,backbone,-1.9618,0.0345,7,pump
align,backbone,0.2914,-0.0968,7,pump
align,backbone,-0.6418,-0.0401,7,pump
align,backbone,-0.2853,-0.0648,7,pump
align,backbone,-4.1646,0.1710,7,pump
align,backbone,1.6214,-0.1685,7,pump
align,backbone,-1.7930,0.0170,7,pump
align,backbone,-0.3843,-0.0701,7,pump
align,backbone,-3.5741,0.1422,7,pump
align,backbone,1.3094,-0.1378,7,pump
align,backbone,1.6447,-0.1645,7,pump
align,backbone,3.0558,-0.2329,7,pump
align,backbone,2.2491,-0.2045,7,pump
align,backbone,6.8799,-0.3802,7,pump
align,backbone,-1.0254,-0.0451,7,pump
align,backbone,2.1518,-0.1829,7,pump
align,backbone,-0.5908,-0.0711,7,pump
align,backbone,2.0752,-0.1841,7,pump
align,backbone,1.5915,-0.1572,7,pump
align,backbone,-0.5741,-0.0456,7,pump
align,backbone,2.0671,-0.1972,7,pump
align,backbone,2.3420,-0.1872,7,pump
align,backbone,0.7842,-0.1381,7,pump
align,backbone,2.6130,-0.2291,7,pump
align,backbone,-3.3041,0.1100,7,pump
align,backbone,-0.5039,-0.0416,7,pump
align,backbone,-5.5347,0.2894,7,pump
align,backbone,5.9786,-0.3533,7,pump
align,backbone,1.1967,-0.1444,7,pump
align,backbone,-5.9264,0.3104,7,pump
align,backbone,4.9358,-0.3062,7,pump
align,backbone,-1.0989,-0.0441,7,pump
align,backbone,0.0130,-0.0946,7,pump
align,backbone,-0.0286,-0.0811,7,pump
align,backbone,6.4584,-0.3738,7,pump
align,backbone,-1.6865,0.0118,7,pump
align,backbone,1.4079,-0.1405,7,pump
align,backbone,0.7693,-0.0983,7,pump
align,backbone,3.0871,-0.2349,7,pump
align,backbone,-2.0378,0.0418,7,pump
align,backbone,-2.1587,0.0310,7,pump
align,backbone,2.8650,-0.2270,7,pump
align,backbone,2.0658,-0.1778,7,pump
align,backbone,0.7912,-0.1191,7,pump
align,backbone,-0.7982,-0.0405,7,pump
align,backbone,-0.6539,-0.0313,7,pump
align,backbone,-2.0448,0.0399,7,pump
align,backbone,0.0257,-0.0905,7,pump
align,backbone,-2.8269,0.0848,7,pump
align,backbone,0.6568,-0.1102,7,pump
align,backbone,0.9052,-0.1323,7,pump
align,backbone,3.2302,-0.2358,7,pump
align,backbone,-0.7787,-0.0411,7,pump
align,backbone,3.0689,-0.2437,7,pump
align,backbone,0.4578,-0.0828,7,pump
align,backbone,0.5114,-0.1061,7,pump
align,backbone,-0.3957,-0.0657,7,pump
align,backbone,-6.7624,0.3728,7,pump
align,backbone,-7.7934,0.4540,7,pump
align,backbone,0.4499,-0.1064,7,pump
align,backbone,3.7745,-0.2617,7,pump
align,backbone,-0.2639,-0.0512,7,pump
align,backbone,-4.4748,0.1914,7,pump
align,backbone,-12.6801,1.1059,7,pump
align,backbone,3.5758,-0.2465,7,pump
align,backbone,2.7013,-0.2083,7,pump
align,backbone,-8.4119,0.5565,7,pump
align,backbone,0.4211,-0.1016,7,pump
align,backbone,0.4578,-0.1050,7,pump
align,backbone,1.1917,-0.1491,7,pump
align,backbone,13.2794,-0.4628,7,pump
align,backbone,-7.7224,0.4693,7,pump
align,backbone,2.6424,-0.1997,7,pump
align,backbone,-0.2104,-0.0667,7,pump
align,backbone,0.7293,-0.1104,7,pump
align,backbone,-2.8504,0.0786,7,pump
align,backbone,-7.2053,0.4325,7,pump
align,backbone,0.2692,-0.0863,7,pump
align,backbone,-7.1771,0.4193,7,pump
align,backbone,1.4502,-0.1584,7,pump
align,backbone,0.4898,-0.1121,7,pump
align,backbone,1.2722,-0.1391,7,pump
align,backbone,-5.0357,0.2288,7,pump
align,backbone,-1.6222,-0.0057,7,pump
align,backbone,1.6858,-0.1792,7,pump
align,backbone,0.3570,-0.1001,7,pump
align,backbone,-4.5955,0.2074,7,pump
align,backbone,1.9238,-0.1858,7,pump
align,backbone,0.6183,-0.1321,7,pump
align,backbone,1.1717,-0.1462,7,pump
align,backbone,1.0479,-0.1303,7,pump
align,backbone,2.5924,-0.2119,7,pump
align,backbone,1.8249,-0.1745,7,pump
align,backbone,-1.7934,0.0265,7,pump
align,backbone,-5.1019,0.2321,7,pump
align,backbone,-0.3234,-0.0678,7,pump
align,backbone,-0.3189,-0.0525,7,pump
align,backbone,-7.5277,0.4530,7,pump
align,backbone,-2.4121,0.0647,7,pump
align,backbone,-0.4438,-0.0540,7,pump
align,backbone,1.5463,-0.1661,7,pump
align,backbone,0.8319,-0.1139,7,pump
align,backbone,2.8205,-0.2257,7,pump
align,backbone,0.9233,-0.1253,7,pump
align,backbone,-2.9798,0.0665,7,pump
align,backbone,-0.9279,-0.0266,7,pump
align,backbone,1.9795,-0.1735,7,pump
align,backbone,0.4675,-0.1015,7,pump
align,backbone,-1.5755,0.0262,7,pump
align,backbone,1.0724,-0.1364,7,pump
align,backbone,-7.3624,0.4453,7,pump
align,backbone,-1.3178,-0.0026,7,pump
align,backbone,-0.6801,-0.0497,7,pump
align,backbone,0.6840,-0.1160,7,pump
align,backbone,2.8917,-0.2209,7,pump
align,backbone,2.7878,-0.2043,7,pump
align,backbone,-4.4243,0.1816,7,pump
align,backbone,0.1298,-0.0826,7,pump
align,backbone,-8.1362,0.4998,7,pump
align,backbone,-3.2126,0.0874,7,pump
align,backbone,-1.6888,0.0190,7,pump
align,backbone,2.0383,-0.2009,7,pump
align,backbone,0.2857,-0.1048,7,pump
align,backbone,0.5467,-0.1341,7,pump
align,backbone,0.4021,-0.1103,7,pump
align,backbone,-5.6146,0.2515,7,pump
align,backbone,0.6624,-0.1041,7,pump
align,backbone,0.5750,-0.0988,7,pump
align,backbone,3.8350,-0.2678,7,pump
align,backbone,0.6698,-0.1043,7,pump
align,backbone,1.0170,-0.1241,7,pump
align,backbone,-0.5636,-0.0478,7,pump
align,backbone,-0.6892,-0.0362,7,pump
align,backbone,-9.0948,0.6056,7,pump
align,backbone,0.1476,-0.1115,7,pump
align,backbone,1.4649,-0.1556,7,pump
align,backbone,-7.6314,0.4489,7,pump
align,backbone,1.2194,-0.1425,7,pump
align,backbone,0.3558,-0.0981,7,pump
align,backbone,3.1624,-0.2363,7,pump
align,backbone,0.8671,-0.1275,7,pump
align,backbone,-5.8716,0.2748,7,pump
align,backbone,-7.6161,0.4667,7,pump
align,backbone,1.8216,-0.1754,7,pump
align,backbone,-0.4751,-0.0711,7,pump
align,backbone,-5.9926,0.3208,7,pump
align,backbone,1.7776,-0.1754,7,pump
align,backbone,0.4223,-0.0939,7,pump
align,backbone,3.5959,-0.2541,7,pump
align,backbone,3.4329,-0.2408,7,pump
align,backbone,0.6453,-0.1125,7,pump
align,backbone,-0.6182,-0.0673,7,pump
align,backbone,0.6768,-0.1156,7,pump
align,backbone,4.2640,-0.2996,7,pump
align,backbone,1.2347,-0.1506,7,pump
align,backbone,-0.9627,-0.0205,7,pump
align,backbone,-7.0545,0.3920,7,pump
align,backbone,-9.6312,0.6697,7,pump
align,backbone,-0.1777,-0.0779,7,pump
align,backbone,-0.0463,-0.0661,7,pump
align,backbone,0.7268,-0.1129,7,pump
align,backbone,10.5174,-0.4535,7,pump
align,backbone,-6.7738,0.3695,7,pump
align,backbone,0.3948,-0.1008,7,pump
align,backbone,-0.5901,-0.0577,7,pump
align,backbone,-1.3233,0.0005,7,pump
align,backbone,2.1057,-0.1989,7,pump
align,backbone,-0.1616,-0.0836,7,pump
align,backbone,2.2691,-0.1975,7,pump
align,backbone,-3.0990,0.1117,7,pump
align,backbone,0.5095,-0.1137,7,pump
align,backbone,0.2740,-0.0882,7,pump
align,backbone,0.9199,-0.1439,7,pump
align,backbone,1.7868,-0.1649,7,pump
align,backbone,-3.2538,0.1238,7,pump
align,backbone,0.5765,-0.1002,7,pump
align,backbone,1.5062,-0.1600,7,pump
align,backbone,-0.2457,-0.0696,7,pump
align,backbone,3.4359,-0.2420,7,pump
align,backbone,2.2961,-0.2075,7,pump
align,backbone,3.3335,-0.2442,7,pump
align,backbone,-0.4226,-0.0660,7,pump
align,backbone,2.2666,-0.1969,7,pump
align,backbone,-1.8559,0.0213,7,pump
align,backbone,0.4745,-0.1078,7,pump
align,backbone,-0.6344,-0.0412,7,pump
align,backbone,1.2951,-0.1425,7,pump
align,backbone,-0.4003,-0.0684,7,pump
align,backbone,0.0768,-0.0914,7,pump
align,backbone,-1.0041,-0.0057,7,pump
align,backbone,0.4801,-0.1098,7,pump
align,backbone,-0.1513,-0.0868,7,pump
align,backbone,0.3212,-0.0924,7,pump
align,backbone,1.0664,-0.1395,7,pump
align,backbone,0.4392,-0.1078,7,pump
align,backbone,0.9986,-0.1211,7,pump
align,backbone,-3.4995,0.1041,7,pump
align,backbone,-0.5771,-0.0501,7,pump
align,backbone,-5.0735,0.2281,7,pump
align,backbone,-11.6506,0.9475,7,pump
align,backbone,1.6219,-0.1498,7,pump
align,backbone,-6.1884,0.3384,7,pump
align,backbone,2.4278,-0.2166,7,pump
align,backbone,-0.2880,-0.0515,7,pump
align,backbone,-8.7743,0.5656,7,pump
align,backbone,-0.0812,-0.0869,7,pump
align,backbone,-2.5409,0.0656,7,pump
align,backbone,1.1626,-0.1468,7,pump
align,backbone,2.4785,-0.1990,7,pump
align,backbone,1.7246,-0.1891,7,pump
align,backbone,0.7980,-0.1368,7,pump
align,backbone,0.5706,-0.1080,7,pump
align,backbone,-1.0485,-0.0129,7,pump
align,backbone,-2.4425,0.0508,7,pump
align,backbone,-0.1352,-0.0803,7,pump
align,backbone,3.9889,-0.2673,7,pump
align,backbone,1.1945,-0.1463,8,golf
align,backbone,1.3045,-0.1395,8,golf
align,backbone,1.0884,-0.1213,8,golf
align,backbone,3.5810,-0.2542,8,golf
align,backbone,3.3838,-0.2480,8,golf
align,backbone,0.2687,-0.0944,8,golf
align,backbone,-0.0534,-0.0811,8,golf
align,backbone,6.9565,-0.3998,8,golf
align,backbone,2.5256,-0.2101,8,golf
align,backbone,-2.4950,0.0497,8,golf
align,backbone,6.0738,-0.3443,8,golf
align,backbone,1.2811,-0.1475,8,golf
align,backbone,4.7326,-0.2990,8,golf
align,backbone,4.3443,-0.2850,8,golf
align,backbone,-10.0654,0.7349,8,golf
align,backbone,1.2391,-0.1308,8,golf
align,backbone,-10.5405,0.7863,8,golf
align,backbone,0.0878,-0.1098,8,golf
align,backbone,1.8083,-0.1695,8,golf
align,backbone,-6.6930,0.3674,8,golf
align,backbone,1.6977,-0.1632,8,golf
align,backbone,4.2695,-0.2762,8,golf
align,backbone,2.5728,-0.2045,8,golf
align,backbone,1.1670,-0.1554,8,golf
align,backbone,0.2124,-0.0817,8,golf
align,backbone,-0.2035,-0.0569,8,golf
align,backbone,1.0576,-0.1343,8,golf
align,backbone,0.6176,-0.0975,8,golf
align,backbone,1.8082,-0.1551,8,golf
align,backbone,7.5574,-0.4059,8,golf
align,backbone,-1.2965,-0.0243,8,golf
align,backbone,2.4671,-0.1968,8,golf
align,backbone,1.1881,-0.1330,8,golf
align,backbone,-0.2123,-0.0664,8,golf
align,backbone,-3.3176,0.1167,8,golf
align,backbone,6.0109,-0.3544,8,golf
align,backbone,1.8310,-0.1956,8,golf
align,backbone,0.4868,-0.1052,8,golf
align,backbone,9.7591,-0.4398,8,golf
align,backbone,5.5427,-0.3281,8,golf
align,backbone,10.9052,-0.4737,8,golf
align,backbone,-0.8382,-0.0289,8,golf
align,backbone,7.8184,-0.4071,8,golf
align,backbone,-0.3728,-0.0568,8,golf
align,backbone,-0.3238,-0.0732,8,golf
align,backbone,-0.8147,-0.0432,8,golf
align,backbone,5.4415,-0.3338,8,golf
align,backbone,-2.7692,0.0552,8,golf
align,backbone,7.0925,-0.3922,8,golf
align,backbone,0.4390,-0.0935,8,golf
align,backbone,0.3246,-0.0939,8,golf
align,backbone,1.4210,-0.1476,8,golf
align,backbone,-6.0770,0.3118,8,golf
align,backbone,-5.2319,0.2581,8,golf
align,backbone,1.2307,-0.1417,8,golf
align,backbone,1.4109,-0.1442,8,golf
align,backbone,0.2698,-0.1107,8,golf
align,backbone,-6.3705,0.3461,8,golf
align,backbone,1.5742,-0.1541,8,golf
align,backbone,1.8946,-0.1880,8,golf
align,backbone,0.3108,-0.0894,8,golf
align,backbone,0.4960,-0.1075,8,golf
align,backbone,-2.2481,0.0262,8,golf
align,backbone,-0.6792,-0.0614,8,golf
align,backbone,-0.0245,-0.0913,8,golf
align,backbone,-1.0397,-0.0294,8,golf
align,backbone,-1.5760,0.0147,8,golf
align,backbone,2.0392,-0.1741,8,golf
align,backbone,-4.3708,0.1859,8,golf
align,backbone,2.7842,-0.2081,8,golf
align,backbone,0.4782,-0.1221,8,golf
align,backbone,1.1630,-0.1471,8,golf
align,backbone,0.9461,-0.1256,8,golf
align,backbone,1.6837,-0.1513,8,golf
align,backbone,0.4880,-0.0962,8,golf
align,backbone,-4.8768,0.2198,8,golf
align,backbone,1.7016,-0.1533,8,golf
align,backbone,1.7074,-0.1663,8,golf
align,backbone,3.5824,-0.2528,8,golf
align,backbone,3.2582,-0.2346,8,golf
align,backbone,3.8820,-0.2729,8,golf
align,backbone,-0.3436,-0.0637,8,golf
align,backbone,5.2404,-0.3241,8,golf
align,backbone,0.3310,-0.0931,8,golf
align,backbone,7.4254,-0.4004,8,golf
align,backbone,2.0258,-0.1855,8,golf
align,backbone,40.8699,7.8979,8,golf
align,backbone,0.5330,-0.1106,8,golf
align,backbone,-7.6766,0.4850,8,golf
align,backbone,0.5711,-0.1081,8,golf
align,backbone,1.6387,-0.1777,8,golf
align,backbone,2.1897,-0.1837,8,golf
align,backbone,-0.0383,-0.0752,8,golf
align,backbone,-8.0194,0.5128,8,golf
align,backbone,-7.5705,0.4631,8,golf
align,backbone,7.3831,-0.4066,8,golf
align,backbone,-0.8156,-0.0483,8,golf
align,backbone,-4.5255,0.1901,8,golf
align,backbone,-1.8244,0.0287,8,golf
align,backbone,0.3765,-0.0830,8,golf
align,backbone,0.4372,-0.1086,8,golf
align,backbone,3.6828,-0.2565,8,golf
align,backbone,7.5521,-0.4078,8,golf
align,backbone,-0.3184,-0.0759,8,golf
align,backbone,-6.2999,0.3451,8,golf
align,backbone,1.7727,-0.1736,8,golf
align,backbone,0.7689,-0.1232,8,golf
align,backbone,-0.9535,-0.0465,8,golf
align,backbone,0.4844,-0.1253,8,golf
align,backbone,-8.6759,0.5927,8,golf
align,backbone,0.3456,-0.0854,8,golf
align,backbone,2.3057,-0.1938,8,golf
align,backbone,2.5073,-0.2004,8,golf
align,backbone,-1.2115,-0.0398,8,golf
align,backbone,1.0931,-0.1306,8,golf
align,backbone,-1.0193,-0.0423,8,golf
align,backbone,1.4342,-0.1546,8,golf
align,backbone,5.2709,-0.3341,8,golf
align,backbone,0.6071,-0.1030,8,golf
align,backbone,0.7853,-0.1133,8,golf
align,backbone,-0.4873,-0.0605,8,golf
align,backbone,-2.3294,0.0620,8,golf
align,backbone,39.5166,8.4057,8,golf
align,backbone,0.7162,-0.1244,8,golf
align,backbone,-6.4865,0.3647,8,golf
align,backbone,7.9376,-0.4139,8,golf
align,backbone,-0.1253,-0.0762,8,golf
align,backbone,3.1257,-0.2239,8,golf
align,backbone,-7.0216,0.4284,8,golf
align,backbone,3.8848,-0.2768,8,golf
align,backbone,1.8341,-0.1708,8,golf
align,backbone,9.3788,-0.4533,8,golf
align,backbone,2.5897,-0.1924,8,golf
align,backbone,0.8125,-0.1147,8,golf
align,backbone,0.7900,-0.1264,8,golf
align,backbone,4.3785,-0.3019,8,golf
align,backbone,-8.6570,0.5597,8,golf
align,backbone,6.9356,-0.3840,8,golf
align,backbone,1.6651,-0.1582,8,golf
align,backbone,1.2975,-0.1440,8,golf
align,backbone,-8.5973,0.5473,8,golf
align,backbone,0.7463,-0.1310,8,golf
align,backbone,-10.8055,0.8130,8,golf
align,backbone,-9.1628,0.6455,8,golf
align,backbone,0.4023,-0.1139,8,golf
align,backbone,16.3898,-0.4166,8,golf
align,backbone,1.9966,-0.1866,8,golf
align,backbone,3.6642,-0.2504,8,golf
align,backbone,0.1030,-0.0758,8,golf
align,backbone,-2.8663,0.0844,8,golf
align,backbone,-11.1463,0.8575,8,golf
align,backbone,1.6937,-0.1580,8,golf
align,backbone,2.6139,-0.2128,8,golf
align,backbone,-2.0311,0.0046,8,golf
align,backbone,2.5621,-0.2087,8,golf
align,backbone,-8.3477,0.5547,8,golf
align,backbone,-4.0001,0.1791,8,golf
align,backbone,-0.4600,-0.0729,8,golf
align,backbone,-5.6875,0.2796,8,golf
align,backbone,-0.6428,-0.0677,8,golf
align,backbone,2.6002,-0.2003,8,golf
align,backbone,-1.5838,-0.0090,8,golf
align,backbone,-3.0591,0.0918,8,golf
align,backbone,-3.2204,0.0819,8,golf
align,backbone,0.3455,-0.0886,8,golf
align,backbone,-0.3004,-0.0788,8,golf
align,backbone,1.3001,-0.1332,8,golf
align,backbone,-2.0625,0.0334,8,golf
align,backbone,3.9018,-0.2602,8,golf
align,backbone,0.9009,-0.1325,8,golf
align,backbone,3.5299,-0.2495,8,golf
align,backbone,-3.5957,0.1251,8,golf
align,backbone,0.0317,-0.0961,8,golf
align,backbone,-1.6337,0.0170,8,golf
align,backbone,-2.8947,0.1045,8,golf
align,backbone,11.7313,-0.4556,8,golf
align,backbone,-2.7096,0.0589,8,golf
align,backbone,-5.3533,0.2564,8,golf
align,backbone,8.0826,-0.4105,8,golf
align,backbone,-9.5311,0.6632,8,golf
align,backbone,9.8387,-0.4634,8,golf
align,backbone,-0.5084,-0.0575,8,golf
align,backbone,6.3360,-0.3721,8,golf
align,backbone,-1.8068,0.0248,8,golf
align,backbone,-11.4573,0.8984,8,golf
align,backbone,-9.0949,0.6086,8,golf
align,backbone,2.2316,-0.1807,8,golf
align,backbone,5.0856,-0.3168,8,golf
align,backbone,4.0518,-0.2781,8,golf
align,backbone,2.6384,-0.2008,8,golf
align,backbone,6.8848,-0.3878,8,golf
align,backbone,-4.8993,0.2227,8,golf
align,backbone,1.3779,-0.1481,8,golf
align,backbone,1.1925,-0.1308,8,golf
align,backbone,1.2326,-0.1415,8,golf
align,backbone,-0.4565,-0.0587,8,golf
align,backbone,-0.3967,-0.0515,8,golf
align,backbone,0.0979,-0.0991,8,golf
align,backbone,1.4383,-0.1426,8,golf
align,backbone,39.5585,8.3928,8,golf
align,backbone,1.8648,-0.1736,8,golf
align,backbone,3.0672,-0.2317,8,golf
align,backbone,2.2204,-0.1979,8,golf
align,backbone,6.6105,-0.3687,8,golf
align,backbone,0.6481,-0.1038,8,golf
align,backbone,-6.0117,0.3029,8,golf
align,backbone,2.1872,-0.1960,8,golf
align,backbone,-6.2290,0.3296,8,golf
align,backbone,0.3764,-0.1061,8,golf
align,backbone,3.2338,-0.2415,8,golf
align,backbone,-0.0775,-0.0799,8,golf
align,backbone,4.3909,-0.2835,8,golf
align,backbone,3.3345,-0.2453,8,golf
align,backbone,1.9631,-0.1665,8,golf
align,backbone,0.6252,-0.1102,8,golf
align,backbone,8.6469,-0.4275,8,golf
align,backbone,2.2163,-0.1851,8,golf
align,backbone,0.1031,-0.1089,8,golf
align,backbone,-0.3725,-0.0622,8,golf
align,backbone,1.5312,-0.1654,8,golf
align,backbone,0.6532,-0.0969,8,golf
align,backbone,-7.5252,0.4259,8,golf
align,backbone,7.6415,-0.4016,8,golf
align,backbone,-2.7276,0.0929,8,golf
align,backbone,8.7823,-0.4353,8,golf
align,backbone,0.1996,-0.0912,8,golf
align,backbone,-0.3631,-0.0555,8,golf
align,backbone,-9.2604,0.6245,8,golf
align,backbone,1.5659,-0.1703,8,golf
align,backbone,-0.3337,-0.0487,8,golf
align,backbone,-4.1765,0.1613,8,golf
align,backbone,0.2440,-0.0919,8,golf
align,backbone,-2.7992,0.0584,8,golf
align,backbone,1.2509,-0.1559,8,golf
align,backbone,2.9896,-0.2152,8,golf
align,backbone,1.4618,-0.1563,8,golf
align,backbone,6.2344,-0.3572,8,golf
align,backbone,1.1773,-0.1575,8,golf
align,backbone,4.2904,-0.2877,8,golf
align,backbone,4.2258,-0.2881,8,golf
align,backbone,-6.4055,0.3212,8,golf
align,backbone,9.0473,-0.4342,8,golf
align,backbone,3.4489,-0.2548,8,golf
align,backbone,2.1988,-0.1925,8,golf
align,backbone,-1.0029,-0.0375,8,golf
align,backbone,7.0577,-0.3894,8,golf
align,backbone,4.8569,-0.3029,8,golf
align,backbone,-0.0513,-0.0818,8,golf
align,backbone,-0.3039,-0.0755,8,golf
align,backbone,32.2273,9.8825,8,golf
align,backbone,0.1708,-0.0956,8,golf
align,backbone,2.6293,-0.2130,8,golf
align,backbone,2.7677,-0.2071,8,golf
align,backbone,1.4530,-0.1494,8,golf
align,backbone,-0.5094,-0.0742,8,golf
align,backbone,2.1406,-0.1693,8,golf
align,backbone,1.8404,-0.1674,8,golf
align,backbone,1.9514,-0.1863,8,golf
align,backbone,12.3647,-0.4372,8,golf
align,backbone,5.8056,-0.3490,8,golf
align,backbone,-5.9598,0.3089,8,golf
align,backbone,0.9295,-0.1265,8,golf
align,backbone,-1.9851,0.0178,8,golf
align,backbone,-2.7764,0.0728,8,golf
align,backbone,2.7995,-0.2175,8,golf
align,backbone,1.5733,-0.1726,8,golf
align,backbone,6.2145,-0.3626,8,golf
align,backbone,-7.6938,0.4778,8,golf
align,backbone,2.1022,-0.1675,8,golf
align,backbone,-1.9583,0.0309,8,golf
align,backbone,0.8407,-0.1198,8,golf
align,backbone,3.7212,-0.2581,8,golf
align,backbone,-0.1548,-0.0724,8,golf
align,backbone,2.1825,-0.1938,8,golf
align,backbone,5.7167,-0.3529,8,golf
align,backbone,0.4029,-0.0993,8,golf
align,backbone,1.3031,-0.1515,8,golf
align,backbone,-7.6041,0.4579,8,golf
align,backbone,4.3570,-0.2957,8,golf
align,backbone,-9.8765,0.7187,8,golf
align,backbone,-5.4414,0.2648,8,golf
align,backbone,2.6246,-0.2094,8,golf
align,backbone,2.3922,-0.1879,8,golf
align,backbone,2.0259,-0.1806,8,golf
align,backbone,2.6397,-0.2252,8,golf
align,backbone,2.6308,-0.1983,8,golf
align,backbone,2.0225,-0.1922,8,golf
align,backbone,-3.9234,0.1456,8,golf
align,backbone,0.9701,-0.1241,8,golf
align,backbone,0.7497,-0.1186,8,golf
align,backbone,-0.0971,-0.0753,8,golf
align,backbone,1.0515,-0.1310,8,golf
align,backbone,5.0303,-0.3269,8,golf
align,backbone,-1.4786,-0.0187,8,golf
align,backbone,-23.2051,5.6585,8,golf
align,backbone,-4.2493,0.1696,8,golf
align,backbone,1.0254,-0.1383,8,golf
align,backbone,0.3908,-0.0941,8,golf
align,backbone,1.0485,-0.1287,8,golf
align,backbone,-0.3137,-0.0571,8,golf
align,backbone,-0.7656,-0.0557,8,golf
align,backbone,8.3480,-0.4243,8,golf
align,backbone,6.1113,-0.3570,8,golf
align,backbone,2.0038,-0.1697,8,golf
align,backbone,7.4069,-0.3982,8,golf
align,backbone,3.3435,-0.2518,8,golf
align,backbone,0.5664,-0.1233,8,golf
align,backbone,6.3923,-0.3651,8,golf
align,backbone,6.3368,-0.3662,8,golf
align,backbone,2.0955,-0.1878,8,golf
align,backbone,-0.1356,-0.0766,8,golf
align,backbone,1.2401,-0.1454,8,golf
align,backbone,4.3275,-0.2861,8,golf
align,backbone,-3.7091,0.1440,8,golf
align,backbone,3.7064,-0.2553,8,golf
align,backbone,2.6142,-0.2006,8,golf
align,backbone,4.8231,-0.3045,8,golf
align,backbone,0.9916,-0.1247,8,golf
align,backbone,0.8116,-0.1231,8,golf
align,backbone,2.5528,-0.2063,8,golf
align,backbone,2.2564,-0.2164,8,golf
align,backbone,-0.0965,-0.0891,8,golf
align,backbone,0.9005,-0.1196,8,golf
align,backbone,3.0404,-0.2257,8,golf
align,backbone,-3.8362,0.1461,8,golf
align,backbone,2.3274,-0.1835,8,golf
align,backbone,-6.1299,0.3367,8,golf
align,backbone,3.3428,-0.2432,8,golf
align,backbone,1.5037,-0.1449,8,golf
align,backbone,-3.3073,0.1017,8,golf
align,backbone,1.7246,-0.1730,8,golf
align,backbone,-6.9057,0.3900,8,golf
align,backbone,0.8586,-0.1363,8,golf
align,backbone,2.3898,-0.1953,8,golf
align,backbone,-1.9124,0.0471,8,golf
align,backbone,41.0067,7.8596,8,golf
align,backbone,1.1450,-0.1313,8,golf
align,backbone,11.1995,-0.4874,8,golf
align,backbone,2.8472,-0.2175,8,golf
align,backbone,-2.9138,0.0876,8,golf
align,backbone,8.6350,-0.4392,8,golf
align,backbone,5.3790,-0.3219,8,golf
align,backbone,11.6393,-0.4747,8,golf
align,backbone,2.0627,-0.1745,8,golf
align,backbone,-0.2970,-0.0560,8,golf
align,backbone,-4.0060,0.1574,8,golf
align,backbone,2.3357,-0.1896,8,golf
align,backbone,3.7543,-0.2630,8,golf
align,backbone,0.4107,-0.0940,8,golf
align,backbone,1.0036,-0.1165,8,golf
align,backbone,-6.1094,0.3206,8,golf
align,backbone,1.8351,-0.1730,8,golf
align,backbone,-4.3800,0.1850,8,golf
align,backbone,-1.3127,-0.0085,8,golf
align,backbone,-6.2737,0.3390,8,golf
align,backbone,0.1076,-0.0823,8,golf
align,backbone,0.5313,-0.1104,8,golf
align,backbone,1.4741,-0.1613,8,golf
align,backbone,-5.3705,0.2695,8,golf
align,backbone,2.8783,-0.2163,8,golf
align,backbone,2.3996,-0.1911,8,golf
align,backbone,-2.5925,0.0723,8,golf
align,backbone,-6.6798,0.3713,8,golf
align,backbone,3.6836,-0.2651,8,golf
align,backbone,1.2185,-0.1561,8,golf
align,backbone,3.7998,-0.2695,8,golf
align,backbone,-2.3354,0.0537,8,golf
align,backbone,-2.1064,0.0281,8,golf
align,backbone,7.7840,-0.4034,8,golf
align,backbone,5.6416,-0.3324,8,golf
align,backbone,3.6497,-0.2543,8,golf
align,backbone,0.6511,-0.1086,8,golf
align,backbone,1.2931,-0.1364,8,golf
align,backbone,3.6036,-0.2488,8,golf
align,backbone,-0.6812,-0.0574,8,golf
align,backbone,2.4587,-0.2150,8,golf
align,backbone,3.8105,-0.2645,8,golf
align,backbone,-0.9712,-0.0386,8,golf
align,backbone,-2.2351,0.0535,8,golf
align,backbone,-1.9615,0.0341,8,golf
align,backbone,-0.7326,-0.0698,8,golf
align,backbone,1.2533,-0.1468,8,golf
align,backbone,-2.4510,0.0764,8,golf
align,backbone,-5.6202,0.2797,8,golf
align,backbone,2.4630,-0.1951,8,golf
align,backbone,5.9618,-0.3564,8,golf
align,backbone,0.6937,-0.1106,8,golf
align,backbone,-0.6125,-0.0345,8,golf
align,backbone,1.8105,-0.1645,8,golf
align,backbone,1.0644,-0.1449,8,golf
align,backbone,0.9685,-0.1233,8,golf
align,backbone,3.0326,-0.2190,8,golf
align,backbone,-1.6519,-0.0083,8,golf
align,backbone,4.1569,-0.2778,8,golf
align,backbone,-0.4673,-0.0687,8,golf
align,backbone,2.7451,-0.2236,8,golf
align,backbone,0.6462,-0.1102,8,golf
align,backbone,3.0435,-0.2224,8,golf
align,backbone,1.8210,-0.1650,8,golf
align,backbone,-22.2681,5.4160,9,chute
align,backbone,-1.4927,0.0082,9,chute
align,backbone,-10.2146,0.7716,9,chute
align,backbone,-2.9215,0.0815,9,chute
align,backbone,-6.3355,0.3263,9,chute
align,backbone,-0.2130,-0.0733,9,chute
align,backbone,6.5681,-0.3820,9,chute
align,backbone,-7.4065,0.4233,9,chute
align,backbone,2.4167,-0.1994,9,chute
align,backbone,2.9486,-0.2440,9,chute
align,backbone,2.9746,-0.2205,9,chute
align,backbone,0.2591,-0.0847,9,chute
align,backbone,5.6434,-0.3552,9,chute
align,backbone,-8.6736,0.5106,9,chute
align,backbone,-2.8095,0.0716,9,chute
align,backbone,3.2579,-0.2407,9,chute
align,backbone,-5.2133,0.2484,9,chute
align,backbone,1.8973,-0.1877,9,chute
align,backbone,-7.6368,0.4571,9,chute
align,backbone,14.6206,-0.4686,9,chute
align,backbone,-2.8734,0.0855,9,chute
align,backbone,6.5667,-0.3733,9,chute
align,backbone,-3.6372,0.1300,9,chute
align,backbone,5.3164,-0.3178,9,chute
align,backbone,-2.7637,0.0762,9,chute
align,backbone,2.7601,-0.2156,9,chute
align,backbone,-0.8304,-0.0220,9,chute
align,backbone,5.0609,-0.3297,9,chute
align,backbone,2.6150,-0.2119,9,chute
align,backbone,-20.0796,5.1182,9,chute
align,backbone,9.9067,-0.4466,9,chute
align,backbone,-6.4187,0.3356,9,chute
align,backbone,-7.5472,0.4339,9,chute
align,backbone,1.4206,-0.1710,9,chute
align,backbone,-6.1286,0.3105,9,chute
align,backbone,2.4908,-0.1903,9,chute
align,backbone,9.5677,-0.4347,9,chute
align,backbone,-7.1870,0.4349,9,chute
align,backbone,1.5286,-0.1485,9,chute
align,backbone,-5.7464,0.2770,9,chute
align,backbone,-0.1789,-0.0546,9,chute
align,backbone,3.5039,-0.2523,9,chute
align,backbone,-1.7021,0.0097,9,chute
align,backbone,11.6456,-0.4471,9,chute
align,backbone,0.6019,-0.1124,9,chute
align,backbone,9.5676,-0.4515,9,chute
align,backbone,-0.2361,-0.0763,9,chute
align,backbone,2.7404,-0.2248,9,chute
align,backbone,-5.4106,0.2461,9,chute
align,backbone,-2.2553,0.0415,9,chute
align,backbone,6.9690,-0.3811,9,chute
align,backbone,0.7584,-0.1312,9,chute
align,backbone,0.1628,-0.1056,9,chute
align,backbone,3.8848,-0.2659,9,chute
align,backbone,-6.6453,0.3445,9,chute
align,backbone,0.4247,-0.1070,9,chute
align,backbone,3.1102,-0.2394,9,chute
align,backbone,-0.2101,-0.0707,9,chute
align,backbone,8.0571,-0.4103,9,chute
align,backbone,1.0504,-0.1343,9,chute
align,backbone,-1.8528,0.0248,9,chute
align,backbone,43.6754,5.9269,9,chute
align,backbone,16.3202,-0.4547,9,chute
align,backbone,-3.4237,0.1086,9,chute
align,backbone,-0.5006,-0.0543,9,chute
align,backbone,2.9392,-0.2468,9,chute
align,backbone,32.7981,9.9986,9,chute
align,backbone,-0.6872,-0.0498,9,chute
align,backbone,-9.0288,0.6032,9,chute
align,backbone,-4.6031,0.1928,9,chute
align,backbone,39.1112,8.5338,9,chute
align,backbone,1.4133,-0.1535,9,chute
align,backbone,-4.8849,0.2172,9,chute
align,backbone,12.4318,-0.4596,9,chute
align,backbone,-1.5383,0.0089,9,chute
align,backbone,2.5902,-0.1972,9,chute
align,backbone,-8.6130,0.5781,9,chute
align,backbone,14.7641,-0.4536,9,chute
align,backbone,9.3134,-0.4501,9,chute
align,backbone,-1.0261,-0.0250,9,chute
align,backbone,0.0804,-0.0933,9,chute
align,backbone,1.2069,-0.1648,9,chute
align,backbone,0.8920,-0.1208,9,chute
align,backbone,-4.0828,0.1664,9,chute
align,backbone,-6.7160,0.3880,9,chute
align,backbone,1.2016,-0.1521,9,chute
align,backbone,10.9859,-0.4635,9,chute
align,backbone,-4.6047,0.1985,9,chute
align,backbone,0.9209,-0.1362,9,chute
align,backbone,-6.5079,0.3491,9,chute
align,backbone,0.8169,-0.1173,9,chute
align,backbone,27.6157,10.3390,9,chute
align,backbone,5.1541,-0.3113,9,chute
align,backbone,2.8474,-0.2323,9,chute
align,backbone,-6.4375,0.3183,9,chute
align,backbone,-6.2522,0.3066,9,chute
align,backbone,-2.5971,0.0611,9,chute
align,backbone,10.8198,-0.4809,9,chute
align,backbone,2.9881,-0.2405,9,chute
align,backbone,5.7240,-0.3520,9,chute
align,backbone,-0.0958,-0.0957,9,chute
align,backbone,3.2507,-0.2496,9,chute
align,backbone,-7.3012,0.4183,9,chute
align,backbone,-5.9532,0.2971,9,chute
align,backbone,-6.0648,0.3300,9,chute
align,backbone,-1.9683,0.0223,9,chute
align,backbone,-2.0925,0.0327,9,chute
align,backbone,-0.3158,-0.0641,9,chute
align,backbone,0.3164,-0.1047,9,chute
align,backbone,4.9378,-0.3071,9,chute
align,backbone,12.8523,-0.4640,9,chute
align,backbone,-2.3891,0.0527,9,chute
align,backbone,19.6210,-0.3220,9,chute
align,backbone,0.1574,-0.0846,9,chute
align,backbone,-8.0150,0.5143,9,chute
align,backbone,14.3534,-0.4813,9,chute
align,backbone,5.1294,-0.3285,9,chute
align,backbone,-5.4641,0.2724,9,chute
align,backbone,-8.1984,0.5048,9,chute
align,backbone,6.8490,-0.3893,9,chute
align,backbone,-5.7500,0.2995,9,chute
align,backbone,-0.4811,-0.0695,9,chute
align,backbone,6.5386,-0.3784,9,chute
align,backbone,9.7163,-0.4442,9,chute
align,backbone,-5.4930,0.2724,9,chute
align,backbone,-21.2278,5.2544,9,chute
align,backbone,8.7092,-0.4305,9,chute
align,backbone,4.1116,-0.2877,9,chute
align,backbone,-0.2626,-0.0764,9,chute
align,backbone,-7.3281,0.4062,9,chute
align,backbone,-20.1405,5.2442,9,chute
align,backbone,2.0304,-0.1790,9,chute
align,backbone,10.1819,-0.4531,9,chute
align,backbone,-1.3801,-0.0052,9,chute
align,backbone,-5.0397,0.2252,9,chute
align,backbone,-2.5105,0.0587,9,chute
align,backbone,-5.1582,0.2501,9,chute
align,backbone,-9.8381,0.7142,9,chute
align,backbone,-0.9142,-0.0372,9,chute
align,backbone,-9.2541,0.6501,9,chute
align,backbone,4.2929,-0.2861,9,chute
align,backbone,-0.3628,-0.0746,9,chute
align,backbone,-0.0741,-0.0650,9,chute
align,backbone,-6.1235,0.3041,9,chute
align,backbone,-5.2792,0.2474,9,chute
align,backbone,3.3045,-0.2467,9,chute
align,backbone,2.9876,-0.2320,9,chute
align,backbone,-0.5653,-0.0540,9,chute
align,backbone,0.9578,-0.1397,9,chute
align,backbone,-8.9171,0.5939,9,chute
align,backbone,-5.6172,0.2823,9,chute
align,backbone,0.0519,-0.0858,9,chute
align,backbone,0.2541,-0.1028,9,chute
align,backbone,13.9706,-0.4826,9,chute
align,backbone,-3.6582,0.1313,9,chute
align,backbone,31.6567,10.1498,9,chute
align,backbone,-2.2970,0.0367,9,chute
align,backbone,-2.2449,0.0410,9,chute
align,backbone,11.8742,-0.4750,9,chute
align,backbone,3.8327,-0.2808,9,chute
align,backbone,2.9409,-0.2258,9,chute
align,backbone,10.3652,-0.4565,9,chute
align,backbone,-5.5152,0.2503,9,chute
align,backbone,-0.7161,-0.0656,9,chute
align,backbone,3.1953,-0.2389,9,chute
align,backbone,-10.0171,0.7109,9,chute
align,backbone,4.3828,-0.2918,9,chute
align,backbone,1.8780,-0.1949,9,chute
align,backbone,-0.4183,-0.0672,9,chute
align,backbone,1.0412,-0.1144,9,chute
align,backbone,-6.8755,0.3783,9,chute
align,backbone,-1.0738,-0.0211,9,chute
align,backbone,-6.3472,0.3459,9,chute
align,backbone,0.6299,-0.1087,9,chute
align,backbone,11.9553,-0.4698,9,chute
align,backbone,-0.3283,-0.0631,9,chute
align,backbone,-8.7892,0.5724,9,chute
align,backbone,-11.7012,0.9268,9,chute
align,backbone,7.8153,-0.4112,9,chute
align,backbone,2.1659,-0.2016,9,chute
align,backbone,-6.9825,0.3913,9,chute
align,backbone,-5.9048,0.2800,9,chute
align,backbone,-7.6314,0.4466,9,chute
align,backbone,3.9426,-0.2704,9,chute
align,backbone,9.0206,-0.4450,9,chute
align,backbone,-1.0053,-0.0147,9,chute
align,backbone,-0.3662,-0.0819,9,chute
align,backbone,-0.6909,-0.0577,9,chute
align,backbone,-0.8548,-0.0383,9,chute
align,backbone,14.6190,-0.4604,9,chute
align,backbone,1.6533,-0.1696,9,chute
align,backbone,-6.1744,0.3297,9,chute
align,backbone,-9.6260,0.6510,9,chute
align,backbone,0.5873,-0.1156,9,chute
align,backbone,0.8158,-0.1315,9,chute
align,backbone,-1.3303,-0.0024,9,chute
align,backbone,-7.9872,0.4684,9,chute
align,backbone,1.8109,-0.1879,9,chute
align,backbone,-2.5972,0.0647,9,chute
align,backbone,-5.8591,0.2778,9,chute
align,backbone,-6.4936,0.3521,9,chute
align,backbone,10.5061,-0.4574,9,chute
align,backbone,0.6799,-0.1308,9,chute
align,backbone,0.8184,-0.1318,9,chute
align,backbone,1.0306,-0.1464,9,chute
align,backbone,-6.9537,0.3932,9,chute
align,backbone,-8.4497,0.5099,9,chute
align,backbone,9.6032,-0.4512,9,chute
align,backbone,1.0255,-0.1372,9,chute
align,backbone,-1.6174,-0.0167,9,chute
align,backbone,4.4331,-0.2876,9,chute
align,backbone,1.2109,-0.1287,9,chute
align,backbone,2.7737,-0.2187,9,chute
align,backbone,-10.1327,0.7240,9,chute
align,backbone,-5.1268,0.2404,9,chute
align,backbone,0.2052,-0.0939,9,chute
align,backbone,1.2348,-0.1640,9,chute
align,backbone,-3.5444,0.1037,9,chute
align,backbone,-4.5681,0.1946,9,chute
align,backbone,-2.1886,0.0065,9,chute
align,backbone,-5.5184,0.2625,9,chute
align,backbone,6.7268,-0.3837,9,chute
align,backbone,-7.6311,0.4322,9,chute
align,backbone,1.1198,-0.1402,9,chute
align,backbone,11.3727,-0.4597,9,chute
align,backbone,-0.8618,-0.0551,9,chute
align,backbone,-0.8340,-0.0451,9,chute
align,backbone,8.9390,-0.4327,9,chute
align,backbone,-4.7771,0.2035,9,chute
align,backbone,-1.9153,0.0171,9,chute
align,backbone,-6.1281,0.3235,9,chute
align,backbone,-5.5375,0.2488,9,chute
align,backbone,0.1716,-0.0768,9,chute
align,backbone,10.4101,-0.4525,9,chute
align,backbone,5.5156,-0.3432,9,chute
align,backbone,15.8716,-0.4857,9,chute
align,backbone,-9.3633,0.6396,9,chute
align,backbone,-4.6092,0.2020,9,chute
align,backbone,-0.4929,-0.0534,9,chute
align,backbone,-5.3887,0.2555,9,chute
align,backbone,5.4028,-0.3607,9,chute
align,backbone,-6.7562,0.3822,9,chute
align,backbone,-6.5886,0.3787,9,chute
align,backbone,2.1926,-0.1976,9,chute
align,backbone,-6.6619,0.3639,9,chute
align,backbone,2.5017,-0.2334,9,chute
align,backbone,12.9891,-0.4616,9,chute
align,backbone,4.5291,-0.2919,9,chute
align,backbone,-0.7235,-0.0460,9,chute
align,backbone,-0.5820,-0.0494,9,chute
align,backbone,0.5271,-0.1102,9,chute
align,backbone,-0.2509,-0.0800,9,chute
align,backbone,-7.1839,0.4092,9,chute
align,backbone,2.3509,-0.1960,9,chute
align,backbone,0.6284,-0.1073,9,chute
align,backbone,5.4014,-0.3529,9,chute
align,backbone,5.4517,-0.3322,9,chute
align,backbone,-0.6459,-0.0708,9,chute
align,backbone,-6.4190,0.3449,9,chute
align,backbone,13.2689,-0.4883,9,chute
align,backbone,1.5613,-0.1685,9,chute
align,backbone,-7.3864,0.4301,9,chute
align,backbone,-0.1474,-0.0648,9,chute
align,backbone,-6.6219,0.3656,9,chute
align,backbone,8.7096,-0.4278,9,chute
align,backbone,14.0384,-0.4489,9,chute
align,backbone,1.8076,-0.1711,9,chute
align,backbone,-8.3186,0.5571,9,chute
align,backbone,-1.3466,-0.0094,9,chute
align,backbone,-3.7698,0.1416,9,chute
align,backbone,3.8618,-0.2668,9,chute
align,backbone,3.7140,-0.2707,9,chute
align,backbone,-6.3849,0.3477,9,chute
align,backbone,1.5262,-0.1495,9,chute
align,backbone,-3.9267,0.1453,9,chute
align,backbone,-1.6117,0.0091,9,chute
align,backbone,-1.5564,-0.0020,9,chute
align,backbone,3.0439,-0.2292,9,chute
align,backbone,-9.3091,0.6500,9,chute
align,backbone,-6.2236,0.3201,9,chute
align,backbone,-5.4515,0.2700,9,chute
align,backbone,3.1529,-0.2394,9,chute
align,backbone,-1.8148,0.0101,9,chute
align,backbone,-0.0311,-0.0949,9,chute
align,backbone,-8.3526,0.5638,9,chute
align,backbone,-4.5497,0.1881,9,chute
align,backbone,8.3116,-0.4120,9,chute
align,backbone,2.9957,-0.2278,9,chute
align,backbone,-0.0916,-0.0904,9,chute
align,backbone,-5.9574,0.3114,9,chute
align,backbone,-6.3833,0.3143,9,chute
align,backbone,-8.8755,0.5822,9,chute
align,backbone,-1.8841,0.0225,9,chute
align,backbone,0.6942,-0.1287,9,chute
align,backbone,34.1337,9.5426,9,chute
align,backbone,3.4109,-0.2367,9,chute
align,backbone,3.4035,-0.2414,9,chute
align,backbone,11.5046,-0.4708,9,chute
align,backbone,14.8389,-0.4871,9,chute
align,backbone,-2.9116,0.0766,9,chute
align,backbone,-5.3830,0.2714,9,chute
align,backbone,-4.9262,0.2204,9,chute
align,backbone,2.5811,-0.2100,9,chute
align,backbone,-5.7553,0.2790,9,chute
align,backbone,-5.4506,0.2642,9,chute
align,backbone,-5.5313,0.2602,9,chute
align,backbone,-6.7859,0.3724,9,chute
align,backbone,21.0783,10.9630,9,chute
align,backbone,-7.3154,0.4486,9,chute
align,backbone,-0.4986,-0.0587,9,chute
align,backbone,1.0309,-0.1247,9,chute
align,backbone,-3.5630,0.1318,9,chute
align,backbone,-8.0530,0.5110,9,chute
align,backbone,-5.7547,0.3011,9,chute
align,backbone,0.5571,-0.1253,9,chute
align,backbone,-4.7386,0.2101,9,chute
align,backbone,8.1125,-0.4213,9,chute
align,backbone,-8.2303,0.5185,9,chute
align,backbone,-0.6795,-0.0426,9,chute
align,backbone,-4.5783,0.1869,9,chute
align,backbone,13.5693,-0.4693,9,chute
align,backbone,2.3043,-0.2084,9,chute
align,backbone,-3.0407,0.0952,9,chute
align,backbone,-7.1323,0.4122,9,chute
align,backbone,-0.6236,-0.0744,9,chute
align,backbone,1.8446,-0.1749,9,chute
align,backbone,-7.1011,0.4042,9,chute
align,backbone,-6.5966,0.3759,9,chute
align,backbone,-4.6778,0.1910,9,chute
align,backbone,3.5875,-0.2526,9,chute
align,backbone,10.7277,-0.4636,9,chute
align,backbone,-6.3046,0.3381,9,chute
align,backbone,5.6019,-0.3447,9,chute
align,backbone,2.3141,-0.1993,9,chute
align,backbone,-2.1287,0.0433,9,chute
align,backbone,0.5415,-0.1273,9,chute
align,backbone,0.1315,-0.1066,9,chute
align,backbone,-7.0553,0.3838,9,chute
align,backbone,1.8196,-0.1798,9,chute
align,backbone,-2.0068,0.0266,9,chute
align,backbone,-9.1046,0.6028,9,chute
align,backbone,-1.0288,-0.0620,9,chute
align,backbone,-6.1125,0.3039,9,chute
align,backbone,4.1139,-0.2727,9,chute
align,backbone,12.6061,-0.4179,9,chute
align,backbone,10.0357,-0.4547,9,chute
align,backbone,-3.2267,0.1016,9,chute
align,backbone,-0.4421,-0.0749,9,chute
align,backbone,1.3508,-0.1618,9,chute
align,backbone,33.9813,9.7829,9,chute
align,backbone,7.9793,-0.4084,9,chute
align,backbone,-0.9299,-0.0305,9,chute
align,backbone,-8.6685,0.5458,9,chute
align,backbone,1.0118,-0.1321,9,chute
align,backbone,0.9924,-0.1285,9,chute
align,backbone,9.1339,-0.4324,9,chute
align,backbone,-2.7161,0.0797,9,chute
align,backbone,17.9276,-0.3995,9,chute
align,backbone,-6.4295,0.3495,9,chute
align,backbone,-8.8326,0.5684,9,chute
align,backbone,-7.7682,0.4742,9,chute
align,backbone,3.7975,-0.2700,9,chute
align,backbone,43.6693,5.7811,9,chute
align,backbone,-5.6303,0.2768,9,chute
align,backbone,12.0299,-0.4689,9,chute
align,backbone,-7.3683,0.4357,9,chute
align,backbone,-1.3815,0.0104,9,chute
align,backbone,3.2294,-0.2559,9,chute
align,backbone,-2.7647,0.0740,9,chute
align,backbone,-10.3526,0.7931,9,chute
align,backbone,1.8368,-0.1716,9,chute
align,backbone,-7.2539,0.4150,9,chute
align,backbone,11.7311,-0.4572,9,chute
align,backbone,6.4665,-0.3783,9,chute
align,backbone,1.3695,-0.1245,9,chute
align,backbone,2.7397,-0.2149,9,chute
align,backbone,6.1349,-0.3778,9,chute
align,backbone,3.8917,-0.2756,9,chute
align,backbone,-7.0313,0.4051,9,chute
align,backbone,1.0477,-0.1457,9,chute
align,backbone,9.5663,-0.4420,9,chute
align,backbone,-0.9294,-0.0387,9,chute
align,backbone,2.7921,-0.2097,9,chute
align,backbone,1.0368,-0.1574,9,chute
align,backbone,-7.1525,0.4259,9,chute
align,backbone,0.0609,-0.1007,9,chute
align,backbone,-3.8218,0.1430,9,chute
align,backbone,8.6924,-0.4249,9,chute
align,backbone,-9.8068,0.6917,9,chute
align,backbone,1.9802,-0.1796,9,chute
epi,projector,1.0394,-0.8147,0,tench
epi,projector,1.4403,-0.9160,0,tench
epi,projector,2.7022,-2.2936,0,tench
epi,projector,1.8305,-1.1964,0,tench
epi,projector,1.4956,-1.0625,0,tench
epi,projector,2.1871,-1.7178,0,tench
epi,projector,1.3565,-1.0928,0,tench
epi,projector,1.7874,-1.1594,0,tench
epi,projector,1.9568,-1.2524,0,tench
epi,projector,2.9640,-2.4374,0,tench
epi,projector,0.8383,-0.3859,0,tench
epi,projector,0.5721,-0.5952,0,tench
epi,projector,1.9316,-1.4387,0,tench
epi,projector,1.2197,-0.6191,0,tench
epi,projector,1.8539,-1.2504,0,tench
epi,projector,2.7768,-2.4084,0,tench
epi,projector,-0.2743,-0.3894,0,tench
epi,projector,1.4647,-0.8634,0,tench
epi,projector,1.9208,-1.3002,0,tench
epi,projector,1.8307,-1.2487,0,tench
epi,projector,1.2625,-0.7049,0,tench
epi,projector,0.1024,-0.1055,0,tench
epi,projector,2.6701,-2.2384,0,tench
epi,projector,1.6287,-1.1335,0,tench
epi,projector,1.0946,-0.8042,0,tench
epi,projector,1.9109,-1.7938,0,tench
epi,projector,2.2298,-1.8267,0,tench
epi,projector,1.9163,-1.8136,0,tench
epi,projector,1.9423,-1.2754,0,tench
epi,projector,2.0286,-1.8004,0,tench
epi,projector,1.4635,-0.8709,0,tench
epi,projector,1.5412,-1.0162,0,tench
epi,projector,2.7115,-2.2776,0,tench
epi,projector,2.6154,-2.1795,0,tench
epi,projector,-0.1210,-0.2406,0,tench
epi,projector,2.0866,-1.4895,0,tench
epi,projector,2.0146,-2.0288,0,tench
epi,projector,1.4220,-0.8261,0,tench
epi,projector,1.6833,-1.0688,0,tench
epi,projector,1.7437,-1.0900,0,tench
epi,projector,1.7729,-1.2809,0,tench
epi,projector,1.8838,-1.2242,0,tench
epi,projector,1.9897,-1.3126,0,tench
epi,projector,1.1596,-0.6848,0,tench
epi,projector,2.3276,-1.9109,0,tench
epi,projector,1.9119,-1.1539,0,tench
epi,projector,1.4111,-0.7898,0,tench
epi,projector,1.3276,-0.8114,0,tench
epi,projector,1.9550,-1.4431,0,tench
epi,projector,1.4370,-0.9569,0,tench
epi,projector,1.5307,-1.0750,0,tench
epi,projector,1.5145,-0.9252,0,tench
epi,projector,1.4320,-1.0046,0,tench
epi,projector,1.8600,-1.4135,0,tench
epi,projector,1.9568,-1.7436,0,tench
epi,projector,1.4900,-0.9871,0,tench
epi,projector,1.4096,-0.9120,0,tench
epi,projector,1.5948,-0.9540,0,tench
epi,projector,1.3244,-0.8086,0,tench
epi,projector,1.1183,-0.6242,0,tench
epi,projector,1.0749,-0.5167,0,tench
epi,projector,1.3394,-0.8024,0,tench
epi,projector,2.4026,-1.9282,0,tench
epi,projector,2.0109,-1.3887,0,tench
epi,projector,2.8531,-2.3751,0,tench
epi,projector,1.9618,-1.2990,0,tench
epi,projector,1.8658,-1.8136,0,tench
epi,projector,1.0951,-0.8536,0,tench
epi,projector,1.7935,-1.5981,0,tench
epi,projector,2.4588,-2.0601,0,tench
epi,projector,1.3186,-0.7763,0,tench
epi,projector,1.0222,-0.5262,0,tench
epi,projector,1.5485,-0.9616,0,tench
epi,projector,1.7135,-1.1486,0,tench
epi,projector,0.9539,-0.5317,0,tench
epi,projector,1.9113,-1.8578,0,tench
epi,projector,1.7067,-1.3104,0,tench
epi,projector,2.8709,-2.4073,0,tench
epi,projector,1.5561,-1.2394,0,tench
epi,projector,1.7690,-1.5054,0,tench
epi,projector,1.7564,-1.1586,0,tench
epi,projector,1.9149,-1.2883,0,tench
epi,projector,0.7839,-0.1617,0,tench
epi,projector,1.9469,-1.9060,0,tench
epi,projector,1.2185,-0.6502,0,tench
epi,projector,1.3929,-0.9423,0,tench
epi,projector,1.4926,-0.8707,0,tench
epi,projector,1.6042,-1.0744,0,tench
epi,projector,1.4705,-1.1945,0,tench
epi,projector,1.6996,-1.1131,0,tench
epi,projector,1.0929,-0.8709,0,tench
epi,projector,1.9373,-1.2227,0,tench
epi,projector,1.6162,-1.3391,0,tench
epi,projector,1.3657,-0.6456,0,tench
epi,projector,0.8679,-0.3416,0,tench
epi,projector,0.6312,-0.5216,0,tench
epi,projector,1.2752,-0.7714,0,tench
epi,projector,1.8401,-1.2099,0,tench
epi,projector,2.0398,-1.4934,0,tench
epi,projector,1.7269,-1.2530,0,tench
epi,projector,1.6393,-1.0281,0,tench
epi,projector,0.7784,-0.3801,0,tench
epi,projector,1.1682,-0.5665,0,tench
epi,projector,1.8664,-1.5906,0,tench
epi,projector,1.7982,-1.2466,0,tench
epi,projector,1.5674,-1.0480,0,tench
epi,projector,1.0172,-0.5989,0,tench
epi,projector,2.5587,-2.1056,0,tench
epi,projector,1.5357,-0.8943,0,tench
epi,projector,1.3493,-0.8783,0,tench
epi,projector,2.8913,-2.3871,0,tench
epi,projector,1.0887,-0.5671,0,tench
epi,projector,2.0502,-2.0875,0,tench
epi,projector,-0.2818,0.1649,0,tench
epi,projector,1.1089,-0.2783,0,tench
epi,projector,2.0091,-1.3376,0,tench
epi,projector,1.1737,-0.6644,0,tench
epi,projector,1.4488,-0.9254,0,tench
epi,projector,1.5182,-1.0106,0,tench
epi,projector,1.7507,-1.1981,0,tench
epi,projector,1.9986,-1.3200,0,tench
epi,projector,2.0672,-1.3310,0,tench
epi,projector,1.2589,-1.0720,0,tench
epi,projector,1.3970,-0.8363,0,tench
epi,projector,1.5949,-0.9528,0,tench
epi,projector,2.0335,-1.3889,0,tench
epi,projector,2.5828,-2.1930,0,tench
epi,projector,1.5900,-1.0041,0,tench
epi,projector,1.9131,-1.2288,0,tench
epi,projector,1.7091,-1.1401,0,tench
epi,projector,1.7719,-1.2891,0,tench
epi,projector,1.9360,-1.4761,0,tench
epi,projector,1.2831,-0.5440,0,tench
epi,projector,1.5285,-0.9296,0,tench
epi,projector,2.5728,-2.0811,0,tench
epi,projector,1.7744,-1.1552,0,tench
epi,projector,1.4086,-0.9733,0,tench
epi,projector,3.0579,-2.4973,0,tench
epi,projector,1.3598,-0.7161,0,tench
epi,projector,1.4572,-0.9416,0,tench
epi,projector,0.9657,-0.8444,0,tench
epi,projector,1.1496,-0.7222,0,tench
epi,projector,2.2165,-1.9015,0,tench
epi,projector,2.0079,-1.6183,0,tench
epi,projector,1.3505,-0.9289,0,tench
epi,projector,0.8298,-0.4784,0,tench
epi,projector,0.1983,-0.6027,0,tench
epi,projector,1.2592,-0.7833,0,tench
epi,projector,1.1853,-0.7658,0,tench
epi,projector,1.7013,-1.0308,0,tench
epi,projector,1.1613,-0.6885,0,tench
epi,projector,0.6065,0.7802,0,tench
epi,projector,1.5072,-0.9764,0,tench
epi,projector,0.4828,-0.0842,0,tench
epi,projector,1.3850,-0.8785,0,tench
epi,projector,1.8709,-1.2027,0,tench
epi,projector,0.5764,-0.4259,0,tench
epi,projector,2.3698,-1.9314,0,tench
epi,projector,2.8307,-2.3505,0,tench
epi,projector,1.6426,-0.9601,0,tench
epi,projector,0.7824,-0.2519,0,tench
epi,projector,0.6682,-0.2115,0,tench
epi,projector,0.7558,-0.3511,0,tench
epi,projector,1.5905,-0.7607,0,tench
epi,projector,1.4680,-0.9089,0,tench
epi,projector,1.3394,-0.9119,0,tench
epi,projector,0.9264,0.0956,0,tench
epi,projector,1.2745,-0.9495,0,tench
epi,projector,1.8968,-1.7599,0,tench
epi,projector,2.9580,-2.3690,0,tench
epi,projector,1.1045,-0.7455,0,tench
epi,projector,0.0681,-0.2488,0,tench
epi,projector,2.8804,-2.4121,0,tench
epi,projector,1.4326,-0.8852,0,tench
epi,projector,0.4460,0.6500,0,tench
epi,projector,1.4812,-1.0313,0,tench
epi,projector,1.5026,-0.7736,0,tench
epi,projector,1.5859,-0.9953,0,tench
epi,projector,1.5694,-0.9718,0,tench
epi,projector,1.6869,-1.1676,0,tench
epi,projector,1.9578,-1.4265,0,tench
epi,projector,1.5342,-0.9991,0,tench
epi,projector,1.9577,-1.2430,0,tench
epi,projector,1.9737,-1.2776,0,tench
epi,projector,2.1425,-1.6865,0,tench
epi,projector,1.6070,-1.2859,0,tench
epi,projector,1.9317,-1.8448,0,tench
epi,projector,1.9755,-1.5638,0,tench
epi,projector,1.2517,-0.7470,0,tench
epi,projector,0.9217,-0.6761,0,tench
epi,projector,1.8110,-1.3967,0,tench
epi,projector,1.7177,-1.3548,0,tench
epi,projector,2.6896,-2.2375,0,tench
epi,projector,1.9016,-1.2763,0,tench
epi,projector,2.0212,-1.8800,0,tench
epi,projector,0.5297,0.2020,0,tench
epi,projector,2.4162,-2.0425,0,tench
epi,projector,1.9297,-1.2916,0,tench
epi,projector,1.9288,-1.6790,0,tench
epi,projector,1.6714,-1.0757,0,tench
epi,projector,1.2066,-0.4104,0,tench
epi,projector,1.4351,-0.9414,0,tench
epi,projector,1.5176,-0.8827,0,tench
epi,projector,1.9770,-1.4736,0,tench
epi,projector,1.3812,-0.8466,0,tench
epi,projector,1.2897,-0.7099,0,tench
epi,projector,1.4558,-0.9000,0,tench
epi,projector,1.1544,-0.5140,0,tench
epi,projector,2.8014,-2.3483,0,tench
epi,projector,0.8565,-0.2702,0,tench
epi,projector,1.3637,-0.6437,0,tench
epi,projector,1.8815,-1.4442,0,tench
epi,projector,0.1691,-0.2273,0,tench
epi,projector,1.4521,-0.8426,0,tench
epi,projector,0.9899,-0.2296,0,tench
epi,projector,1.7172,-1.0733,0,tench
epi,projector,1.6934,-1.0247,0,tench
epi,projector,1.7450,-1.6266,0,tench
epi,projector,1.6498,-1.4392,0,tench
epi,projector,1.2393,-0.8125,0,tench
epi,projector,1.5637,-1.1743,0,tench
epi,projector,2.8051,-2.3773,0,tench
epi,projector,1.5846,-0.9537,0,tench
epi,projector,1.8827,-1.5925,0,tench
epi,projector,1.0560,-0.6193,0,tench
epi,projector,1.4128,-0.9698,0,tench
epi,projector,2.0445,-1.5232,0,tench
epi,projector,1.3614,-0.8118,0,tench
epi,projector,1.0604,-0.5127,0,tench
epi,projector,3.0072,-2.5401,0,tench
epi,projector,1.8217,-1.4510,0,tench
epi,projector,1.2312,-0.7035,0,tench
epi,projector,1.1174,-0.6274,0,tench
epi,projector,1.1690,-0.7469,0,tench
epi,projector,1.8177,-1.2614,0,tench
epi,projector,1.8128,-1.2733,0,tench
epi,projector,0.7944,-0.2033,0,tench
epi,projector,1.8056,-1.4693,0,tench
epi,projector,0.9191,0.0143,0,tench
epi,projector,1.7198,-1.5121,0,tench
epi,projector,1.1139,-0.7472,0,tench
epi,projector,1.2401,-0.8166,0,tench
epi,projector,1.9269,-1.6404,0,tench
epi,projector,1.8388,-1.6640,0,tench
epi,projector,0.7530,-0.2237,0,tench
epi,projector,0.5742,-0.1349,0,tench
epi,projector,1.6570,-1.2524,0,tench
epi,projector,1.6521,-1.2236,0,tench
epi,projector,2.0628,-1.8763,0,tench
epi,projector,1.6950,-1.1570,0,tench
epi,projector,0.7498,0.1283,0,tench
epi,projector,0.2227,1.4574,0,tench
epi,projector,0.2395,-0.1721,0,tench
epi,projector,1.7935,-1.2793,0,tench
epi,projector,1.0071,-0.4760,0,tench
epi,projector,1.7641,-1.1332,0,tench
epi,projector,2.5540,-2.0217,0,tench
epi,projector,1.1699,-0.3879,0,tench
epi,projector,1.9556,-1.8546,0,tench
epi,projector,1.9107,-1.3618,0,tench
epi,projector,1.3898,-1.0619,0,tench
epi,projector,1.3431,-0.8685,0,tench
epi,projector,2.3004,-1.8627,0,tench
epi,projector,1.6005,-1.0225,0,tench
epi,projector,2.5198,-2.0305,0,tench
epi,projector,1.5080,-1.0405,0,tench
epi,projector,1.7242,-1.0529,0,tench
epi,projector,2.0514,-2.0788,0,tench
epi,projector,0.4319,-0.5830,0,tench
epi,projector,1.9803,-1.8497,0,tench
epi,projector,1.6696,-1.1219,0,tench
epi,projector,1.4945,-0.8681,0,tench
epi,projector,1.3172,-0.8519,0,tench
epi,projector,1.9316,-1.7904,0,tench
epi,projector,1.1918,-0.8953,0,tench
epi,projector,1.1582,-0.2911,0,tench
epi,projector,2.7457,-2.3008,0,tench
epi,projector,1.0931,-0.7848,0,tench
epi,projector,1.7227,-1.5723,0,tench
epi,projector,0.7912,-0.2033,0,tench
epi,projector,1.0017,-0.5846,0,tench
epi,projector,1.6736,-1.0122,0,tench
epi,projector,1.2860,-0.8062,0,tench
epi,projector,2.2105,-1.5662,0,tench
epi,projector,1.3920,-0.7081,0,tench
epi,projector,1.5660,-1.0544,0,tench
epi,projector,1.5366,-0.8665,0,tench
epi,projector,1.9083,-1.2962,0,tench
epi,projector,1.3305,-0.5717,0,tench
epi,projector,2.0643,-1.4094,0,tench
epi,projector,1.7737,-1.5982,0,tench
epi,projector,1.8830,-1.7616,0,tench
epi,projector,2.1223,-1.5413,0,tench
epi,projector,0.8303,-0.6755,0,tench
epi,projector,2.0204,-1.7049,0,tench
epi,projector,1.0577,-0.7421,0,tench
epi,projector,1.8477,-1.2303,0,tench
epi,projector,-0.2647,-0.7475,0,tench
epi,projector,1.6470,-1.0737,0,tench
epi,projector,1.4591,-0.8425,0,tench
epi,projector,0.5759,-0.9298,0,tench
epi,projector,1.4522,-0.8164,0,tench
epi,projector,1.4412,-1.0665,0,tench
epi,projector,2.8813,-2.3819,0,tench
epi,projector,1.6134,-1.0547,0,tench
epi,projector,0.6066,-0.2742,0,tench
epi,projector,1.4826,-1.0865,0,tench
epi,projector,1.6207,-0.9970,0,tench
epi,projector,2.0154,-1.3832,0,tench
epi,projector,1.0869,-0.5288,0,tench
epi,projector,0.5318,-0.5070,0,tench
epi,projector,1.2569,-0.7173,0,tench
epi,projector,0.7103,0.3148,0,tench
epi,projector,1.6630,-1.0471,0,tench
epi,projector,0.6598,-0.2821,0,tench
epi,projector,1.0057,-0.5518,0,tench
epi,projector,1.9235,-1.8359,0,tench
epi,projector,0.5262,-0.3036,0,tench
epi,projector,0.9691,-0.3905,0,tench
epi,projector,1.5281,-1.0088,0,tench
epi,projector,1.5438,-1.4078,0,tench
epi,projector,1.9053,-1.3709,0,tench
epi,projector,1.3538,-0.9017,0,tench
epi,projector,1.8810,-1.1528,0,tench
epi,projector,2.3702,-1.9394,0,tench
epi,projector,2.0819,-1.4399,0,tench
epi,projector,1.9719,-1.6564,0,tench
epi,projector,0.3881,0.3526,0,tench
epi,projector,0.6168,-0.0062,0,tench
epi,projector,2.9803,-2.4770,0,tench
epi,projector,1.3829,-0.7875,0,tench
epi,projector,1.3236,-0.8543,0,tench
epi,projector,1.7596,-1.0489,0,tench
epi,projector,1.6176,-1.0681,0,tench
epi,projector,1.9768,-1.9617,0,tench
epi,projector,1.9880,-1.4760,0,tench
epi,projector,2.6372,-2.1649,0,tench
epi,projector,1.0722,-0.7576,0,tench
epi,projector,0.6377,-0.0628,0,tench
epi,projector,2.0302,-1.4360,0,tench
epi,projector,0.7636,-0.0030,0,tench
epi,projector,2.1172,-1.4751,0,tench
epi,projector,0.9655,-0.8313,0,tench
epi,projector,1.9963,-1.2175,0,tench
epi,projector,2.6221,-2.0855,0,tench
epi,projector,2.9488,-2.3633,0,tench
epi,projector,0.5578,-0.0484,0,tench
epi,projector,1.6604,-1.1807,0,tench
epi,projector,1.3876,-0.8310,0,tench
epi,projector,1.9369,-1.3799,0,tench
epi,projector,1.3831,-0.8386,0,tench
epi,projector,1.2636,-0.8326,0,tench
epi,projector,2.6428,-2.1787,0,tench
epi,projector,2.7117,-2.2642,0,tench
epi,projector,1.6108,-1.0562,0,tench
epi,projector,1.5290,-0.9305,0,tench
epi,projector,1.7753,-1.0932,0,tench
epi,projector,1.4884,-0.8925,0,tench
epi,projector,1.6510,-1.1689,0,tench
epi,projector,2.1971,-1.7354,0,tench
epi,projector,1.1278,-0.5067,0,tench
epi,projector,2.0378,-1.7326,0,tench
epi,projector,1.7683,-1.6433,0,tench
epi,projector,1.0976,-0.6320,0,tench
epi,projector,2.6017,-2.1585,0,tench
epi,projector,1.5416,-1.2840,0,tench
epi,projector,1.7060,-1.6403,0,tench
epi,projector,1.3788,-0.8333,0,tench
epi,projector,1.5134,-0.7395,0,tench
epi,projector,0.8900,-0.4425,0,tench
epi,projector,1.5537,-0.9545,0,tench
epi,projector,1.4434,-0.8205,0,tench
epi,projector,1.8503,-1.1703,0,tench
epi,projector,2.7134,-2.2065,0,tench
epi,projector,1.7295,-1.1349,0,tench
epi,projector,1.6008,-1.1888,0,tench
epi,projector,1.9136,-1.7113,0,tench
epi,projector,1.7583,-1.0837,0,tench
epi,projector,1.4424,-0.9440,0,tench
epi,projector,1.9375,-1.8322,0,tench
epi,projector,1.6551,-1.0073,0,tench
epi,projector,1.7661,-1.3200,0,tench
epi,projector,1.3558,-0.9592,0,tench
epi,projector,1.5875,-1.1310,0,tench
epi,projector,1.5440,-1.1356,0,tench
epi,projector,1.6842,-1.1467,0,tench
epi,projector,1.7938,-1.1160,0,tench
epi,projector,1.8599,-0.7485,1,springer
epi,projector,1.7800,-0.5685,1,springer
epi,projector,0.9429,-0.1273,1,springer
epi,projector,1.3579,-0.5817,1,springer
epi,projector,0.2248,-0.0121,1,springer
epi,projector,0.7845,0.2748,1,springer
epi,projector,-0.1032,-0.1742,1,springer
epi,projector,0.4899,0.0689,1,springer
epi,projector,1.1262,-0.5026,1,springer
epi,projector,0.6179,-0.1303,1,springer
epi,projector,1.0032,-0.8227,1,springer
epi,projector,0.6869,-0.0586,1,springer
epi,projector,0.9652,-0.0607,1,springer
epi,projector,0.6534,-0.1235,1,springer
epi,projector,0.2310,-0.6267,1,springer
epi,projector,0.7738,0.3186,1,springer
epi,projector,0.7164,-0.0552,1,springer
epi,projector,1.5169,-0.4439,1,springer
epi,projector,0.7217,0.0262,1,springer
epi,projector,1.0406,-0.0425,1,springer
epi,projector,1.8092,-0.5870,1,springer
epi,projector,1.8886,-0.6696,1,springer
epi,projector,0.7389,-0.0121,1,springer
epi,projector,0.7001,0.1213,1,springer
epi,projector,0.8612,0.1193,1,springer
epi,projector,1.8325,-0.6901,1,springer
epi,projector,1.1300,-0.4987,1,springer
epi,projector,0.3979,0.3042,1,springer
epi,projector,1.3723,-0.7580,1,springer
epi,projector,1.4704,-0.5261,1,springer
epi,projector,1.0202,-0.6518,1,springer
epi,projector,1.3190,-0.9624,1,springer
epi,projector,1.8102,-0.6024,1,springer
epi,projector,0.6848,-0.4301,1,springer
epi,projector,0.7949,-0.0664,1,springer
epi,projector,0.9792,-0.2749,1,springer
epi,projector,0.2428,0.4581,1,springer
epi,projector,1.0834,-0.0534,1,springer
epi,projector,0.0547,-0.1899,1,springer
epi,projector,0.5531,-0.0154,1,springer
epi,projector,0.2337,-0.5312,1,springer
epi,projector,0.6079,-0.8479,1,springer
epi,projector,0.7320,-0.7216,1,springer
epi,projector,0.5163,0.2672,1,springer
epi,projector,1.9317,-0.8508,1,springer
epi,projector,-0.1056,0.7173,1,springer
epi,projector,0.4207,-0.5972,1,springer
epi,projector,1.0703,-0.1779,1,springer
epi,projector,1.6262,-0.7371,1,springer
epi,projector,0.5396,-0.3576,1,springer
epi,projector,0.8726,-0.7026,1,springer
epi,projector,-0.0889,-0.6982,1,springer
epi,projector,1.0009,-0.1372,1,springer
epi,projector,0.3170,-0.6164,1,springer
epi,projector,-0.0174,0.1728,1,springer
epi,projector,0.9312,-0.1934,1,springer
epi,projector,0.2722,0.2206,1,springer
epi,projector,0.2428,-0.0687,1,springer
epi,projector,0.8927,-0.0558,1,springer
epi,projector,0.1280,0.0385,1,springer
epi,projector,0.5682,0.0678,1,springer
epi,projector,-0.1953,-0.5652,1,springer
epi,projector,0.9285,-0.1491,1,springer
epi,projector,0.5790,-0.0648,1,springer
epi,projector,0.3507,-0.7577,1,springer
epi,projector,0.5622,-0.6477,1,springer
epi,projector,0.3652,-0.7955,1,springer
epi,projector,1.4773,-0.4877,1,springer
epi,projector,0.5499,0.0554,1,springer
epi,projector,1.8607,-0.7458,1,springer
epi,projector,0.4683,-0.0051,1,springer
epi,projector,0.6060,-0.2496,1,springer
epi,projector,1.9576,-0.7115,1,springer
epi,projector,0.7417,-0.1496,1,springer
epi,projector,0.0948,-0.6997,1,springer
epi,projector,1.6681,-0.5211,1,springer
epi,projector,0.8747,-0.0538,1,springer
epi,projector,1.2170,-0.3811,1,springer
epi,projector,1.3940,-0.8039,1,springer
epi,projector,1.9806,0.1234,1,springer
epi,projector,1.4876,-0.7738,1,springer
epi,projector,1.0914,-0.3578,1,springer
epi,projector,1.0378,-0.2248,1,springer
epi,projector,-0.7661,-0.5428,1,springer
epi,projector,0.9287,-0.1569,1,springer
epi,projector,0.7672,0.2186,1,springer
epi,projector,0.9001,-0.6867,1,springer
epi,projector,1.7281,-0.4899,1,springer
epi,projector,1.5799,-0.9670,1,springer
epi,projector,0.8685,-0.5620,1,springer
epi,projector,0.1155,0.2520,1,springer
epi,projector,-0.7425,-0.5990,1,springer
epi,projector,0.8261,-0.0692,1,springer
epi,projector,1.0386,-0.2531,1,springer
epi,projector,0.8886,-0.0888,1,springer
epi,projector,0.4962,0.0418,1,springer
epi,projector,1.7499,-0.7278,1,springer
epi,projector,0.4293,-0.4285,1,springer
epi,projector,0.5739,-0.0172,1,springer
epi,projector,0.6529,0.0131,1,springer
epi,projector,0.8162,-0.2753,1,springer
epi,projector,1.2980,-0.3727,1,springer
epi,projector,0.7850,-0.0906,1,springer
epi,projector,0.9826,-0.0119,1,springer
epi,projector,1.1571,-0.3957,1,springer
epi,projector,1.3390,-0.4685,1,springer
epi,projector,0.7595,-0.0609,1,springer
epi,projector,0.8681,0.0192,1,springer
epi,projector,1.7265,-0.6488,1,springer
epi,projector,1.0273,-0.3123,1,springer
epi,projector,0.8601,-0.9414,1,springer
epi,projector,1.6001,-0.7750,1,springer
epi,projector,1.9841,-0.7796,1,springer
epi,projector,1.1654,-0.4136,1,springer
epi,projector,0.1889,-0.6783,1,springer
epi,projector,0.5710,-0.6407,1,springer
epi,projector,0.2742,-0.1512,1,springer
epi,projector,1.9602,-0.5314,1,springer
epi,projector,1.2035,-0.6262,1,springer
epi,projector,0.9728,-0.2533,1,springer
epi,projector,1.0188,-0.2745,1,springer
epi,projector,1.9521,-0.7135,1,springer
epi,projector,0.9876,-0.1530,1,springer
epi,projector,0.0663,-0.6622,1,springer
epi,projector,1.2257,-0.4596,1,springer
epi,projector,1.0479,-0.1533,1,springer
epi,projector,0.3329,0.5228,1,springer
epi,projector,0.7075,-0.6084,1,springer
epi,projector,2.0905,-0.8354,1,springer
epi,projector,0.0905,0.7537,1,springer
epi,projector,1.2612,-0.3858,1,springer
epi,projector,0.9114,-0.5921,1,springer
epi,projector,1.0513,-0.0973,1,springer
epi,projector,0.9271,-0.0120,1,springer
epi,projector,1.7810,-0.7094,1,springer
epi,projector,1.8384,-0.5740,1,springer
epi,projector,1.0815,-0.2521,1,springer
epi,projector,0.4565,0.0804,1,springer
epi,projector,0.8998,-0.0386,1,springer
epi,projector,0.6860,-0.1537,1,springer
epi,projector,2.0292,-0.6487,1,springer
epi,projector,0.5452,-0.0860,1,springer
epi,projector,0.9002,-0.2409,1,springer
epi,projector,1.1629,-0.2678,1,springer
epi,projector,1.4499,-0.7809,1,springer
epi,projector,-1.3443,-0.6555,1,springer
epi,projector,0.3951,-0.6608,1,springer
epi,projector,1.6237,-0.7402,1,springer
epi,projector,0.5334,-0.1367,1,springer
epi,projector,0.9082,-0.0523,1,springer
epi,projector,1.0023,-0.2384,1,springer
epi,projector,1.6722,-0.7527,1,springer
epi,projector,1.7354,-0.5405,1,springer
epi,projector,-0.1638,-0.0958,1,springer
epi,projector,2.0678,-0.5320,1,springer
epi,projector,0.0978,-0.5000,1,springer
epi,projector,0.5076,-0.6869,1,springer
epi,projector,-0.0974,-0.0853,1,springer
epi,projector,1.7122,-0.5833,1,springer
epi,projector,0.2869,-0.3325,1,springer
epi,projector,0.5884,-0.7898,1,springer
epi,projector,0.8356,-0.0897,1,springer
epi,projector,0.9624,-0.3031,1,springer
epi,projector,0.7072,-0.0842,1,springer
epi,projector,1.1728,-0.3153,1,springer
epi,projector,1.3393,-0.5219,1,springer
epi,projector,0.5062,-0.0414,1,springer
epi,projector,1.0287,-0.0635,1,springer
epi,projector,0.7146,-0.7362,1,springer
epi,projector,0.8668,0.0401,1,springer
epi,projector,0.6239,0.4072,1,springer
epi,projector,0.6300,0.0033,1,springer
epi,projector,0.8438,-0.1780,1,springer
epi,projector,1.0653,-0.1978,1,springer
epi,projector,0.8136,0.2252,1,springer
epi,projector,0.2997,-0.5893,1,springer
epi,projector,0.9309,-0.1386,1,springer
epi,projector,0.4119,-0.0485,1,springer
epi,projector,0.8750,0.1083,1,springer
epi,projector,0.6786,-0.0733,1,springer
epi,projector,1.9666,-0.6171,1,springer
epi,projector,1.2374,-0.3344,1,springer
epi,projector,0.3744,-0.6202,1,springer
epi,projector,1.1779,-0.7208,1,springer
epi,projector,0.5951,0.2852,1,springer
epi,projector,1.0188,-0.5683,1,springer
epi,projector,1.4678,-0.8109,1,springer
epi,projector,1.6297,-0.6007,1,springer
epi,projector,1.5791,-0.5159,1,springer
epi,projector,0.8753,-0.3811,1,springer
epi,projector,0.9781,-0.2679,1,springer
epi,projector,0.2530,0.7499,1,springer
epi,projector,-0.0894,0.1115,1,springer
epi,projector,1.7761,-0.6138,1,springer
epi,projector,1.7307,-0.7226,1,springer
epi,projector,1.6126,-0.5812,1,springer
epi,projector,0.0951,-0.0797,1,springer
epi,projector,1.3255,-0.5023,1,springer
epi,projector,0.8784,-0.5883,1,springer
epi,projector,0.4765,0.2618,1,springer
epi,projector,0.8154,-0.2126,1,springer
epi,projector,0.5680,-0.1763,1,springer
epi,projector,1.5890,-0.5749,1,springer
epi,projector,1.1064,-0.4568,1,springer
epi,projector,1.0696,-0.8946,1,springer
epi,projector,1.4402,-0.4463,1,springer
epi,projector,1.3830,-0.7852,1,springer
epi,projector,-0.0078,-0.0814,1,springer
epi,projector,0.1656,-0.6104,1,springer
epi,projector,0.8464,0.1351,1,springer
epi,projector,1.7810,-0.5030,1,springer
epi,projector,1.0296,-0.2038,1,springer
epi,projector,0.5841,-0.1501,1,springer
epi,projector,0.8687,-0.1185,1,springer
epi,projector,0.6157,0.0088,1,springer
epi,projector,-0.1932,0.3219,1,springer
epi,projector,1.9129,-0.5518,1,springer
epi,projector,0.0422,0.2234,1,springer
epi,projector,0.7297,-0.2962,1,springer
epi,projector,1.8298,-0.4173,1,springer
epi,projector,0.7132,0.3157,1,springer
epi,projector,0.7422,-0.2029,1,springer
epi,projector,0.4850,0.6617,1,springer
epi,projector,1.2031,-0.6324,1,springer
epi,projector,1.5502,-0.8176,1,springer
epi,projector,1.0142,-0.7754,1,springer
epi,projector,1.2107,-0.6277,1,springer
epi,projector,-0.1515,-0.7013,1,springer
epi,projector,0.0863,0.1781,1,springer
epi,projector,0.3029,-0.4141,1,springer
epi,projector,0.9643,-0.1737,1,springer
epi,projector,0.3089,0.4367,1,springer
epi,projector,1.7852,-0.5387,1,springer
epi,projector,0.5891,0.1771,1,springer
epi,projector,0.3621,0.1124,1,springer
epi,projector,1.8372,-0.6754,1,springer
epi,projector,0.9537,-0.0632,1,springer
epi,projector,-0.0028,-0.1988,1,springer
epi,projector,0.6051,-0.1910,1,springer
epi,projector,0.8479,-0.1198,1,springer
epi,projector,1.6256,-0.6430,1,springer
epi,projector,0.7065,0.1173,1,springer
epi,projector,0.9756,-0.1859,1,springer
epi,projector,0.8856,-0.1238,1,springer
epi,projector,0.8320,-0.0830,1,springer
epi,projector,0.4671,-0.3351,1,springer
epi,projector,1.3845,-0.6862,1,springer
epi,projector,1.8093,-0.5209,1,springer
epi,projector,-0.2788,-0.4709,1,springer
epi,projector,1.5168,-0.5596,1,springer
epi,projector,1.9137,-0.7726,1,springer
epi,projector,0.2523,-0.2008,1,springer
epi,projector,1.1586,-0.3522,1,springer
epi,projector,-0.1101,-0.2625,1,springer
epi,projector,1.3348,-0.7789,1,springer
epi,projector,1.4432,-0.3114,1,springer
epi,projector,0.9654,-0.7964,1,springer
epi,projector,0.5719,-0.4931,1,springer
epi,projector,0.3042,0.0746,1,springer
epi,projector,0.8597,-0.0878,1,springer
epi,projector,1.3597,-0.6456,1,springer
epi,projector,1.0070,-0.2591,1,springer
epi,projector,1.6232,-0.7618,1,springer
epi,projector,0.9965,-0.0639,1,springer
epi,projector,1.1529,-0.3995,1,springer
epi,projector,0.1820,0.3248,1,springer
epi,projector,0.7204,-0.4562,1,springer
epi,projector,0.8126,-0.1874,1,springer
epi,projector,0.2366,0.5919,1,springer
epi,projector,1.0483,-0.1178,1,springer
epi,projector,1.3690,-0.6831,1,springer
epi,projector,0.4726,0.2377,1,springer
epi,projector,1.7393,-0.5815,1,springer
epi,projector,1.1849,-0.9026,1,springer
epi,projector,1.2633,-0.1678,1,springer
epi,projector,0.6415,-0.3309,1,springer
epi,projector,0.7902,-0.0486,1,springer
epi,projector,0.7287,0.3774,1,springer
epi,projector,0.6162,-0.1263,1,springer
epi,projector,0.6465,-0.0290,1,springer
epi,projector,1.4615,-0.1690,1,springer
epi,projector,1.6345,-0.4514,1,springer
epi,projector,1.5586,-0.5683,1,springer
epi,projector,0.4733,-0.0631,1,springer
epi,projector,0.9671,-0.1282,1,springer
epi,projector,0.7120,0.1082,1,springer
epi,projector,0.9982,-0.6763,1,springer
epi,projector,0.7078,-0.1276,1,springer
epi,projector,1.1325,-0.0825,1,springer
epi,projector,0.7131,0.0239,1,springer
epi,projector,1.1799,-0.6295,1,springer
epi,projector,0.0851,0.2663,1,springer
epi,projector,1.9293,-0.6955,1,springer
epi,projector,1.3860,-0.7099,1,springer
epi,projector,0.7931,0.0102,1,springer
epi,projector,0.7329,0.2546,1,springer
epi,projector,0.6945,0.4194,1,springer
epi,projector,1.2000,-0.3398,1,springer
epi,projector,0.7149,0.2235,1,springer
epi,projector,-0.0274,-0.2506,1,springer
epi,projector,1.1596,-0.3159,1,springer
epi,projector,2.0107,-0.4465,1,springer
epi,projector,0.8173,-0.2731,1,springer
epi,projector,0.7219,-0.2328,1,springer
epi,projector,1.2492,-0.4551,1,springer
epi,projector,1.9961,-0.7355,1,springer
epi,projector,0.7980,-0.0673,1,springer
epi,projector,1.2060,-0.3401,1,springer
epi,projector,0.5079,-0.0447,1,springer
epi,projector,1.2800,-0.4343,1,springer
epi,projector,0.4655,-0.0628,1,springer
epi,projector,0.4456,0.0344,1,springer
epi,projector,1.0788,-0.4600,1,springer
epi,projector,0.7980,-0.1013,1,springer
epi,projector,0.6333,0.2682,1,springer
epi,projector,2.0125,-0.7441,1,springer
epi,projector,0.8302,-0.6243,1,springer
epi,projector,1.4507,-0.6406,1,springer
epi,projector,0.9906,-0.1296,1,springer
epi,projector,1.5314,-0.6307,1,springer
epi,projector,0.8020,-0.1098,1,springer
epi,projector,0.5438,-0.1157,1,springer
epi,projector,0.6337,-0.5584,1,springer
epi,projector,1.5314,-0.7217,1,springer
epi,projector,0.8231,-0.0989,1,springer
epi,projector,1.0060,-0.1297,1,springer
epi,projector,0.1891,-0.7731,1,springer
epi,projector,0.8953,0.0934,1,springer
epi,projector,0.1591,0.0718,1,springer
epi,projector,0.9683,-0.1267,1,springer
epi,projector,0.5229,-0.0588,1,springer
epi,projector,1.2735,-0.5433,1,springer
epi,projector,0.4896,-0.2250,1,springer
epi,projector,0.6161,0.3194,1,springer
epi,projector,0.9194,-0.6628,1,springer
epi,projector,1.2276,0.2244,1,springer
epi,projector,2.0288,-0.6791,1,springer
epi,projector,0.9091,-0.1529,1,springer
epi,projector,1.0335,-0.1364,1,springer
epi,projector,0.9235,-0.1245,1,springer
epi,projector,1.0052,-0.1417,1,springer
epi,projector,-0.8591,-0.5908,1,springer
epi,projector,0.5771,0.1527,1,springer
epi,projector,0.9095,0.1041,1,springer
epi,projector,0.0926,-0.7230,1,springer
epi,projector,0.2464,-0.5946,1,springer
epi,projector,0.6989,0.3065,1,springer
epi,projector,0.3711,0.3670,1,springer
epi,projector,0.8985,-0.6048,1,springer
epi,projector,0.6452,-0.3918,1,springer
epi,projector,0.8484,0.4206,1,springer
epi,projector,1.1718,-0.6210,1,springer
epi,projector,0.9198,-0.0856,1,springer
epi,projector,-0.3777,0.5071,1,springer
epi,projector,1.0431,-0.2138,1,springer
epi,projector,1.4033,-0.5971,1,springer
epi,projector,0.4169,0.0607,1,springer
epi,projector,1.7503,-0.4913,1,springer
epi,projector,0.5314,-0.3315,1,springer
epi,projector,1.5093,-0.7550,1,springer
epi,projector,0.7512,-0.6053,1,springer
epi,projector,0.2363,-0.0897,1,springer
epi,projector,0.1817,-0.6985,1,springer
epi,projector,0.9701,-0.2205,1,springer
epi,projector,0.9635,-0.2431,1,springer
epi,projector,1.9684,-0.7422,1,springer
epi,projector,0.7486,-0.2257,1,springer
epi,projector,1.2783,-0.4148,1,springer
epi,projector,0.6959,0.2199,1,springer
epi,projector,0.6506,-0.1373,1,springer
epi,projector,-0.1472,-0.4465,1,springer
epi,projector,1.3553,-0.2870,1,springer
epi,projector,0.1050,0.3537,1,springer
epi,projector,1.4952,-0.5371,1,springer
epi,projector,0.6651,-0.3067,1,springer
epi,projector,-1.3218,-0.7356,1,springer
epi,projector,0.1864,0.0024,1,springer
epi,projector,1.4427,-0.7887,1,springer
epi,projector,0.9714,-0.1789,1,springer
epi,projector,0.7664,-0.3993,1,springer
epi,projector,0.6232,-0.6723,1,springer
epi,projector,1.5997,-0.7718,1,springer
epi,projector,0.3739,-0.3958,1,springer
epi,projector,1.5963,-0.6405,1,springer
epi,projector,1.3143,-0.5674,1,springer
epi,projector,0.4843,-0.7767,1,springer
epi,projector,1.5047,-0.5411,1,springer
epi,projector,0.6874,-0.0273,1,springer
epi,projector,1.5130,-0.5131,1,springer
epi,projector,1.3028,-0.7487,1,springer
epi,projector,1.1238,-0.4544,1,springer
epi,projector,0.4748,0.3572,1,springer
epi,projector,0.7513,0.1015,1,springer
epi,projector,0.9911,-0.6032,1,springer
epi,projector,0.3127,-0.0211,1,springer
epi,projector,-2.0009,-0.3067,2,cassette
epi,projector,-2.1448,-0.3583,2,cassette
epi,projector,-1.4398,0.0383,2,cassette
epi,projector,-1.2414,-0.2661,2,cassette
epi,projector,-1.1416,0.3980,2,cassette
epi,projector,-0.6185,0.7390,2,cassette
epi,projector,-1.6483,-0.2156,2,cassette
epi,projector,-1.8414,-0.6739,2,cassette
epi,projector,-2.2239,-0.4627,2,cassette
epi,projector,-0.6105,0.6300,2,cassette
epi,projector,0.3314,-0.4126,2,cassette
epi,projector,-0.9816,-0.2641,2,cassette
epi,projector,-1.7876,-0.0933,2,cassette
epi,projector,-1.6441,-0.1871,2,cassette
epi,projector,-1.3204,0.0767,2,cassette
epi,projector,-0.7661,-0.2513,2,cassette
epi,projector,-2.0565,-0.2113,2,cassette
epi,projector,-1.7642,-0.1079,2,cassette
epi,projector,-2.1106,-0.2668,2,cassette
epi,projector,0.1741,0.4349,2,cassette
epi,projector,-0.5655,0.7904,2,cassette
epi,projector,-1.6716,-0.4150,2,cassette
epi,projector,-0.4002,0.7329,2,cassette
epi,projector,-1.8340,0.0051,2,cassette
epi,projector,-2.0240,-0.0666,2,cassette
epi,projector,-1.0249,0.6163,2,cassette
epi,projector,-1.1828,0.3729,2,cassette
epi,projector,-0.7254,0.8913,2,cassette
epi,projector,-1.2262,0.3713,2,cassette
epi,projector,-0.2914,1.0441,2,cassette
epi,projector,-1.7872,-0.0672,2,cassette
epi,projector,-1.6505,-0.2348,2,cassette
epi,projector,-0.2371,1.2088,2,cassette
epi,projector,-1.4375,-0.2011,2,cassette
epi,projector,-0.2236,1.4068,2,cassette
epi,projector,-1.8082,-0.4787,2,cassette
epi,projector,0.0408,0.3246,2,cassette
epi,projector,-0.9414,0.6163,2,cassette
epi,projector,-0.7544,0.6966,2,cassette
epi,projector,-0.0925,-0.2175,2,cassette
epi,projector,0.1528,0.5367,2,cassette
epi,projector,-1.6719,0.0069,2,cassette
epi,projector,-1.6422,-0.1466,2,cassette
epi,projector,-0.9324,0.5999,2,cassette
epi,projector,-1.6674,0.0367,2,cassette
epi,projector,-1.7358,-0.4432,2,cassette
epi,projector,-0.7445,0.8061,2,cassette
epi,projector,-1.8934,-0.4408,2,cassette
epi,projector,-0.7027,0.8149,2,cassette
epi,projector,-1.9957,-0.1838,2,cassette
epi,projector,-2.0220,-0.0182,2,cassette
epi,projector,-1.1706,0.3663,2,cassette
epi,projector,-2.0586,-0.1805,2,cassette
epi,projector,-1.1608,0.5376,2,cassette
epi,projector,-2.2261,-0.1237,2,cassette
epi,projector,-1.8497,-0.5176,2,cassette
epi,projector,-1.2498,0.0828,2,cassette
epi,projector,-1.2351,0.4364,2,cassette
epi,projector,-0.6087,0.7700,2,cassette
epi,projector,-0.6869,-0.1224,2,cassette
epi,projector,-1.9061,-0.1809,2,cassette
epi,projector,-1.2527,0.0283,2,cassette
epi,projector,-1.2561,0.5439,2,cassette
epi,projector,-0.4802,-0.3810,2,cassette
epi,projector,-1.1966,0.2788,2,cassette
epi,projector,-1.5708,-0.2399,2,cassette
epi,projector,-0.6756,-0.1102,2,cassette
epi,projector,-0.7550,0.1155,2,cassette
epi,projector,-1.3761,-0.0332,2,cassette
epi,projector,-1.2685,-0.4246,2,cassette
epi,projector,-0.9112,-0.0001,2,cassette
epi,projector,-1.5142,0.1176,2,cassette
epi,projector,0.5322,-0.0104,2,cassette
epi,projector,-0.4114,-0.3732,2,cassette
epi,projector,-1.8839,-0.2639,2,cassette
epi,projector,-1.1615,-0.2471,2,cassette
epi,projector,-0.1191,0.5931,2,cassette
epi,projector,0.2944,0.4184,2,cassette
epi,projector,-1.9708,-0.0785,2,cassette
epi,projector,-1.4439,0.2015,2,cassette
epi,projector,0.3433,0.0330,2,cassette
epi,projector,0.6720,-0.6502,2,cassette
epi,projector,-1.8546,-0.1273,2,cassette
epi,projector,-1.6900,-0.0172,2,cassette
epi,projector,-1.7711,-0.0910,2,cassette
epi,projector,-2.0322,-0.1856,2,cassette
epi,projector,-1.6493,-0.1834,2,cassette
epi,projector,-1.2514,-0.2108,2,cassette
epi,projector,-1.7364,-0.3593,2,cassette
epi,projector,-1.2468,-0.3881,2,cassette
epi,projector,-1.6148,-0.1929,2,cassette
epi,projector,-1.5342,-0.5179,2,cassette
epi,projector,-0.8661,-0.0765,2,cassette
epi,projector,-1.6951,-0.0534,2,cassette
epi,projector,-1.7289,-0.0465,2,cassette
epi,projector,-1.6472,-0.1679,2,cassette
epi,projector,-1.8131,-0.1471,2,cassette
epi,projector,-1.4912,-0.2710,2,cassette
epi,projector,-0.5713,0.1168,2,cassette
epi,projector,-1.7231,-0.0838,2,cassette
epi,projector,-1.9135,-0.2082,2,cassette
epi,projector,-2.0095,-0.1651,2,cassette
epi,projector,-0.8620,-0.0409,2,cassette
epi,projector,-0.7628,0.1313,2,cassette
epi,projector,1.2602,0.5092,2,cassette
epi,projector,-1.1032,-0.1612,2,cassette
epi,projector,-0.3074,0.2618,2,cassette
epi,projector,-0.3220,0.4877,2,cassette
epi,projector,-0.9280,0.6936,2,cassette
epi,projector,-1.9458,-0.2532,2,cassette
epi,projector,-0.1634,-0.6413,2,cassette
epi,projector,0.1726,0.6317,2,cassette
epi,projector,-1.3675,-0.4764,2,cassette
epi,projector,-1.5289,-0.0520,2,cassette
epi,projector,-1.1306,-0.4285,2,cassette
epi,projector,-0.0096,-0.7354,2,cassette
epi,projector,-1.2551,-0.1964,2,cassette
epi,projector,-1.4704,-0.1175,2,cassette
epi,projector,-0.3792,1.0070,2,cassette
epi,projector,-0.8625,-0.1064,2,cassette
epi,projector,-0.9256,0.6543,2,cassette
epi,projector,-1.5919,-0.2598,2,cassette
epi,projector,-1.7465,0.0776,2,cassette
epi,projector,-0.1191,0.9741,2,cassette
epi,projector,-0.8745,0.6771,2,cassette
epi,projector,-2.0056,-0.3924,2,cassette
epi,projector,-1.9313,-0.3442,2,cassette
epi,projector,-1.5995,0.1109,2,cassette
epi,projector,-0.3964,-0.0687,2,cassette
epi,projector,-1.6771,-0.2036,2,cassette
epi,projector,-0.6187,0.7039,2,cassette
epi,projector,-1.0296,0.2612,2,cassette
epi,projector,-1.0695,0.3908,2,cassette
epi,projector,-1.3285,0.1393,2,cassette
epi,projector,-1.8104,-0.2778,2,cassette
epi,projector,-1.6289,0.2106,2,cassette
epi,projector,-1.8942,-0.2556,2,cassette
epi,projector,-0.8675,0.6182,2,cassette
epi,projector,-1.7491,-0.1633,2,cassette
epi,projector,-1.7577,-0.4337,2,cassette
epi,projector,-1.9623,-0.2156,2,cassette
epi,projector,-2.0749,-0.1730,2,cassette
epi,projector,-2.1118,-0.0574,2,cassette
epi,projector,-1.0964,-0.1402,2,cassette
epi,projector,-2.0123,-0.3055,2,cassette
epi,projector,-0.7222,0.7839,2,cassette
epi,projector,-1.2274,0.4550,2,cassette
epi,projector,-0.3634,0.8139,2,cassette
epi,projector,-1.7955,-0.1634,2,cassette
epi,projector,-2.0258,-0.1998,2,cassette
epi,projector,-1.5794,0.5227,2,cassette
epi,projector,-0.9710,0.3249,2,cassette
epi,projector,-1.7713,-0.5557,2,cassette
epi,projector,-0.4290,1.0480,2,cassette
epi,projector,-0.8835,0.3263,2,cassette
epi,projector,-0.6115,0.9421,2,cassette
epi,projector,0.4123,0.5630,2,cassette
epi,projector,-0.6797,0.8925,2,cassette
epi,projector,-0.9114,0.5968,2,cassette
epi,projector,-0.9295,0.5914,2,cassette
epi,projector,-0.5961,0.8385,2,cassette
epi,projector,-0.4247,0.9798,2,cassette
epi,projector,-1.1356,-0.0709,2,cassette
epi,projector,0.3168,-0.3488,2,cassette
epi,projector,-2.1063,-0.0432,2,cassette
epi,projector,-0.9556,0.5795,2,cassette
epi,projector,-0.7203,0.7394,2,cassette
epi,projector,-0.3662,0.5495,2,cassette
epi,projector,-1.1015,0.2296,2,cassette
epi,projector,-2.2518,-0.0437,2,cassette
epi,projector,-1.6985,-0.2851,2,cassette
epi,projector,-0.6413,0.8074,2,cassette
epi,projector,-1.6768,-0.0014,2,cassette
epi,projector,-0.2457,0.7706,2,cassette
epi,projector,-1.0519,0.5708,2,cassette
epi,projector,-0.2696,0.8658,2,cassette
epi,projector,-1.5797,0.3662,2,cassette
epi,projector,-1.4637,-0.1237,2,cassette
epi,projector,-1.1465,0.5277,2,cassette
epi,projector,-0.4742,1.0776,2,cassette
epi,projector,-0.9625,0.7203,2,cassette
epi,projector,-0.4000,1.1175,2,cassette
epi,projector,-0.9849,0.0659,2,cassette
epi,projector,-2.1495,0.0535,2,cassette
epi,projector,-1.7537,-0.0557,2,cassette
epi,projector,-0.9583,0.4752,2,cassette
epi,projector,-0.8035,0.7306,2,cassette
epi,projector,-1.9784,-0.1103,2,cassette
epi,projector,-0.6234,0.8345,2,cassette
epi,projector,-2.1629,-0.1338,2,cassette
epi,projector,-0.8402,0.6049,2,cassette
epi,projector,-2.1976,-0.1688,2,cassette
epi,projector,-1.2436,0.4786,2,cassette
epi,projector,-1.7362,-0.4294,2,cassette
epi,projector,-0.2063,1.2357,2,cassette
epi,projector,-1.6378,-0.1570,2,cassette
epi,projector,-1.6538,-0.3464,2,cassette
epi,projector,-0.9131,0.2280,2,cassette
epi,projector,0.2389,0.3437,2,cassette
epi,projector,-0.4758,1.0247,2,cassette
epi,projector,-2.0297,-0.2686,2,cassette
epi,projector,-0.6322,0.5701,2,cassette
epi,projector,-1.3779,-0.2364,2,cassette
epi,projector,-0.7218,0.6540,2,cassette
epi,projector,-1.5970,0.2476,2,cassette
epi,projector,-1.6010,0.1558,2,cassette
epi,projector,-1.8608,-0.4821,2,cassette
epi,projector,-1.9064,-0.2393,2,cassette
epi,projector,-1.0572,0.1362,2,cassette
epi,projector,-0.5962,0.0959,2,cassette
epi,projector,-0.4190,0.9152,2,cassette
epi,projector,-1.7796,-0.2603,2,cassette
epi,projector,-1.1751,0.3678,2,cassette
epi,projector,-1.3832,-0.0273,2,cassette
epi,projector,-0.9830,0.0532,2,cassette
epi,projector,-1.4341,-0.3256,2,cassette
epi,projector,-0.2851,-0.0911,2,cassette
epi,projector,-1.5086,-0.0583,2,cassette
epi,projector,-1.9481,-0.0245,2,cassette
epi,projector,-2.0878,-0.1429,2,cassette
epi,projector,-0.3429,1.2284,2,cassette
epi,projector,-0.5597,0.9682,2,cassette
epi,projector,-0.7681,0.0973,2,cassette
epi,projector,-0.4556,0.8253,2,cassette
epi,projector,-1.3731,0.2097,2,cassette
epi,projector,-1.7139,-0.4509,2,cassette
epi,projector,-1.8789,-0.1918,2,cassette
epi,projector,-1.7459,-0.3797,2,cassette
epi,projector,-0.6674,0.1881,2,cassette
epi,projector,-1.0424,0.5062,2,cassette
epi,projector,-0.5911,0.8856,2,cassette
epi,projector,-1.3010,-0.0152,2,cassette
epi,projector,-0.4678,0.8951,2,cassette
epi,projector,-0.8559,0.4553,2,cassette
epi,projector,-1.7697,-0.0122,2,cassette
epi,projector,-0.6684,0.8533,2,cassette
epi,projector,-1.6800,0.1758,2,cassette
epi,projector,-1.3338,0.2620,2,cassette
epi,projector,-1.8559,-0.1943,2,cassette
epi,projector,-0.8483,-0.1120,2,cassette
epi,projector,-0.4158,1.0613,2,cassette
epi,projector,-0.6978,0.7758,2,cassette
epi,projector,0.9117,-0.8646,2,cassette
epi,projector,-0.8777,0.6057,2,cassette
epi,projector,-2.0504,-0.2830,2,cassette
epi,projector,-1.2415,0.1949,2,cassette
epi,projector,-1.7077,-0.3151,2,cassette
epi,projector,-2.2309,-0.1543,2,cassette
epi,projector,-0.0533,0.1545,2,cassette
epi,projector,-0.4295,0.3051,2,cassette
epi,projector,-0.9500,-0.5317,2,cassette
epi,projector,-0.7756,0.5653,2,cassette
epi,projector,-1.9285,-0.0979,2,cassette
epi,projector,-1.2946,-0.4998,2,cassette
epi,projector,-1.2973,0.3961,2,cassette
epi,projector,-0.0529,0.4683,2,cassette
epi,projector,-0.7629,-0.5038,2,cassette
epi,projector,-1.3080,-0.1742,2,cassette
epi,projector,-0.9625,0.4764,2,cassette
epi,projector,-1.3224,0.2329,2,cassette
epi,projector,-0.9123,0.5664,2,cassette
epi,projector,-2.0691,-0.2649,2,cassette
epi,projector,-1.8946,-0.1122,2,cassette
epi,projector,-1.7450,-0.1249,2,cassette
epi,projector,-0.5792,0.0096,2,cassette
epi,projector,-0.8192,0.7627,2,cassette
epi,projector,-1.0093,-0.0840,2,cassette
epi,projector,-1.4180,0.4812,2,cassette
epi,projector,0.4388,-0.0687,2,cassette
epi,projector,-1.5768,0.0046,2,cassette
epi,projector,-1.8412,-0.0770,2,cassette
epi,projector,-1.5805,-0.3086,2,cassette
epi,projector,-1.2856,0.4258,2,cassette
epi,projector,0.3549,-0.4653,2,cassette
epi,projector,-0.3044,0.3291,2,cassette
epi,projector,-2.0940,0.1662,2,cassette
epi,projector,-1.3549,0.0485,2,cassette
epi,projector,-0.6735,0.7096,2,cassette
epi,projector,-1.8280,-0.2501,2,cassette
epi,projector,-0.2330,-0.1296,2,cassette
epi,projector,-0.8083,0.4769,2,cassette
epi,projector,-1.4849,0.0438,2,cassette
epi,projector,-2.0331,-0.2168,2,cassette
epi,projector,-1.2556,-0.5140,2,cassette
epi,projector,-1.6305,-0.1241,2,cassette
epi,projector,-1.3203,-0.1223,2,cassette
epi,projector,-2.2261,-0.1232,2,cassette
epi,projector,-0.9756,-0.4040,2,cassette
epi,projector,-0.8436,0.6635,2,cassette
epi,projector,-1.4753,0.0724,2,cassette
epi,projector,-0.6653,-0.2026,2,cassette
epi,projector,-0.2445,0.8800,2,cassette
epi,projector,-0.5349,0.9237,2,cassette
epi,projector,-1.9223,-0.2175,2,cassette
epi,projector,-0.0145,0.2934,2,cassette
epi,projector,-1.2167,0.2148,2,cassette
epi,projector,-1.5887,0.0153,2,cassette
epi,projector,-1.0107,0.5612,2,cassette
epi,projector,-1.1565,0.5202,2,cassette
epi,projector,-1.2031,-0.4265,2,cassette
epi,projector,-1.9290,-0.1422,2,cassette
epi,projector,-0.3319,0.5180,2,cassette
epi,projector,-1.2137,0.3593,2,cassette
epi,projector,-1.8696,-0.0075,2,cassette
epi,projector,-1.4029,0.3299,2,cassette
epi,projector,-0.7865,0.7795,2,cassette
epi,projector,-1.0506,0.6233,2,cassette
epi,projector,-1.2765,-0.4646,2,cassette
epi,projector,-0.6196,0.5948,2,cassette
epi,projector,-0.8503,0.7893,2,cassette
epi,projector,-1.4983,-0.2056,2,cassette
epi,projector,-1.7565,-0.1869,2,cassette
epi,projector,-2.0910,-0.1980,2,cassette
epi,projector,-0.6617,0.2710,2,cassette
epi,projector,-1.2775,-0.4592,2,cassette
epi,projector,-0.9827,-0.2736,2,cassette
epi,projector,-0.0657,1.0611,2,cassette
epi,projector,-0.3132,0.9942,2,cassette
epi,projector,-1.0705,0.1439,2,cassette
epi,projector,-0.7161,0.8092,2,cassette
epi,projector,-0.6423,0.9383,2,cassette
epi,projector,-0.5230,0.9012,2,cassette
epi,projector,-0.8856,0.7188,2,cassette
epi,projector,-0.8373,0.2360,2,cassette
epi,projector,-1.4157,-0.2008,2,cassette
epi,projector,-0.1610,1.4441,2,cassette
epi,projector,-1.9801,-0.2511,2,cassette
epi,projector,-1.9873,0.0068,2,cassette
epi,projector,-1.8030,-0.4240,2,cassette
epi,projector,-1.3861,-0.0774,2,cassette
epi,projector,-1.5165,-0.1912,2,cassette
epi,projector,-2.0625,-0.2022,2,cassette
epi,projector,-1.0302,0.6272,2,cassette
epi,projector,-0.6584,0.8812,2,cassette
epi,projector,-1.6679,-0.1819,2,cassette
epi,projector,-1.8073,-0.3170,2,cassette
epi,projector,-1.7994,-0.1987,2,cassette
epi,projector,-1.2955,-0.4786,2,cassette
epi,projector,-0.8168,0.7252,2,cassette
epi,projector,-1.7689,-0.0343,2,cassette
epi,projector,-1.0294,0.5941,2,cassette
epi,projector,-1.5209,0.0228,2,cassette
epi,projector,-2.2319,-0.1131,2,cassette
epi,projector,-1.8599,-0.1420,2,cassette
epi,projector,-1.7728,-0.0896,2,cassette
epi,projector,-0.2271,1.4079,2,cassette
epi,projector,-0.4173,1.1584,2,cassette
epi,projector,-0.9853,0.5134,2,cassette
epi,projector,-0.7828,-0.0956,2,cassette
epi,projector,0.5526,0.7529,2,cassette
epi,projector,-1.6978,-0.2445,2,cassette
epi,projector,-0.7452,0.6280,2,cassette
epi,projector,-1.6338,-0.2184,2,cassette
epi,projector,0.0806,0.3416,2,cassette
epi,projector,-1.0450,-0.1236,2,cassette
epi,projector,-0.2716,0.4251,2,cassette
epi,projector,-2.0069,-0.1918,2,cassette
epi,projector,0.4355,-0.4971,3,chainsaw
epi,projector,-0.4639,0.8061,3,chainsaw
epi,projector,0.3884,-0.7710,3,chainsaw
epi,projector,-0.7538,0.7962,3,chainsaw
epi,projector,0.1893,-0.8775,3,chainsaw
epi,projector,-0.7086,0.2759,3,chainsaw
epi,projector,0.6241,-0.3010,3,chainsaw
epi,projector,0.6799,-0.2530,3,chainsaw
epi,projector,0.4480,-0.0656,3,chainsaw
epi,projector,0.4860,-0.9584,3,chainsaw
epi,projector,-0.1341,0.8670,3,chainsaw
epi,projector,-0.2658,0.2455,3,chainsaw
epi,projector,1.1473,-0.9809,3,chainsaw
epi,projector,0.3717,-0.7481,3,chainsaw
epi,projector,0.4161,-0.0244,3,chainsaw
epi,projector,0.6042,-0.7268,3,chainsaw
epi,projector,-0.6897,-0.7015,3,chainsaw
epi,projector,0.2912,-0.3759,3,chainsaw
epi,projector,-0.0489,0.3718,3,chainsaw
epi,projector,-0.1260,1.1583,3,chainsaw
epi,projector,-0.5150,0.9077,3,chainsaw
epi,projector,0.7115,-0.5214,3,chainsaw
epi,projector,-0.4875,0.8462,3,chainsaw
epi,projector,0.1856,-0.5144,3,chainsaw
epi,projector,-0.2050,0.1612,3,chainsaw
epi,projector,-0.6913,0.1814,3,chainsaw
epi,projector,0.2056,-0.4059,3,chainsaw
epi,projector,0.4588,-0.7202,3,chainsaw
epi,projector,-0.2666,-0.5573,3,chainsaw
epi,projector,0.9081,-0.6936,3,chainsaw
epi,projector,0.3523,-0.5880,3,chainsaw
epi,projector,0.1269,-0.3950,3,chainsaw
epi,projector,-0.0813,-0.3972,3,chainsaw
epi,projector,1.0425,-0.7858,3,chainsaw
epi,projector,0.6819,-0.5101,3,chainsaw
epi,projector,0.9209,-0.7258,3,chainsaw
epi,projector,0.3224,-0.6474,3,chainsaw
epi,projector,0.1762,0.0665,3,chainsaw
epi,projector,0.2822,-0.2830,3,chainsaw
epi,projector,-0.3797,0.6688,3,chainsaw
epi,projector,1.1505,-0.8215,3,chainsaw
epi,projector,-0.1297,2.6383,3,chainsaw
epi,projector,-0.3939,1.0386,3,chainsaw
epi,projector,-0.8647,-0.7214,3,chainsaw
epi,projector,-0.5831,0.8920,3,chainsaw
epi,projector,-0.5031,0.9718,3,chainsaw
epi,projector,1.4860,-0.9541,3,chainsaw
epi,projector,0.1971,-0.4337,3,chainsaw
epi,projector,0.0255,-0.1669,3,chainsaw
epi,projector,-0.5480,0.8368,3,chainsaw
epi,projector,0.2926,-0.2979,3,chainsaw
epi,projector,0.6696,-0.7765,3,chainsaw
epi,projector,-0.2179,0.8037,3,chainsaw
epi,projector,-0.0692,-0.0138,3,chainsaw
epi,projector,0.6724,-0.4843,3,chainsaw
epi,projector,0.0041,1.4955,3,chainsaw
epi,projector,0.4134,-0.6402,3,chainsaw
epi,projector,-0.3272,1.0573,3,chainsaw
epi,projector,-0.6750,0.7341,3,chainsaw
epi,projector,-0.2639,0.3996,3,chainsaw
epi,projector,-0.5847,-0.2887,3,chainsaw
epi,projector,0.8505,-0.8553,3,chainsaw
epi,projector,-0.2474,-0.1033,3,chainsaw
epi,projector,-0.6063,0.8854,3,chainsaw
epi,projector,0.4874,-0.8569,3,chainsaw
epi,projector,0.1899,-0.5589,3,chainsaw
epi,projector,0.7588,-0.5274,3,chainsaw
epi,projector,0.3789,-0.5131,3,chainsaw
epi,projector,0.8124,-0.8763,3,chainsaw
epi,projector,-1.3687,-0.4928,3,chainsaw
epi,projector,-1.0625,-0.6821,3,chainsaw
epi,projector,0.2801,-0.6448,3,chainsaw
epi,projector,0.9739,-0.5733,3,chainsaw
epi,projector,1.0685,-0.7573,3,chainsaw
epi,projector,-0.4193,1.1135,3,chainsaw
epi,projector,0.4407,0.1920,3,chainsaw
epi,projector,-0.3250,-0.4171,3,chainsaw
epi,projector,0.2096,-0.0906,3,chainsaw
epi,projector,1.0189,-0.8390,3,chainsaw
epi,projector,1.1040,-0.8882,3,chainsaw
epi,projector,0.4847,-0.7876,3,chainsaw
epi,projector,0.5104,-0.6156,3,chainsaw
epi,projector,0.8653,-0.6909,3,chainsaw
epi,projector,0.9592,-0.9019,3,chainsaw
epi,projector,-0.3176,-0.3155,3,chainsaw
epi,projector,0.6025,-0.5057,3,chainsaw
epi,projector,0.1997,-0.4536,3,chainsaw
epi,projector,0.6319,-0.0854,3,chainsaw
epi,projector,-0.5613,-0.4827,3,chainsaw
epi,projector,-0.5495,0.9127,3,chainsaw
epi,projector,-0.4100,0.7721,3,chainsaw
epi,projector,0.7760,-0.7889,3,chainsaw
epi,projector,-0.0206,-0.2346,3,chainsaw
epi,projector,0.3404,-0.6449,3,chainsaw
epi,projector,-0.2909,0.5833,3,chainsaw
epi,projector,0.3855,-0.5736,3,chainsaw
epi,projector,0.0024,3.8382,3,chainsaw
epi,projector,0.6647,-0.8323,3,chainsaw
epi,projector,-0.1093,0.0351,3,chainsaw
epi,projector,-0.4578,1.0734,3,chainsaw
epi,projector,-0.0604,-0.6741,3,chainsaw
epi,projector,0.2944,-0.3524,3,chainsaw
epi,projector,-0.0637,0.7741,3,chainsaw
epi,projector,-0.9258,-0.5049,3,chainsaw
epi,projector,0.1159,-0.3141,3,chainsaw
epi,projector,-0.6302,0.8848,3,chainsaw
epi,projector,0.0874,0.9728,3,chainsaw
epi,projector,0.6641,0.1893,3,chainsaw
epi,projector,0.8363,-0.7923,3,chainsaw
epi,projector,0.1869,-0.2341,3,chainsaw
epi,projector,1.0913,-0.9185,3,chainsaw
epi,projector,1.0734,-0.8750,3,chainsaw
epi,projector,1.0122,-0.9833,3,chainsaw
epi,projector,0.5293,-0.7991,3,chainsaw
epi,projector,0.4644,-0.1479,3,chainsaw
epi,projector,-0.6353,0.8791,3,chainsaw
epi,projector,0.4085,-0.5234,3,chainsaw
epi,projector,0.5732,-0.7679,3,chainsaw
epi,projector,0.5458,-0.5157,3,chainsaw
epi,projector,0.0816,0.2980,3,chainsaw
epi,projector,-0.2654,0.6383,3,chainsaw
epi,projector,0.3347,-0.8344,3,chainsaw
epi,projector,0.9748,-0.7213,3,chainsaw
epi,projector,-0.3961,1.0997,3,chainsaw
epi,projector,0.9282,-0.5515,3,chainsaw
epi,projector,-0.4313,0.5287,3,chainsaw
epi,projector,0.1841,-0.5755,3,chainsaw
epi,projector,0.3161,0.3012,3,chainsaw
epi,projector,-0.7220,-0.5552,3,chainsaw
epi,projector,0.8947,-0.8952,3,chainsaw
epi,projector,0.0840,-0.4215,3,chainsaw
epi,projector,-0.3975,-0.5218,3,chainsaw
epi,projector,-0.2304,1.1321,3,chainsaw
epi,projector,1.1534,-0.8576,3,chainsaw
epi,projector,0.7012,-0.7073,3,chainsaw
epi,projector,-0.3181,-0.3444,3,chainsaw
epi,projector,0.7452,-0.6925,3,chainsaw
epi,projector,-0.3024,0.4258,3,chainsaw
epi,projector,-0.3479,0.4637,3,chainsaw
epi,projector,-0.6504,0.6785,3,chainsaw
epi,projector,0.3933,-0.3399,3,chainsaw
epi,projector,0.8698,-0.3211,3,chainsaw
epi,projector,-1.1662,-0.3675,3,chainsaw
epi,projector,0.8228,-0.3319,3,chainsaw
epi,projector,1.1303,-0.8274,3,chainsaw
epi,projector,-0.5452,-0.5565,3,chainsaw
epi,projector,-0.2364,-0.6577,3,chainsaw
epi,projector,-0.3421,1.2095,3,chainsaw
epi,projector,0.1547,0.8824,3,chainsaw
epi,projector,-0.0292,-0.2746,3,chainsaw
epi,projector,0.8027,-0.9582,3,chainsaw
epi,projector,0.7452,-0.8110,3,chainsaw
epi,projector,1.5206,-1.0514,3,chainsaw
epi,projector,-0.7957,-0.9335,3,chainsaw
epi,projector,-0.1921,1.3182,3,chainsaw
epi,projector,-0.9181,0.5276,3,chainsaw
epi,projector,-0.6142,0.6337,3,chainsaw
epi,projector,-0.5793,0.9527,3,chainsaw
epi,projector,-0.2604,0.8469,3,chainsaw
epi,projector,-0.8421,-0.5192,3,chainsaw
epi,projector,-0.1503,1.2171,3,chainsaw
epi,projector,-0.3872,1.1738,3,chainsaw
epi,projector,-0.3244,1.3466,3,chainsaw
epi,projector,-0.3299,0.9709,3,chainsaw
epi,projector,0.5986,-0.4824,3,chainsaw
epi,projector,-0.0306,-0.9061,3,chainsaw
epi,projector,-0.4841,0.8774,3,chainsaw
epi,projector,0.9384,-0.8948,3,chainsaw
epi,projector,0.9148,-0.9437,3,chainsaw
epi,projector,-0.7571,-0.1475,3,chainsaw
epi,projector,0.3890,-0.6377,3,chainsaw
epi,projector,-0.3659,-0.4190,3,chainsaw
epi,projector,-0.1804,1.5154,3,chainsaw
epi,projector,-0.2629,-0.6740,3,chainsaw
epi,projector,-0.3236,1.2086,3,chainsaw
epi,projector,-0.2030,0.3395,3,chainsaw
epi,projector,0.6123,-0.8663,3,chainsaw
epi,projector,0.1179,-0.1511,3,chainsaw
epi,projector,0.7007,-0.5952,3,chainsaw
epi,projector,1.0382,-0.9638,3,chainsaw
epi,projector,-0.1708,0.2141,3,chainsaw
epi,projector,0.8511,-0.6705,3,chainsaw
epi,projector,0.4010,-0.6760,3,chainsaw
epi,projector,-0.2558,0.9733,3,chainsaw
epi,projector,-0.2184,1.1972,3,chainsaw
epi,projector,-0.4357,1.0610,3,chainsaw
epi,projector,1.2956,-0.8326,3,chainsaw
epi,projector,-0.3876,0.3922,3,chainsaw
epi,projector,0.3552,-0.4500,3,chainsaw
epi,projector,0.7460,-0.4890,3,chainsaw
epi,projector,-0.1276,0.2103,3,chainsaw
epi,projector,0.3295,-0.5288,3,chainsaw
epi,projector,-0.0306,-0.7633,3,chainsaw
epi,projector,0.9785,-0.1108,3,chainsaw
epi,projector,-0.5990,1.0391,3,chainsaw
epi,projector,0.1199,-0.6396,3,chainsaw
epi,projector,0.6328,-0.1940,3,chainsaw
epi,projector,0.6837,-0.8274,3,chainsaw
epi,projector,0.6638,-0.8778,3,chainsaw
epi,projector,-0.1758,-0.1361,3,chainsaw
epi,projector,-0.5009,0.9132,3,chainsaw
epi,projector,-0.2836,1.2351,3,chainsaw
epi,projector,0.4527,-0.5734,3,chainsaw
epi,projector,0.6000,-0.7748,3,chainsaw
epi,projector,-0.5742,0.8193,3,chainsaw
epi,projector,-0.1178,1.6316,3,chainsaw
epi,projector,0.7327,-0.7959,3,chainsaw
epi,projector,-0.8540,-0.0563,3,chainsaw
epi,projector,0.6030,-0.6026,3,chainsaw
epi,projector,-0.3271,-0.7815,3,chainsaw
epi,projector,0.3414,-0.7434,3,chainsaw
epi,projector,0.6085,-0.7191,3,chainsaw
epi,projector,1.4348,-0.9976,3,chainsaw
epi,projector,-0.0609,-0.3318,3,chainsaw
epi,projector,0.7580,-0.6174,3,chainsaw
epi,projector,0.8092,-0.8382,3,chainsaw
epi,projector,0.8101,-0.7280,3,chainsaw
epi,projector,-0.4416,0.2637,3,chainsaw
epi,projector,0.8118,-0.6811,3,chainsaw
epi,projector,0.6937,-0.8033,3,chainsaw
epi,projector,-0.6721,0.2235,3,chainsaw
epi,projector,0.3372,0.0903,3,chainsaw
epi,projector,0.5401,-0.7429,3,chainsaw
epi,projector,0.1303,-0.5913,3,chainsaw
epi,projector,-0.6897,0.8409,3,chainsaw
epi,projector,0.7549,-0.9376,3,chainsaw
epi,projector,0.0904,-0.6460,3,chainsaw
epi,projector,0.4840,-0.7092,3,chainsaw
epi,projector,0.0099,-0.6346,3,chainsaw
epi,projector,0.7747,-0.3940,3,chainsaw
epi,projector,0.4171,-0.5819,3,chainsaw
epi,projector,-0.3260,0.6434,3,chainsaw
epi,projector,0.1530,1.1319,3,chainsaw
epi,projector,1.1198,-0.7651,3,chainsaw
epi,projector,-0.5435,-0.6113,3,chainsaw
epi,projector,-0.2399,0.4270,3,chainsaw
epi,projector,0.2043,-0.1719,3,chainsaw
epi,projector,-1.0999,-0.7118,3,chainsaw
epi,projector,-0.0194,0.1351,3,chainsaw
epi,projector,-0.6374,0.4917,3,chainsaw
epi,projector,-0.4670,0.9260,3,chainsaw
epi,projector,0.9479,-0.8377,3,chainsaw
epi,projector,0.0400,0.7150,3,chainsaw
epi,projector,1.2674,-0.8617,3,chainsaw
epi,projector,-0.6660,-0.5356,3,chainsaw
epi,projector,-0.2151,-0.0798,3,chainsaw
epi,projector,-0.6061,0.0655,3,chainsaw
epi,projector,1.2402,-0.8971,3,chainsaw
epi,projector,-0.3699,-0.4369,3,chainsaw
epi,projector,-0.2452,1.1169,3,chainsaw
epi,projector,-0.0537,1.0631,3,chainsaw
epi,projector,-1.2613,-0.1680,3,chainsaw
epi,projector,0.4796,0.0035,3,chainsaw
epi,projector,0.8882,-0.7490,3,chainsaw
epi,projector,0.5618,-0.0412,3,chainsaw
epi,projector,-0.0072,-0.5985,3,chainsaw
epi,projector,0.8786,-0.8950,3,chainsaw
epi,projector,0.1121,-0.6160,3,chainsaw
epi,projector,-0.2817,-0.6831,3,chainsaw
epi,projector,0.0133,-0.2165,3,chainsaw
epi,projector,-0.6146,0.0360,3,chainsaw
epi,projector,-0.1744,0.7176,3,chainsaw
epi,projector,-0.2417,-0.6309,3,chainsaw
epi,projector,0.1352,-0.6161,3,chainsaw
epi,projector,-0.2823,-0.4645,3,chainsaw
epi,projector,-0.5206,0.8202,3,chainsaw
epi,projector,0.1423,-0.4663,3,chainsaw
epi,projector,-0.2478,-0.6194,3,chainsaw
epi,projector,0.7193,-0.6439,3,chainsaw
epi,projector,-0.6735,0.4043,3,chainsaw
epi,projector,0.2118,-0.5635,3,chainsaw
epi,projector,1.1344,-0.9170,3,chainsaw
epi,projector,0.4829,-0.5710,3,chainsaw
epi,projector,0.9769,-0.8294,3,chainsaw
epi,projector,0.0249,-0.2485,3,chainsaw
epi,projector,-0.9606,-0.2825,3,chainsaw
epi,projector,-0.0062,-0.5539,3,chainsaw
epi,projector,0.0801,0.4244,3,chainsaw
epi,projector,0.6196,-0.6647,3,chainsaw
epi,projector,-0.3460,0.6334,3,chainsaw
epi,projector,-0.0656,-0.3787,3,chainsaw
epi,projector,0.6700,-0.7018,3,chainsaw
epi,projector,0.3100,-0.6336,3,chainsaw
epi,projector,0.9765,-0.7924,3,chainsaw
epi,projector,0.4239,-0.0597,3,chainsaw
epi,projector,-0.0676,-0.1255,3,chainsaw
epi,projector,1.0395,-0.8693,3,chainsaw
epi,projector,0.0503,0.7586,3,chainsaw
epi,projector,0.2073,0.5399,3,chainsaw
epi,projector,0.3724,0.2915,3,chainsaw
epi,projector,-0.0268,0.3402,3,chainsaw
epi,projector,0.4716,-0.6112,3,chainsaw
epi,projector,-0.4480,0.7587,3,chainsaw
epi,projector,-0.0076,-0.3122,3,chainsaw
epi,projector,-0.0085,-0.2266,3,chainsaw
epi,projector,-0.4478,-0.4250,3,chainsaw
epi,projector,1.0086,-0.5833,3,chainsaw
epi,projector,0.3511,-0.4845,3,chainsaw
epi,projector,0.9852,-0.7958,3,chainsaw
epi,projector,0.3659,-0.6226,3,chainsaw
epi,projector,-0.6213,0.9111,3,chainsaw
epi,projector,1.0216,-0.5406,3,chainsaw
epi,projector,-0.3319,0.3351,3,chainsaw
epi,projector,-0.3147,0.3134,3,chainsaw
epi,projector,0.4114,0.4998,3,chainsaw
epi,projector,-0.5554,0.8798,3,chainsaw
epi,projector,-0.6696,-0.5805,3,chainsaw
epi,projector,-0.4479,1.1445,3,chainsaw
epi,projector,-0.3980,-0.3817,3,chainsaw
epi,projector,0.2298,-0.7052,3,chainsaw
epi,projector,0.0897,0.5520,3,chainsaw
epi,projector,0.0120,0.6142,3,chainsaw
epi,projector,-0.3040,-0.0667,3,chainsaw
epi,projector,-0.5786,0.8933,3,chainsaw
epi,projector,0.5471,-0.6925,3,chainsaw
epi,projector,-0.3481,-0.4375,3,chainsaw
epi,projector,1.1368,-0.9575,3,chainsaw
epi,projector,-0.2631,0.1813,3,chainsaw
epi,projector,-0.2106,0.7049,3,chainsaw
epi,projector,-0.7935,0.7924,3,chainsaw
epi,projector,-0.1809,1.0926,3,chainsaw
epi,projector,-0.2126,1.4639,3,chainsaw
epi,projector,0.6338,-0.6195,3,chainsaw
epi,projector,-0.0451,0.3144,3,chainsaw
epi,projector,-0.5552,0.8372,3,chainsaw
epi,projector,1.0529,-0.6443,3,chainsaw
epi,projector,-0.0737,0.9567,3,chainsaw
epi,projector,0.2913,-0.3618,3,chainsaw
epi,projector,-0.4880,0.6926,3,chainsaw
epi,projector,0.3002,0.2874,3,chainsaw
epi,projector,0.6613,-0.8380,3,chainsaw
epi,projector,-0.4741,-0.5108,3,chainsaw
epi,projector,1.1415,-0.7194,3,chainsaw
epi,projector,0.1680,-0.6372,3,chainsaw
epi,projector,0.8895,0.5122,3,chainsaw
epi,projector,0.6626,-0.6406,3,chainsaw
epi,projector,0.7112,-0.7247,3,chainsaw
epi,projector,0.0597,-0.4922,3,chainsaw
epi,projector,0.2814,0.1478,3,chainsaw
epi,projector,0.2270,-0.7179,3,chainsaw
epi,projector,0.2486,-0.5373,3,chainsaw
epi,projector,-0.3774,1.1161,3,chainsaw
epi,projector,-0.7013,0.6363,3,chainsaw
epi,projector,0.0825,3.8304,3,chainsaw
epi,projector,-0.3653,0.9932,3,chainsaw
epi,projector,1.0242,-0.9148,3,chainsaw
epi,projector,0.2753,-0.6913,3,chainsaw
epi,projector,0.3132,0.2285,3,chainsaw
epi,projector,0.4897,-0.7011,3,chainsaw
epi,projector,0.5857,-0.3869,3,chainsaw
epi,projector,-0.5106,0.9303,3,chainsaw
epi,projector,-0.2058,0.8766,3,chainsaw
epi,projector,-0.1961,-0.4401,3,chainsaw
epi,projector,0.0915,0.0413,3,chainsaw
epi,projector,1.1049,-0.8075,3,chainsaw
epi,projector,0.6950,-0.7554,3,chainsaw
epi,projector,0.5054,-0.6680,3,chainsaw
epi,projector,0.7374,-0.9501,3,chainsaw
epi,projector,-0.4414,-0.3123,3,chainsaw
epi,projector,-0.5519,0.9154,3,chainsaw
epi,projector,0.0123,0.7950,3,chainsaw
epi,projector,-0.2932,0.4252,3,chainsaw
epi,projector,0.6692,-0.8738,3,chainsaw
epi,projector,0.9687,-0.8599,3,chainsaw
epi,projector,0.0003,0.2534,3,chainsaw
epi,projector,0.7025,-0.7292,3,chainsaw
epi,projector,1.0101,-0.8593,3,chainsaw
epi,projector,1.0265,-0.9240,3,chainsaw
epi,projector,1.1869,-0.8386,3,chainsaw
epi,projector,0.4343,-0.5387,3,chainsaw
epi,projector,1.1114,-0.9736,3,chainsaw
epi,projector,0.3875,-0.1405,3,chainsaw
epi,projector,-0.4879,0.9717,3,chainsaw
epi,projector,0.5063,-0.4783,3,chainsaw
epi,projector,1.3464,-0.9760,3,chainsaw
epi,projector,-0.6332,0.8942,3,chainsaw
epi,projector,0.6144,-0.7400,3,chainsaw
epi,projector,0.6262,-0.6784,3,chainsaw
epi,projector,-0.4425,-0.5618,3,chainsaw
epi,projector,0.5289,-0.5437,3,chainsaw
epi,projector,-0.4133,1.1211,3,chainsaw
epi,projector,-0.4520,0.5212,3,chainsaw
epi,projector,0.4601,0.3754,3,chainsaw
epi,projector,0.9581,-0.7087,3,chainsaw
epi,projector,-0.6164,-0.4206,3,chainsaw
epi,projector,-0.1369,-0.1258,3,chainsaw
epi,projector,-0.2301,0.1859,4,church
epi,projector,-1.0152,-0.1305,4,church
epi,projector,-0.3862,0.3080,4,church
epi,projector,-0.6303,-0.6149,4,church
epi,projector,-0.7595,-0.7632,4,church
epi,projector,-0.4062,-0.1790,4,church
epi,projector,-0.2690,0.0804,4,church
epi,projector,-0.5573,-0.0401,4,church
epi,projector,-0.3317,0.5017,4,church
epi,projector,-0.3838,0.1173,4,church
epi,projector,-0.6518,-0.6994,4,church
epi,projector,-0.7858,-0.8460,4,church
epi,projector,-0.6411,-0.2332,4,church
epi,projector,-0.3021,-0.2355,4,church
epi,projector,-0.0658,0.2125,4,church
epi,projector,-0.3287,-0.1829,4,church
epi,projector,0.3675,-0.0054,4,church
epi,projector,-0.4214,0.2231,4,church
epi,projector,-0.5135,-0.4813,4,church
epi,projector,-0.4224,-0.1064,4,church
epi,projector,-0.6350,0.2889,4,church
epi,projector,-0.0321,0.4416,4,church
epi,projector,-0.5538,-0.1284,4,church
epi,projector,-0.6274,-0.6988,4,church
epi,projector,-0.4466,-0.5343,4,church
epi,projector,-0.4562,0.0956,4,church
epi,projector,0.6802,0.2484,4,church
epi,projector,0.0630,-0.6099,4,church
epi,projector,-0.5688,0.1665,4,church
epi,projector,-0.6584,-0.2641,4,church
epi,projector,-0.3331,-0.0143,4,church
epi,projector,-0.2467,-0.0145,4,church
epi,projector,-0.1216,-0.5490,4,church
epi,projector,-0.3778,0.1948,4,church
epi,projector,-0.5690,0.1739,4,church
epi,projector,-0.8329,0.2014,4,church
epi,projector,-0.7239,0.4994,4,church
epi,projector,-0.9845,-0.1472,4,church
epi,projector,-0.8055,-0.8146,4,church
epi,projector,-0.8077,-0.9373,4,church
epi,projector,-0.4667,-0.2776,4,church
epi,projector,-0.7510,0.4046,4,church
epi,projector,-0.7640,0.3783,4,church
epi,projector,-0.3160,-0.1488,4,church
epi,projector,-0.5304,-0.0109,4,church
epi,projector,-0.3093,0.7007,4,church
epi,projector,-0.7437,-0.3719,4,church
epi,projector,-0.6894,-0.6037,4,church
epi,projector,-0.5269,-0.6009,4,church
epi,projector,-0.4952,-0.1382,4,church
epi,projector,-0.0145,0.0950,4,church
epi,projector,0.0190,-0.3054,4,church
epi,projector,-0.2974,-0.1761,4,church
epi,projector,-0.0560,1.5155,4,church
epi,projector,-0.7264,-0.2561,4,church
epi,projector,-0.0349,0.5065,4,church
epi,projector,-0.4901,-0.0806,4,church
epi,projector,-0.5019,-0.0661,4,church
epi,projector,-0.1523,0.9686,4,church
epi,projector,-0.8770,0.1096,4,church
epi,projector,-0.5318,-0.0454,4,church
epi,projector,-0.2833,0.1497,4,church
epi,projector,0.1068,0.4659,4,church
epi,projector,-0.0792,0.2172,4,church
epi,projector,-0.1589,-0.0114,4,church
epi,projector,-0.8878,-0.7903,4,church
epi,projector,-0.8580,-0.1851,4,church
epi,projector,-0.6359,-0.1257,4,church
epi,projector,-0.6380,0.0686,4,church
epi,projector,-0.7454,-0.4542,4,church
epi,projector,-0.6908,-0.7492,4,church
epi,projector,-0.5326,0.4423,4,church
epi,projector,-0.2386,0.0122,4,church
epi,projector,-0.1791,-0.3828,4,church
epi,projector,-0.4574,0.0179,4,church
epi,projector,-0.6777,0.0298,4,church
epi,projector,-0.3792,0.2246,4,church
epi,projector,-0.6179,-0.6688,4,church
epi,projector,-0.5198,-0.7783,4,church
epi,projector,-0.9478,-0.8723,4,church
epi,projector,-0.7925,0.1797,4,church
epi,projector,-0.5907,0.0547,4,church
epi,projector,-0.3016,0.3307,4,church
epi,projector,-0.4302,-0.4393,4,church
epi,projector,-0.3749,0.1815,4,church
epi,projector,-0.4589,-0.1223,4,church
epi,projector,-0.6333,-0.4140,4,church
epi,projector,-0.7961,-0.0161,4,church
epi,projector,-0.3383,-0.4069,4,church
epi,projector,-1.5400,-0.7273,4,church
epi,projector,-0.8214,-0.9214,4,church
epi,projector,-0.1164,0.8346,4,church
epi,projector,-0.2970,0.2292,4,church
epi,projector,-0.8548,-0.8291,4,church
epi,projector,-0.4095,-0.2831,4,church
epi,projector,-0.6662,-0.1990,4,church
epi,projector,-0.4420,0.4525,4,church
epi,projector,-0.2870,-0.4741,4,church
epi,projector,0.1400,0.1499,4,church
epi,projector,-0.4893,0.0224,4,church
epi,projector,-0.2994,-0.1655,4,church
epi,projector,-0.4745,-0.1404,4,church
epi,projector,-0.2061,0.6478,4,church
epi,projector,-0.6291,-0.3835,4,church
epi,projector,-0.9512,0.4462,4,church
epi,projector,-0.3249,-0.3743,4,church
epi,projector,0.1724,-0.0779,4,church
epi,projector,-0.4857,-0.7429,4,church
epi,projector,-0.7827,-0.6747,4,church
epi,projector,-0.4059,-0.5269,4,church
epi,projector,-0.4682,0.0701,4,church
epi,projector,-0.8111,-0.3228,4,church
epi,projector,-0.6281,-0.8137,4,church
epi,projector,-0.5661,-0.1198,4,church
epi,projector,-0.9818,-0.2992,4,church
epi,projector,-0.8983,-0.7540,4,church
epi,projector,-0.4606,-0.0370,4,church
epi,projector,-0.6899,-0.0019,4,church
epi,projector,-0.4008,0.1775,4,church
epi,projector,-0.6415,-0.0797,4,church
epi,projector,-0.4981,-0.9514,4,church
epi,projector,-0.5104,-0.6796,4,church
epi,projector,0.0127,1.1895,4,church
epi,projector,-0.9387,-0.8731,4,church
epi,projector,-0.8594,-0.2380,4,church
epi,projector,-0.4604,-0.1573,4,church
epi,projector,-0.7039,0.0066,4,church
epi,projector,0.7879,-0.4931,4,church
epi,projector,-0.3720,-0.2879,4,church
epi,projector,-0.7477,-0.3957,4,church
epi,projector,-0.6603,0.1437,4,church
epi,projector,-0.1944,-0.0196,4,church
epi,projector,-0.4794,-0.1769,4,church
epi,projector,-0.5494,0.1638,4,church
epi,projector,-0.6453,0.1105,4,church
epi,projector,-0.6290,0.4164,4,church
epi,projector,-0.3890,-0.3917,4,church
epi,projector,-0.3868,-0.1120,4,church
epi,projector,-0.7106,0.0277,4,church
epi,projector,-0.9239,-0.1235,4,church
epi,projector,-0.5087,-0.0011,4,church
epi,projector,-0.5369,-0.3989,4,church
epi,projector,-0.1946,0.1732,4,church
epi,projector,-0.6931,-0.7424,4,church
epi,projector,-0.3851,-0.3589,4,church
epi,projector,-0.3965,-0.2977,4,church
epi,projector,-0.3220,0.1281,4,church
epi,projector,-0.3952,0.1322,4,church
epi,projector,-0.3733,-0.1008,4,church
epi,projector,-0.3962,0.1801,4,church
epi,projector,0.1491,-0.3021,4,church
epi,projector,-0.2856,-0.0593,4,church
epi,projector,-0.6801,-0.0274,4,church
epi,projector,-0.3390,-0.1165,4,church
epi,projector,-0.3988,-0.2992,4,church
epi,projector,-0.5580,-0.1006,4,church
epi,projector,-0.5522,0.0020,4,church
epi,projector,-0.0285,0.3538,4,church
epi,projector,-0.4603,-0.1003,4,church
epi,projector,-0.4948,0.1196,4,church
epi,projector,-0.6518,-0.6107,4,church
epi,projector,-0.6231,-0.4879,4,church
epi,projector,-0.6894,-0.8059,4,church
epi,projector,-0.5461,-0.1890,4,church
epi,projector,-0.8011,-0.0415,4,church
epi,projector,-0.6124,0.2360,4,church
epi,projector,0.2473,-0.7403,4,church
epi,projector,-0.6045,0.1394,4,church
epi,projector,-0.4561,0.3828,4,church
epi,projector,-0.3371,-0.2251,4,church
epi,projector,-0.6356,-0.0605,4,church
epi,projector,-0.7301,-0.2431,4,church
epi,projector,-0.6619,-0.6442,4,church
epi,projector,-0.7752,-0.3047,4,church
epi,projector,-0.0818,1.0325,4,church
epi,projector,-0.7421,-0.7111,4,church
epi,projector,-0.5478,-0.1756,4,church
epi,projector,-0.6074,-0.3904,4,church
epi,projector,-0.8457,-0.7109,4,church
epi,projector,-0.6594,-0.3069,4,church
epi,projector,-0.1678,-0.0968,4,church
epi,projector,-0.5861,0.0695,4,church
epi,projector,0.1228,-0.3833,4,church
epi,projector,-0.4739,0.1318,4,church
epi,projector,-0.6324,-0.0288,4,church
epi,projector,-0.4050,0.0848,4,church
epi,projector,-0.2674,0.0742,4,church
epi,projector,-0.4662,-0.7137,4,church
epi,projector,-0.3945,-0.0160,4,church
epi,projector,-0.6517,-0.1377,4,church
epi,projector,-0.3861,0.0222,4,church
epi,projector,-0.2667,0.1769,4,church
epi,projector,-0.4228,-0.4227,4,church
epi,projector,-0.3066,0.2675,4,church
epi,projector,-0.8611,-0.8906,4,church
epi,projector,-0.3148,-0.3867,4,church
epi,projector,-0.4221,0.3703,4,church
epi,projector,-0.0308,-0.6706,4,church
epi,projector,-0.7967,-0.2365,4,church
epi,projector,-0.1887,-0.0228,4,church
epi,projector,-0.4123,0.0532,4,church
epi,projector,-0.6324,-0.0275,4,church
epi,projector,-0.5487,0.2710,4,church
epi,projector,-0.3288,-0.0412,4,church
epi,projector,-0.3084,0.0342,4,church
epi,projector,-0.4832,-0.3156,4,church
epi,projector,-1.0530,0.0318,4,church
epi,projector,-0.4103,-0.5470,4,church
epi,projector,-0.7204,0.1929,4,church
epi,projector,-0.4408,-0.1243,4,church
epi,projector,-0.1704,-0.1832,4,church
epi,projector,-0.8487,-0.8885,4,church
epi,projector,-0.4261,-0.4288,4,church
epi,projector,-0.4519,-0.2037,4,church
epi,projector,-0.4001,0.5221,4,church
epi,projector,-0.8367,0.2328,4,church
epi,projector,-0.7729,-0.1305,4,church
epi,projector,-0.2693,0.2475,4,church
epi,projector,-0.6057,-0.3915,4,church
epi,projector,-0.7623,-0.1490,4,church
epi,projector,-0.6285,-0.0864,4,church
epi,projector,-0.7303,-0.1454,4,church
epi,projector,-0.4951,0.0730,4,church
epi,projector,-0.6112,0.1587,4,church
epi,projector,-0.3955,-0.0996,4,church
epi,projector,-1.0032,-0.8451,4,church
epi,projector,-0.4350,-0.3507,4,church
epi,projector,-0.7383,0.2572,4,church
epi,projector,-0.6431,-0.2425,4,church
epi,projector,-0.3878,-0.4874,4,church
epi,projector,-0.3726,-0.1281,4,church
epi,projector,-0.3726,0.0534,4,church
epi,projector,-0.6663,0.0902,4,church
epi,projector,-0.7442,-0.3337,4,church
epi,projector,-0.7105,0.5453,4,church
epi,projector,-0.9217,-0.3369,4,church
epi,projector,-0.3645,0.3856,4,church
epi,projector,-0.6802,-0.2593,4,church
epi,projector,-0.6306,-0.6544,4,church
epi,projector,0.0506,1.5412,4,church
epi,projector,-0.1340,-0.2952,4,church
epi,projector,-0.4068,-0.0949,4,church
epi,projector,-0.5421,-0.1278,4,church
epi,projector,-0.7050,-0.6995,4,church
epi,projector,-0.3710,0.1270,4,church
epi,projector,-0.4495,0.2383,4,church
epi,projector,-0.7706,-0.9193,4,church
epi,projector,-0.3975,-0.0905,4,church
epi,projector,-0.7119,0.1159,4,church
epi,projector,-0.4067,0.2111,4,church
epi,projector,-0.3124,0.0110,4,church
epi,projector,-0.1361,0.1037,4,church
epi,projector,-0.3606,-0.2621,4,church
epi,projector,-0.3148,-0.3968,4,church
epi,projector,-0.8622,-0.8742,4,church
epi,projector,-0.3123,-0.4294,4,church
epi,projector,-0.9508,-0.1169,4,church
epi,projector,-0.2610,-0.1952,4,church
epi,projector,-0.4704,0.3396,4,church
epi,projector,-0.3843,0.1435,4,church
epi,projector,-0.2750,-0.2839,4,church
epi,projector,-0.1289,0.1640,4,church
epi,projector,-0.7089,0.2435,4,church
epi,projector,-0.4007,-0.0794,4,church
epi,projector,-0.2393,-0.1547,4,church
epi,projector,-0.7647,0.2787,4,church
epi,projector,-0.4536,0.4418,4,church
epi,projector,-0.6525,0.1085,4,church
epi,projector,-0.4186,-0.1456,4,church
epi,projector,-0.2131,-0.3567,4,church
epi,projector,-0.3921,-0.3684,4,church
epi,projector,-0.7957,-0.5580,4,church
epi,projector,-0.4004,-0.3685,4,church
epi,projector,-1.0843,-0.6736,4,church
epi,projector,-0.0668,0.2208,4,church
epi,projector,-0.5760,-0.0501,4,church
epi,projector,-0.6292,-0.6454,4,church
epi,projector,-0.6115,-0.1084,4,church
epi,projector,-0.6542,-0.1367,4,church
epi,projector,-0.5148,-0.3034,4,church
epi,projector,-0.2252,-0.4715,4,church
epi,projector,-0.2592,0.8677,4,church
epi,projector,-0.3735,-0.1637,4,church
epi,projector,-0.3426,-0.6888,4,church
epi,projector,-0.3740,-0.1913,4,church
epi,projector,0.0408,0.1697,4,church
epi,projector,-0.4919,-0.2808,4,church
epi,projector,-0.8835,-0.2909,4,church
epi,projector,-0.5227,-0.5195,4,church
epi,projector,-0.4742,0.3465,4,church
epi,projector,-0.5787,0.1844,4,church
epi,projector,-0.8076,-0.8214,4,church
epi,projector,-0.7192,-0.7321,4,church
epi,projector,-0.3981,0.1479,4,church
epi,projector,-0.5613,0.1448,4,church
epi,projector,-0.5907,-0.8370,4,church
epi,projector,-0.5116,-0.2203,4,church
epi,projector,-0.6384,-0.2585,4,church
epi,projector,-0.8846,-0.8788,4,church
epi,projector,-0.6699,-0.7575,4,church
epi,projector,0.2113,-0.4373,4,church
epi,projector,-0.4494,0.1472,4,church
epi,projector,-0.4722,-0.3777,4,church
epi,projector,-0.7231,-0.2664,4,church
epi,projector,0.0364,-0.5295,4,church
epi,projector,-0.4845,-0.3117,4,church
epi,projector,-0.0913,-0.0765,4,church
epi,projector,0.1624,-0.3750,4,church
epi,projector,-0.3056,-0.3197,4,church
epi,projector,-0.1344,0.2636,4,church
epi,projector,-0.3289,-0.0335,4,church
epi,projector,-0.3767,0.0234,4,church
epi,projector,-0.6285,-0.3981,4,church
epi,projector,-0.5534,-0.3668,4,church
epi,projector,-0.3922,0.2335,4,church
epi,projector,-0.3150,-0.0943,4,church
epi,projector,-0.5623,0.1094,4,church
epi,projector,-0.5627,-0.6331,4,church
epi,projector,0.0223,-0.2036,4,church
epi,projector,-0.6014,-0.0174,4,church
epi,projector,-0.5049,-0.1930,4,church
epi,projector,-0.0206,-0.7390,4,church
epi,projector,-0.6048,-0.0649,4,church
epi,projector,-0.4941,0.3085,4,church
epi,projector,-0.6293,0.0079,4,church
epi,projector,-0.1155,-0.0615,4,church
epi,projector,-0.3031,0.2651,4,church
epi,projector,-0.2379,0.3175,4,church
epi,projector,-0.2112,0.0093,4,church
epi,projector,-0.4605,0.3303,4,church
epi,projector,-0.5143,-0.2379,4,church
epi,projector,-0.9105,0.0070,4,church
epi,projector,-0.3957,-0.1751,4,church
epi,projector,-0.4856,-0.3403,4,church
epi,projector,-0.4733,0.2608,4,church
epi,projector,-0.3613,0.0917,4,church
epi,projector,-0.7391,-0.2557,4,church
epi,projector,-0.4242,0.2406,4,church
epi,projector,-0.9074,-0.9108,4,church
epi,projector,-0.6091,0.5955,4,church
epi,projector,-0.3190,-0.3682,4,church
epi,projector,-0.8130,-0.1407,4,church
epi,projector,-0.5460,-0.7237,4,church
epi,projector,-0.5888,-0.6053,4,church
epi,projector,-0.4194,-0.1105,4,church
epi,projector,-0.6660,-0.1665,4,church
epi,projector,-0.5536,0.0302,4,church
epi,projector,-0.5657,-0.1512,4,church
epi,projector,-0.7423,-0.0640,4,church
epi,projector,-0.7747,-0.8804,4,church
epi,projector,-0.4451,-0.3626,4,church
epi,projector,-0.8064,-0.8661,4,church
epi,projector,-0.8130,-0.3753,4,church
epi,projector,-0.3645,-0.3160,4,church
epi,projector,-0.4483,-0.2282,4,church
epi,projector,-0.6148,-0.0516,4,church
epi,projector,-0.6114,-0.2700,4,church
epi,projector,-0.6746,-0.2909,4,church
epi,projector,-0.7455,-0.8431,4,church
epi,projector,-0.4828,-0.0546,4,church
epi,projector,-0.9835,-0.8024,4,church
epi,projector,-0.2707,0.8682,4,church
epi,projector,-0.8156,0.1114,4,church
epi,projector,-0.3736,0.0013,4,church
epi,projector,-0.3928,0.3664,4,church
epi,projector,-0.1468,1.1878,4,church
epi,projector,-0.3772,-0.0732,4,church
epi,projector,-0.4672,0.1529,4,church
epi,projector,-0.6929,-0.1314,4,church
epi,projector,-0.2268,0.3979,4,church
epi,projector,-0.5180,-0.0197,4,church
epi,projector,-0.5830,-0.0934,4,church
epi,projector,-1.3269,-0.5109,4,church
epi,projector,-0.4585,-0.2590,4,church
epi,projector,-0.1059,0.3327,4,church
epi,projector,-0.7883,-0.6002,4,church
epi,projector,0.2743,0.2605,4,church
epi,projector,-0.4503,-0.7828,4,church
epi,projector,-1.0016,-0.4974,4,church
epi,projector,-0.6414,0.3155,4,church
epi,projector,-0.4152,0.1346,4,church
epi,projector,-0.1688,-0.1570,4,church
epi,projector,-0.5517,0.0863,4,church
epi,projector,-0.4238,0.1780,4,church
epi,projector,-0.4928,0.5557,4,church
epi,projector,-0.6718,-0.0233,4,church
epi,projector,-0.9372,-0.7693,4,church
epi,projector,-0.3474,-0.2232,4,church
epi,projector,-0.0786,-0.0218,4,church
epi,projector,-0.8644,-0.7627,4,church
epi,projector,-0.6715,-0.2040,4,church
epi,projector,-0.6304,-0.1641,4,church
epi,projector,-0.4872,-0.2897,4,church
epi,projector,-0.2440,0.3234,4,church
epi,projector,-0.6502,0.2374,4,church
epi,projector,-0.4157,-0.3660,4,church
epi,projector,-0.6588,-0.0752,4,church
epi,projector,-0.4192,0.0754,4,church
epi,projector,-0.3502,-0.5178,4,church
epi,projector,-0.5004,-0.1737,4,church
epi,projector,-0.5434,-0.0566,4,church
epi,projector,-0.3877,0.1759,4,church
epi,projector,-0.5180,0.2529,4,church
epi,projector,-0.4416,-0.2620,4,church
epi,projector,-0.4147,-0.0844,4,church
epi,projector,-0.2544,-0.4771,4,church
epi,projector,-0.2600,0.3814,4,church
epi,projector,-0.6468,-0.0092,4,church
epi,projector,-0.6154,-0.5308,4,church
epi,projector,-0.0165,0.0910,5,horn
epi,projector,0.4066,0.1467,5,horn
epi,projector,0.4565,0.2087,5,horn
epi,projector,0.1635,0.1794,5,horn
epi,projector,0.3826,0.1491,5,horn
epi,projector,0.1860,0.7993,5,horn
epi,projector,0.3514,0.1758,5,horn
epi,projector,-0.0031,0.1850,5,horn
epi,projector,0.4508,0.1543,5,horn
epi,projector,-0.2323,-0.2215,5,horn
epi,projector,0.5542,0.3272,5,horn
epi,projector,-0.9210,-0.8462,5,horn
epi,projector,0.0553,1.6019,5,horn
epi,projector,0.1368,-0.0724,5,horn
epi,projector,0.4865,0.5887,5,horn
epi,projector,0.1146,1.5785,5,horn
epi,projector,0.4357,0.0182,5,horn
epi,projector,0.4442,0.8102,5,horn
epi,projector,0.0551,1.5187,5,horn
epi,projector,0.1723,1.3545,5,horn
epi,projector,-0.0752,1.2098,5,horn
epi,projector,0.3271,0.6269,5,horn
epi,projector,0.1288,0.1440,5,horn
epi,projector,-0.7431,0.0865,5,horn
epi,projector,0.5427,0.6094,5,horn
epi,projector,0.0519,1.2181,5,horn
epi,projector,0.2678,0.2492,5,horn
epi,projector,0.2656,0.5548,5,horn
epi,projector,0.1470,0.6272,5,horn
epi,projector,-0.0160,1.3534,5,horn
epi,projector,0.2793,-0.1225,5,horn
epi,projector,0.0073,1.5412,5,horn
epi,projector,0.1590,1.4191,5,horn
epi,projector,0.3690,0.2568,5,horn
epi,projector,0.2206,0.7716,5,horn
epi,projector,0.4039,0.8537,5,horn
epi,projector,0.1055,1.1676,5,horn
epi,projector,0.5453,0.1492,5,horn
epi,projector,0.0490,1.0605,5,horn
epi,projector,0.3037,0.5714,5,horn
epi,projector,0.4092,1.0514,5,horn
epi,projector,0.2581,0.0174,5,horn
epi,projector,0.5422,0.6954,5,horn
epi,projector,0.7672,-0.1469,5,horn
epi,projector,0.3862,1.1140,5,horn
epi,projector,0.0372,0.2882,5,horn
epi,projector,-0.4550,0.2958,5,horn
epi,projector,0.5122,-0.1351,5,horn
epi,projector,0.2878,0.6995,5,horn
epi,projector,0.3144,0.3547,5,horn
epi,projector,0.1703,1.5009,5,horn
epi,projector,0.5292,0.8599,5,horn
epi,projector,0.2345,-0.3856,5,horn
epi,projector,0.5742,-0.3618,5,horn
epi,projector,0.4074,0.1903,5,horn
epi,projector,0.0489,1.5894,5,horn
epi,projector,0.2057,1.3951,5,horn
epi,projector,-1.0936,-0.4238,5,horn
epi,projector,0.3258,0.0054,5,horn
epi,projector,0.3652,1.1039,5,horn
epi,projector,0.6053,0.7850,5,horn
epi,projector,0.4322,0.8035,5,horn
epi,projector,0.0446,-0.1395,5,horn
epi,projector,0.5699,-0.3851,5,horn
epi,projector,0.4179,0.2742,5,horn
epi,projector,1.0939,0.6627,5,horn
epi,projector,0.5627,-0.1369,5,horn
epi,projector,0.4602,-0.0687,5,horn
epi,projector,0.4461,0.1370,5,horn
epi,projector,0.7022,-0.0871,5,horn
epi,projector,0.2998,1.0135,5,horn
epi,projector,0.2292,0.1272,5,horn
epi,projector,0.1777,0.1454,5,horn
epi,projector,0.5285,0.1195,5,horn
epi,projector,-0.0264,0.0351,5,horn
epi,projector,0.4841,0.0298,5,horn
epi,projector,-0.0383,-0.2503,5,horn
epi,projector,0.6243,0.8505,5,horn
epi,projector,-0.2203,0.1380,5,horn
epi,projector,0.2747,0.2315,5,horn
epi,projector,0.4020,-0.3002,5,horn
epi,projector,0.4455,-0.0478,5,horn
epi,projector,0.0447,0.2048,5,horn
epi,projector,0.1677,-0.0326,5,horn
epi,projector,-0.0319,1.3543,5,horn
epi,projector,0.0192,0.1887,5,horn
epi,projector,-0.0194,0.1643,5,horn
epi,projector,-0.0679,-0.4446,5,horn
epi,projector,0.1684,0.0882,5,horn
epi,projector,0.5556,0.3269,5,horn
epi,projector,0.4434,0.4305,5,horn
epi,projector,0.4373,0.4246,5,horn
epi,projector,0.8732,-0.3196,5,horn
epi,projector,0.3269,0.1600,5,horn
epi,projector,0.2391,-0.1506,5,horn
epi,projector,-0.6939,-0.2867,5,horn
epi,projector,-0.6273,-0.1535,5,horn
epi,projector,-0.0443,0.2164,5,horn
epi,projector,0.3725,-0.0783,5,horn
epi,projector,0.2309,0.1609,5,horn
epi,projector,0.6277,-0.1667,5,horn
epi,projector,-0.1303,-0.4607,5,horn
epi,projector,0.2328,0.5214,5,horn
epi,projector,0.5041,0.5572,5,horn
epi,projector,0.4054,0.0047,5,horn
epi,projector,-0.1537,-0.0477,5,horn
epi,projector,0.5189,-0.6508,5,horn
epi,projector,0.0965,0.4907,5,horn
epi,projector,0.3603,0.1310,5,horn
epi,projector,0.5663,-0.3521,5,horn
epi,projector,0.1628,-0.1115,5,horn
epi,projector,0.2063,0.9844,5,horn
epi,projector,0.4167,0.1205,5,horn
epi,projector,0.6227,0.0557,5,horn
epi,projector,-0.1008,0.1929,5,horn
epi,projector,-0.3181,0.0128,5,horn
epi,projector,-0.0128,-0.0286,5,horn
epi,projector,0.3017,0.1842,5,horn
epi,projector,0.3907,-0.0727,5,horn
epi,projector,0.0457,-0.3073,5,horn
epi,projector,0.6365,-0.5488,5,horn
epi,projector,0.4031,0.0907,5,horn
epi,projector,0.4064,-0.2480,5,horn
epi,projector,0.6238,-0.0733,5,horn
epi,projector,-1.6078,-0.3154,5,horn
epi,projector,0.4262,0.4734,5,horn
epi,projector,0.3569,0.1521,5,horn
epi,projector,0.3814,0.3338,5,horn
epi,projector,0.5597,-0.0989,5,horn
epi,projector,-0.8836,-0.1194,5,horn
epi,projector,0.1454,1.2067,5,horn
epi,projector,-0.2010,0.2309,5,horn
epi,projector,-0.2794,-0.2398,5,horn
epi,projector,-0.2956,0.0049,5,horn
epi,projector,0.0857,0.1370,5,horn
epi,projector,-0.0017,0.0202,5,horn
epi,projector,0.2605,0.3971,5,horn
epi,projector,0.3368,0.3181,5,horn
epi,projector,0.1880,-0.2948,5,horn
epi,projector,0.4720,0.0577,5,horn
epi,projector,0.6621,-0.4543,5,horn
epi,projector,0.6801,-0.4416,5,horn
epi,projector,0.2270,0.1946,5,horn
epi,projector,0.4079,0.0556,5,horn
epi,projector,0.5527,-0.0531,5,horn
epi,projector,0.9394,-0.5754,5,horn
epi,projector,0.3484,0.1699,5,horn
epi,projector,-0.0218,0.2236,5,horn
epi,projector,0.0173,-0.3665,5,horn
epi,projector,1.1038,-0.6049,5,horn
epi,projector,0.2028,0.1194,5,horn
epi,projector,-0.5425,-0.1348,5,horn
epi,projector,0.5031,0.1045,5,horn
epi,projector,-0.8678,-0.3395,5,horn
epi,projector,0.1661,0.8745,5,horn
epi,projector,-1.1220,-0.3762,5,horn
epi,projector,0.4746,0.2933,5,horn
epi,projector,0.1904,0.3737,5,horn
epi,projector,0.3328,0.0180,5,horn
epi,projector,0.3727,-0.2202,5,horn
epi,projector,-0.1768,-0.1995,5,horn
epi,projector,-0.2146,-0.1763,5,horn
epi,projector,-0.3507,0.8784,5,horn
epi,projector,0.0973,0.9699,5,horn
epi,projector,0.7241,0.8680,5,horn
epi,projector,0.2428,0.1368,5,horn
epi,projector,0.3144,0.8907,5,horn
epi,projector,0.4947,0.3288,5,horn
epi,projector,0.2523,0.0943,5,horn
epi,projector,0.9281,0.2306,5,horn
epi,projector,0.2415,0.6549,5,horn
epi,projector,0.8245,-0.4670,5,horn
epi,projector,0.4210,-0.2067,5,horn
epi,projector,0.5425,0.1216,5,horn
epi,projector,0.7447,-0.0222,5,horn
epi,projector,0.3204,0.1882,5,horn
epi,projector,0.6639,-0.0371,5,horn
epi,projector,-0.6521,-0.1569,5,horn
epi,projector,-0.1090,-0.0417,5,horn
epi,projector,1.2094,0.8075,5,horn
epi,projector,0.4933,-0.6109,5,horn
epi,projector,0.4635,0.5992,5,horn
epi,projector,0.7339,0.8859,5,horn
epi,projector,0.0645,0.2411,5,horn
epi,projector,-0.0087,-0.5455,5,horn
epi,projector,0.3287,0.1398,5,horn
epi,projector,0.2924,0.0891,5,horn
epi,projector,0.6165,-0.1675,5,horn
epi,projector,-0.1104,-0.3933,5,horn
epi,projector,-0.3124,0.2074,5,horn
epi,projector,-0.1464,0.2252,5,horn
epi,projector,1.0028,-0.2398,5,horn
epi,projector,-0.3740,-0.1375,5,horn
epi,projector,0.1422,0.2873,5,horn
epi,projector,-0.0519,0.1350,5,horn
epi,projector,0.3335,0.3162,5,horn
epi,projector,0.2134,0.8953,5,horn
epi,projector,0.4593,0.1837,5,horn
epi,projector,-0.1480,0.1379,5,horn
epi,projector,0.5026,0.1427,5,horn
epi,projector,0.5336,0.1310,5,horn
epi,projector,-0.7121,-0.4455,5,horn
epi,projector,0.4621,0.6815,5,horn
epi,projector,0.7490,-0.7708,5,horn
epi,projector,0.4483,-0.6452,5,horn
epi,projector,0.1504,0.7369,5,horn
epi,projector,0.2979,0.3489,5,horn
epi,projector,0.0855,1.4298,5,horn
epi,projector,0.2648,-0.0304,5,horn
epi,projector,0.3347,0.1687,5,horn
epi,projector,0.1553,0.5493,5,horn
epi,projector,-0.0885,-0.1155,5,horn
epi,projector,-0.0409,-0.0599,5,horn
epi,projector,1.0244,-0.5552,5,horn
epi,projector,0.4312,0.1554,5,horn
epi,projector,-0.1456,0.0077,5,horn
epi,projector,-0.2819,0.1452,5,horn
epi,projector,0.2973,1.0105,5,horn
epi,projector,0.8040,0.9822,5,horn
epi,projector,0.2207,0.1034,5,horn
epi,projector,-0.6046,-0.8521,5,horn
epi,projector,0.2231,-0.0340,5,horn
epi,projector,0.4876,-0.0124,5,horn
epi,projector,0.3646,0.5375,5,horn
epi,projector,0.4452,-0.2115,5,horn
epi,projector,1.6017,-0.6083,5,horn
epi,projector,0.2923,0.9997,5,horn
epi,projector,-0.2900,0.4379,5,horn
epi,projector,0.1897,1.2274,5,horn
epi,projector,0.3740,0.1128,5,horn
epi,projector,0.3623,0.0102,5,horn
epi,projector,0.4885,0.1764,5,horn
epi,projector,0.2836,-0.0010,5,horn
epi,projector,0.5049,0.2174,5,horn
epi,projector,0.0500,0.0883,5,horn
epi,projector,-0.1418,0.0146,5,horn
epi,projector,0.3175,-0.0205,5,horn
epi,projector,0.3816,0.0432,5,horn
epi,projector,0.4476,0.4389,5,horn
epi,projector,0.4249,0.1546,5,horn
epi,projector,-0.1669,-0.3360,5,horn
epi,projector,-0.0869,0.2451,5,horn
epi,projector,0.6661,-0.4579,5,horn
epi,projector,0.3800,0.2650,5,horn
epi,projector,-0.5404,-0.3088,5,horn
epi,projector,0.5363,0.0895,5,horn
epi,projector,-0.0098,-0.6925,5,horn
epi,projector,0.4731,-0.0546,5,horn
epi,projector,-0.8920,-0.8141,5,horn
epi,projector,1.0845,1.0033,5,horn
epi,projector,0.3847,0.0685,5,horn
epi,projector,0.4423,0.3880,5,horn
epi,projector,0.2143,-0.4421,5,horn
epi,projector,0.1889,0.1055,5,horn
epi,projector,-0.8678,0.2978,5,horn
epi,projector,0.1316,-0.1433,5,horn
epi,projector,0.3691,0.8949,5,horn
epi,projector,0.3109,1.0147,5,horn
epi,projector,0.2688,0.1166,5,horn
epi,projector,-0.7289,-0.2329,5,horn
epi,projector,0.3316,0.1820,5,horn
epi,projector,0.0374,0.1108,5,horn
epi,projector,-0.4054,0.0811,5,horn
epi,projector,-1.8533,-0.4589,5,horn
epi,projector,0.4688,0.5646,5,horn
epi,projector,1.5716,-0.7548,5,horn
epi,projector,0.3572,0.4211,5,horn
epi,projector,0.3990,0.3178,5,horn
epi,projector,0.2338,0.1143,5,horn
epi,projector,0.4009,0.2183,5,horn
epi,projector,0.0110,-0.0985,5,horn
epi,projector,0.0645,0.2918,5,horn
epi,projector,-0.0502,-0.1347,5,horn
epi,projector,0.1035,0.2865,5,horn
epi,projector,0.4286,0.2106,5,horn
epi,projector,-0.0942,0.0251,5,horn
epi,projector,0.4229,0.2027,5,horn
epi,projector,0.1702,0.1217,5,horn
epi,projector,0.1921,0.0958,5,horn
epi,projector,0.8488,1.0161,5,horn
epi,projector,0.1487,1.1863,5,horn
epi,projector,0.5624,0.1616,5,horn
epi,projector,-0.3555,-0.1807,5,horn
epi,projector,0.2943,0.4671,5,horn
epi,projector,0.3252,0.4181,5,horn
epi,projector,0.3410,0.7222,5,horn
epi,projector,0.5333,0.3905,5,horn
epi,projector,0.2124,-0.1215,5,horn
epi,projector,-0.5495,-0.6321,5,horn
epi,projector,0.0229,0.1593,5,horn
epi,projector,0.1870,0.2816,5,horn
epi,projector,0.5176,0.3378,5,horn
epi,projector,-0.4715,-0.1343,5,horn
epi,projector,-0.1337,0.8729,5,horn
epi,projector,0.0962,-0.2420,5,horn
epi,projector,0.1750,0.0938,5,horn
epi,projector,0.7300,-0.2980,5,horn
epi,projector,-0.2391,-0.3387,5,horn
epi,projector,-0.8268,0.1199,5,horn
epi,projector,-0.8903,-0.6802,5,horn
epi,projector,0.2852,0.4560,5,horn
epi,projector,0.2531,0.0325,5,horn
epi,projector,1.4931,-0.5822,5,horn
epi,projector,0.1382,0.6044,5,horn
epi,projector,0.3057,-0.0117,5,horn
epi,projector,0.3423,0.0845,5,horn
epi,projector,0.4191,1.0481,5,horn
epi,projector,0.3763,-0.1622,5,horn
epi,projector,0.4882,0.6990,5,horn
epi,projector,0.4937,0.4812,5,horn
epi,projector,0.5105,0.4825,5,horn
epi,projector,0.8567,-0.2545,5,horn
epi,projector,0.1808,1.5190,5,horn
epi,projector,0.3201,0.5207,5,horn
epi,projector,-0.0605,1.0904,5,horn
epi,projector,-0.1313,-0.6637,5,horn
epi,projector,0.0208,1.3198,5,horn
epi,projector,0.1276,1.1592,5,horn
epi,projector,-0.2985,-0.5613,5,horn
epi,projector,0.1424,-0.0847,5,horn
epi,projector,0.1984,0.3324,5,horn
epi,projector,0.1024,1.5843,5,horn
epi,projector,0.0267,-0.0428,5,horn
epi,projector,0.1963,1.1819,5,horn
epi,projector,2.0455,0.8754,5,horn
epi,projector,1.8324,0.7975,5,horn
epi,projector,0.4254,0.1101,5,horn
epi,projector,0.3663,0.8972,5,horn
epi,projector,0.4881,0.0229,5,horn
epi,projector,0.2776,-0.0163,5,horn
epi,projector,0.3722,0.0318,5,horn
epi,projector,0.4234,0.7398,5,horn
epi,projector,0.5594,0.5753,5,horn
epi,projector,1.0159,-0.2242,5,horn
epi,projector,0.5541,0.2325,5,horn
epi,projector,0.1994,0.0522,5,horn
epi,projector,0.6753,-0.5783,5,horn
epi,projector,0.4592,0.3940,5,horn
epi,projector,0.2284,1.2491,5,horn
epi,projector,-0.2174,-0.2749,5,horn
epi,projector,0.6400,0.2347,5,horn
epi,projector,-0.1265,-0.6105,5,horn
epi,projector,2.0222,0.8203,5,horn
epi,projector,0.4206,0.9183,5,horn
epi,projector,0.2855,-0.1066,5,horn
epi,projector,0.4654,0.3335,5,horn
epi,projector,0.6127,0.6812,5,horn
epi,projector,1.3493,-0.8573,5,horn
epi,projector,0.1337,1.0258,5,horn
epi,projector,0.1697,1.4778,5,horn
epi,projector,0.3540,0.4075,5,horn
epi,projector,2.0119,0.8513,5,horn
epi,projector,0.3344,0.5425,5,horn
epi,projector,0.4479,0.3510,5,horn
epi,projector,-0.3133,-0.2222,5,horn
epi,projector,1.8928,0.7845,5,horn
epi,projector,0.3679,0.1302,5,horn
epi,projector,0.4598,0.5565,5,horn
epi,projector,0.2690,0.9375,5,horn
epi,projector,0.3778,0.9897,5,horn
epi,projector,-0.1195,1.3569,5,horn
epi,projector,1.0936,0.5651,5,horn
epi,projector,1.8829,0.7374,5,horn
epi,projector,0.1361,1.5192,5,horn
epi,projector,-0.2262,1.0686,5,horn
epi,projector,-0.3206,0.3279,5,horn
epi,projector,0.6518,0.5216,5,horn
epi,projector,0.3092,1.3230,5,horn
epi,projector,0.4555,0.5207,5,horn
epi,projector,0.5135,-0.0946,5,horn
epi,projector,-0.2075,-0.0251,5,horn
epi,projector,0.0876,1.5764,5,horn
epi,projector,0.4326,0.1096,5,horn
epi,projector,0.0405,1.6070,5,horn
epi,projector,0.6973,-0.0765,5,horn
epi,projector,0.2651,0.1083,5,horn
epi,projector,-0.0545,-0.0967,5,horn
epi,projector,0.0217,-0.0841,5,horn
epi,projector,0.3854,0.2221,5,horn
epi,projector,-0.8345,0.3817,5,horn
epi,projector,0.3634,0.4257,5,horn
epi,projector,0.4759,-0.0476,5,horn
epi,projector,1.0830,-0.5040,5,horn
epi,projector,0.0508,1.4166,5,horn
epi,projector,0.1381,1.4804,5,horn
epi,projector,0.2726,0.6397,5,horn
epi,projector,0.3493,0.6274,5,horn
epi,projector,-0.1105,0.1959,5,horn
epi,projector,0.3829,0.9338,5,horn
epi,projector,0.0398,1.2660,5,horn
epi,projector,0.3617,0.2432,5,horn
epi,projector,0.4461,0.8799,5,horn
epi,projector,0.2439,0.7047,5,horn
epi,projector,0.3837,0.6387,5,horn
epi,projector,-1.2862,-0.7452,6,truck
epi,projector,-1.7436,-1.0647,6,truck
epi,projector,-1.2862,-1.2722,6,truck
epi,projector,-1.3948,-1.1156,6,truck
epi,projector,-1.0527,-0.5051,6,truck
epi,projector,-0.7393,-0.6151,6,truck
epi,projector,-1.4675,-1.3016,6,truck
epi,projector,-1.2360,-1.2700,6,truck
epi,projector,-1.5520,-0.8221,6,truck
epi,projector,-1.3911,-1.1892,6,truck
epi,projector,-1.4276,-0.6327,6,truck
epi,projector,-1.5523,-0.8589,6,truck
epi,projector,-0.8234,-0.2300,6,truck
epi,projector,-1.7429,-1.1899,6,truck
epi,projector,-1.3721,-0.5434,6,truck
epi,projector,-1.2645,-0.5888,6,truck
epi,projector,-1.1976,-0.6403,6,truck
epi,projector,-1.5413,-0.5798,6,truck
epi,projector,-1.2383,-0.6927,6,truck
epi,projector,-1.2077,-1.2878,6,truck
epi,projector,-1.4405,-0.7577,6,truck
epi,projector,-0.4325,0.2231,6,truck
epi,projector,-1.7286,-0.8484,6,truck
epi,projector,-1.6158,-0.9837,6,truck
epi,projector,-1.1507,-0.4914,6,truck
epi,projector,-1.5008,-0.5922,6,truck
epi,projector,-1.4734,-1.2573,6,truck
epi,projector,-1.1278,-0.6363,6,truck
epi,projector,-1.2440,-1.0843,6,truck
epi,projector,-1.6690,-0.8002,6,truck
epi,projector,-0.8385,-0.3923,6,truck
epi,projector,-1.3986,-0.9097,6,truck
epi,projector,-1.6344,-0.7525,6,truck
epi,projector,-1.6105,-0.7638,6,truck
epi,projector,-0.9579,-0.6604,6,truck
epi,projector,-1.5987,-0.9805,6,truck
epi,projector,-0.6145,-0.4416,6,truck
epi,projector,-0.8608,-0.5825,6,truck
epi,projector,-1.0297,-0.9035,6,truck
epi,projector,-1.5334,-1.2936,6,truck
epi,projector,0.5788,-0.4955,6,truck
epi,projector,-1.4503,-0.8367,6,truck
epi,projector,-1.3845,-1.0811,6,truck
epi,projector,-1.6852,-1.0784,6,truck
epi,projector,-1.0738,-0.8317,6,truck
epi,projector,-1.3050,-1.1381,6,truck
epi,projector,-0.6281,-0.3359,6,truck
epi,projector,-0.1006,-0.6078,6,truck
epi,projector,-0.0784,-0.5991,6,truck
epi,projector,-1.2765,-0.9468,6,truck
epi,projector,-0.2347,-0.3443,6,truck
epi,projector,-1.2582,-1.0430,6,truck
epi,projector,-1.4069,-1.1187,6,truck
epi,projector,-1.2807,-0.7980,6,truck
epi,projector,-0.4876,-0.9140,6,truck
epi,projector,-1.5680,-1.0155,6,truck
epi,projector,-0.2287,-0.6731,6,truck
epi,projector,-0.7329,-0.4043,6,truck
epi,projector,-1.0381,-0.9129,6,truck
epi,projector,-1.6290,-0.9667,6,truck
epi,projector,-1.5975,-0.7893,6,truck
epi,projector,-0.9576,-0.2825,6,truck
epi,projector,-0.2098,-0.7784,6,truck
epi,projector,0.0465,0.0128,6,truck
epi,projector,-1.5985,-0.8084,6,truck
epi,projector,-1.5266,-0.9250,6,truck
epi,projector,-1.6062,-0.8951,6,truck
epi,projector,-0.0008,-0.4118,6,truck
epi,projector,-0.1708,0.5888,6,truck
epi,projector,-0.9687,-0.5219,6,truck
epi,projector,-1.3074,-0.5171,6,truck
epi,projector,-0.3568,-0.5521,6,truck
epi,projector,-1.4469,-1.1386,6,truck
epi,projector,-0.4339,-0.5383,6,truck
epi,projector,-1.6706,-1.2193,6,truck
epi,projector,-1.6365,-0.7097,6,truck
epi,projector,-1.4542,-1.0527,6,truck
epi,projector,-1.4425,-1.0500,6,truck
epi,projector,-1.4581,-0.9973,6,truck
epi,projector,-1.2359,-1.0046,6,truck
epi,projector,-1.7932,-1.1813,6,truck
epi,projector,-1.5900,-1.2067,6,truck
epi,projector,-1.2395,-0.6414,6,truck
epi,projector,-1.7695,-0.9144,6,truck
epi,projector,-1.3675,-0.8389,6,truck
epi,projector,-1.3341,-0.8247,6,truck
epi,projector,-1.4156,-1.1284,6,truck
epi,projector,-1.1153,-0.5805,6,truck
epi,projector,-0.9590,-0.9244,6,truck
epi,projector,-0.4691,-0.4379,6,truck
epi,projector,-1.7265,-1.0683,6,truck
epi,projector,-1.5030,-0.9191,6,truck
epi,projector,-0.6143,-0.2330,6,truck
epi,projector,-1.0950,-1.0600,6,truck
epi,projector,-1.5494,-1.0254,6,truck
epi,projector,-1.7390,-0.9006,6,truck
epi,projector,-1.5171,-1.2216,6,truck
epi,projector,0.0357,-0.7518,6,truck
epi,projector,-1.2973,-0.9752,6,truck
epi,projector,-1.3331,-1.0017,6,truck
epi,projector,-1.7048,-1.0266,6,truck
epi,projector,-1.3290,-0.5736,6,truck
epi,projector,-1.2628,-0.4476,6,truck
epi,projector,-1.3196,-0.7927,6,truck
epi,projector,-1.2309,-0.4539,6,truck
epi,projector,-1.0553,-1.1027,6,truck
epi,projector,-1.5387,-0.8203,6,truck
epi,projector,-1.6472,-0.9397,6,truck
epi,projector,-1.2598,-0.8350,6,truck
epi,projector,-1.8257,-1.1430,6,truck
epi,projector,-1.3238,-1.1589,6,truck
epi,projector,-1.6237,-0.8254,6,truck
epi,projector,-1.5387,-1.0016,6,truck
epi,projector,-0.2478,-0.5686,6,truck
epi,projector,-1.6985,-0.9417,6,truck
epi,projector,-1.5182,-1.2848,6,truck
epi,projector,-1.6396,-1.0311,6,truck
epi,projector,0.0022,0.4745,6,truck
epi,projector,-1.4474,-0.8061,6,truck
epi,projector,-1.6761,-1.2429,6,truck
epi,projector,-1.2083,-0.7533,6,truck
epi,projector,-1.5856,-0.8525,6,truck
epi,projector,-0.8076,-0.7891,6,truck
epi,projector,-1.4377,-0.9837,6,truck
epi,projector,-1.5095,-0.8247,6,truck
epi,projector,-1.4823,-0.8162,6,truck
epi,projector,-1.5303,-0.9550,6,truck
epi,projector,-1.6662,-0.8505,6,truck
epi,projector,-1.0705,-0.7230,6,truck
epi,projector,-1.6785,-0.7885,6,truck
epi,projector,-1.4604,-1.0439,6,truck
epi,projector,-1.3077,-0.9017,6,truck
epi,projector,-1.3365,-1.1481,6,truck
epi,projector,-1.4927,-0.8661,6,truck
epi,projector,-1.6239,-1.0259,6,truck
epi,projector,-1.7188,-0.8645,6,truck
epi,projector,-0.9119,-0.4325,6,truck
epi,projector,-1.3637,-0.9594,6,truck
epi,projector,-1.0685,-0.5834,6,truck
epi,projector,-1.0107,-0.9205,6,truck
epi,projector,-1.6559,-0.9011,6,truck
epi,projector,-0.4473,-0.3136,6,truck
epi,projector,-1.3362,-0.8255,6,truck
epi,projector,-0.7172,-0.6203,6,truck
epi,projector,-1.1356,-0.9292,6,truck
epi,projector,-1.4739,-0.9780,6,truck
epi,projector,-1.6193,-0.9424,6,truck
epi,projector,-1.5180,-1.0196,6,truck
epi,projector,-1.6512,-1.0615,6,truck
epi,projector,-1.1364,-0.5271,6,truck
epi,projector,-0.9480,-1.1191,6,truck
epi,projector,-1.5171,-0.8937,6,truck
epi,projector,-1.5510,-1.0330,6,truck
epi,projector,-1.4374,-1.1222,6,truck
epi,projector,-1.5185,-1.0418,6,truck
epi,projector,-1.3600,-1.0748,6,truck
epi,projector,-1.6069,-0.8494,6,truck
epi,projector,-1.7317,-0.7885,6,truck
epi,projector,-1.4845,-0.8120,6,truck
epi,projector,-1.6448,-0.6949,6,truck
epi,projector,-1.5949,-1.0535,6,truck
epi,projector,-1.6574,-1.1174,6,truck
epi,projector,-1.2117,-0.5910,6,truck
epi,projector,-1.7892,-0.9184,6,truck
epi,projector,-1.7891,-0.8865,6,truck
epi,projector,-1.6371,-1.2051,6,truck
epi,projector,-1.2237,-0.7521,6,truck
epi,projector,-1.6273,-1.0398,6,truck
epi,projector,-1.2212,-1.0589,6,truck
epi,projector,-1.5483,-1.2663,6,truck
epi,projector,-1.4391,-1.1699,6,truck
epi,projector,-1.6417,-1.0363,6,truck
epi,projector,-0.5995,-0.5957,6,truck
epi,projector,-1.0195,-0.5205,6,truck
epi,projector,-1.4911,-0.7798,6,truck
epi,projector,-1.6637,-0.9196,6,truck
epi,projector,-1.4036,-0.7421,6,truck
epi,projector,-1.0580,-0.5319,6,truck
epi,projector,-1.4018,-0.8982,6,truck
epi,projector,-1.5989,-1.0717,6,truck
epi,projector,-1.5256,-0.7720,6,truck
epi,projector,-1.5710,-0.9974,6,truck
epi,projector,-0.6654,-0.9586,6,truck
epi,projector,-1.7609,-0.9762,6,truck
epi,projector,-1.4852,-0.9396,6,truck
epi,projector,-1.5743,-0.8939,6,truck
epi,projector,-1.5009,-0.9895,6,truck
epi,projector,-1.0104,-0.8736,6,truck
epi,projector,-1.4537,-0.7083,6,truck
epi,projector,-1.4877,-0.8407,6,truck
epi,projector,-1.2822,-1.0035,6,truck
epi,projector,-1.3978,-0.8412,6,truck
epi,projector,-1.3641,-0.7331,6,truck
epi,projector,-1.3810,-0.9044,6,truck
epi,projector,-1.5026,-0.8076,6,truck
epi,projector,0.0998,-0.7427,6,truck
epi,projector,-0.7315,0.1811,6,truck
epi,projector,-1.6559,-0.8904,6,truck
epi,projector,-1.1066,-0.5175,6,truck
epi,projector,-0.6542,-0.8661,6,truck
epi,projector,-0.2371,-0.6495,6,truck
epi,projector,-1.5337,-0.7894,6,truck
epi,projector,-1.5398,-1.0529,6,truck
epi,projector,-1.1980,-0.8214,6,truck
epi,projector,-1.0540,-0.6285,6,truck
epi,projector,-1.2595,-0.6075,6,truck
epi,projector,-1.3449,-1.0761,6,truck
epi,projector,-1.6225,-0.9972,6,truck
epi,projector,-1.5160,-0.7317,6,truck
epi,projector,-1.4300,-0.9289,6,truck
epi,projector,-1.4020,-1.2749,6,truck
epi,projector,-0.9548,-0.3067,6,truck
epi,projector,-1.6953,-0.8843,6,truck
epi,projector,-1.3454,-0.7104,6,truck
epi,projector,-1.3319,-1.0068,6,truck
epi,projector,-1.6875,-0.8016,6,truck
epi,projector,-1.6906,-1.1248,6,truck
epi,projector,-1.4658,-0.8605,6,truck
epi,projector,-0.8164,-0.5161,6,truck
epi,projector,-1.4363,-1.1569,6,truck
epi,projector,-1.6156,-0.8980,6,truck
epi,projector,-1.2943,-0.6324,6,truck
epi,projector,-0.2071,1.4321,6,truck
epi,projector,-1.3404,-0.9211,6,truck
epi,projector,-0.3859,-0.9063,6,truck
epi,projector,-1.3506,-0.7885,6,truck
epi,projector,-1.3900,-1.0030,6,truck
epi,projector,-0.4259,0.0671,6,truck
epi,projector,-0.2958,-0.4232,6,truck
epi,projector,0.3247,-0.2887,6,truck
epi,projector,-1.6105,-1.0979,6,truck
epi,projector,-0.0929,0.0161,6,truck
epi,projector,0.0051,-0.8358,6,truck
epi,projector,-0.4657,0.0052,6,truck
epi,projector,-1.2476,-1.2804,6,truck
epi,projector,-0.0964,-0.3127,6,truck
epi,projector,-0.9235,-0.7110,6,truck
epi,projector,-0.9160,-0.3261,6,truck
epi,projector,0.2766,0.1130,6,truck
epi,projector,-1.7416,-1.0421,6,truck
epi,projector,-0.7054,-0.5882,6,truck
epi,projector,-1.5854,-0.9772,6,truck
epi,projector,-1.4904,-1.1309,6,truck
epi,projector,-1.3612,-0.9372,6,truck
epi,projector,0.0273,-0.2273,6,truck
epi,projector,-1.5264,-0.9613,6,truck
epi,projector,-0.9662,-0.7759,6,truck
epi,projector,-1.2102,-0.7589,6,truck
epi,projector,-1.1507,-0.8329,6,truck
epi,projector,-0.9696,-0.7868,6,truck
epi,projector,-1.5681,-0.9381,6,truck
epi,projector,-1.3330,-0.4879,6,truck
epi,projector,-1.6156,-0.9864,6,truck
epi,projector,-1.4214,-0.5422,6,truck
epi,projector,-1.5037,-1.1111,6,truck
epi,projector,-1.2088,-0.4117,6,truck
epi,projector,-1.1657,-0.6711,6,truck
epi,projector,0.0244,-0.5837,6,truck
epi,projector,-0.1803,-0.1513,6,truck
epi,projector,-0.5861,-0.3325,6,truck
epi,projector,-1.6397,-0.9384,6,truck
epi,projector,-1.0868,-0.5404,6,truck
epi,projector,-1.3071,-0.9301,6,truck
epi,projector,-1.1504,-0.8093,6,truck
epi,projector,-1.6427,-1.0220,6,truck
epi,projector,-0.7080,-0.6571,6,truck
epi,projector,-1.0493,-0.9561,6,truck
epi,projector,-1.2812,-0.9100,6,truck
epi,projector,-1.3947,-0.5368,6,truck
epi,projector,-1.5033,-0.8867,6,truck
epi,projector,-0.8207,-0.9340,6,truck
epi,projector,-1.3994,-1.0095,6,truck
epi,projector,-1.4343,-0.7432,6,truck
epi,projector,-1.5387,-0.9317,6,truck
epi,projector,-1.2020,-0.7599,6,truck
epi,projector,-1.3861,-0.7569,6,truck
epi,projector,-0.5736,-0.7783,6,truck
epi,projector,-1.3993,-0.9665,6,truck
epi,projector,-0.2407,-0.7776,6,truck
epi,projector,-1.5489,-1.2189,6,truck
epi,projector,-1.0459,-0.7111,6,truck
epi,projector,-1.1309,-0.6622,6,truck
epi,projector,-1.0710,-0.7707,6,truck
epi,projector,-1.0418,-0.6367,6,truck
epi,projector,-1.2012,-0.9843,6,truck
epi,projector,-1.0982,-1.2435,6,truck
epi,projector,-1.3994,-0.8753,6,truck
epi,projector,-1.5226,-1.0106,6,truck
epi,projector,-1.7662,-1.0285,6,truck
epi,projector,-1.0893,-0.6942,6,truck
epi,projector,-0.6891,-0.5636,6,truck
epi,projector,-1.2274,-0.9255,6,truck
epi,projector,-1.5171,-0.8734,6,truck
epi,projector,-0.7483,-0.3556,6,truck
epi,projector,-0.8876,-0.8275,6,truck
epi,projector,-1.3904,-0.7483,6,truck
epi,projector,-0.5615,-0.6192,6,truck
epi,projector,-1.6181,-0.9731,6,truck
epi,projector,-1.5926,-0.8658,6,truck
epi,projector,-1.5735,-1.0303,6,truck
epi,projector,-1.3220,-1.0411,6,truck
epi,projector,-1.3730,-0.7796,6,truck
epi,projector,-1.6439,-0.9333,6,truck
epi,projector,-1.2189,-0.8273,6,truck
epi,projector,-0.5634,-0.2922,6,truck
epi,projector,-1.1107,-0.3739,6,truck
epi,projector,-0.6108,0.0423,6,truck
epi,projector,-1.3832,-1.0040,6,truck
epi,projector,0.5721,-0.1710,6,truck
epi,projector,-1.2717,-0.9540,6,truck
epi,projector,-1.3476,-0.8958,6,truck
epi,projector,-1.2978,-0.7352,6,truck
epi,projector,-0.8611,-0.7792,6,truck
epi,projector,0.2934,0.3822,6,truck
epi,projector,-1.6352,-1.0646,6,truck
epi,projector,-0.7427,-0.6747,6,truck
epi,projector,-1.2073,-0.9820,6,truck
epi,projector,-0.1292,-0.6590,6,truck
epi,projector,-1.7190,-1.1039,6,truck
epi,projector,-1.5251,-1.0382,6,truck
epi,projector,-1.3908,-1.0071,6,truck
epi,projector,-1.1088,-0.7987,6,truck
epi,projector,-0.8922,-0.7393,6,truck
epi,projector,-1.6013,-1.0561,6,truck
epi,projector,-1.4126,-0.6984,6,truck
epi,projector,-1.3671,-0.9481,6,truck
epi,projector,-1.3138,-0.6665,6,truck
epi,projector,-1.2289,-0.5924,6,truck
epi,projector,-1.4272,-0.9857,6,truck
epi,projector,-1.3565,-0.6125,6,truck
epi,projector,-1.3239,-0.8675,6,truck
epi,projector,-1.4022,-0.9221,6,truck
epi,projector,-1.0833,-0.9771,6,truck
epi,projector,-0.6675,-0.0595,6,truck
epi,projector,-1.0438,-0.7242,6,truck
epi,projector,-1.5509,-1.2321,6,truck
epi,projector,-1.6178,-0.8380,6,truck
epi,projector,-1.2984,-0.7763,6,truck
epi,projector,-0.9815,-0.5750,6,truck
epi,projector,-1.1239,-0.4055,6,truck
epi,projector,-1.1449,-0.6891,6,truck
epi,projector,-1.5039,-0.7731,6,truck
epi,projector,-1.0710,-0.8051,6,truck
epi,projector,-0.9080,-0.5734,6,truck
epi,projector,-0.9414,-0.3372,6,truck
epi,projector,-0.9446,-0.3734,6,truck
epi,projector,-1.1424,-0.3435,6,truck
epi,projector,-1.1479,-0.4501,6,truck
epi,projector,0.0403,-0.7079,6,truck
epi,projector,-0.8195,-0.4721,6,truck
epi,projector,-1.3455,-0.8334,6,truck
epi,projector,-1.4645,-0.7453,6,truck
epi,projector,-1.5037,-0.9785,6,truck
epi,projector,-1.3641,-0.9524,6,truck
epi,projector,-0.3943,-0.2428,6,truck
epi,projector,-1.6280,-0.7037,6,truck
epi,projector,-0.7680,-0.8605,6,truck
epi,projector,-1.6394,-0.8686,6,truck
epi,projector,-1.0971,-0.9571,6,truck
epi,projector,-1.2606,-0.6177,6,truck
epi,projector,-1.4011,-0.9528,6,truck
epi,projector,-1.5017,-0.6485,6,truck
epi,projector,-0.3641,-0.1591,6,truck
epi,projector,-1.4706,-1.0732,6,truck
epi,projector,-1.6332,-0.8219,6,truck
epi,projector,-1.1904,-0.6867,6,truck
epi,projector,-1.5471,-0.9305,6,truck
epi,projector,-0.6267,-0.8433,6,truck
epi,projector,-1.5875,-1.0069,6,truck
epi,projector,-0.8683,-0.9740,6,truck
epi,projector,-1.6188,-0.8487,6,truck
epi,projector,-0.9649,-0.6107,6,truck
epi,projector,-1.3577,-1.2318,6,truck
epi,projector,-1.4662,-0.8006,6,truck
epi,projector,-0.7346,-0.2271,6,truck
epi,projector,-1.2684,-0.9272,6,truck
epi,projector,-1.5781,-0.6989,6,truck
epi,projector,-1.5655,-0.8563,6,truck
epi,projector,-1.4906,-0.9427,6,truck
epi,projector,-1.5918,-0.9909,6,truck
epi,projector,-1.3412,-0.8095,6,truck
epi,projector,-1.5212,-0.9243,6,truck
epi,projector,-0.8584,-0.9326,6,truck
epi,projector,-1.3509,-0.5516,6,truck
epi,projector,-1.5014,-0.9065,6,truck
epi,projector,-1.3949,-1.1440,6,truck
epi,projector,-0.3002,-0.5804,6,truck
epi,projector,-1.7551,-0.8598,6,truck
epi,projector,-1.2223,-1.0565,6,truck
epi,projector,-1.7367,-0.3761,7,pump
epi,projector,-0.9572,-0.7292,7,pump
epi,projector,-1.3188,-0.7186,7,pump
epi,projector,-1.4738,-0.7778,7,pump
epi,projector,-1.7181,-0.6096,7,pump
epi,projector,-1.8428,-0.4648,7,pump
epi,projector,-0.2590,-0.4208,7,pump
epi,projector,-0.2625,0.0382,7,pump
epi,projector,-1.6854,-0.5130,7,pump
epi,projector,-0.7860,-0.2994,7,pump
epi,projector,-1.7322,-0.3859,7,pump
epi,projector,-1.3916,-0.6604,7,pump
epi,projector,-1.8008,-0.6416,7,pump
epi,projector,-1.3313,-0.5478,7,pump
epi,projector,-2.0021,-0.6419,7,pump
epi,projector,-0.7121,-0.1659,7,pump
epi,projector,-2.1553,-0.5442,7,pump
epi,projector,-1.7638,-0.3249,7,pump
epi,projector,-1.7351,-0.4418,7,pump
epi,projector,-1.1639,-0.1460,7,pump
epi,projector,-1.8707,-0.2760,7,pump
epi,projector,-1.7805,-0.5985,7,pump
epi,projector,-1.7086,-0.4863,7,pump
epi,projector,-1.5182,-0.6587,7,pump
epi,projector,-1.2862,0.1695,7,pump
epi,projector,-1.2958,-0.4452,7,pump
epi,projector,-1.3876,-0.4605,7,pump
epi,projector,-1.4431,0.2352,7,pump
epi,projector,-1.6724,-0.4407,7,pump
epi,projector,-1.9363,-0.6980,7,pump
epi,projector,-1.7256,-0.6372,7,pump
epi,projector,-1.7263,-0.6024,7,pump
epi,projector,0.1252,0.4535,7,pump
epi,projector,-2.0360,-0.3817,7,pump
epi,projector,-1.3910,-0.5962,7,pump
epi,projector,-1.6019,-0.6428,7,pump
epi,projector,-1.6223,-0.4532,7,pump
epi,projector,-1.5241,-0.3359,7,pump
epi,projector,-1.7218,-0.4639,7,pump
epi,projector,-1.5245,-0.4799,7,pump
epi,projector,0.1944,0.4816,7,pump
epi,projector,-1.9895,-0.6051,7,pump
epi,projector,-1.1861,-0.1746,7,pump
epi,projector,-1.9139,-0.6589,7,pump
epi,projector,-1.8762,-0.6088,7,pump
epi,projector,-0.0480,-0.1729,7,pump
epi,projector,-1.2214,-0.7718,7,pump
epi,projector,-1.1150,-0.4802,7,pump
epi,projector,-0.4164,-0.2979,7,pump
epi,projector,-1.0456,-0.5602,7,pump
epi,projector,-0.7111,-0.2093,7,pump
epi,projector,-1.6547,-0.1740,7,pump
epi,projector,-1.1462,-0.4867,7,pump
epi,projector,-0.0036,-0.5538,7,pump
epi,projector,-1.1393,-0.3515,7,pump
epi,projector,-0.7263,-0.7513,7,pump
epi,projector,-0.4366,-0.0284,7,pump
epi,projector,-1.4245,-0.5632,7,pump
epi,projector,-1.8211,-0.7880,7,pump
epi,projector,-1.1326,-0.6822,7,pump
epi,projector,-1.0961,0.2884,7,pump
epi,projector,-1.2628,-0.6660,7,pump
epi,projector,0.4373,-0.8969,7,pump
epi,projector,-1.8625,-0.5618,7,pump
epi,projector,-0.2871,-0.2110,7,pump
epi,projector,-0.6993,-0.5373,7,pump
epi,projector,-0.6290,-0.1323,7,pump
epi,projector,-1.7413,-0.3578,7,pump
epi,projector,-1.8095,-0.4240,7,pump
epi,projector,-1.5410,-0.5726,7,pump
epi,projector,-1.6330,-0.6119,7,pump
epi,projector,-1.3428,-0.7743,7,pump
epi,projector,-1.6508,-0.6636,7,pump
epi,projector,-1.8153,-0.1243,7,pump
epi,projector,-1.7255,-0.5628,7,pump
epi,projector,-1.5938,-0.6272,7,pump
epi,projector,-0.9081,-0.3229,7,pump
epi,projector,-1.5017,-0.6261,7,pump
epi,projector,-0.6257,-0.4164,7,pump
epi,projector,-1.4451,-0.6046,7,pump
epi,projector,-1.3024,-0.1779,7,pump
epi,projector,-1.7676,-0.4638,7,pump
epi,projector,-1.2377,-0.7349,7,pump
epi,projector,-1.7179,-0.5820,7,pump
epi,projector,-1.3448,-0.4984,7,pump
epi,projector,-1.4820,-0.5719,7,pump
epi,projector,-1.2970,-0.8820,7,pump
epi,projector,-1.8220,-0.6359,7,pump
epi,projector,-1.6912,-0.5479,7,pump
epi,projector,-0.9349,-0.1227,7,pump
epi,projector,-1.5314,-0.5421,7,pump
epi,projector,-1.9755,-0.5611,7,pump
epi,projector,-1.3953,-0.2758,7,pump
epi,projector,-1.7636,-0.2887,7,pump
epi,projector,-0.8877,-0.3521,7,pump
epi,projector,-1.1693,-0.5746,7,pump
epi,projector,-1.1126,-0.4085,7,pump
epi,projector,-1.4380,-0.2519,7,pump
epi,projector,-0.9394,-0.6351,7,pump
epi,projector,-1.2606,-0.2817,7,pump
epi,projector,-1.7413,-0.4315,7,pump
epi,projector,-0.6548,-0.5191,7,pump
epi,projector,-1.5220,-0.4648,7,pump
epi,projector,-2.0307,-0.5442,7,pump
epi,projector,0.1941,0.2147,7,pump
epi,projector,-1.1757,-0.6734,7,pump
epi,projector,-1.2501,-0.6647,7,pump
epi,projector,-1.1313,-0.7802,7,pump
epi,projector,-0.7553,-0.5512,7,pump
epi,projector,-1.5957,-0.0042,7,pump
epi,projector,-2.0365,-0.4905,7,pump
epi,projector,-1.0796,-0.4146,7,pump
epi,projector,-1.9157,-0.3053,7,pump
epi,projector,-0.8339,-0.5636,7,pump
epi,projector,-1.3518,-0.7868,7,pump
epi,projector,-1.1976,-0.4519,7,pump
epi,projector,0.1949,0.6640,7,pump
epi,projector,-1.6459,-0.4720,7,pump
epi,projector,-0.6219,-0.6748,7,pump
epi,projector,-0.8403,-0.1476,7,pump
epi,projector,-0.9730,-0.3801,7,pump
epi,projector,0.1912,-0.1242,7,pump
epi,projector,-1.6238,-0.5783,7,pump
epi,projector,-1.7013,-0.4268,7,pump
epi,projector,-1.5394,-0.5438,7,pump
epi,projector,-1.5860,-0.7044,7,pump
epi,projector,-1.3419,-0.6288,7,pump
epi,projector,-1.7100,-0.6762,7,pump
epi,projector,-1.4901,-0.5622,7,pump
epi,projector,-1.7286,-0.3657,7,pump
epi,projector,-1.3898,-0.4124,7,pump
epi,projector,-2.0224,-0.2605,7,pump
epi,projector,-2.0139,-0.5645,7,pump
epi,projector,-1.4595,-0.5577,7,pump
epi,projector,-1.8251,-0.4841,7,pump
epi,projector,-1.7817,-0.6743,7,pump
epi,projector,-0.9394,-0.4910,7,pump
epi,projector,-1.9924,-0.4611,7,pump
epi,projector,-1.7389,-0.6253,7,pump
epi,projector,-1.5281,-0.6830,7,pump
epi,projector,-1.8045,-0.6584,7,pump
epi,projector,-1.4319,-0.6467,7,pump
epi,projector,-1.7628,-0.5075,7,pump
epi,projector,-1.3866,-0.4537,7,pump
epi,projector,-1.5349,-0.7003,7,pump
epi,projector,-0.8883,-0.1797,7,pump
epi,projector,-1.1597,-0.5736,7,pump
epi,projector,-1.4127,-0.1772,7,pump
epi,projector,-1.0798,-0.5455,7,pump
epi,projector,-1.5046,-0.3195,7,pump
epi,projector,-0.9221,-0.3437,7,pump
epi,projector,-1.2034,-0.4297,7,pump
epi,projector,-1.4519,-0.5543,7,pump
epi,projector,-0.5950,-0.1796,7,pump
epi,projector,-1.2949,-0.5765,7,pump
epi,projector,-1.5955,-0.4869,7,pump
epi,projector,-0.9754,-0.8550,7,pump
epi,projector,-1.5936,-0.7105,7,pump
epi,projector,-1.0789,-0.4855,7,pump
epi,projector,-1.5434,-0.4795,7,pump
epi,projector,-1.6271,-0.1534,7,pump
epi,projector,-1.7336,-0.2960,7,pump
epi,projector,-1.7333,-0.3523,7,pump
epi,projector,-1.0363,-0.4332,7,pump
epi,projector,-1.7826,-0.3650,7,pump
epi,projector,-0.9633,-0.1226,7,pump
epi,projector,-1.0952,-0.1546,7,pump
epi,projector,0.1271,-0.7266,7,pump
epi,projector,-1.7422,-0.3943,7,pump
epi,projector,-1.8633,-0.6156,7,pump
epi,projector,-1.7140,-0.5503,7,pump
epi,projector,-2.0636,-0.5138,7,pump
epi,projector,-1.5450,-0.6562,7,pump
epi,projector,-1.7449,-0.7290,7,pump
epi,projector,-1.4037,-0.5018,7,pump
epi,projector,-1.4254,-0.6055,7,pump
epi,projector,-1.0139,-0.6416,7,pump
epi,projector,-1.5378,-0.5644,7,pump
epi,projector,0.5979,-0.3148,7,pump
epi,projector,-1.8465,-0.3418,7,pump
epi,projector,-1.6675,-0.4771,7,pump
epi,projector,-1.5866,-0.7014,7,pump
epi,projector,-1.2075,-0.3074,7,pump
epi,projector,-1.5414,-0.5081,7,pump
epi,projector,-1.6827,-0.4288,7,pump
epi,projector,-1.7942,-0.5911,7,pump
epi,projector,-1.3544,-0.5401,7,pump
epi,projector,-1.6683,-0.3341,7,pump
epi,projector,-0.4898,-0.6735,7,pump
epi,projector,-0.8626,0.0376,7,pump
epi,projector,-1.7725,-0.6411,7,pump
epi,projector,-0.8523,-0.5476,7,pump
epi,projector,0.5627,0.2004,7,pump
epi,projector,-1.7487,-0.5426,7,pump
epi,projector,-1.6074,-0.4724,7,pump
epi,projector,-1.7489,-0.5753,7,pump
epi,projector,-1.9675,-0.2057,7,pump
epi,projector,-1.5443,-0.5559,7,pump
epi,projector,-1.8444,-0.5457,7,pump
epi,projector,-1.5234,-0.7179,7,pump
epi,projector,-1.7100,-0.4792,7,pump
epi,projector,-1.7841,-0.3010,7,pump
epi,projector,-1.6892,-0.3688,7,pump
epi,projector,-1.3906,-0.6441,7,pump
epi,projector,-2.0331,-0.6399,7,pump
epi,projector,-1.6897,-0.4490,7,pump
epi,projector,0.1844,0.3915,7,pump
epi,projector,-2.0333,-0.4015,7,pump
epi,projector,-1.6350,-0.7220,7,pump
epi,projector,-1.8108,-0.1515,7,pump
epi,projector,-1.7773,-0.7098,7,pump
epi,projector,-1.5319,-0.6559,7,pump
epi,projector,-0.6877,-0.0490,7,pump
epi,projector,-1.5770,-0.2838,7,pump
epi,projector,-1.4812,-0.6838,7,pump
epi,projector,-2.2410,-0.6987,7,pump
epi,projector,0.0532,0.0775,7,pump
epi,projector,-1.8443,-0.5581,7,pump
epi,projector,-1.1058,-0.5110,7,pump
epi,projector,-2.0796,-0.5096,7,pump
epi,projector,-1.5034,-0.6036,7,pump
epi,projector,-1.4453,-0.9960,7,pump
epi,projector,-1.8690,-0.5958,7,pump
epi,projector,0.1900,-0.3485,7,pump
epi,projector,-1.7779,-0.5928,7,pump
epi,projector,-2.2224,-0.4231,7,pump
epi,projector,-1.0679,-0.3459,7,pump
epi,projector,-0.2992,-0.7331,7,pump
epi,projector,-2.0859,-0.1173,7,pump
epi,projector,0.2778,0.3843,7,pump
epi,projector,-1.1451,-0.0414,7,pump
epi,projector,-1.6579,-0.4111,7,pump
epi,projector,-0.9511,-0.3003,7,pump
epi,projector,-1.5628,-0.4499,7,pump
epi,projector,-1.9134,-0.5237,7,pump
epi,projector,-0.9879,-0.5151,7,pump
epi,projector,-1.7001,-0.3906,7,pump
epi,projector,-1.1745,-0.3237,7,pump
epi,projector,-0.3360,0.3726,7,pump
epi,projector,-1.0535,-0.5003,7,pump
epi,projector,0.6017,0.0137,7,pump
epi,projector,-2.0014,-0.4332,7,pump
epi,projector,-1.3380,-0.6491,7,pump
epi,projector,-1.6447,-0.3944,7,pump
epi,projector,-1.3820,-0.5145,7,pump
epi,projector,-1.4273,-0.4877,7,pump
epi,projector,0.9765,-0.8619,7,pump
epi,projector,-1.2841,-0.5097,7,pump
epi,projector,-0.4314,0.0711,7,pump
epi,projector,0.5828,-0.4406,7,pump
epi,projector,-1.2636,-0.6183,7,pump
epi,projector,-0.2860,-0.1241,7,pump
epi,projector,-0.9354,-0.6489,7,pump
epi,projector,-1.9843,-0.4713,7,pump
epi,projector,-1.5452,-0.6752,7,pump
epi,projector,-1.8681,-0.4582,7,pump
epi,projector,-1.5641,-0.5675,7,pump
epi,projector,-1.5016,-0.7611,7,pump
epi,projector,-1.7733,-0.3648,7,pump
epi,projector,-1.7677,-0.5622,7,pump
epi,projector,-1.6823,-0.6328,7,pump
epi,projector,0.1061,0.6666,7,pump
epi,projector,-1.1383,-0.6102,7,pump
epi,projector,-1.5256,-0.6446,7,pump
epi,projector,-1.5486,-0.0847,7,pump
epi,projector,-1.5648,-0.4608,7,pump
epi,projector,-0.0690,-0.6635,7,pump
epi,projector,-1.9536,-0.5641,7,pump
epi,projector,-0.2757,-0.7105,7,pump
epi,projector,-1.8010,-0.5120,7,pump
epi,projector,-1.0723,-0.7733,7,pump
epi,projector,0.1002,0.1079,7,pump
epi,projector,-1.2213,-0.4931,7,pump
epi,projector,-1.6099,-0.4720,7,pump
epi,projector,-1.2223,-0.5262,7,pump
epi,projector,-1.1350,-0.5411,7,pump
epi,projector,-1.8275,-0.2679,7,pump
epi,projector,-1.6488,-0.6973,7,pump
epi,projector,-2.0933,-0.7445,7,pump
epi,projector,-1.2651,-0.7193,7,pump
epi,projector,-1.7796,-0.5690,7,pump
epi,projector,-1.7336,-0.4691,7,pump
epi,projector,-1.4172,-0.6268,7,pump
epi,projector,-1.7863,-0.7966,7,pump
epi,projector,-1.6331,-0.4598,7,pump
epi,projector,-1.5943,-0.5544,7,pump
epi,projector,-1.6737,-0.5436,7,pump
epi,projector,-1.2547,-0.3204,7,pump
epi,projector,-1.1684,-0.7481,7,pump
epi,projector,-1.9361,-0.3935,7,pump
epi,projector,-1.8753,-0.6434,7,pump
epi,projector,-1.3739,-0.7433,7,pump
epi,projector,-1.0783,0.0224,7,pump
epi,projector,-1.7537,-0.5112,7,pump
epi,projector,-1.3376,-0.6834,7,pump
epi,projector,-1.9567,-0.5392,7,pump
epi,projector,-1.2091,-0.8050,7,pump
epi,projector,-1.3934,-0.5854,7,pump
epi,projector,-1.3653,-0.6692,7,pump
epi,projector,-1.8061,-0.5951,7,pump
epi,projector,-2.0618,-0.4681,7,pump
epi,projector,-1.2761,-0.3078,7,pump
epi,projector,-1.5666,-0.5535,7,pump
epi,projector,-0.3085,-0.6297,7,pump
epi,projector,-1.9137,-0.4728,7,pump
epi,projector,-1.1411,-0.5711,7,pump
epi,projector,-2.2322,-0.4502,7,pump
epi,projector,-1.1080,-0.4753,7,pump
epi,projector,-1.7460,-0.3672,7,pump
epi,projector,-1.5493,-0.5675,7,pump
epi,projector,-1.7439,-0.6004,7,pump
epi,projector,-1.7355,-0.2896,7,pump
epi,projector,-0.7630,-0.4688,7,pump
epi,projector,-0.8302,-0.2574,7,pump
epi,projector,-1.3888,-0.5519,7,pump
epi,projector,-1.4725,-0.8150,7,pump
epi,projector,-1.8475,-0.4771,7,pump
epi,projector,-2.1924,-0.4730,7,pump
epi,projector,-1.5490,-0.4326,7,pump
epi,projector,-1.4908,-0.4620,7,pump
epi,projector,-0.3079,-0.5986,7,pump
epi,projector,-0.1194,-0.0174,7,pump
epi,projector,-1.7145,-0.6442,7,pump
epi,projector,-1.7599,-0.5195,7,pump
epi,projector,-1.8193,-0.6728,7,pump
epi,projector,0.2127,0.0969,7,pump
epi,projector,-1.8954,-0.4309,7,pump
epi,projector,-1.3844,-0.6002,7,pump
epi,projector,-1.8381,0.0581,7,pump
epi,projector,-1.4649,-0.5935,7,pump
epi,projector,-1.0749,-0.4571,7,pump
epi,projector,-2.1871,-0.5965,7,pump
epi,projector,-1.7577,-0.2276,7,pump
epi,projector,-1.0877,-0.6046,7,pump
epi,projector,-1.5592,-0.7966,7,pump
epi,projector,0.1666,-0.4134,7,pump
epi,projector,-0.0034,-0.3956,7,pump
epi,projector,-1.8092,-0.5407,7,pump
epi,projector,-1.5615,-0.7276,7,pump
epi,projector,-0.7602,-0.3712,7,pump
epi,projector,-1.6596,-0.6086,7,pump
epi,projector,-1.6437,-0.9155,7,pump
epi,projector,-0.0105,0.2379,7,pump
epi,projector,-1.5933,-0.5018,7,pump
epi,projector,-1.6731,0.0054,7,pump
epi,projector,-1.8669,-0.0731,7,pump
epi,projector,-1.8863,-0.7196,7,pump
epi,projector,-1.6742,-0.1334,7,pump
epi,projector,-1.5183,-0.5507,7,pump
epi,projector,-1.3115,-1.0223,7,pump
epi,projector,-1.5428,-0.4965,7,pump
epi,projector,-1.3922,-0.8262,7,pump
epi,projector,-1.3196,-0.7693,7,pump
epi,projector,-1.7313,-0.6614,7,pump
epi,projector,-2.0123,-0.4846,7,pump
epi,projector,-1.5171,-0.6238,7,pump
epi,projector,-1.3495,0.0146,7,pump
epi,projector,-0.7249,-0.9233,7,pump
epi,projector,-1.9062,-0.5680,7,pump
epi,projector,-0.9167,0.6078,7,pump
epi,projector,-1.5130,0.1193,7,pump
epi,projector,-0.9381,-0.7598,7,pump
epi,projector,-1.4193,-0.4912,7,pump
epi,projector,-0.0239,0.0758,7,pump
epi,projector,-1.5918,0.0871,7,pump
epi,projector,-1.7967,-0.6129,7,pump
epi,projector,-1.8889,-0.3637,7,pump
epi,projector,-2.1805,-0.3624,7,pump
epi,projector,-1.7966,-0.4804,7,pump
epi,projector,-1.5655,-0.6082,7,pump
epi,projector,-1.3822,-0.3805,7,pump
epi,projector,-1.3212,-0.4748,7,pump
epi,projector,-1.8676,-0.4339,7,pump
epi,projector,-0.2568,-0.6434,7,pump
epi,projector,-0.6356,-0.3121,7,pump
epi,projector,-0.3535,-0.5034,7,pump
epi,projector,-1.2484,-0.6814,7,pump
epi,projector,-1.7806,-0.7206,7,pump
epi,projector,-1.2874,-0.6325,7,pump
epi,projector,-1.4914,-0.1165,7,pump
epi,projector,-2.1159,-0.7180,7,pump
epi,projector,-1.1207,-0.8637,7,pump
epi,projector,-1.3211,-0.6092,7,pump
epi,projector,-1.1585,-0.4471,7,pump
epi,projector,0.5172,-0.8296,7,pump
epi,projector,-1.7037,-0.2496,7,pump
epi,projector,-0.6624,0.3263,7,pump
epi,projector,-1.6170,-0.6496,7,pump
epi,projector,-2.0310,-0.2604,7,pump
epi,projector,-1.1975,-0.2422,7,pump
epi,projector,-1.7686,-0.3520,7,pump
epi,projector,-1.5654,-0.3026,7,pump
epi,projector,-1.6184,-0.4806,7,pump
epi,projector,-1.5679,-0.6277,7,pump
epi,projector,-1.5341,-0.3360,7,pump
epi,projector,-1.3581,-0.5883,7,pump
epi,projector,-1.8571,-0.6921,7,pump
epi,projector,-0.9278,-0.8293,7,pump
epi,projector,-0.1034,0.0357,7,pump
epi,projector,-1.2825,-0.8019,7,pump
epi,projector,-0.1688,-0.0549,7,pump
epi,projector,-0.4541,1.1708,7,pump
epi,projector,-0.9484,-0.6977,7,pump
epi,projector,-0.3690,-0.2336,7,pump
epi,projector,-0.0257,0.0529,7,pump
epi,projector,-1.6198,-0.6107,7,pump
epi,projector,-1.6582,-0.4603,7,pump
epi,projector,-1.6362,0.1917,7,pump
epi,projector,-1.8713,-0.8050,7,pump
epi,projector,-1.6048,0.0124,7,pump
epi,projector,-1.4244,-0.7018,7,pump
epi,projector,0.2067,0.4142,7,pump
epi,projector,-0.7043,-0.4708,7,pump
epi,projector,-1.6816,-0.6825,7,pump
epi,projector,-1.7731,-0.4809,7,pump
epi,projector,-1.6140,-0.4465,7,pump
epi,projector,-1.9851,-0.6360,7,pump
epi,projector,-1.4484,-0.3718,7,pump
epi,projector,-1.5256,-0.2140,7,pump
epi,projector,1.5697,0.7095,8,golf
epi,projector,2.3694,0.0609,8,golf
epi,projector,0.7926,0.5488,8,golf
epi,projector,0.7219,0.6645,8,golf
epi,projector,0.4705,0.6093,8,golf
epi,projector,0.6396,-0.6458,8,golf
epi,projector,1.8898,0.9071,8,golf
epi,projector,1.8862,1.0245,8,golf
epi,projector,0.1954,1.3119,8,golf
epi,projector,1.9004,0.8026,8,golf
epi,projector,0.8276,0.9529,8,golf
epi,projector,1.2915,-0.2622,8,golf
epi,projector,1.4276,0.8097,8,golf
epi,projector,0.7102,0.8962,8,golf
epi,projector,0.8814,0.7157,8,golf
epi,projector,0.2256,-0.1232,8,golf
epi,projector,1.2168,0.6011,8,golf
epi,projector,1.9117,0.5088,8,golf
epi,projector,0.5076,-0.2665,8,golf
epi,projector,0.6203,1.1050,8,golf
epi,projector,0.5904,0.3995,8,golf
epi,projector,0.6888,0.3059,8,golf
epi,projector,1.1536,0.8251,8,golf
epi,projector,1.5952,0.3447,8,golf
epi,projector,1.0086,0.2144,8,golf
epi,projector,0.8294,-0.4749,8,golf
epi,projector,0.7225,-0.0989,8,golf
epi,projector,0.9983,0.1636,8,golf
epi,projector,0.8469,0.5117,8,golf
epi,projector,2.2778,0.8307,8,golf
epi,projector,0.3969,-0.1292,8,golf
epi,projector,2.0162,-0.5977,8,golf
epi,projector,0.5026,0.7200,8,golf
epi,projector,0.6143,0.2375,8,golf
epi,projector,0.2589,-0.1241,8,golf
epi,projector,0.7974,0.5502,8,golf
epi,projector,1.8546,0.6228,8,golf
epi,projector,1.0553,0.6923,8,golf
epi,projector,0.3661,1.2315,8,golf
epi,projector,0.6398,1.1234,8,golf
epi,projector,0.0402,1.2869,8,golf
epi,projector,1.9316,0.3121,8,golf
epi,projector,2.2682,-0.2196,8,golf
epi,projector,0.5867,0.4555,8,golf
epi,projector,0.6045,0.5152,8,golf
epi,projector,1.9501,0.5576,8,golf
epi,projector,0.6628,0.2035,8,golf
epi,projector,1.2579,1.1925,8,golf
epi,projector,0.6190,1.4572,8,golf
epi,projector,1.1763,0.3037,8,golf
epi,projector,2.1508,0.5912,8,golf
epi,projector,2.0728,0.2169,8,golf
epi,projector,1.0905,0.5034,8,golf
epi,projector,1.2831,1.0316,8,golf
epi,projector,0.5951,1.0059,8,golf
epi,projector,1.7782,0.2908,8,golf
epi,projector,2.6685,0.0081,8,golf
epi,projector,0.2426,0.9536,8,golf
epi,projector,1.0236,0.2422,8,golf
epi,projector,0.2537,1.4816,8,golf
epi,projector,1.2723,0.1490,8,golf
epi,projector,-0.2202,-0.3527,8,golf
epi,projector,2.6352,0.0908,8,golf
epi,projector,1.1907,0.6729,8,golf
epi,projector,-0.6330,-0.0008,8,golf
epi,projector,0.1098,-0.0937,8,golf
epi,projector,1.0723,0.1986,8,golf
epi,projector,1.0593,0.9776,8,golf
epi,projector,1.1860,0.4142,8,golf
epi,projector,2.1158,0.7929,8,golf
epi,projector,1.5587,0.4176,8,golf
epi,projector,2.4164,-0.1041,8,golf
epi,projector,2.1913,0.8742,8,golf
epi,projector,1.8863,0.3380,8,golf
epi,projector,2.3923,0.2676,8,golf
epi,projector,0.3322,1.0761,8,golf
epi,projector,0.9126,0.5597,8,golf
epi,projector,-0.6093,0.6641,8,golf
epi,projector,0.3150,0.9152,8,golf
epi,projector,2.4961,-0.1119,8,golf
epi,projector,-0.1778,0.8093,8,golf
epi,projector,0.9079,0.3306,8,golf
epi,projector,-0.6314,0.7497,8,golf
epi,projector,1.4664,-0.3136,8,golf
epi,projector,1.4559,0.5646,8,golf
epi,projector,0.8923,0.5527,8,golf
epi,projector,0.2233,1.3510,8,golf
epi,projector,0.9551,0.7502,8,golf
epi,projector,-0.8864,-0.5295,8,golf
epi,projector,0.3052,0.3650,8,golf
epi,projector,-1.2315,-0.2762,8,golf
epi,projector,2.2091,-0.0958,8,golf
epi,projector,1.0652,0.2097,8,golf
epi,projector,0.7437,0.7363,8,golf
epi,projector,1.1916,0.6018,8,golf
epi,projector,0.2609,0.0261,8,golf
epi,projector,1.6003,0.8006,8,golf
epi,projector,1.0664,0.3318,8,golf
epi,projector,2.0703,-0.6858,8,golf
epi,projector,1.4661,-0.8019,8,golf
epi,projector,0.0397,-0.3031,8,golf
epi,projector,1.3300,0.7660,8,golf
epi,projector,0.8157,1.0217,8,golf
epi,projector,1.5031,0.7282,8,golf
epi,projector,0.3226,-0.2296,8,golf
epi,projector,2.4942,-0.3492,8,golf
epi,projector,2.1603,0.3921,8,golf
epi,projector,1.2416,0.1206,8,golf
epi,projector,1.3487,0.8816,8,golf
epi,projector,0.9440,0.3559,8,golf
epi,projector,-0.0973,0.2298,8,golf
epi,projector,1.7395,-0.0638,8,golf
epi,projector,1.7181,0.8464,8,golf
epi,projector,0.6545,-0.0069,8,golf
epi,projector,1.6802,0.7722,8,golf
epi,projector,0.6504,0.9137,8,golf
epi,projector,1.7708,0.4843,8,golf
epi,projector,2.0019,0.2598,8,golf
epi,projector,2.3232,-0.2318,8,golf
epi,projector,1.5276,-0.0431,8,golf
epi,projector,0.9932,1.0019,8,golf
epi,projector,0.8641,0.4177,8,golf
epi,projector,0.2233,1.3479,8,golf
epi,projector,1.8471,0.8286,8,golf
epi,projector,1.2026,0.4373,8,golf
epi,projector,1.1481,0.7093,8,golf
epi,projector,1.1398,0.7774,8,golf
epi,projector,2.3063,0.2186,8,golf
epi,projector,0.7289,0.7230,8,golf
epi,projector,2.4771,0.1941,8,golf
epi,projector,1.9038,0.2239,8,golf
epi,projector,1.4286,0.8827,8,golf
epi,projector,1.5537,0.8363,8,golf
epi,projector,1.7400,0.2017,8,golf
epi,projector,2.0036,0.5458,8,golf
epi,projector,0.5858,0.7534,8,golf
epi,projector,-0.8971,-0.2400,8,golf
epi,projector,1.1496,0.6865,8,golf
epi,projector,1.1180,0.9711,8,golf
epi,projector,0.3725,0.2164,8,golf
epi,projector,0.6030,0.5528,8,golf
epi,projector,2.3475,-0.0427,8,golf
epi,projector,0.4594,1.0685,8,golf
epi,projector,0.2696,1.1248,8,golf
epi,projector,2.2421,1.0175,8,golf
epi,projector,0.4340,1.4480,8,golf
epi,projector,2.3240,0.5255,8,golf
epi,projector,0.9351,0.5551,8,golf
epi,projector,0.2110,-0.0829,8,golf
epi,projector,0.9261,0.8604,8,golf
epi,projector,0.4543,0.6283,8,golf
epi,projector,2.6838,-0.2894,8,golf
epi,projector,0.5756,1.0044,8,golf
epi,projector,1.4408,0.6120,8,golf
epi,projector,0.9057,0.7211,8,golf
epi,projector,1.9681,0.2913,8,golf
epi,projector,0.0380,0.3246,8,golf
epi,projector,0.2394,1.2431,8,golf
epi,projector,1.0288,0.4848,8,golf
epi,projector,0.8475,0.1224,8,golf
epi,projector,1.1332,0.8700,8,golf
epi,projector,0.8199,0.6679,8,golf
epi,projector,0.9780,0.7073,8,golf
epi,projector,0.2665,1.4604,8,golf
epi,projector,0.8311,0.4327,8,golf
epi,projector,1.0791,1.0351,8,golf
epi,projector,0.9251,0.7269,8,golf
epi,projector,2.2024,0.5088,8,golf
epi,projector,1.4751,0.9015,8,golf
epi,projector,2.2245,-0.5559,8,golf
epi,projector,0.7128,0.4078,8,golf
epi,projector,1.6019,1.0688,8,golf
epi,projector,1.7860,0.8902,8,golf
epi,projector,0.7144,0.9823,8,golf
epi,projector,1.4649,-0.0468,8,golf
epi,projector,0.1428,1.3512,8,golf
epi,projector,1.6735,-0.1167,8,golf
epi,projector,0.1270,0.6566,8,golf
epi,projector,0.8483,0.8611,8,golf
epi,projector,1.4567,0.6490,8,golf
epi,projector,0.4610,1.3670,8,golf
epi,projector,1.9579,0.9385,8,golf
epi,projector,2.3011,-0.1875,8,golf
epi,projector,-1.0012,-0.3073,8,golf
epi,projector,1.6619,-0.3332,8,golf
epi,projector,0.5227,0.9698,8,golf
epi,projector,0.2902,0.1849,8,golf
epi,projector,2.1045,-0.0885,8,golf
epi,projector,1.5229,-0.0565,8,golf
epi,projector,0.5445,0.9728,8,golf
epi,projector,0.9581,0.4411,8,golf
epi,projector,1.1438,0.5775,8,golf
epi,projector,1.2229,0.3511,8,golf
epi,projector,0.5642,0.4580,8,golf
epi,projector,0.9898,-0.1570,8,golf
epi,projector,0.4857,0.4800,8,golf
epi,projector,0.5027,1.1962,8,golf
epi,projector,0.9193,-0.0178,8,golf
epi,projector,1.5774,0.4783,8,golf
epi,projector,0.4008,1.2236,8,golf
epi,projector,2.3774,-0.2424,8,golf
epi,projector,2.1431,0.5185,8,golf
epi,projector,-0.5012,0.6257,8,golf
epi,projector,-0.1887,0.2358,8,golf
epi,projector,1.5080,0.7405,8,golf
epi,projector,0.2270,0.2485,8,golf
epi,projector,1.0168,0.4078,8,golf
epi,projector,0.9248,-0.1139,8,golf
epi,projector,0.9236,0.5809,8,golf
epi,projector,0.0520,0.3444,8,golf
epi,projector,0.8945,0.2541,8,golf
epi,projector,1.1145,-0.0172,8,golf
epi,projector,0.8157,0.4420,8,golf
epi,projector,0.8643,0.4650,8,golf
epi,projector,0.7356,0.5064,8,golf
epi,projector,-0.0645,0.8322,8,golf
epi,projector,1.4196,-0.8169,8,golf
epi,projector,1.5228,0.6194,8,golf
epi,projector,1.5755,0.5598,8,golf
epi,projector,1.9057,0.4426,8,golf
epi,projector,1.9928,0.0017,8,golf
epi,projector,1.7533,0.0911,8,golf
epi,projector,1.0703,0.7163,8,golf
epi,projector,1.7363,-0.5013,8,golf
epi,projector,0.9963,0.7937,8,golf
epi,projector,1.6581,0.1208,8,golf
epi,projector,0.6750,-0.1802,8,golf
epi,projector,0.5176,1.1150,8,golf
epi,projector,1.4935,0.8282,8,golf
epi,projector,1.0483,-0.5414,8,golf
epi,projector,0.9882,0.9689,8,golf
epi,projector,1.6693,0.6660,8,golf
epi,projector,0.1622,1.5692,8,golf
epi,projector,0.8663,0.1807,8,golf
epi,projector,0.9953,0.2177,8,golf
epi,projector,0.6831,0.2851,8,golf
epi,projector,0.3697,1.3660,8,golf
epi,projector,0.9365,-0.0851,8,golf
epi,projector,2.3954,0.4958,8,golf
epi,projector,1.3356,0.5140,8,golf
epi,projector,1.2272,0.9505,8,golf
epi,projector,0.9025,0.8193,8,golf
epi,projector,0.2344,1.2072,8,golf
epi,projector,0.9735,0.9541,8,golf
epi,projector,0.0194,0.0028,8,golf
epi,projector,2.1179,0.2164,8,golf
epi,projector,0.6160,0.6463,8,golf
epi,projector,0.9634,0.4974,8,golf
epi,projector,1.4502,0.5718,8,golf
epi,projector,0.2860,0.7700,8,golf
epi,projector,1.2529,0.2385,8,golf
epi,projector,1.9423,-0.0204,8,golf
epi,projector,0.7055,0.4911,8,golf
epi,projector,0.8869,0.1630,8,golf
epi,projector,1.2830,0.6759,8,golf
epi,projector,0.8882,0.6214,8,golf
epi,projector,1.4453,0.8205,8,golf
epi,projector,0.9999,0.2781,8,golf
epi,projector,1.1093,0.6092,8,golf
epi,projector,0.7237,0.6031,8,golf
epi,projector,0.9100,1.0367,8,golf
epi,projector,-0.5026,0.5892,8,golf
epi,projector,0.9743,0.8180,8,golf
epi,projector,-0.6818,0.6380,8,golf
epi,projector,0.7803,0.5252,8,golf
epi,projector,1.2468,0.1296,8,golf
epi,projector,0.4659,1.3762,8,golf
epi,projector,2.3740,0.9032,8,golf
epi,projector,2.1515,0.1560,8,golf
epi,projector,0.3822,0.3578,8,golf
epi,projector,2.3685,-0.1457,8,golf
epi,projector,0.9398,0.4050,8,golf
epi,projector,0.9801,0.4339,8,golf
epi,projector,1.0269,0.4778,8,golf
epi,projector,1.0737,0.9168,8,golf
epi,projector,2.3870,-0.0351,8,golf
epi,projector,1.7655,0.8096,8,golf
epi,projector,0.6751,0.2968,8,golf
epi,projector,1.8120,0.5545,8,golf
epi,projector,0.9513,-0.3862,8,golf
epi,projector,0.3833,1.2130,8,golf
epi,projector,0.8435,0.5605,8,golf
epi,projector,0.2860,0.0331,8,golf
epi,projector,2.1462,-0.1389,8,golf
epi,projector,0.5271,1.2084,8,golf
epi,projector,0.6433,0.4686,8,golf
epi,projector,0.4005,1.4419,8,golf
epi,projector,1.0848,0.3433,8,golf
epi,projector,1.7264,0.6557,8,golf
epi,projector,2.0008,0.9512,8,golf
epi,projector,1.2161,0.4342,8,golf
epi,projector,1.1113,0.5130,8,golf
epi,projector,2.2417,0.9744,8,golf
epi,projector,1.1334,0.5209,8,golf
epi,projector,0.3313,0.9547,8,golf
epi,projector,1.2832,0.2955,8,golf
epi,projector,2.0735,-0.6327,8,golf
epi,projector,1.3196,0.8918,8,golf
epi,projector,1.0863,0.6448,8,golf
epi,projector,1.5047,-0.7809,8,golf
epi,projector,-0.1142,-0.1453,8,golf
epi,projector,1.4915,0.6429,8,golf
epi,projector,0.8159,0.7296,8,golf
epi,projector,1.7647,0.3256,8,golf
epi,projector,0.3701,0.6522,8,golf
epi,projector,2.3316,0.0898,8,golf
epi,projector,2.1710,-0.0638,8,golf
epi,projector,0.5585,0.7487,8,golf
epi,projector,2.1967,-0.2578,8,golf
epi,projector,2.0173,0.8476,8,golf
epi,projector,2.0117,0.2262,8,golf
epi,projector,1.8041,0.4834,8,golf
epi,projector,1.0294,0.7704,8,golf
epi,projector,0.7347,0.0497,8,golf
epi,projector,1.9220,0.9622,8,golf
epi,projector,0.7655,0.4193,8,golf
epi,projector,2.1871,-0.1655,8,golf
epi,projector,0.5634,0.4736,8,golf
epi,projector,1.9354,0.7905,8,golf
epi,projector,0.0909,0.3609,8,golf
epi,projector,2.3340,0.1909,8,golf
epi,projector,1.0279,0.5279,8,golf
epi,projector,0.7730,0.5505,8,golf
epi,projector,0.5721,0.5304,8,golf
epi,projector,1.1764,-0.6458,8,golf
epi,projector,1.1506,0.6406,8,golf
epi,projector,1.1767,0.5996,8,golf
epi,projector,1.4274,1.0638,8,golf
epi,projector,2.7092,-0.1138,8,golf
epi,projector,1.5799,0.5993,8,golf
epi,projector,1.0719,0.4493,8,golf
epi,projector,0.8323,1.0181,8,golf
epi,projector,2.0437,1.0003,8,golf
epi,projector,1.3038,0.3670,8,golf
epi,projector,0.5484,0.1987,8,golf
epi,projector,0.3864,1.3306,8,golf
epi,projector,1.2163,0.4582,8,golf
epi,projector,-0.0052,4.0670,8,golf
epi,projector,0.2586,0.2820,8,golf
epi,projector,2.0904,0.2183,8,golf
epi,projector,2.0243,0.7927,8,golf
epi,projector,2.3245,-0.1903,8,golf
epi,projector,0.2547,1.7842,8,golf
epi,projector,0.2824,0.1423,8,golf
epi,projector,1.3488,1.0323,8,golf
epi,projector,1.2672,0.3704,8,golf
epi,projector,1.8870,-0.3799,8,golf
epi,projector,2.0738,-0.1896,8,golf
epi,projector,2.3638,0.1477,8,golf
epi,projector,2.4650,0.3829,8,golf
epi,projector,1.5543,0.5748,8,golf
epi,projector,0.6762,-0.3271,8,golf
epi,projector,1.2163,0.6996,8,golf
epi,projector,1.0503,0.5720,8,golf
epi,projector,0.7548,0.4138,8,golf
epi,projector,-0.3430,0.3866,8,golf
epi,projector,1.5494,0.7812,8,golf
epi,projector,2.6136,0.4824,8,golf
epi,projector,1.7846,0.8107,8,golf
epi,projector,0.7357,0.1412,8,golf
epi,projector,1.1012,-0.4324,8,golf
epi,projector,1.6449,0.8619,8,golf
epi,projector,0.8823,0.9707,8,golf
epi,projector,1.3892,0.1264,8,golf
epi,projector,2.1606,1.0401,8,golf
epi,projector,-0.2481,0.0951,8,golf
epi,projector,0.1738,-0.0525,8,golf
epi,projector,1.4595,0.6333,8,golf
epi,projector,1.4373,0.8786,8,golf
epi,projector,1.5126,0.7250,8,golf
epi,projector,0.8805,0.6403,8,golf
epi,projector,0.7396,-0.0596,8,golf
epi,projector,0.8711,0.4750,8,golf
epi,projector,1.5725,0.7932,8,golf
epi,projector,1.6668,-0.5344,8,golf
epi,projector,0.9988,0.9410,8,golf
epi,projector,0.3659,1.1014,8,golf
epi,projector,2.6046,0.2592,8,golf
epi,projector,0.4153,0.7656,8,golf
epi,projector,0.7561,0.7277,8,golf
epi,projector,2.2536,0.8541,8,golf
epi,projector,2.4474,0.4525,8,golf
epi,projector,0.9570,0.5796,8,golf
epi,projector,0.8676,0.0300,8,golf
epi,projector,1.3112,0.0113,8,golf
epi,projector,1.9811,-0.4068,8,golf
epi,projector,1.4945,0.8124,8,golf
epi,projector,1.8179,-0.5172,8,golf
epi,projector,1.2337,0.3809,8,golf
epi,projector,1.1263,0.7555,8,golf
epi,projector,2.0711,0.9737,8,golf
epi,projector,1.2375,0.5895,8,golf
epi,projector,0.2542,1.4135,8,golf
epi,projector,0.8646,0.6155,8,golf
epi,projector,1.6955,0.9076,8,golf
epi,projector,-0.2349,0.3362,8,golf
epi,projector,1.9494,0.3144,8,golf
epi,projector,0.3468,0.7700,8,golf
epi,projector,0.7003,1.0812,8,golf
epi,projector,0.1321,3.2048,9,chute
epi,projector,-0.1285,0.3241,9,chute
epi,projector,0.1093,3.3553,9,chute
epi,projector,0.2566,1.7774,9,chute
epi,projector,0.0461,0.4666,9,chute
epi,projector,0.1866,2.7964,9,chute
epi,projector,0.0217,3.9990,9,chute
epi,projector,0.0289,3.7087,9,chute
epi,projector,0.1122,1.8963,9,chute
epi,projector,0.0313,3.9412,9,chute
epi,projector,0.0330,4.0270,9,chute
epi,projector,0.3318,0.6665,9,chute
epi,projector,0.0052,3.8561,9,chute
epi,projector,0.0483,4.2569,9,chute
epi,projector,0.2000,1.4841,9,chute
epi,projector,0.1473,3.1310,9,chute
epi,projector,0.0430,3.5187,9,chute
epi,projector,0.1456,3.2115,9,chute
epi,projector,-0.0791,0.6243,9,chute
epi,projector,0.0701,2.1379,9,chute
epi,projector,0.3204,0.5377,9,chute
epi,projector,0.2608,1.7915,9,chute
epi,projector,0.2313,2.2177,9,chute
epi,projector,0.2382,1.5417,9,chute
epi,projector,0.1697,2.1432,9,chute
epi,projector,0.7286,-0.0011,9,chute
epi,projector,0.2803,1.5905,9,chute
epi,projector,0.1129,3.7745,9,chute
epi,projector,0.1414,1.2424,9,chute
epi,projector,0.2214,2.3771,9,chute
epi,projector,0.1969,2.4492,9,chute
epi,projector,0.4534,0.2787,9,chute
epi,projector,-0.5813,-0.0010,9,chute
epi,projector,-0.0502,1.8832,9,chute
epi,projector,0.1550,1.6216,9,chute
epi,projector,0.2023,1.0882,9,chute
epi,projector,0.1096,3.5782,9,chute
epi,projector,0.2797,1.1013,9,chute
epi,projector,0.0409,0.6086,9,chute
epi,projector,0.1012,3.4562,9,chute
epi,projector,0.4724,0.4495,9,chute
epi,projector,-0.1407,0.8863,9,chute
epi,projector,0.7407,-0.1204,9,chute
epi,projector,0.2382,1.9074,9,chute
epi,projector,0.2272,1.6196,9,chute
epi,projector,0.0561,3.6541,9,chute
epi,projector,-0.0022,-0.0117,9,chute
epi,projector,0.1578,2.3437,9,chute
epi,projector,0.0902,1.6014,9,chute
epi,projector,0.2306,2.1033,9,chute
epi,projector,0.2075,2.4665,9,chute
epi,projector,0.1893,-0.6267,9,chute
epi,projector,0.2303,2.4314,9,chute
epi,projector,0.3043,-0.1408,9,chute
epi,projector,0.1471,1.8681,9,chute
epi,projector,-0.3291,-0.0748,9,chute
epi,projector,0.1111,0.6843,9,chute
epi,projector,0.2066,2.4127,9,chute
epi,projector,0.2096,2.3106,9,chute
epi,projector,-0.1101,-0.1861,9,chute
epi,projector,0.3858,2.0851,9,chute
epi,projector,0.1365,2.9584,9,chute
epi,projector,0.2026,2.1722,9,chute
epi,projector,0.2246,2.5579,9,chute
epi,projector,0.7253,0.2064,9,chute
epi,projector,-0.1027,1.9983,9,chute
epi,projector,0.0939,2.1768,9,chute
epi,projector,0.4719,0.3728,9,chute
epi,projector,0.5458,0.3784,9,chute
epi,projector,0.0159,3.3681,9,chute
epi,projector,0.2202,1.8772,9,chute
epi,projector,0.1466,1.7148,9,chute
epi,projector,0.2505,2.3331,9,chute
epi,projector,0.1465,2.5029,9,chute
epi,projector,0.5356,0.9108,9,chute
epi,projector,0.0528,1.6338,9,chute
epi,projector,0.2613,2.5001,9,chute
epi,projector,0.2593,2.3295,9,chute
epi,projector,0.1047,3.2080,9,chute
epi,projector,0.0993,0.2909,9,chute
epi,projector,0.1097,3.2977,9,chute
epi,projector,0.0911,2.3169,9,chute
epi,projector,0.2522,1.7537,9,chute
epi,projector,0.0656,2.2729,9,chute
epi,projector,0.2353,2.1420,9,chute
epi,projector,0.2516,0.9577,9,chute
epi,projector,0.2317,1.8150,9,chute
epi,projector,0.1156,3.9458,9,chute
epi,projector,0.1986,0.5535,9,chute
epi,projector,0.0629,0.5457,9,chute
epi,projector,0.2604,0.8060,9,chute
epi,projector,-0.0479,1.5224,9,chute
epi,projector,0.2037,1.7904,9,chute
epi,projector,0.3772,0.9573,9,chute
epi,projector,0.2085,2.3700,9,chute
epi,projector,-0.0067,4.2883,9,chute
epi,projector,0.4215,0.9915,9,chute
epi,projector,-0.0169,4.3396,9,chute
epi,projector,0.0543,2.2602,9,chute
epi,projector,0.2082,2.3049,9,chute
epi,projector,0.8793,0.2445,9,chute
epi,projector,-0.0725,0.9959,9,chute
epi,projector,0.2344,1.8386,9,chute
epi,projector,0.1227,3.3712,9,chute
epi,projector,-0.0364,0.8206,9,chute
epi,projector,0.2346,0.9809,9,chute
epi,projector,0.0352,0.5049,9,chute
epi,projector,0.3652,1.7737,9,chute
epi,projector,0.2286,1.8055,9,chute
epi,projector,-0.0092,1.6399,9,chute
epi,projector,0.3010,2.3038,9,chute
epi,projector,0.2062,2.1696,9,chute
epi,projector,-0.2411,1.4234,9,chute
epi,projector,0.9046,-0.2969,9,chute
epi,projector,0.4180,0.4797,9,chute
epi,projector,0.0141,4.1723,9,chute
epi,projector,0.1949,2.9988,9,chute
epi,projector,0.1933,2.7321,9,chute
epi,projector,0.2535,1.6979,9,chute
epi,projector,0.0410,0.6349,9,chute
epi,projector,0.2010,2.1065,9,chute
epi,projector,0.7507,0.5445,9,chute
epi,projector,0.2178,2.7207,9,chute
epi,projector,0.1210,3.0000,9,chute
epi,projector,0.2109,2.3484,9,chute
epi,projector,0.1900,2.5018,9,chute
epi,projector,0.1880,2.6513,9,chute
epi,projector,0.2226,2.4279,9,chute
epi,projector,0.2747,0.6147,9,chute
epi,projector,0.2056,2.8295,9,chute
epi,projector,0.0950,2.4893,9,chute
epi,projector,0.1732,1.5682,9,chute
epi,projector,0.1334,3.3325,9,chute
epi,projector,0.2927,1.8960,9,chute
epi,projector,0.1768,2.8431,9,chute
epi,projector,0.1393,2.9984,9,chute
epi,projector,0.1115,3.6012,9,chute
epi,projector,0.1847,1.4093,9,chute
epi,projector,0.1790,2.5486,9,chute
epi,projector,-0.1864,1.0331,9,chute
epi,projector,0.2099,-0.5444,9,chute
epi,projector,0.0787,-0.3830,9,chute
epi,projector,0.3057,1.3674,9,chute
epi,projector,0.1290,2.5057,9,chute
epi,projector,0.1764,1.3971,9,chute
epi,projector,0.2549,2.3359,9,chute
epi,projector,0.2951,1.5905,9,chute
epi,projector,0.1352,1.3879,9,chute
epi,projector,0.1429,3.2896,9,chute
epi,projector,0.0907,3.6954,9,chute
epi,projector,0.3753,1.3039,9,chute
epi,projector,0.3306,1.8201,9,chute
epi,projector,0.0142,0.3526,9,chute
epi,projector,0.0201,4.0383,9,chute
epi,projector,0.2268,2.4377,9,chute
epi,projector,0.1986,2.1575,9,chute
epi,projector,0.0329,3.9746,9,chute
epi,projector,0.1200,2.1554,9,chute
epi,projector,0.0485,3.0999,9,chute
epi,projector,0.0994,3.5481,9,chute
epi,projector,0.1829,2.5645,9,chute
epi,projector,0.1083,2.5550,9,chute
epi,projector,0.2663,1.2828,9,chute
epi,projector,0.0660,4.1736,9,chute
epi,projector,0.1992,2.4185,9,chute
epi,projector,0.2302,2.4484,9,chute
epi,projector,0.0377,4.0696,9,chute
epi,projector,0.1362,2.3235,9,chute
epi,projector,0.0004,4.2465,9,chute
epi,projector,0.0224,0.7797,9,chute
epi,projector,0.1196,3.1548,9,chute
epi,projector,0.2625,2.4827,9,chute
epi,projector,0.1602,2.7793,9,chute
epi,projector,-0.0807,1.3603,9,chute
epi,projector,0.0232,3.7542,9,chute
epi,projector,0.0148,0.2003,9,chute
epi,projector,0.0681,2.4260,9,chute
epi,projector,0.0633,3.7826,9,chute
epi,projector,0.0257,3.8609,9,chute
epi,projector,0.0803,3.7897,9,chute
epi,projector,0.1335,2.3389,9,chute
epi,projector,-0.2256,1.1640,9,chute
epi,projector,0.0266,3.9000,9,chute
epi,projector,0.1272,-0.2575,9,chute
epi,projector,0.0019,3.9387,9,chute
epi,projector,0.4325,2.1759,9,chute
epi,projector,-0.1528,-0.5451,9,chute
epi,projector,0.0257,3.8684,9,chute
epi,projector,0.0767,3.6690,9,chute
epi,projector,0.2305,2.6652,9,chute
epi,projector,0.1432,0.5487,9,chute
epi,projector,0.0892,2.5133,9,chute
epi,projector,0.0404,3.7162,9,chute
epi,projector,-0.2249,0.4524,9,chute
epi,projector,0.0271,1.6075,9,chute
epi,projector,-0.1649,0.4912,9,chute
epi,projector,0.0564,3.0960,9,chute
epi,projector,0.1675,3.2546,9,chute
epi,projector,0.2389,1.9258,9,chute
epi,projector,0.2968,1.8059,9,chute
epi,projector,0.2168,2.1610,9,chute
epi,projector,0.1677,3.0789,9,chute
epi,projector,0.0368,4.2283,9,chute
epi,projector,0.1549,1.8694,9,chute
epi,projector,0.1106,3.4820,9,chute
epi,projector,0.1202,2.4287,9,chute
epi,projector,0.0346,3.9974,9,chute
epi,projector,0.2409,2.6440,9,chute
epi,projector,0.2719,1.2848,9,chute
epi,projector,-0.2682,0.3534,9,chute
epi,projector,0.3433,1.6901,9,chute
epi,projector,0.0907,1.3425,9,chute
epi,projector,0.4329,0.6117,9,chute
epi,projector,0.0725,3.8718,9,chute
epi,projector,0.0671,3.8680,9,chute
epi,projector,0.1709,2.3948,9,chute
epi,projector,0.0581,3.1299,9,chute
epi,projector,0.2143,2.6267,9,chute
epi,projector,0.1129,3.7416,9,chute
epi,projector,0.0766,4.3216,9,chute
epi,projector,0.0768,0.5698,9,chute
epi,projector,0.0464,2.4489,9,chute
epi,projector,-0.0370,0.4019,9,chute
epi,projector,-0.0765,-0.2432,9,chute
epi,projector,0.2001,2.4898,9,chute
epi,projector,0.0172,-0.0988,9,chute
epi,projector,0.2093,2.4104,9,chute
epi,projector,0.1033,2.0895,9,chute
epi,projector,0.2651,0.7305,9,chute
epi,projector,0.2472,2.5085,9,chute
epi,projector,0.1263,2.3561,9,chute
epi,projector,0.0533,4.0511,9,chute
epi,projector,0.4783,1.4497,9,chute
epi,projector,0.2233,2.1155,9,chute
epi,projector,0.1445,2.6132,9,chute
epi,projector,0.1208,2.6243,9,chute
epi,projector,0.4584,-0.1925,9,chute
epi,projector,0.2701,2.2297,9,chute
epi,projector,0.0099,2.7994,9,chute
epi,projector,0.2408,2.2189,9,chute
epi,projector,0.0045,4.0500,9,chute
epi,projector,0.1174,3.4124,9,chute
epi,projector,0.2139,2.2370,9,chute
epi,projector,0.1410,3.0554,9,chute
epi,projector,0.0808,3.9580,9,chute
epi,projector,0.0752,3.4892,9,chute
epi,projector,0.1105,2.8436,9,chute
epi,projector,0.2068,2.5077,9,chute
epi,projector,0.1809,1.4114,9,chute
epi,projector,0.1629,0.3615,9,chute
epi,projector,0.2645,2.6483,9,chute
epi,projector,-0.0048,2.3875,9,chute
epi,projector,-0.0657,1.7597,9,chute
epi,projector,0.1592,2.4763,9,chute
epi,projector,-0.0685,0.6806,9,chute
epi,projector,0.0159,2.7839,9,chute
epi,projector,0.0339,0.1972,9,chute
epi,projector,0.0492,4.0103,9,chute
epi,projector,0.2476,2.5625,9,chute
epi,projector,0.0437,3.4200,9,chute
epi,projector,-0.0715,0.2412,9,chute
epi,projector,0.1754,0.4926,9,chute
epi,projector,-0.4515,-0.4434,9,chute
epi,projector,0.1823,2.4305,9,chute
epi,projector,0.1453,2.8670,9,chute
epi,projector,0.1508,2.8018,9,chute
epi,projector,0.3749,0.9137,9,chute
epi,projector,-0.1547,0.8349,9,chute
epi,projector,0.2599,0.6845,9,chute
epi,projector,0.5740,1.1203,9,chute
epi,projector,0.2371,0.7275,9,chute
epi,projector,0.1249,0.0305,9,chute
epi,projector,0.1990,1.8213,9,chute
epi,projector,0.2522,1.3832,9,chute
epi,projector,0.1442,3.1063,9,chute
epi,projector,0.4492,-0.2057,9,chute
epi,projector,-0.0625,0.4300,9,chute
epi,projector,0.2013,0.9871,9,chute
epi,projector,0.4355,0.3633,9,chute
epi,projector,0.1563,2.5322,9,chute
epi,projector,0.1741,2.8961,9,chute
epi,projector,0.2096,2.3874,9,chute
epi,projector,0.1105,2.1413,9,chute
epi,projector,0.2650,0.2039,9,chute
epi,projector,0.2017,2.6592,9,chute
epi,projector,0.1040,3.3462,9,chute
epi,projector,0.2032,2.5033,9,chute
epi,projector,0.0576,2.4400,9,chute
epi,projector,0.2082,2.0463,9,chute
epi,projector,0.4663,0.4528,9,chute
epi,projector,0.0210,3.1352,9,chute
epi,projector,0.8111,-0.7916,9,chute
epi,projector,0.2536,1.4029,9,chute
epi,projector,0.2493,2.2950,9,chute
epi,projector,0.0161,3.8897,9,chute
epi,projector,0.2397,0.5461,9,chute
epi,projector,0.2070,1.5663,9,chute
epi,projector,0.2023,2.5832,9,chute
epi,projector,0.3432,1.3724,9,chute
epi,projector,0.0222,4.0605,9,chute
epi,projector,0.2771,1.8957,9,chute
epi,projector,0.2548,2.0946,9,chute
epi,projector,0.1558,1.4352,9,chute
epi,projector,0.0971,3.7504,9,chute
epi,projector,0.0406,3.9851,9,chute
epi,projector,0.1928,2.3713,9,chute
epi,projector,0.2405,2.1812,9,chute
epi,projector,0.0639,3.8923,9,chute
epi,projector,0.1433,2.3410,9,chute
epi,projector,-0.0030,0.1950,9,chute
epi,projector,0.1644,-0.0822,9,chute
epi,projector,0.2658,2.2337,9,chute
epi,projector,0.7452,-0.6248,9,chute
epi,projector,0.2024,2.5506,9,chute
epi,projector,0.1564,3.1753,9,chute
epi,projector,0.3068,1.3014,9,chute
epi,projector,0.1390,3.1151,9,chute
epi,projector,0.4587,1.6322,9,chute
epi,projector,0.2790,2.0954,9,chute
epi,projector,0.1516,3.1315,9,chute
epi,projector,0.2150,1.1362,9,chute
epi,projector,0.0976,0.8395,9,chute
epi,projector,0.1767,0.8873,9,chute
epi,projector,0.0296,0.6735,9,chute
epi,projector,0.1936,2.5052,9,chute
epi,projector,0.2072,1.7543,9,chute
epi,projector,0.1069,1.9295,9,chute
epi,projector,0.2611,2.2335,9,chute
epi,projector,0.2016,1.0345,9,chute
epi,projector,0.2380,1.2872,9,chute
epi,projector,-0.7516,0.7731,9,chute
epi,projector,0.2238,2.5997,9,chute
epi,projector,0.1029,1.3058,9,chute
epi,projector,0.3300,2.1642,9,chute
epi,projector,0.1077,-0.0221,9,chute
epi,projector,0.2337,1.6674,9,chute
epi,projector,0.1671,3.2227,9,chute
epi,projector,0.1864,2.5681,9,chute
epi,projector,-0.0345,4.0010,9,chute
epi,projector,0.1506,3.0398,9,chute
epi,projector,0.3930,0.8832,9,chute
epi,projector,0.0230,3.6195,9,chute
epi,projector,-0.2008,0.1530,9,chute
epi,projector,0.2112,2.0791,9,chute
epi,projector,0.1184,1.8517,9,chute
epi,projector,0.3143,1.9470,9,chute
epi,projector,-0.2340,1.3074,9,chute
epi,projector,0.1341,3.5018,9,chute
epi,projector,0.0971,3.5479,9,chute
epi,projector,0.1577,2.3918,9,chute
epi,projector,0.2095,1.4532,9,chute
epi,projector,0.2455,1.8505,9,chute
epi,projector,-0.0067,3.1659,9,chute
epi,projector,0.1914,0.3040,9,chute
epi,projector,0.0208,4.0633,9,chute
epi,projector,0.2293,2.5255,9,chute
epi,projector,0.1192,0.9726,9,chute
epi,projector,0.1992,2.2502,9,chute
epi,projector,0.2200,2.4021,9,chute
epi,projector,0.0322,4.2671,9,chute
epi,projector,0.0933,3.3991,9,chute
epi,projector,0.2255,2.6375,9,chute
epi,projector,0.2341,2.3384,9,chute
epi,projector,0.1892,2.4062,9,chute
epi,projector,0.3185,1.2459,9,chute
epi,projector,0.2995,2.1716,9,chute
epi,projector,0.3736,-0.6150,9,chute
epi,projector,0.1187,1.5723,9,chute
epi,projector,0.1661,3.2520,9,chute
epi,projector,0.1595,2.6545,9,chute
epi,projector,-0.1458,0.0871,9,chute
epi,projector,0.1887,2.4294,9,chute
epi,projector,0.3886,1.5658,9,chute
epi,projector,0.1971,2.6777,9,chute
epi,projector,0.1229,0.5671,9,chute
epi,projector,0.1023,0.9379,9,chute
epi,projector,0.0063,4.2961,9,chute
epi,projector,0.1382,0.8410,9,chute
epi,projector,0.2814,0.5418,9,chute
epi,projector,0.1298,3.1949,9,chute
epi,projector,0.6006,0.7437,9,chute
epi,projector,0.5129,-0.2029,9,chute
epi,projector,0.0227,3.8254,9,chute
epi,projector,-0.0220,1.7097,9,chute
epi,projector,0.1599,2.1527,9,chute
epi,projector,0.0485,0.8345,9,chute
epi,projector,-0.4870,0.2607,9,chute
epi,projector,0.1956,2.6242,9,chute
epi,projector,0.3092,1.8725,9,chute
epi,projector,-0.5334,-0.2431,9,chute
epi,backbone,-4.3780,-0.8898,0,tench
epi,backbone,-5.3360,-2.9862,0,tench
epi,backbone,-0.2379,0.1838,0,tench
epi,backbone,-4.7177,-3.8459,0,tench
epi,backbone,-4.3416,-2.7350,0,tench
epi,backbone,0.2504,-2.1760,0,tench
epi,backbone,-2.5401,-1.6363,0,tench
epi,backbone,-5.9059,-3.7909,0,tench
epi,backbone,-6.3587,-4.7125,0,tench
epi,backbone,0.5891,-0.2422,0,tench
epi,backbone,-3.1542,-3.2745,0,tench
epi,backbone,-5.8287,-0.0516,0,tench
epi,backbone,-7.8954,-3.3171,0,tench
epi,backbone,-2.1314,-3.4657,0,tench
epi,backbone,-5.5883,-4.0373,0,tench
epi,backbone,-3.7643,1.1472,0,tench
epi,backbone,-2.3670,0.7294,0,tench
epi,backbone,-5.4007,-3.9454,0,tench
epi,backbone,-5.7117,-3.8149,0,tench
epi,backbone,-3.7679,-4.8000,0,tench
epi,backbone,-1.6776,-4.8255,0,tench
epi,backbone,-0.5019,-0.0745,0,tench
epi,backbone,0.9285,0.4582,0,tench
epi,backbone,-5.6075,-3.6906,0,tench
epi,backbone,-5.6473,-2.1667,0,tench
epi,backbone,-4.7093,-3.1102,0,tench
epi,backbone,-2.5156,-1.7542,0,tench
epi,backbone,-2.7343,-3.4695,0,tench
epi,backbone,-6.6394,-3.0061,0,tench
epi,backbone,-4.5595,-3.2121,0,tench
epi,backbone,-4.0608,-4.5078,0,tench
epi,backbone,-4.1509,-3.0748,0,tench
epi,backbone,-1.2738,-1.1424,0,tench
epi,backbone,-0.9805,0.4214,0,tench
epi,backbone,-1.2905,0.8407,0,tench
epi,backbone,-6.9336,-4.8781,0,tench
epi,backbone,-0.6131,-2.8043,0,tench
epi,backbone,-4.7799,-3.8931,0,tench
epi,backbone,-4.0123,-2.6614,0,tench
epi,backbone,-5.2425,-4.6094,0,tench
epi,backbone,-0.1694,-3.2435,0,tench
epi,backbone,-5.7557,-4.6387,0,tench
epi,backbone,-5.0002,-5.0816,0,tench
epi,backbone,-3.6627,-2.3257,0,tench
epi,backbone,-4.5147,-2.8267,0,tench
epi,backbone,-6.7248,-3.5159,0,tench
epi,backbone,-2.8194,-3.6329,0,tench
epi,backbone,-3.1135,-3.3610,0,tench
epi,backbone,-5.6871,-3.2710,0,tench
epi,backbone,-2.7714,-3.7690,0,tench
epi,backbone,-5.2796,-3.3052,0,tench
epi,backbone,-3.5795,-4.0605,0,tench
epi,backbone,-6.4813,-1.7615,0,tench
epi,backbone,-1.0875,-2.2686,0,tench
epi,backbone,-4.2236,-2.8785,0,tench
epi,backbone,-3.6611,-2.8647,0,tench
epi,backbone,-6.0297,-3.4112,0,tench
epi,backbone,-4.7281,-4.0932,0,tench
epi,backbone,-4.6020,-3.3581,0,tench
epi,backbone,-3.6405,-3.4148,0,tench
epi,backbone,-3.7708,-3.6552,0,tench
epi,backbone,-5.1549,-3.5541,0,tench
epi,backbone,-0.3535,-0.9295,0,tench
epi,backbone,-7.5265,-3.7313,0,tench
epi,backbone,-0.5372,-0.4984,0,tench
epi,backbone,-6.4132,-4.6327,0,tench
epi,backbone,-1.9571,-1.8725,0,tench
epi,backbone,-6.0955,-2.0169,0,tench
epi,backbone,-3.7498,-2.6092,0,tench
epi,backbone,-0.9130,-0.5507,0,tench
epi,backbone,-2.8502,-3.5773,0,tench
epi,backbone,-1.4892,-2.8147,0,tench
epi,backbone,-4.4539,-3.7499,0,tench
epi,backbone,-5.7903,-4.2936,0,tench
epi,backbone,-4.1462,-3.5664,0,tench
epi,backbone,-0.9478,-4.0583,0,tench
epi,backbone,-3.4388,-4.4635,0,tench
epi,backbone,-2.9631,-3.1414,0,tench
epi,backbone,-5.4641,-3.2981,0,tench
epi,backbone,-4.7664,-2.8695,0,tench
epi,backbone,-4.7416,-4.0197,0,tench
epi,backbone,-5.6087,-4.3288,0,tench
epi,backbone,0.3163,-1.6880,0,tench
epi,backbone,-1.6472,-3.8329,0,tench
epi,backbone,-2.7532,-3.5720,0,tench
epi,backbone,-6.1816,-2.1735,0,tench
epi,backbone,-5.8464,-4.0434,0,tench
epi,backbone,-6.6991,-4.4961,0,tench
epi,backbone,-3.7535,-1.8490,0,tench
epi,backbone,-4.2173,-2.4912,0,tench
epi,backbone,-3.9244,-1.8734,0,tench
epi,backbone,-5.1702,-4.1395,0,tench
epi,backbone,-0.1926,-1.7818,0,tench
epi,backbone,-0.5451,-6.3095,0,tench
epi,backbone,-3.6387,-3.4085,0,tench
epi,backbone,-3.7277,-1.1154,0,tench
epi,backbone,-1.5284,-1.4985,0,tench
epi,backbone,-6.9221,-4.6144,0,tench
epi,backbone,-3.1985,-3.1613,0,tench
epi,backbone,-6.8537,-2.5220,0,tench
epi,backbone,-4.7342,-3.4905,0,tench
epi,backbone,-2.2950,-0.9556,0,tench
epi,backbone,-2.6296,-3.4035,0,tench
epi,backbone,-4.9653,-3.2968,0,tench
epi,backbone,-4.9322,-4.0098,0,tench
epi,backbone,-6.3723,-2.3301,0,tench
epi,backbone,-2.7086,-1.0817,0,tench
epi,backbone,-3.7916,-0.2413,0,tench
epi,backbone,-3.0203,-4.1376,0,tench
epi,backbone,-3.9406,-2.7191,0,tench
epi,backbone,-1.8874,-1.7283,0,tench
epi,backbone,-4.2181,-3.5051,0,tench
epi,backbone,-2.0285,-3.3420,0,tench
epi,backbone,-0.8613,-0.4268,0,tench
epi,backbone,-3.6529,-3.3051,0,tench
epi,backbone,-5.7646,-4.3639,0,tench
epi,backbone,-2.6613,-3.7265,0,tench
epi,backbone,-4.0444,-3.7180,0,tench
epi,backbone,-6.3338,-2.8950,0,tench
epi,backbone,-4.6003,-4.0656,0,tench
epi,backbone,-5.6925,-4.1918,0,tench
epi,backbone,-4.6690,-5.6009,0,tench
epi,backbone,-4.3578,-0.0179,0,tench
epi,backbone,-2.5432,-3.3618,0,tench
epi,backbone,-4.2770,-3.2632,0,tench
epi,backbone,-6.1805,-4.3342,0,tench
epi,backbone,-1.5519,-0.2372,0,tench
epi,backbone,-4.3915,-3.5722,0,tench
epi,backbone,-6.8167,-3.1342,0,tench
epi,backbone,-4.4767,-3.7359,0,tench
epi,backbone,-5.6831,-3.9106,0,tench
epi,backbone,-5.1724,-3.4737,0,tench
epi,backbone,-3.9949,-2.7024,0,tench
epi,backbone,-5.6597,-3.5441,0,tench
epi,backbone,-1.0360,-1.3601,0,tench
epi,backbone,-4.9940,-3.6708,0,tench
epi,backbone,-4.8760,-2.0300,0,tench
epi,backbone,-1.5701,-0.8180,0,tench
epi,backbone,-4.9128,-4.1867,0,tench
epi,backbone,1.9467,-2.2673,0,tench
epi,backbone,-4.2370,-1.8959,0,tench
epi,backbone,-2.9430,-4.1560,0,tench
epi,backbone,-1.4372,0.9439,0,tench
epi,backbone,-2.5142,0.1098,0,tench
epi,backbone,-3.0296,-3.4849,0,tench
epi,backbone,-3.5630,-1.8241,0,tench
epi,backbone,-3.4224,1.0352,0,tench
epi,backbone,-6.5062,-2.4686,0,tench
epi,backbone,-4.2972,-2.4375,0,tench
epi,backbone,-4.0698,-4.1100,0,tench
epi,backbone,-4.3350,-3.3697,0,tench
epi,backbone,4.3703,-2.1511,0,tench
epi,backbone,-4.6300,-2.5464,0,tench
epi,backbone,-1.1998,-0.0502,0,tench
epi,backbone,-4.9836,-3.3409,0,tench
epi,backbone,-5.6205,-3.5299,0,tench
epi,backbone,-3.6826,-1.0297,0,tench
epi,backbone,-0.1448,-1.9897,0,tench
epi,backbone,-1.8662,-0.1148,0,tench
epi,backbone,-5.6058,-3.8073,0,tench
epi,backbone,0.1844,-3.9341,0,tench
epi,backbone,-0.6098,-1.6028,0,tench
epi,backbone,-3.1084,-3.1839,0,tench
epi,backbone,-4.6577,-4.0273,0,tench
epi,backbone,-5.9434,-2.8868,0,tench
epi,backbone,-0.5295,-2.6967,0,tench
epi,backbone,-1.6306,-5.1725,0,tench
epi,backbone,-3.7289,-2.7800,0,tench
epi,backbone,-4.2949,-3.4423,0,tench
epi,backbone,-2.4357,-3.4906,0,tench
epi,backbone,-5.6992,-3.0860,0,tench
epi,backbone,-2.0081,-0.1371,0,tench
epi,backbone,-2.9860,-0.8530,0,tench
epi,backbone,-6.0516,-2.8931,0,tench
epi,backbone,1.1287,-4.6784,0,tench
epi,backbone,-6.3233,-3.8765,0,tench
epi,backbone,-3.7425,-5.5671,0,tench
epi,backbone,-4.9816,-3.3761,0,tench
epi,backbone,-4.5777,-4.2632,0,tench
epi,backbone,-3.5449,-4.2308,0,tench
epi,backbone,-6.5561,-3.7633,0,tench
epi,backbone,-4.2897,-3.1876,0,tench
epi,backbone,-6.0712,-3.9135,0,tench
epi,backbone,-6.2828,-4.7153,0,tench
epi,backbone,-1.6626,-3.0324,0,tench
epi,backbone,-2.1367,-3.6894,0,tench
epi,backbone,-4.1000,-3.3064,0,tench
epi,backbone,-1.5822,-1.9593,0,tench
epi,backbone,-3.6919,-3.7046,0,tench
epi,backbone,-3.3337,-2.4143,0,tench
epi,backbone,-2.4617,-1.0959,0,tench
epi,backbone,-4.5263,-0.9511,0,tench
epi,backbone,-1.4244,-1.2899,0,tench
epi,backbone,-5.4441,-4.3388,0,tench
epi,backbone,-2.7042,-2.3988,0,tench
epi,backbone,0.2429,-1.9535,0,tench
epi,backbone,-0.0751,1.7888,0,tench
epi,backbone,-6.4434,-2.8983,0,tench
epi,backbone,-4.2638,-3.1148,0,tench
epi,backbone,-5.6908,-3.1225,0,tench
epi,backbone,-1.2847,-4.7551,0,tench
epi,backbone,-2.8365,-3.6479,0,tench
epi,backbone,-4.5827,-3.7181,0,tench
epi,backbone,-6.0696,-4.1651,0,tench
epi,backbone,-4.8394,-3.6069,0,tench
epi,backbone,-4.8392,-3.9991,0,tench
epi,backbone,-4.2421,-2.5528,0,tench
epi,backbone,-3.7089,-3.7194,0,tench
epi,backbone,-0.5801,0.9576,0,tench
epi,backbone,-2.3522,-3.7351,0,tench
epi,backbone,-1.3884,-4.2453,0,tench
epi,backbone,-2.6154,-3.2112,0,tench
epi,backbone,-1.9369,-1.5523,0,tench
epi,backbone,-3.2827,-5.1573,0,tench
epi,backbone,-1.9012,-4.2806,0,tench
epi,backbone,-5.4727,-4.1072,0,tench
epi,backbone,-4.2122,-4.0531,0,tench
epi,backbone,-3.4436,-2.6639,0,tench
epi,backbone,-4.0568,-2.3778,0,tench
epi,backbone,-4.4579,-2.7783,0,tench
epi,backbone,-3.0477,-2.4863,0,tench
epi,backbone,-1.7586,-0.1300,0,tench
epi,backbone,-5.7145,-4.3678,0,tench
epi,backbone,-6.6357,-3.2721,0,tench
epi,backbone,-3.6026,-2.0101,0,tench
epi,backbone,-4.8698,-3.3571,0,tench
epi,backbone,-0.2443,-2.7781,0,tench
epi,backbone,-2.1130,-4.7617,0,tench
epi,backbone,-2.6177,-2.6394,0,tench
epi,backbone,-3.1665,-0.9938,0,tench
epi,backbone,-6.9193,-3.8351,0,tench
epi,backbone,-2.8605,-2.3452,0,tench
epi,backbone,-4.0312,-3.0165,0,tench
epi,backbone,-4.0594,-4.4462,0,tench
epi,backbone,-1.5599,-3.8064,0,tench
epi,backbone,-6.6314,-3.7181,0,tench
epi,backbone,0.3428,-1.8004,0,tench
epi,backbone,-4.8810,-3.7339,0,tench
epi,backbone,-0.1172,-4.5364,0,tench
epi,backbone,-2.4400,-3.8921,0,tench
epi,backbone,-4.6372,-3.5194,0,tench
epi,backbone,-4.0601,-2.5070,0,tench
epi,backbone,-4.9918,-3.2618,0,tench
epi,backbone,-0.4307,-2.6535,0,tench
epi,backbone,-0.0363,-5.0960,0,tench
epi,backbone,-0.2739,-2.5765,0,tench
epi,backbone,-0.7489,-2.8669,0,tench
epi,backbone,-7.1550,-2.8101,0,tench
epi,backbone,-5.2259,-2.3760,0,tench
epi,backbone,-4.7368,-3.9725,0,tench
epi,backbone,2.7817,-3.0301,0,tench
epi,backbone,3.9088,-3.4505,0,tench
epi,backbone,-0.8806,-1.0694,0,tench
epi,backbone,-3.5505,-3.2100,0,tench
epi,backbone,-3.4771,-2.2795,0,tench
epi,backbone,-3.6049,-4.2232,0,tench
epi,backbone,-5.1834,-0.7978,0,tench
epi,backbone,0.5538,-5.2088,0,tench
epi,backbone,-2.7618,-4.3587,0,tench
epi,backbone,-6.3271,-4.2215,0,tench
epi,backbone,-2.7128,-3.8704,0,tench
epi,backbone,-3.3672,-3.0788,0,tench
epi,backbone,-2.7892,-2.6379,0,tench
epi,backbone,-4.5390,-3.5762,0,tench
epi,backbone,-0.5270,-2.2574,0,tench
epi,backbone,-6.1417,-2.9687,0,tench
epi,backbone,-6.2593,-3.2101,0,tench
epi,backbone,-2.4024,-3.1578,0,tench
epi,backbone,-4.6197,-1.4375,0,tench
epi,backbone,-3.1097,-3.1336,0,tench
epi,backbone,-5.6900,-4.0955,0,tench
epi,backbone,-4.6201,-4.4574,0,tench
epi,backbone,-4.5904,-2.9008,0,tench
epi,backbone,0.0446,-4.3519,0,tench
epi,backbone,-6.6784,-1.9587,0,tench
epi,backbone,0.7252,-4.7231,0,tench
epi,backbone,-2.8979,-1.2784,0,tench
epi,backbone,-2.7467,-1.6263,0,tench
epi,backbone,-4.3387,-1.9356,0,tench
epi,backbone,-1.6029,-3.5197,0,tench
epi,backbone,-1.1061,-1.8403,0,tench
epi,backbone,-3.9552,-4.7976,0,tench
epi,backbone,-3.7226,-3.0957,0,tench
epi,backbone,-6.2256,-4.7069,0,tench
epi,backbone,-4.0701,-4.6513,0,tench
epi,backbone,-5.5805,-3.2713,0,tench
epi,backbone,-4.2491,-2.6065,0,tench
epi,backbone,-5.0169,-3.7445,0,tench
epi,backbone,-3.3365,-2.2400,0,tench
epi,backbone,-4.7185,-4.1506,0,tench
epi,backbone,-3.8755,-2.7303,0,tench
epi,backbone,-2.2612,-3.3227,0,tench
epi,backbone,-4.4685,-4.8722,0,tench
epi,backbone,-3.1089,-2.9823,0,tench
epi,backbone,-4.5704,-0.7646,0,tench
epi,backbone,-6.7483,-2.2300,0,tench
epi,backbone,-3.8007,-4.9346,0,tench
epi,backbone,-4.1988,1.7069,0,tench
epi,backbone,-5.6435,-3.6793,0,tench
epi,backbone,-5.0584,-3.3200,0,tench
epi,backbone,-7.6976,-0.7412,0,tench
epi,backbone,-3.5584,-3.9630,0,tench
epi,backbone,-2.5142,-1.6597,0,tench
epi,backbone,-4.9842,-1.1545,0,tench
epi,backbone,-5.1289,-3.8270,0,tench
epi,backbone,-2.4917,-1.9971,0,tench
epi,backbone,-7.4750,-3.3887,0,tench
epi,backbone,-4.2805,-3.7153,0,tench
epi,backbone,-5.9335,-3.1589,0,tench
epi,backbone,-2.9492,-3.0339,0,tench
epi,backbone,-3.7500,-1.6339,0,tench
epi,backbone,-4.0020,-3.3612,0,tench
epi,backbone,2.3552,-2.0306,0,tench
epi,backbone,-5.7135,-3.8138,0,tench
epi,backbone,-1.9960,-2.2801,0,tench
epi,backbone,-2.6493,-2.8536,0,tench
epi,backbone,-3.6504,-3.5158,0,tench
epi,backbone,-1.4825,-1.1248,0,tench
epi,backbone,-1.6049,-3.5673,0,tench
epi,backbone,-6.6094,-2.6729,0,tench
epi,backbone,-2.6804,-2.5388,0,tench
epi,backbone,-4.7671,-4.2598,0,tench
epi,backbone,-5.3956,-3.1852,0,tench
epi,backbone,-4.9586,-4.8891,0,tench
epi,backbone,-0.4509,-0.8884,0,tench
epi,backbone,-5.9300,-4.5546,0,tench
epi,backbone,-4.5655,-5.0146,0,tench
epi,backbone,0.2842,-1.3913,0,tench
epi,backbone,0.3538,-2.4444,0,tench
epi,backbone,-3.1330,-0.9980,0,tench
epi,backbone,-0.0923,-3.1123,0,tench
epi,backbone,-2.9088,-2.5507,0,tench
epi,backbone,-5.8621,-3.9223,0,tench
epi,backbone,-5.4062,-3.7785,0,tench
epi,backbone,-1.0081,-3.2508,0,tench
epi,backbone,-6.0243,-3.9480,0,tench
epi,backbone,-0.6871,-1.4418,0,tench
epi,backbone,-4.3941,-2.6292,0,tench
epi,backbone,-1.5383,-2.9486,0,tench
epi,backbone,-6.1255,-4.4853,0,tench
epi,backbone,-1.0358,-4.4797,0,tench
epi,backbone,-6.5987,-5.3719,0,tench
epi,backbone,-4.4790,-2.5993,0,tench
epi,backbone,-5.4090,-4.4880,0,tench
epi,backbone,-2.3695,-3.0273,0,tench
epi,backbone,-0.4050,-2.2615,0,tench
epi,backbone,-0.7982,-2.9391,0,tench
epi,backbone,-5.7422,-2.8000,0,tench
epi,backbone,-2.8983,-3.3674,0,tench
epi,backbone,-6.6373,-4.5141,0,tench
epi,backbone,-6.2904,-2.1227,0,tench
epi,backbone,-5.6781,-3.3393,0,tench
epi,backbone,-2.4285,-0.9975,0,tench
epi,backbone,0.7126,-1.2774,0,tench
epi,backbone,-5.3664,-4.5840,0,tench
epi,backbone,-4.0446,-4.3544,0,tench
epi,backbone,-5.3619,-4.3998,0,tench
epi,backbone,-5.0844,-3.3704,0,tench
epi,backbone,-5.5559,-1.6107,0,tench
epi,backbone,-3.2168,-3.0108,0,tench
epi,backbone,-1.8289,-4.4585,0,tench
epi,backbone,-4.9295,-4.1870,0,tench
epi,backbone,-2.6580,-3.3781,0,tench
epi,backbone,-4.4252,-3.2256,0,tench
epi,backbone,-4.1856,-2.8985,0,tench
epi,backbone,-3.8254,-2.3002,0,tench
epi,backbone,-3.7924,-2.4512,0,tench
epi,backbone,-3.4445,-4.2699,0,tench
epi,backbone,-4.5586,-5.3422,0,tench
epi,backbone,-3.4675,-3.0433,0,tench
epi,backbone,-5.0806,-3.6880,0,tench
epi,backbone,-1.6266,-4.9466,0,tench
epi,backbone,-6.5398,-2.9489,0,tench
epi,backbone,-3.6448,-1.9727,0,tench
epi,backbone,-5.6357,-3.7577,0,tench
epi,backbone,-2.8303,-1.9217,0,tench
epi,backbone,-0.7931,-3.7012,0,tench
epi,backbone,-6.6504,-3.2918,0,tench
epi,backbone,-4.2600,-2.6947,0,tench
epi,backbone,-2.6653,-3.9059,0,tench
epi,backbone,-4.1191,-4.1841,0,tench
epi,backbone,-2.0967,-2.5651,0,tench
epi,backbone,-2.7771,-1.3349,0,tench
epi,backbone,-7.2189,-1.5631,0,tench
epi,backbone,-2.0997,-2.7740,0,tench
epi,backbone,-5.7973,-3.2432,0,tench
epi,backbone,-5.2816,-3.7735,0,tench
epi,backbone,-4.4833,-5.7423,1,springer
epi,backbone,-3.5898,-4.3514,1,springer
epi,backbone,0.0535,-3.3146,1,springer
epi,backbone,-2.7431,-4.2948,1,springer
epi,backbone,0.9566,-0.2529,1,springer
epi,backbone,1.9180,-1.4610,1,springer
epi,backbone,-0.1661,1.8646,1,springer
epi,backbone,-1.5923,-2.4365,1,springer
epi,backbone,-3.5677,-4.8946,1,springer
epi,backbone,-0.4403,-1.3088,1,springer
epi,backbone,-5.7768,-2.5673,1,springer
epi,backbone,-1.2502,-0.8936,1,springer
epi,backbone,0.1256,-3.6335,1,springer
epi,backbone,-1.3086,-1.5403,1,springer
epi,backbone,-4.9073,-0.8236,1,springer
epi,backbone,0.4922,-3.2505,1,springer
epi,backbone,-0.8635,-3.9990,1,springer
epi,backbone,-3.1930,-4.9186,1,springer
epi,backbone,0.5201,-3.1660,1,springer
epi,backbone,-2.5263,-3.8835,1,springer
epi,backbone,-3.3528,-5.0728,1,springer
epi,backbone,-3.8335,-4.0429,1,springer
epi,backbone,0.5201,-1.7958,1,springer
epi,backbone,0.2193,-3.6838,1,springer
epi,backbone,1.6391,-1.9023,1,springer
epi,backbone,-3.0248,-4.5131,1,springer
epi,backbone,-4.3580,-2.7040,1,springer
epi,backbone,2.9759,0.5744,1,springer
epi,backbone,-5.2733,-2.9682,1,springer
epi,backbone,-3.8094,-3.4025,1,springer
epi,backbone,-5.1077,-2.2494,1,springer
epi,backbone,-4.6736,-2.6754,1,springer
epi,backbone,-3.4964,-5.6437,1,springer
epi,backbone,-3.3988,-3.1183,1,springer
epi,backbone,-1.0645,-1.2632,1,springer
epi,backbone,-1.6743,-4.6657,1,springer
epi,backbone,0.6719,-3.0434,1,springer
epi,backbone,-0.2459,-4.3190,1,springer
epi,backbone,0.1097,0.7484,1,springer
epi,backbone,-0.8128,-0.3989,1,springer
epi,backbone,-3.8453,0.4722,1,springer
epi,backbone,-6.0972,-0.7430,1,springer
epi,backbone,-5.6901,-1.8183,1,springer
epi,backbone,-0.6191,-3.1049,1,springer
epi,backbone,-5.9138,-4.6580,1,springer
epi,backbone,0.2418,-0.9574,1,springer
epi,backbone,-5.0343,0.6940,1,springer
epi,backbone,-2.0679,-3.0787,1,springer
epi,backbone,-4.7605,-4.3671,1,springer
epi,backbone,-1.5033,-1.7807,1,springer
epi,backbone,-3.7340,-3.0234,1,springer
epi,backbone,-5.0006,1.2318,1,springer
epi,backbone,-3.8041,-4.3232,1,springer
epi,backbone,-4.7242,-0.3017,1,springer
epi,backbone,1.2896,0.3689,1,springer
epi,backbone,-0.4008,-2.9637,1,springer
epi,backbone,1.5365,0.5577,1,springer
epi,backbone,-1.2847,0.0863,1,springer
epi,backbone,-0.5927,-3.1088,1,springer
epi,backbone,-2.0431,-0.7684,1,springer
epi,backbone,1.8313,-0.7343,1,springer
epi,backbone,-3.4347,1.0497,1,springer
epi,backbone,-1.2875,-2.8913,1,springer
epi,backbone,-0.4382,-1.5674,1,springer
epi,backbone,-5.6967,-1.0522,1,springer
epi,backbone,-4.7894,0.1354,1,springer
epi,backbone,-6.0471,1.0693,1,springer
epi,backbone,-3.9738,-5.7983,1,springer
epi,backbone,1.2220,-0.5405,1,springer
epi,backbone,-4.4446,-5.4205,1,springer
epi,backbone,-0.0812,-0.6316,1,springer
epi,backbone,-2.0117,-1.6648,1,springer
epi,backbone,-4.5216,-5.8791,1,springer
epi,backbone,-0.3956,-2.0558,1,springer
epi,backbone,-3.6270,0.9760,1,springer
epi,backbone,-2.3550,-5.7487,1,springer
epi,backbone,0.1168,-3.3541,1,springer
epi,backbone,-3.3301,-5.1152,1,springer
epi,backbone,-4.7419,-3.5855,1,springer
epi,backbone,-0.4562,-4.6191,1,springer
epi,backbone,-5.7325,-3.2496,1,springer
epi,backbone,-2.5023,-3.9345,1,springer
epi,backbone,-1.2219,-3.6906,1,springer
epi,backbone,-2.4768,3.0686,1,springer
epi,backbone,-1.2648,-4.3151,1,springer
epi,backbone,1.3990,-3.5795,1,springer
epi,backbone,-4.8715,-2.3481,1,springer
epi,backbone,-2.8128,-4.9653,1,springer
epi,backbone,-6.5029,-4.4610,1,springer
epi,backbone,-3.5845,-1.9483,1,springer
epi,backbone,2.4592,-1.8500,1,springer
epi,backbone,-3.9710,2.5184,1,springer
epi,backbone,-0.5830,-2.3504,1,springer
epi,backbone,-2.8648,-3.8548,1,springer
epi,backbone,-0.9439,-3.1743,1,springer
epi,backbone,-0.3993,0.5822,1,springer
epi,backbone,-3.7293,-5.1822,1,springer
epi,backbone,-3.6159,-0.4390,1,springer
epi,backbone,0.4071,-0.2332,1,springer
epi,backbone,0.0431,-2.2005,1,springer
epi,backbone,-2.9630,-0.8646,1,springer
epi,backbone,-2.8697,-3.3942,1,springer
epi,backbone,-1.0756,-2.5083,1,springer
epi,backbone,1.1567,-2.9431,1,springer
epi,backbone,-4.7258,-4.8983,1,springer
epi,backbone,-2.8685,-5.2198,1,springer
epi,backbone,1.1539,-2.8251,1,springer
epi,backbone,-0.0980,-2.2874,1,springer
epi,backbone,-3.8602,-5.8829,1,springer
epi,backbone,-1.2045,-4.8042,1,springer
epi,backbone,-6.8567,-1.2221,1,springer
epi,backbone,-6.5627,-5.3910,1,springer
epi,backbone,-4.3789,-5.0602,1,springer
epi,backbone,-3.7433,-4.2628,1,springer
epi,backbone,-4.4524,0.8831,1,springer
epi,backbone,-4.0521,-1.0143,1,springer
epi,backbone,-1.5439,1.2298,1,springer
epi,backbone,-2.3613,-5.9315,1,springer
epi,backbone,-3.1594,-2.7730,1,springer
epi,backbone,-0.7994,-4.3318,1,springer
epi,backbone,-1.8208,-3.7276,1,springer
epi,backbone,-2.8762,-6.1040,1,springer
epi,backbone,-0.5891,-3.4203,1,springer
epi,backbone,-4.4599,0.3150,1,springer
epi,backbone,-4.5579,-2.8714,1,springer
epi,backbone,-0.4438,-3.7180,1,springer
epi,backbone,2.5127,-3.0119,1,springer
epi,backbone,-4.8216,-1.6474,1,springer
epi,backbone,-4.1701,-5.4686,1,springer
epi,backbone,2.2436,-3.9385,1,springer
epi,backbone,-3.0143,-4.1097,1,springer
epi,backbone,-3.1475,-3.8004,1,springer
epi,backbone,0.1319,-5.0732,1,springer
epi,backbone,-1.0742,-3.4960,1,springer
epi,backbone,-3.1506,-4.3157,1,springer
epi,backbone,-3.5455,-4.8826,1,springer
epi,backbone,-1.6368,-4.0953,1,springer
epi,backbone,-1.5406,-1.5348,1,springer
epi,backbone,-1.6370,-3.1665,1,springer
epi,backbone,-1.2510,-0.3459,1,springer
epi,backbone,-3.5682,-5.0378,1,springer
epi,backbone,-0.6133,-0.6115,1,springer
epi,backbone,-2.5562,-4.0037,1,springer
epi,backbone,-3.3929,-4.2483,1,springer
epi,backbone,-4.4833,-4.2079,1,springer
epi,backbone,-1.1899,5.0298,1,springer
epi,backbone,-4.2690,-2.0366,1,springer
epi,backbone,-5.1978,-4.4015,1,springer
epi,backbone,-0.2830,0.4075,1,springer
epi,backbone,-2.0720,-3.7931,1,springer
epi,backbone,-2.2833,-4.2378,1,springer
epi,backbone,-4.8231,-3.7834,1,springer
epi,backbone,-3.6824,-5.9534,1,springer
epi,backbone,0.5646,1.3418,1,springer
epi,backbone,-3.1559,-5.6666,1,springer
epi,backbone,-3.1948,0.5262,1,springer
epi,backbone,-2.8940,0.1308,1,springer
epi,backbone,0.1748,0.9531,1,springer
epi,backbone,-3.8387,-5.0108,1,springer
epi,backbone,-2.6730,-0.1563,1,springer
epi,backbone,-5.7124,-3.1476,1,springer
epi,backbone,-1.4006,-2.1304,1,springer
epi,backbone,-1.2392,-4.1180,1,springer
epi,backbone,-0.6399,-0.3252,1,springer
epi,backbone,-2.9264,-4.4062,1,springer
epi,backbone,-3.4936,-4.7443,1,springer
epi,backbone,-0.8589,-3.4238,1,springer
epi,backbone,0.5154,-5.2000,1,springer
epi,backbone,-4.2556,-1.6432,1,springer
epi,backbone,0.0966,-2.8556,1,springer
epi,backbone,3.0746,-4.2938,1,springer
epi,backbone,-1.8646,-0.4537,1,springer
epi,backbone,-1.4845,-0.5625,1,springer
epi,backbone,-2.3838,-3.5558,1,springer
epi,backbone,2.2549,-3.7823,1,springer
epi,backbone,-4.0511,-3.0655,1,springer
epi,backbone,-1.2545,-3.5612,1,springer
epi,backbone,0.5589,-2.1642,1,springer
epi,backbone,1.7939,-2.7153,1,springer
epi,backbone,-1.3909,-0.0518,1,springer
epi,backbone,-2.9369,-5.9646,1,springer
epi,backbone,-2.5286,-4.1805,1,springer
epi,backbone,-3.8857,-2.0718,1,springer
epi,backbone,-5.3206,-1.8857,1,springer
epi,backbone,0.6839,-3.1272,1,springer
epi,backbone,-3.2242,-2.1848,1,springer
epi,backbone,-3.9788,-4.8879,1,springer
epi,backbone,-4.3309,-4.3501,1,springer
epi,backbone,-4.1703,-5.3661,1,springer
epi,backbone,-2.7336,-3.2738,1,springer
epi,backbone,-2.6068,-1.8090,1,springer
epi,backbone,2.4336,-1.9071,1,springer
epi,backbone,0.9764,-0.7785,1,springer
epi,backbone,-2.8560,-5.3938,1,springer
epi,backbone,-4.8735,-4.8095,1,springer
epi,backbone,-4.4840,-4.8030,1,springer
epi,backbone,-0.2358,-1.0131,1,springer
epi,backbone,-3.1058,-3.7599,1,springer
epi,backbone,-5.6720,-1.6228,1,springer
epi,backbone,-0.3392,-2.9105,1,springer
epi,backbone,-1.4510,-2.0579,1,springer
epi,backbone,-1.2448,-1.3457,1,springer
epi,backbone,-3.6436,-5.7161,1,springer
epi,backbone,-3.8631,-3.6621,1,springer
epi,backbone,-5.9747,-2.4040,1,springer
epi,backbone,-3.8955,-3.7275,1,springer
epi,backbone,-5.6355,-2.7804,1,springer
epi,backbone,1.7080,-0.4016,1,springer
epi,backbone,-3.8220,0.2399,1,springer
epi,backbone,1.0992,-4.0754,1,springer
epi,backbone,-3.5142,-4.5915,1,springer
epi,backbone,-1.0196,-3.5013,1,springer
epi,backbone,-1.8092,-1.2174,1,springer
epi,backbone,-0.6119,-2.6823,1,springer
epi,backbone,-1.1464,-1.1814,1,springer
epi,backbone,1.6959,-0.6210,1,springer
epi,backbone,-3.7564,-5.6453,1,springer
epi,backbone,0.4665,0.6527,1,springer
epi,backbone,-3.4984,-2.9808,1,springer
epi,backbone,-2.4630,-4.8171,1,springer
epi,backbone,0.3886,-1.9496,1,springer
epi,backbone,-1.0866,-1.4483,1,springer
epi,backbone,2.6238,-2.7913,1,springer
epi,backbone,-3.4707,-4.2567,1,springer
epi,backbone,-3.6345,-5.6905,1,springer
epi,backbone,-4.4687,-2.2928,1,springer
epi,backbone,-5.0422,-1.7345,1,springer
epi,backbone,-4.4000,1.9625,1,springer
epi,backbone,0.3386,-1.1271,1,springer
epi,backbone,-1.6361,0.8865,1,springer
epi,backbone,-1.3830,-3.2223,1,springer
epi,backbone,2.0425,-4.2070,1,springer
epi,backbone,-3.1617,-4.4919,1,springer
epi,backbone,0.6415,-3.7531,1,springer
epi,backbone,0.7094,0.4033,1,springer
epi,backbone,-3.8988,-4.9491,1,springer
epi,backbone,-0.2135,-3.1466,1,springer
epi,backbone,-2.8196,-0.0175,1,springer
epi,backbone,-1.7292,-2.5481,1,springer
epi,backbone,-1.4394,-1.1268,1,springer
epi,backbone,-1.7586,-3.9340,1,springer
epi,backbone,0.8753,-0.3441,1,springer
epi,backbone,-1.0844,-3.7404,1,springer
epi,backbone,0.0251,-2.0324,1,springer
epi,backbone,0.1914,-3.0397,1,springer
epi,backbone,-1.8958,-1.4131,1,springer
epi,backbone,-3.6606,-3.2359,1,springer
epi,backbone,-2.6838,-4.9542,1,springer
epi,backbone,-3.6176,-0.2728,1,springer
epi,backbone,-3.3381,-4.9991,1,springer
epi,backbone,-4.1339,-5.7542,1,springer
epi,backbone,-1.4367,-0.5755,1,springer
epi,backbone,-3.3996,-3.4517,1,springer
epi,backbone,-1.2858,1.5492,1,springer
epi,backbone,-4.6873,-3.4475,1,springer
epi,backbone,-0.8454,-5.5465,1,springer
epi,backbone,-4.2676,-3.1016,1,springer
epi,backbone,-4.0395,-1.6266,1,springer
epi,backbone,0.7996,0.0224,1,springer
epi,backbone,-2.1019,-2.1600,1,springer
epi,backbone,-5.6571,-3.3382,1,springer
epi,backbone,-3.4279,-2.9077,1,springer
epi,backbone,-4.4598,-4.4068,1,springer
epi,backbone,0.6401,-4.1505,1,springer
epi,backbone,-2.5981,-3.9302,1,springer
epi,backbone,0.7052,-1.8071,1,springer
epi,backbone,-3.3744,-1.6477,1,springer
epi,backbone,-1.5266,-2.4521,1,springer
epi,backbone,2.6453,-3.9457,1,springer
epi,backbone,-2.6729,-3.7386,1,springer
epi,backbone,-4.4003,-2.7004,1,springer
epi,backbone,-0.4287,-1.9179,1,springer
epi,backbone,-3.8028,-4.5031,1,springer
epi,backbone,-6.2424,-3.9256,1,springer
epi,backbone,-1.4029,-6.2702,1,springer
epi,backbone,-2.1192,-1.4684,1,springer
epi,backbone,-0.6210,-2.9736,1,springer
epi,backbone,0.6246,-2.6581,1,springer
epi,backbone,-2.1629,-2.3868,1,springer
epi,backbone,-1.5510,-1.5895,1,springer
epi,backbone,-0.9088,-5.4290,1,springer
epi,backbone,-1.9775,-3.8940,1,springer
epi,backbone,-3.3226,-5.1843,1,springer
epi,backbone,-1.4801,-0.9062,1,springer
epi,backbone,-0.3303,-4.1942,1,springer
epi,backbone,0.7779,-1.3961,1,springer
epi,backbone,-3.8488,-3.4208,1,springer
epi,backbone,-3.8381,-4.6393,1,springer
epi,backbone,-0.6481,-5.1281,1,springer
epi,backbone,-0.5293,-1.4365,1,springer
epi,backbone,-4.1833,-3.8244,1,springer
epi,backbone,0.1023,0.5754,1,springer
epi,backbone,-3.5079,-6.2410,1,springer
epi,backbone,-4.8581,-3.0715,1,springer
epi,backbone,-1.1968,-2.8540,1,springer
epi,backbone,2.4155,-2.4839,1,springer
epi,backbone,2.6327,-3.4183,1,springer
epi,backbone,-2.4530,-4.1430,1,springer
epi,backbone,1.5987,-3.0740,1,springer
epi,backbone,-1.9704,1.4657,1,springer
epi,backbone,-3.2228,-4.4494,1,springer
epi,backbone,-2.6036,-5.2125,1,springer
epi,backbone,-2.2378,-1.0988,1,springer
epi,backbone,-1.4180,-1.2546,1,springer
epi,backbone,-4.4318,-4.5198,1,springer
epi,backbone,-3.9085,-4.8108,1,springer
epi,backbone,-1.1068,-1.7081,1,springer
epi,backbone,-4.0604,-4.5378,1,springer
epi,backbone,-0.4176,-0.7296,1,springer
epi,backbone,-1.8369,-4.1828,1,springer
epi,backbone,0.0947,-0.8948,1,springer
epi,backbone,-0.4573,-1.2580,1,springer
epi,backbone,-3.8559,-3.2468,1,springer
epi,backbone,-1.3558,-2.0742,1,springer
epi,backbone,1.7957,-0.9183,1,springer
epi,backbone,-4.1541,-6.2620,1,springer
epi,backbone,-2.3357,-2.5263,1,springer
epi,backbone,-3.5150,-3.9934,1,springer
epi,backbone,-0.2130,-3.6906,1,springer
epi,backbone,-4.8116,-4.1333,1,springer
epi,backbone,-1.6015,-1.9729,1,springer
epi,backbone,-0.0726,-0.6140,1,springer
epi,backbone,-3.9711,-1.8549,1,springer
epi,backbone,-5.7980,-3.4365,1,springer
epi,backbone,-1.7458,-1.9212,1,springer
epi,backbone,-0.3657,-3.2544,1,springer
epi,backbone,-4.8288,0.3447,1,springer
epi,backbone,0.7742,-3.7937,1,springer
epi,backbone,-0.2877,-0.5672,1,springer
epi,backbone,-1.8318,-3.5050,1,springer
epi,backbone,-0.5935,-2.2636,1,springer
epi,backbone,-3.1414,-4.2204,1,springer
epi,backbone,-1.5945,-1.0094,1,springer
epi,backbone,1.4504,-3.0841,1,springer
epi,backbone,-5.0018,-3.5757,1,springer
epi,backbone,-0.0592,-3.7998,1,springer
epi,backbone,-4.0677,-5.2143,1,springer
epi,backbone,-2.4889,-2.6625,1,springer
epi,backbone,-0.6739,-3.6542,1,springer
epi,backbone,-2.3433,-2.6395,1,springer
epi,backbone,-1.1695,-2.9956,1,springer
epi,backbone,-2.1648,2.0459,1,springer
epi,backbone,1.1376,-1.2684,1,springer
epi,backbone,0.8524,-3.4929,1,springer
epi,backbone,-5.2015,1.2868,1,springer
epi,backbone,-3.7583,-1.2441,1,springer
epi,backbone,2.2545,-4.3296,1,springer
epi,backbone,0.4610,-3.1420,1,springer
epi,backbone,-3.7220,-3.0615,1,springer
epi,backbone,-4.3825,-1.8911,1,springer
epi,backbone,1.4980,-3.4621,1,springer
epi,backbone,-3.1571,-4.3233,1,springer
epi,backbone,0.1571,-2.7596,1,springer
epi,backbone,3.4330,0.7306,1,springer
epi,backbone,-1.4763,-3.1951,1,springer
epi,backbone,-5.1558,-3.9852,1,springer
epi,backbone,-0.2252,-1.0817,1,springer
epi,backbone,-3.1113,-4.8984,1,springer
epi,backbone,-3.1711,0.7211,1,springer
epi,backbone,-4.3968,-3.9636,1,springer
epi,backbone,-5.8791,-1.7343,1,springer
epi,backbone,-0.7065,-1.4201,1,springer
epi,backbone,-4.3694,0.9614,1,springer
epi,backbone,-1.1303,-3.9986,1,springer
epi,backbone,-2.3560,-0.7246,1,springer
epi,backbone,-4.3239,-4.9765,1,springer
epi,backbone,-1.1393,-1.1390,1,springer
epi,backbone,-4.0797,-3.0335,1,springer
epi,backbone,2.2349,-4.2456,1,springer
epi,backbone,-1.8044,-1.0878,1,springer
epi,backbone,-2.7567,0.5642,1,springer
epi,backbone,-2.3377,-5.1066,1,springer
epi,backbone,2.5380,1.9519,1,springer
epi,backbone,-2.1140,-3.4887,1,springer
epi,backbone,-3.5062,-1.8917,1,springer
epi,backbone,-2.1220,2.6584,1,springer
epi,backbone,-1.2918,-0.4971,1,springer
epi,backbone,-4.6878,-4.3234,1,springer
epi,backbone,-1.6928,-3.6490,1,springer
epi,backbone,-3.9853,-0.2811,1,springer
epi,backbone,-5.1079,-1.7413,1,springer
epi,backbone,-4.8638,-5.4728,1,springer
epi,backbone,-2.7237,0.5883,1,springer
epi,backbone,-3.8253,-4.5008,1,springer
epi,backbone,-5.1353,-2.6966,1,springer
epi,backbone,-5.0229,-2.2022,1,springer
epi,backbone,-4.2062,-2.6140,1,springer
epi,backbone,0.0394,-2.1629,1,springer
epi,backbone,-2.4122,-4.1338,1,springer
epi,backbone,-6.3131,-2.4663,1,springer
epi,backbone,-3.8777,-3.4232,1,springer
epi,backbone,1.0700,-1.3799,1,springer
epi,backbone,0.2920,-5.3717,1,springer
epi,backbone,-4.9530,-3.3565,1,springer
epi,backbone,0.7418,0.0286,1,springer
epi,backbone,3.0319,6.3521,2,cassette
epi,backbone,2.8315,7.4560,2,cassette
epi,backbone,2.3468,5.5980,2,cassette
epi,backbone,0.2523,5.2240,2,cassette
epi,backbone,4.5506,4.5234,2,cassette
epi,backbone,3.9832,2.3153,2,cassette
epi,backbone,1.6074,5.1922,2,cassette
epi,backbone,0.1819,7.8607,2,cassette
epi,backbone,2.3684,7.3770,2,cassette
epi,backbone,3.4145,5.2102,2,cassette
epi,backbone,-2.3666,0.6916,2,cassette
epi,backbone,1.2664,2.2760,2,cassette
epi,backbone,3.5452,5.3121,2,cassette
epi,backbone,3.7890,4.4085,2,cassette
epi,backbone,2.6476,3.3095,2,cassette
epi,backbone,-0.3277,4.5632,2,cassette
epi,backbone,3.2343,6.1648,2,cassette
epi,backbone,4.3995,4.3415,2,cassette
epi,backbone,2.2715,5.5081,2,cassette
epi,backbone,2.0177,0.2077,2,cassette
epi,backbone,4.5071,2.3448,2,cassette
epi,backbone,1.5847,5.3369,2,cassette
epi,backbone,2.2760,1.1089,2,cassette
epi,backbone,4.8639,4.6701,2,cassette
epi,backbone,4.0417,6.5963,2,cassette
epi,backbone,5.5863,4.1319,2,cassette
epi,backbone,2.9589,5.6800,2,cassette
epi,backbone,7.3040,2.7106,2,cassette
epi,backbone,3.2898,6.3249,2,cassette
epi,backbone,3.4287,0.9360,2,cassette
epi,backbone,3.0779,5.9938,2,cassette
epi,backbone,3.0289,5.1607,2,cassette
epi,backbone,5.2791,1.4527,2,cassette
epi,backbone,2.3110,3.8036,2,cassette
epi,backbone,6.5901,0.7333,2,cassette
epi,backbone,1.1288,6.5526,2,cassette
epi,backbone,1.1570,0.3394,2,cassette
epi,backbone,3.2669,4.9210,2,cassette
epi,backbone,4.9976,2.8787,2,cassette
epi,backbone,-2.6955,1.5639,2,cassette
epi,backbone,1.6466,1.5634,2,cassette
epi,backbone,2.1176,5.1798,2,cassette
epi,backbone,2.5269,5.1974,2,cassette
epi,backbone,5.2977,3.8055,2,cassette
epi,backbone,3.9692,4.2851,2,cassette
epi,backbone,0.4125,7.0771,2,cassette
epi,backbone,5.2743,2.6050,2,cassette
epi,backbone,1.8061,6.4938,2,cassette
epi,backbone,5.4178,3.1842,2,cassette
epi,backbone,3.0959,5.7774,2,cassette
epi,backbone,3.1048,6.3071,2,cassette
epi,backbone,5.0367,5.9140,2,cassette
epi,backbone,2.9435,4.8157,2,cassette
epi,backbone,3.6116,5.3871,2,cassette
epi,backbone,3.1172,6.3207,2,cassette
epi,backbone,1.0292,6.8598,2,cassette
epi,backbone,2.9871,4.7854,2,cassette
epi,backbone,5.8563,4.8376,2,cassette
epi,backbone,4.4683,2.8195,2,cassette
epi,backbone,1.0979,5.0547,2,cassette
epi,backbone,1.5928,5.8980,2,cassette
epi,backbone,3.9185,6.0585,2,cassette
epi,backbone,3.5936,4.9338,2,cassette
epi,backbone,-1.3691,2.7905,2,cassette
epi,backbone,3.4863,5.5476,2,cassette
epi,backbone,0.9922,4.2544,2,cassette
epi,backbone,0.0882,4.5624,2,cassette
epi,backbone,5.1536,4.0784,2,cassette
epi,backbone,2.4415,5.1178,2,cassette
epi,backbone,1.0675,3.8824,2,cassette
epi,backbone,3.2140,2.7700,2,cassette
epi,backbone,3.8729,5.6419,2,cassette
epi,backbone,-1.1590,-1.4697,2,cassette
epi,backbone,-0.2274,2.6726,2,cassette
epi,backbone,1.1838,7.8699,2,cassette
epi,backbone,0.6994,4.2108,2,cassette
epi,backbone,2.6279,0.9968,2,cassette
epi,backbone,1.5002,-1.5520,2,cassette
epi,backbone,2.9998,6.1644,2,cassette
epi,backbone,5.6865,3.5372,2,cassette
epi,backbone,-1.3635,0.0612,2,cassette
epi,backbone,-4.0893,-0.8056,2,cassette
epi,backbone,2.6811,6.7513,2,cassette
epi,backbone,2.8605,3.0787,2,cassette
epi,backbone,3.0947,6.7226,2,cassette
epi,backbone,3.5437,6.0896,2,cassette
epi,backbone,1.4009,5.1765,2,cassette
epi,backbone,1.5537,4.2121,2,cassette
epi,backbone,1.6083,6.4929,2,cassette
epi,backbone,0.1545,6.1217,2,cassette
epi,backbone,1.9619,4.9077,2,cassette
epi,backbone,1.2982,4.6037,2,cassette
epi,backbone,-0.2303,4.6616,2,cassette
epi,backbone,4.0209,5.1169,2,cassette
epi,backbone,2.1902,6.4669,2,cassette
epi,backbone,1.7426,5.7773,2,cassette
epi,backbone,2.7234,5.0838,2,cassette
epi,backbone,1.6809,5.9413,2,cassette
epi,backbone,-0.4011,3.9480,2,cassette
epi,backbone,2.8088,6.5683,2,cassette
epi,backbone,3.0348,6.2574,2,cassette
epi,backbone,4.0074,4.8873,2,cassette
epi,backbone,1.0499,3.2539,2,cassette
epi,backbone,1.1062,5.5093,2,cassette
epi,backbone,2.2633,-1.5981,2,cassette
epi,backbone,0.1143,4.5525,2,cassette
epi,backbone,2.2286,0.8012,2,cassette
epi,backbone,2.5046,2.5369,2,cassette
epi,backbone,6.3459,3.6155,2,cassette
epi,backbone,1.9529,5.4899,2,cassette
epi,backbone,-2.7313,2.2163,2,cassette
epi,backbone,3.2437,-0.7121,2,cassette
epi,backbone,-0.2993,5.4029,2,cassette
epi,backbone,3.9432,6.1056,2,cassette
epi,backbone,-1.1538,5.5988,2,cassette
epi,backbone,-2.2415,1.8333,2,cassette
epi,backbone,1.9287,5.7352,2,cassette
epi,backbone,1.3122,5.1892,2,cassette
epi,backbone,5.0964,3.6923,2,cassette
epi,backbone,0.5627,4.3447,2,cassette
epi,backbone,4.9396,4.0876,2,cassette
epi,backbone,1.1313,5.9139,2,cassette
epi,backbone,6.0620,5.4521,2,cassette
epi,backbone,3.9847,0.1460,2,cassette
epi,backbone,4.7836,4.3568,2,cassette
epi,backbone,2.0064,7.0700,2,cassette
epi,backbone,2.2355,5.7002,2,cassette
epi,backbone,2.3019,5.8612,2,cassette
epi,backbone,0.3080,4.4632,2,cassette
epi,backbone,1.9299,5.8517,2,cassette
epi,backbone,5.0818,1.7730,2,cassette
epi,backbone,3.7707,2.8914,2,cassette
epi,backbone,4.9631,3.9058,2,cassette
epi,backbone,4.3631,4.6731,2,cassette
epi,backbone,2.3991,5.9211,2,cassette
epi,backbone,2.2430,4.8526,2,cassette
epi,backbone,2.8637,4.8104,2,cassette
epi,backbone,4.8573,3.8222,2,cassette
epi,backbone,3.6808,4.3205,2,cassette
epi,backbone,1.9540,7.2528,2,cassette
epi,backbone,1.3101,5.5024,2,cassette
epi,backbone,4.1957,6.8750,2,cassette
epi,backbone,4.2414,5.0425,2,cassette
epi,backbone,-0.3596,5.3209,2,cassette
epi,backbone,2.4182,7.1585,2,cassette
epi,backbone,6.9072,3.1595,2,cassette
epi,backbone,5.0244,4.4159,2,cassette
epi,backbone,3.1565,1.3316,2,cassette
epi,backbone,1.4051,5.4138,2,cassette
epi,backbone,3.1246,5.1822,2,cassette
epi,backbone,4.2931,4.7128,2,cassette
epi,backbone,4.8470,3.1138,2,cassette
epi,backbone,0.5862,5.8194,2,cassette
epi,backbone,7.1128,2.1738,2,cassette
epi,backbone,3.0587,1.8628,2,cassette
epi,backbone,6.2341,2.6742,2,cassette
epi,backbone,1.2934,-1.9246,2,cassette
epi,backbone,5.4456,3.4970,2,cassette
epi,backbone,5.5366,2.4389,2,cassette
epi,backbone,7.0294,4.7346,2,cassette
epi,backbone,5.8145,3.7236,2,cassette
epi,backbone,5.7606,1.6983,2,cassette
epi,backbone,1.7389,2.8828,2,cassette
epi,backbone,-3.4514,1.2916,2,cassette
epi,backbone,3.9593,5.9931,2,cassette
epi,backbone,4.4451,3.2685,2,cassette
epi,backbone,5.0704,2.7866,2,cassette
epi,backbone,2.5975,1.8940,2,cassette
epi,backbone,2.5657,5.0367,2,cassette
epi,backbone,3.8976,5.8811,2,cassette
epi,backbone,2.0801,4.6141,2,cassette
epi,backbone,3.7957,1.4349,2,cassette
epi,backbone,2.4281,6.0172,2,cassette
epi,backbone,4.6171,0.6518,2,cassette
epi,backbone,4.2064,4.0426,2,cassette
epi,backbone,4.8052,0.6677,2,cassette
epi,backbone,7.7799,4.4205,2,cassette
epi,backbone,3.3279,6.1967,2,cassette
epi,backbone,3.1502,4.2585,2,cassette
epi,backbone,5.8384,1.2497,2,cassette
epi,backbone,6.5226,4.7578,2,cassette
epi,backbone,5.5145,2.5218,2,cassette
epi,backbone,4.3150,2.2579,2,cassette
epi,backbone,3.4694,5.4322,2,cassette
epi,backbone,3.1380,3.7997,2,cassette
epi,backbone,5.2875,4.1448,2,cassette
epi,backbone,4.3766,5.1952,2,cassette
epi,backbone,3.3016,7.4190,2,cassette
epi,backbone,4.6016,3.7960,2,cassette
epi,backbone,2.1883,7.2870,2,cassette
epi,backbone,5.9289,4.1850,2,cassette
epi,backbone,3.7923,7.0720,2,cassette
epi,backbone,3.5492,5.3963,2,cassette
epi,backbone,1.4386,6.2721,2,cassette
epi,backbone,5.9862,1.4664,2,cassette
epi,backbone,4.0056,4.5759,2,cassette
epi,backbone,1.6278,5.2995,2,cassette
epi,backbone,3.5044,3.5128,2,cassette
epi,backbone,1.7118,-3.5365,2,cassette
epi,backbone,6.4896,1.9085,2,cassette
epi,backbone,2.9414,5.9618,2,cassette
epi,backbone,5.0172,3.0962,2,cassette
epi,backbone,0.6544,4.1160,2,cassette
epi,backbone,5.6164,2.0276,2,cassette
epi,backbone,4.5977,5.9514,2,cassette
epi,backbone,3.8573,6.2488,2,cassette
epi,backbone,0.7187,7.0803,2,cassette
epi,backbone,2.8378,5.8574,2,cassette
epi,backbone,2.7744,3.2721,2,cassette
epi,backbone,3.7797,3.9015,2,cassette
epi,backbone,2.6499,2.1363,2,cassette
epi,backbone,3.7352,5.9519,2,cassette
epi,backbone,4.8978,4.1834,2,cassette
epi,backbone,2.8847,3.0257,2,cassette
epi,backbone,1.7011,5.5589,2,cassette
epi,backbone,-0.1164,4.3445,2,cassette
epi,backbone,0.7788,1.6370,2,cassette
epi,backbone,2.2792,4.8753,2,cassette
epi,backbone,4.4036,4.6474,2,cassette
epi,backbone,4.5643,5.9777,2,cassette
epi,backbone,6.2902,2.2952,2,cassette
epi,backbone,5.2138,3.5574,2,cassette
epi,backbone,2.1942,2.7719,2,cassette
epi,backbone,4.5524,2.7821,2,cassette
epi,backbone,5.6450,3.8658,2,cassette
epi,backbone,0.4707,6.8166,2,cassette
epi,backbone,2.3032,5.4141,2,cassette
epi,backbone,0.4836,4.7327,2,cassette
epi,backbone,2.0232,2.7757,2,cassette
epi,backbone,7.0574,3.7321,2,cassette
epi,backbone,5.3636,3.7767,2,cassette
epi,backbone,0.6850,4.6049,2,cassette
epi,backbone,5.4222,2.0779,2,cassette
epi,backbone,2.3248,2.6845,2,cassette
epi,backbone,4.9896,3.8000,2,cassette
epi,backbone,5.1959,2.9383,2,cassette
epi,backbone,3.5855,6.7409,2,cassette
epi,backbone,4.7702,5.9375,2,cassette
epi,backbone,1.1796,4.7482,2,cassette
epi,backbone,1.3099,2.9713,2,cassette
epi,backbone,6.6223,1.6870,2,cassette
epi,backbone,3.9256,3.1147,2,cassette
epi,backbone,-5.9162,-1.9784,2,cassette
epi,backbone,6.0789,3.1970,2,cassette
epi,backbone,3.3358,7.6642,2,cassette
epi,backbone,2.5360,4.7789,2,cassette
epi,backbone,0.2468,6.0029,2,cassette
epi,backbone,4.6178,7.2100,2,cassette
epi,backbone,-0.7053,3.4899,2,cassette
epi,backbone,2.1095,4.3923,2,cassette
epi,backbone,-3.0712,4.5869,2,cassette
epi,backbone,4.4906,4.1603,2,cassette
epi,backbone,1.6044,6.1176,2,cassette
epi,backbone,-0.6500,5.1010,2,cassette
epi,backbone,5.2218,5.9163,2,cassette
epi,backbone,2.5927,0.5307,2,cassette
epi,backbone,-1.8261,2.1326,2,cassette
epi,backbone,1.8996,5.1674,2,cassette
epi,backbone,4.1587,2.3836,2,cassette
epi,backbone,4.6165,4.2202,2,cassette
epi,backbone,4.5138,3.0344,2,cassette
epi,backbone,2.9234,6.7447,2,cassette
epi,backbone,4.1471,3.4428,2,cassette
epi,backbone,4.3120,6.2432,2,cassette
epi,backbone,1.1761,3.5429,2,cassette
epi,backbone,5.3666,3.7701,2,cassette
epi,backbone,-0.7300,4.6696,2,cassette
epi,backbone,3.6064,5.1696,2,cassette
epi,backbone,-0.1609,-0.7798,2,cassette
epi,backbone,3.1816,5.7998,2,cassette
epi,backbone,3.3822,5.5569,2,cassette
epi,backbone,1.3349,4.7091,2,cassette
epi,backbone,4.5041,4.7816,2,cassette
epi,backbone,-4.5123,1.7549,2,cassette
epi,backbone,1.0412,3.4193,2,cassette
epi,backbone,5.2731,5.5997,2,cassette
epi,backbone,1.7632,4.8510,2,cassette
epi,backbone,6.2038,2.7581,2,cassette
epi,backbone,1.9157,5.0562,2,cassette
epi,backbone,-0.4833,2.1919,2,cassette
epi,backbone,3.4689,3.2293,2,cassette
epi,backbone,4.0251,4.8642,2,cassette
epi,backbone,2.7258,5.2250,2,cassette
epi,backbone,-1.6310,5.3736,2,cassette
epi,backbone,3.7941,2.1170,2,cassette
epi,backbone,1.9489,4.9108,2,cassette
epi,backbone,2.8624,5.8262,2,cassette
epi,backbone,0.0027,2.3390,2,cassette
epi,backbone,5.3919,4.0310,2,cassette
epi,backbone,3.2700,4.9914,2,cassette
epi,backbone,0.6935,1.9571,2,cassette
epi,backbone,4.4940,3.0661,2,cassette
epi,backbone,5.1950,3.0433,2,cassette
epi,backbone,2.7921,4.8162,2,cassette
epi,backbone,0.8869,1.6930,2,cassette
epi,backbone,2.7800,4.8121,2,cassette
epi,backbone,4.1724,4.3315,2,cassette
epi,backbone,4.5186,5.0812,2,cassette
epi,backbone,6.0903,4.7968,2,cassette
epi,backbone,0.3769,5.2722,2,cassette
epi,backbone,3.1409,5.3664,2,cassette
epi,backbone,3.2756,2.5287,2,cassette
epi,backbone,4.2011,4.3163,2,cassette
epi,backbone,3.8902,7.5078,2,cassette
epi,backbone,4.4772,6.1763,2,cassette
epi,backbone,5.8655,2.9497,2,cassette
epi,backbone,4.4868,4.8138,2,cassette
epi,backbone,-0.6151,4.3106,2,cassette
epi,backbone,4.5105,2.9645,2,cassette
epi,backbone,6.0903,2.9413,2,cassette
epi,backbone,2.2406,6.8237,2,cassette
epi,backbone,1.3093,6.7131,2,cassette
epi,backbone,2.4227,6.3090,2,cassette
epi,backbone,1.3370,3.5239,2,cassette
epi,backbone,-1.8038,6.0212,2,cassette
epi,backbone,1.3268,3.4318,2,cassette
epi,backbone,5.5825,1.4103,2,cassette
epi,backbone,4.4788,0.5835,2,cassette
epi,backbone,5.6034,3.8032,2,cassette
epi,backbone,5.8289,2.7046,2,cassette
epi,backbone,5.2261,2.9316,2,cassette
epi,backbone,4.3969,1.2413,2,cassette
epi,backbone,5.9449,4.2933,2,cassette
epi,backbone,0.7654,4.3553,2,cassette
epi,backbone,1.0072,6.4243,2,cassette
epi,backbone,6.5820,-0.7514,2,cassette
epi,backbone,1.1336,5.1911,2,cassette
epi,backbone,3.1385,5.6670,2,cassette
epi,backbone,2.6160,4.9804,2,cassette
epi,backbone,-0.5992,4.1469,2,cassette
epi,backbone,3.2416,6.3751,2,cassette
epi,backbone,1.9941,6.0512,2,cassette
epi,backbone,5.3981,5.0015,2,cassette
epi,backbone,4.7084,3.2257,2,cassette
epi,backbone,4.6422,4.5198,2,cassette
epi,backbone,3.7875,5.0974,2,cassette
epi,backbone,2.1211,4.8085,2,cassette
epi,backbone,0.2832,5.6571,2,cassette
epi,backbone,6.1323,2.9647,2,cassette
epi,backbone,3.0336,4.3155,2,cassette
epi,backbone,5.1731,3.6342,2,cassette
epi,backbone,3.1299,5.2687,2,cassette
epi,backbone,4.3730,5.9502,2,cassette
epi,backbone,2.8460,5.1076,2,cassette
epi,backbone,4.2551,5.0060,2,cassette
epi,backbone,8.3325,1.6155,2,cassette
epi,backbone,6.8568,3.1752,2,cassette
epi,backbone,6.0143,4.3154,2,cassette
epi,backbone,-1.6559,4.6993,2,cassette
epi,backbone,2.2529,-1.9635,2,cassette
epi,backbone,1.6244,5.8442,2,cassette
epi,backbone,3.7414,4.0899,2,cassette
epi,backbone,1.9004,4.9078,2,cassette
epi,backbone,0.7309,-0.1090,2,cassette
epi,backbone,1.6713,2.4044,2,cassette
epi,backbone,4.4924,1.2112,2,cassette
epi,backbone,2.7163,6.0915,2,cassette
epi,backbone,-2.6703,-1.2397,3,chainsaw
epi,backbone,1.4981,1.4731,3,chainsaw
epi,backbone,-5.6628,0.7410,3,chainsaw
epi,backbone,2.6463,4.5363,3,chainsaw
epi,backbone,-6.8840,1.4224,3,chainsaw
epi,backbone,2.6541,2.8014,3,chainsaw
epi,backbone,-2.2171,-0.1226,3,chainsaw
epi,backbone,-2.5466,-2.7795,3,chainsaw
epi,backbone,1.7524,-0.5384,3,chainsaw
epi,backbone,-5.7898,-1.8411,3,chainsaw
epi,backbone,3.9520,2.1265,3,chainsaw
epi,backbone,0.6893,1.4694,3,chainsaw
epi,backbone,-6.7700,-1.6195,3,chainsaw
epi,backbone,-4.3640,0.2592,3,chainsaw
epi,backbone,-0.1714,-1.3777,3,chainsaw
epi,backbone,-3.8727,-1.9199,3,chainsaw
epi,backbone,-2.6920,2.6169,3,chainsaw
epi,backbone,-3.1964,-1.1633,3,chainsaw
epi,backbone,0.9599,0.8448,3,chainsaw
epi,backbone,4.5082,-0.6485,3,chainsaw
epi,backbone,1.9248,2.0830,3,chainsaw
epi,backbone,-4.3704,-2.1348,3,chainsaw
epi,backbone,2.3941,0.7658,3,chainsaw
epi,backbone,-3.6484,-0.3866,3,chainsaw
epi,backbone,0.7495,1.9626,3,chainsaw
epi,backbone,2.5680,2.6646,3,chainsaw
epi,backbone,-2.1100,0.0650,3,chainsaw
epi,backbone,-6.4928,-1.4332,3,chainsaw
epi,backbone,-1.5951,0.8792,3,chainsaw
epi,backbone,-4.3976,-1.7566,3,chainsaw
epi,backbone,-4.1698,1.6482,3,chainsaw
epi,backbone,-3.4685,0.4369,3,chainsaw
epi,backbone,-1.8234,0.7240,3,chainsaw
epi,backbone,-4.1108,-1.4489,3,chainsaw
epi,backbone,-2.8918,-2.7018,3,chainsaw
epi,backbone,-2.9497,-2.2287,3,chainsaw
epi,backbone,-5.4355,-0.1269,3,chainsaw
epi,backbone,-1.1897,-1.2149,3,chainsaw
epi,backbone,0.6808,0.3893,3,chainsaw
epi,backbone,2.8556,0.9034,3,chainsaw
epi,backbone,-5.2351,-3.0099,3,chainsaw
epi,backbone,5.7006,-0.1759,3,chainsaw
epi,backbone,4.1347,0.5209,3,chainsaw
epi,backbone,-2.8950,4.1146,3,chainsaw
epi,backbone,4.5265,2.6252,3,chainsaw
epi,backbone,5.3543,1.8915,3,chainsaw
epi,backbone,-5.0268,-3.8295,3,chainsaw
epi,backbone,-1.8265,-0.4459,3,chainsaw
epi,backbone,-1.7942,0.2468,3,chainsaw
epi,backbone,4.7906,3.7192,3,chainsaw
epi,backbone,-3.0030,-0.3901,3,chainsaw
epi,backbone,-4.9954,-0.1762,3,chainsaw
epi,backbone,3.5937,0.8907,3,chainsaw
epi,backbone,-0.5281,0.7351,3,chainsaw
epi,backbone,-2.3744,-2.0797,3,chainsaw
epi,backbone,6.4296,-0.6800,3,chainsaw
epi,backbone,-3.4161,1.0546,3,chainsaw
epi,backbone,6.0078,0.8239,3,chainsaw
epi,backbone,3.9254,2.4931,3,chainsaw
epi,backbone,2.7108,0.0974,3,chainsaw
epi,backbone,-1.3174,2.9844,3,chainsaw
epi,backbone,-5.3113,-1.3746,3,chainsaw
epi,backbone,-1.3893,2.7816,3,chainsaw
epi,backbone,4.0931,3.6611,3,chainsaw
epi,backbone,-6.5815,0.2498,3,chainsaw
epi,backbone,-2.5998,0.4742,3,chainsaw
epi,backbone,-1.3844,-2.1525,3,chainsaw
epi,backbone,-4.8932,-0.6808,3,chainsaw
epi,backbone,-4.6313,-2.5041,3,chainsaw
epi,backbone,0.6298,4.7829,3,chainsaw
epi,backbone,-4.3944,2.9878,3,chainsaw
epi,backbone,-3.9996,0.4203,3,chainsaw
epi,backbone,-2.3113,-2.4387,3,chainsaw
epi,backbone,-6.2850,-3.3680,3,chainsaw
epi,backbone,3.5834,1.6994,3,chainsaw
epi,backbone,-0.4465,-3.8651,3,chainsaw
epi,backbone,-3.5372,1.2465,3,chainsaw
epi,backbone,-1.8680,0.2384,3,chainsaw
epi,backbone,-5.6491,-3.5848,3,chainsaw
epi,backbone,-4.7705,-3.1631,3,chainsaw
epi,backbone,-5.0326,-0.3301,3,chainsaw
epi,backbone,-4.7601,-1.4789,3,chainsaw
epi,backbone,-2.7257,-2.0568,3,chainsaw
epi,backbone,-6.3269,-3.0048,3,chainsaw
epi,backbone,-2.8682,0.6415,3,chainsaw
epi,backbone,-3.6813,-0.3874,3,chainsaw
epi,backbone,-3.1766,0.9041,3,chainsaw
epi,backbone,-2.6057,-3.2254,3,chainsaw
epi,backbone,-2.2839,2.1994,3,chainsaw
epi,backbone,4.2195,2.8044,3,chainsaw
epi,backbone,2.5832,3.8155,3,chainsaw
epi,backbone,-4.8408,-1.9590,3,chainsaw
epi,backbone,-4.4285,0.0685,3,chainsaw
epi,backbone,-4.7098,-0.5099,3,chainsaw
epi,backbone,2.3365,0.1677,3,chainsaw
epi,backbone,-3.7803,-0.3831,3,chainsaw
epi,backbone,5.4008,-3.3843,3,chainsaw
epi,backbone,-4.4336,0.9227,3,chainsaw
epi,backbone,-0.9328,1.7167,3,chainsaw
epi,backbone,4.5127,2.2251,3,chainsaw
epi,backbone,-4.8381,0.6047,3,chainsaw
epi,backbone,-4.5551,-2.9016,3,chainsaw
epi,backbone,3.3853,-1.0747,3,chainsaw
epi,backbone,-1.6702,2.6822,3,chainsaw
epi,backbone,-3.2390,0.5730,3,chainsaw
epi,backbone,4.4607,3.5848,3,chainsaw
epi,backbone,3.0488,-2.2065,3,chainsaw
epi,backbone,1.8940,-2.0614,3,chainsaw
epi,backbone,-5.1022,-2.4747,3,chainsaw
epi,backbone,-0.6571,-0.0043,3,chainsaw
epi,backbone,-6.0127,-2.2183,3,chainsaw
epi,backbone,-4.4109,-1.2179,3,chainsaw
epi,backbone,-6.8697,-2.2370,3,chainsaw
epi,backbone,-4.8729,-0.1990,3,chainsaw
epi,backbone,-1.1994,-0.0248,3,chainsaw
epi,backbone,4.7188,1.9898,3,chainsaw
epi,backbone,-4.8186,-1.5604,3,chainsaw
epi,backbone,-4.8088,-2.1965,3,chainsaw
epi,backbone,-3.0233,-1.1933,3,chainsaw
epi,backbone,0.6118,-1.1522,3,chainsaw
epi,backbone,1.6529,1.1797,3,chainsaw
epi,backbone,-5.6934,-0.6993,3,chainsaw
epi,backbone,-2.8938,-3.3358,3,chainsaw
epi,backbone,5.5835,1.6344,3,chainsaw
epi,backbone,-2.2532,-0.9133,3,chainsaw
epi,backbone,1.8165,2.3890,3,chainsaw
epi,backbone,-3.2406,1.3680,3,chainsaw
epi,backbone,-0.0410,-1.6334,3,chainsaw
epi,backbone,-4.6121,1.9140,3,chainsaw
epi,backbone,-4.5289,-2.1965,3,chainsaw
epi,backbone,-1.4599,1.5901,3,chainsaw
epi,backbone,-2.5107,1.3525,3,chainsaw
epi,backbone,2.9341,0.5510,3,chainsaw
epi,backbone,-5.6903,-3.3646,3,chainsaw
epi,backbone,-5.3055,-1.4521,3,chainsaw
epi,backbone,-2.3687,0.3410,3,chainsaw
epi,backbone,-5.3315,-1.4041,3,chainsaw
epi,backbone,2.2365,1.2661,3,chainsaw
epi,backbone,1.4189,0.6068,3,chainsaw
epi,backbone,3.5969,2.2857,3,chainsaw
epi,backbone,-2.2536,1.0657,3,chainsaw
epi,backbone,-2.0629,-2.5610,3,chainsaw
epi,backbone,0.0355,3.3198,3,chainsaw
epi,backbone,-2.7149,-2.8590,3,chainsaw
epi,backbone,-6.8056,-1.5475,3,chainsaw
epi,backbone,-2.6711,2.4068,3,chainsaw
epi,backbone,-4.9381,2.2021,3,chainsaw
epi,backbone,5.0570,0.3984,3,chainsaw
epi,backbone,1.1631,-4.6155,3,chainsaw
epi,backbone,-1.4200,0.5527,3,chainsaw
epi,backbone,-5.3312,-1.3796,3,chainsaw
epi,backbone,-6.1039,-0.7017,3,chainsaw
epi,backbone,-4.5872,-3.5962,3,chainsaw
epi,backbone,-3.8513,2.8082,3,chainsaw
epi,backbone,4.4395,-0.8668,3,chainsaw
epi,backbone,2.6841,5.2937,3,chainsaw
epi,backbone,2.1313,3.7563,3,chainsaw
epi,backbone,2.9213,2.5230,3,chainsaw
epi,backbone,2.8109,1.3257,3,chainsaw
epi,backbone,-0.9456,3.1562,3,chainsaw
epi,backbone,4.5474,0.1559,3,chainsaw
epi,backbone,4.8881,-0.0524,3,chainsaw
epi,backbone,7.1022,0.9313,3,chainsaw
epi,backbone,4.4678,2.0064,3,chainsaw
epi,backbone,-4.3205,-0.9299,3,chainsaw
epi,backbone,-5.8172,1.0948,3,chainsaw
epi,backbone,3.7218,2.7810,3,chainsaw
epi,backbone,-5.9533,-2.7948,3,chainsaw
epi,backbone,-6.0183,-1.4688,3,chainsaw
epi,backbone,0.1599,4.6442,3,chainsaw
epi,backbone,-4.6548,-0.8767,3,chainsaw
epi,backbone,-2.1799,1.7002,3,chainsaw
epi,backbone,5.1693,-0.8254,3,chainsaw
epi,backbone,-3.6166,1.9433,3,chainsaw
epi,backbone,5.3289,1.2829,3,chainsaw
epi,backbone,0.0930,1.2904,3,chainsaw
epi,backbone,-5.8851,-0.5886,3,chainsaw
epi,backbone,-1.6829,0.6416,3,chainsaw
epi,backbone,-4.1118,-0.8442,3,chainsaw
epi,backbone,-5.2168,-2.9900,3,chainsaw
epi,backbone,1.6346,0.8301,3,chainsaw
epi,backbone,-4.4578,-2.9209,3,chainsaw
epi,backbone,-4.0048,-0.4098,3,chainsaw
epi,backbone,4.8924,0.2277,3,chainsaw
epi,backbone,6.0171,0.9199,3,chainsaw
epi,backbone,6.0124,2.0455,3,chainsaw
epi,backbone,-3.2540,-3.0667,3,chainsaw
epi,backbone,-1.0924,2.8433,3,chainsaw
epi,backbone,-3.1320,-1.6177,3,chainsaw
epi,backbone,-2.7146,-1.9297,3,chainsaw
epi,backbone,1.2133,0.8200,3,chainsaw
epi,backbone,-3.7885,-0.2366,3,chainsaw
epi,backbone,-4.6042,1.9667,3,chainsaw
epi,backbone,-0.9394,-3.7404,3,chainsaw
epi,backbone,5.3829,0.9621,3,chainsaw
epi,backbone,-5.2545,0.7040,3,chainsaw
epi,backbone,-2.0893,-3.8455,3,chainsaw
epi,backbone,-5.4748,-2.0832,3,chainsaw
epi,backbone,-6.1873,-1.0713,3,chainsaw
epi,backbone,0.2229,2.7479,3,chainsaw
epi,backbone,4.7545,0.9858,3,chainsaw
epi,backbone,5.8229,-0.2153,3,chainsaw
epi,backbone,-3.5469,-0.3783,3,chainsaw
epi,backbone,-5.6830,-1.2954,3,chainsaw
epi,backbone,3.4830,2.5385,3,chainsaw
epi,backbone,7.5529,-0.8811,3,chainsaw
epi,backbone,-4.9449,-1.1802,3,chainsaw
epi,backbone,3.1100,0.7605,3,chainsaw
epi,backbone,-3.5252,-1.5430,3,chainsaw
epi,backbone,-3.2179,3.3730,3,chainsaw
epi,backbone,-5.4845,-1.0556,3,chainsaw
epi,backbone,-5.0967,-1.3331,3,chainsaw
epi,backbone,-6.4138,-3.8108,3,chainsaw
epi,backbone,-0.9675,1.9836,3,chainsaw
epi,backbone,-4.0288,-5.1138,3,chainsaw
epi,backbone,-5.9650,-2.1083,3,chainsaw
epi,backbone,-3.7792,-1.8111,3,chainsaw
epi,backbone,1.7223,1.5324,3,chainsaw
epi,backbone,-5.0228,-1.1147,3,chainsaw
epi,backbone,-4.8150,-1.3324,3,chainsaw
epi,backbone,1.6598,2.3021,3,chainsaw
epi,backbone,0.4137,-4.2700,3,chainsaw
epi,backbone,-4.3030,-0.9030,3,chainsaw
epi,backbone,-4.1095,0.0839,3,chainsaw
epi,backbone,4.2442,3.5965,3,chainsaw
epi,backbone,-6.0055,-0.2028,3,chainsaw
epi,backbone,-5.5946,0.3963,3,chainsaw
epi,backbone,-4.7184,-0.5085,3,chainsaw
epi,backbone,-4.1058,1.7633,3,chainsaw
epi,backbone,-2.7401,-2.8279,3,chainsaw
epi,backbone,-4.5173,-1.3735,3,chainsaw
epi,backbone,2.2869,2.2472,3,chainsaw
epi,backbone,4.3354,-0.6931,3,chainsaw
epi,backbone,-3.9313,-3.0259,3,chainsaw
epi,backbone,-3.3023,3.0176,3,chainsaw
epi,backbone,1.5398,1.6687,3,chainsaw
epi,backbone,-0.8274,-0.9810,3,chainsaw
epi,backbone,-2.1733,4.2849,3,chainsaw
epi,backbone,0.1453,0.8408,3,chainsaw
epi,backbone,1.5002,2.3070,3,chainsaw
epi,backbone,3.6687,1.1060,3,chainsaw
epi,backbone,-4.7792,-1.6334,3,chainsaw
epi,backbone,1.4594,-0.4899,3,chainsaw
epi,backbone,-6.3286,-3.5557,3,chainsaw
epi,backbone,-4.6801,2.9213,3,chainsaw
epi,backbone,1.4048,-0.1644,3,chainsaw
epi,backbone,0.9183,1.7084,3,chainsaw
epi,backbone,-5.4911,-3.7222,3,chainsaw
epi,backbone,-3.0646,3.0581,3,chainsaw
epi,backbone,6.7088,0.8843,3,chainsaw
epi,backbone,3.4178,-0.0135,3,chainsaw
epi,backbone,1.9778,5.8020,3,chainsaw
epi,backbone,0.0047,-0.1232,3,chainsaw
epi,backbone,-2.1592,-1.3635,3,chainsaw
epi,backbone,-1.1955,-3.9258,3,chainsaw
epi,backbone,-4.3925,1.0746,3,chainsaw
epi,backbone,-6.7840,-2.4150,3,chainsaw
epi,backbone,-5.1252,0.3754,3,chainsaw
epi,backbone,-3.8521,2.2112,3,chainsaw
epi,backbone,-1.4905,-0.1587,3,chainsaw
epi,backbone,0.9377,2.2282,3,chainsaw
epi,backbone,3.2845,1.2238,3,chainsaw
epi,backbone,-3.4773,2.0178,3,chainsaw
epi,backbone,-4.2566,0.4189,3,chainsaw
epi,backbone,-3.5402,2.8535,3,chainsaw
epi,backbone,3.0592,2.2486,3,chainsaw
epi,backbone,-3.7966,1.2268,3,chainsaw
epi,backbone,-4.2683,2.0287,3,chainsaw
epi,backbone,-4.4669,-2.7238,3,chainsaw
epi,backbone,2.6763,2.6247,3,chainsaw
epi,backbone,-4.3410,0.1884,3,chainsaw
epi,backbone,-5.4865,-1.3773,3,chainsaw
epi,backbone,-5.2513,-1.5695,3,chainsaw
epi,backbone,-6.1712,-2.3865,3,chainsaw
epi,backbone,-3.1075,-0.6261,3,chainsaw
epi,backbone,0.2156,4.9245,3,chainsaw
epi,backbone,-4.1332,1.9078,3,chainsaw
epi,backbone,1.0042,-2.8417,3,chainsaw
epi,backbone,-4.8622,-2.5810,3,chainsaw
epi,backbone,1.8371,2.2659,3,chainsaw
epi,backbone,-0.4209,2.2062,3,chainsaw
epi,backbone,-5.1732,-2.4234,3,chainsaw
epi,backbone,-4.3101,0.0262,3,chainsaw
epi,backbone,-4.7435,-2.2405,3,chainsaw
epi,backbone,-1.8004,-2.4867,3,chainsaw
epi,backbone,-2.3226,1.2069,3,chainsaw
epi,backbone,-5.8355,-2.3149,3,chainsaw
epi,backbone,2.7666,-0.2023,3,chainsaw
epi,backbone,3.8623,-0.3926,3,chainsaw
epi,backbone,0.3085,-2.7258,3,chainsaw
epi,backbone,3.1589,0.1701,3,chainsaw
epi,backbone,-3.5475,0.0712,3,chainsaw
epi,backbone,2.1080,3.1113,3,chainsaw
epi,backbone,-2.6675,-0.8466,3,chainsaw
epi,backbone,-2.9554,-0.0118,3,chainsaw
epi,backbone,-2.1556,3.4864,3,chainsaw
epi,backbone,-3.6541,-2.7147,3,chainsaw
epi,backbone,-3.0335,-0.6069,3,chainsaw
epi,backbone,-6.6610,-2.5662,3,chainsaw
epi,backbone,-4.6269,-1.2851,3,chainsaw
epi,backbone,2.7175,3.5970,3,chainsaw
epi,backbone,-3.0494,-3.8257,3,chainsaw
epi,backbone,2.6511,2.3338,3,chainsaw
epi,backbone,1.3416,0.9533,3,chainsaw
epi,backbone,3.3877,-0.6007,3,chainsaw
epi,backbone,3.9269,3.8338,3,chainsaw
epi,backbone,-2.7310,2.8127,3,chainsaw
epi,backbone,4.9786,0.9812,3,chainsaw
epi,backbone,-2.3256,2.1562,3,chainsaw
epi,backbone,-4.0232,0.7507,3,chainsaw
epi,backbone,3.0740,0.2645,3,chainsaw
epi,backbone,0.7905,0.1199,3,chainsaw
epi,backbone,1.1977,2.4937,3,chainsaw
epi,backbone,5.0495,3.7078,3,chainsaw
epi,backbone,-5.4242,-1.1363,3,chainsaw
epi,backbone,-2.0195,2.2923,3,chainsaw
epi,backbone,-6.7039,-2.6151,3,chainsaw
epi,backbone,1.8418,2.3363,3,chainsaw
epi,backbone,0.1367,0.1823,3,chainsaw
epi,backbone,3.2588,3.6584,3,chainsaw
epi,backbone,6.1522,-0.0700,3,chainsaw
epi,backbone,6.0224,0.0087,3,chainsaw
epi,backbone,-3.2179,-0.7111,3,chainsaw
epi,backbone,2.5150,0.6869,3,chainsaw
epi,backbone,2.6113,3.2053,3,chainsaw
epi,backbone,-4.0533,-3.6865,3,chainsaw
epi,backbone,2.5924,0.3626,3,chainsaw
epi,backbone,-2.6783,0.3327,3,chainsaw
epi,backbone,0.5614,2.4897,3,chainsaw
epi,backbone,0.0437,-1.2595,3,chainsaw
epi,backbone,-4.8932,-0.4962,3,chainsaw
epi,backbone,-1.9718,3.4233,3,chainsaw
epi,backbone,-3.6264,-3.9198,3,chainsaw
epi,backbone,-3.4118,-0.1702,3,chainsaw
epi,backbone,1.1106,-3.8449,3,chainsaw
epi,backbone,-3.1879,-2.5060,3,chainsaw
epi,backbone,-5.6242,0.7186,3,chainsaw
epi,backbone,-2.8720,1.0004,3,chainsaw
epi,backbone,0.1387,-0.6474,3,chainsaw
epi,backbone,-4.4819,0.7561,3,chainsaw
epi,backbone,-3.4847,0.7364,3,chainsaw
epi,backbone,4.4685,1.8799,3,chainsaw
epi,backbone,3.2197,4.4837,3,chainsaw
epi,backbone,7.1391,-2.3514,3,chainsaw
epi,backbone,3.4787,1.4992,3,chainsaw
epi,backbone,-7.4433,-2.2002,3,chainsaw
epi,backbone,-5.2395,1.2039,3,chainsaw
epi,backbone,1.7515,-0.1379,3,chainsaw
epi,backbone,-6.0263,-1.2338,3,chainsaw
epi,backbone,-1.6695,-0.5458,3,chainsaw
epi,backbone,3.5409,2.4264,3,chainsaw
epi,backbone,3.8382,-1.9373,3,chainsaw
epi,backbone,-3.6091,0.8633,3,chainsaw
epi,backbone,-0.3384,0.8355,3,chainsaw
epi,backbone,-4.6372,-3.2377,3,chainsaw
epi,backbone,-4.0282,-1.0485,3,chainsaw
epi,backbone,-5.2130,-1.5995,3,chainsaw
epi,backbone,-5.7195,-0.7567,3,chainsaw
epi,backbone,-1.1567,1.3495,3,chainsaw
epi,backbone,5.7352,2.6508,3,chainsaw
epi,backbone,1.8057,-1.3214,3,chainsaw
epi,backbone,2.4091,1.5464,3,chainsaw
epi,backbone,-6.3143,0.1008,3,chainsaw
epi,backbone,-5.0731,-2.0363,3,chainsaw
epi,backbone,0.3242,-0.5138,3,chainsaw
epi,backbone,-5.6804,-1.6066,3,chainsaw
epi,backbone,-4.6330,-1.2664,3,chainsaw
epi,backbone,-6.7759,-2.0160,3,chainsaw
epi,backbone,-4.6959,-4.0037,3,chainsaw
epi,backbone,-4.0933,-0.4475,3,chainsaw
epi,backbone,-6.0849,-2.4468,3,chainsaw
epi,backbone,-0.4397,0.6945,3,chainsaw
epi,backbone,4.2296,1.2521,3,chainsaw
epi,backbone,-2.4319,-0.2143,3,chainsaw
epi,backbone,-5.9355,-3.5422,3,chainsaw
epi,backbone,3.6881,3.3299,3,chainsaw
epi,backbone,-3.8046,-0.2889,3,chainsaw
epi,backbone,-3.5932,-1.4012,3,chainsaw
epi,backbone,-2.7098,1.5633,3,chainsaw
epi,backbone,-3.1000,0.6906,3,chainsaw
epi,backbone,4.8113,2.3093,3,chainsaw
epi,backbone,2.0699,2.0840,3,chainsaw
epi,backbone,2.9040,-2.8706,3,chainsaw
epi,backbone,-3.8566,-3.6367,3,chainsaw
epi,backbone,-2.7831,3.6537,3,chainsaw
epi,backbone,-0.8774,1.3488,3,chainsaw
epi,backbone,0.7837,-1.2745,4,church
epi,backbone,0.4155,2.0982,4,church
epi,backbone,2.7187,-1.5892,4,church
epi,backbone,-0.2868,1.6457,4,church
epi,backbone,-0.6225,-0.0256,4,church
epi,backbone,-0.4325,-1.2378,4,church
epi,backbone,0.2417,-2.0022,4,church
epi,backbone,0.6984,1.4903,4,church
epi,backbone,3.5450,-0.1136,4,church
epi,backbone,-1.0078,-1.1055,4,church
epi,backbone,0.4220,-0.4549,4,church
epi,backbone,-2.5755,2.3256,4,church
epi,backbone,-1.0364,0.8048,4,church
epi,backbone,-2.3113,-0.4772,4,church
epi,backbone,1.0535,-4.4066,4,church
epi,backbone,-1.7996,-1.9185,4,church
epi,backbone,1.2145,-1.3284,4,church
epi,backbone,0.6882,-3.5952,4,church
epi,backbone,-0.3129,0.5783,4,church
epi,backbone,1.2297,-1.6903,4,church
epi,backbone,3.5441,1.2480,4,church
epi,backbone,1.6459,-5.8042,4,church
epi,backbone,-0.4620,1.2070,4,church
epi,backbone,-0.1954,-0.8308,4,church
epi,backbone,-2.9114,-0.5508,4,church
epi,backbone,0.2832,-1.8584,4,church
epi,backbone,-0.2423,-5.0492,4,church
epi,backbone,-6.1810,-1.1213,4,church
epi,backbone,1.6560,-1.2317,4,church
epi,backbone,0.8527,-1.4627,4,church
epi,backbone,0.6236,0.9479,4,church
epi,backbone,2.3969,-1.2399,4,church
epi,backbone,-3.6193,-2.3499,4,church
epi,backbone,1.4929,-3.2449,4,church
epi,backbone,0.6083,-0.8666,4,church
epi,backbone,1.7946,-0.3703,4,church
epi,backbone,2.4432,1.1725,4,church
epi,backbone,0.3635,1.9494,4,church
epi,backbone,-0.4636,1.3535,4,church
epi,backbone,-0.5767,-0.6524,4,church
epi,backbone,-0.8570,0.0919,4,church
epi,backbone,2.3904,2.1331,4,church
epi,backbone,3.5139,1.3461,4,church
epi,backbone,-1.1169,-1.6709,4,church
epi,backbone,-0.2122,0.7435,4,church
epi,backbone,3.9029,-0.4840,4,church
epi,backbone,0.4908,-0.2990,4,church
epi,backbone,-0.5789,0.5655,4,church
epi,backbone,-3.4032,1.0191,4,church
epi,backbone,0.4708,-0.5118,4,church
epi,backbone,-0.5583,-0.1187,4,church
epi,backbone,-2.1794,-1.8699,4,church
epi,backbone,0.5178,-0.7562,4,church
epi,backbone,5.3507,-0.5771,4,church
epi,backbone,-1.1748,0.5607,4,church
epi,backbone,2.2035,-1.4112,4,church
epi,backbone,0.5734,-2.8908,4,church
epi,backbone,0.0515,0.6820,4,church
epi,backbone,4.3159,-2.2987,4,church
epi,backbone,1.6685,3.1953,4,church
epi,backbone,0.3976,0.1901,4,church
epi,backbone,0.4616,-2.5167,4,church
epi,backbone,1.0107,-4.1734,4,church
epi,backbone,0.1960,-2.7899,4,church
epi,backbone,1.3354,0.5630,4,church
epi,backbone,-1.0558,1.6989,4,church
epi,backbone,0.2332,0.8731,4,church
epi,backbone,1.2493,-1.5167,4,church
epi,backbone,0.2391,-0.4107,4,church
epi,backbone,-2.1597,1.3805,4,church
epi,backbone,-1.2637,-1.0048,4,church
epi,backbone,2.9802,-0.1018,4,church
epi,backbone,0.5121,-2.9661,4,church
epi,backbone,-0.8416,-1.8244,4,church
epi,backbone,0.9176,-2.5084,4,church
epi,backbone,1.2544,1.1585,4,church
epi,backbone,1.5505,-2.3100,4,church
epi,backbone,-2.2853,0.2316,4,church
epi,backbone,-0.9981,-0.4408,4,church
epi,backbone,1.7964,0.4521,4,church
epi,backbone,2.4531,1.0562,4,church
epi,backbone,0.7618,0.7727,4,church
epi,backbone,2.9414,-0.6474,4,church
epi,backbone,-3.6881,-0.6432,4,church
epi,backbone,0.8042,-0.2736,4,church
epi,backbone,-0.4452,-2.0503,4,church
epi,backbone,-1.0883,-2.0105,4,church
epi,backbone,0.7342,-2.3236,4,church
epi,backbone,-2.3920,0.8254,4,church
epi,backbone,0.2233,5.4767,4,church
epi,backbone,0.0436,-1.0976,4,church
epi,backbone,4.4012,-3.1568,4,church
epi,backbone,-0.4238,-2.3936,4,church
epi,backbone,2.7509,-0.0470,4,church
epi,backbone,-1.1301,-0.0055,4,church
epi,backbone,-0.4573,0.6668,4,church
epi,backbone,2.4786,-0.7823,4,church
epi,backbone,-3.1680,-0.3070,4,church
epi,backbone,-0.0991,-1.1636,4,church
epi,backbone,0.4280,-0.1042,4,church
epi,backbone,-0.0845,-1.7391,4,church
epi,backbone,-1.0460,-3.4232,4,church
epi,backbone,2.6994,-1.7523,4,church
epi,backbone,1.3479,1.1172,4,church
epi,backbone,3.9414,3.1506,4,church
epi,backbone,-2.5263,-2.2674,4,church
epi,backbone,-0.1110,-0.9796,4,church
epi,backbone,-2.6562,-3.3373,4,church
epi,backbone,-0.9364,1.3578,4,church
epi,backbone,-2.3889,-1.0687,4,church
epi,backbone,0.8481,-1.2356,4,church
epi,backbone,-0.8020,0.3721,4,church
epi,backbone,-1.9984,0.1593,4,church
epi,backbone,-0.2492,0.6196,4,church
epi,backbone,-0.2912,2.1571,4,church
epi,backbone,-1.4048,4.0804,4,church
epi,backbone,1.8540,-2.7935,4,church
epi,backbone,0.7724,0.9891,4,church
epi,backbone,1.0365,0.3199,4,church
epi,backbone,1.8859,-0.0781,4,church
epi,backbone,-3.6735,-1.3634,4,church
epi,backbone,-4.0118,-0.1551,4,church
epi,backbone,5.6033,-1.1794,4,church
epi,backbone,-1.1919,2.3097,4,church
epi,backbone,-0.1947,-1.0971,4,church
epi,backbone,0.9216,-0.2516,4,church
epi,backbone,0.4784,-0.1519,4,church
epi,backbone,-3.9756,-3.0419,4,church
epi,backbone,-0.3749,-2.2460,4,church
epi,backbone,1.1579,-2.0267,4,church
epi,backbone,0.7672,0.9891,4,church
epi,backbone,-0.1019,-2.4712,4,church
epi,backbone,-0.8639,-2.8083,4,church
epi,backbone,2.3627,-1.5263,4,church
epi,backbone,0.4741,0.3811,4,church
epi,backbone,3.0212,1.5388,4,church
epi,backbone,0.4647,-1.7773,4,church
epi,backbone,-0.7792,-0.2577,4,church
epi,backbone,-0.2341,1.3262,4,church
epi,backbone,0.3745,2.5633,4,church
epi,backbone,1.0749,-1.1760,4,church
epi,backbone,-1.5257,-0.2582,4,church
epi,backbone,1.5701,-2.7903,4,church
epi,backbone,-1.2913,1.2021,4,church
epi,backbone,-0.9988,0.4177,4,church
epi,backbone,-1.4160,1.6999,4,church
epi,backbone,0.4346,-0.3261,4,church
epi,backbone,1.3327,-3.1959,4,church
epi,backbone,0.5390,-3.1133,4,church
epi,backbone,2.2163,1.0502,4,church
epi,backbone,-1.8122,-2.5186,4,church
epi,backbone,1.4170,1.1961,4,church
epi,backbone,1.8735,-0.3475,4,church
epi,backbone,-0.9992,-0.4427,4,church
epi,backbone,-1.2530,-2.8597,4,church
epi,backbone,0.6510,2.2016,4,church
epi,backbone,0.1037,-2.2268,4,church
epi,backbone,2.3986,-3.8627,4,church
epi,backbone,0.1019,-2.1499,4,church
epi,backbone,0.7692,-0.6001,4,church
epi,backbone,-1.1114,1.2750,4,church
epi,backbone,-3.7676,0.9031,4,church
epi,backbone,-0.8859,-1.3502,4,church
epi,backbone,-0.4626,-1.3446,4,church
epi,backbone,0.3610,2.5277,4,church
epi,backbone,2.2629,-1.2845,4,church
epi,backbone,-1.9350,0.2965,4,church
epi,backbone,2.7682,2.4329,4,church
epi,backbone,2.7354,0.2401,4,church
epi,backbone,-0.9646,-1.4415,4,church
epi,backbone,-0.0523,-1.6206,4,church
epi,backbone,-2.0298,0.4793,4,church
epi,backbone,0.6357,-1.0180,4,church
epi,backbone,-0.8099,-1.0703,4,church
epi,backbone,3.9993,-1.9002,4,church
epi,backbone,-0.9522,0.2212,4,church
epi,backbone,-1.2740,-1.4496,4,church
epi,backbone,-0.5914,-2.4271,4,church
epi,backbone,-0.7885,3.7868,4,church
epi,backbone,-0.9530,1.4268,4,church
epi,backbone,-0.6475,-3.6966,4,church
epi,backbone,0.8909,-1.4747,4,church
epi,backbone,-2.8619,-2.6465,4,church
epi,backbone,1.6239,-1.6837,4,church
epi,backbone,1.4933,0.0923,4,church
epi,backbone,-0.2181,-1.5741,4,church
epi,backbone,0.0579,-1.7603,4,church
epi,backbone,-1.3218,0.0058,4,church
epi,backbone,0.2104,-1.1283,4,church
epi,backbone,-0.8517,0.8760,4,church
epi,backbone,-0.0182,-0.3074,4,church
epi,backbone,1.0638,-0.6348,4,church
epi,backbone,-2.0314,-3.8645,4,church
epi,backbone,0.5627,-1.0136,4,church
epi,backbone,-1.0804,2.6027,4,church
epi,backbone,-2.5596,-1.0945,4,church
epi,backbone,2.3499,-0.0787,4,church
epi,backbone,-3.0103,-0.0640,4,church
epi,backbone,0.0513,0.6989,4,church
epi,backbone,0.2737,-1.4385,4,church
epi,backbone,-0.6728,-0.6185,4,church
epi,backbone,1.2359,-0.2105,4,church
epi,backbone,1.7735,-0.8530,4,church
epi,backbone,-0.8150,-2.3259,4,church
epi,backbone,-0.7034,-0.7212,4,church
epi,backbone,-2.4180,1.0797,4,church
epi,backbone,0.7995,3.3853,4,church
epi,backbone,-3.0686,1.5580,4,church
epi,backbone,2.4430,-0.9948,4,church
epi,backbone,-1.3985,-0.1647,4,church
epi,backbone,-1.4830,-2.2360,4,church
epi,backbone,1.6929,-1.0554,4,church
epi,backbone,-2.3885,0.3578,4,church
epi,backbone,-2.4395,-0.1742,4,church
epi,backbone,2.2733,-3.8740,4,church
epi,backbone,2.6086,2.1206,4,church
epi,backbone,-0.0895,0.1619,4,church
epi,backbone,1.1782,-1.7254,4,church
epi,backbone,-2.4062,0.0824,4,church
epi,backbone,-1.5300,2.1886,4,church
epi,backbone,0.2196,0.2182,4,church
epi,backbone,-0.1878,-1.5875,4,church
epi,backbone,1.3404,-1.4794,4,church
epi,backbone,1.0399,1.4022,4,church
epi,backbone,-0.1837,-1.8931,4,church
epi,backbone,1.4770,1.2961,4,church
epi,backbone,-2.5537,-1.1120,4,church
epi,backbone,2.6018,1.6139,4,church
epi,backbone,0.1501,-0.2731,4,church
epi,backbone,-2.5328,1.4335,4,church
epi,backbone,-2.3604,-1.9396,4,church
epi,backbone,-0.0991,0.2762,4,church
epi,backbone,0.3629,0.0552,4,church
epi,backbone,-1.4675,0.7554,4,church
epi,backbone,5.0651,1.5593,4,church
epi,backbone,-1.7992,1.8402,4,church
epi,backbone,5.3131,0.4092,4,church
epi,backbone,0.4635,-2.0104,4,church
epi,backbone,-0.6539,1.0046,4,church
epi,backbone,5.2797,-3.2645,4,church
epi,backbone,-2.6935,-2.8154,4,church
epi,backbone,-0.5516,0.2190,4,church
epi,backbone,-1.1954,-0.5981,4,church
epi,backbone,-0.1446,0.9145,4,church
epi,backbone,1.2696,-1.5726,4,church
epi,backbone,1.0779,-0.9719,4,church
epi,backbone,-1.1782,-1.3685,4,church
epi,backbone,0.2490,-1.4722,4,church
epi,backbone,0.4636,0.2481,4,church
epi,backbone,0.5605,-2.0541,4,church
epi,backbone,1.9323,0.9149,4,church
epi,backbone,-0.1744,3.0857,4,church
epi,backbone,0.6675,-3.6212,4,church
epi,backbone,-3.5562,-1.3263,4,church
epi,backbone,-2.3601,-0.1216,4,church
epi,backbone,-1.6731,0.1219,4,church
epi,backbone,0.3581,3.2485,4,church
epi,backbone,-2.4925,-1.9831,4,church
epi,backbone,2.4049,-1.9372,4,church
epi,backbone,0.6735,-1.2289,4,church
epi,backbone,-1.9602,-1.7634,4,church
epi,backbone,-0.5718,-0.7280,4,church
epi,backbone,2.7303,0.2885,4,church
epi,backbone,-0.6581,-1.2256,4,church
epi,backbone,0.5763,-3.0680,4,church
epi,backbone,2.5975,0.7957,4,church
epi,backbone,2.7090,-0.8045,4,church
epi,backbone,-0.7661,0.5853,4,church
epi,backbone,-1.9989,-2.5409,4,church
epi,backbone,-1.9021,-2.7167,4,church
epi,backbone,-1.6637,-1.9664,4,church
epi,backbone,-0.6903,2.1749,4,church
epi,backbone,-1.2531,2.5197,4,church
epi,backbone,-1.3543,2.8792,4,church
epi,backbone,-0.0100,-2.1685,4,church
epi,backbone,0.4239,-0.8339,4,church
epi,backbone,-1.7760,-1.8969,4,church
epi,backbone,-0.9954,-0.0936,4,church
epi,backbone,0.2640,-1.2917,4,church
epi,backbone,-2.0090,0.9024,4,church
epi,backbone,0.6057,1.6516,4,church
epi,backbone,3.1481,-0.6287,4,church
epi,backbone,-0.4153,-1.4334,4,church
epi,backbone,-0.9524,-2.2996,4,church
epi,backbone,-1.7462,-3.8691,4,church
epi,backbone,-0.5809,-2.8884,4,church
epi,backbone,0.1319,-2.3274,4,church
epi,backbone,-0.0816,1.8388,4,church
epi,backbone,-1.3521,0.0696,4,church
epi,backbone,2.5028,0.4261,4,church
epi,backbone,1.2833,-0.2961,4,church
epi,backbone,0.3540,-0.9563,4,church
epi,backbone,-0.1607,-0.0270,4,church
epi,backbone,-0.3937,-1.6280,4,church
epi,backbone,1.6630,0.3877,4,church
epi,backbone,-1.6365,2.1988,4,church
epi,backbone,-0.0064,-0.9601,4,church
epi,backbone,-1.3422,2.0274,4,church
epi,backbone,2.0249,0.2552,4,church
epi,backbone,-2.8690,0.1165,4,church
epi,backbone,-2.7174,-1.3638,4,church
epi,backbone,2.3651,-0.5040,4,church
epi,backbone,-1.8871,-1.7389,4,church
epi,backbone,-0.1588,1.0507,4,church
epi,backbone,-5.4280,-1.7190,4,church
epi,backbone,-2.6128,-0.2708,4,church
epi,backbone,0.4215,-2.3221,4,church
epi,backbone,-1.5084,-1.3709,4,church
epi,backbone,-1.3373,-1.1547,4,church
epi,backbone,1.9366,-3.9251,4,church
epi,backbone,0.3965,-1.6131,4,church
epi,backbone,-0.7558,-0.8860,4,church
epi,backbone,-0.0746,0.5592,4,church
epi,backbone,-0.9259,-2.9743,4,church
epi,backbone,2.2652,-2.8410,4,church
epi,backbone,-0.9367,-2.0810,4,church
epi,backbone,0.8769,-0.0836,4,church
epi,backbone,-2.6941,-0.7372,4,church
epi,backbone,0.2607,-4.2267,4,church
epi,backbone,-0.1445,1.6139,4,church
epi,backbone,-0.2396,-1.2651,4,church
epi,backbone,-4.4195,-0.4298,4,church
epi,backbone,0.7534,-0.1322,4,church
epi,backbone,1.9030,-0.8747,4,church
epi,backbone,0.7739,2.0146,4,church
epi,backbone,-2.8898,1.2753,4,church
epi,backbone,1.6684,-2.1308,4,church
epi,backbone,2.9797,-2.2798,4,church
epi,backbone,-1.5944,-1.4445,4,church
epi,backbone,2.2687,0.1084,4,church
epi,backbone,-0.9230,-0.5051,4,church
epi,backbone,0.7846,-0.5954,4,church
epi,backbone,-0.5597,-2.4612,4,church
epi,backbone,-1.0531,-0.6402,4,church
epi,backbone,-0.5314,-0.7550,4,church
epi,backbone,0.4160,-2.5077,4,church
epi,backbone,-0.9200,1.1056,4,church
epi,backbone,2.4994,-0.6949,4,church
epi,backbone,1.3779,0.5144,4,church
epi,backbone,3.9146,-0.0146,4,church
epi,backbone,-2.8964,-0.0415,4,church
epi,backbone,-0.2719,-2.0853,4,church
epi,backbone,-2.8730,-2.0084,4,church
epi,backbone,-1.2377,-1.2451,4,church
epi,backbone,-1.9780,-1.5758,4,church
epi,backbone,-0.6666,0.6586,4,church
epi,backbone,1.0731,1.8680,4,church
epi,backbone,0.6547,0.0642,4,church
epi,backbone,2.2668,1.2401,4,church
epi,backbone,-0.8053,0.3320,4,church
epi,backbone,-0.8513,0.3503,4,church
epi,backbone,-0.0117,2.0155,4,church
epi,backbone,0.8320,-0.9365,4,church
epi,backbone,-1.9483,-2.2868,4,church
epi,backbone,0.5123,-2.9667,4,church
epi,backbone,0.9692,-2.7225,4,church
epi,backbone,-0.6005,1.8616,4,church
epi,backbone,0.4932,0.2371,4,church
epi,backbone,0.4053,-1.5947,4,church
epi,backbone,1.7658,-3.0842,4,church
epi,backbone,0.6438,1.8890,4,church
epi,backbone,4.4741,-1.3761,4,church
epi,backbone,1.9639,2.4481,4,church
epi,backbone,0.7253,-1.7397,4,church
epi,backbone,2.5357,0.3569,4,church
epi,backbone,4.8522,-2.8382,4,church
epi,backbone,-0.2613,-1.1065,4,church
epi,backbone,0.7828,-1.0871,4,church
epi,backbone,-0.2472,0.2059,4,church
epi,backbone,2.3600,-0.4044,4,church
epi,backbone,0.0554,1.0434,4,church
epi,backbone,0.3708,-3.1574,4,church
epi,backbone,1.6128,4.7752,4,church
epi,backbone,-1.0769,-2.0907,4,church
epi,backbone,3.0735,-0.0997,4,church
epi,backbone,0.4381,0.0215,4,church
epi,backbone,2.3032,-2.4874,4,church
epi,backbone,-4.6993,0.8647,4,church
epi,backbone,2.0627,0.3606,4,church
epi,backbone,1.6056,1.1225,4,church
epi,backbone,1.0358,-3.1861,4,church
epi,backbone,-1.8998,-3.4934,4,church
epi,backbone,2.5677,0.6773,4,church
epi,backbone,2.1795,-1.5042,4,church
epi,backbone,3.0235,2.4235,4,church
epi,backbone,-0.1766,0.4752,4,church
epi,backbone,0.3040,1.1157,4,church
epi,backbone,-0.8230,-1.2090,4,church
epi,backbone,0.3930,1.4677,4,church
epi,backbone,-1.7969,0.2369,4,church
epi,backbone,0.3243,0.7892,4,church
epi,backbone,0.0111,-1.9332,4,church
epi,backbone,-1.3040,2.0306,4,church
epi,backbone,1.0855,0.2236,4,church
epi,backbone,-0.2355,-1.5117,4,church
epi,backbone,-1.0358,1.1210,4,church
epi,backbone,0.0040,0.0763,4,church
epi,backbone,0.9558,-0.7165,4,church
epi,backbone,-0.8767,-1.5662,4,church
epi,backbone,-0.5960,-1.6965,4,church
epi,backbone,1.3829,-1.7763,4,church
epi,backbone,0.8196,-1.5962,4,church
epi,backbone,3.1115,0.8786,4,church
epi,backbone,-2.2032,-2.1537,4,church
epi,backbone,-0.4139,-0.0053,4,church
epi,backbone,-2.4713,-0.2533,4,church
epi,backbone,3.1007,-1.1983,4,church
epi,backbone,0.3681,2.5919,4,church
epi,backbone,-0.8007,-2.1200,4,church
epi,backbone,1.0814,1.3639,5,horn
epi,backbone,-1.9693,-0.6252,5,horn
epi,backbone,-0.1266,-3.3407,5,horn
epi,backbone,-0.8222,-0.9334,5,horn
epi,backbone,-0.3485,-2.9446,5,horn
epi,backbone,2.8574,-2.9127,5,horn
epi,backbone,-1.8914,-2.2896,5,horn
epi,backbone,-0.9771,-0.3344,5,horn
epi,backbone,-3.7278,-2.0657,5,horn
epi,backbone,-1.4846,2.1934,5,horn
epi,backbone,-2.6314,-2.8394,5,horn
epi,backbone,-4.9731,3.2227,5,horn
epi,backbone,6.9065,-2.0505,5,horn
epi,backbone,-1.2104,0.2164,5,horn
epi,backbone,-0.2562,-3.5928,5,horn
epi,backbone,5.5622,-2.3531,5,horn
epi,backbone,-2.5138,-2.8236,5,horn
epi,backbone,1.3963,-2.8290,5,horn
epi,backbone,4.9966,-1.5789,5,horn
epi,backbone,2.4461,-1.0840,5,horn
epi,backbone,2.7612,2.0457,5,horn
epi,backbone,-1.9821,0.2213,5,horn
epi,backbone,-1.0216,-0.4784,5,horn
epi,backbone,1.2750,2.7956,5,horn
epi,backbone,0.3350,-3.3627,5,horn
epi,backbone,1.5572,-0.1902,5,horn
epi,backbone,0.4335,-2.0646,5,horn
epi,backbone,0.9600,-1.6783,5,horn
epi,backbone,1.0120,-2.5062,5,horn
epi,backbone,3.4617,-1.5770,5,horn
epi,backbone,-3.2437,0.5395,5,horn
epi,backbone,5.7344,1.0993,5,horn
epi,backbone,2.8138,-1.5155,5,horn
epi,backbone,-0.4781,-1.3076,5,horn
epi,backbone,1.2097,-1.2881,5,horn
epi,backbone,1.4020,-1.1642,5,horn
epi,backbone,2.9653,-0.8185,5,horn
epi,backbone,-0.5978,-3.6598,5,horn
epi,backbone,2.7401,-0.6646,5,horn
epi,backbone,1.6443,-4.1536,5,horn
epi,backbone,1.2499,-2.8892,5,horn
epi,backbone,-2.2376,-0.6949,5,horn
epi,backbone,-0.4807,-2.1094,5,horn
epi,backbone,-2.9180,-4.3972,5,horn
epi,backbone,2.9053,-0.6415,5,horn
epi,backbone,0.4995,-0.1585,5,horn
epi,backbone,1.6419,1.5361,5,horn
epi,backbone,-1.8443,-2.6415,5,horn
epi,backbone,1.3272,-0.9605,5,horn
epi,backbone,-0.1912,-2.7545,5,horn
epi,backbone,2.6358,-1.5865,5,horn
epi,backbone,0.7157,-4.0874,5,horn
epi,backbone,-5.0952,-1.4087,5,horn
epi,backbone,-3.5904,-1.1925,5,horn
epi,backbone,-2.2034,-2.5608,5,horn
epi,backbone,4.5148,-1.1941,5,horn
epi,backbone,4.0433,-3.1195,5,horn
epi,backbone,0.0009,3.2674,5,horn
epi,backbone,-2.2727,-1.9021,5,horn
epi,backbone,2.1048,-2.9084,5,horn
epi,backbone,1.6953,-3.7289,5,horn
epi,backbone,0.4071,-0.9769,5,horn
epi,backbone,-1.0240,-0.1852,5,horn
epi,backbone,-5.8771,-1.4753,5,horn
epi,backbone,-0.5743,-3.3592,5,horn
epi,backbone,1.4127,3.6900,5,horn
epi,backbone,-3.3531,-2.3221,5,horn
epi,backbone,-2.8594,-2.7781,5,horn
epi,backbone,-1.1300,-1.7156,5,horn
epi,backbone,-1.0959,-3.2349,5,horn
epi,backbone,3.4035,-2.2573,5,horn
epi,backbone,-1.0580,-1.7182,5,horn
epi,backbone,0.3531,-1.7816,5,horn
epi,backbone,-1.4369,-3.5209,5,horn
epi,backbone,-1.2336,-1.4161,5,horn
epi,backbone,-1.9720,-2.2389,5,horn
epi,backbone,-2.4726,1.5780,5,horn
epi,backbone,0.7108,-2.1193,5,horn
epi,backbone,-0.2354,-1.0568,5,horn
epi,backbone,1.4168,-1.3292,5,horn
epi,backbone,-3.0741,-0.1130,5,horn
epi,backbone,-1.0515,-2.3784,5,horn
epi,backbone,-1.2147,-0.7101,5,horn
epi,backbone,-2.0969,0.5347,5,horn
epi,backbone,4.7085,-1.2080,5,horn
epi,backbone,-0.2478,0.5216,5,horn
epi,backbone,-1.3282,0.3028,5,horn
epi,backbone,-2.4366,0.7965,5,horn
epi,backbone,-0.6929,0.5155,5,horn
epi,backbone,-1.7743,-2.2222,5,horn
epi,backbone,-0.7272,-1.9809,5,horn
epi,backbone,0.4990,-3.5437,5,horn
epi,backbone,-5.8111,-2.3416,5,horn
epi,backbone,-1.6690,-2.9883,5,horn
epi,backbone,-3.5637,-1.2760,5,horn
epi,backbone,-0.7217,4.0831,5,horn
epi,backbone,0.4419,2.6382,5,horn
epi,backbone,0.3052,-0.0211,5,horn
epi,backbone,-2.3729,-1.6828,5,horn
epi,backbone,-0.4417,-2.3431,5,horn
epi,backbone,-3.1997,-4.6905,5,horn
epi,backbone,-2.4998,2.3638,5,horn
epi,backbone,0.6597,-3.4254,5,horn
epi,backbone,-0.1505,-3.7492,5,horn
epi,backbone,-3.8390,-0.3268,5,horn
epi,backbone,-2.3363,1.2120,5,horn
epi,backbone,-6.5424,-1.9816,5,horn
epi,backbone,2.5716,-0.7345,5,horn
epi,backbone,-1.8033,-2.2719,5,horn
epi,backbone,-4.4392,-0.5643,5,horn
epi,backbone,-2.1315,1.4301,5,horn
epi,backbone,2.5236,-1.8996,5,horn
epi,backbone,-1.0654,-1.8159,5,horn
epi,backbone,-1.4164,-3.8627,5,horn
epi,backbone,-0.4533,3.9593,5,horn
epi,backbone,-2.9205,2.5257,5,horn
epi,backbone,-2.5447,1.2662,5,horn
epi,backbone,-0.9184,-0.5533,5,horn
epi,backbone,-2.6567,-2.5049,5,horn
epi,backbone,-3.4515,2.0182,5,horn
epi,backbone,-5.7986,-2.4434,5,horn
epi,backbone,-3.0215,-2.1196,5,horn
epi,backbone,-3.2993,-2.1141,5,horn
epi,backbone,-4.4458,-2.6430,5,horn
epi,backbone,0.6175,5.2263,5,horn
epi,backbone,-2.3648,-0.9674,5,horn
epi,backbone,0.9243,-2.4736,5,horn
epi,backbone,1.7309,-4.1217,5,horn
epi,backbone,-2.4262,-0.7199,5,horn
epi,backbone,-0.0366,2.7004,5,horn
epi,backbone,2.9043,-1.5372,5,horn
epi,backbone,0.2958,1.8629,5,horn
epi,backbone,-1.8337,2.8494,5,horn
epi,backbone,-0.8872,-1.4313,5,horn
epi,backbone,-1.9276,-0.8082,5,horn
epi,backbone,-1.0991,0.9156,5,horn
epi,backbone,0.4452,-0.3090,5,horn
epi,backbone,-1.4418,-0.2608,5,horn
epi,backbone,-2.2747,0.0125,5,horn
epi,backbone,-2.0312,-3.9675,5,horn
epi,backbone,-3.4681,-0.8317,5,horn
epi,backbone,-4.5988,-1.9763,5,horn
epi,backbone,-0.6642,1.2671,5,horn
epi,backbone,-1.9407,-1.9834,5,horn
epi,backbone,-1.2608,-1.7588,5,horn
epi,backbone,-3.4637,-2.5745,5,horn
epi,backbone,-1.4695,-1.5540,5,horn
epi,backbone,-0.5091,-0.5704,5,horn
epi,backbone,-1.0511,0.8377,5,horn
epi,backbone,-4.6460,-2.3103,5,horn
epi,backbone,-1.6534,-2.1799,5,horn
epi,backbone,-0.5024,1.5863,5,horn
epi,backbone,-1.0143,-3.4731,5,horn
epi,backbone,-1.2581,3.7401,5,horn
epi,backbone,2.9037,2.5735,5,horn
epi,backbone,0.4156,3.2647,5,horn
epi,backbone,-0.6653,-2.7007,5,horn
epi,backbone,1.5584,-2.7806,5,horn
epi,backbone,-2.6318,-1.5033,5,horn
epi,backbone,-5.6343,-0.0572,5,horn
epi,backbone,-2.0149,1.3192,5,horn
epi,backbone,-3.2238,1.7746,5,horn
epi,backbone,2.5064,2.4932,5,horn
epi,backbone,0.5086,1.0345,5,horn
epi,backbone,0.3852,-3.3022,5,horn
epi,backbone,-2.4379,-0.4395,5,horn
epi,backbone,0.9828,-1.4662,5,horn
epi,backbone,-1.4085,-0.8845,5,horn
epi,backbone,-1.0447,-1.7373,5,horn
epi,backbone,-1.2048,-3.2958,5,horn
epi,backbone,0.3283,0.0434,5,horn
epi,backbone,-4.6447,-2.4024,5,horn
epi,backbone,-2.6905,-2.1446,5,horn
epi,backbone,-2.3822,-3.5267,5,horn
epi,backbone,-4.6773,-5.3298,5,horn
epi,backbone,0.2492,-2.3066,5,horn
epi,backbone,-3.9877,-3.9842,5,horn
epi,backbone,-1.1633,2.5081,5,horn
epi,backbone,-0.4943,0.7994,5,horn
epi,backbone,-2.1682,0.2152,5,horn
epi,backbone,-3.4120,-1.5749,5,horn
epi,backbone,-0.8600,-1.0315,5,horn
epi,backbone,-0.5033,-1.1349,5,horn
epi,backbone,1.8235,-1.0781,5,horn
epi,backbone,-4.1621,1.1084,5,horn
epi,backbone,-1.0861,-2.4254,5,horn
epi,backbone,-3.3496,-0.6939,5,horn
epi,backbone,-0.8049,-0.8873,5,horn
epi,backbone,-3.3953,1.6276,5,horn
epi,backbone,0.0888,0.3907,5,horn
epi,backbone,-0.6266,2.7311,5,horn
epi,backbone,-2.0170,-5.2581,5,horn
epi,backbone,-0.1337,2.4624,5,horn
epi,backbone,-0.9485,-2.1292,5,horn
epi,backbone,0.3440,-0.2835,5,horn
epi,backbone,0.6372,-1.6554,5,horn
epi,backbone,3.8525,-0.8730,5,horn
epi,backbone,-1.9228,-4.0425,5,horn
epi,backbone,0.1297,1.3315,5,horn
epi,backbone,1.2574,-2.5252,5,horn
epi,backbone,-1.9290,-3.0223,5,horn
epi,backbone,-1.8436,2.9251,5,horn
epi,backbone,1.0330,-2.8861,5,horn
epi,backbone,-4.9562,-1.9763,5,horn
epi,backbone,-5.4377,0.3478,5,horn
epi,backbone,1.4464,1.4787,5,horn
epi,backbone,0.4971,-2.2597,5,horn
epi,backbone,5.6694,-1.3011,5,horn
epi,backbone,-2.3206,-1.2271,5,horn
epi,backbone,-0.9613,-0.1471,5,horn
epi,backbone,0.8880,-1.5003,5,horn
epi,backbone,-1.5949,-0.4878,5,horn
epi,backbone,-1.0384,0.9436,5,horn
epi,backbone,-3.0169,-2.9630,5,horn
epi,backbone,0.4431,-1.7881,5,horn
epi,backbone,0.1762,1.7919,5,horn
epi,backbone,0.6967,1.3774,5,horn
epi,backbone,0.5681,-1.1358,5,horn
epi,backbone,-1.8768,-1.4889,5,horn
epi,backbone,-1.5709,-0.0804,5,horn
epi,backbone,-3.5850,2.5532,5,horn
epi,backbone,-2.9523,-0.4006,5,horn
epi,backbone,-3.8407,-1.5164,5,horn
epi,backbone,-0.8230,-1.3236,5,horn
epi,backbone,-3.9257,-1.6603,5,horn
epi,backbone,-3.0999,-4.5120,5,horn
epi,backbone,2.2972,-1.3729,5,horn
epi,backbone,1.4510,1.2762,5,horn
epi,backbone,2.7161,-1.2360,5,horn
epi,backbone,-1.4808,-0.2165,5,horn
epi,backbone,-0.2234,-1.8742,5,horn
epi,backbone,-3.1714,-2.2933,5,horn
epi,backbone,-2.0883,-0.9387,5,horn
epi,backbone,-2.7112,-3.4536,5,horn
epi,backbone,0.0876,-0.8002,5,horn
epi,backbone,-0.3394,0.9244,5,horn
epi,backbone,-2.7333,-1.2414,5,horn
epi,backbone,0.0869,-1.9153,5,horn
epi,backbone,0.3013,-3.2569,5,horn
epi,backbone,-1.4842,-3.3838,5,horn
epi,backbone,-2.3541,2.2683,5,horn
epi,backbone,0.4891,-0.3952,5,horn
epi,backbone,-6.7042,-2.5925,5,horn
epi,backbone,-0.6565,-4.0388,5,horn
epi,backbone,-2.6851,1.8804,5,horn
epi,backbone,-3.4186,-3.3723,5,horn
epi,backbone,-4.4188,1.3954,5,horn
epi,backbone,-0.5692,-2.6769,5,horn
epi,backbone,-5.2634,3.4712,5,horn
epi,backbone,2.5731,-3.2536,5,horn
epi,backbone,-2.9654,-1.4158,5,horn
epi,backbone,-2.1407,-2.0059,5,horn
epi,backbone,-5.0613,-0.8999,5,horn
epi,backbone,-1.7302,-1.1122,5,horn
epi,backbone,4.3232,3.1062,5,horn
epi,backbone,-4.7381,0.3723,5,horn
epi,backbone,0.6604,-1.3631,5,horn
epi,backbone,0.3225,-0.9455,5,horn
epi,backbone,-0.9130,-2.5356,5,horn
epi,backbone,-1.8691,2.9074,5,horn
epi,backbone,0.1379,-0.7652,5,horn
epi,backbone,-0.7955,0.2025,5,horn
epi,backbone,-0.5672,2.3055,5,horn
epi,backbone,-1.0759,6.4119,5,horn
epi,backbone,0.4727,-1.3791,5,horn
epi,backbone,-4.2575,-5.1752,5,horn
epi,backbone,0.2613,-3.1407,5,horn
epi,backbone,-0.6338,-0.8128,5,horn
epi,backbone,-2.1485,-0.7601,5,horn
epi,backbone,-0.8342,-1.8669,5,horn
epi,backbone,-1.9456,-1.0966,5,horn
epi,backbone,0.4857,1.3181,5,horn
epi,backbone,0.1837,-1.2661,5,horn
epi,backbone,1.7360,-1.5669,5,horn
epi,backbone,-2.0979,-2.4356,5,horn
epi,backbone,-2.5534,0.7529,5,horn
epi,backbone,-2.7043,-3.6726,5,horn
epi,backbone,-0.4624,-1.4222,5,horn
epi,backbone,-1.9964,-0.5975,5,horn
epi,backbone,2.6273,-3.4596,5,horn
epi,backbone,0.5888,-0.3705,5,horn
epi,backbone,-1.4200,-3.0878,5,horn
epi,backbone,-0.4213,1.2368,5,horn
epi,backbone,0.3347,-2.7565,5,horn
epi,backbone,1.8056,-1.4036,5,horn
epi,backbone,1.0247,-0.0335,5,horn
epi,backbone,-0.0065,-2.0728,5,horn
epi,backbone,-3.3092,-0.3895,5,horn
epi,backbone,-3.2750,2.2840,5,horn
epi,backbone,-0.2712,0.2470,5,horn
epi,backbone,0.1838,-1.4718,5,horn
epi,backbone,-1.5973,-4.1902,5,horn
epi,backbone,-2.2055,1.2172,5,horn
epi,backbone,1.9513,-0.4203,5,horn
epi,backbone,-3.6780,-0.5055,5,horn
epi,backbone,-0.8905,-0.2483,5,horn
epi,backbone,-3.5608,-3.6726,5,horn
epi,backbone,-1.2049,1.5568,5,horn
epi,backbone,3.1464,2.8750,5,horn
epi,backbone,-3.3571,3.9117,5,horn
epi,backbone,-0.1215,-1.8335,5,horn
epi,backbone,-2.8171,-0.6852,5,horn
epi,backbone,-1.8495,-4.0155,5,horn
epi,backbone,1.5137,1.2298,5,horn
epi,backbone,-1.3460,-1.4919,5,horn
epi,backbone,-2.2267,-1.0075,5,horn
epi,backbone,0.8461,-0.6108,5,horn
epi,backbone,-1.2386,-1.1727,5,horn
epi,backbone,-0.2907,-2.3977,5,horn
epi,backbone,3.7707,-2.4455,5,horn
epi,backbone,0.2634,-2.6357,5,horn
epi,backbone,-2.4058,-3.3770,5,horn
epi,backbone,3.3371,-1.6891,5,horn
epi,backbone,1.1363,-3.1501,5,horn
epi,backbone,1.9390,2.2927,5,horn
epi,backbone,-4.1239,0.5468,5,horn
epi,backbone,2.7240,0.6915,5,horn
epi,backbone,0.8235,-0.2763,5,horn
epi,backbone,-4.5180,0.9723,5,horn
epi,backbone,-2.9435,-0.6780,5,horn
epi,backbone,-0.4795,-1.4453,5,horn
epi,backbone,4.8973,-1.4619,5,horn
epi,backbone,-2.4251,0.0708,5,horn
epi,backbone,2.9521,-0.7659,5,horn
epi,backbone,-0.4359,-0.6775,5,horn
epi,backbone,-0.7453,3.3800,5,horn
epi,backbone,-1.7129,-2.8711,5,horn
epi,backbone,2.3856,-2.3055,5,horn
epi,backbone,-4.5348,-0.7383,5,horn
epi,backbone,-2.0071,-1.3878,5,horn
epi,backbone,-0.3424,-1.0249,5,horn
epi,backbone,0.5690,-1.5924,5,horn
epi,backbone,-0.3382,-0.9771,5,horn
epi,backbone,-5.2427,-3.9767,5,horn
epi,backbone,0.1282,-2.8837,5,horn
epi,backbone,-1.7023,-0.9098,5,horn
epi,backbone,-4.4016,-3.1810,5,horn
epi,backbone,0.4196,-1.4746,5,horn
epi,backbone,2.1957,-0.9976,5,horn
epi,backbone,-1.8898,-0.6088,5,horn
epi,backbone,-1.1006,-2.5153,5,horn
epi,backbone,-4.3127,0.9683,5,horn
epi,backbone,-0.8099,-1.8010,5,horn
epi,backbone,1.3972,-2.4233,5,horn
epi,backbone,-3.3759,-0.1775,5,horn
epi,backbone,-1.1193,-5.2478,5,horn
epi,backbone,0.1515,-3.6285,5,horn
epi,backbone,-4.7776,-4.2121,5,horn
epi,backbone,1.7614,0.9579,5,horn
epi,backbone,3.3937,-2.6902,5,horn
epi,backbone,0.0485,-4.3373,5,horn
epi,backbone,-2.2637,-0.9306,5,horn
epi,backbone,2.5827,-1.6372,5,horn
epi,backbone,-2.9724,-1.2768,5,horn
epi,backbone,-1.7627,1.2464,5,horn
epi,backbone,-3.7679,0.1955,5,horn
epi,backbone,-2.1069,-0.1849,5,horn
epi,backbone,-1.1044,-0.8476,5,horn
epi,backbone,2.2162,1.3866,5,horn
epi,backbone,2.0317,-1.6024,5,horn
epi,backbone,3.5562,-0.0843,5,horn
epi,backbone,-2.3665,2.6837,5,horn
epi,backbone,-3.9162,1.2257,5,horn
epi,backbone,3.0272,-1.8847,5,horn
epi,backbone,3.9846,0.4112,5,horn
epi,backbone,3.1088,0.2469,5,horn
epi,backbone,-3.2670,-1.4655,5,horn
epi,backbone,4.7977,0.5239,5,horn
epi,backbone,0.8544,-4.1361,5,horn
epi,backbone,-2.5803,-1.9986,5,horn
epi,backbone,-1.7033,1.8690,5,horn
epi,backbone,4.2670,-1.5955,5,horn
epi,backbone,-1.0477,-2.7416,5,horn
epi,backbone,4.7128,-0.6354,5,horn
epi,backbone,-2.6383,-4.3098,5,horn
epi,backbone,-3.1997,-0.7548,5,horn
epi,backbone,-3.7423,0.3856,5,horn
epi,backbone,-1.8658,0.5163,5,horn
epi,backbone,-1.6871,-1.0708,5,horn
epi,backbone,3.2233,3.9290,5,horn
epi,backbone,0.2750,-3.4378,5,horn
epi,backbone,-2.9020,-2.2085,5,horn
epi,backbone,-2.0844,-3.1022,5,horn
epi,backbone,5.7537,-1.1044,5,horn
epi,backbone,3.2438,-1.4269,5,horn
epi,backbone,-0.5101,-0.7938,5,horn
epi,backbone,2.6869,-2.9432,5,horn
epi,backbone,0.1351,0.6270,5,horn
epi,backbone,0.4331,-0.5086,5,horn
epi,backbone,4.0623,-1.4557,5,horn
epi,backbone,-2.3244,-0.8405,5,horn
epi,backbone,-0.6217,-1.7734,5,horn
epi,backbone,2.1641,-2.0952,5,horn
epi,backbone,-0.1857,-2.0191,5,horn
epi,backbone,1.3530,3.5573,6,truck
epi,backbone,-2.3191,5.5405,6,truck
epi,backbone,-5.4534,5.0888,6,truck
epi,backbone,-2.8970,5.8053,6,truck
epi,backbone,-2.6924,2.2784,6,truck
epi,backbone,-2.0296,2.8775,6,truck
epi,backbone,-3.7972,4.8894,6,truck
epi,backbone,-5.4289,5.0480,6,truck
epi,backbone,-1.3888,5.7255,6,truck
epi,backbone,-3.1500,5.5640,6,truck
epi,backbone,-0.4092,3.7671,6,truck
epi,backbone,-2.0304,4.4585,6,truck
epi,backbone,-1.3954,1.2496,6,truck
epi,backbone,-2.5302,7.4992,6,truck
epi,backbone,1.3642,3.1817,6,truck
epi,backbone,-0.5997,3.0098,6,truck
epi,backbone,-3.4194,3.4072,6,truck
epi,backbone,-1.1114,4.8245,6,truck
epi,backbone,-1.0350,2.9550,6,truck
epi,backbone,-5.8055,4.2222,6,truck
epi,backbone,-1.2219,3.9714,6,truck
epi,backbone,2.0640,1.0662,6,truck
epi,backbone,-0.5066,5.8513,6,truck
epi,backbone,-2.8042,5.4894,6,truck
epi,backbone,-0.7101,4.2689,6,truck
epi,backbone,0.0460,4.8988,6,truck
epi,backbone,-3.5935,5.8665,6,truck
epi,backbone,0.2995,3.5880,6,truck
epi,backbone,-4.8691,4.9188,6,truck
epi,backbone,-0.1424,5.4639,6,truck
epi,backbone,0.1040,2.1155,6,truck
epi,backbone,-2.6918,4.9955,6,truck
epi,backbone,-0.4630,4.9687,6,truck
epi,backbone,-0.5073,5.5964,6,truck
epi,backbone,-2.6766,3.2893,6,truck
epi,backbone,-2.2208,5.0847,6,truck
epi,backbone,-2.1045,2.1231,6,truck
epi,backbone,-2.5897,2.1263,6,truck
epi,backbone,-3.1408,3.2809,6,truck
epi,backbone,-2.9097,5.5574,6,truck
epi,backbone,-3.5414,-0.2888,6,truck
epi,backbone,-2.1593,5.7359,6,truck
epi,backbone,-3.6320,4.4256,6,truck
epi,backbone,-2.6509,5.4002,6,truck
epi,backbone,-3.7136,4.9361,6,truck
epi,backbone,-3.1872,5.9378,6,truck
epi,backbone,-3.3802,3.6489,6,truck
epi,backbone,-5.5056,1.2317,6,truck
epi,backbone,-3.9416,-0.1732,6,truck
epi,backbone,-3.8889,4.1250,6,truck
epi,backbone,-1.9691,1.3508,6,truck
epi,backbone,-4.5944,4.7833,6,truck
epi,backbone,-3.8475,3.2033,6,truck
epi,backbone,-3.4815,4.7565,6,truck
epi,backbone,-4.3086,3.2183,6,truck
epi,backbone,-2.4164,5.8361,6,truck
epi,backbone,-3.0665,1.3454,6,truck
epi,backbone,-1.4349,2.0767,6,truck
epi,backbone,-4.2837,2.0513,6,truck
epi,backbone,-1.3685,5.5594,6,truck
epi,backbone,0.3391,4.5334,6,truck
epi,backbone,0.0325,2.0647,6,truck
epi,backbone,-4.2647,1.5070,6,truck
epi,backbone,-0.9334,-0.7388,6,truck
epi,backbone,-0.5999,4.5386,6,truck
epi,backbone,-2.4873,4.5768,6,truck
epi,backbone,-1.1342,5.5859,6,truck
epi,backbone,-2.5935,1.3316,6,truck
epi,backbone,2.1335,0.1869,6,truck
epi,backbone,-0.6665,3.6827,6,truck
epi,backbone,-1.8920,3.3082,6,truck
epi,backbone,-3.1105,2.3948,6,truck
epi,backbone,-3.0813,6.2486,6,truck
epi,backbone,-3.9444,2.6381,6,truck
epi,backbone,-2.6337,7.3646,6,truck
epi,backbone,0.6781,4.4512,6,truck
epi,backbone,-2.3092,5.3510,6,truck
epi,backbone,-4.7113,2.5408,6,truck
epi,backbone,-2.4648,5.1016,6,truck
epi,backbone,-3.8315,5.0475,6,truck
epi,backbone,-2.4929,5.8352,6,truck
epi,backbone,-3.7591,4.4598,6,truck
epi,backbone,-2.2532,5.2904,6,truck
epi,backbone,-1.2440,5.6096,6,truck
epi,backbone,-2.5864,2.4383,6,truck
epi,backbone,-2.5194,3.1463,6,truck
epi,backbone,-3.7280,5.4832,6,truck
epi,backbone,-1.4909,2.2097,6,truck
epi,backbone,-3.0819,4.4080,6,truck
epi,backbone,-2.2928,2.0434,6,truck
epi,backbone,-1.6786,6.5669,6,truck
epi,backbone,-1.5822,3.8705,6,truck
epi,backbone,-1.7708,0.4298,6,truck
epi,backbone,-4.3582,4.7159,6,truck
epi,backbone,-1.6156,5.9478,6,truck
epi,backbone,-0.4230,5.7427,6,truck
epi,backbone,-3.8526,5.9862,6,truck
epi,backbone,-4.7868,1.7470,6,truck
epi,backbone,-3.3500,2.9225,6,truck
epi,backbone,-2.9045,4.5825,6,truck
epi,backbone,-1.4228,6.0977,6,truck
epi,backbone,-0.1333,5.4889,6,truck
epi,backbone,0.2740,3.7013,6,truck
epi,backbone,-0.4055,4.6926,6,truck
epi,backbone,-2.1925,5.4528,6,truck
epi,backbone,-4.7442,4.0313,6,truck
epi,backbone,0.1735,4.4892,6,truck
epi,backbone,-1.4615,5.5190,6,truck
epi,backbone,-1.5188,3.5435,6,truck
epi,backbone,-2.0526,6.1045,6,truck
epi,backbone,-3.9525,4.7019,6,truck
epi,backbone,-0.7996,6.8824,6,truck
epi,backbone,-3.6865,3.7904,6,truck
epi,backbone,-4.8490,1.0546,6,truck
epi,backbone,-3.1719,5.4103,6,truck
epi,backbone,-3.9410,5.5403,6,truck
epi,backbone,-1.7120,3.8174,6,truck
epi,backbone,2.0210,0.1050,6,truck
epi,backbone,-2.4641,3.7797,6,truck
epi,backbone,-3.1808,5.6160,6,truck
epi,backbone,-2.1196,2.6384,6,truck
epi,backbone,-2.6332,4.5676,6,truck
epi,backbone,-4.0803,3.9290,6,truck
epi,backbone,-2.4839,4.7654,6,truck
epi,backbone,-1.7428,5.7044,6,truck
epi,backbone,-1.5968,3.2505,6,truck
epi,backbone,-2.1829,4.6888,6,truck
epi,backbone,0.3005,5.6643,6,truck
epi,backbone,-2.6247,3.6394,6,truck
epi,backbone,-0.2949,4.5982,6,truck
epi,backbone,-1.1645,6.2152,6,truck
epi,backbone,-3.3511,5.3500,6,truck
epi,backbone,-4.6833,4.3739,6,truck
epi,backbone,-3.4680,3.5752,6,truck
epi,backbone,-2.9420,5.8089,6,truck
epi,backbone,-0.0750,5.5642,6,truck
epi,backbone,-1.4836,2.4805,6,truck
epi,backbone,-2.7253,3.6345,6,truck
epi,backbone,-0.5369,1.8652,6,truck
epi,backbone,-4.8603,3.4521,6,truck
epi,backbone,-0.8842,4.3600,6,truck
epi,backbone,-1.5234,0.9626,6,truck
epi,backbone,-1.7082,4.3519,6,truck
epi,backbone,-1.4661,3.9829,6,truck
epi,backbone,-3.5045,5.1307,6,truck
epi,backbone,-2.7523,5.2294,6,truck
epi,backbone,-2.0259,5.1607,6,truck
epi,backbone,-2.6601,6.4952,6,truck
epi,backbone,-2.6229,5.7311,6,truck
epi,backbone,-0.2535,4.4669,6,truck
epi,backbone,-3.9254,4.3525,6,truck
epi,backbone,-2.7600,5.7511,6,truck
epi,backbone,-2.9621,5.2365,6,truck
epi,backbone,-2.6266,5.4577,6,truck
epi,backbone,-1.3678,4.6718,6,truck
epi,backbone,-4.2136,5.5294,6,truck
epi,backbone,-1.7194,5.2251,6,truck
epi,backbone,0.0038,5.0929,6,truck
epi,backbone,-1.5136,5.7636,6,truck
epi,backbone,1.5855,5.8654,6,truck
epi,backbone,-2.1592,5.0655,6,truck
epi,backbone,-3.9856,5.3059,6,truck
epi,backbone,-1.2457,2.7825,6,truck
epi,backbone,-1.4438,6.1243,6,truck
epi,backbone,-0.9026,5.8025,6,truck
epi,backbone,-3.4020,5.5650,6,truck
epi,backbone,-3.4581,3.5291,6,truck
epi,backbone,-2.5413,5.5328,6,truck
epi,backbone,-2.8808,4.1858,6,truck
epi,backbone,-4.5767,6.2197,6,truck
epi,backbone,-4.3719,6.7646,6,truck
epi,backbone,-3.1539,5.3729,6,truck
epi,backbone,-3.6446,0.3006,6,truck
epi,backbone,-1.7708,2.9708,6,truck
epi,backbone,-2.1408,5.4206,6,truck
epi,backbone,-1.2432,5.6881,6,truck
epi,backbone,-1.6112,3.7568,6,truck
epi,backbone,-1.7821,2.0261,6,truck
epi,backbone,-2.8364,2.8300,6,truck
epi,backbone,-2.2255,6.1019,6,truck
epi,backbone,-1.5167,5.4995,6,truck
epi,backbone,-3.0333,5.5357,6,truck
epi,backbone,-4.2027,1.0183,6,truck
epi,backbone,-1.6517,6.3142,6,truck
epi,backbone,-2.0705,4.8535,6,truck
epi,backbone,-2.1195,5.4535,6,truck
epi,backbone,-3.5595,4.6386,6,truck
epi,backbone,-3.6444,3.2866,6,truck
epi,backbone,-0.4703,4.7268,6,truck
epi,backbone,-1.7704,4.4657,6,truck
epi,backbone,-3.5250,5.0050,6,truck
epi,backbone,-0.6481,4.0936,6,truck
epi,backbone,0.2333,4.2955,6,truck
epi,backbone,-3.2884,5.4969,6,truck
epi,backbone,-0.5184,4.5125,6,truck
epi,backbone,-4.7294,0.6691,6,truck
epi,backbone,1.7836,4.0221,6,truck
epi,backbone,-1.5953,6.4484,6,truck
epi,backbone,-1.1524,2.2779,6,truck
epi,backbone,-3.6755,0.4150,6,truck
epi,backbone,-3.9323,1.4717,6,truck
epi,backbone,-1.8655,4.2575,6,truck
epi,backbone,-3.5132,3.8015,6,truck
epi,backbone,-2.3862,4.1843,6,truck
epi,backbone,-2.5435,2.1587,6,truck
epi,backbone,-1.6416,4.9187,6,truck
epi,backbone,-3.3660,5.4344,6,truck
epi,backbone,-2.2551,4.7539,6,truck
epi,backbone,-0.7942,5.4438,6,truck
epi,backbone,-1.6951,3.4604,6,truck
epi,backbone,-3.4125,5.3729,6,truck
epi,backbone,0.1626,2.1090,6,truck
epi,backbone,-1.3857,4.0039,6,truck
epi,backbone,-1.0880,4.9900,6,truck
epi,backbone,-3.8326,3.8113,6,truck
epi,backbone,-1.1525,4.8710,6,truck
epi,backbone,-2.0652,6.2293,6,truck
epi,backbone,-2.0172,4.5487,6,truck
epi,backbone,-2.7992,2.6908,6,truck
epi,backbone,-2.9317,6.4991,6,truck
epi,backbone,-1.4161,4.8023,6,truck
epi,backbone,-0.5743,2.8022,6,truck
epi,backbone,4.8929,0.3724,6,truck
epi,backbone,-4.7375,4.9356,6,truck
epi,backbone,-5.0144,1.3347,6,truck
epi,backbone,-1.8681,5.3102,6,truck
epi,backbone,-3.9196,5.2146,6,truck
epi,backbone,-0.7305,1.8222,6,truck
epi,backbone,-4.0896,-0.2178,6,truck
epi,backbone,-2.6575,-0.8696,6,truck
epi,backbone,-2.8139,7.0029,6,truck
epi,backbone,-0.2829,-1.6137,6,truck
epi,backbone,-5.0263,0.1873,6,truck
epi,backbone,1.0359,1.7603,6,truck
epi,backbone,-4.2739,4.2597,6,truck
epi,backbone,-3.1189,1.9091,6,truck
epi,backbone,-4.2428,3.3365,6,truck
epi,backbone,-0.2764,3.0766,6,truck
epi,backbone,-1.7757,0.4821,6,truck
epi,backbone,-0.0504,8.0617,6,truck
epi,backbone,-1.8947,4.2367,6,truck
epi,backbone,-2.1946,6.0326,6,truck
epi,backbone,-1.5781,5.5761,6,truck
epi,backbone,-2.3087,5.5736,6,truck
epi,backbone,-2.7487,-1.7586,6,truck
epi,backbone,-2.4714,5.3187,6,truck
epi,backbone,-2.5938,4.6386,6,truck
epi,backbone,-3.6209,3.7198,6,truck
epi,backbone,-3.4253,3.0189,6,truck
epi,backbone,-3.5780,3.5124,6,truck
epi,backbone,-1.1832,4.7728,6,truck
epi,backbone,-0.7675,3.2260,6,truck
epi,backbone,-1.9401,5.4173,6,truck
epi,backbone,1.9141,5.4708,6,truck
epi,backbone,-2.4641,5.5010,6,truck
epi,backbone,0.5836,4.1741,6,truck
epi,backbone,-1.1174,5.3380,6,truck
epi,backbone,-4.3734,1.4987,6,truck
epi,backbone,-1.2005,0.5403,6,truck
epi,backbone,-1.8660,0.9242,6,truck
epi,backbone,-0.6340,5.4549,6,truck
epi,backbone,-1.4764,4.9126,6,truck
epi,backbone,-3.2818,4.8245,6,truck
epi,backbone,-1.1811,3.8634,6,truck
epi,backbone,-2.0188,6.8223,6,truck
epi,backbone,-3.8964,2.2566,6,truck
epi,backbone,-4.0761,3.3092,6,truck
epi,backbone,-3.0642,4.9234,6,truck
epi,backbone,0.6678,5.0393,6,truck
epi,backbone,-1.4440,5.5705,6,truck
epi,backbone,-5.1035,3.6690,6,truck
epi,backbone,-2.3750,6.0408,6,truck
epi,backbone,-0.6985,4.6176,6,truck
epi,backbone,-1.4381,4.6245,6,truck
epi,backbone,-0.7143,4.1256,6,truck
epi,backbone,-2.5609,4.3997,6,truck
epi,backbone,-2.2299,2.5410,6,truck
epi,backbone,-3.1631,3.8719,6,truck
epi,backbone,-5.0735,1.9842,6,truck
epi,backbone,-3.5500,4.5229,6,truck
epi,backbone,-1.3033,4.0010,6,truck
epi,backbone,-1.3135,4.2998,6,truck
epi,backbone,-2.2169,5.0648,6,truck
epi,backbone,-1.4953,4.8776,6,truck
epi,backbone,-3.9828,4.8120,6,truck
epi,backbone,-6.0829,3.9946,6,truck
epi,backbone,-1.0864,5.8922,6,truck
epi,backbone,-2.7506,6.1890,6,truck
epi,backbone,-0.8350,6.1917,6,truck
epi,backbone,-2.2819,4.0307,6,truck
epi,backbone,-3.6874,3.8414,6,truck
epi,backbone,-2.4456,3.1091,6,truck
epi,backbone,-0.9243,5.6026,6,truck
epi,backbone,-1.5730,1.4023,6,truck
epi,backbone,-2.3762,2.0435,6,truck
epi,backbone,-0.7301,4.1787,6,truck
epi,backbone,-3.2250,3.3388,6,truck
epi,backbone,-0.9669,4.8318,6,truck
epi,backbone,-2.8846,5.5273,6,truck
epi,backbone,-3.1525,4.3987,6,truck
epi,backbone,-2.8168,5.9403,6,truck
epi,backbone,-2.0132,3.5322,6,truck
epi,backbone,-1.7444,5.6824,6,truck
epi,backbone,-1.5124,5.2699,6,truck
epi,backbone,-1.2273,2.0725,6,truck
epi,backbone,0.2583,3.4485,6,truck
epi,backbone,1.1319,1.2553,6,truck
epi,backbone,-4.7224,4.0868,6,truck
epi,backbone,-1.6194,-0.9466,6,truck
epi,backbone,-2.8064,5.0734,6,truck
epi,backbone,-4.6497,4.3690,6,truck
epi,backbone,-2.4309,3.3143,6,truck
epi,backbone,-4.1419,1.8324,6,truck
epi,backbone,1.2842,-1.1972,6,truck
epi,backbone,-2.9004,5.7514,6,truck
epi,backbone,-3.2362,3.3315,6,truck
epi,backbone,-2.9721,5.2479,6,truck
epi,backbone,-4.8060,0.5824,6,truck
epi,backbone,-1.5052,6.1847,6,truck
epi,backbone,-3.2801,5.4196,6,truck
epi,backbone,-3.9727,4.9160,6,truck
epi,backbone,-2.2032,2.4560,6,truck
epi,backbone,-3.0825,4.1154,6,truck
epi,backbone,-1.8933,5.9947,6,truck
epi,backbone,0.2570,3.2427,6,truck
epi,backbone,-4.5734,5.7165,6,truck
epi,backbone,-1.1127,3.4204,6,truck
epi,backbone,-0.9250,3.0952,6,truck
epi,backbone,-2.5647,6.2976,6,truck
epi,backbone,-3.0826,4.1125,6,truck
epi,backbone,-1.8760,5.7809,6,truck
epi,backbone,-1.5143,5.3685,6,truck
epi,backbone,-4.3894,4.5819,6,truck
epi,backbone,-1.6086,0.9649,6,truck
epi,backbone,-2.3319,2.8773,6,truck
epi,backbone,-3.3816,5.4276,6,truck
epi,backbone,-0.6847,3.7756,6,truck
epi,backbone,-3.6445,4.7745,6,truck
epi,backbone,-3.1339,2.4628,6,truck
epi,backbone,1.1563,2.0760,6,truck
epi,backbone,-2.7613,3.7712,6,truck
epi,backbone,0.3506,5.3061,6,truck
epi,backbone,-3.3229,3.9010,6,truck
epi,backbone,-0.4887,2.9515,6,truck
epi,backbone,-1.0564,3.8807,6,truck
epi,backbone,-1.0414,1.9713,6,truck
epi,backbone,-1.1258,2.9082,6,truck
epi,backbone,-0.6734,2.5152,6,truck
epi,backbone,-4.6501,1.0435,6,truck
epi,backbone,-1.9479,2.9671,6,truck
epi,backbone,-2.6770,5.0930,6,truck
epi,backbone,-1.8063,5.2219,6,truck
epi,backbone,-1.5917,4.1367,6,truck
epi,backbone,-3.0344,5.8469,6,truck
epi,backbone,-0.1725,1.6031,6,truck
epi,backbone,1.1915,4.7450,6,truck
epi,backbone,-3.8482,3.0088,6,truck
epi,backbone,-0.8189,5.6703,6,truck
epi,backbone,-3.8132,3.0492,6,truck
epi,backbone,-1.2536,3.9917,6,truck
epi,backbone,-4.0602,5.1525,6,truck
epi,backbone,-0.2009,3.7394,6,truck
epi,backbone,-2.1164,-0.8318,6,truck
epi,backbone,-2.9997,4.7433,6,truck
epi,backbone,-1.6661,4.6385,6,truck
epi,backbone,-2.0387,4.1059,6,truck
epi,backbone,-0.7093,4.7284,6,truck
epi,backbone,-4.8073,2.1296,6,truck
epi,backbone,-3.6536,5.8986,6,truck
epi,backbone,-3.9558,3.5510,6,truck
epi,backbone,1.0638,5.8765,6,truck
epi,backbone,-3.7156,3.6327,6,truck
epi,backbone,-3.0918,4.9304,6,truck
epi,backbone,-1.4126,5.4123,6,truck
epi,backbone,1.2727,1.3000,6,truck
epi,backbone,-2.7820,4.7618,6,truck
epi,backbone,-0.8052,4.5699,6,truck
epi,backbone,-1.1638,6.8906,6,truck
epi,backbone,-3.0896,5.5768,6,truck
epi,backbone,-1.7550,4.5736,6,truck
epi,backbone,-1.7920,3.9662,6,truck
epi,backbone,-2.8010,5.6891,6,truck
epi,backbone,-5.2919,2.8064,6,truck
epi,backbone,0.0408,3.0353,6,truck
epi,backbone,-0.2068,5.4896,6,truck
epi,backbone,-4.5644,5.2091,6,truck
epi,backbone,-3.5684,1.7393,6,truck
epi,backbone,-0.7922,6.0542,6,truck
epi,backbone,-3.2254,4.4481,6,truck
epi,backbone,0.1730,5.0423,7,pump
epi,backbone,-4.4669,2.1127,7,pump
epi,backbone,-3.1110,4.5158,7,pump
epi,backbone,-2.5815,4.9867,7,pump
epi,backbone,-0.6541,6.1539,7,pump
epi,backbone,1.2364,6.0566,7,pump
epi,backbone,-1.0107,0.7204,7,pump
epi,backbone,-0.6395,-1.3346,7,pump
epi,backbone,-1.0076,3.2805,7,pump
epi,backbone,-1.5850,2.2074,7,pump
epi,backbone,-0.1697,4.4385,7,pump
epi,backbone,-0.8472,6.0524,7,pump
epi,backbone,-0.7687,6.3092,7,pump
epi,backbone,-1.2713,3.9847,7,pump
epi,backbone,-0.6589,5.5106,7,pump
epi,backbone,-1.0847,3.6220,7,pump
epi,backbone,-0.3511,6.9488,7,pump
epi,backbone,1.2345,5.1006,7,pump
epi,backbone,1.4648,5.8730,7,pump
epi,backbone,0.6362,2.5402,7,pump
epi,backbone,1.5722,4.9569,7,pump
epi,backbone,-0.9331,6.5729,7,pump
epi,backbone,0.7341,6.6377,7,pump
epi,backbone,-1.8286,4.9419,7,pump
epi,backbone,4.2111,1.7147,7,pump
epi,backbone,-0.8773,5.4508,7,pump
epi,backbone,-1.1726,4.4772,7,pump
epi,backbone,4.3778,3.7731,7,pump
epi,backbone,1.8414,4.6786,7,pump
epi,backbone,0.1234,7.3356,7,pump
epi,backbone,-1.1374,6.1507,7,pump
epi,backbone,-1.1600,7.2629,7,pump
epi,backbone,1.6839,-0.9327,7,pump
epi,backbone,0.7179,5.5680,7,pump
epi,backbone,-2.1856,2.8088,7,pump
epi,backbone,-2.1897,4.8701,7,pump
epi,backbone,0.4531,4.7325,7,pump
epi,backbone,0.2181,3.6265,7,pump
epi,backbone,0.2293,5.6999,7,pump
epi,backbone,0.1054,3.6429,7,pump
epi,backbone,0.2727,1.0369,7,pump
epi,backbone,-0.5219,6.2280,7,pump
epi,backbone,2.8322,4.9526,7,pump
epi,backbone,-1.4489,6.8109,7,pump
epi,backbone,-0.2824,6.3271,7,pump
epi,backbone,-2.3081,2.5234,7,pump
epi,backbone,-3.2369,3.3762,7,pump
epi,backbone,-1.0236,4.2687,7,pump
epi,backbone,-2.6130,-0.8080,7,pump
epi,backbone,-1.1099,3.0597,7,pump
epi,backbone,1.1277,3.3985,7,pump
epi,backbone,3.4559,2.4160,7,pump
epi,backbone,-0.5612,3.4169,7,pump
epi,backbone,-3.5902,-0.3181,7,pump
epi,backbone,1.1014,2.2490,7,pump
epi,backbone,-3.4506,2.4001,7,pump
epi,backbone,-0.5278,0.5110,7,pump
epi,backbone,-1.8373,5.6158,7,pump
epi,backbone,-2.1123,7.0884,7,pump
epi,backbone,-3.1002,4.4743,7,pump
epi,backbone,7.4122,2.1634,7,pump
epi,backbone,0.4615,4.8050,7,pump
epi,backbone,-6.4014,-0.2207,7,pump
epi,backbone,-0.3575,5.8948,7,pump
epi,backbone,-0.7049,2.7069,7,pump
epi,backbone,-3.8960,2.3238,7,pump
epi,backbone,-0.1988,5.5151,7,pump
epi,backbone,3.7550,6.0380,7,pump
epi,backbone,-0.7413,6.1706,7,pump
epi,backbone,-0.6721,5.0747,7,pump
epi,backbone,-0.9152,6.4715,7,pump
epi,backbone,-3.4910,3.5253,7,pump
epi,backbone,-1.7688,5.1454,7,pump
epi,backbone,2.8058,7.4579,7,pump
epi,backbone,0.0229,6.4789,7,pump
epi,backbone,-1.3394,4.8799,7,pump
epi,backbone,-0.3938,2.7979,7,pump
epi,backbone,-1.6564,5.2282,7,pump
epi,backbone,-2.8276,1.1860,7,pump
epi,backbone,-1.1260,4.7321,7,pump
epi,backbone,2.4396,4.7269,7,pump
epi,backbone,2.0307,5.7523,7,pump
epi,backbone,-2.7113,4.6344,7,pump
epi,backbone,-0.5438,5.7808,7,pump
epi,backbone,-0.3681,4.2717,7,pump
epi,backbone,-1.7953,4.6196,7,pump
epi,backbone,-2.4189,4.0918,7,pump
epi,backbone,-1.5524,4.4751,7,pump
epi,backbone,-1.0484,4.1455,7,pump
epi,backbone,1.5710,2.2702,7,pump
epi,backbone,-1.3781,4.5274,7,pump
epi,backbone,-1.0607,7.4264,7,pump
epi,backbone,0.4774,3.5169,7,pump
epi,backbone,2.5842,4.3435,7,pump
epi,backbone,-1.8568,6.2358,7,pump
epi,backbone,-1.6969,3.2531,7,pump
epi,backbone,0.1746,2.3336,7,pump
epi,backbone,1.0064,3.1647,7,pump
epi,backbone,-2.4407,3.8710,7,pump
epi,backbone,1.4220,4.7713,7,pump
epi,backbone,0.4101,5.6940,7,pump
epi,backbone,-2.5437,1.8520,7,pump
epi,backbone,0.3489,5.9283,7,pump
epi,backbone,-0.8740,7.1271,7,pump
epi,backbone,1.6616,0.0368,7,pump
epi,backbone,-2.5832,4.1343,7,pump
epi,backbone,-2.3734,2.9163,7,pump
epi,backbone,-3.7427,2.8361,7,pump
epi,backbone,-3.2989,1.3237,7,pump
epi,backbone,1.3986,4.2314,7,pump
epi,backbone,1.4590,6.6883,7,pump
epi,backbone,-0.3184,1.3513,7,pump
epi,backbone,0.9003,4.7098,7,pump
epi,backbone,-2.5188,4.1288,7,pump
epi,backbone,-2.9703,5.2721,7,pump
epi,backbone,-0.7480,3.3538,7,pump
epi,backbone,2.2533,-1.5151,7,pump
epi,backbone,-0.4116,4.1125,7,pump
epi,backbone,-3.2147,2.1715,7,pump
epi,backbone,0.6826,2.2875,7,pump
epi,backbone,-2.3720,5.5859,7,pump
epi,backbone,-0.7484,1.2714,7,pump
epi,backbone,-1.7867,5.8264,7,pump
epi,backbone,0.5758,4.8128,7,pump
epi,backbone,-1.2133,4.8843,7,pump
epi,backbone,-1.5075,5.4719,7,pump
epi,backbone,-2.0650,3.6337,7,pump
epi,backbone,-0.5855,6.4274,7,pump
epi,backbone,-0.8200,4.4359,7,pump
epi,backbone,0.8443,6.1045,7,pump
epi,backbone,0.1886,4.0288,7,pump
epi,backbone,2.5063,7.5756,7,pump
epi,backbone,1.0540,8.0709,7,pump
epi,backbone,-1.2439,4.9944,7,pump
epi,backbone,2.1523,6.7978,7,pump
epi,backbone,-1.6821,4.3556,7,pump
epi,backbone,-0.1465,3.3196,7,pump
epi,backbone,0.7587,5.9322,7,pump
epi,backbone,-0.6502,5.6809,7,pump
epi,backbone,-1.0904,6.6377,7,pump
epi,backbone,-0.4190,6.0522,7,pump
epi,backbone,-2.3771,3.7062,7,pump
epi,backbone,-0.3071,5.4284,7,pump
epi,backbone,-0.2711,5.4661,7,pump
epi,backbone,-0.7147,6.2726,7,pump
epi,backbone,-1.1267,3.5414,7,pump
epi,backbone,-1.5205,3.5576,7,pump
epi,backbone,2.3885,5.3014,7,pump
epi,backbone,-2.8048,3.8477,7,pump
epi,backbone,0.2778,4.2670,7,pump
epi,backbone,-1.9100,3.3510,7,pump
epi,backbone,0.4830,5.4397,7,pump
epi,backbone,0.7725,4.6108,7,pump
epi,backbone,-0.8187,1.9619,7,pump
epi,backbone,-2.5971,2.8513,7,pump
epi,backbone,2.2105,5.9556,7,pump
epi,backbone,-3.6154,4.2869,7,pump
epi,backbone,-2.4842,4.4441,7,pump
epi,backbone,-1.0236,3.3880,7,pump
epi,backbone,-0.6829,4.9986,7,pump
epi,backbone,1.4099,4.4212,7,pump
epi,backbone,0.6569,5.4532,7,pump
epi,backbone,1.5747,5.8291,7,pump
epi,backbone,-1.5109,2.8472,7,pump
epi,backbone,0.7413,6.5261,7,pump
epi,backbone,-0.7598,3.8661,7,pump
epi,backbone,1.3502,4.0280,7,pump
epi,backbone,-5.6160,0.1636,7,pump
epi,backbone,-0.1441,5.8732,7,pump
epi,backbone,1.0121,6.8624,7,pump
epi,backbone,-0.9049,4.5859,7,pump
epi,backbone,0.6019,7.3798,7,pump
epi,backbone,-1.6485,5.6185,7,pump
epi,backbone,-2.0354,6.3024,7,pump
epi,backbone,-1.1982,5.9252,7,pump
epi,backbone,-2.0301,4.9384,7,pump
epi,backbone,-2.8590,1.9761,7,pump
epi,backbone,-0.7036,6.3915,7,pump
epi,backbone,-1.8701,-0.7154,7,pump
epi,backbone,0.9993,6.0201,7,pump
epi,backbone,-1.1800,4.6250,7,pump
epi,backbone,-0.9630,6.1983,7,pump
epi,backbone,0.0608,4.1137,7,pump
epi,backbone,-1.2654,5.9049,7,pump
epi,backbone,-1.6622,4.5294,7,pump
epi,backbone,-0.7148,5.7172,7,pump
epi,backbone,-0.6602,2.8221,7,pump
epi,backbone,2.2222,5.7036,7,pump
epi,backbone,-2.8581,1.9774,7,pump
epi,backbone,4.4532,3.1126,7,pump
epi,backbone,0.4668,5.6427,7,pump
epi,backbone,-2.6579,1.5954,7,pump
epi,backbone,-0.3063,-3.5252,7,pump
epi,backbone,-1.4276,5.5220,7,pump
epi,backbone,-0.7937,4.1739,7,pump
epi,backbone,0.1855,6.5196,7,pump
epi,backbone,2.2412,5.3995,7,pump
epi,backbone,-0.2655,4.7887,7,pump
epi,backbone,0.1919,5.7277,7,pump
epi,backbone,-2.8813,4.3836,7,pump
epi,backbone,-0.1861,5.4334,7,pump
epi,backbone,2.5802,5.3702,7,pump
epi,backbone,0.5045,5.3383,7,pump
epi,backbone,-0.7947,4.2935,7,pump
epi,backbone,-1.6529,6.4585,7,pump
epi,backbone,1.5144,6.0746,7,pump
epi,backbone,0.6171,-0.7817,7,pump
epi,backbone,0.6570,4.9581,7,pump
epi,backbone,-2.5816,5.4592,7,pump
epi,backbone,0.5140,4.0863,7,pump
epi,backbone,-1.1258,6.4962,7,pump
epi,backbone,-0.6114,5.5613,7,pump
epi,backbone,-0.0828,4.5587,7,pump
epi,backbone,3.1150,5.3156,7,pump
epi,backbone,-1.2628,5.8577,7,pump
epi,backbone,0.4227,8.8364,7,pump
epi,backbone,-0.0697,1.5641,7,pump
epi,backbone,-0.8964,5.7897,7,pump
epi,backbone,-1.5214,6.0433,7,pump
epi,backbone,0.9512,6.4632,7,pump
epi,backbone,-1.8032,4.0604,7,pump
epi,backbone,-2.1660,5.6271,7,pump
epi,backbone,0.0565,6.1440,7,pump
epi,backbone,-2.8595,-0.0980,7,pump
epi,backbone,-0.0178,5.9647,7,pump
epi,backbone,1.2545,6.9125,7,pump
epi,backbone,-0.3522,4.2082,7,pump
epi,backbone,-3.3635,3.7222,7,pump
epi,backbone,3.7128,5.4507,7,pump
epi,backbone,4.0531,-1.0124,7,pump
epi,backbone,0.8241,3.2923,7,pump
epi,backbone,-0.0389,3.5599,7,pump
epi,backbone,-0.5983,0.7955,7,pump
epi,backbone,-0.3324,6.5401,7,pump
epi,backbone,0.1332,5.9186,7,pump
epi,backbone,-2.4669,2.5583,7,pump
epi,backbone,3.4331,7.2634,7,pump
epi,backbone,0.7379,3.7353,7,pump
epi,backbone,-0.2037,0.6202,7,pump
epi,backbone,-1.9982,4.6460,7,pump
epi,backbone,-1.0529,-1.0603,7,pump
epi,backbone,0.9965,6.2003,7,pump
epi,backbone,-1.6504,3.3128,7,pump
epi,backbone,1.7026,6.1113,7,pump
epi,backbone,-0.0573,4.8391,7,pump
epi,backbone,-1.7028,4.0564,7,pump
epi,backbone,-4.8718,-0.6974,7,pump
epi,backbone,-0.8850,4.3992,7,pump
epi,backbone,0.3046,0.6267,7,pump
epi,backbone,-2.4414,-2.0513,7,pump
epi,backbone,-3.7757,1.5954,7,pump
epi,backbone,-0.4887,0.2216,7,pump
epi,backbone,-1.7319,3.4544,7,pump
epi,backbone,0.2125,7.0099,7,pump
epi,backbone,-1.7688,6.0836,7,pump
epi,backbone,0.4606,5.7386,7,pump
epi,backbone,-0.9583,5.2302,7,pump
epi,backbone,-1.9944,4.9496,7,pump
epi,backbone,1.2600,5.2375,7,pump
epi,backbone,1.1116,5.7296,7,pump
epi,backbone,-1.8561,5.3888,7,pump
epi,backbone,1.7690,-1.0657,7,pump
epi,backbone,-2.1232,3.7330,7,pump
epi,backbone,-2.4355,4.4176,7,pump
epi,backbone,2.1048,6.9639,7,pump
epi,backbone,0.3373,4.4364,7,pump
epi,backbone,-4.6998,1.9131,7,pump
epi,backbone,0.9652,6.2617,7,pump
epi,backbone,-3.5931,0.7448,7,pump
epi,backbone,0.8569,5.5052,7,pump
epi,backbone,-3.4192,4.0262,7,pump
epi,backbone,-0.4692,0.4348,7,pump
epi,backbone,-0.4991,2.6002,7,pump
epi,backbone,-0.7056,5.1140,7,pump
epi,backbone,-0.2425,3.9511,7,pump
epi,backbone,-1.4492,2.6255,7,pump
epi,backbone,2.3246,5.4147,7,pump
epi,backbone,-1.3656,5.3819,7,pump
epi,backbone,-0.5221,7.6490,7,pump
epi,backbone,-3.0643,4.6135,7,pump
epi,backbone,0.1159,5.1789,7,pump
epi,backbone,0.4253,5.2133,7,pump
epi,backbone,-0.5466,3.9502,7,pump
epi,backbone,-2.8309,5.6055,7,pump
epi,backbone,1.4109,5.4563,7,pump
epi,backbone,-0.8398,4.1295,7,pump
epi,backbone,-0.7294,6.0711,7,pump
epi,backbone,0.2194,4.0298,7,pump
epi,backbone,-3.2678,5.2217,7,pump
epi,backbone,0.3055,5.6782,7,pump
epi,backbone,-0.7119,6.1237,7,pump
epi,backbone,-3.2099,5.4693,7,pump
epi,backbone,1.6623,2.7652,7,pump
epi,backbone,0.8632,5.8308,7,pump
epi,backbone,-2.8395,4.0322,7,pump
epi,backbone,2.2199,7.4840,7,pump
epi,backbone,-3.1937,4.1216,7,pump
epi,backbone,-1.1481,3.6690,7,pump
epi,backbone,-1.5119,4.8665,7,pump
epi,backbone,-0.6269,4.7794,7,pump
epi,backbone,0.9052,6.2444,7,pump
epi,backbone,0.7771,2.8322,7,pump
epi,backbone,0.7759,6.5570,7,pump
epi,backbone,-3.0733,1.3006,7,pump
epi,backbone,-0.2210,5.4733,7,pump
epi,backbone,-2.1984,3.4636,7,pump
epi,backbone,0.5941,6.9799,7,pump
epi,backbone,-2.6285,1.9196,7,pump
epi,backbone,1.9040,6.6856,7,pump
epi,backbone,-1.9841,4.4735,7,pump
epi,backbone,-1.4023,5.2554,7,pump
epi,backbone,0.8072,3.7085,7,pump
epi,backbone,-0.9343,3.3183,7,pump
epi,backbone,-1.2283,2.9010,7,pump
epi,backbone,-0.0462,4.6679,7,pump
epi,backbone,-2.7152,6.0081,7,pump
epi,backbone,-0.2396,3.2980,7,pump
epi,backbone,1.4573,7.3570,7,pump
epi,backbone,-1.1094,6.7486,7,pump
epi,backbone,0.4781,5.4586,7,pump
epi,backbone,-2.5467,3.1785,7,pump
epi,backbone,-0.5600,0.8068,7,pump
epi,backbone,-1.8220,5.8742,7,pump
epi,backbone,0.2111,5.1062,7,pump
epi,backbone,-1.5754,5.8681,7,pump
epi,backbone,-0.2515,-0.3358,7,pump
epi,backbone,1.1866,5.5595,7,pump
epi,backbone,-1.5605,5.1865,7,pump
epi,backbone,2.9446,6.3883,7,pump
epi,backbone,-1.8784,6.0731,7,pump
epi,backbone,-2.0541,2.6030,7,pump
epi,backbone,-0.1323,6.9865,7,pump
epi,backbone,1.5988,5.2773,7,pump
epi,backbone,-1.5431,4.4535,7,pump
epi,backbone,-3.6269,4.9055,7,pump
epi,backbone,-3.2111,1.3646,7,pump
epi,backbone,-3.4813,-0.3491,7,pump
epi,backbone,-0.1504,5.3347,7,pump
epi,backbone,-1.9627,5.4808,7,pump
epi,backbone,-0.8806,3.3085,7,pump
epi,backbone,-1.5406,4.1522,7,pump
epi,backbone,-3.1405,5.0240,7,pump
epi,backbone,1.1894,0.9254,7,pump
epi,backbone,-0.4840,6.1180,7,pump
epi,backbone,4.2330,5.3976,7,pump
epi,backbone,2.4647,5.1152,7,pump
epi,backbone,-2.3071,6.8110,7,pump
epi,backbone,3.7411,5.8012,7,pump
epi,backbone,-1.4535,3.9828,7,pump
epi,backbone,-4.6078,4.5908,7,pump
epi,backbone,-1.8648,6.3057,7,pump
epi,backbone,-1.3749,4.5774,7,pump
epi,backbone,-1.8928,4.2485,7,pump
epi,backbone,-1.6131,4.4626,7,pump
epi,backbone,0.1162,4.9495,7,pump
epi,backbone,-2.0595,6.3038,7,pump
epi,backbone,2.1338,4.1703,7,pump
epi,backbone,-4.6852,2.1046,7,pump
epi,backbone,-0.7816,6.0302,7,pump
epi,backbone,4.6753,1.6495,7,pump
epi,backbone,5.3539,3.5044,7,pump
epi,backbone,-4.7327,1.9640,7,pump
epi,backbone,-1.4161,2.4374,7,pump
epi,backbone,-0.5552,1.0387,7,pump
epi,backbone,4.5921,5.9877,7,pump
epi,backbone,-1.1526,6.7181,7,pump
epi,backbone,1.4148,6.2067,7,pump
epi,backbone,2.8925,4.4269,7,pump
epi,backbone,-0.3266,3.5303,7,pump
epi,backbone,-0.5017,4.2861,7,pump
epi,backbone,-0.9337,4.1487,7,pump
epi,backbone,-0.9851,3.5228,7,pump
epi,backbone,-0.3858,3.4680,7,pump
epi,backbone,-4.0311,1.4134,7,pump
epi,backbone,-3.3960,1.6140,7,pump
epi,backbone,-2.0831,2.2624,7,pump
epi,backbone,-2.6257,1.7700,7,pump
epi,backbone,-0.9300,4.4288,7,pump
epi,backbone,-2.0405,2.8117,7,pump
epi,backbone,1.3166,4.4597,7,pump
epi,backbone,0.1297,6.6345,7,pump
epi,backbone,-4.5228,3.5756,7,pump
epi,backbone,-1.6000,3.8328,7,pump
epi,backbone,-2.0058,3.1535,7,pump
epi,backbone,-4.6956,-0.5201,7,pump
epi,backbone,1.0104,6.2666,7,pump
epi,backbone,4.3959,4.3085,7,pump
epi,backbone,-1.0593,5.6565,7,pump
epi,backbone,2.8837,5.0313,7,pump
epi,backbone,0.6248,3.0772,7,pump
epi,backbone,2.0100,5.8609,7,pump
epi,backbone,3.2347,5.4938,7,pump
epi,backbone,1.0306,5.5365,7,pump
epi,backbone,-1.9014,6.0004,7,pump
epi,backbone,-0.8423,5.4631,7,pump
epi,backbone,-1.5474,5.7687,7,pump
epi,backbone,-1.0113,5.9571,7,pump
epi,backbone,-4.2187,1.4091,7,pump
epi,backbone,0.9548,0.9177,7,pump
epi,backbone,-3.1325,4.8673,7,pump
epi,backbone,-0.7164,1.6136,7,pump
epi,backbone,6.7407,1.3695,7,pump
epi,backbone,-3.1812,2.3448,7,pump
epi,backbone,-1.7113,1.5851,7,pump
epi,backbone,0.1732,0.8085,7,pump
epi,backbone,-0.4757,4.9567,7,pump
epi,backbone,1.1441,4.6934,7,pump
epi,backbone,4.6532,6.5285,7,pump
epi,backbone,-1.8412,6.6023,7,pump
epi,backbone,2.3193,3.4723,7,pump
epi,backbone,-3.7114,7.3067,7,pump
epi,backbone,2.2553,-1.2612,7,pump
epi,backbone,-0.7782,3.2621,7,pump
epi,backbone,-1.6500,5.9336,7,pump
epi,backbone,0.9135,4.9789,7,pump
epi,backbone,-0.2693,3.1258,7,pump
epi,backbone,-1.0412,5.9082,7,pump
epi,backbone,-1.3777,1.7214,7,pump
epi,backbone,2.2290,5.4313,7,pump
epi,backbone,6.2270,-4.9468,8,golf
epi,backbone,0.0996,-4.9499,8,golf
epi,backbone,4.9359,-3.3115,8,golf
epi,backbone,3.6750,-2.0742,8,golf
epi,backbone,2.5288,-0.9662,8,golf
epi,backbone,-4.2114,-1.8702,8,golf
epi,backbone,0.4113,-3.4760,8,golf
epi,backbone,3.7878,-3.4125,8,golf
epi,backbone,5.8745,-1.2258,8,golf
epi,backbone,2.8894,-3.6331,8,golf
epi,backbone,5.2660,-1.2684,8,golf
epi,backbone,-1.3060,-1.8123,8,golf
epi,backbone,3.4396,-3.3996,8,golf
epi,backbone,5.6387,-3.3922,8,golf
epi,backbone,4.0982,-2.0180,8,golf
epi,backbone,-1.0126,0.4563,8,golf
epi,backbone,2.7513,-3.4468,8,golf
epi,backbone,-1.1088,-4.0422,8,golf
epi,backbone,-1.9242,-2.2075,8,golf
epi,backbone,7.4432,1.5284,8,golf
epi,backbone,2.7826,-1.3331,8,golf
epi,backbone,-0.2798,-1.9236,8,golf
epi,backbone,4.2180,-3.1119,8,golf
epi,backbone,-0.5554,-4.4403,8,golf
epi,backbone,1.3182,-2.5271,8,golf
epi,backbone,-3.1791,-2.3902,8,golf
epi,backbone,-1.8403,-3.2446,8,golf
epi,backbone,-0.0361,-1.7420,8,golf
epi,backbone,3.4909,-3.4363,8,golf
epi,backbone,2.3960,-3.6224,8,golf
epi,backbone,-2.7156,-2.1257,8,golf
epi,backbone,-4.4794,-4.6063,8,golf
epi,backbone,1.8215,-4.3948,8,golf
epi,backbone,0.0290,-1.0015,8,golf
epi,backbone,0.6541,0.0586,8,golf
epi,backbone,4.1249,-0.9508,8,golf
epi,backbone,2.1828,-2.5360,8,golf
epi,backbone,2.6305,-2.5711,8,golf
epi,backbone,6.3097,-1.9427,8,golf
epi,backbone,4.5049,-1.2177,8,golf
epi,backbone,6.6778,-0.0921,8,golf
epi,backbone,3.1090,-4.5136,8,golf
epi,backbone,-0.9607,-3.2607,8,golf
epi,backbone,2.2261,-1.3713,8,golf
epi,backbone,4.1946,-1.1616,8,golf
epi,backbone,1.3338,-1.7288,8,golf
epi,backbone,0.7456,-0.6350,8,golf
epi,backbone,3.9209,-2.4573,8,golf
epi,backbone,7.5254,-3.5190,8,golf
epi,backbone,-1.1415,-1.3736,8,golf
epi,backbone,0.6480,-4.7641,8,golf
epi,backbone,0.6826,-3.2911,8,golf
epi,backbone,2.5995,-2.5088,8,golf
epi,backbone,6.1075,-2.4672,8,golf
epi,backbone,6.7267,-1.7156,8,golf
epi,backbone,2.1266,-3.6612,8,golf
epi,backbone,0.2421,-4.3635,8,golf
epi,backbone,3.7965,-1.0666,8,golf
epi,backbone,0.9289,-2.6753,8,golf
epi,backbone,6.0641,-3.0684,8,golf
epi,backbone,0.9208,-2.9777,8,golf
epi,backbone,0.1120,2.7182,8,golf
epi,backbone,0.4103,-4.2160,8,golf
epi,backbone,3.4484,-3.3325,8,golf
epi,backbone,1.6764,1.9152,8,golf
epi,backbone,-1.6918,0.8420,8,golf
epi,backbone,-0.2038,-1.4526,8,golf
epi,backbone,4.7241,-3.0685,8,golf
epi,backbone,2.3214,-2.9225,8,golf
epi,backbone,2.0080,-4.2952,8,golf
epi,backbone,1.6820,-4.3169,8,golf
epi,backbone,-0.5095,-4.1466,8,golf
epi,backbone,4.1163,-4.9106,8,golf
epi,backbone,1.1199,-3.7370,8,golf
epi,backbone,2.5195,-3.1161,8,golf
epi,backbone,5.4824,1.8494,8,golf
epi,backbone,3.2647,-2.7340,8,golf
epi,backbone,4.6659,4.2639,8,golf
epi,backbone,2.7413,0.2488,8,golf
epi,backbone,1.1793,-3.6852,8,golf
epi,backbone,4.0752,0.3600,8,golf
epi,backbone,-0.1110,-3.8227,8,golf
epi,backbone,5.5100,2.0423,8,golf
epi,backbone,-1.0215,-1.9790,8,golf
epi,backbone,4.2878,-2.3760,8,golf
epi,backbone,4.1677,-0.6289,8,golf
epi,backbone,6.9309,-3.4613,8,golf
epi,backbone,3.7221,-1.8450,8,golf
epi,backbone,0.7151,4.2710,8,golf
epi,backbone,2.0540,-1.9770,8,golf
epi,backbone,1.5229,5.5562,8,golf
epi,backbone,0.4421,-3.2627,8,golf
epi,backbone,0.3692,-1.9663,8,golf
epi,backbone,3.6032,-5.2118,8,golf
epi,backbone,2.3092,-2.8400,8,golf
epi,backbone,1.1874,-0.1730,8,golf
epi,backbone,2.5212,-4.6227,8,golf
epi,backbone,1.8283,-3.4044,8,golf
epi,backbone,-3.6846,-5.1743,8,golf
epi,backbone,-3.1141,-2.9042,8,golf
epi,backbone,-1.8218,0.3539,8,golf
epi,backbone,3.5355,-1.3192,8,golf
epi,backbone,4.5397,-4.4567,8,golf
epi,backbone,2.7622,-4.2837,8,golf
epi,backbone,-0.7632,-1.8773,8,golf
epi,backbone,-1.7103,-4.6855,8,golf
epi,backbone,0.4833,-4.9302,8,golf
epi,backbone,1.9434,-0.8991,8,golf
epi,backbone,0.9562,-3.4776,8,golf
epi,backbone,2.8342,-2.5987,8,golf
epi,backbone,2.0772,-2.5008,8,golf
epi,backbone,-2.9703,-2.7096,8,golf
epi,backbone,3.2776,-4.6885,8,golf
epi,backbone,-0.1897,-0.1215,8,golf
epi,backbone,1.1542,-5.1881,8,golf
epi,backbone,4.2609,-2.9891,8,golf
epi,backbone,1.2587,-3.2230,8,golf
epi,backbone,3.5045,-5.1545,8,golf
epi,backbone,0.2049,-3.8892,8,golf
epi,backbone,1.2782,-3.1747,8,golf
epi,backbone,4.4192,-2.7031,8,golf
epi,backbone,1.3412,-5.4393,8,golf
epi,backbone,9.7049,-0.2021,8,golf
epi,backbone,0.5165,-4.0905,8,golf
epi,backbone,1.3988,-3.2169,8,golf
epi,backbone,4.9512,-1.6486,8,golf
epi,backbone,5.3881,-2.5572,8,golf
epi,backbone,-0.1985,-4.2094,8,golf
epi,backbone,4.1713,-1.5340,8,golf
epi,backbone,-0.3996,-5.2657,8,golf
epi,backbone,0.8380,-3.8477,8,golf
epi,backbone,2.5102,-6.3617,8,golf
epi,backbone,2.9702,-2.9488,8,golf
epi,backbone,-1.3099,-4.9055,8,golf
epi,backbone,0.3728,-3.9295,8,golf
epi,backbone,6.3976,-1.6639,8,golf
epi,backbone,1.4072,2.7537,8,golf
epi,backbone,5.7844,-3.1663,8,golf
epi,backbone,4.9579,-2.4945,8,golf
epi,backbone,1.6943,-1.1225,8,golf
epi,backbone,2.2712,-4.1362,8,golf
epi,backbone,-2.2917,-3.6093,8,golf
epi,backbone,4.1134,-1.7832,8,golf
epi,backbone,7.7541,-1.8466,8,golf
epi,backbone,3.8035,-3.9975,8,golf
epi,backbone,9.2059,-3.1631,8,golf
epi,backbone,1.0745,-4.0358,8,golf
epi,backbone,2.2544,-2.2788,8,golf
epi,backbone,-1.1181,-0.1011,8,golf
epi,backbone,6.6933,-2.2115,8,golf
epi,backbone,1.1136,-1.8127,8,golf
epi,backbone,-1.7220,-4.8660,8,golf
epi,backbone,4.6142,-0.5032,8,golf
epi,backbone,0.2406,-2.2723,8,golf
epi,backbone,3.9159,-1.5826,8,golf
epi,backbone,0.6861,-3.1361,8,golf
epi,backbone,2.7346,0.3521,8,golf
epi,backbone,4.8932,-0.9180,8,golf
epi,backbone,3.0803,-2.4909,8,golf
epi,backbone,0.4735,-2.6194,8,golf
epi,backbone,3.6152,-2.4684,8,golf
epi,backbone,0.9249,-3.1922,8,golf
epi,backbone,2.3258,-2.6666,8,golf
epi,backbone,9.9460,-0.0665,8,golf
epi,backbone,2.5098,-4.1242,8,golf
epi,backbone,4.9246,-3.1351,8,golf
epi,backbone,2.5557,-2.3224,8,golf
epi,backbone,2.8985,-2.1355,8,golf
epi,backbone,5.7124,-1.5965,8,golf
epi,backbone,-3.3211,-5.3579,8,golf
epi,backbone,0.9280,-0.1569,8,golf
epi,backbone,3.6073,-3.3617,8,golf
epi,backbone,1.6586,-3.9935,8,golf
epi,backbone,5.3999,-1.7264,8,golf
epi,backbone,-2.4715,-5.5932,8,golf
epi,backbone,9.2978,0.3182,8,golf
epi,backbone,-0.4164,-3.2090,8,golf
epi,backbone,2.9063,-0.8586,8,golf
epi,backbone,4.7898,-2.7977,8,golf
epi,backbone,1.1956,-3.4426,8,golf
epi,backbone,7.1167,-2.8512,8,golf
epi,backbone,2.5387,-3.3947,8,golf
epi,backbone,-0.3527,-3.2691,8,golf
epi,backbone,1.3074,3.7361,8,golf
epi,backbone,-2.0204,-4.0679,8,golf
epi,backbone,4.8854,-2.2245,8,golf
epi,backbone,0.3635,1.9740,8,golf
epi,backbone,-1.1223,-2.8880,8,golf
epi,backbone,-0.0063,-0.6567,8,golf
epi,backbone,4.9751,-0.9722,8,golf
epi,backbone,4.5872,-2.6772,8,golf
epi,backbone,3.0645,-4.6977,8,golf
epi,backbone,-0.5322,-4.3032,8,golf
epi,backbone,2.6987,0.3594,8,golf
epi,backbone,0.9363,-3.1193,8,golf
epi,backbone,2.6744,-1.0460,8,golf
epi,backbone,8.1124,-2.7862,8,golf
epi,backbone,0.1640,-2.3940,8,golf
epi,backbone,4.6284,-2.8353,8,golf
epi,backbone,8.8052,-2.1600,8,golf
epi,backbone,-1.2955,-3.3767,8,golf
epi,backbone,2.3176,-3.5162,8,golf
epi,backbone,4.7637,1.7054,8,golf
epi,backbone,2.4257,0.9059,8,golf
epi,backbone,4.1120,-4.1214,8,golf
epi,backbone,0.9505,0.0843,8,golf
epi,backbone,1.5444,-2.1066,8,golf
epi,backbone,-0.7794,-4.3785,8,golf
epi,backbone,4.0532,-3.8175,8,golf
epi,backbone,2.1179,-0.5364,8,golf
epi,backbone,1.8411,-0.8062,8,golf
epi,backbone,0.9006,-1.9281,8,golf
epi,backbone,-0.2471,0.0598,8,golf
epi,backbone,1.9173,-2.9684,8,golf
epi,backbone,2.1956,-6.5715,8,golf
epi,backbone,4.5489,-1.0731,8,golf
epi,backbone,-4.0564,-4.3057,8,golf
epi,backbone,0.5139,-3.6197,8,golf
epi,backbone,1.0770,-2.6119,8,golf
epi,backbone,1.0887,-3.8670,8,golf
epi,backbone,1.5141,-2.2307,8,golf
epi,backbone,1.1327,-4.1951,8,golf
epi,backbone,1.9970,-3.0439,8,golf
epi,backbone,-2.3114,-2.1082,8,golf
epi,backbone,5.7166,-3.3144,8,golf
epi,backbone,2.2287,-3.5718,8,golf
epi,backbone,-1.0810,-2.3425,8,golf
epi,backbone,4.7841,-3.1299,8,golf
epi,backbone,-0.2561,-0.9457,8,golf
epi,backbone,-3.5418,-3.9004,8,golf
epi,backbone,5.2239,-2.5483,8,golf
epi,backbone,2.5984,-4.6723,8,golf
epi,backbone,6.7388,-0.9175,8,golf
epi,backbone,0.9736,-1.2885,8,golf
epi,backbone,0.5383,-3.3692,8,golf
epi,backbone,1.6690,-3.3764,8,golf
epi,backbone,7.4870,-2.1271,8,golf
epi,backbone,-1.8870,1.9337,8,golf
epi,backbone,2.3173,-4.3468,8,golf
epi,backbone,3.9454,-2.4379,8,golf
epi,backbone,2.1340,-4.0221,8,golf
epi,backbone,4.5431,-2.4103,8,golf
epi,backbone,6.3291,-2.2338,8,golf
epi,backbone,4.6449,-2.7778,8,golf
epi,backbone,0.5551,0.6453,8,golf
epi,backbone,2.0847,-4.3096,8,golf
epi,backbone,6.1087,0.6834,8,golf
epi,backbone,3.2770,-1.5690,8,golf
epi,backbone,0.7389,-4.1380,8,golf
epi,backbone,2.8052,-2.2303,8,golf
epi,backbone,-0.1179,-2.4304,8,golf
epi,backbone,1.9626,-3.9019,8,golf
epi,backbone,5.4002,-2.2324,8,golf
epi,backbone,0.5717,-2.9889,8,golf
epi,backbone,2.7872,-1.5587,8,golf
epi,backbone,2.8794,-2.2892,8,golf
epi,backbone,2.7444,-3.2571,8,golf
epi,backbone,1.1819,-3.5847,8,golf
epi,backbone,3.4622,-1.0612,8,golf
epi,backbone,3.9961,-3.1222,8,golf
epi,backbone,2.9797,-4.8854,8,golf
epi,backbone,3.5097,2.8806,8,golf
epi,backbone,5.5392,-2.9802,8,golf
epi,backbone,5.4425,1.7302,8,golf
epi,backbone,4.1402,-3.0924,8,golf
epi,backbone,-0.6060,-3.3066,8,golf
epi,backbone,7.8017,-0.7374,8,golf
epi,backbone,3.6884,-3.3156,8,golf
epi,backbone,2.6373,-3.1091,8,golf
epi,backbone,0.9566,0.5664,8,golf
epi,backbone,-0.6433,-4.1787,8,golf
epi,backbone,1.4905,-1.2019,8,golf
epi,backbone,2.1181,-0.6822,8,golf
epi,backbone,3.4133,-1.9931,8,golf
epi,backbone,4.7476,-3.6234,8,golf
epi,backbone,-1.0949,-4.4602,8,golf
epi,backbone,1.6077,-4.6388,8,golf
epi,backbone,1.0231,-1.6893,8,golf
epi,backbone,2.7870,-2.3455,8,golf
epi,backbone,-3.7853,-2.8212,8,golf
epi,backbone,6.9415,-1.1831,8,golf
epi,backbone,3.0387,-3.6954,8,golf
epi,backbone,-0.2497,0.3279,8,golf
epi,backbone,-0.4165,-4.2319,8,golf
epi,backbone,5.0118,-4.4626,8,golf
epi,backbone,3.2633,-3.1730,8,golf
epi,backbone,9.4435,-3.4252,8,golf
epi,backbone,3.5713,-1.9224,8,golf
epi,backbone,2.0283,-3.6224,8,golf
epi,backbone,3.0625,-5.1727,8,golf
epi,backbone,2.8272,-2.3754,8,golf
epi,backbone,1.6785,-2.1011,8,golf
epi,backbone,3.0831,-4.8942,8,golf
epi,backbone,3.2138,-2.5092,8,golf
epi,backbone,3.7565,-2.2705,8,golf
epi,backbone,-0.0915,-2.2920,8,golf
epi,backbone,-4.3397,-3.7379,8,golf
epi,backbone,3.5194,-3.8312,8,golf
epi,backbone,2.5486,-5.4291,8,golf
epi,backbone,-2.5868,-3.6514,8,golf
epi,backbone,-2.1748,0.2320,8,golf
epi,backbone,1.3077,-4.3339,8,golf
epi,backbone,3.7479,-1.1082,8,golf
epi,backbone,3.4676,-3.3523,8,golf
epi,backbone,5.4619,-0.1479,8,golf
epi,backbone,2.7977,-3.2458,8,golf
epi,backbone,-0.8278,-4.6377,8,golf
epi,backbone,5.1452,-1.4540,8,golf
epi,backbone,-0.5275,-3.3485,8,golf
epi,backbone,2.4146,-5.0298,8,golf
epi,backbone,1.8947,-2.8083,8,golf
epi,backbone,2.7498,-3.3583,8,golf
epi,backbone,4.0538,-4.2289,8,golf
epi,backbone,0.2067,-0.0709,8,golf
epi,backbone,2.6391,-4.2319,8,golf
epi,backbone,1.6455,-2.2515,8,golf
epi,backbone,-1.0818,-2.4746,8,golf
epi,backbone,4.8370,0.9539,8,golf
epi,backbone,1.2259,-5.5615,8,golf
epi,backbone,-0.3774,-2.3262,8,golf
epi,backbone,-1.4994,-3.1060,8,golf
epi,backbone,0.2940,-1.8078,8,golf
epi,backbone,2.9963,-2.2640,8,golf
epi,backbone,6.0339,0.6760,8,golf
epi,backbone,-3.6611,-2.6353,8,golf
epi,backbone,3.1121,-2.6587,8,golf
epi,backbone,2.6443,-4.1191,8,golf
epi,backbone,5.0141,-3.0567,8,golf
epi,backbone,0.5665,-4.7350,8,golf
epi,backbone,2.5225,-1.9684,8,golf
epi,backbone,3.5113,-0.0543,8,golf
epi,backbone,6.6838,-3.4845,8,golf
epi,backbone,2.2717,-4.0548,8,golf
epi,backbone,1.1936,-2.9083,8,golf
epi,backbone,2.1150,-1.7293,8,golf
epi,backbone,8.4060,-0.1317,8,golf
epi,backbone,2.9512,-3.0588,8,golf
epi,backbone,9.1810,-3.6728,8,golf
epi,backbone,2.1217,0.1812,8,golf
epi,backbone,-0.4849,-3.8645,8,golf
epi,backbone,1.8906,-4.8068,8,golf
epi,backbone,0.8138,-2.7818,8,golf
epi,backbone,4.4358,-2.8264,8,golf
epi,backbone,0.4187,-0.9927,8,golf
epi,backbone,4.7992,-3.8398,8,golf
epi,backbone,1.2259,-3.8496,8,golf
epi,backbone,-2.1598,-3.0676,8,golf
epi,backbone,-0.9657,-2.7939,8,golf
epi,backbone,1.3544,-4.0866,8,golf
epi,backbone,1.1141,-3.7252,8,golf
epi,backbone,4.2203,-3.9671,8,golf
epi,backbone,-2.3047,-2.1869,8,golf
epi,backbone,1.0271,-3.0964,8,golf
epi,backbone,-0.5298,-2.5451,8,golf
epi,backbone,3.4031,-2.5731,8,golf
epi,backbone,4.4087,0.0912,8,golf
epi,backbone,3.6855,-4.5125,8,golf
epi,backbone,1.4739,-4.9840,8,golf
epi,backbone,2.1206,-4.6074,8,golf
epi,backbone,0.6289,-0.6277,8,golf
epi,backbone,-3.3009,-1.4872,8,golf
epi,backbone,0.6931,-3.8314,8,golf
epi,backbone,6.1866,-2.7563,8,golf
epi,backbone,1.4434,-3.6392,8,golf
epi,backbone,2.1805,-4.7890,8,golf
epi,backbone,1.0669,2.4812,8,golf
epi,backbone,-0.2869,-0.5733,8,golf
epi,backbone,1.0688,-4.8806,8,golf
epi,backbone,3.5854,-2.6888,8,golf
epi,backbone,3.2635,-2.9470,8,golf
epi,backbone,4.6856,-5.4754,8,golf
epi,backbone,-2.5256,-4.3231,8,golf
epi,backbone,1.7348,-0.4641,8,golf
epi,backbone,4.1652,-4.5063,8,golf
epi,backbone,-3.1606,-4.3932,8,golf
epi,backbone,1.1761,-3.1948,8,golf
epi,backbone,5.3633,-2.4279,8,golf
epi,backbone,0.1796,-4.8338,8,golf
epi,backbone,5.2971,-1.1336,8,golf
epi,backbone,3.4181,-1.1991,8,golf
epi,backbone,2.0954,-4.7864,8,golf
epi,backbone,0.3203,-5.1228,8,golf
epi,backbone,3.4086,-3.9245,8,golf
epi,backbone,0.6293,-1.9156,8,golf
epi,backbone,0.6614,0.4138,8,golf
epi,backbone,-3.0427,-5.0095,8,golf
epi,backbone,3.0820,-3.7920,8,golf
epi,backbone,-2.3875,-4.0819,8,golf
epi,backbone,1.6819,-0.5246,8,golf
epi,backbone,5.7589,-3.4463,8,golf
epi,backbone,2.8598,-3.5309,8,golf
epi,backbone,4.2766,-2.6626,8,golf
epi,backbone,7.3690,-1.5128,8,golf
epi,backbone,3.8221,-3.4021,8,golf
epi,backbone,1.9671,-3.9064,8,golf
epi,backbone,1.3698,-0.3883,8,golf
epi,backbone,1.3198,-2.3158,8,golf
epi,backbone,4.0565,-1.7155,8,golf
epi,backbone,5.3562,-2.1319,8,golf
epi,backbone,8.6037,-3.9696,9,chute
epi,backbone,1.7881,-0.8431,9,chute
epi,backbone,7.6887,-3.1012,9,chute
epi,backbone,6.3819,-4.1055,9,chute
epi,backbone,1.8721,0.2447,9,chute
epi,backbone,7.4016,-3.0097,9,chute
epi,backbone,7.8215,-1.7456,9,chute
epi,backbone,5.6081,-3.7463,9,chute
epi,backbone,5.3739,-2.8068,9,chute
epi,backbone,7.0738,-1.9525,9,chute
epi,backbone,7.9876,-3.0220,9,chute
epi,backbone,1.0919,-2.4568,9,chute
epi,backbone,8.9291,-1.1176,9,chute
epi,backbone,8.8413,-3.4441,9,chute
epi,backbone,4.6150,-1.9004,9,chute
epi,backbone,8.6453,-2.6624,9,chute
epi,backbone,8.4906,-2.2230,9,chute
epi,backbone,7.9025,-4.3276,9,chute
epi,backbone,1.7149,0.0284,9,chute
epi,backbone,9.3372,-1.9279,9,chute
epi,backbone,0.2656,-1.2821,9,chute
epi,backbone,5.4479,-3.8560,9,chute
epi,backbone,6.0015,-4.4169,9,chute
epi,backbone,5.1409,-2.9050,9,chute
epi,backbone,6.3025,-3.1600,9,chute
epi,backbone,-2.2784,-2.9469,9,chute
epi,backbone,6.1999,-3.6846,9,chute
epi,backbone,8.7649,-4.0818,9,chute
epi,backbone,4.1859,-1.9737,9,chute
epi,backbone,8.0186,-5.1401,9,chute
epi,backbone,9.3433,-3.4256,9,chute
epi,backbone,-1.5857,-2.1296,9,chute
epi,backbone,1.8465,2.2073,9,chute
epi,backbone,3.9817,-1.6373,9,chute
epi,backbone,6.6624,-2.6419,9,chute
epi,backbone,1.7123,-2.8586,9,chute
epi,backbone,6.1634,-4.2699,9,chute
epi,backbone,3.5589,-4.2929,9,chute
epi,backbone,1.8671,-1.7912,9,chute
epi,backbone,7.8928,-3.4900,9,chute
epi,backbone,0.6459,-3.6810,9,chute
epi,backbone,4.0553,0.2485,9,chute
epi,backbone,-1.7134,-3.9425,9,chute
epi,backbone,5.4922,-3.7082,9,chute
epi,backbone,4.8197,-3.7411,9,chute
epi,backbone,8.9049,-3.2906,9,chute
epi,backbone,-0.9152,-0.0071,9,chute
epi,backbone,7.5959,-2.7230,9,chute
epi,backbone,7.2045,-5.2669,9,chute
epi,backbone,7.3262,-2.4748,9,chute
epi,backbone,8.7423,-3.7165,9,chute
epi,backbone,-3.0605,0.2881,9,chute
epi,backbone,8.3232,-4.7013,9,chute
epi,backbone,-1.1531,-0.4950,9,chute
epi,backbone,4.9642,-1.3164,9,chute
epi,backbone,-0.1843,0.7791,9,chute
epi,backbone,1.7116,-1.6853,9,chute
epi,backbone,6.9903,-2.6219,9,chute
epi,backbone,5.8821,-2.9343,9,chute
epi,backbone,-0.1860,-0.2496,9,chute
epi,backbone,7.4413,-5.2729,9,chute
epi,backbone,7.4762,-4.6413,9,chute
epi,backbone,4.7863,-4.0640,9,chute
epi,backbone,7.4333,-5.5013,9,chute
epi,backbone,-2.0644,-3.5474,9,chute
epi,backbone,4.5951,-1.7622,9,chute
epi,backbone,8.6685,-2.7364,9,chute
epi,backbone,-0.4405,-1.7118,9,chute
epi,backbone,-0.5009,-1.8197,9,chute
epi,backbone,7.9534,-2.1563,9,chute
epi,backbone,5.8838,-5.2489,9,chute
epi,backbone,4.2508,-4.2295,9,chute
epi,backbone,6.7572,-4.2617,9,chute
epi,backbone,8.8489,-1.8190,9,chute
epi,backbone,3.9761,-4.5797,9,chute
epi,backbone,3.2263,-1.6586,9,chute
epi,backbone,7.0299,-3.7951,9,chute
epi,backbone,7.5844,-4.2090,9,chute
epi,backbone,7.5855,-2.6650,9,chute
epi,backbone,-0.4749,-1.5884,9,chute
epi,backbone,8.4971,-3.3422,9,chute
epi,backbone,6.2653,-2.3389,9,chute
epi,backbone,6.4588,-2.8154,9,chute
epi,backbone,7.1666,-2.8723,9,chute
epi,backbone,7.6651,-4.0301,9,chute
epi,backbone,3.8416,0.0205,9,chute
epi,backbone,4.3402,-3.5790,9,chute
epi,backbone,8.6322,-3.4560,9,chute
epi,backbone,2.3312,0.1232,9,chute
epi,backbone,2.9343,-0.3397,9,chute
epi,backbone,1.0107,-1.7733,9,chute
epi,backbone,3.7151,-0.8698,9,chute
epi,backbone,6.6673,-4.3893,9,chute
epi,backbone,3.4803,-2.3757,9,chute
epi,backbone,8.0433,-3.1142,9,chute
epi,backbone,8.1464,-2.8952,9,chute
epi,backbone,4.0280,-1.6248,9,chute
epi,backbone,8.0585,-3.0788,9,chute
epi,backbone,5.5869,-2.8779,9,chute
epi,backbone,6.7927,-3.8799,9,chute
epi,backbone,-1.2346,-3.1826,9,chute
epi,backbone,3.7949,-0.5909,9,chute
epi,backbone,6.6047,-3.8818,9,chute
epi,backbone,8.9479,-3.4745,9,chute
epi,backbone,2.2529,-1.7323,9,chute
epi,backbone,4.0786,-1.3754,9,chute
epi,backbone,-0.7466,-0.6179,9,chute
epi,backbone,7.1394,-2.9085,9,chute
epi,backbone,8.5234,-3.0660,9,chute
epi,backbone,3.1492,-4.0446,9,chute
epi,backbone,8.0660,-5.2675,9,chute
epi,backbone,7.6751,-3.9045,9,chute
epi,backbone,6.1319,-0.2296,9,chute
epi,backbone,-2.0195,-3.6042,9,chute
epi,backbone,1.6100,-3.1123,9,chute
epi,backbone,8.0355,-2.9817,9,chute
epi,backbone,9.6058,-4.3684,9,chute
epi,backbone,8.8095,-3.4297,9,chute
epi,backbone,8.0256,-2.2818,9,chute
epi,backbone,1.2504,-1.3851,9,chute
epi,backbone,7.3618,-2.9126,9,chute
epi,backbone,-0.3786,-3.4402,9,chute
epi,backbone,8.2262,-4.6908,9,chute
epi,backbone,6.5501,-3.7107,9,chute
epi,backbone,8.6726,-3.7532,9,chute
epi,backbone,8.4885,-4.0696,9,chute
epi,backbone,8.7290,-4.1134,9,chute
epi,backbone,6.8803,-6.0314,9,chute
epi,backbone,-0.0129,-2.0682,9,chute
epi,backbone,8.7967,-3.9930,9,chute
epi,backbone,7.6761,-3.1625,9,chute
epi,backbone,4.8535,-3.7432,9,chute
epi,backbone,8.8473,-3.3858,9,chute
epi,backbone,6.2496,-5.0492,9,chute
epi,backbone,6.2989,-3.5823,9,chute
epi,backbone,9.1316,-2.6546,9,chute
epi,backbone,7.8024,-3.8354,9,chute
epi,backbone,3.6852,-2.5072,9,chute
epi,backbone,7.5344,-3.0373,9,chute
epi,backbone,4.2055,-0.4106,9,chute
epi,backbone,-2.5995,-1.8397,9,chute
epi,backbone,-2.7731,-0.0574,9,chute
epi,backbone,3.3474,-2.8830,9,chute
epi,backbone,6.0816,-3.4230,9,chute
epi,backbone,4.7055,-2.5448,9,chute
epi,backbone,6.4519,-3.8403,9,chute
epi,backbone,6.4591,-1.8819,9,chute
epi,backbone,5.3028,-1.0515,9,chute
epi,backbone,9.2892,-2.6319,9,chute
epi,backbone,7.7642,-3.8220,9,chute
epi,backbone,3.4643,-1.9275,9,chute
epi,backbone,5.5994,-3.9484,9,chute
epi,backbone,2.3316,-0.6020,9,chute
epi,backbone,8.1837,-2.2899,9,chute
epi,backbone,9.3050,-3.1635,9,chute
epi,backbone,8.1811,-5.2208,9,chute
epi,backbone,7.9085,-3.1573,9,chute
epi,backbone,7.4354,-2.5461,9,chute
epi,backbone,7.6028,-3.2986,9,chute
epi,backbone,8.4573,-3.6630,9,chute
epi,backbone,8.8701,-3.4332,9,chute
epi,backbone,7.4700,-4.1383,9,chute
epi,backbone,4.6437,-3.9455,9,chute
epi,backbone,9.6617,-3.4235,9,chute
epi,backbone,8.5834,-2.9720,9,chute
epi,backbone,7.5725,-3.5953,9,chute
epi,backbone,7.7104,-3.4662,9,chute
epi,backbone,9.2356,-3.5193,9,chute
epi,backbone,5.6315,-3.3758,9,chute
epi,backbone,6.0658,0.9087,9,chute
epi,backbone,6.2372,-3.8039,9,chute
epi,backbone,7.7755,-3.4141,9,chute
epi,backbone,8.4405,-3.4074,9,chute
epi,backbone,2.2335,-1.7433,9,chute
epi,backbone,7.1025,-2.5394,9,chute
epi,backbone,-0.2567,-0.9464,9,chute
epi,backbone,5.5255,-2.5275,9,chute
epi,backbone,7.0931,-2.2180,9,chute
epi,backbone,6.7593,-2.5948,9,chute
epi,backbone,7.7222,-3.5602,9,chute
epi,backbone,8.0553,-1.9625,9,chute
epi,backbone,4.9888,0.1885,9,chute
epi,backbone,8.0756,-1.9554,9,chute
epi,backbone,-1.6522,-0.0429,9,chute
epi,backbone,9.0090,-1.4309,9,chute
epi,backbone,5.1938,-7.4820,9,chute
epi,backbone,-3.8318,1.7854,9,chute
epi,backbone,6.8487,-2.6424,9,chute
epi,backbone,8.1992,-3.3238,9,chute
epi,backbone,6.7577,-6.0428,9,chute
epi,backbone,1.5929,-0.8541,9,chute
epi,backbone,9.1816,-1.9371,9,chute
epi,backbone,7.5277,-3.9671,9,chute
epi,backbone,1.1492,0.6762,9,chute
epi,backbone,2.9436,-2.1196,9,chute
epi,backbone,3.1391,1.9796,9,chute
epi,backbone,8.3947,-2.9043,9,chute
epi,backbone,8.5519,-4.2326,9,chute
epi,backbone,5.1054,-3.5179,9,chute
epi,backbone,4.6890,-2.0682,9,chute
epi,backbone,6.8650,-3.8229,9,chute
epi,backbone,9.3040,-4.2539,9,chute
epi,backbone,7.9474,-2.3074,9,chute
epi,backbone,5.5846,-2.9710,9,chute
epi,backbone,5.5841,-4.0338,9,chute
epi,backbone,7.5948,-3.4549,9,chute
epi,backbone,8.4928,-2.9825,9,chute
epi,backbone,8.8469,-4.2454,9,chute
epi,backbone,3.4486,-2.6594,9,chute
epi,backbone,2.4434,2.1025,9,chute
epi,backbone,4.6321,-3.6835,9,chute
epi,backbone,6.4368,-0.0852,9,chute
epi,backbone,3.4159,-1.8116,9,chute
epi,backbone,7.3219,-4.3695,9,chute
epi,backbone,8.1369,-3.8138,9,chute
epi,backbone,7.3231,-2.9913,9,chute
epi,backbone,6.2894,-3.3987,9,chute
epi,backbone,6.5278,-4.7414,9,chute
epi,backbone,8.0455,-3.1965,9,chute
epi,backbone,9.3169,-3.6110,9,chute
epi,backbone,2.1642,-1.8013,9,chute
epi,backbone,7.7701,-2.1117,9,chute
epi,backbone,1.5069,-1.0089,9,chute
epi,backbone,-2.9699,1.5630,9,chute
epi,backbone,7.5501,-4.5587,9,chute
epi,backbone,-1.0129,0.4438,9,chute
epi,backbone,8.2195,-3.4108,9,chute
epi,backbone,5.2108,-2.3582,9,chute
epi,backbone,2.7370,-2.1959,9,chute
epi,backbone,7.7870,-5.3288,9,chute
epi,backbone,6.6717,-2.7817,9,chute
epi,backbone,8.0397,-2.3760,9,chute
epi,backbone,4.0832,-4.7732,9,chute
epi,backbone,7.9343,-4.7367,9,chute
epi,backbone,7.6792,-3.4412,9,chute
epi,backbone,7.0839,-4.2233,9,chute
epi,backbone,-1.6924,-3.8598,9,chute
epi,backbone,6.1142,-3.7108,9,chute
epi,backbone,8.4360,-0.4756,9,chute
epi,backbone,7.2247,-4.1084,9,chute
epi,backbone,7.2529,-2.9050,9,chute
epi,backbone,8.1453,-3.3382,9,chute
epi,backbone,9.1497,-3.8601,9,chute
epi,backbone,8.0432,-3.9815,9,chute
epi,backbone,9.7523,-3.5789,9,chute
epi,backbone,8.9655,-3.1669,9,chute
epi,backbone,8.1510,-3.8003,9,chute
epi,backbone,8.8480,-4.9067,9,chute
epi,backbone,3.4003,-2.3770,9,chute
epi,backbone,1.0679,-0.9070,9,chute
epi,backbone,7.3785,-5.2969,9,chute
epi,backbone,6.6997,-2.9992,9,chute
epi,backbone,6.4809,-0.7151,9,chute
epi,backbone,9.4391,-3.7297,9,chute
epi,backbone,2.0982,-1.6489,9,chute
epi,backbone,7.1822,-2.0566,9,chute
epi,backbone,0.5273,-0.4260,9,chute
epi,backbone,7.8897,-3.4012,9,chute
epi,backbone,7.2082,-4.5505,9,chute
epi,backbone,7.5255,-2.6683,9,chute
epi,backbone,-0.4480,-0.4928,9,chute
epi,backbone,1.0822,-1.2855,9,chute
epi,backbone,-1.3012,3.0707,9,chute
epi,backbone,6.6814,-3.2656,9,chute
epi,backbone,6.4221,-4.4990,9,chute
epi,backbone,9.3533,-3.3181,9,chute
epi,backbone,2.0185,-2.2359,9,chute
epi,backbone,1.3907,-0.0047,9,chute
epi,backbone,4.4234,-3.3085,9,chute
epi,backbone,1.4930,-4.6228,9,chute
epi,backbone,1.1191,-1.7997,9,chute
epi,backbone,-1.2675,-0.8808,9,chute
epi,backbone,6.8360,-2.2472,9,chute
epi,backbone,3.8715,-3.3252,9,chute
epi,backbone,8.1993,-2.9746,9,chute
epi,backbone,0.1213,-0.6382,9,chute
epi,backbone,2.4267,-0.0884,9,chute
epi,backbone,2.5931,-2.5857,9,chute
epi,backbone,1.5622,-2.4243,9,chute
epi,backbone,8.3794,-3.2282,9,chute
epi,backbone,9.1202,-3.3397,9,chute
epi,backbone,6.4969,-3.8214,9,chute
epi,backbone,7.5346,-2.6214,9,chute
epi,backbone,0.5642,-1.8603,9,chute
epi,backbone,7.5216,-3.7621,9,chute
epi,backbone,7.1114,-2.7373,9,chute
epi,backbone,8.1094,-4.2796,9,chute
epi,backbone,6.6614,-2.5724,9,chute
epi,backbone,5.9667,-3.0824,9,chute
epi,backbone,3.6480,-2.1372,9,chute
epi,backbone,8.3206,-0.9031,9,chute
epi,backbone,-5.0737,-1.6339,9,chute
epi,backbone,5.8433,-2.8076,9,chute
epi,backbone,8.6938,-4.5438,9,chute
epi,backbone,7.1853,-3.1691,9,chute
epi,backbone,2.2628,-3.9219,9,chute
epi,backbone,6.5482,-2.5049,9,chute
epi,backbone,6.3260,-4.2895,9,chute
epi,backbone,6.4501,-3.9901,9,chute
epi,backbone,8.0398,-2.9331,9,chute
epi,backbone,7.4106,-3.8803,9,chute
epi,backbone,7.6004,-4.0084,9,chute
epi,backbone,7.1218,-1.9398,9,chute
epi,backbone,8.9687,-3.1054,9,chute
epi,backbone,9.0244,-2.9890,9,chute
epi,backbone,7.4731,-2.9230,9,chute
epi,backbone,6.6822,-4.1959,9,chute
epi,backbone,8.5608,-3.4803,9,chute
epi,backbone,10.5461,-3.6097,9,chute
epi,backbone,1.2998,1.1905,9,chute
epi,backbone,-0.1775,-2.4818,9,chute
epi,backbone,6.7565,-3.0996,9,chute
epi,backbone,-3.4939,-3.0466,9,chute
epi,backbone,8.1542,-3.7583,9,chute
epi,backbone,8.6060,-3.7202,9,chute
epi,backbone,3.6284,-2.5220,9,chute
epi,backbone,7.9369,-4.2278,9,chute
epi,backbone,5.6042,-4.9761,9,chute
epi,backbone,6.7437,-4.1814,9,chute
epi,backbone,8.3448,-3.8390,9,chute
epi,backbone,2.1942,-3.4505,9,chute
epi,backbone,0.3980,-2.4337,9,chute
epi,backbone,1.8529,-1.5117,9,chute
epi,backbone,1.6300,-0.7632,9,chute
epi,backbone,4.3144,-5.2831,9,chute
epi,backbone,6.0043,-2.9139,9,chute
epi,backbone,7.2700,-0.4882,9,chute
epi,backbone,10.0731,-4.8108,9,chute
epi,backbone,4.1371,-3.9384,9,chute
epi,backbone,5.7038,-1.2959,9,chute
epi,backbone,5.5587,2.9057,9,chute
epi,backbone,7.7213,-4.6643,9,chute
epi,backbone,3.4866,-1.8195,9,chute
epi,backbone,6.5322,-4.3079,9,chute
epi,backbone,-1.8025,-0.3689,9,chute
epi,backbone,6.6429,-5.3998,9,chute
epi,backbone,7.7515,-4.1510,9,chute
epi,backbone,8.8631,-3.6760,9,chute
epi,backbone,6.8909,-2.8537,9,chute
epi,backbone,6.9017,-2.8414,9,chute
epi,backbone,4.6377,-3.6651,9,chute
epi,backbone,9.2049,-2.7310,9,chute
epi,backbone,2.0379,1.7745,9,chute
epi,backbone,5.8470,-2.1825,9,chute
epi,backbone,8.4618,-2.5035,9,chute
epi,backbone,4.4890,-5.8075,9,chute
epi,backbone,6.4180,-0.0671,9,chute
epi,backbone,8.7782,-3.6297,9,chute
epi,backbone,9.0030,-2.7490,9,chute
epi,backbone,6.8108,-4.9845,9,chute
epi,backbone,5.6269,-2.5158,9,chute
epi,backbone,5.5767,-4.0996,9,chute
epi,backbone,6.9070,-2.9413,9,chute
epi,backbone,1.0704,-0.6698,9,chute
epi,backbone,7.2474,-3.0546,9,chute
epi,backbone,7.2045,-4.8063,9,chute
epi,backbone,2.8181,-2.5316,9,chute
epi,backbone,6.1292,-4.1923,9,chute
epi,backbone,8.8984,-2.9534,9,chute
epi,backbone,8.9082,-2.9019,9,chute
epi,backbone,8.6652,-2.9869,9,chute
epi,backbone,7.4556,-2.7901,9,chute
epi,backbone,6.5391,-4.2098,9,chute
epi,backbone,7.8959,-4.1952,9,chute
epi,backbone,4.1607,-4.7964,9,chute
epi,backbone,7.2778,-5.1389,9,chute
epi,backbone,-4.7864,-0.8487,9,chute
epi,backbone,8.9961,-2.3737,9,chute
epi,backbone,7.3223,-3.3717,9,chute
epi,backbone,8.3710,-2.4345,9,chute
epi,backbone,-1.1382,-0.4216,9,chute
epi,backbone,7.3505,-3.7585,9,chute
epi,backbone,6.5015,-4.7104,9,chute
epi,backbone,8.4972,-3.9809,9,chute
epi,backbone,2.8487,-2.1512,9,chute
epi,backbone,1.5945,-1.6721,9,chute
epi,backbone,8.2357,-2.6895,9,chute
epi,backbone,2.3865,-3.4487,9,chute
epi,backbone,1.0396,-3.5568,9,chute
epi,backbone,8.1888,-3.2154,9,chute
epi,backbone,1.6682,-3.2170,9,chute
epi,backbone,-2.2325,-3.5714,9,chute
epi,backbone,9.1001,-2.7902,9,chute
epi,backbone,3.4528,-1.8258,9,chute
epi,backbone,6.1387,-5.2675,9,chute
epi,backbone,2.3655,-0.7031,9,chute
epi,backbone,0.5917,1.2741,9,chute
epi,backbone,7.9244,-3.6762,9,chute
epi,backbone,6.7927,-5.0501,9,chute
epi,backbone,-1.8449,0.9521,9,chute
sigreg,projector,0.5450,1.8079,0,tench
sigreg,projector,-1.3528,1.4619,0,tench
sigreg,projector,2.0623,1.6550,0,tench
sigreg,projector,-0.2455,0.7548,0,tench
sigreg,projector,0.7509,1.9550,0,tench
sigreg,projector,1.2925,1.7206,0,tench
sigreg,projector,0.2192,0.8092,0,tench
sigreg,projector,-1.8083,1.6132,0,tench
sigreg,projector,-1.2351,0.7344,0,tench
sigreg,projector,1.9012,1.3795,0,tench
sigreg,projector,-0.0964,0.6102,0,tench
sigreg,projector,0.0394,-0.4040,0,tench
sigreg,projector,0.5542,0.6014,0,tench
sigreg,projector,0.1058,0.5380,0,tench
sigreg,projector,-0.1547,0.2074,0,tench
sigreg,projector,1.8783,1.5217,0,tench
sigreg,projector,-0.2712,-0.7465,0,tench
sigreg,projector,-0.8244,1.4154,0,tench
sigreg,projector,-1.5050,2.2409,0,tench
sigreg,projector,-0.8604,0.8980,0,tench
sigreg,projector,-0.8558,1.3011,0,tench
sigreg,projector,-0.6470,0.7577,0,tench
sigreg,projector,2.0234,1.4781,0,tench
sigreg,projector,-0.1403,0.7179,0,tench
sigreg,projector,-0.3297,0.6102,0,tench
sigreg,projector,0.7603,0.6171,0,tench
sigreg,projector,0.9203,1.3379,0,tench
sigreg,projector,0.6372,0.5666,0,tench
sigreg,projector,-0.3975,0.7069,0,tench
sigreg,projector,0.5452,0.7505,0,tench
sigreg,projector,0.0419,0.5353,0,tench
sigreg,projector,-0.2725,0.6229,0,tench
sigreg,projector,1.3781,1.8290,0,tench
sigreg,projector,1.8424,1.6985,0,tench
sigreg,projector,0.2596,0.3307,0,tench
sigreg,projector,-0.4047,1.2983,0,tench
sigreg,projector,0.8115,0.6397,0,tench
sigreg,projector,-1.0918,0.1345,0,tench
sigreg,projector,-0.3234,0.6450,0,tench
sigreg,projector,-0.1870,0.6551,0,tench
sigreg,projector,1.2569,1.7243,0,tench
sigreg,projector,0.2401,0.5512,0,tench
sigreg,projector,0.0313,0.4532,0,tench
sigreg,projector,-1.4822,1.7457,0,tench
sigreg,projector,1.4570,1.4347,0,tench
sigreg,projector,-1.3018,1.5853,0,tench
sigreg,projector,0.0132,0.5416,0,tench
sigreg,projector,0.1782,0.4241,0,tench
sigreg,projector,0.4067,0.5110,0,tench
sigreg,projector,-0.1273,1.9494,0,tench
sigreg,projector,-0.9154,0.6227,0,tench
sigreg,projector,0.0111,0.5963,0,tench
sigreg,projector,-1.3890,1.3511,0,tench
sigreg,projector,1.7810,1.5246,0,tench
sigreg,projector,0.6007,0.4553,0,tench
sigreg,projector,0.5298,0.3123,0,tench
sigreg,projector,-1.4472,0.7798,0,tench
sigreg,projector,-0.3576,0.9034,0,tench
sigreg,projector,-0.3813,0.8213,0,tench
sigreg,projector,-0.7836,0.7521,0,tench
sigreg,projector,0.0518,0.1079,0,tench
sigreg,projector,-0.7951,1.3858,0,tench
sigreg,projector,1.6466,1.5654,0,tench
sigreg,projector,-0.5650,0.8470,0,tench
sigreg,projector,2.0671,1.4678,0,tench
sigreg,projector,-0.2595,0.7532,0,tench
sigreg,projector,0.7394,0.6240,0,tench
sigreg,projector,0.0532,0.6969,0,tench
sigreg,projector,0.1614,0.7703,0,tench
sigreg,projector,1.9125,1.6242,0,tench
sigreg,projector,0.0301,0.4230,0,tench
sigreg,projector,0.0795,0.5472,0,tench
sigreg,projector,-0.9878,1.0936,0,tench
sigreg,projector,-0.6756,1.0211,0,tench
sigreg,projector,0.7679,0.2895,0,tench
sigreg,projector,0.7337,0.6517,0,tench
sigreg,projector,0.5198,0.4577,0,tench
sigreg,projector,1.5859,1.4147,0,tench
sigreg,projector,0.9497,0.4920,0,tench
sigreg,projector,0.4816,0.5210,0,tench
sigreg,projector,-0.6077,0.2062,0,tench
sigreg,projector,-0.5555,0.5111,0,tench
sigreg,projector,0.4855,1.7258,0,tench
sigreg,projector,0.8081,0.6064,0,tench
sigreg,projector,-0.8944,1.1976,0,tench
sigreg,projector,-0.0202,0.6670,0,tench
sigreg,projector,-0.8919,1.3927,0,tench
sigreg,projector,-0.6708,0.6496,0,tench
sigreg,projector,0.4747,0.7399,0,tench
sigreg,projector,-1.4604,1.3223,0,tench
sigreg,projector,0.1417,0.6062,0,tench
sigreg,projector,-0.3319,0.8001,0,tench
sigreg,projector,0.0631,0.8933,0,tench
sigreg,projector,0.3147,1.1295,0,tench
sigreg,projector,0.3341,1.1141,0,tench
sigreg,projector,-1.3529,1.2745,0,tench
sigreg,projector,-0.1652,1.7365,0,tench
sigreg,projector,-0.7162,1.4874,0,tench
sigreg,projector,0.5987,1.5535,0,tench
sigreg,projector,-0.2325,0.6478,0,tench
sigreg,projector,-0.6775,0.8375,0,tench
sigreg,projector,-0.7558,0.7335,0,tench
sigreg,projector,-0.3445,1.3689,0,tench
sigreg,projector,0.0043,0.9069,0,tench
sigreg,projector,-0.6105,0.7967,0,tench
sigreg,projector,-1.1436,1.1409,0,tench
sigreg,projector,-1.2503,1.6023,0,tench
sigreg,projector,1.8059,1.5445,0,tench
sigreg,projector,0.2379,0.2885,0,tench
sigreg,projector,-1.2142,1.0656,0,tench
sigreg,projector,2.0307,1.3162,0,tench
sigreg,projector,-1.6303,1.7454,0,tench
sigreg,projector,0.7837,0.5590,0,tench
sigreg,projector,-0.9509,0.2066,0,tench
sigreg,projector,0.2391,0.4878,0,tench
sigreg,projector,-0.6143,0.9267,0,tench
sigreg,projector,0.0624,0.5088,0,tench
sigreg,projector,-0.0850,0.4142,0,tench
sigreg,projector,-0.0190,0.7309,0,tench
sigreg,projector,0.0871,0.8540,0,tench
sigreg,projector,0.1158,0.4849,0,tench
sigreg,projector,0.1224,0.5252,0,tench
sigreg,projector,0.4530,1.3188,0,tench
sigreg,projector,-1.4136,1.6903,0,tench
sigreg,projector,-0.3998,0.5344,0,tench
sigreg,projector,-0.2042,0.5917,0,tench
sigreg,projector,1.9101,1.7008,0,tench
sigreg,projector,0.1610,0.5533,0,tench
sigreg,projector,-0.8551,1.0905,0,tench
sigreg,projector,0.0921,0.4638,0,tench
sigreg,projector,0.0671,0.9187,0,tench
sigreg,projector,0.4286,0.7423,0,tench
sigreg,projector,-1.5986,-0.4643,0,tench
sigreg,projector,-0.6167,0.6922,0,tench
sigreg,projector,1.8608,1.5722,0,tench
sigreg,projector,-0.3270,0.5556,0,tench
sigreg,projector,-0.5322,0.6176,0,tench
sigreg,projector,2.0487,1.1189,0,tench
sigreg,projector,-1.4418,1.6465,0,tench
sigreg,projector,0.7022,1.5984,0,tench
sigreg,projector,-0.8550,0.5815,0,tench
sigreg,projector,-0.1528,1.2123,0,tench
sigreg,projector,1.5911,1.7328,0,tench
sigreg,projector,1.1874,1.7070,0,tench
sigreg,projector,0.4076,0.3672,0,tench
sigreg,projector,-1.4503,0.8365,0,tench
sigreg,projector,0.5180,0.4421,0,tench
sigreg,projector,-0.8195,1.4959,0,tench
sigreg,projector,-0.0219,0.0586,0,tench
sigreg,projector,-1.0054,0.4118,0,tench
sigreg,projector,-0.5487,0.4781,0,tench
sigreg,projector,-0.4326,0.4397,0,tench
sigreg,projector,-1.1036,1.5919,0,tench
sigreg,projector,-0.0618,1.6036,0,tench
sigreg,projector,-1.7394,1.4661,0,tench
sigreg,projector,-0.2018,0.6857,0,tench
sigreg,projector,-0.0314,0.1164,0,tench
sigreg,projector,1.9362,1.6729,0,tench
sigreg,projector,1.7758,1.5081,0,tench
sigreg,projector,-1.5386,1.2331,0,tench
sigreg,projector,0.1266,0.7974,0,tench
sigreg,projector,-0.6252,1.1774,0,tench
sigreg,projector,-0.6194,0.8667,0,tench
sigreg,projector,-1.1485,0.5889,0,tench
sigreg,projector,-1.7607,1.9620,0,tench
sigreg,projector,0.8340,1.5195,0,tench
sigreg,projector,-0.3778,0.4216,0,tench
sigreg,projector,-0.9095,1.7442,0,tench
sigreg,projector,0.6729,0.6302,0,tench
sigreg,projector,1.7256,0.9406,0,tench
sigreg,projector,-1.8210,1.6054,0,tench
sigreg,projector,-0.5365,0.9066,0,tench
sigreg,projector,1.8237,1.4740,0,tench
sigreg,projector,-1.6123,2.1120,0,tench
sigreg,projector,-0.6278,-0.1693,0,tench
sigreg,projector,-0.2397,1.4124,0,tench
sigreg,projector,-1.0690,0.9614,0,tench
sigreg,projector,-0.3208,0.8306,0,tench
sigreg,projector,-1.3944,1.8435,0,tench
sigreg,projector,0.3459,0.1588,0,tench
sigreg,projector,0.2487,0.4425,0,tench
sigreg,projector,-0.0441,0.3760,0,tench
sigreg,projector,-1.0015,0.9011,0,tench
sigreg,projector,-0.7059,0.4862,0,tench
sigreg,projector,1.8765,1.5904,0,tench
sigreg,projector,0.3406,0.4942,0,tench
sigreg,projector,0.5490,0.5614,0,tench
sigreg,projector,1.3951,1.7434,0,tench
sigreg,projector,-0.5544,0.9427,0,tench
sigreg,projector,0.9766,1.4073,0,tench
sigreg,projector,-0.2200,1.3463,0,tench
sigreg,projector,0.6814,0.8598,0,tench
sigreg,projector,1.9191,1.6232,0,tench
sigreg,projector,0.0490,0.4810,0,tench
sigreg,projector,0.4978,0.5311,0,tench
sigreg,projector,0.0426,0.8897,0,tench
sigreg,projector,1.8792,1.5930,0,tench
sigreg,projector,-0.1122,0.4966,0,tench
sigreg,projector,0.5091,0.6329,0,tench
sigreg,projector,-0.8095,0.5334,0,tench
sigreg,projector,-0.6221,0.7356,0,tench
sigreg,projector,0.0286,1.8625,0,tench
sigreg,projector,-0.6326,1.1390,0,tench
sigreg,projector,0.5475,0.2873,0,tench
sigreg,projector,-1.5500,1.4161,0,tench
sigreg,projector,-1.3582,1.7754,0,tench
sigreg,projector,-0.0311,1.0527,0,tench
sigreg,projector,-1.2488,1.0611,0,tench
sigreg,projector,1.9431,1.4979,0,tench
sigreg,projector,-0.7919,0.3094,0,tench
sigreg,projector,0.9960,1.4871,0,tench
sigreg,projector,1.3453,1.4816,0,tench
sigreg,projector,-0.6728,0.4386,0,tench
sigreg,projector,-0.2409,0.6100,0,tench
sigreg,projector,0.3736,1.8201,0,tench
sigreg,projector,-0.9455,0.9510,0,tench
sigreg,projector,-0.5841,0.8975,0,tench
sigreg,projector,0.6557,0.5663,0,tench
sigreg,projector,0.3966,0.5521,0,tench
sigreg,projector,-0.3426,0.8768,0,tench
sigreg,projector,0.8526,1.6437,0,tench
sigreg,projector,1.5525,1.4882,0,tench
sigreg,projector,-0.8879,1.2532,0,tench
sigreg,projector,0.2508,1.0681,0,tench
sigreg,projector,-1.4291,1.7129,0,tench
sigreg,projector,-1.0564,0.8083,0,tench
sigreg,projector,1.0116,1.7140,0,tench
sigreg,projector,0.0184,0.3706,0,tench
sigreg,projector,0.0424,1.4024,0,tench
sigreg,projector,1.2034,1.1140,0,tench
sigreg,projector,0.8012,0.5130,0,tench
sigreg,projector,-1.2075,1.7226,0,tench
sigreg,projector,-1.4526,2.0337,0,tench
sigreg,projector,-0.0583,1.3862,0,tench
sigreg,projector,0.6308,1.2047,0,tench
sigreg,projector,0.3686,0.5478,0,tench
sigreg,projector,-0.2557,0.4863,0,tench
sigreg,projector,0.4391,0.4232,0,tench
sigreg,projector,-0.5268,0.3065,0,tench
sigreg,projector,0.6453,0.7508,0,tench
sigreg,projector,0.2546,1.2805,0,tench
sigreg,projector,-0.5094,1.1231,0,tench
sigreg,projector,0.6205,0.6043,0,tench
sigreg,projector,0.7343,0.5995,0,tench
sigreg,projector,-0.7362,1.2448,0,tench
sigreg,projector,-0.7333,0.4249,0,tench
sigreg,projector,1.3012,1.5592,0,tench
sigreg,projector,-0.5363,1.1286,0,tench
sigreg,projector,0.4690,0.6359,0,tench
sigreg,projector,-0.6609,0.4265,0,tench
sigreg,projector,0.4030,1.6007,0,tench
sigreg,projector,-0.6743,0.9874,0,tench
sigreg,projector,-0.8783,0.1292,0,tench
sigreg,projector,-0.6972,0.8849,0,tench
sigreg,projector,-1.2468,1.7204,0,tench
sigreg,projector,-0.9193,0.6869,0,tench
sigreg,projector,0.5299,-0.1485,0,tench
sigreg,projector,0.4678,0.6007,0,tench
sigreg,projector,0.4749,0.5590,0,tench
sigreg,projector,-0.0179,0.5692,0,tench
sigreg,projector,0.4093,0.5686,0,tench
sigreg,projector,0.1077,0.6011,0,tench
sigreg,projector,1.1858,1.7403,0,tench
sigreg,projector,-0.4601,0.6945,0,tench
sigreg,projector,1.7148,1.7114,0,tench
sigreg,projector,-0.0761,0.3643,0,tench
sigreg,projector,-1.6432,1.8508,0,tench
sigreg,projector,0.8281,0.6108,0,tench
sigreg,projector,-1.2559,1.0777,0,tench
sigreg,projector,0.7688,0.5703,0,tench
sigreg,projector,-1.1714,1.2977,0,tench
sigreg,projector,0.1644,0.4240,0,tench
sigreg,projector,-0.1191,0.7919,0,tench
sigreg,projector,0.8566,0.6302,0,tench
sigreg,projector,-0.0781,1.1752,0,tench
sigreg,projector,-0.0767,0.7940,0,tench
sigreg,projector,1.5316,1.4411,0,tench
sigreg,projector,-0.3491,1.3666,0,tench
sigreg,projector,0.7598,0.6226,0,tench
sigreg,projector,-0.0713,0.7872,0,tench
sigreg,projector,0.2616,1.0641,0,tench
sigreg,projector,-1.0472,1.0936,0,tench
sigreg,projector,-0.4764,0.6820,0,tench
sigreg,projector,0.1234,0.6212,0,tench
sigreg,projector,-1.8436,1.8601,0,tench
sigreg,projector,-0.1597,0.6300,0,tench
sigreg,projector,-1.5874,1.2778,0,tench
sigreg,projector,-0.3940,0.7548,0,tench
sigreg,projector,0.1974,1.0431,0,tench
sigreg,projector,0.1504,0.4842,0,tench
sigreg,projector,0.5572,0.5886,0,tench
sigreg,projector,0.7689,0.6052,0,tench
sigreg,projector,0.4385,1.6771,0,tench
sigreg,projector,0.0128,1.0065,0,tench
sigreg,projector,0.4912,1.1968,0,tench
sigreg,projector,-0.5067,1.3853,0,tench
sigreg,projector,0.1416,0.3480,0,tench
sigreg,projector,-0.5165,-0.6178,0,tench
sigreg,projector,-1.3786,1.9724,0,tench
sigreg,projector,-0.5767,1.1792,0,tench
sigreg,projector,0.4175,0.4888,0,tench
sigreg,projector,-0.7790,1.3598,0,tench
sigreg,projector,0.0307,1.6660,0,tench
sigreg,projector,1.3513,0.8518,0,tench
sigreg,projector,-0.4115,0.5525,0,tench
sigreg,projector,-1.3500,1.4286,0,tench
sigreg,projector,-0.1498,0.5527,0,tench
sigreg,projector,-0.0405,0.6066,0,tench
sigreg,projector,-0.5430,1.0547,0,tench
sigreg,projector,-1.3220,1.7348,0,tench
sigreg,projector,-0.9788,0.4863,0,tench
sigreg,projector,-0.3810,0.8355,0,tench
sigreg,projector,0.5492,1.7634,0,tench
sigreg,projector,-1.5641,1.5337,0,tench
sigreg,projector,-1.7020,1.8073,0,tench
sigreg,projector,-0.3210,0.0405,0,tench
sigreg,projector,0.6609,0.5774,0,tench
sigreg,projector,-0.5658,1.1170,0,tench
sigreg,projector,-0.8375,1.2434,0,tench
sigreg,projector,-1.0864,1.4459,0,tench
sigreg,projector,1.2137,0.7182,0,tench
sigreg,projector,0.4224,0.6906,0,tench
sigreg,projector,-0.7763,0.3928,0,tench
sigreg,projector,-0.7979,1.2969,0,tench
sigreg,projector,1.4372,1.6842,0,tench
sigreg,projector,0.1508,0.5352,0,tench
sigreg,projector,0.6876,0.6819,0,tench
sigreg,projector,-0.3312,1.0118,0,tench
sigreg,projector,-0.5014,1.2820,0,tench
sigreg,projector,1.8929,1.4077,0,tench
sigreg,projector,0.7084,1.9022,0,tench
sigreg,projector,0.2691,0.3803,0,tench
sigreg,projector,-1.1773,1.4103,0,tench
sigreg,projector,0.1528,0.5252,0,tench
sigreg,projector,0.8792,0.5680,0,tench
sigreg,projector,-0.5823,1.1924,0,tench
sigreg,projector,1.9627,1.4698,0,tench
sigreg,projector,-1.6978,1.4125,0,tench
sigreg,projector,-0.3633,0.3192,0,tench
sigreg,projector,-0.8585,1.1893,0,tench
sigreg,projector,0.1386,1.0120,0,tench
sigreg,projector,0.2638,0.5943,0,tench
sigreg,projector,0.3546,1.2706,0,tench
sigreg,projector,-0.8689,0.5843,0,tench
sigreg,projector,1.7225,1.4820,0,tench
sigreg,projector,1.7111,1.4346,0,tench
sigreg,projector,-0.6790,0.3495,0,tench
sigreg,projector,0.2931,0.5810,0,tench
sigreg,projector,0.2212,0.3085,0,tench
sigreg,projector,-0.5475,0.9874,0,tench
sigreg,projector,-1.7948,1.9604,0,tench
sigreg,projector,-0.0782,0.8033,0,tench
sigreg,projector,1.9660,1.5121,0,tench
sigreg,projector,1.8963,1.5609,0,tench
sigreg,projector,-0.6165,0.8988,0,tench
sigreg,projector,-1.0221,1.1818,0,tench
sigreg,projector,-0.3336,0.6792,0,tench
sigreg,projector,-0.7187,1.2141,0,tench
sigreg,projector,-0.9220,0.8398,0,tench
sigreg,projector,0.2400,1.6924,0,tench
sigreg,projector,0.1957,0.2985,0,tench
sigreg,projector,0.2387,0.7651,0,tench
sigreg,projector,0.7545,0.5314,0,tench
sigreg,projector,-1.1572,1.5868,0,tench
sigreg,projector,0.3741,1.0311,0,tench
sigreg,projector,0.4098,0.4563,0,tench
sigreg,projector,0.5527,0.4573,0,tench
sigreg,projector,-0.4638,0.3005,0,tench
sigreg,projector,0.0743,0.6205,0,tench
sigreg,projector,-0.3206,0.6331,0,tench
sigreg,projector,-0.1608,0.5046,0,tench
sigreg,projector,0.3022,0.2805,0,tench
sigreg,projector,-1.5034,1.9199,0,tench
sigreg,projector,1.4661,1.4723,0,tench
sigreg,projector,0.0581,0.4779,0,tench
sigreg,projector,-0.5753,1.8759,0,tench
sigreg,projector,0.5232,0.7228,0,tench
sigreg,projector,-1.4721,1.7386,0,tench
sigreg,projector,-0.2621,0.8449,0,tench
sigreg,projector,0.7977,0.5554,0,tench
sigreg,projector,0.0938,0.5053,0,tench
sigreg,projector,1.2635,1.4641,0,tench
sigreg,projector,-0.0491,1.3853,0,tench
sigreg,projector,-0.8922,1.6997,0,tench
sigreg,projector,0.6466,1.7504,0,tench
sigreg,projector,-1.4243,1.8277,0,tench
sigreg,projector,-0.2521,0.7662,0,tench
sigreg,projector,-1.6845,-0.0943,1,springer
sigreg,projector,-2.3783,-0.2773,1,springer
sigreg,projector,-0.8743,0.4041,1,springer
sigreg,projector,-2.6649,0.0147,1,springer
sigreg,projector,-0.4254,-0.1657,1,springer
sigreg,projector,-0.7229,0.2294,1,springer
sigreg,projector,-0.4013,-0.0900,1,springer
sigreg,projector,-0.9186,0.1089,1,springer
sigreg,projector,-1.8877,-1.0871,1,springer
sigreg,projector,-0.4512,-0.2833,1,springer
sigreg,projector,-0.7019,0.1582,1,springer
sigreg,projector,-0.8676,0.9002,1,springer
sigreg,projector,-1.0202,0.7901,1,springer
sigreg,projector,-1.4652,0.1617,1,springer
sigreg,projector,-1.9440,-1.0299,1,springer
sigreg,projector,-1.0229,0.2625,1,springer
sigreg,projector,-0.7551,0.2991,1,springer
sigreg,projector,-1.8862,-0.2884,1,springer
sigreg,projector,-0.1642,0.3398,1,springer
sigreg,projector,-2.0377,-1.8734,1,springer
sigreg,projector,-2.2003,-1.1711,1,springer
sigreg,projector,-1.3211,-0.2840,1,springer
sigreg,projector,-0.2710,0.1401,1,springer
sigreg,projector,-2.0037,0.2817,1,springer
sigreg,projector,-0.3749,-0.0720,1,springer
sigreg,projector,-2.7084,-0.3226,1,springer
sigreg,projector,-1.6233,-1.2800,1,springer
sigreg,projector,-0.1327,-0.0323,1,springer
sigreg,projector,-1.5332,-0.3007,1,springer
sigreg,projector,-2.6835,-1.7083,1,springer
sigreg,projector,-0.7930,0.8051,1,springer
sigreg,projector,-1.6658,0.4015,1,springer
sigreg,projector,-3.2344,-1.2691,1,springer
sigreg,projector,-1.5637,-0.0755,1,springer
sigreg,projector,-0.1218,-0.0665,1,springer
sigreg,projector,-1.0344,0.5958,1,springer
sigreg,projector,-1.7322,-0.8857,1,springer
sigreg,projector,-0.3586,0.1455,1,springer
sigreg,projector,-0.4425,0.2627,1,springer
sigreg,projector,-0.0836,0.4177,1,springer
sigreg,projector,-1.1726,-1.2453,1,springer
sigreg,projector,-0.0818,0.3880,1,springer
sigreg,projector,-1.1093,-0.2476,1,springer
sigreg,projector,-1.8908,-0.1058,1,springer
sigreg,projector,-1.3102,-0.8866,1,springer
sigreg,projector,-0.9439,-1.2213,1,springer
sigreg,projector,-0.9949,-0.4959,1,springer
sigreg,projector,-1.0729,0.2570,1,springer
sigreg,projector,-2.5927,-1.3344,1,springer
sigreg,projector,-0.7516,-0.4634,1,springer
sigreg,projector,-0.4676,-0.4848,1,springer
sigreg,projector,-1.8831,-1.2062,1,springer
sigreg,projector,-1.0485,-1.7297,1,springer
sigreg,projector,-1.3371,-0.5421,1,springer
sigreg,projector,-0.7072,-0.3704,1,springer
sigreg,projector,-0.2652,-0.1402,1,springer
sigreg,projector,-0.2551,0.2303,1,springer
sigreg,projector,-0.6390,-0.5792,1,springer
sigreg,projector,-1.1716,0.7964,1,springer
sigreg,projector,-0.5697,-1.2652,1,springer
sigreg,projector,-0.3659,-0.3696,1,springer
sigreg,projector,-1.8842,-1.0292,1,springer
sigreg,projector,-1.0662,0.5441,1,springer
sigreg,projector,-1.0972,0.4110,1,springer
sigreg,projector,-1.9405,-1.0060,1,springer
sigreg,projector,-1.0482,-0.3783,1,springer
sigreg,projector,-1.6727,-0.8037,1,springer
sigreg,projector,-0.7737,0.1590,1,springer
sigreg,projector,-0.2466,0.3091,1,springer
sigreg,projector,-1.2618,-0.3374,1,springer
sigreg,projector,-0.8267,0.4895,1,springer
sigreg,projector,-1.4663,0.6108,1,springer
sigreg,projector,-1.6130,-0.7527,1,springer
sigreg,projector,-0.1412,0.3804,1,springer
sigreg,projector,-1.9076,-1.2833,1,springer
sigreg,projector,-3.0469,-0.5999,1,springer
sigreg,projector,-0.8538,0.4989,1,springer
sigreg,projector,-0.9077,0.0550,1,springer
sigreg,projector,-1.4345,-0.7081,1,springer
sigreg,projector,-2.5971,-1.2955,1,springer
sigreg,projector,-0.0674,0.3643,1,springer
sigreg,projector,0.3165,-0.1035,1,springer
sigreg,projector,0.1265,-0.0469,1,springer
sigreg,projector,-0.0165,-0.0520,1,springer
sigreg,projector,0.1868,-0.0010,1,springer
sigreg,projector,-0.5058,0.8956,1,springer
sigreg,projector,-2.2018,-0.9436,1,springer
sigreg,projector,-3.1334,-1.0335,1,springer
sigreg,projector,-1.5237,-0.3818,1,springer
sigreg,projector,-1.3491,-0.3941,1,springer
sigreg,projector,-0.6016,-0.3622,1,springer
sigreg,projector,-0.4334,-0.2932,1,springer
sigreg,projector,0.0288,-0.4076,1,springer
sigreg,projector,-0.6398,0.3253,1,springer
sigreg,projector,-1.2197,0.3474,1,springer
sigreg,projector,-0.1428,-0.1264,1,springer
sigreg,projector,-2.1255,-0.1794,1,springer
sigreg,projector,-0.3514,-0.1443,1,springer
sigreg,projector,-0.3981,0.1151,1,springer
sigreg,projector,-1.3092,0.7501,1,springer
sigreg,projector,0.2071,-0.1810,1,springer
sigreg,projector,-1.5966,0.4002,1,springer
sigreg,projector,-1.0246,0.8884,1,springer
sigreg,projector,-0.3255,0.2682,1,springer
sigreg,projector,-0.9356,-0.2256,1,springer
sigreg,projector,-0.1550,-0.1414,1,springer
sigreg,projector,0.1990,-0.0979,1,springer
sigreg,projector,-0.2360,0.4745,1,springer
sigreg,projector,-2.1161,-0.9493,1,springer
sigreg,projector,-0.9227,0.1311,1,springer
sigreg,projector,0.3338,-0.2604,1,springer
sigreg,projector,-0.8835,-0.5290,1,springer
sigreg,projector,-1.6279,-0.3867,1,springer
sigreg,projector,-0.9905,0.8601,1,springer
sigreg,projector,-0.8893,-0.0130,1,springer
sigreg,projector,-1.0986,0.8878,1,springer
sigreg,projector,-0.8301,-0.3500,1,springer
sigreg,projector,-3.4720,-1.5097,1,springer
sigreg,projector,-2.8087,-0.3851,1,springer
sigreg,projector,-0.7089,0.4622,1,springer
sigreg,projector,-0.8836,0.4763,1,springer
sigreg,projector,-2.0641,-0.6979,1,springer
sigreg,projector,-0.4682,-0.1195,1,springer
sigreg,projector,-1.8045,-1.0418,1,springer
sigreg,projector,-2.3166,0.3333,1,springer
sigreg,projector,-0.4639,0.5380,1,springer
sigreg,projector,-1.6653,0.3763,1,springer
sigreg,projector,-0.0261,0.6295,1,springer
sigreg,projector,-1.9534,-0.7973,1,springer
sigreg,projector,0.3711,-0.0305,1,springer
sigreg,projector,-0.7842,0.2269,1,springer
sigreg,projector,-0.7469,0.3886,1,springer
sigreg,projector,-0.5386,0.6762,1,springer
sigreg,projector,-1.6941,0.6922,1,springer
sigreg,projector,-2.1772,-0.0976,1,springer
sigreg,projector,-3.0061,-0.8473,1,springer
sigreg,projector,-1.2128,0.7052,1,springer
sigreg,projector,-1.0100,0.6874,1,springer
sigreg,projector,-2.2596,-1.2029,1,springer
sigreg,projector,-0.2147,-0.1894,1,springer
sigreg,projector,-3.4479,-1.4848,1,springer
sigreg,projector,-0.9737,0.7213,1,springer
sigreg,projector,-1.2333,0.2496,1,springer
sigreg,projector,0.0666,0.5267,1,springer
sigreg,projector,-1.4523,-0.5402,1,springer
sigreg,projector,0.2836,-0.4081,1,springer
sigreg,projector,-1.8588,-1.0669,1,springer
sigreg,projector,-0.7370,0.0754,1,springer
sigreg,projector,-0.0775,0.1127,1,springer
sigreg,projector,-1.4101,0.8212,1,springer
sigreg,projector,-0.2042,0.4623,1,springer
sigreg,projector,-0.9680,-0.2084,1,springer
sigreg,projector,-2.4884,-1.2531,1,springer
sigreg,projector,-0.5064,0.3649,1,springer
sigreg,projector,-3.5387,-1.2883,1,springer
sigreg,projector,-0.9036,-0.8288,1,springer
sigreg,projector,-0.9341,0.3182,1,springer
sigreg,projector,-0.6208,-0.1546,1,springer
sigreg,projector,-3.2345,-1.4628,1,springer
sigreg,projector,-1.1647,-0.4817,1,springer
sigreg,projector,-1.8997,-1.0797,1,springer
sigreg,projector,-0.5684,-0.2943,1,springer
sigreg,projector,-0.4058,0.4239,1,springer
sigreg,projector,-0.2977,-0.2668,1,springer
sigreg,projector,0.2707,0.1776,1,springer
sigreg,projector,-1.1248,-0.2914,1,springer
sigreg,projector,-2.7075,-0.4762,1,springer
sigreg,projector,-0.6644,0.2967,1,springer
sigreg,projector,-1.7253,0.8402,1,springer
sigreg,projector,-0.2289,0.2108,1,springer
sigreg,projector,-0.9194,0.6447,1,springer
sigreg,projector,-1.1508,0.8002,1,springer
sigreg,projector,-0.1306,-0.0468,1,springer
sigreg,projector,-2.3029,0.1648,1,springer
sigreg,projector,-0.3552,0.0739,1,springer
sigreg,projector,0.5813,-0.7253,1,springer
sigreg,projector,-1.2769,0.4235,1,springer
sigreg,projector,-0.4868,-0.2152,1,springer
sigreg,projector,-0.3135,-0.0001,1,springer
sigreg,projector,-0.0379,0.0288,1,springer
sigreg,projector,-3.1827,-1.0930,1,springer
sigreg,projector,-0.7673,0.2362,1,springer
sigreg,projector,-1.9821,-0.9125,1,springer
sigreg,projector,-1.8002,0.3072,1,springer
sigreg,projector,-1.1098,0.6437,1,springer
sigreg,projector,-2.0513,-0.7088,1,springer
sigreg,projector,-1.5278,-0.2216,1,springer
sigreg,projector,-2.7983,-0.6257,1,springer
sigreg,projector,-2.5240,-0.7359,1,springer
sigreg,projector,-1.0124,-0.1761,1,springer
sigreg,projector,-0.4008,0.3578,1,springer
sigreg,projector,-0.9245,0.5251,1,springer
sigreg,projector,-0.5393,-0.3319,1,springer
sigreg,projector,-3.1857,-1.2890,1,springer
sigreg,projector,-1.7672,-0.6629,1,springer
sigreg,projector,-1.2443,-0.4124,1,springer
sigreg,projector,-0.8087,-0.2041,1,springer
sigreg,projector,-2.8578,-0.1308,1,springer
sigreg,projector,-0.9284,0.5011,1,springer
sigreg,projector,-1.9048,-0.8268,1,springer
sigreg,projector,-0.5323,-0.4044,1,springer
sigreg,projector,-0.2033,1.1509,1,springer
sigreg,projector,-2.6878,-1.1510,1,springer
sigreg,projector,-1.0375,0.5377,1,springer
sigreg,projector,-1.0455,1.1070,1,springer
sigreg,projector,-1.9823,-0.0250,1,springer
sigreg,projector,-1.4066,0.1831,1,springer
sigreg,projector,-0.3868,0.2246,1,springer
sigreg,projector,-2.1179,-1.0474,1,springer
sigreg,projector,-1.0015,0.7820,1,springer
sigreg,projector,-3.4709,-1.5826,1,springer
sigreg,projector,-0.0558,0.2655,1,springer
sigreg,projector,-1.2832,0.4337,1,springer
sigreg,projector,-1.5247,-0.2645,1,springer
sigreg,projector,-1.4472,0.0300,1,springer
sigreg,projector,-1.0850,-0.4832,1,springer
sigreg,projector,-3.5995,-1.7528,1,springer
sigreg,projector,-0.3465,-0.0684,1,springer
sigreg,projector,-1.2485,-0.6235,1,springer
sigreg,projector,-3.5135,-1.3383,1,springer
sigreg,projector,-1.6239,0.7144,1,springer
sigreg,projector,-0.1746,0.0893,1,springer
sigreg,projector,-1.5585,0.4622,1,springer
sigreg,projector,-2.9631,-0.5745,1,springer
sigreg,projector,-1.0717,-0.4442,1,springer
sigreg,projector,-1.3557,-0.8842,1,springer
sigreg,projector,-0.7098,-0.8357,1,springer
sigreg,projector,-1.7831,-1.1038,1,springer
sigreg,projector,-0.6343,0.0765,1,springer
sigreg,projector,-0.3837,0.2363,1,springer
sigreg,projector,-1.4938,0.1270,1,springer
sigreg,projector,-1.0663,0.2907,1,springer
sigreg,projector,-3.0988,-1.1532,1,springer
sigreg,projector,-1.1244,-0.0415,1,springer
sigreg,projector,-0.5437,0.4816,1,springer
sigreg,projector,-2.0288,-1.2029,1,springer
sigreg,projector,-1.0516,0.5071,1,springer
sigreg,projector,-1.1295,-0.7954,1,springer
sigreg,projector,-1.8934,0.1345,1,springer
sigreg,projector,-0.9063,0.6450,1,springer
sigreg,projector,-2.1943,0.1820,1,springer
sigreg,projector,-0.3229,-0.1335,1,springer
sigreg,projector,0.3166,0.0193,1,springer
sigreg,projector,0.0255,-0.0497,1,springer
sigreg,projector,-0.3358,0.6956,1,springer
sigreg,projector,-0.5818,-0.3111,1,springer
sigreg,projector,-2.0074,-1.3354,1,springer
sigreg,projector,-3.4950,-1.3113,1,springer
sigreg,projector,-0.0732,-0.8779,1,springer
sigreg,projector,-2.4239,-0.7043,1,springer
sigreg,projector,-2.3724,-1.2512,1,springer
sigreg,projector,-0.1942,-0.4252,1,springer
sigreg,projector,-1.4671,-0.3278,1,springer
sigreg,projector,-0.9677,-0.1590,1,springer
sigreg,projector,-2.3835,-0.3217,1,springer
sigreg,projector,-3.0371,-0.7827,1,springer
sigreg,projector,-1.6810,0.7623,1,springer
sigreg,projector,-0.8124,0.9575,1,springer
sigreg,projector,0.3430,0.5121,1,springer
sigreg,projector,-1.2082,0.5118,1,springer
sigreg,projector,-0.7137,-0.3098,1,springer
sigreg,projector,-0.0294,0.0768,1,springer
sigreg,projector,-1.9400,0.0097,1,springer
sigreg,projector,-0.9761,0.6346,1,springer
sigreg,projector,-1.5023,0.8913,1,springer
sigreg,projector,-1.1441,-0.3464,1,springer
sigreg,projector,-1.4976,-0.4454,1,springer
sigreg,projector,-1.2135,0.2873,1,springer
sigreg,projector,-1.1663,0.3259,1,springer
sigreg,projector,-0.6558,0.1743,1,springer
sigreg,projector,-2.5769,-0.2076,1,springer
sigreg,projector,-1.1332,0.2176,1,springer
sigreg,projector,-1.7972,-0.4366,1,springer
sigreg,projector,0.0406,0.6954,1,springer
sigreg,projector,-2.0052,-0.9801,1,springer
sigreg,projector,-1.3682,0.9573,1,springer
sigreg,projector,-0.6397,0.5303,1,springer
sigreg,projector,-1.6727,0.6203,1,springer
sigreg,projector,-0.0621,0.0872,1,springer
sigreg,projector,-0.5902,1.4718,1,springer
sigreg,projector,-3.8744,-1.7614,1,springer
sigreg,projector,-2.1444,-1.6213,1,springer
sigreg,projector,-2.4837,-1.1398,1,springer
sigreg,projector,0.1684,0.5603,1,springer
sigreg,projector,-1.4324,0.7617,1,springer
sigreg,projector,-1.0565,0.7823,1,springer
sigreg,projector,-2.0298,0.7057,1,springer
sigreg,projector,-0.6992,-1.3859,1,springer
sigreg,projector,-2.2967,-1.7108,1,springer
sigreg,projector,-1.1242,0.0383,1,springer
sigreg,projector,-0.3595,0.2815,1,springer
sigreg,projector,-0.3044,-0.0035,1,springer
sigreg,projector,-2.7705,-0.8360,1,springer
sigreg,projector,-1.7890,-0.0928,1,springer
sigreg,projector,-0.8785,0.0275,1,springer
sigreg,projector,-0.9638,0.7707,1,springer
sigreg,projector,-1.1311,0.8319,1,springer
sigreg,projector,-2.5673,-0.6581,1,springer
sigreg,projector,-0.9474,0.7171,1,springer
sigreg,projector,-1.0627,0.0727,1,springer
sigreg,projector,-0.3592,0.2281,1,springer
sigreg,projector,-3.9065,-1.3935,1,springer
sigreg,projector,-0.5773,-0.3116,1,springer
sigreg,projector,-0.2221,-0.2770,1,springer
sigreg,projector,-0.9484,0.1123,1,springer
sigreg,projector,-1.9823,-1.0586,1,springer
sigreg,projector,-0.8246,-0.0228,1,springer
sigreg,projector,-0.2058,0.1602,1,springer
sigreg,projector,-0.0927,-0.1364,1,springer
sigreg,projector,-1.8936,0.3951,1,springer
sigreg,projector,-0.3732,-0.0121,1,springer
sigreg,projector,-0.9633,0.6761,1,springer
sigreg,projector,-1.8332,0.2120,1,springer
sigreg,projector,-0.0683,-0.2995,1,springer
sigreg,projector,-1.1680,0.7069,1,springer
sigreg,projector,-2.2828,-1.1498,1,springer
sigreg,projector,-1.0331,-0.2120,1,springer
sigreg,projector,-1.3225,0.5458,1,springer
sigreg,projector,-0.3079,-0.1648,1,springer
sigreg,projector,-1.1868,-0.0567,1,springer
sigreg,projector,-0.9269,0.0398,1,springer
sigreg,projector,-0.0843,1.1234,1,springer
sigreg,projector,-2.3626,-1.0925,1,springer
sigreg,projector,-1.6810,-0.6460,1,springer
sigreg,projector,-1.3094,0.7504,1,springer
sigreg,projector,-1.2688,0.6304,1,springer
sigreg,projector,-1.8703,-1.1447,1,springer
sigreg,projector,-1.1339,0.7460,1,springer
sigreg,projector,-1.6259,-0.0981,1,springer
sigreg,projector,-1.7074,0.6375,1,springer
sigreg,projector,-1.0406,-0.0097,1,springer
sigreg,projector,-1.8527,0.4226,1,springer
sigreg,projector,-0.0706,-0.3196,1,springer
sigreg,projector,-1.1210,0.9083,1,springer
sigreg,projector,-2.6467,-0.6238,1,springer
sigreg,projector,-2.8763,-1.5579,1,springer
sigreg,projector,-3.0805,-0.8298,1,springer
sigreg,projector,-1.8359,0.1506,1,springer
sigreg,projector,-1.6523,0.4069,1,springer
sigreg,projector,-1.5210,0.5280,1,springer
sigreg,projector,-1.4639,0.2017,1,springer
sigreg,projector,0.7976,-0.6560,1,springer
sigreg,projector,-0.5720,0.4760,1,springer
sigreg,projector,-0.8640,0.3495,1,springer
sigreg,projector,-1.9109,-1.0188,1,springer
sigreg,projector,-1.9209,-1.0061,1,springer
sigreg,projector,-0.5026,0.5761,1,springer
sigreg,projector,-1.6793,-0.2551,1,springer
sigreg,projector,-0.9133,0.0109,1,springer
sigreg,projector,-2.3018,-0.8861,1,springer
sigreg,projector,-0.2163,0.9069,1,springer
sigreg,projector,-1.4470,-0.2092,1,springer
sigreg,projector,-1.0712,0.6796,1,springer
sigreg,projector,-0.8321,0.2422,1,springer
sigreg,projector,-1.2692,0.6530,1,springer
sigreg,projector,-1.8390,-0.4023,1,springer
sigreg,projector,0.1095,-0.0626,1,springer
sigreg,projector,-3.0700,-1.2665,1,springer
sigreg,projector,0.1185,-0.0923,1,springer
sigreg,projector,-2.4809,-0.1596,1,springer
sigreg,projector,-1.4267,-0.6493,1,springer
sigreg,projector,-1.1872,-0.7173,1,springer
sigreg,projector,0.1757,-1.3383,1,springer
sigreg,projector,0.0826,0.1003,1,springer
sigreg,projector,0.0773,0.0070,1,springer
sigreg,projector,-1.8681,-1.0324,1,springer
sigreg,projector,0.1661,0.0881,1,springer
sigreg,projector,-1.0394,-0.2884,1,springer
sigreg,projector,-1.1118,0.0123,1,springer
sigreg,projector,-0.6583,0.3212,1,springer
sigreg,projector,0.0155,-0.5736,1,springer
sigreg,projector,-2.1222,-0.4334,1,springer
sigreg,projector,-0.2875,0.0831,1,springer
sigreg,projector,-2.6966,-0.0765,1,springer
sigreg,projector,-1.4838,-0.1858,1,springer
sigreg,projector,0.1833,-0.3811,1,springer
sigreg,projector,-0.1015,-0.0385,1,springer
sigreg,projector,-1.7822,-0.6078,1,springer
sigreg,projector,-0.0285,0.1900,1,springer
sigreg,projector,-2.1050,-0.1184,1,springer
sigreg,projector,-1.2229,-0.3995,1,springer
sigreg,projector,-1.4842,-0.4210,1,springer
sigreg,projector,0.8578,-0.2884,1,springer
sigreg,projector,-2.7095,-0.3959,1,springer
sigreg,projector,-0.8250,0.0521,1,springer
sigreg,projector,-0.6149,-0.8454,1,springer
sigreg,projector,-2.4667,0.1564,1,springer
sigreg,projector,-0.4300,-0.1609,1,springer
sigreg,projector,-2.8706,-1.0190,1,springer
sigreg,projector,-1.7973,-0.6351,1,springer
sigreg,projector,-2.9360,-1.0434,1,springer
sigreg,projector,-0.2163,1.1189,1,springer
sigreg,projector,-1.2924,0.0681,1,springer
sigreg,projector,-0.1738,0.6909,1,springer
sigreg,projector,-0.5563,-0.2812,1,springer
sigreg,projector,0.3572,0.3763,2,cassette
sigreg,projector,0.8589,0.5052,2,cassette
sigreg,projector,-0.1229,0.2320,2,cassette
sigreg,projector,0.4485,0.0966,2,cassette
sigreg,projector,0.4188,0.3303,2,cassette
sigreg,projector,1.1119,1.5445,2,cassette
sigreg,projector,0.4444,0.6219,2,cassette
sigreg,projector,0.7732,0.5234,2,cassette
sigreg,projector,0.7181,-0.1595,2,cassette
sigreg,projector,-0.3284,1.2776,2,cassette
sigreg,projector,-0.0649,0.9373,2,cassette
sigreg,projector,0.2503,-0.1534,2,cassette
sigreg,projector,0.8136,0.7480,2,cassette
sigreg,projector,0.7755,0.3694,2,cassette
sigreg,projector,1.2462,1.3198,2,cassette
sigreg,projector,0.0015,0.5202,2,cassette
sigreg,projector,0.7024,0.9383,2,cassette
sigreg,projector,0.3665,0.4619,2,cassette
sigreg,projector,-0.0722,0.5124,2,cassette
sigreg,projector,-0.3842,0.7755,2,cassette
sigreg,projector,0.0481,1.1810,2,cassette
sigreg,projector,0.3900,0.4017,2,cassette
sigreg,projector,0.4088,1.3908,2,cassette
sigreg,projector,1.0592,1.1066,2,cassette
sigreg,projector,1.0127,0.4903,2,cassette
sigreg,projector,0.4202,0.3513,2,cassette
sigreg,projector,0.1374,0.6660,2,cassette
sigreg,projector,0.0816,0.9286,2,cassette
sigreg,projector,0.1050,0.9035,2,cassette
sigreg,projector,0.3730,1.3512,2,cassette
sigreg,projector,0.8092,0.1750,2,cassette
sigreg,projector,0.9260,0.6310,2,cassette
sigreg,projector,1.8319,1.0704,2,cassette
sigreg,projector,0.2828,0.0421,2,cassette
sigreg,projector,1.9033,0.6401,2,cassette
sigreg,projector,0.4698,-0.2628,2,cassette
sigreg,projector,0.3470,1.7211,2,cassette
sigreg,projector,-0.0191,0.6362,2,cassette
sigreg,projector,-0.2808,1.1864,2,cassette
sigreg,projector,-0.2936,0.7197,2,cassette
sigreg,projector,0.6529,0.9910,2,cassette
sigreg,projector,0.8014,0.4561,2,cassette
sigreg,projector,0.7935,0.3416,2,cassette
sigreg,projector,0.6741,0.8697,2,cassette
sigreg,projector,0.5769,0.2120,2,cassette
sigreg,projector,0.0589,0.0253,2,cassette
sigreg,projector,0.0198,0.8819,2,cassette
sigreg,projector,0.7457,-0.1033,2,cassette
sigreg,projector,-0.0677,1.1652,2,cassette
sigreg,projector,0.6909,0.5951,2,cassette
sigreg,projector,0.6749,0.6922,2,cassette
sigreg,projector,-0.5216,0.9147,2,cassette
sigreg,projector,0.6211,0.7042,2,cassette
sigreg,projector,0.1240,0.3905,2,cassette
sigreg,projector,1.2609,1.0810,2,cassette
sigreg,projector,0.6771,-0.5245,2,cassette
sigreg,projector,0.3832,0.6642,2,cassette
sigreg,projector,0.4605,1.0335,2,cassette
sigreg,projector,0.0554,1.2873,2,cassette
sigreg,projector,-0.2904,0.8676,2,cassette
sigreg,projector,0.8222,0.4915,2,cassette
sigreg,projector,0.2367,0.6831,2,cassette
sigreg,projector,0.4186,0.7328,2,cassette
sigreg,projector,-0.0369,-0.3534,2,cassette
sigreg,projector,0.0650,0.8518,2,cassette
sigreg,projector,0.7566,0.0356,2,cassette
sigreg,projector,0.1152,-0.0881,2,cassette
sigreg,projector,0.4662,0.7258,2,cassette
sigreg,projector,0.4157,0.7303,2,cassette
sigreg,projector,0.5429,-0.0872,2,cassette
sigreg,projector,0.3621,0.4971,2,cassette
sigreg,projector,0.6263,0.6251,2,cassette
sigreg,projector,1.2856,0.2272,2,cassette
sigreg,projector,0.2268,0.6409,2,cassette
sigreg,projector,0.1781,0.5752,2,cassette
sigreg,projector,-0.5711,0.6550,2,cassette
sigreg,projector,0.9235,1.0035,2,cassette
sigreg,projector,-0.1326,0.4752,2,cassette
sigreg,projector,0.8887,0.6649,2,cassette
sigreg,projector,0.6828,0.9911,2,cassette
sigreg,projector,-0.0792,1.0706,2,cassette
sigreg,projector,-0.7230,0.1596,2,cassette
sigreg,projector,0.9564,0.3757,2,cassette
sigreg,projector,0.2498,0.0555,2,cassette
sigreg,projector,0.7674,0.8201,2,cassette
sigreg,projector,0.7782,0.3095,2,cassette
sigreg,projector,0.1947,0.5187,2,cassette
sigreg,projector,0.4502,0.4570,2,cassette
sigreg,projector,0.6773,0.0286,2,cassette
sigreg,projector,-0.9626,0.8331,2,cassette
sigreg,projector,0.7729,-0.7206,2,cassette
sigreg,projector,0.6088,-0.1116,2,cassette
sigreg,projector,0.0342,0.3980,2,cassette
sigreg,projector,0.8499,0.4578,2,cassette
sigreg,projector,-0.2428,0.4799,2,cassette
sigreg,projector,-0.4847,0.3475,2,cassette
sigreg,projector,0.1957,0.2748,2,cassette
sigreg,projector,-0.2462,0.2095,2,cassette
sigreg,projector,-0.4013,0.8440,2,cassette
sigreg,projector,0.3284,0.5601,2,cassette
sigreg,projector,0.7952,0.3240,2,cassette
sigreg,projector,0.6211,0.6833,2,cassette
sigreg,projector,0.6661,0.3711,2,cassette
sigreg,projector,-0.3058,0.9520,2,cassette
sigreg,projector,-0.2520,0.9328,2,cassette
sigreg,projector,0.4360,-0.2103,2,cassette
sigreg,projector,-0.2760,0.9041,2,cassette
sigreg,projector,-0.2088,1.0207,2,cassette
sigreg,projector,-0.1378,0.8072,2,cassette
sigreg,projector,0.7038,0.7660,2,cassette
sigreg,projector,0.1594,0.2804,2,cassette
sigreg,projector,1.1960,0.8637,2,cassette
sigreg,projector,-0.0521,0.1112,2,cassette
sigreg,projector,-0.0444,-0.1514,2,cassette
sigreg,projector,0.3839,0.1716,2,cassette
sigreg,projector,-0.3138,-0.1359,2,cassette
sigreg,projector,-0.0618,0.2350,2,cassette
sigreg,projector,0.2690,0.4171,2,cassette
sigreg,projector,1.5434,1.1255,2,cassette
sigreg,projector,-0.2306,0.3442,2,cassette
sigreg,projector,0.0624,0.5506,2,cassette
sigreg,projector,-0.3487,0.0736,2,cassette
sigreg,projector,0.6519,0.1011,2,cassette
sigreg,projector,0.2568,1.1122,2,cassette
sigreg,projector,0.0378,1.0194,2,cassette
sigreg,projector,0.7097,0.0734,2,cassette
sigreg,projector,0.4452,0.6048,2,cassette
sigreg,projector,0.6521,0.7801,2,cassette
sigreg,projector,0.4467,0.2991,2,cassette
sigreg,projector,0.1403,0.4554,2,cassette
sigreg,projector,0.1435,1.1993,2,cassette
sigreg,projector,0.3769,0.2609,2,cassette
sigreg,projector,0.9080,0.7314,2,cassette
sigreg,projector,0.6577,0.4841,2,cassette
sigreg,projector,0.9428,0.0198,2,cassette
sigreg,projector,0.7290,0.2959,2,cassette
sigreg,projector,0.5618,0.3989,2,cassette
sigreg,projector,-0.0378,1.0190,2,cassette
sigreg,projector,0.2393,0.7311,2,cassette
sigreg,projector,0.2095,0.1434,2,cassette
sigreg,projector,1.0360,0.4338,2,cassette
sigreg,projector,1.0488,1.1368,2,cassette
sigreg,projector,0.7920,1.2343,2,cassette
sigreg,projector,0.9263,0.5268,2,cassette
sigreg,projector,0.9175,0.3643,2,cassette
sigreg,projector,0.4901,0.7251,2,cassette
sigreg,projector,0.2637,0.5032,2,cassette
sigreg,projector,0.0239,1.2630,2,cassette
sigreg,projector,0.6954,0.6797,2,cassette
sigreg,projector,1.1175,0.7263,2,cassette
sigreg,projector,0.9539,0.8157,2,cassette
sigreg,projector,-0.0842,0.4544,2,cassette
sigreg,projector,0.4033,-0.3231,2,cassette
sigreg,projector,0.0944,0.8267,2,cassette
sigreg,projector,0.6582,0.6628,2,cassette
sigreg,projector,0.1952,0.8862,2,cassette
sigreg,projector,1.8359,0.9818,2,cassette
sigreg,projector,0.3312,0.8317,2,cassette
sigreg,projector,0.0597,0.7633,2,cassette
sigreg,projector,0.5738,0.5666,2,cassette
sigreg,projector,0.1270,1.2028,2,cassette
sigreg,projector,-0.1700,1.1745,2,cassette
sigreg,projector,0.7273,0.1056,2,cassette
sigreg,projector,-0.2151,0.7402,2,cassette
sigreg,projector,0.6392,1.0733,2,cassette
sigreg,projector,0.6510,0.7854,2,cassette
sigreg,projector,-0.0245,0.8683,2,cassette
sigreg,projector,-0.0595,1.0316,2,cassette
sigreg,projector,0.6701,0.5176,2,cassette
sigreg,projector,0.6097,0.6206,2,cassette
sigreg,projector,0.4464,0.5827,2,cassette
sigreg,projector,0.0083,1.0053,2,cassette
sigreg,projector,0.7054,1.0302,2,cassette
sigreg,projector,0.5491,1.1047,2,cassette
sigreg,projector,-0.0757,0.7193,2,cassette
sigreg,projector,0.6176,0.9728,2,cassette
sigreg,projector,1.2774,1.0110,2,cassette
sigreg,projector,-0.0009,0.4445,2,cassette
sigreg,projector,0.7258,0.9184,2,cassette
sigreg,projector,0.9291,1.1598,2,cassette
sigreg,projector,0.0811,0.5850,2,cassette
sigreg,projector,1.0541,1.3379,2,cassette
sigreg,projector,0.5248,0.2583,2,cassette
sigreg,projector,0.7149,1.1074,2,cassette
sigreg,projector,0.5875,0.2606,2,cassette
sigreg,projector,-0.1112,0.5970,2,cassette
sigreg,projector,-0.0834,1.0485,2,cassette
sigreg,projector,0.1844,0.4353,2,cassette
sigreg,projector,0.6140,1.3387,2,cassette
sigreg,projector,1.1131,1.1412,2,cassette
sigreg,projector,-0.0448,0.7076,2,cassette
sigreg,projector,1.0822,0.9016,2,cassette
sigreg,projector,0.5149,0.1683,2,cassette
sigreg,projector,0.6412,0.0044,2,cassette
sigreg,projector,1.1061,1.0737,2,cassette
sigreg,projector,0.6276,0.9004,2,cassette
sigreg,projector,0.6016,0.5277,2,cassette
sigreg,projector,0.2523,0.4977,2,cassette
sigreg,projector,-0.0673,0.3007,2,cassette
sigreg,projector,1.1281,1.2947,2,cassette
sigreg,projector,0.6141,0.4356,2,cassette
sigreg,projector,0.1965,0.6706,2,cassette
sigreg,projector,0.5000,0.2748,2,cassette
sigreg,projector,-0.0918,1.3443,2,cassette
sigreg,projector,0.1361,0.6099,2,cassette
sigreg,projector,0.2907,0.3389,2,cassette
sigreg,projector,0.6727,0.0969,2,cassette
sigreg,projector,0.6727,0.2176,2,cassette
sigreg,projector,-0.0187,-0.4899,2,cassette
sigreg,projector,0.2603,0.7217,2,cassette
sigreg,projector,0.5293,1.4756,2,cassette
sigreg,projector,0.8692,0.4268,2,cassette
sigreg,projector,0.9845,0.8158,2,cassette
sigreg,projector,0.6199,0.6249,2,cassette
sigreg,projector,-1.0419,0.6861,2,cassette
sigreg,projector,0.8547,0.6733,2,cassette
sigreg,projector,0.6902,0.6600,2,cassette
sigreg,projector,1.2932,0.5235,2,cassette
sigreg,projector,0.6833,1.0767,2,cassette
sigreg,projector,0.9091,1.2468,2,cassette
sigreg,projector,1.3175,1.1233,2,cassette
sigreg,projector,0.6738,1.3964,2,cassette
sigreg,projector,-0.4674,0.8377,2,cassette
sigreg,projector,1.5079,0.9003,2,cassette
sigreg,projector,0.4051,0.1902,2,cassette
sigreg,projector,0.0668,-0.1573,2,cassette
sigreg,projector,0.6679,0.8836,2,cassette
sigreg,projector,0.8368,0.2713,2,cassette
sigreg,projector,-0.1167,0.2035,2,cassette
sigreg,projector,0.4378,0.5462,2,cassette
sigreg,projector,1.0438,1.1757,2,cassette
sigreg,projector,0.1976,0.5598,2,cassette
sigreg,projector,0.2208,0.8399,2,cassette
sigreg,projector,0.6881,0.3676,2,cassette
sigreg,projector,0.8193,1.1125,2,cassette
sigreg,projector,0.4223,1.1842,2,cassette
sigreg,projector,0.2221,0.6771,2,cassette
sigreg,projector,0.4325,-0.1475,2,cassette
sigreg,projector,0.6219,0.1245,2,cassette
sigreg,projector,0.5961,0.2027,2,cassette
sigreg,projector,0.7192,1.1435,2,cassette
sigreg,projector,0.1502,0.7770,2,cassette
sigreg,projector,0.5157,0.0102,2,cassette
sigreg,projector,0.1525,0.7711,2,cassette
sigreg,projector,0.3498,0.1413,2,cassette
sigreg,projector,0.9247,0.2741,2,cassette
sigreg,projector,0.1757,0.0497,2,cassette
sigreg,projector,1.1827,0.9003,2,cassette
sigreg,projector,-0.2020,1.2762,2,cassette
sigreg,projector,-0.2859,0.9854,2,cassette
sigreg,projector,0.0153,0.0532,2,cassette
sigreg,projector,-0.2362,1.2045,2,cassette
sigreg,projector,0.9798,1.0831,2,cassette
sigreg,projector,-0.2789,-0.8545,2,cassette
sigreg,projector,0.1888,0.5150,2,cassette
sigreg,projector,0.1659,1.0319,2,cassette
sigreg,projector,-0.5834,0.2060,2,cassette
sigreg,projector,0.0689,0.3640,2,cassette
sigreg,projector,0.5348,0.9769,2,cassette
sigreg,projector,0.2550,0.5214,2,cassette
sigreg,projector,-0.0373,0.9543,2,cassette
sigreg,projector,0.3882,0.5003,2,cassette
sigreg,projector,0.6214,0.9852,2,cassette
sigreg,projector,0.9014,1.0587,2,cassette
sigreg,projector,-0.3440,0.5804,2,cassette
sigreg,projector,0.9488,1.1989,2,cassette
sigreg,projector,-0.4725,0.6432,2,cassette
sigreg,projector,0.9866,0.4029,2,cassette
sigreg,projector,0.1278,1.6817,2,cassette
sigreg,projector,0.6619,0.2118,2,cassette
sigreg,projector,0.7478,1.1472,2,cassette
sigreg,projector,0.1607,-0.0063,2,cassette
sigreg,projector,0.6521,0.3553,2,cassette
sigreg,projector,0.7553,0.6124,2,cassette
sigreg,projector,-0.2716,1.0703,2,cassette
sigreg,projector,1.1443,0.8946,2,cassette
sigreg,projector,0.6481,0.6422,2,cassette
sigreg,projector,0.0038,0.9349,2,cassette
sigreg,projector,1.0950,1.0139,2,cassette
sigreg,projector,-0.7519,0.9188,2,cassette
sigreg,projector,0.1612,0.4395,2,cassette
sigreg,projector,0.5253,0.5945,2,cassette
sigreg,projector,0.8066,0.8714,2,cassette
sigreg,projector,0.8829,-0.0980,2,cassette
sigreg,projector,0.5119,0.6927,2,cassette
sigreg,projector,-0.1126,0.2064,2,cassette
sigreg,projector,1.2172,1.1566,2,cassette
sigreg,projector,0.6096,0.2000,2,cassette
sigreg,projector,-0.0341,0.9398,2,cassette
sigreg,projector,0.6810,0.2757,2,cassette
sigreg,projector,1.6344,0.1996,2,cassette
sigreg,projector,0.9606,1.0675,2,cassette
sigreg,projector,0.5514,1.2238,2,cassette
sigreg,projector,0.8177,0.5685,2,cassette
sigreg,projector,0.2673,1.4054,2,cassette
sigreg,projector,-0.5290,0.5856,2,cassette
sigreg,projector,0.5838,0.0789,2,cassette
sigreg,projector,0.3345,0.3933,2,cassette
sigreg,projector,0.3215,0.4346,2,cassette
sigreg,projector,0.3621,0.1792,2,cassette
sigreg,projector,1.0946,0.9937,2,cassette
sigreg,projector,-0.0600,0.9040,2,cassette
sigreg,projector,-0.0730,0.8326,2,cassette
sigreg,projector,0.7037,0.6286,2,cassette
sigreg,projector,-0.2103,0.8908,2,cassette
sigreg,projector,0.4552,1.1381,2,cassette
sigreg,projector,-0.0327,1.0983,2,cassette
sigreg,projector,0.7516,-0.1752,2,cassette
sigreg,projector,0.3094,0.6800,2,cassette
sigreg,projector,0.3697,1.4600,2,cassette
sigreg,projector,-0.7549,0.5368,2,cassette
sigreg,projector,1.1405,0.4209,2,cassette
sigreg,projector,0.6053,0.4595,2,cassette
sigreg,projector,-0.0598,0.7460,2,cassette
sigreg,projector,-0.2701,0.1223,2,cassette
sigreg,projector,0.5568,0.5467,2,cassette
sigreg,projector,1.4013,0.9476,2,cassette
sigreg,projector,0.4035,1.4099,2,cassette
sigreg,projector,0.5073,0.6817,2,cassette
sigreg,projector,-0.1576,1.0413,2,cassette
sigreg,projector,-0.0291,1.1041,2,cassette
sigreg,projector,0.7655,1.5650,2,cassette
sigreg,projector,0.1325,1.0737,2,cassette
sigreg,projector,-0.8414,0.9099,2,cassette
sigreg,projector,0.0767,0.4810,2,cassette
sigreg,projector,1.9361,0.7105,2,cassette
sigreg,projector,0.5472,0.6052,2,cassette
sigreg,projector,0.1668,0.6803,2,cassette
sigreg,projector,0.6652,-0.2903,2,cassette
sigreg,projector,1.1260,0.6699,2,cassette
sigreg,projector,-0.7914,0.4455,2,cassette
sigreg,projector,0.9933,0.9345,2,cassette
sigreg,projector,0.3841,0.9675,2,cassette
sigreg,projector,-0.2229,0.8810,2,cassette
sigreg,projector,0.6898,0.3411,2,cassette
sigreg,projector,0.4692,0.6446,2,cassette
sigreg,projector,0.6988,0.3815,2,cassette
sigreg,projector,0.3098,-0.0182,2,cassette
sigreg,projector,0.1708,0.8613,2,cassette
sigreg,projector,0.6590,0.7672,2,cassette
sigreg,projector,0.2566,0.9483,2,cassette
sigreg,projector,0.1414,0.5071,2,cassette
sigreg,projector,1.2083,1.0181,2,cassette
sigreg,projector,0.8300,-0.1026,2,cassette
sigreg,projector,0.6667,0.6892,2,cassette
sigreg,projector,2.3596,0.6008,2,cassette
sigreg,projector,1.1192,1.4905,2,cassette
sigreg,projector,0.8912,0.6751,2,cassette
sigreg,projector,-0.1568,1.0723,2,cassette
sigreg,projector,-0.1197,0.6753,2,cassette
sigreg,projector,0.7137,0.5992,2,cassette
sigreg,projector,0.4508,1.1536,2,cassette
sigreg,projector,0.4756,0.7167,2,cassette
sigreg,projector,-0.3098,0.8839,2,cassette
sigreg,projector,0.1551,-0.0942,2,cassette
sigreg,projector,0.0292,0.5610,2,cassette
sigreg,projector,0.7362,0.0417,2,cassette
sigreg,projector,0.7264,0.7322,3,chainsaw
sigreg,projector,1.6942,1.5249,3,chainsaw
sigreg,projector,-0.0609,1.0025,3,chainsaw
sigreg,projector,1.2709,1.3337,3,chainsaw
sigreg,projector,-0.0522,0.9298,3,chainsaw
sigreg,projector,1.4012,1.2069,3,chainsaw
sigreg,projector,0.3031,1.3543,3,chainsaw
sigreg,projector,0.0482,-0.1797,3,chainsaw
sigreg,projector,-0.6672,0.8155,3,chainsaw
sigreg,projector,-0.0862,0.5934,3,chainsaw
sigreg,projector,1.5282,1.7246,3,chainsaw
sigreg,projector,0.1243,0.7589,3,chainsaw
sigreg,projector,-0.3988,0.6654,3,chainsaw
sigreg,projector,-0.4111,0.6480,3,chainsaw
sigreg,projector,-0.4677,0.9644,3,chainsaw
sigreg,projector,0.4157,0.4025,3,chainsaw
sigreg,projector,0.1354,-0.1854,3,chainsaw
sigreg,projector,-1.0794,0.5569,3,chainsaw
sigreg,projector,-0.0659,0.5658,3,chainsaw
sigreg,projector,0.5479,1.4897,3,chainsaw
sigreg,projector,1.6723,1.7484,3,chainsaw
sigreg,projector,-2.3706,-0.6803,3,chainsaw
sigreg,projector,1.5080,1.6116,3,chainsaw
sigreg,projector,-1.0566,-0.1475,3,chainsaw
sigreg,projector,0.4657,0.2536,3,chainsaw
sigreg,projector,0.0195,0.3853,3,chainsaw
sigreg,projector,-0.3920,0.6764,3,chainsaw
sigreg,projector,-0.3278,-0.1033,3,chainsaw
sigreg,projector,-0.7370,-0.1416,3,chainsaw
sigreg,projector,0.7190,1.5248,3,chainsaw
sigreg,projector,-0.3641,0.6976,3,chainsaw
sigreg,projector,-0.6867,0.1864,3,chainsaw
sigreg,projector,-0.1738,-0.1334,3,chainsaw
sigreg,projector,0.1378,1.5751,3,chainsaw
sigreg,projector,-1.0329,-0.0835,3,chainsaw
sigreg,projector,-0.5831,1.3373,3,chainsaw
sigreg,projector,-0.3270,0.7731,3,chainsaw
sigreg,projector,-0.8803,-0.6158,3,chainsaw
sigreg,projector,-0.6807,0.9157,3,chainsaw
sigreg,projector,0.3795,0.9976,3,chainsaw
sigreg,projector,0.3272,1.7011,3,chainsaw
sigreg,projector,-0.2072,1.5043,3,chainsaw
sigreg,projector,1.5563,1.6677,3,chainsaw
sigreg,projector,0.8566,-1.4679,3,chainsaw
sigreg,projector,1.6978,1.6667,3,chainsaw
sigreg,projector,1.4652,1.3683,3,chainsaw
sigreg,projector,-1.2416,0.1567,3,chainsaw
sigreg,projector,-0.9882,-0.3561,3,chainsaw
sigreg,projector,-0.9857,0.0690,3,chainsaw
sigreg,projector,1.5412,1.3517,3,chainsaw
sigreg,projector,0.0855,0.1969,3,chainsaw
sigreg,projector,-0.5345,0.6915,3,chainsaw
sigreg,projector,0.8385,1.0442,3,chainsaw
sigreg,projector,0.3347,1.0502,3,chainsaw
sigreg,projector,-0.0059,0.8236,3,chainsaw
sigreg,projector,0.4363,0.9562,3,chainsaw
sigreg,projector,0.2202,0.0794,3,chainsaw
sigreg,projector,1.2002,1.6181,3,chainsaw
sigreg,projector,1.5446,1.1350,3,chainsaw
sigreg,projector,-0.1761,0.1413,3,chainsaw
sigreg,projector,0.1254,0.1978,3,chainsaw
sigreg,projector,-0.0587,0.5515,3,chainsaw
sigreg,projector,0.0729,1.0713,3,chainsaw
sigreg,projector,1.6585,1.5619,3,chainsaw
sigreg,projector,-0.1772,0.4696,3,chainsaw
sigreg,projector,-0.6174,0.3332,3,chainsaw
sigreg,projector,-0.5699,1.0450,3,chainsaw
sigreg,projector,0.2424,0.2303,3,chainsaw
sigreg,projector,-0.9290,1.2582,3,chainsaw
sigreg,projector,0.1098,-1.1162,3,chainsaw
sigreg,projector,0.4407,-0.6999,3,chainsaw
sigreg,projector,-0.4397,-0.0744,3,chainsaw
sigreg,projector,-1.8246,0.5391,3,chainsaw
sigreg,projector,-0.2680,1.0140,3,chainsaw
sigreg,projector,1.6705,1.9613,3,chainsaw
sigreg,projector,-0.0258,0.3674,3,chainsaw
sigreg,projector,-0.1456,-0.5954,3,chainsaw
sigreg,projector,-0.0187,0.7093,3,chainsaw
sigreg,projector,-0.6043,-0.0391,3,chainsaw
sigreg,projector,-0.6109,0.8855,3,chainsaw
sigreg,projector,-0.1327,0.1660,3,chainsaw
sigreg,projector,-0.9596,0.1912,3,chainsaw
sigreg,projector,0.4976,1.5607,3,chainsaw
sigreg,projector,-0.3876,1.1328,3,chainsaw
sigreg,projector,0.7726,-0.3024,3,chainsaw
sigreg,projector,-0.1434,1.4424,3,chainsaw
sigreg,projector,-0.3002,0.9090,3,chainsaw
sigreg,projector,-1.7845,-0.4962,3,chainsaw
sigreg,projector,-0.3993,-0.1158,3,chainsaw
sigreg,projector,1.7169,1.7816,3,chainsaw
sigreg,projector,1.3947,1.4170,3,chainsaw
sigreg,projector,0.3143,0.6282,3,chainsaw
sigreg,projector,1.6790,-0.1437,3,chainsaw
sigreg,projector,-1.3090,0.7332,3,chainsaw
sigreg,projector,0.7841,-0.1435,3,chainsaw
sigreg,projector,-0.9491,0.0549,3,chainsaw
sigreg,projector,-0.3309,0.2221,3,chainsaw
sigreg,projector,0.2155,1.2337,3,chainsaw
sigreg,projector,0.4921,0.0792,3,chainsaw
sigreg,projector,1.7538,1.9208,3,chainsaw
sigreg,projector,-0.7164,-0.3279,3,chainsaw
sigreg,projector,0.4324,-1.0785,3,chainsaw
sigreg,projector,-0.1037,0.0255,3,chainsaw
sigreg,projector,0.8456,-0.6549,3,chainsaw
sigreg,projector,0.4696,-0.1573,3,chainsaw
sigreg,projector,1.5830,1.3739,3,chainsaw
sigreg,projector,-0.1302,0.2531,3,chainsaw
sigreg,projector,0.2083,1.2733,3,chainsaw
sigreg,projector,-0.0895,1.1186,3,chainsaw
sigreg,projector,-0.6822,1.2948,3,chainsaw
sigreg,projector,-0.9853,-0.2957,3,chainsaw
sigreg,projector,0.4891,1.4055,3,chainsaw
sigreg,projector,-0.0003,0.9045,3,chainsaw
sigreg,projector,-0.5634,1.1516,3,chainsaw
sigreg,projector,-0.2476,1.4557,3,chainsaw
sigreg,projector,1.5614,1.4155,3,chainsaw
sigreg,projector,0.2281,0.1268,3,chainsaw
sigreg,projector,0.4901,0.2444,3,chainsaw
sigreg,projector,-0.2524,0.9858,3,chainsaw
sigreg,projector,-0.1425,0.5492,3,chainsaw
sigreg,projector,1.2705,1.6275,3,chainsaw
sigreg,projector,0.6403,0.1131,3,chainsaw
sigreg,projector,-0.3269,1.3887,3,chainsaw
sigreg,projector,1.4204,1.5724,3,chainsaw
sigreg,projector,-1.1193,-0.3032,3,chainsaw
sigreg,projector,1.2628,1.3138,3,chainsaw
sigreg,projector,-0.3878,0.0924,3,chainsaw
sigreg,projector,-0.0986,1.0897,3,chainsaw
sigreg,projector,0.4849,-0.1891,3,chainsaw
sigreg,projector,-0.6025,1.4037,3,chainsaw
sigreg,projector,-0.1335,0.6515,3,chainsaw
sigreg,projector,-0.1947,-0.3347,3,chainsaw
sigreg,projector,1.6406,1.8194,3,chainsaw
sigreg,projector,-0.0528,1.2219,3,chainsaw
sigreg,projector,0.3744,0.7948,3,chainsaw
sigreg,projector,-0.0907,-2.1190,3,chainsaw
sigreg,projector,-1.4427,-0.3120,3,chainsaw
sigreg,projector,0.7200,-1.3197,3,chainsaw
sigreg,projector,0.3135,-1.1795,3,chainsaw
sigreg,projector,1.5429,1.5206,3,chainsaw
sigreg,projector,0.1471,0.1055,3,chainsaw
sigreg,projector,-0.2097,1.2004,3,chainsaw
sigreg,projector,0.2469,-0.5642,3,chainsaw
sigreg,projector,-0.7040,1.3462,3,chainsaw
sigreg,projector,-1.4810,-0.7216,3,chainsaw
sigreg,projector,0.0210,0.2105,3,chainsaw
sigreg,projector,-0.0484,-0.0633,3,chainsaw
sigreg,projector,1.8383,2.0087,3,chainsaw
sigreg,projector,-0.2845,0.0518,3,chainsaw
sigreg,projector,-0.2807,0.7854,3,chainsaw
sigreg,projector,-0.2998,0.9539,3,chainsaw
sigreg,projector,-0.3114,0.8578,3,chainsaw
sigreg,projector,0.2608,1.5384,3,chainsaw
sigreg,projector,0.4656,-0.4360,3,chainsaw
sigreg,projector,1.7651,1.9814,3,chainsaw
sigreg,projector,1.6207,1.5951,3,chainsaw
sigreg,projector,1.3442,1.6596,3,chainsaw
sigreg,projector,1.6139,1.7394,3,chainsaw
sigreg,projector,0.8800,1.1622,3,chainsaw
sigreg,projector,0.2401,-0.6128,3,chainsaw
sigreg,projector,0.8321,1.3624,3,chainsaw
sigreg,projector,1.7922,1.9369,3,chainsaw
sigreg,projector,1.8922,1.9872,3,chainsaw
sigreg,projector,1.7469,1.6972,3,chainsaw
sigreg,projector,-0.6504,0.3952,3,chainsaw
sigreg,projector,0.1115,-0.5590,3,chainsaw
sigreg,projector,0.4449,0.7231,3,chainsaw
sigreg,projector,-0.8009,0.7634,3,chainsaw
sigreg,projector,-0.0322,1.0723,3,chainsaw
sigreg,projector,0.7827,0.5898,3,chainsaw
sigreg,projector,-1.2186,-0.1064,3,chainsaw
sigreg,projector,1.8674,1.0450,3,chainsaw
sigreg,projector,1.6222,1.9008,3,chainsaw
sigreg,projector,0.0141,0.8973,3,chainsaw
sigreg,projector,0.9576,1.5145,3,chainsaw
sigreg,projector,-0.1209,1.1893,3,chainsaw
sigreg,projector,-1.3535,0.2883,3,chainsaw
sigreg,projector,0.1384,0.3066,3,chainsaw
sigreg,projector,-0.6010,0.9184,3,chainsaw
sigreg,projector,0.1431,0.4763,3,chainsaw
sigreg,projector,0.4838,0.9301,3,chainsaw
sigreg,projector,-1.0733,1.2890,3,chainsaw
sigreg,projector,-0.3237,0.4149,3,chainsaw
sigreg,projector,1.3120,1.6194,3,chainsaw
sigreg,projector,0.8022,1.1279,3,chainsaw
sigreg,projector,1.4478,1.2830,3,chainsaw
sigreg,projector,-0.1734,1.0238,3,chainsaw
sigreg,projector,2.0309,1.6054,3,chainsaw
sigreg,projector,-0.1961,0.0598,3,chainsaw
sigreg,projector,-1.4224,1.3515,3,chainsaw
sigreg,projector,0.0074,0.8025,3,chainsaw
sigreg,projector,-0.2553,0.6615,3,chainsaw
sigreg,projector,-0.4701,-0.1058,3,chainsaw
sigreg,projector,-2.3471,-0.3376,3,chainsaw
sigreg,projector,1.6469,1.3669,3,chainsaw
sigreg,projector,-0.8148,-0.2968,3,chainsaw
sigreg,projector,0.0185,1.1634,3,chainsaw
sigreg,projector,0.0828,0.5317,3,chainsaw
sigreg,projector,-0.8433,0.6707,3,chainsaw
sigreg,projector,1.7842,1.2999,3,chainsaw
sigreg,projector,1.8660,1.9278,3,chainsaw
sigreg,projector,1.7508,1.7100,3,chainsaw
sigreg,projector,-0.6903,0.2627,3,chainsaw
sigreg,projector,0.5946,0.7943,3,chainsaw
sigreg,projector,1.4591,1.8147,3,chainsaw
sigreg,projector,0.6264,1.0233,3,chainsaw
sigreg,projector,-0.5843,0.5514,3,chainsaw
sigreg,projector,0.0048,-0.1819,3,chainsaw
sigreg,projector,-1.0209,1.6673,3,chainsaw
sigreg,projector,0.2590,-0.2261,3,chainsaw
sigreg,projector,0.1043,-0.1399,3,chainsaw
sigreg,projector,-0.1103,0.9662,3,chainsaw
sigreg,projector,-0.4695,0.7858,3,chainsaw
sigreg,projector,-0.6343,0.7043,3,chainsaw
sigreg,projector,0.1998,0.2139,3,chainsaw
sigreg,projector,-0.6594,0.9257,3,chainsaw
sigreg,projector,0.2587,1.8029,3,chainsaw
sigreg,projector,0.1085,0.6457,3,chainsaw
sigreg,projector,-0.6147,0.3980,3,chainsaw
sigreg,projector,-0.4576,0.4784,3,chainsaw
sigreg,projector,0.6538,-0.0789,3,chainsaw
sigreg,projector,0.1263,-0.0913,3,chainsaw
sigreg,projector,-0.8590,-0.6378,3,chainsaw
sigreg,projector,-0.4977,0.3416,3,chainsaw
sigreg,projector,1.4706,1.5398,3,chainsaw
sigreg,projector,-0.4410,0.2400,3,chainsaw
sigreg,projector,-0.3533,0.1783,3,chainsaw
sigreg,projector,-0.2974,0.2312,3,chainsaw
sigreg,projector,-0.3416,-0.0390,3,chainsaw
sigreg,projector,-0.0900,1.3429,3,chainsaw
sigreg,projector,-0.8329,0.1134,3,chainsaw
sigreg,projector,0.7232,1.3215,3,chainsaw
sigreg,projector,0.1124,0.6391,3,chainsaw
sigreg,projector,-0.8407,1.4260,3,chainsaw
sigreg,projector,-0.5358,-0.5771,3,chainsaw
sigreg,projector,0.2124,1.5216,3,chainsaw
sigreg,projector,0.0808,0.8246,3,chainsaw
sigreg,projector,0.9436,-0.4332,3,chainsaw
sigreg,projector,0.0311,0.7200,3,chainsaw
sigreg,projector,0.8725,0.6388,3,chainsaw
sigreg,projector,1.4641,1.8712,3,chainsaw
sigreg,projector,-0.0767,-0.0578,3,chainsaw
sigreg,projector,-0.6655,0.1997,3,chainsaw
sigreg,projector,-0.7328,0.6307,3,chainsaw
sigreg,projector,0.2932,-0.9309,3,chainsaw
sigreg,projector,-0.7986,-0.0412,3,chainsaw
sigreg,projector,0.7335,0.9505,3,chainsaw
sigreg,projector,-0.6980,0.8583,3,chainsaw
sigreg,projector,0.0955,0.3096,3,chainsaw
sigreg,projector,1.1923,1.2747,3,chainsaw
sigreg,projector,1.4655,1.4079,3,chainsaw
sigreg,projector,0.5477,0.0071,3,chainsaw
sigreg,projector,0.4748,0.6113,3,chainsaw
sigreg,projector,-0.1649,1.3046,3,chainsaw
sigreg,projector,-0.1145,-0.9533,3,chainsaw
sigreg,projector,-1.0016,-0.8815,3,chainsaw
sigreg,projector,0.0846,0.9858,3,chainsaw
sigreg,projector,0.1944,1.1283,3,chainsaw
sigreg,projector,0.7433,-0.4294,3,chainsaw
sigreg,projector,-0.5166,-0.0583,3,chainsaw
sigreg,projector,0.1985,-0.3474,3,chainsaw
sigreg,projector,1.3380,1.8746,3,chainsaw
sigreg,projector,-0.4453,-0.0159,3,chainsaw
sigreg,projector,-1.0978,-0.5212,3,chainsaw
sigreg,projector,0.1100,0.3410,3,chainsaw
sigreg,projector,1.2695,1.7879,3,chainsaw
sigreg,projector,-0.5358,-0.2290,3,chainsaw
sigreg,projector,-0.2065,-0.1829,3,chainsaw
sigreg,projector,-1.0949,-0.3138,3,chainsaw
sigreg,projector,1.2635,0.7313,3,chainsaw
sigreg,projector,-0.5856,0.4324,3,chainsaw
sigreg,projector,-0.2584,1.3176,3,chainsaw
sigreg,projector,-0.6185,0.7169,3,chainsaw
sigreg,projector,-0.2605,1.0252,3,chainsaw
sigreg,projector,-0.0882,-0.2057,3,chainsaw
sigreg,projector,0.3374,-0.0637,3,chainsaw
sigreg,projector,0.3412,0.3579,3,chainsaw
sigreg,projector,1.7119,0.2757,3,chainsaw
sigreg,projector,-0.0741,0.3659,3,chainsaw
sigreg,projector,0.2207,1.2809,3,chainsaw
sigreg,projector,-0.5531,0.6324,3,chainsaw
sigreg,projector,-1.0728,0.8070,3,chainsaw
sigreg,projector,-0.8965,0.2185,3,chainsaw
sigreg,projector,-0.9922,0.6688,3,chainsaw
sigreg,projector,-0.0309,0.3869,3,chainsaw
sigreg,projector,0.2556,0.0656,3,chainsaw
sigreg,projector,-0.0074,0.8441,3,chainsaw
sigreg,projector,1.0478,1.1355,3,chainsaw
sigreg,projector,0.2549,1.1730,3,chainsaw
sigreg,projector,1.2931,0.8915,3,chainsaw
sigreg,projector,0.1198,1.0150,3,chainsaw
sigreg,projector,-0.9906,0.6652,3,chainsaw
sigreg,projector,1.0347,0.9584,3,chainsaw
sigreg,projector,-0.6282,-0.0483,3,chainsaw
sigreg,projector,-0.7045,-0.0049,3,chainsaw
sigreg,projector,-0.1098,-0.7131,3,chainsaw
sigreg,projector,-1.4735,0.5185,3,chainsaw
sigreg,projector,-0.0041,1.1988,3,chainsaw
sigreg,projector,0.1069,0.3585,3,chainsaw
sigreg,projector,0.1175,1.1079,3,chainsaw
sigreg,projector,1.5360,1.5111,3,chainsaw
sigreg,projector,-0.6397,0.1253,3,chainsaw
sigreg,projector,1.5886,1.2015,3,chainsaw
sigreg,projector,-0.0353,1.2633,3,chainsaw
sigreg,projector,0.6561,1.4313,3,chainsaw
sigreg,projector,1.5879,1.7831,3,chainsaw
sigreg,projector,-0.1830,-0.1090,3,chainsaw
sigreg,projector,2.0402,2.0759,3,chainsaw
sigreg,projector,0.0981,-0.2559,3,chainsaw
sigreg,projector,-0.3663,0.4915,3,chainsaw
sigreg,projector,0.9136,1.3078,3,chainsaw
sigreg,projector,1.6020,1.9361,3,chainsaw
sigreg,projector,0.5503,0.1486,3,chainsaw
sigreg,projector,1.6774,1.6562,3,chainsaw
sigreg,projector,0.3748,0.6754,3,chainsaw
sigreg,projector,0.3779,-0.0731,3,chainsaw
sigreg,projector,0.3926,0.8157,3,chainsaw
sigreg,projector,0.2688,0.4773,3,chainsaw
sigreg,projector,-0.0511,0.3153,3,chainsaw
sigreg,projector,1.1093,1.4060,3,chainsaw
sigreg,projector,0.9240,1.0588,3,chainsaw
sigreg,projector,1.7572,1.6390,3,chainsaw
sigreg,projector,-0.7347,0.8287,3,chainsaw
sigreg,projector,0.1203,0.5545,3,chainsaw
sigreg,projector,1.6546,1.5084,3,chainsaw
sigreg,projector,0.2692,1.7229,3,chainsaw
sigreg,projector,0.5534,1.2374,3,chainsaw
sigreg,projector,-0.0753,0.3661,3,chainsaw
sigreg,projector,1.3500,1.2959,3,chainsaw
sigreg,projector,0.2614,0.6152,3,chainsaw
sigreg,projector,-0.7145,1.2688,3,chainsaw
sigreg,projector,0.9543,-0.2507,3,chainsaw
sigreg,projector,-1.2985,0.2764,3,chainsaw
sigreg,projector,-0.5602,0.3390,3,chainsaw
sigreg,projector,-2.8136,-0.9704,3,chainsaw
sigreg,projector,-1.2606,0.8935,3,chainsaw
sigreg,projector,-0.0104,1.2170,3,chainsaw
sigreg,projector,-0.2837,0.7986,3,chainsaw
sigreg,projector,-0.9303,0.6154,3,chainsaw
sigreg,projector,-0.5183,1.1803,3,chainsaw
sigreg,projector,-0.4188,0.2514,3,chainsaw
sigreg,projector,1.1270,1.6760,3,chainsaw
sigreg,projector,1.6461,1.5909,3,chainsaw
sigreg,projector,-0.4611,1.8015,3,chainsaw
sigreg,projector,1.7883,1.7995,3,chainsaw
sigreg,projector,0.6079,0.6914,3,chainsaw
sigreg,projector,-0.5554,0.5214,3,chainsaw
sigreg,projector,0.0401,1.3736,3,chainsaw
sigreg,projector,-1.0820,0.1472,3,chainsaw
sigreg,projector,-0.3429,1.2988,3,chainsaw
sigreg,projector,1.7162,1.6159,3,chainsaw
sigreg,projector,0.8259,1.1339,3,chainsaw
sigreg,projector,-0.4155,0.0350,3,chainsaw
sigreg,projector,-0.1222,1.5458,3,chainsaw
sigreg,projector,0.1608,1.2906,3,chainsaw
sigreg,projector,-0.3469,1.2088,3,chainsaw
sigreg,projector,-0.4920,0.0870,3,chainsaw
sigreg,projector,0.0457,0.2970,3,chainsaw
sigreg,projector,-0.6441,-0.1132,3,chainsaw
sigreg,projector,1.4084,1.3670,3,chainsaw
sigreg,projector,-0.6907,-0.6323,3,chainsaw
sigreg,projector,-0.0076,0.1666,3,chainsaw
sigreg,projector,0.1130,0.5510,3,chainsaw
sigreg,projector,-0.4452,0.5188,3,chainsaw
sigreg,projector,-0.3210,0.5873,3,chainsaw
sigreg,projector,-0.2403,0.5170,3,chainsaw
sigreg,projector,-0.3972,1.0712,3,chainsaw
sigreg,projector,0.2025,1.2201,3,chainsaw
sigreg,projector,0.2645,0.7544,3,chainsaw
sigreg,projector,-0.3998,0.2190,3,chainsaw
sigreg,projector,-0.5861,1.2757,3,chainsaw
sigreg,projector,-0.2461,1.0791,3,chainsaw
sigreg,projector,1.5602,1.6249,3,chainsaw
sigreg,projector,0.0639,1.0877,3,chainsaw
sigreg,projector,-0.5782,1.4035,3,chainsaw
sigreg,projector,1.5935,1.4746,3,chainsaw
sigreg,projector,-0.0498,0.2136,3,chainsaw
sigreg,projector,-1.1261,0.6441,3,chainsaw
sigreg,projector,0.1581,-0.3003,3,chainsaw
sigreg,projector,0.1829,0.8083,3,chainsaw
sigreg,projector,1.8117,2.0206,3,chainsaw
sigreg,projector,0.4948,1.2184,3,chainsaw
sigreg,projector,0.5910,0.2344,3,chainsaw
sigreg,projector,-1.5908,-0.1654,3,chainsaw
sigreg,projector,1.8575,1.1839,3,chainsaw
sigreg,projector,-0.3560,0.4108,3,chainsaw
sigreg,projector,1.3992,-1.3919,4,church
sigreg,projector,1.4071,-2.1837,4,church
sigreg,projector,0.6938,-1.7286,4,church
sigreg,projector,3.3174,0.1718,4,church
sigreg,projector,3.0628,0.5804,4,church
sigreg,projector,0.9772,-2.1792,4,church
sigreg,projector,0.9730,-1.1224,4,church
sigreg,projector,0.8726,-0.8017,4,church
sigreg,projector,0.7648,-1.7736,4,church
sigreg,projector,0.7256,-2.3505,4,church
sigreg,projector,3.1283,0.5897,4,church
sigreg,projector,3.1960,0.6257,4,church
sigreg,projector,0.7802,-2.2803,4,church
sigreg,projector,0.8570,-1.4767,4,church
sigreg,projector,0.9648,-1.5335,4,church
sigreg,projector,1.6018,-1.9662,4,church
sigreg,projector,0.9769,0.6299,4,church
sigreg,projector,1.7642,-1.6585,4,church
sigreg,projector,3.2439,0.3806,4,church
sigreg,projector,1.6347,-1.9440,4,church
sigreg,projector,0.3805,-2.2996,4,church
sigreg,projector,1.7885,-0.8930,4,church
sigreg,projector,1.3982,-2.0890,4,church
sigreg,projector,3.1941,0.9329,4,church
sigreg,projector,1.9822,-1.9218,4,church
sigreg,projector,1.8799,-1.2352,4,church
sigreg,projector,-0.7300,-0.5008,4,church
sigreg,projector,1.2491,-0.5346,4,church
sigreg,projector,1.4925,-1.7926,4,church
sigreg,projector,2.1973,-1.8487,4,church
sigreg,projector,2.0632,-0.3773,4,church
sigreg,projector,1.8482,-0.1297,4,church
sigreg,projector,2.6774,-0.0950,4,church
sigreg,projector,1.0165,-1.5049,4,church
sigreg,projector,1.3852,-2.5833,4,church
sigreg,projector,0.9685,-2.4070,4,church
sigreg,projector,0.4263,-2.6426,4,church
sigreg,projector,0.7539,-0.9784,4,church
sigreg,projector,3.2695,0.7903,4,church
sigreg,projector,3.0467,0.4537,4,church
sigreg,projector,1.3653,-2.1023,4,church
sigreg,projector,0.5295,-2.1940,4,church
sigreg,projector,0.6875,-1.2373,4,church
sigreg,projector,1.8540,-1.2014,4,church
sigreg,projector,0.8459,-2.0980,4,church
sigreg,projector,0.1742,-1.4529,4,church
sigreg,projector,2.2836,-2.4554,4,church
sigreg,projector,3.0093,0.4291,4,church
sigreg,projector,2.3127,-2.0434,4,church
sigreg,projector,1.4947,-2.2536,4,church
sigreg,projector,0.2785,-2.1109,4,church
sigreg,projector,1.2560,-0.6547,4,church
sigreg,projector,0.8013,-1.1480,4,church
sigreg,projector,-0.1176,-1.6274,4,church
sigreg,projector,1.8897,-2.4923,4,church
sigreg,projector,0.4643,-1.3851,4,church
sigreg,projector,2.0873,-1.8296,4,church
sigreg,projector,0.8520,-1.9895,4,church
sigreg,projector,0.7696,-1.1113,4,church
sigreg,projector,1.1901,-0.6094,4,church
sigreg,projector,1.1890,-1.9789,4,church
sigreg,projector,1.3061,-1.7358,4,church
sigreg,projector,0.8092,-0.4063,4,church
sigreg,projector,0.4080,-2.3978,4,church
sigreg,projector,2.2699,0.3479,4,church
sigreg,projector,2.5699,-0.7803,4,church
sigreg,projector,1.7661,-2.5742,4,church
sigreg,projector,1.9684,-2.4052,4,church
sigreg,projector,1.5408,-2.2634,4,church
sigreg,projector,1.8075,-2.3117,4,church
sigreg,projector,3.0400,0.7747,4,church
sigreg,projector,0.5579,-2.3194,4,church
sigreg,projector,0.8635,-2.1556,4,church
sigreg,projector,1.4423,-1.5969,4,church
sigreg,projector,0.8054,-2.4270,4,church
sigreg,projector,0.8960,-1.8203,4,church
sigreg,projector,1.0319,-2.2249,4,church
sigreg,projector,3.0592,0.6740,4,church
sigreg,projector,3.3310,1.1006,4,church
sigreg,projector,2.8579,0.1567,4,church
sigreg,projector,0.7699,-1.6794,4,church
sigreg,projector,0.7717,-1.8569,4,church
sigreg,projector,1.1546,-1.5685,4,church
sigreg,projector,2.2411,-1.1533,4,church
sigreg,projector,0.3646,-1.4297,4,church
sigreg,projector,2.7129,-0.5524,4,church
sigreg,projector,2.1474,-2.2195,4,church
sigreg,projector,1.5509,-2.1195,4,church
sigreg,projector,-0.2512,-0.5998,4,church
sigreg,projector,1.2576,-0.6706,4,church
sigreg,projector,2.9873,0.7198,4,church
sigreg,projector,0.2826,-1.5144,4,church
sigreg,projector,-0.2506,-2.3167,4,church
sigreg,projector,3.0495,0.2459,4,church
sigreg,projector,1.6820,-1.1995,4,church
sigreg,projector,1.1675,-2.0586,4,church
sigreg,projector,0.7406,-1.8504,4,church
sigreg,projector,1.0631,-1.6922,4,church
sigreg,projector,-1.5979,-1.7675,4,church
sigreg,projector,2.1059,-1.5163,4,church
sigreg,projector,1.4048,-2.3768,4,church
sigreg,projector,2.5518,-1.3849,4,church
sigreg,projector,0.3892,-1.7517,4,church
sigreg,projector,2.7062,0.1789,4,church
sigreg,projector,0.5885,-2.0279,4,church
sigreg,projector,2.0384,-1.7118,4,church
sigreg,projector,0.5282,-0.3342,4,church
sigreg,projector,3.0486,1.0811,4,church
sigreg,projector,2.8031,0.1277,4,church
sigreg,projector,2.3964,-0.2324,4,church
sigreg,projector,0.9278,-1.9949,4,church
sigreg,projector,1.9969,-2.2648,4,church
sigreg,projector,3.0318,0.3390,4,church
sigreg,projector,1.6088,-2.0409,4,church
sigreg,projector,1.4085,-2.3392,4,church
sigreg,projector,3.0796,0.4454,4,church
sigreg,projector,1.4288,-2.1452,4,church
sigreg,projector,0.8403,-2.2315,4,church
sigreg,projector,1.1457,-1.6073,4,church
sigreg,projector,1.9106,-1.4475,4,church
sigreg,projector,2.4538,0.3844,4,church
sigreg,projector,3.0208,0.6695,4,church
sigreg,projector,0.8779,0.6384,4,church
sigreg,projector,2.8891,-0.0512,4,church
sigreg,projector,2.4042,-1.8561,4,church
sigreg,projector,1.0366,-2.0384,4,church
sigreg,projector,1.6820,-1.7766,4,church
sigreg,projector,2.3050,-0.5758,4,church
sigreg,projector,1.6032,-1.7939,4,church
sigreg,projector,2.6755,-1.2983,4,church
sigreg,projector,0.9574,-2.1736,4,church
sigreg,projector,1.3843,-1.5357,4,church
sigreg,projector,2.1975,-0.9500,4,church
sigreg,projector,1.4206,-2.2119,4,church
sigreg,projector,0.8864,-2.3622,4,church
sigreg,projector,0.5658,-1.8182,4,church
sigreg,projector,1.8499,-1.7942,4,church
sigreg,projector,0.6870,-1.8909,4,church
sigreg,projector,1.1270,-2.5388,4,church
sigreg,projector,1.0349,-1.8482,4,church
sigreg,projector,1.4092,-1.5977,4,church
sigreg,projector,1.1752,-2.3760,4,church
sigreg,projector,0.4034,-1.9388,4,church
sigreg,projector,3.2550,0.7398,4,church
sigreg,projector,2.9138,-0.4069,4,church
sigreg,projector,3.0236,-0.3256,4,church
sigreg,projector,1.0843,-1.6956,4,church
sigreg,projector,1.3785,-2.2371,4,church
sigreg,projector,1.6826,-1.2170,4,church
sigreg,projector,0.5252,-1.9654,4,church
sigreg,projector,1.3909,-1.5028,4,church
sigreg,projector,1.3970,-1.2016,4,church
sigreg,projector,1.9676,-2.4272,4,church
sigreg,projector,0.9608,-1.7703,4,church
sigreg,projector,1.7141,-1.6773,4,church
sigreg,projector,1.0722,-2.2265,4,church
sigreg,projector,1.5139,-1.7777,4,church
sigreg,projector,1.1464,-1.6043,4,church
sigreg,projector,1.5594,-1.7723,4,church
sigreg,projector,0.7678,-1.8521,4,church
sigreg,projector,2.7816,0.2185,4,church
sigreg,projector,2.5226,-1.1231,4,church
sigreg,projector,3.0365,0.9045,4,church
sigreg,projector,1.7091,-2.7386,4,church
sigreg,projector,1.0603,-2.3642,4,church
sigreg,projector,1.0391,-2.4347,4,church
sigreg,projector,2.3260,0.3945,4,church
sigreg,projector,0.8489,-1.8199,4,church
sigreg,projector,0.5078,-1.2026,4,church
sigreg,projector,1.1137,-1.7308,4,church
sigreg,projector,1.8749,-2.5275,4,church
sigreg,projector,1.5212,-1.9164,4,church
sigreg,projector,3.1715,0.7088,4,church
sigreg,projector,1.6339,-2.3953,4,church
sigreg,projector,0.1432,-0.6428,4,church
sigreg,projector,3.1812,0.6166,4,church
sigreg,projector,1.6841,-1.6198,4,church
sigreg,projector,2.1605,-2.3625,4,church
sigreg,projector,3.3218,0.2671,4,church
sigreg,projector,2.0877,-1.9847,4,church
sigreg,projector,2.3800,-0.5371,4,church
sigreg,projector,1.7266,-2.4328,4,church
sigreg,projector,0.4155,-1.8304,4,church
sigreg,projector,1.0259,-2.1472,4,church
sigreg,projector,0.9916,-2.1926,4,church
sigreg,projector,1.0245,-2.5345,4,church
sigreg,projector,0.9407,-2.0112,4,church
sigreg,projector,2.7573,0.7603,4,church
sigreg,projector,1.0614,-1.5199,4,church
sigreg,projector,1.1957,-2.5416,4,church
sigreg,projector,0.7310,-2.3354,4,church
sigreg,projector,0.4117,-1.2596,4,church
sigreg,projector,2.0233,-1.8397,4,church
sigreg,projector,0.3574,-0.1243,4,church
sigreg,projector,2.9570,0.3718,4,church
sigreg,projector,0.3788,-1.0378,4,church
sigreg,projector,0.3131,-2.2252,4,church
sigreg,projector,1.7116,-1.3240,4,church
sigreg,projector,2.1252,-2.3711,4,church
sigreg,projector,1.0179,-1.7762,4,church
sigreg,projector,0.7697,-2.2172,4,church
sigreg,projector,1.5270,-2.2307,4,church
sigreg,projector,1.4499,-2.6828,4,church
sigreg,projector,0.3703,-2.3732,4,church
sigreg,projector,0.7950,-1.9845,4,church
sigreg,projector,0.9115,-1.4426,4,church
sigreg,projector,0.5691,-1.3522,4,church
sigreg,projector,1.7160,-2.0883,4,church
sigreg,projector,1.3431,-2.5133,4,church
sigreg,projector,0.6315,-2.6379,4,church
sigreg,projector,1.7683,-1.4582,4,church
sigreg,projector,3.2816,0.7650,4,church
sigreg,projector,1.1789,-2.0401,4,church
sigreg,projector,0.7815,-2.0920,4,church
sigreg,projector,0.6903,-1.7581,4,church
sigreg,projector,1.1096,-2.2072,4,church
sigreg,projector,1.5249,-2.6213,4,church
sigreg,projector,0.7148,-1.8081,4,church
sigreg,projector,1.3834,-2.0266,4,church
sigreg,projector,1.0187,-2.3906,4,church
sigreg,projector,1.3774,-2.2541,4,church
sigreg,projector,1.4758,-2.3225,4,church
sigreg,projector,0.9758,-2.2770,4,church
sigreg,projector,0.3978,-2.2461,4,church
sigreg,projector,1.0786,-2.2197,4,church
sigreg,projector,2.8655,0.0163,4,church
sigreg,projector,2.0323,-2.2235,4,church
sigreg,projector,0.4314,-2.4595,4,church
sigreg,projector,2.1380,-2.6496,4,church
sigreg,projector,1.1176,-1.4843,4,church
sigreg,projector,1.0120,-2.0610,4,church
sigreg,projector,0.8055,-1.8648,4,church
sigreg,projector,0.7318,-2.5742,4,church
sigreg,projector,0.9130,-2.2843,4,church
sigreg,projector,0.7719,-1.7042,4,church
sigreg,projector,1.1052,-2.6606,4,church
sigreg,projector,1.0379,-1.3026,4,church
sigreg,projector,2.0018,-2.7183,4,church
sigreg,projector,2.7291,-0.1527,4,church
sigreg,projector,0.0918,-1.1249,4,church
sigreg,projector,1.0812,-1.6289,4,church
sigreg,projector,0.7558,-1.8568,4,church
sigreg,projector,1.5452,-2.2580,4,church
sigreg,projector,3.4938,0.5547,4,church
sigreg,projector,0.7513,-1.8804,4,church
sigreg,projector,1.0615,-1.9369,4,church
sigreg,projector,3.1459,0.6640,4,church
sigreg,projector,0.8090,-1.9442,4,church
sigreg,projector,1.2085,-2.6123,4,church
sigreg,projector,0.7439,-2.6298,4,church
sigreg,projector,0.5741,-1.8085,4,church
sigreg,projector,0.7992,0.6023,4,church
sigreg,projector,1.6273,-2.3716,4,church
sigreg,projector,1.9516,-1.6336,4,church
sigreg,projector,3.0348,0.3848,4,church
sigreg,projector,3.3208,-0.2816,4,church
sigreg,projector,2.4176,-0.1416,4,church
sigreg,projector,2.7276,-0.6023,4,church
sigreg,projector,1.2481,-1.2609,4,church
sigreg,projector,0.9761,-1.7976,4,church
sigreg,projector,0.8146,-1.9984,4,church
sigreg,projector,-0.1514,-1.3455,4,church
sigreg,projector,1.3783,-2.8283,4,church
sigreg,projector,1.0830,-1.7282,4,church
sigreg,projector,1.5521,-1.6954,4,church
sigreg,projector,0.8930,-2.2656,4,church
sigreg,projector,0.4245,-2.2227,4,church
sigreg,projector,0.3538,-2.2997,4,church
sigreg,projector,1.4136,-2.0478,4,church
sigreg,projector,1.8563,-1.4684,4,church
sigreg,projector,1.5213,-2.0049,4,church
sigreg,projector,2.8587,-0.0379,4,church
sigreg,projector,1.1917,-1.0306,4,church
sigreg,projector,2.4515,-0.0262,4,church
sigreg,projector,0.6461,-1.8865,4,church
sigreg,projector,1.4006,-1.6755,4,church
sigreg,projector,3.4226,0.7708,4,church
sigreg,projector,0.8698,-2.4005,4,church
sigreg,projector,1.9285,-2.4365,4,church
sigreg,projector,0.1608,-1.6887,4,church
sigreg,projector,2.0359,0.6168,4,church
sigreg,projector,0.5849,-1.8388,4,church
sigreg,projector,1.3438,-2.2205,4,church
sigreg,projector,2.2370,1.1566,4,church
sigreg,projector,1.7055,-2.1570,4,church
sigreg,projector,-0.5132,-1.7074,4,church
sigreg,projector,1.8325,-2.1769,4,church
sigreg,projector,1.3295,-1.9583,4,church
sigreg,projector,1.4409,-1.8020,4,church
sigreg,projector,-0.0055,-1.0458,4,church
sigreg,projector,0.5676,-2.5131,4,church
sigreg,projector,3.0961,0.6892,4,church
sigreg,projector,3.2078,0.7760,4,church
sigreg,projector,1.2036,-1.9196,4,church
sigreg,projector,1.0658,-2.2784,4,church
sigreg,projector,0.3146,-0.9711,4,church
sigreg,projector,1.8903,-2.0998,4,church
sigreg,projector,0.1539,-0.9522,4,church
sigreg,projector,3.2058,0.4216,4,church
sigreg,projector,2.9226,0.4731,4,church
sigreg,projector,-0.5809,-2.0451,4,church
sigreg,projector,1.2087,-1.9864,4,church
sigreg,projector,1.9473,-2.2828,4,church
sigreg,projector,2.1126,-1.9320,4,church
sigreg,projector,2.6567,0.3916,4,church
sigreg,projector,1.1291,-2.3286,4,church
sigreg,projector,1.7680,-1.3631,4,church
sigreg,projector,1.5587,0.3570,4,church
sigreg,projector,0.7568,-2.1762,4,church
sigreg,projector,0.4244,-2.2648,4,church
sigreg,projector,1.3701,-1.9727,4,church
sigreg,projector,1.2568,-1.4907,4,church
sigreg,projector,1.9880,-1.9407,4,church
sigreg,projector,2.2213,-2.0094,4,church
sigreg,projector,0.8452,-2.2303,4,church
sigreg,projector,1.2231,-2.2080,4,church
sigreg,projector,0.6667,-2.3064,4,church
sigreg,projector,3.1786,0.7221,4,church
sigreg,projector,1.1067,-1.7563,4,church
sigreg,projector,0.8395,-2.0968,4,church
sigreg,projector,1.0459,-2.0814,4,church
sigreg,projector,1.0919,-1.4971,4,church
sigreg,projector,1.7392,-2.1823,4,church
sigreg,projector,0.8688,-2.0502,4,church
sigreg,projector,0.2837,-2.2424,4,church
sigreg,projector,0.5615,0.0197,4,church
sigreg,projector,0.5017,-2.1591,4,church
sigreg,projector,0.1940,-2.2356,4,church
sigreg,projector,1.2591,-1.4435,4,church
sigreg,projector,0.3427,-2.1225,4,church
sigreg,projector,1.7305,-2.1871,4,church
sigreg,projector,1.5568,-2.4959,4,church
sigreg,projector,1.5242,-2.2591,4,church
sigreg,projector,2.0054,-2.2533,4,church
sigreg,projector,1.2099,-1.5976,4,church
sigreg,projector,1.2122,-1.7185,4,church
sigreg,projector,1.8909,-1.9029,4,church
sigreg,projector,1.0736,-2.0411,4,church
sigreg,projector,2.8872,0.2196,4,church
sigreg,projector,0.4727,-2.2707,4,church
sigreg,projector,2.9382,0.0529,4,church
sigreg,projector,2.0461,-2.5513,4,church
sigreg,projector,2.8173,0.6987,4,church
sigreg,projector,3.2880,1.1055,4,church
sigreg,projector,1.6503,-1.9159,4,church
sigreg,projector,1.6302,-1.9080,4,church
sigreg,projector,0.6365,-2.0526,4,church
sigreg,projector,1.5631,-1.8763,4,church
sigreg,projector,1.3264,-2.8038,4,church
sigreg,projector,2.9616,0.5586,4,church
sigreg,projector,2.8017,0.0969,4,church
sigreg,projector,3.2691,0.6723,4,church
sigreg,projector,2.3873,-2.2711,4,church
sigreg,projector,2.1148,-1.9967,4,church
sigreg,projector,2.0221,-1.7828,4,church
sigreg,projector,1.7781,-2.4296,4,church
sigreg,projector,1.4407,-1.8856,4,church
sigreg,projector,2.1712,-2.8311,4,church
sigreg,projector,3.0230,0.5706,4,church
sigreg,projector,2.0430,-2.7668,4,church
sigreg,projector,2.9312,0.1470,4,church
sigreg,projector,0.4040,-0.6453,4,church
sigreg,projector,0.7567,-1.9143,4,church
sigreg,projector,1.4859,-2.1849,4,church
sigreg,projector,0.7237,-2.0427,4,church
sigreg,projector,0.3520,-1.2961,4,church
sigreg,projector,1.1056,-1.9167,4,church
sigreg,projector,0.9906,-2.6220,4,church
sigreg,projector,1.6057,-2.0583,4,church
sigreg,projector,0.1146,-0.7328,4,church
sigreg,projector,0.8203,-1.8557,4,church
sigreg,projector,2.0621,-2.0888,4,church
sigreg,projector,1.3493,-0.8951,4,church
sigreg,projector,1.9941,-2.2461,4,church
sigreg,projector,-0.6986,0.0445,4,church
sigreg,projector,2.7551,0.2006,4,church
sigreg,projector,0.7524,-0.5557,4,church
sigreg,projector,1.2711,-2.0999,4,church
sigreg,projector,2.9824,0.6526,4,church
sigreg,projector,0.6387,-1.6636,4,church
sigreg,projector,0.9925,-1.9321,4,church
sigreg,projector,1.5281,-1.1018,4,church
sigreg,projector,1.1506,-1.9896,4,church
sigreg,projector,1.2421,-1.7725,4,church
sigreg,projector,0.0551,0.2268,4,church
sigreg,projector,1.7519,-2.0533,4,church
sigreg,projector,2.9827,0.3894,4,church
sigreg,projector,1.8376,-1.6579,4,church
sigreg,projector,1.2579,-1.5036,4,church
sigreg,projector,2.7655,0.1398,4,church
sigreg,projector,2.0152,-2.3035,4,church
sigreg,projector,2.0794,-2.3353,4,church
sigreg,projector,2.9772,-0.3100,4,church
sigreg,projector,-0.5888,-1.2640,4,church
sigreg,projector,0.7886,-2.3270,4,church
sigreg,projector,0.5514,-1.5137,4,church
sigreg,projector,1.0501,-1.9408,4,church
sigreg,projector,1.0997,-0.7932,4,church
sigreg,projector,2.7330,0.3575,4,church
sigreg,projector,1.9450,-1.9491,4,church
sigreg,projector,1.2380,-1.9933,4,church
sigreg,projector,0.7133,-1.9407,4,church
sigreg,projector,2.0673,-0.4013,4,church
sigreg,projector,1.6064,-2.0691,4,church
sigreg,projector,2.0265,-0.9365,4,church
sigreg,projector,1.0271,-1.7976,4,church
sigreg,projector,0.2949,-1.0467,4,church
sigreg,projector,0.6956,-0.1662,4,church
sigreg,projector,2.1196,-1.7384,4,church
sigreg,projector,0.0646,0.2580,5,horn
sigreg,projector,-0.1755,0.0972,5,horn
sigreg,projector,0.3350,0.4105,5,horn
sigreg,projector,0.1645,0.0150,5,horn
sigreg,projector,0.4378,0.8025,5,horn
sigreg,projector,1.3319,0.6604,5,horn
sigreg,projector,-0.0323,-0.1650,5,horn
sigreg,projector,0.0598,-0.4034,5,horn
sigreg,projector,0.6198,0.5243,5,horn
sigreg,projector,-0.1646,-0.4756,5,horn
sigreg,projector,0.5666,0.4037,5,horn
sigreg,projector,0.2553,-1.1434,5,horn
sigreg,projector,-0.0865,0.1561,5,horn
sigreg,projector,0.1647,0.2917,5,horn
sigreg,projector,-0.1509,0.3137,5,horn
sigreg,projector,-0.0038,0.2209,5,horn
sigreg,projector,0.3490,0.2855,5,horn
sigreg,projector,-0.2396,0.1296,5,horn
sigreg,projector,0.1394,0.4106,5,horn
sigreg,projector,-0.4501,0.0466,5,horn
sigreg,projector,-0.2358,-0.4997,5,horn
sigreg,projector,-0.1477,-0.5106,5,horn
sigreg,projector,0.2007,0.0498,5,horn
sigreg,projector,-0.1459,-0.3937,5,horn
sigreg,projector,-0.3263,0.0935,5,horn
sigreg,projector,-0.0357,-0.3271,5,horn
sigreg,projector,-0.3112,-0.2856,5,horn
sigreg,projector,-0.1705,0.0119,5,horn
sigreg,projector,0.2666,0.5113,5,horn
sigreg,projector,-0.0767,0.3015,5,horn
sigreg,projector,0.6211,0.3638,5,horn
sigreg,projector,-0.0865,-0.0413,5,horn
sigreg,projector,-0.2862,-0.0713,5,horn
sigreg,projector,0.2282,0.1476,5,horn
sigreg,projector,-0.0480,0.0476,5,horn
sigreg,projector,-0.2184,-0.2574,5,horn
sigreg,projector,-0.1653,0.1524,5,horn
sigreg,projector,-0.0583,-0.2421,5,horn
sigreg,projector,-0.0427,0.0817,5,horn
sigreg,projector,0.1724,0.2118,5,horn
sigreg,projector,-0.3881,0.0164,5,horn
sigreg,projector,-0.1667,-0.3834,5,horn
sigreg,projector,-0.4192,0.1664,5,horn
sigreg,projector,-0.4198,0.1885,5,horn
sigreg,projector,-0.2907,-0.4104,5,horn
sigreg,projector,0.0491,0.1249,5,horn
sigreg,projector,-0.1625,-0.1773,5,horn
sigreg,projector,0.1011,-0.1057,5,horn
sigreg,projector,-0.2062,-0.2719,5,horn
sigreg,projector,0.2258,0.1788,5,horn
sigreg,projector,-0.0321,0.2961,5,horn
sigreg,projector,-0.8947,0.2796,5,horn
sigreg,projector,-0.2480,-0.4339,5,horn
sigreg,projector,-0.0809,-0.0594,5,horn
sigreg,projector,-0.1287,0.0829,5,horn
sigreg,projector,-0.0111,0.2826,5,horn
sigreg,projector,-0.1384,0.1910,5,horn
sigreg,projector,-0.0666,-1.0938,5,horn
sigreg,projector,0.4048,0.3748,5,horn
sigreg,projector,-0.5519,0.1493,5,horn
sigreg,projector,0.2938,0.4165,5,horn
sigreg,projector,-0.0725,-0.3655,5,horn
sigreg,projector,-0.6170,0.3308,5,horn
sigreg,projector,0.0222,-0.2081,5,horn
sigreg,projector,-0.1759,0.0674,5,horn
sigreg,projector,-0.0373,-0.0223,5,horn
sigreg,projector,0.5943,0.5799,5,horn
sigreg,projector,-0.3146,-0.3837,5,horn
sigreg,projector,0.0863,0.1617,5,horn
sigreg,projector,0.2513,0.6753,5,horn
sigreg,projector,-0.2328,0.4535,5,horn
sigreg,projector,-0.2003,-0.3076,5,horn
sigreg,projector,-0.0370,-0.3252,5,horn
sigreg,projector,-0.3575,-0.1750,5,horn
sigreg,projector,-0.3828,-0.0194,5,horn
sigreg,projector,-0.3251,0.1984,5,horn
sigreg,projector,-0.2262,-0.2341,5,horn
sigreg,projector,0.0513,0.0917,5,horn
sigreg,projector,1.0671,-0.5787,5,horn
sigreg,projector,0.3214,0.7508,5,horn
sigreg,projector,-0.8868,-1.3989,5,horn
sigreg,projector,-0.0009,-0.2665,5,horn
sigreg,projector,-0.3127,-0.2844,5,horn
sigreg,projector,0.0652,0.6676,5,horn
sigreg,projector,-0.3585,-0.3492,5,horn
sigreg,projector,0.7999,0.0574,5,horn
sigreg,projector,-0.0086,0.1504,5,horn
sigreg,projector,-0.4583,-0.1824,5,horn
sigreg,projector,0.1518,0.2334,5,horn
sigreg,projector,0.1171,0.2766,5,horn
sigreg,projector,0.4219,0.5417,5,horn
sigreg,projector,0.0919,0.3090,5,horn
sigreg,projector,0.3472,0.0607,5,horn
sigreg,projector,0.2472,0.3261,5,horn
sigreg,projector,-0.4689,0.1079,5,horn
sigreg,projector,-0.0277,-0.4405,5,horn
sigreg,projector,0.2611,-0.1967,5,horn
sigreg,projector,-0.2193,0.1651,5,horn
sigreg,projector,-0.3498,-0.3102,5,horn
sigreg,projector,0.0701,-0.3529,5,horn
sigreg,projector,0.3540,0.5351,5,horn
sigreg,projector,0.4386,-0.9700,5,horn
sigreg,projector,-0.0778,0.4394,5,horn
sigreg,projector,0.3759,0.3989,5,horn
sigreg,projector,0.2096,-0.0317,5,horn
sigreg,projector,0.1152,-0.8745,5,horn
sigreg,projector,1.5502,0.2278,5,horn
sigreg,projector,0.4398,0.8078,5,horn
sigreg,projector,-0.3267,-0.3496,5,horn
sigreg,projector,0.1542,0.3026,5,horn
sigreg,projector,-0.0572,-0.1858,5,horn
sigreg,projector,-0.1254,0.1898,5,horn
sigreg,projector,-0.0420,-0.3017,5,horn
sigreg,projector,-0.2764,0.1773,5,horn
sigreg,projector,0.3844,-0.4176,5,horn
sigreg,projector,0.4416,-0.6085,5,horn
sigreg,projector,0.3977,0.1768,5,horn
sigreg,projector,0.4057,0.3360,5,horn
sigreg,projector,-0.2701,-0.2266,5,horn
sigreg,projector,0.0619,0.4122,5,horn
sigreg,projector,-0.0314,0.2992,5,horn
sigreg,projector,-0.0348,-0.1703,5,horn
sigreg,projector,-0.5133,0.7710,5,horn
sigreg,projector,0.7505,0.5479,5,horn
sigreg,projector,0.7407,-0.4802,5,horn
sigreg,projector,-0.0239,0.4283,5,horn
sigreg,projector,0.1424,0.5055,5,horn
sigreg,projector,-0.0943,0.1227,5,horn
sigreg,projector,0.0411,0.2502,5,horn
sigreg,projector,-0.2729,-0.4627,5,horn
sigreg,projector,-0.3500,-0.0810,5,horn
sigreg,projector,0.0812,0.1685,5,horn
sigreg,projector,0.2271,0.0711,5,horn
sigreg,projector,2.0213,-0.6060,5,horn
sigreg,projector,0.2260,-0.2292,5,horn
sigreg,projector,0.0646,-0.2939,5,horn
sigreg,projector,0.0641,0.3341,5,horn
sigreg,projector,0.2797,0.6696,5,horn
sigreg,projector,0.6080,-0.0219,5,horn
sigreg,projector,0.2452,0.0374,5,horn
sigreg,projector,-0.4546,0.6713,5,horn
sigreg,projector,-0.3255,0.1309,5,horn
sigreg,projector,0.5756,0.4050,5,horn
sigreg,projector,0.2311,0.6959,5,horn
sigreg,projector,0.2597,0.2650,5,horn
sigreg,projector,-0.5987,0.8142,5,horn
sigreg,projector,-0.1785,-0.2317,5,horn
sigreg,projector,0.8385,0.1428,5,horn
sigreg,projector,1.9010,0.3513,5,horn
sigreg,projector,0.7688,0.5796,5,horn
sigreg,projector,-0.3691,-0.1428,5,horn
sigreg,projector,0.4124,-1.0463,5,horn
sigreg,projector,-0.4949,-0.3917,5,horn
sigreg,projector,0.2020,-0.9722,5,horn
sigreg,projector,-0.3075,-0.2913,5,horn
sigreg,projector,-0.1784,-0.9153,5,horn
sigreg,projector,0.0162,-0.2792,5,horn
sigreg,projector,0.0337,0.2948,5,horn
sigreg,projector,0.7750,0.4333,5,horn
sigreg,projector,0.6064,0.1919,5,horn
sigreg,projector,-0.0508,-0.4319,5,horn
sigreg,projector,1.8428,-0.2163,5,horn
sigreg,projector,0.1023,-0.2980,5,horn
sigreg,projector,-0.1428,-0.3421,5,horn
sigreg,projector,-0.0926,0.9923,5,horn
sigreg,projector,0.7074,-0.2491,5,horn
sigreg,projector,0.2024,0.6402,5,horn
sigreg,projector,-0.0037,0.1022,5,horn
sigreg,projector,-0.4235,-0.0540,5,horn
sigreg,projector,-0.7678,0.3913,5,horn
sigreg,projector,-0.2105,0.3230,5,horn
sigreg,projector,-0.0659,0.6602,5,horn
sigreg,projector,-1.5803,-0.1720,5,horn
sigreg,projector,0.3237,0.3705,5,horn
sigreg,projector,-0.0903,0.5608,5,horn
sigreg,projector,0.2835,0.0046,5,horn
sigreg,projector,0.1463,0.2309,5,horn
sigreg,projector,0.6330,-0.2083,5,horn
sigreg,projector,-0.0182,-0.2851,5,horn
sigreg,projector,-0.0365,0.8863,5,horn
sigreg,projector,-0.3633,-0.1084,5,horn
sigreg,projector,-0.1269,0.0315,5,horn
sigreg,projector,0.1013,0.5894,5,horn
sigreg,projector,-2.2014,-0.6326,5,horn
sigreg,projector,0.6947,-0.4479,5,horn
sigreg,projector,0.4413,0.3985,5,horn
sigreg,projector,-0.2215,-0.1353,5,horn
sigreg,projector,0.4435,0.2318,5,horn
sigreg,projector,-0.2141,-0.3100,5,horn
sigreg,projector,0.3012,-0.4329,5,horn
sigreg,projector,0.0540,0.1225,5,horn
sigreg,projector,-0.2246,-0.0151,5,horn
sigreg,projector,-0.1297,-0.0288,5,horn
sigreg,projector,0.2180,-0.5552,5,horn
sigreg,projector,1.4762,-0.0974,5,horn
sigreg,projector,0.1106,-0.2422,5,horn
sigreg,projector,0.0073,0.5434,5,horn
sigreg,projector,0.6348,0.6494,5,horn
sigreg,projector,-0.0474,-0.5137,5,horn
sigreg,projector,-0.1497,1.0114,5,horn
sigreg,projector,0.6322,0.6762,5,horn
sigreg,projector,0.2017,-1.1064,5,horn
sigreg,projector,0.1834,0.1359,5,horn
sigreg,projector,-1.1800,-0.0619,5,horn
sigreg,projector,-0.3699,0.1077,5,horn
sigreg,projector,-0.3305,0.1851,5,horn
sigreg,projector,-0.2637,0.1663,5,horn
sigreg,projector,-0.0343,0.1016,5,horn
sigreg,projector,0.0106,0.1590,5,horn
sigreg,projector,-0.1922,0.2111,5,horn
sigreg,projector,-0.2796,0.2594,5,horn
sigreg,projector,-0.0824,-0.8408,5,horn
sigreg,projector,-0.2718,-0.7418,5,horn
sigreg,projector,-0.6095,0.4791,5,horn
sigreg,projector,-0.3114,0.5504,5,horn
sigreg,projector,0.8978,-0.0344,5,horn
sigreg,projector,0.3580,-0.5522,5,horn
sigreg,projector,-0.3673,-0.4320,5,horn
sigreg,projector,0.1116,1.1169,5,horn
sigreg,projector,-0.3026,0.0589,5,horn
sigreg,projector,0.5037,-1.6085,5,horn
sigreg,projector,-0.1746,-0.4130,5,horn
sigreg,projector,-0.0376,-0.3135,5,horn
sigreg,projector,-0.1978,-0.2187,5,horn
sigreg,projector,-0.7541,0.8182,5,horn
sigreg,projector,-0.7992,1.4323,5,horn
sigreg,projector,-0.2506,0.2568,5,horn
sigreg,projector,-0.0507,0.2108,5,horn
sigreg,projector,-0.2487,0.0002,5,horn
sigreg,projector,0.2051,0.0087,5,horn
sigreg,projector,0.7248,0.5208,5,horn
sigreg,projector,0.2002,0.5775,5,horn
sigreg,projector,-0.3074,-0.3000,5,horn
sigreg,projector,0.2778,0.6274,5,horn
sigreg,projector,-0.0761,-0.2793,5,horn
sigreg,projector,0.1153,0.5190,5,horn
sigreg,projector,0.0809,-0.1677,5,horn
sigreg,projector,-0.2709,0.3948,5,horn
sigreg,projector,0.3121,0.4517,5,horn
sigreg,projector,0.2492,0.6351,5,horn
sigreg,projector,0.4320,0.2226,5,horn
sigreg,projector,-0.0996,-0.1097,5,horn
sigreg,projector,-0.5647,0.9527,5,horn
sigreg,projector,0.9283,0.5301,5,horn
sigreg,projector,0.2096,-0.6269,5,horn
sigreg,projector,0.2563,0.5830,5,horn
sigreg,projector,0.1042,-0.5727,5,horn
sigreg,projector,0.3375,0.2567,5,horn
sigreg,projector,0.2725,-0.6208,5,horn
sigreg,projector,-0.3787,0.9316,5,horn
sigreg,projector,0.2337,-0.0702,5,horn
sigreg,projector,0.2983,0.7277,5,horn
sigreg,projector,0.0535,-0.6713,5,horn
sigreg,projector,-0.2067,-0.4003,5,horn
sigreg,projector,0.3974,0.5416,5,horn
sigreg,projector,0.1572,0.0922,5,horn
sigreg,projector,-0.3423,-0.3186,5,horn
sigreg,projector,-0.2986,-0.4103,5,horn
sigreg,projector,-0.2926,-0.0416,5,horn
sigreg,projector,-0.2470,-0.1365,5,horn
sigreg,projector,1.0457,0.1177,5,horn
sigreg,projector,-0.2239,-0.2319,5,horn
sigreg,projector,0.0144,-0.0518,5,horn
sigreg,projector,0.2518,-0.1765,5,horn
sigreg,projector,0.1380,0.4378,5,horn
sigreg,projector,-0.5165,0.6066,5,horn
sigreg,projector,-0.0608,0.0808,5,horn
sigreg,projector,0.3140,0.2363,5,horn
sigreg,projector,0.0266,-0.0606,5,horn
sigreg,projector,-0.2836,0.0232,5,horn
sigreg,projector,-0.3930,-0.6803,5,horn
sigreg,projector,0.2801,0.1883,5,horn
sigreg,projector,1.6367,-0.3990,5,horn
sigreg,projector,-0.2093,-0.0674,5,horn
sigreg,projector,-0.1375,-0.7014,5,horn
sigreg,projector,0.7816,-0.6923,5,horn
sigreg,projector,0.0606,-0.0254,5,horn
sigreg,projector,-0.2776,0.0713,5,horn
sigreg,projector,-0.3444,0.3004,5,horn
sigreg,projector,0.3698,0.9248,5,horn
sigreg,projector,-0.2243,-0.3161,5,horn
sigreg,projector,-0.5284,0.1350,5,horn
sigreg,projector,-0.0939,-0.7088,5,horn
sigreg,projector,0.1566,-0.0993,5,horn
sigreg,projector,-0.0215,0.1797,5,horn
sigreg,projector,-0.1684,-0.2276,5,horn
sigreg,projector,-0.0296,0.2084,5,horn
sigreg,projector,0.6136,0.4849,5,horn
sigreg,projector,0.3728,-0.6685,5,horn
sigreg,projector,0.4505,0.0058,5,horn
sigreg,projector,0.5946,0.2246,5,horn
sigreg,projector,0.1588,0.3095,5,horn
sigreg,projector,-0.1269,0.3153,5,horn
sigreg,projector,0.4931,0.4216,5,horn
sigreg,projector,0.0792,-0.6089,5,horn
sigreg,projector,-0.0062,0.0247,5,horn
sigreg,projector,-0.4471,0.2745,5,horn
sigreg,projector,0.2027,-0.7723,5,horn
sigreg,projector,-0.0353,0.2617,5,horn
sigreg,projector,0.0813,-1.1829,5,horn
sigreg,projector,-0.2367,0.0512,5,horn
sigreg,projector,0.5434,0.0448,5,horn
sigreg,projector,-0.6595,0.8909,5,horn
sigreg,projector,-0.0151,0.1845,5,horn
sigreg,projector,-0.3457,-0.0333,5,horn
sigreg,projector,0.0121,-0.1059,5,horn
sigreg,projector,-0.3959,-0.3458,5,horn
sigreg,projector,0.2152,0.5475,5,horn
sigreg,projector,-0.2130,0.2891,5,horn
sigreg,projector,1.0148,1.1656,5,horn
sigreg,projector,0.0986,0.4894,5,horn
sigreg,projector,-0.5141,-0.1321,5,horn
sigreg,projector,0.1013,0.2714,5,horn
sigreg,projector,0.2476,0.4224,5,horn
sigreg,projector,0.0297,-0.6035,5,horn
sigreg,projector,-0.1844,-0.8242,5,horn
sigreg,projector,-0.1073,-0.4020,5,horn
sigreg,projector,-0.1817,-0.3212,5,horn
sigreg,projector,-0.3219,0.0166,5,horn
sigreg,projector,-0.3390,0.2494,5,horn
sigreg,projector,-0.3666,-0.3132,5,horn
sigreg,projector,-0.0970,0.1200,5,horn
sigreg,projector,0.0996,-0.5349,5,horn
sigreg,projector,-0.1731,0.2048,5,horn
sigreg,projector,-1.1649,1.6440,5,horn
sigreg,projector,-1.0533,1.4783,5,horn
sigreg,projector,-0.0519,0.0646,5,horn
sigreg,projector,-0.6075,0.1084,5,horn
sigreg,projector,0.7094,0.0963,5,horn
sigreg,projector,-0.3474,-0.0765,5,horn
sigreg,projector,0.0947,-0.1979,5,horn
sigreg,projector,-0.2058,0.0202,5,horn
sigreg,projector,-0.6621,0.8012,5,horn
sigreg,projector,0.4438,0.6120,5,horn
sigreg,projector,-0.5132,-0.1351,5,horn
sigreg,projector,-0.1447,-0.7571,5,horn
sigreg,projector,-0.0748,-0.2986,5,horn
sigreg,projector,0.1949,0.3098,5,horn
sigreg,projector,-0.1001,0.1788,5,horn
sigreg,projector,0.2258,-1.2581,5,horn
sigreg,projector,-0.3030,0.6869,5,horn
sigreg,projector,-0.2044,-0.6991,5,horn
sigreg,projector,-1.2735,1.9219,5,horn
sigreg,projector,-0.4380,-0.0928,5,horn
sigreg,projector,0.3370,-0.2634,5,horn
sigreg,projector,0.6476,0.5538,5,horn
sigreg,projector,-0.6431,0.3915,5,horn
sigreg,projector,-0.2695,0.7027,5,horn
sigreg,projector,-0.0621,-0.2963,5,horn
sigreg,projector,0.0147,0.1407,5,horn
sigreg,projector,0.1688,-0.1607,5,horn
sigreg,projector,-1.0568,1.4171,5,horn
sigreg,projector,0.0862,0.2214,5,horn
sigreg,projector,-0.1900,0.1461,5,horn
sigreg,projector,-0.4374,-0.2972,5,horn
sigreg,projector,-1.0178,1.4888,5,horn
sigreg,projector,-0.1770,0.0911,5,horn
sigreg,projector,0.0557,-0.0561,5,horn
sigreg,projector,-0.3312,-0.4615,5,horn
sigreg,projector,-0.6801,-0.2012,5,horn
sigreg,projector,0.0388,-0.7469,5,horn
sigreg,projector,-0.6201,0.4005,5,horn
sigreg,projector,-1.3113,1.9895,5,horn
sigreg,projector,-0.0589,0.0806,5,horn
sigreg,projector,0.1779,0.4052,5,horn
sigreg,projector,0.0380,0.3702,5,horn
sigreg,projector,-0.6320,0.5810,5,horn
sigreg,projector,-0.5912,-0.1272,5,horn
sigreg,projector,0.0248,0.4230,5,horn
sigreg,projector,0.9304,0.5606,5,horn
sigreg,projector,1.0709,-0.1976,5,horn
sigreg,projector,0.0197,0.1496,5,horn
sigreg,projector,0.1744,0.2196,5,horn
sigreg,projector,0.0045,0.2160,5,horn
sigreg,projector,-0.3862,0.1348,5,horn
sigreg,projector,-0.2070,-0.4599,5,horn
sigreg,projector,0.7570,-0.8148,5,horn
sigreg,projector,0.0034,-0.1654,5,horn
sigreg,projector,0.0988,0.0995,5,horn
sigreg,projector,1.0923,0.0335,5,horn
sigreg,projector,-0.0761,0.0766,5,horn
sigreg,projector,0.5366,0.4935,5,horn
sigreg,projector,-0.1142,1.0234,5,horn
sigreg,projector,-0.1029,0.0465,5,horn
sigreg,projector,-0.0099,0.2480,5,horn
sigreg,projector,-0.2920,-0.0158,5,horn
sigreg,projector,0.3693,0.4946,5,horn
sigreg,projector,-0.1490,-0.0958,5,horn
sigreg,projector,-0.3718,-0.4542,5,horn
sigreg,projector,-0.0861,0.1865,5,horn
sigreg,projector,0.0464,-0.1036,5,horn
sigreg,projector,-0.2390,-0.4742,5,horn
sigreg,projector,-0.3424,0.2455,5,horn
sigreg,projector,-0.1063,-0.2503,5,horn
sigreg,projector,0.6684,-0.1742,6,truck
sigreg,projector,0.5373,-0.0046,6,truck
sigreg,projector,0.6828,-0.7311,6,truck
sigreg,projector,-0.1171,-0.9182,6,truck
sigreg,projector,-0.6399,-2.2930,6,truck
sigreg,projector,0.4226,-0.9238,6,truck
sigreg,projector,0.5423,-0.5167,6,truck
sigreg,projector,0.3891,-0.0821,6,truck
sigreg,projector,0.6888,-0.3510,6,truck
sigreg,projector,0.1337,0.0608,6,truck
sigreg,projector,0.3271,-1.3935,6,truck
sigreg,projector,0.4600,-0.3984,6,truck
sigreg,projector,0.0273,-0.2905,6,truck
sigreg,projector,-0.2791,0.2187,6,truck
sigreg,projector,-0.9358,0.0338,6,truck
sigreg,projector,-0.7291,-0.0939,6,truck
sigreg,projector,1.3832,-1.3315,6,truck
sigreg,projector,0.6890,-0.4994,6,truck
sigreg,projector,-0.0577,-0.9000,6,truck
sigreg,projector,0.6229,-0.4119,6,truck
sigreg,projector,-0.3899,-1.1193,6,truck
sigreg,projector,0.7693,-1.1691,6,truck
sigreg,projector,-0.6548,0.0352,6,truck
sigreg,projector,-0.2424,-0.3874,6,truck
sigreg,projector,0.7723,-0.8912,6,truck
sigreg,projector,0.5273,-0.8229,6,truck
sigreg,projector,0.8407,-0.6918,6,truck
sigreg,projector,1.0836,-1.6618,6,truck
sigreg,projector,0.4378,-0.7398,6,truck
sigreg,projector,0.5727,-1.6853,6,truck
sigreg,projector,0.1181,-1.0764,6,truck
sigreg,projector,0.1023,-0.3582,6,truck
sigreg,projector,-1.0510,0.0250,6,truck
sigreg,projector,-0.7292,-0.0301,6,truck
sigreg,projector,0.5391,-0.9862,6,truck
sigreg,projector,0.0538,-0.2923,6,truck
sigreg,projector,0.0638,-0.5908,6,truck
sigreg,projector,0.0196,-0.4979,6,truck
sigreg,projector,0.5128,-1.1863,6,truck
sigreg,projector,0.5975,-0.2877,6,truck
sigreg,projector,0.0177,0.7576,6,truck
sigreg,projector,0.9199,-0.4243,6,truck
sigreg,projector,0.5027,0.0145,6,truck
sigreg,projector,0.5516,-0.3469,6,truck
sigreg,projector,0.2375,-0.6100,6,truck
sigreg,projector,0.1509,-0.9096,6,truck
sigreg,projector,2.5537,0.2787,6,truck
sigreg,projector,0.1309,0.0485,6,truck
sigreg,projector,0.1742,-1.3179,6,truck
sigreg,projector,-0.7452,0.2766,6,truck
sigreg,projector,0.7741,-1.2892,6,truck
sigreg,projector,0.2647,-0.2089,6,truck
sigreg,projector,0.3983,0.2146,6,truck
sigreg,projector,0.8589,-0.5376,6,truck
sigreg,projector,-0.1793,0.3638,6,truck
sigreg,projector,0.4560,-0.2985,6,truck
sigreg,projector,0.4592,-0.3942,6,truck
sigreg,projector,0.6918,-0.4805,6,truck
sigreg,projector,0.4404,-0.3852,6,truck
sigreg,projector,-0.6947,0.0552,6,truck
sigreg,projector,0.2874,-0.1053,6,truck
sigreg,projector,0.2313,-1.3690,6,truck
sigreg,projector,-0.0048,-1.0041,6,truck
sigreg,projector,0.7582,0.1394,6,truck
sigreg,projector,-0.5335,-0.2892,6,truck
sigreg,projector,0.3381,0.0036,6,truck
sigreg,projector,-0.6132,-0.2470,6,truck
sigreg,projector,0.2486,0.6334,6,truck
sigreg,projector,-0.4358,-1.5533,6,truck
sigreg,projector,1.2227,-0.4191,6,truck
sigreg,projector,0.9068,-1.9387,6,truck
sigreg,projector,-0.0865,-1.1293,6,truck
sigreg,projector,0.3406,-0.8289,6,truck
sigreg,projector,0.6842,-1.0074,6,truck
sigreg,projector,0.4563,0.2350,6,truck
sigreg,projector,-0.2246,-0.6437,6,truck
sigreg,projector,0.6259,-0.2655,6,truck
sigreg,projector,0.3047,0.0391,6,truck
sigreg,projector,-0.0096,-0.1799,6,truck
sigreg,projector,0.9591,-0.8643,6,truck
sigreg,projector,0.3949,0.1421,6,truck
sigreg,projector,0.1942,-0.0348,6,truck
sigreg,projector,1.0919,-1.3692,6,truck
sigreg,projector,-0.1657,-0.0007,6,truck
sigreg,projector,-0.6528,-2.0991,6,truck
sigreg,projector,0.3474,-0.5205,6,truck
sigreg,projector,0.1496,-0.3521,6,truck
sigreg,projector,-0.5558,-0.1517,6,truck
sigreg,projector,0.3054,-0.9346,6,truck
sigreg,projector,0.8926,-1.0251,6,truck
sigreg,projector,-0.5461,0.1921,6,truck
sigreg,projector,-0.2159,-1.2313,6,truck
sigreg,projector,0.2875,-1.2585,6,truck
sigreg,projector,0.4128,-0.5077,6,truck
sigreg,projector,-0.1449,-0.4632,6,truck
sigreg,projector,-0.6836,0.0652,6,truck
sigreg,projector,0.8462,-0.7187,6,truck
sigreg,projector,-0.3040,-0.5290,6,truck
sigreg,projector,0.3027,-0.4274,6,truck
sigreg,projector,-0.0201,-0.4788,6,truck
sigreg,projector,0.1106,-0.8417,6,truck
sigreg,projector,-0.4992,0.1158,6,truck
sigreg,projector,0.0578,-1.7664,6,truck
sigreg,projector,0.4052,0.2563,6,truck
sigreg,projector,1.5551,-0.3278,6,truck
sigreg,projector,0.6751,-0.6268,6,truck
sigreg,projector,-0.1463,-0.2838,6,truck
sigreg,projector,0.8912,-0.3046,6,truck
sigreg,projector,0.8205,-0.4799,6,truck
sigreg,projector,-0.0224,-0.0234,6,truck
sigreg,projector,0.5463,-0.8653,6,truck
sigreg,projector,0.5168,-0.3371,6,truck
sigreg,projector,0.4076,-0.3825,6,truck
sigreg,projector,-0.0607,-0.9856,6,truck
sigreg,projector,0.3593,-0.0917,6,truck
sigreg,projector,0.3094,0.1893,6,truck
sigreg,projector,0.1748,-0.1763,6,truck
sigreg,projector,-0.0066,-1.2363,6,truck
sigreg,projector,0.4844,-0.7303,6,truck
sigreg,projector,0.2583,0.2279,6,truck
sigreg,projector,0.7015,-1.4971,6,truck
sigreg,projector,0.3767,-0.2752,6,truck
sigreg,projector,-0.5271,0.2011,6,truck
sigreg,projector,-0.5363,-2.2334,6,truck
sigreg,projector,-0.5980,0.1634,6,truck
sigreg,projector,0.2680,-0.6430,6,truck
sigreg,projector,-0.2500,-0.0572,6,truck
sigreg,projector,-0.1355,-0.1169,6,truck
sigreg,projector,-0.0266,-0.5445,6,truck
sigreg,projector,0.1246,-1.0654,6,truck
sigreg,projector,-0.2100,-0.0519,6,truck
sigreg,projector,0.1589,-0.2371,6,truck
sigreg,projector,-0.1597,-0.3367,6,truck
sigreg,projector,-0.0883,-0.3259,6,truck
sigreg,projector,0.0599,0.1113,6,truck
sigreg,projector,0.5242,-0.3931,6,truck
sigreg,projector,0.2594,-0.6316,6,truck
sigreg,projector,-0.0123,-0.2031,6,truck
sigreg,projector,0.1121,-0.8085,6,truck
sigreg,projector,0.1388,-0.5652,6,truck
sigreg,projector,0.6662,-0.6303,6,truck
sigreg,projector,0.1166,-0.8785,6,truck
sigreg,projector,-0.4503,-2.0643,6,truck
sigreg,projector,0.4345,-0.9549,6,truck
sigreg,projector,-0.0743,-0.2457,6,truck
sigreg,projector,0.3061,-0.0406,6,truck
sigreg,projector,-0.8559,0.2613,6,truck
sigreg,projector,-0.4554,0.0604,6,truck
sigreg,projector,0.1573,-0.1603,6,truck
sigreg,projector,0.3656,-0.5533,6,truck
sigreg,projector,0.5287,-0.9716,6,truck
sigreg,projector,0.9319,-0.5989,6,truck
sigreg,projector,0.6549,-0.4954,6,truck
sigreg,projector,0.1927,-0.2147,6,truck
sigreg,projector,0.1123,-0.7256,6,truck
sigreg,projector,-0.1566,0.0362,6,truck
sigreg,projector,0.0642,-0.3637,6,truck
sigreg,projector,-0.6521,0.2195,6,truck
sigreg,projector,0.0994,-0.2091,6,truck
sigreg,projector,-0.2110,-0.0646,6,truck
sigreg,projector,0.3950,-0.5049,6,truck
sigreg,projector,0.7966,-0.6640,6,truck
sigreg,projector,0.7076,-0.6009,6,truck
sigreg,projector,-0.7543,0.2220,6,truck
sigreg,projector,0.1562,-0.1134,6,truck
sigreg,projector,0.2332,0.0276,6,truck
sigreg,projector,-0.2706,-0.1228,6,truck
sigreg,projector,0.8390,-1.0225,6,truck
sigreg,projector,0.2762,-0.6730,6,truck
sigreg,projector,0.5570,-0.1172,6,truck
sigreg,projector,0.2319,-0.5832,6,truck
sigreg,projector,0.4399,-0.0452,6,truck
sigreg,projector,0.2419,-0.1644,6,truck
sigreg,projector,-0.5530,-0.0109,6,truck
sigreg,projector,1.0386,-0.8277,6,truck
sigreg,projector,0.4490,-0.7276,6,truck
sigreg,projector,-0.0860,-1.0553,6,truck
sigreg,projector,-0.6415,-2.3050,6,truck
sigreg,projector,0.3356,-0.4930,6,truck
sigreg,projector,0.4719,-0.4282,6,truck
sigreg,projector,-0.5367,0.2636,6,truck
sigreg,projector,0.1887,-0.0492,6,truck
sigreg,projector,0.2630,-0.8603,6,truck
sigreg,projector,-0.0159,-0.1416,6,truck
sigreg,projector,0.4859,-0.9953,6,truck
sigreg,projector,0.3413,-1.1623,6,truck
sigreg,projector,0.6091,-0.7144,6,truck
sigreg,projector,0.5892,-1.1236,6,truck
sigreg,projector,-0.4092,-1.9448,6,truck
sigreg,projector,-0.5283,-1.9537,6,truck
sigreg,projector,-0.2599,-0.1406,6,truck
sigreg,projector,-0.5836,-1.8545,6,truck
sigreg,projector,0.0578,-0.0910,6,truck
sigreg,projector,0.0566,-0.3123,6,truck
sigreg,projector,-0.5498,-2.2138,6,truck
sigreg,projector,0.0260,-0.0964,6,truck
sigreg,projector,0.8491,-0.2570,6,truck
sigreg,projector,-0.4013,0.2068,6,truck
sigreg,projector,-0.6288,-2.2316,6,truck
sigreg,projector,0.3168,0.0946,6,truck
sigreg,projector,0.2174,-0.5092,6,truck
sigreg,projector,0.0974,-0.3365,6,truck
sigreg,projector,0.2343,-0.7099,6,truck
sigreg,projector,0.0297,-0.1930,6,truck
sigreg,projector,0.2843,-1.0691,6,truck
sigreg,projector,0.1485,-0.7592,6,truck
sigreg,projector,0.0854,-0.1663,6,truck
sigreg,projector,-0.3953,-0.5111,6,truck
sigreg,projector,-0.4823,0.1724,6,truck
sigreg,projector,0.2358,-0.4434,6,truck
sigreg,projector,0.1804,-0.0360,6,truck
sigreg,projector,-0.6235,-2.1082,6,truck
sigreg,projector,0.2441,0.1454,6,truck
sigreg,projector,0.4666,-0.6937,6,truck
sigreg,projector,-0.1525,-0.0869,6,truck
sigreg,projector,0.4520,0.1623,6,truck
sigreg,projector,0.1543,0.0587,6,truck
sigreg,projector,-0.7692,0.1907,6,truck
sigreg,projector,1.0038,-0.6107,6,truck
sigreg,projector,-0.2554,-0.1601,6,truck
sigreg,projector,0.0900,-0.5738,6,truck
sigreg,projector,0.4153,-0.9037,6,truck
sigreg,projector,-0.0384,-0.5950,6,truck
sigreg,projector,0.9288,-0.5222,6,truck
sigreg,projector,0.6211,-0.2740,6,truck
sigreg,projector,-0.0125,-0.9110,6,truck
sigreg,projector,0.5883,-0.3870,6,truck
sigreg,projector,1.3309,0.1634,6,truck
sigreg,projector,0.0046,-1.4791,6,truck
sigreg,projector,-0.2316,1.2228,6,truck
sigreg,projector,0.1107,0.0492,6,truck
sigreg,projector,0.0448,-1.6147,6,truck
sigreg,projector,1.3269,-0.8302,6,truck
sigreg,projector,-0.4216,0.5195,6,truck
sigreg,projector,0.2767,-0.7890,6,truck
sigreg,projector,-0.1677,-0.0226,6,truck
sigreg,projector,0.4707,-0.3422,6,truck
sigreg,projector,-0.0945,0.2192,6,truck
sigreg,projector,0.4581,0.9666,6,truck
sigreg,projector,1.0168,0.4808,6,truck
sigreg,projector,-0.0432,-0.5624,6,truck
sigreg,projector,-0.3152,0.1194,6,truck
sigreg,projector,0.7334,-1.0189,6,truck
sigreg,projector,0.5518,-1.1057,6,truck
sigreg,projector,-0.1204,-1.4277,6,truck
sigreg,projector,0.4072,0.3429,6,truck
sigreg,projector,0.9930,-1.1747,6,truck
sigreg,projector,0.6112,-0.9534,6,truck
sigreg,projector,1.1702,-0.5325,6,truck
sigreg,projector,1.1156,-0.6154,6,truck
sigreg,projector,-0.0365,-1.1889,6,truck
sigreg,projector,0.1538,-0.2518,6,truck
sigreg,projector,-0.1199,-0.0315,6,truck
sigreg,projector,0.1930,-0.2409,6,truck
sigreg,projector,0.2765,-0.1739,6,truck
sigreg,projector,-0.6387,-0.1696,6,truck
sigreg,projector,0.4153,-0.2975,6,truck
sigreg,projector,0.1197,-0.1927,6,truck
sigreg,projector,0.2188,-0.1940,6,truck
sigreg,projector,0.8574,-1.2887,6,truck
sigreg,projector,-0.7195,0.0270,6,truck
sigreg,projector,-0.2226,-0.7883,6,truck
sigreg,projector,0.0558,-0.7648,6,truck
sigreg,projector,0.3287,-0.7495,6,truck
sigreg,projector,-0.8011,0.1738,6,truck
sigreg,projector,0.2861,-0.1180,6,truck
sigreg,projector,0.2141,-0.4613,6,truck
sigreg,projector,0.5391,-0.7660,6,truck
sigreg,projector,0.3830,-0.8266,6,truck
sigreg,projector,0.2037,-0.9279,6,truck
sigreg,projector,0.6805,-0.3341,6,truck
sigreg,projector,-0.8355,-0.0998,6,truck
sigreg,projector,-0.1625,-1.0665,6,truck
sigreg,projector,-0.7090,-0.1461,6,truck
sigreg,projector,0.1529,-0.2543,6,truck
sigreg,projector,0.0745,-0.2770,6,truck
sigreg,projector,0.0224,-1.1997,6,truck
sigreg,projector,0.2011,-0.3583,6,truck
sigreg,projector,-0.0829,-0.8472,6,truck
sigreg,projector,0.2259,-0.1774,6,truck
sigreg,projector,0.7955,-0.3621,6,truck
sigreg,projector,0.3006,-0.4181,6,truck
sigreg,projector,0.3254,-0.8037,6,truck
sigreg,projector,0.6433,-0.6518,6,truck
sigreg,projector,0.7203,-0.3191,6,truck
sigreg,projector,0.1487,-0.8895,6,truck
sigreg,projector,0.0813,-0.9238,6,truck
sigreg,projector,-0.2699,0.0455,6,truck
sigreg,projector,-0.2147,0.1097,6,truck
sigreg,projector,0.2753,-0.9046,6,truck
sigreg,projector,0.3434,-0.3473,6,truck
sigreg,projector,0.4449,-0.6075,6,truck
sigreg,projector,0.0677,-0.0693,6,truck
sigreg,projector,0.4897,-1.0748,6,truck
sigreg,projector,0.8561,-1.2740,6,truck
sigreg,projector,0.0712,-0.0376,6,truck
sigreg,projector,-0.0283,-1.0851,6,truck
sigreg,projector,0.3898,-0.5932,6,truck
sigreg,projector,1.4081,-0.7462,6,truck
sigreg,projector,0.3614,-0.9529,6,truck
sigreg,projector,-0.4903,-0.4038,6,truck
sigreg,projector,-0.4275,-0.3066,6,truck
sigreg,projector,0.1964,0.1415,6,truck
sigreg,projector,-0.8345,-0.1708,6,truck
sigreg,projector,0.6922,-0.5832,6,truck
sigreg,projector,-0.2339,-0.8041,6,truck
sigreg,projector,-0.4672,-0.0437,6,truck
sigreg,projector,1.3338,-0.6490,6,truck
sigreg,projector,-0.2766,0.6926,6,truck
sigreg,projector,0.6977,-0.4928,6,truck
sigreg,projector,0.0402,0.2192,6,truck
sigreg,projector,1.4447,-0.5856,6,truck
sigreg,projector,0.9810,-1.2563,6,truck
sigreg,projector,0.3836,1.0837,6,truck
sigreg,projector,-0.0473,-0.0877,6,truck
sigreg,projector,0.1667,-0.3665,6,truck
sigreg,projector,0.1620,-0.2708,6,truck
sigreg,projector,-0.0505,-1.6111,6,truck
sigreg,projector,0.4571,0.0023,6,truck
sigreg,projector,0.7253,-0.5082,6,truck
sigreg,projector,0.2693,-0.3428,6,truck
sigreg,projector,0.2271,-1.0166,6,truck
sigreg,projector,0.6343,-0.3429,6,truck
sigreg,projector,-0.8954,0.1376,6,truck
sigreg,projector,0.4227,-1.2118,6,truck
sigreg,projector,0.5270,-0.4645,6,truck
sigreg,projector,-0.7539,0.3794,6,truck
sigreg,projector,-0.3067,-0.8853,6,truck
sigreg,projector,0.4994,-0.2535,6,truck
sigreg,projector,1.2403,-0.9129,6,truck
sigreg,projector,0.7579,-0.5356,6,truck
sigreg,projector,0.0061,-0.2288,6,truck
sigreg,projector,0.9730,-0.8153,6,truck
sigreg,projector,2.7189,-0.0863,6,truck
sigreg,projector,0.7144,-0.6382,6,truck
sigreg,projector,0.2716,-0.3551,6,truck
sigreg,projector,-0.0832,-0.3303,6,truck
sigreg,projector,1.3762,-0.4445,6,truck
sigreg,projector,0.0286,-1.3263,6,truck
sigreg,projector,0.4113,-1.2478,6,truck
sigreg,projector,0.5528,-0.6712,6,truck
sigreg,projector,-0.1257,-0.5792,6,truck
sigreg,projector,0.6577,-1.3390,6,truck
sigreg,projector,0.3539,-0.5884,6,truck
sigreg,projector,0.6482,-0.5039,6,truck
sigreg,projector,0.0383,0.3680,6,truck
sigreg,projector,0.3012,-0.4292,6,truck
sigreg,projector,0.4373,-1.6912,6,truck
sigreg,projector,0.4130,0.1249,6,truck
sigreg,projector,0.3573,-0.6892,6,truck
sigreg,projector,-0.5109,-0.0177,6,truck
sigreg,projector,0.4777,-1.5169,6,truck
sigreg,projector,-0.6249,0.1777,6,truck
sigreg,projector,-0.1532,-0.0574,6,truck
sigreg,projector,-0.5145,0.3032,6,truck
sigreg,projector,0.3027,-0.2074,6,truck
sigreg,projector,0.3263,-0.6018,6,truck
sigreg,projector,-0.3841,-0.0800,6,truck
sigreg,projector,0.3674,-0.6967,6,truck
sigreg,projector,0.5177,-1.8245,6,truck
sigreg,projector,-0.4930,-0.0156,6,truck
sigreg,projector,0.5367,-1.5735,6,truck
sigreg,projector,2.6994,0.0826,6,truck
sigreg,projector,0.0597,-0.5037,6,truck
sigreg,projector,0.0131,-0.9819,6,truck
sigreg,projector,1.2666,-1.0461,6,truck
sigreg,projector,0.4764,-1.1115,6,truck
sigreg,projector,0.7637,-0.4440,6,truck
sigreg,projector,0.3345,-0.5422,6,truck
sigreg,projector,0.0552,-0.3554,6,truck
sigreg,projector,0.3476,-0.2934,6,truck
sigreg,projector,1.0814,-1.0101,6,truck
sigreg,projector,0.2772,-0.5704,6,truck
sigreg,projector,-0.2219,-0.4793,6,truck
sigreg,projector,0.2513,-0.7630,6,truck
sigreg,projector,0.0413,-1.0539,6,truck
sigreg,projector,0.3014,-1.2174,6,truck
sigreg,projector,1.1216,-0.1349,6,truck
sigreg,projector,0.9310,-0.5464,6,truck
sigreg,projector,0.2874,-0.5251,6,truck
sigreg,projector,0.1287,-0.9533,6,truck
sigreg,projector,-0.2732,-0.3525,6,truck
sigreg,projector,0.6465,-0.5074,6,truck
sigreg,projector,-0.7364,-0.3265,6,truck
sigreg,projector,-0.0863,-1.1219,6,truck
sigreg,projector,0.2405,0.0662,6,truck
sigreg,projector,2.2282,-0.2166,6,truck
sigreg,projector,0.6632,-0.3624,6,truck
sigreg,projector,0.3288,-0.7497,6,truck
sigreg,projector,0.0933,0.0651,7,pump
sigreg,projector,0.1753,-1.3975,7,pump
sigreg,projector,0.2844,-2.1451,7,pump
sigreg,projector,0.5937,-0.7212,7,pump
sigreg,projector,-0.6278,-1.1630,7,pump
sigreg,projector,0.3805,-0.6733,7,pump
sigreg,projector,-0.3375,-0.3063,7,pump
sigreg,projector,0.7777,-0.4527,7,pump
sigreg,projector,0.3002,-0.0520,7,pump
sigreg,projector,-0.3997,0.0215,7,pump
sigreg,projector,0.1006,-0.5531,7,pump
sigreg,projector,0.0799,-0.3157,7,pump
sigreg,projector,-0.4449,-1.5751,7,pump
sigreg,projector,-0.0529,-0.2375,7,pump
sigreg,projector,0.5943,-0.5538,7,pump
sigreg,projector,0.9377,0.2814,7,pump
sigreg,projector,0.6786,-0.7386,7,pump
sigreg,projector,-0.3050,-0.6896,7,pump
sigreg,projector,0.3622,-0.5610,7,pump
sigreg,projector,0.6760,0.1126,7,pump
sigreg,projector,0.5227,0.1253,7,pump
sigreg,projector,-0.1523,-0.5667,7,pump
sigreg,projector,0.3693,-0.3462,7,pump
sigreg,projector,0.1305,-1.3934,7,pump
sigreg,projector,0.0637,-0.1260,7,pump
sigreg,projector,0.0925,-0.1531,7,pump
sigreg,projector,0.0327,0.2771,7,pump
sigreg,projector,0.3633,0.2666,7,pump
sigreg,projector,0.5505,-0.5540,7,pump
sigreg,projector,0.7195,-0.1561,7,pump
sigreg,projector,-0.9220,-1.0066,7,pump
sigreg,projector,-0.4563,-0.3141,7,pump
sigreg,projector,-0.0262,1.4030,7,pump
sigreg,projector,0.4620,-0.0338,7,pump
sigreg,projector,0.1914,-0.2796,7,pump
sigreg,projector,-0.5686,-1.3079,7,pump
sigreg,projector,-0.0996,-0.0581,7,pump
sigreg,projector,-0.5832,-0.9437,7,pump
sigreg,projector,0.4619,-0.1833,7,pump
sigreg,projector,0.2879,-0.5096,7,pump
sigreg,projector,1.0807,1.3011,7,pump
sigreg,projector,0.9231,-1.2849,7,pump
sigreg,projector,0.6718,0.0450,7,pump
sigreg,projector,0.6081,-0.6879,7,pump
sigreg,projector,0.6218,-0.4799,7,pump
sigreg,projector,0.4560,-0.1286,7,pump
sigreg,projector,1.4302,-0.8512,7,pump
sigreg,projector,1.1579,-0.4799,7,pump
sigreg,projector,0.0030,-1.7945,7,pump
sigreg,projector,-0.9664,-0.4533,7,pump
sigreg,projector,-0.3051,0.0903,7,pump
sigreg,projector,0.3255,-0.2692,7,pump
sigreg,projector,-0.6414,-0.4970,7,pump
sigreg,projector,0.3452,-1.5853,7,pump
sigreg,projector,0.1334,-1.7437,7,pump
sigreg,projector,0.1834,-1.7231,7,pump
sigreg,projector,0.4078,-0.7364,7,pump
sigreg,projector,0.3484,-1.1759,7,pump
sigreg,projector,0.6308,-1.1835,7,pump
sigreg,projector,0.5217,-0.7989,7,pump
sigreg,projector,0.4082,0.5612,7,pump
sigreg,projector,-0.0224,-2.3080,7,pump
sigreg,projector,0.0351,-0.7857,7,pump
sigreg,projector,0.3991,-0.9640,7,pump
sigreg,projector,0.0153,0.9423,7,pump
sigreg,projector,0.1747,-0.7964,7,pump
sigreg,projector,1.8428,-0.4782,7,pump
sigreg,projector,0.5244,0.3380,7,pump
sigreg,projector,-0.3030,-1.5541,7,pump
sigreg,projector,-0.7843,-0.8975,7,pump
sigreg,projector,-0.0390,-1.4258,7,pump
sigreg,projector,0.2798,-1.8526,7,pump
sigreg,projector,0.8308,-0.4578,7,pump
sigreg,projector,-0.2482,-0.0981,7,pump
sigreg,projector,0.1313,-1.7733,7,pump
sigreg,projector,-0.1765,-1.3419,7,pump
sigreg,projector,-0.0605,-0.3246,7,pump
sigreg,projector,0.4353,-0.8521,7,pump
sigreg,projector,-0.6624,-0.2232,7,pump
sigreg,projector,0.4374,-1.1198,7,pump
sigreg,projector,1.0052,-1.5368,7,pump
sigreg,projector,0.5807,-0.3902,7,pump
sigreg,projector,-0.2851,-0.8479,7,pump
sigreg,projector,0.0172,-1.0636,7,pump
sigreg,projector,0.0607,-0.6804,7,pump
sigreg,projector,0.6930,-0.3428,7,pump
sigreg,projector,0.5943,-0.7944,7,pump
sigreg,projector,0.6031,-1.0490,7,pump
sigreg,projector,0.5929,-0.7765,7,pump
sigreg,projector,0.2954,-0.4381,7,pump
sigreg,projector,0.4157,-0.8291,7,pump
sigreg,projector,0.3939,-0.6408,7,pump
sigreg,projector,-0.1270,-0.8152,7,pump
sigreg,projector,0.5930,0.3673,7,pump
sigreg,projector,-0.3572,0.1339,7,pump
sigreg,projector,-0.3735,-1.0576,7,pump
sigreg,projector,-0.1035,-1.0997,7,pump
sigreg,projector,0.6063,-0.1778,7,pump
sigreg,projector,-0.2246,-0.8603,7,pump
sigreg,projector,-0.9151,-0.3469,7,pump
sigreg,projector,-0.0330,-0.0669,7,pump
sigreg,projector,0.0500,-0.9160,7,pump
sigreg,projector,0.8656,-0.7750,7,pump
sigreg,projector,0.5311,-0.3305,7,pump
sigreg,projector,0.1559,1.1577,7,pump
sigreg,projector,0.3062,-0.6270,7,pump
sigreg,projector,0.2251,-0.8669,7,pump
sigreg,projector,0.4649,-0.3625,7,pump
sigreg,projector,-0.5616,-1.6018,7,pump
sigreg,projector,0.3785,0.2259,7,pump
sigreg,projector,0.4020,-0.8156,7,pump
sigreg,projector,0.6133,-0.7088,7,pump
sigreg,projector,0.2063,-0.3084,7,pump
sigreg,projector,0.5627,-0.5996,7,pump
sigreg,projector,-0.0797,-0.7770,7,pump
sigreg,projector,0.1632,-0.8002,7,pump
sigreg,projector,-0.1104,1.0032,7,pump
sigreg,projector,0.2802,-0.7842,7,pump
sigreg,projector,0.8064,-0.1670,7,pump
sigreg,projector,0.6024,-0.0674,7,pump
sigreg,projector,1.2825,-0.4806,7,pump
sigreg,projector,-0.1464,0.6695,7,pump
sigreg,projector,0.0466,-1.3241,7,pump
sigreg,projector,0.1417,0.1054,7,pump
sigreg,projector,0.1077,-1.0668,7,pump
sigreg,projector,0.5458,-0.1956,7,pump
sigreg,projector,-0.5727,-0.8801,7,pump
sigreg,projector,0.6482,-0.1932,7,pump
sigreg,projector,-1.0956,-0.7831,7,pump
sigreg,projector,0.5674,-0.3668,7,pump
sigreg,projector,0.6215,-0.5725,7,pump
sigreg,projector,-0.0178,0.0326,7,pump
sigreg,projector,0.0269,-0.2346,7,pump
sigreg,projector,-0.9455,-0.7947,7,pump
sigreg,projector,0.4592,-0.0760,7,pump
sigreg,projector,0.1842,-0.8332,7,pump
sigreg,projector,0.3087,-1.8814,7,pump
sigreg,projector,0.6508,-0.5282,7,pump
sigreg,projector,0.4886,-1.0160,7,pump
sigreg,projector,-0.7587,-0.5252,7,pump
sigreg,projector,0.1923,-1.2002,7,pump
sigreg,projector,0.5199,-1.1498,7,pump
sigreg,projector,0.5193,-0.5622,7,pump
sigreg,projector,-0.6440,-0.6817,7,pump
sigreg,projector,-0.4467,-1.5946,7,pump
sigreg,projector,-0.2584,0.7605,7,pump
sigreg,projector,-0.3045,-0.3059,7,pump
sigreg,projector,0.4081,0.0731,7,pump
sigreg,projector,0.8274,-1.7846,7,pump
sigreg,projector,0.7270,0.2561,7,pump
sigreg,projector,0.0151,-0.0847,7,pump
sigreg,projector,-1.0328,-0.1128,7,pump
sigreg,projector,0.3378,0.2939,7,pump
sigreg,projector,0.1497,0.0337,7,pump
sigreg,projector,-0.1674,-0.8956,7,pump
sigreg,projector,0.7295,0.1768,7,pump
sigreg,projector,0.0253,-0.7887,7,pump
sigreg,projector,0.1688,-0.7757,7,pump
sigreg,projector,0.1339,-0.1032,7,pump
sigreg,projector,-0.7819,-1.2711,7,pump
sigreg,projector,0.1601,-0.2807,7,pump
sigreg,projector,0.1378,-0.0170,7,pump
sigreg,projector,-0.0044,-1.4702,7,pump
sigreg,projector,-0.7686,-1.2531,7,pump
sigreg,projector,0.5310,0.0180,7,pump
sigreg,projector,0.5509,-0.0357,7,pump
sigreg,projector,-0.1657,-0.2798,7,pump
sigreg,projector,-0.6967,-0.1995,7,pump
sigreg,projector,0.3758,-0.2423,7,pump
sigreg,projector,0.2605,-0.7577,7,pump
sigreg,projector,-0.1540,-1.5779,7,pump
sigreg,projector,0.6825,-0.7193,7,pump
sigreg,projector,0.1891,-0.6886,7,pump
sigreg,projector,0.6074,-0.4110,7,pump
sigreg,projector,0.3941,-1.1618,7,pump
sigreg,projector,-0.1975,-0.4816,7,pump
sigreg,projector,-0.0134,-0.7184,7,pump
sigreg,projector,0.5367,-0.1535,7,pump
sigreg,projector,0.1925,1.4602,7,pump
sigreg,projector,0.2329,-0.0695,7,pump
sigreg,projector,0.5873,-1.0307,7,pump
sigreg,projector,-0.4971,-0.3369,7,pump
sigreg,projector,-0.6356,-0.0238,7,pump
sigreg,projector,-0.0824,-1.2615,7,pump
sigreg,projector,0.2765,-0.7268,7,pump
sigreg,projector,0.5166,-0.4880,7,pump
sigreg,projector,0.4993,-0.7214,7,pump
sigreg,projector,0.5277,-0.2487,7,pump
sigreg,projector,0.5958,-1.4380,7,pump
sigreg,projector,0.5056,-0.1491,7,pump
sigreg,projector,0.8209,-0.4503,7,pump
sigreg,projector,0.5598,-1.6063,7,pump
sigreg,projector,0.2875,0.8347,7,pump
sigreg,projector,0.7190,-1.0026,7,pump
sigreg,projector,0.4960,0.1263,7,pump
sigreg,projector,0.4845,-0.3612,7,pump
sigreg,projector,0.0656,0.3123,7,pump
sigreg,projector,-0.7144,-0.9433,7,pump
sigreg,projector,0.3191,-0.7358,7,pump
sigreg,projector,1.0467,-0.8295,7,pump
sigreg,projector,-0.0772,-1.3036,7,pump
sigreg,projector,0.4131,-0.1845,7,pump
sigreg,projector,0.7833,-0.1697,7,pump
sigreg,projector,0.6695,-1.1658,7,pump
sigreg,projector,0.6423,-0.2851,7,pump
sigreg,projector,0.3864,-0.6518,7,pump
sigreg,projector,0.6614,1.2636,7,pump
sigreg,projector,0.5028,-0.1000,7,pump
sigreg,projector,0.6875,-0.2421,7,pump
sigreg,projector,0.1579,-0.3038,7,pump
sigreg,projector,0.5829,-0.4036,7,pump
sigreg,projector,0.0353,-2.3256,7,pump
sigreg,projector,-0.2747,0.6304,7,pump
sigreg,projector,0.4975,-0.3769,7,pump
sigreg,projector,-0.2114,-1.3277,7,pump
sigreg,projector,0.5544,-0.5953,7,pump
sigreg,projector,-0.0942,1.3849,7,pump
sigreg,projector,0.4163,0.0331,7,pump
sigreg,projector,0.4664,-0.0366,7,pump
sigreg,projector,0.6001,-0.2376,7,pump
sigreg,projector,0.0050,0.1614,7,pump
sigreg,projector,0.5399,-1.2714,7,pump
sigreg,projector,0.1839,-0.9559,7,pump
sigreg,projector,0.0284,-0.0456,7,pump
sigreg,projector,0.2715,-0.6280,7,pump
sigreg,projector,0.4321,0.0846,7,pump
sigreg,projector,1.0017,-0.4640,7,pump
sigreg,projector,-0.4393,-0.5409,7,pump
sigreg,projector,0.3854,0.4693,7,pump
sigreg,projector,0.0029,-0.1680,7,pump
sigreg,projector,1.0874,-1.5115,7,pump
sigreg,projector,-0.0276,-0.2330,7,pump
sigreg,projector,-0.1411,-0.8422,7,pump
sigreg,projector,-0.8632,-0.0491,7,pump
sigreg,projector,0.3914,-0.7132,7,pump
sigreg,projector,-0.4815,-0.9505,7,pump
sigreg,projector,0.4905,-0.3408,7,pump
sigreg,projector,0.4051,-1.4828,7,pump
sigreg,projector,-0.4696,-0.9589,7,pump
sigreg,projector,-0.0420,-0.1621,7,pump
sigreg,projector,0.6869,1.3721,7,pump
sigreg,projector,0.3259,-1.1681,7,pump
sigreg,projector,0.6301,-0.6467,7,pump
sigreg,projector,0.3202,-0.8259,7,pump
sigreg,projector,-1.1014,-0.9364,7,pump
sigreg,projector,-0.2884,-0.5239,7,pump
sigreg,projector,-0.6120,-1.0119,7,pump
sigreg,projector,-0.3968,-0.6997,7,pump
sigreg,projector,-0.5696,-0.0346,7,pump
sigreg,projector,0.1063,0.7659,7,pump
sigreg,projector,0.5677,-0.9306,7,pump
sigreg,projector,-0.8569,0.3002,7,pump
sigreg,projector,0.2473,-1.1373,7,pump
sigreg,projector,0.6525,-0.6409,7,pump
sigreg,projector,0.5229,-1.0127,7,pump
sigreg,projector,0.1065,0.1672,7,pump
sigreg,projector,0.0165,-1.2425,7,pump
sigreg,projector,0.3997,-0.7779,7,pump
sigreg,projector,-0.3964,-0.9640,7,pump
sigreg,projector,0.3528,-0.6299,7,pump
sigreg,projector,0.4696,-0.8026,7,pump
sigreg,projector,1.3993,0.9979,7,pump
sigreg,projector,-1.2714,-0.4761,7,pump
sigreg,projector,0.4470,-0.4517,7,pump
sigreg,projector,-0.6130,0.3650,7,pump
sigreg,projector,0.2279,-0.6475,7,pump
sigreg,projector,0.8292,-0.5122,7,pump
sigreg,projector,0.7845,-0.5241,7,pump
sigreg,projector,0.0712,0.2348,7,pump
sigreg,projector,0.7374,-0.8266,7,pump
sigreg,projector,0.4833,-0.7524,7,pump
sigreg,projector,-0.2522,1.2475,7,pump
sigreg,projector,1.2559,-1.0263,7,pump
sigreg,projector,0.7728,-0.2735,7,pump
sigreg,projector,-0.9354,-0.8779,7,pump
sigreg,projector,-0.0351,-0.6908,7,pump
sigreg,projector,0.1260,-0.2454,7,pump
sigreg,projector,0.7830,-0.7907,7,pump
sigreg,projector,-0.4525,-0.3400,7,pump
sigreg,projector,0.4743,-1.3051,7,pump
sigreg,projector,0.3300,-0.4917,7,pump
sigreg,projector,0.1279,-0.7148,7,pump
sigreg,projector,0.3689,-1.6690,7,pump
sigreg,projector,0.9235,-1.1521,7,pump
sigreg,projector,0.3155,-1.6861,7,pump
sigreg,projector,0.4179,-0.6247,7,pump
sigreg,projector,0.8515,-0.7414,7,pump
sigreg,projector,0.0386,-0.9051,7,pump
sigreg,projector,0.9632,-0.7301,7,pump
sigreg,projector,0.4876,-0.2656,7,pump
sigreg,projector,0.2527,-0.0010,7,pump
sigreg,projector,0.0981,-1.5956,7,pump
sigreg,projector,-0.0077,-0.0860,7,pump
sigreg,projector,0.2478,-0.5989,7,pump
sigreg,projector,0.3505,-0.2122,7,pump
sigreg,projector,0.7107,-0.0379,7,pump
sigreg,projector,0.2600,-1.3148,7,pump
sigreg,projector,0.3092,-0.6140,7,pump
sigreg,projector,0.0321,-2.1331,7,pump
sigreg,projector,0.3915,-0.0656,7,pump
sigreg,projector,0.5845,-1.1748,7,pump
sigreg,projector,0.0206,-1.1843,7,pump
sigreg,projector,0.6285,-0.0957,7,pump
sigreg,projector,1.7529,-1.2022,7,pump
sigreg,projector,0.1255,-0.3833,7,pump
sigreg,projector,-0.3442,-0.4592,7,pump
sigreg,projector,0.1430,0.2105,7,pump
sigreg,projector,0.5347,-1.9418,7,pump
sigreg,projector,0.1209,-1.1773,7,pump
sigreg,projector,-0.3515,-1.5811,7,pump
sigreg,projector,0.2241,-0.7901,7,pump
sigreg,projector,-0.0552,-0.5067,7,pump
sigreg,projector,1.1595,-1.7819,7,pump
sigreg,projector,0.6193,-0.5396,7,pump
sigreg,projector,0.8271,-0.9186,7,pump
sigreg,projector,0.6531,-0.3672,7,pump
sigreg,projector,0.2873,-0.6883,7,pump
sigreg,projector,0.2169,-0.0147,7,pump
sigreg,projector,0.3620,-0.5733,7,pump
sigreg,projector,-0.7629,-0.3092,7,pump
sigreg,projector,0.4517,-0.5809,7,pump
sigreg,projector,-0.0227,1.1898,7,pump
sigreg,projector,0.3291,-0.1779,7,pump
sigreg,projector,0.5938,-0.0959,7,pump
sigreg,projector,-0.2032,-1.2751,7,pump
sigreg,projector,-0.2559,1.0505,7,pump
sigreg,projector,0.4312,-1.2345,7,pump
sigreg,projector,0.3769,-1.6459,7,pump
sigreg,projector,0.1918,0.4935,7,pump
sigreg,projector,0.3859,-0.8693,7,pump
sigreg,projector,0.2522,-0.6013,7,pump
sigreg,projector,0.3534,0.0676,7,pump
sigreg,projector,0.2114,-0.7008,7,pump
sigreg,projector,0.4165,-0.8145,7,pump
sigreg,projector,0.1415,-1.5288,7,pump
sigreg,projector,-0.1672,1.1395,7,pump
sigreg,projector,-0.0222,0.4808,7,pump
sigreg,projector,0.1872,-0.6498,7,pump
sigreg,projector,-0.5904,-1.2289,7,pump
sigreg,projector,-0.4807,-0.3888,7,pump
sigreg,projector,0.3285,-0.8256,7,pump
sigreg,projector,1.2487,-0.6451,7,pump
sigreg,projector,0.3645,1.1258,7,pump
sigreg,projector,-0.0079,-0.2325,7,pump
sigreg,projector,0.1684,0.2589,7,pump
sigreg,projector,0.3985,0.4839,7,pump
sigreg,projector,-0.2736,-0.6013,7,pump
sigreg,projector,0.4707,0.3451,7,pump
sigreg,projector,0.4881,-0.6295,7,pump
sigreg,projector,1.2033,-1.1930,7,pump
sigreg,projector,0.5144,-0.8383,7,pump
sigreg,projector,-0.1876,-1.1685,7,pump
sigreg,projector,-0.2936,-0.5966,7,pump
sigreg,projector,-0.1986,-0.8127,7,pump
sigreg,projector,0.5305,-0.3455,7,pump
sigreg,projector,-0.9190,-1.2365,7,pump
sigreg,projector,-0.0918,-0.7233,7,pump
sigreg,projector,-0.1584,-0.6742,7,pump
sigreg,projector,-0.0020,-0.8771,7,pump
sigreg,projector,0.3840,0.2453,7,pump
sigreg,projector,0.4790,0.2820,7,pump
sigreg,projector,0.6409,-0.7186,7,pump
sigreg,projector,-0.6067,-1.0747,7,pump
sigreg,projector,0.1042,0.5916,7,pump
sigreg,projector,0.4082,0.1654,7,pump
sigreg,projector,0.1780,-0.9015,7,pump
sigreg,projector,0.7286,0.5146,7,pump
sigreg,projector,0.2596,0.1373,7,pump
sigreg,projector,0.5378,-1.0941,7,pump
sigreg,projector,0.4184,-0.4819,7,pump
sigreg,projector,0.0361,-0.3019,7,pump
sigreg,projector,0.1457,-0.3255,7,pump
sigreg,projector,0.5032,-0.5966,7,pump
sigreg,projector,-0.1090,-0.0085,7,pump
sigreg,projector,0.4808,-0.1417,7,pump
sigreg,projector,-0.1066,-0.2863,7,pump
sigreg,projector,0.1267,-0.1537,7,pump
sigreg,projector,1.0262,-1.2588,7,pump
sigreg,projector,0.0807,-1.3963,7,pump
sigreg,projector,0.4384,-1.1038,7,pump
sigreg,projector,0.4006,-0.5758,7,pump
sigreg,projector,0.7448,-0.2796,7,pump
sigreg,projector,-0.1112,-1.1408,7,pump
sigreg,projector,0.4608,-1.7318,7,pump
sigreg,projector,-0.2890,-0.3489,7,pump
sigreg,projector,-0.1885,-0.2036,7,pump
sigreg,projector,-0.3828,0.3093,7,pump
sigreg,projector,0.8635,-0.6663,7,pump
sigreg,projector,0.6274,-0.1034,7,pump
sigreg,projector,-0.6795,-0.3181,7,pump
sigreg,projector,0.7786,-0.1834,7,pump
sigreg,projector,0.5053,0.0849,7,pump
sigreg,projector,0.3419,-0.4837,7,pump
sigreg,projector,0.6493,-0.4742,7,pump
sigreg,projector,-0.3333,-0.0860,7,pump
sigreg,projector,0.2135,-0.0963,7,pump
sigreg,projector,0.5980,-0.7097,7,pump
sigreg,projector,0.6106,-0.6662,7,pump
sigreg,projector,0.1817,0.8637,7,pump
sigreg,projector,0.1751,-0.6810,7,pump
sigreg,projector,-0.1407,0.7562,7,pump
sigreg,projector,1.0504,1.3100,7,pump
sigreg,projector,-0.3685,-0.8336,7,pump
sigreg,projector,-0.2184,0.2827,7,pump
sigreg,projector,-0.1706,0.8492,7,pump
sigreg,projector,1.1566,-0.5092,7,pump
sigreg,projector,-0.0408,-0.4597,7,pump
sigreg,projector,0.8100,-0.2116,7,pump
sigreg,projector,0.5636,-0.5064,7,pump
sigreg,projector,0.3773,0.2685,7,pump
sigreg,projector,-0.1992,-0.4881,7,pump
sigreg,projector,0.1524,1.3875,7,pump
sigreg,projector,0.5780,-1.2324,7,pump
sigreg,projector,0.6114,-0.7723,7,pump
sigreg,projector,0.1683,-0.5920,7,pump
sigreg,projector,0.2750,-0.0961,7,pump
sigreg,projector,0.6191,-0.7511,7,pump
sigreg,projector,-0.1382,-0.2716,7,pump
sigreg,projector,-0.0947,-0.7559,7,pump
sigreg,projector,-2.9862,-0.3617,8,golf
sigreg,projector,-2.6419,-0.5308,8,golf
sigreg,projector,1.3524,1.4194,8,golf
sigreg,projector,0.1078,0.8474,8,golf
sigreg,projector,0.2879,-0.3477,8,golf
sigreg,projector,-1.3618,0.2002,8,golf
sigreg,projector,-2.2739,-2.0358,8,golf
sigreg,projector,-2.1420,-1.7342,8,golf
sigreg,projector,0.1308,0.4954,8,golf
sigreg,projector,-1.2902,-1.0917,8,golf
sigreg,projector,-0.0714,0.4350,8,golf
sigreg,projector,-0.1232,0.8901,8,golf
sigreg,projector,-1.9368,-1.6025,8,golf
sigreg,projector,0.3600,0.9153,8,golf
sigreg,projector,-0.0891,0.6975,8,golf
sigreg,projector,0.7347,0.1541,8,golf
sigreg,projector,0.9774,1.6273,8,golf
sigreg,projector,-2.2952,-2.2026,8,golf
sigreg,projector,0.7394,0.3437,8,golf
sigreg,projector,0.3915,0.9591,8,golf
sigreg,projector,0.6244,1.2973,8,golf
sigreg,projector,0.3174,0.2797,8,golf
sigreg,projector,0.1180,0.2127,8,golf
sigreg,projector,-1.2888,-1.9284,8,golf
sigreg,projector,1.5031,1.7626,8,golf
sigreg,projector,0.2646,0.4198,8,golf
sigreg,projector,-1.0326,0.3418,8,golf
sigreg,projector,-0.7821,-0.3649,8,golf
sigreg,projector,1.2789,1.2493,8,golf
sigreg,projector,-1.1924,-1.3879,8,golf
sigreg,projector,-1.4753,-1.6386,8,golf
sigreg,projector,0.1017,0.2714,8,golf
sigreg,projector,-0.2854,-1.7436,8,golf
sigreg,projector,-1.0655,-0.2741,8,golf
sigreg,projector,0.5967,0.5174,8,golf
sigreg,projector,0.2306,0.5893,8,golf
sigreg,projector,-1.2973,-0.5134,8,golf
sigreg,projector,0.1199,0.6840,8,golf
sigreg,projector,-0.1655,0.8067,8,golf
sigreg,projector,0.3380,0.8919,8,golf
sigreg,projector,0.1488,1.0627,8,golf
sigreg,projector,-2.7203,-0.3645,8,golf
sigreg,projector,0.5189,0.4820,8,golf
sigreg,projector,0.4187,0.8348,8,golf
sigreg,projector,0.3668,0.7503,8,golf
sigreg,projector,-2.4257,-1.6909,8,golf
sigreg,projector,0.3438,1.0509,8,golf
sigreg,projector,-1.9565,-2.6819,8,golf
sigreg,projector,0.2671,0.8487,8,golf
sigreg,projector,-2.6736,-1.8624,8,golf
sigreg,projector,-2.2134,-2.2461,8,golf
sigreg,projector,-0.2849,-0.0423,8,golf
sigreg,projector,-1.0506,0.2802,8,golf
sigreg,projector,-0.3036,0.1675,8,golf
sigreg,projector,-0.2209,0.1755,8,golf
sigreg,projector,0.2162,0.6237,8,golf
sigreg,projector,-0.9421,-0.9454,8,golf
sigreg,projector,0.1136,1.1310,8,golf
sigreg,projector,0.3203,0.9291,8,golf
sigreg,projector,0.2730,0.1836,8,golf
sigreg,projector,0.2929,1.0899,8,golf
sigreg,projector,-0.0074,0.3668,8,golf
sigreg,projector,-1.1225,-1.0100,8,golf
sigreg,projector,-3.1124,-1.3255,8,golf
sigreg,projector,0.7145,0.8001,8,golf
sigreg,projector,-0.3204,0.9977,8,golf
sigreg,projector,1.0207,1.4860,8,golf
sigreg,projector,-0.2162,0.4744,8,golf
sigreg,projector,0.7897,1.4340,8,golf
sigreg,projector,-2.0667,-2.1874,8,golf
sigreg,projector,-0.8473,-0.3761,8,golf
sigreg,projector,-0.7539,0.0610,8,golf
sigreg,projector,-1.3552,-1.1492,8,golf
sigreg,projector,-0.9141,-0.5176,8,golf
sigreg,projector,-1.1763,-1.0490,8,golf
sigreg,projector,0.6414,0.8355,8,golf
sigreg,projector,1.3417,1.4720,8,golf
sigreg,projector,0.4631,0.5819,8,golf
sigreg,projector,0.1677,0.6459,8,golf
sigreg,projector,-1.8536,-0.3424,8,golf
sigreg,projector,0.2041,0.7405,8,golf
sigreg,projector,-0.5863,0.1552,8,golf
sigreg,projector,0.1594,0.4417,8,golf
sigreg,projector,-1.9408,-0.7068,8,golf
sigreg,projector,0.2667,0.4912,8,golf
sigreg,projector,0.7869,1.3658,8,golf
sigreg,projector,0.4444,0.9485,8,golf
sigreg,projector,0.5424,0.8297,8,golf
sigreg,projector,1.3954,-0.1237,8,golf
sigreg,projector,0.0775,1.0354,8,golf
sigreg,projector,0.5571,0.7302,8,golf
sigreg,projector,0.2339,-0.0263,8,golf
sigreg,projector,0.4955,1.0079,8,golf
sigreg,projector,-0.2424,0.9485,8,golf
sigreg,projector,1.1430,1.6243,8,golf
sigreg,projector,0.8044,0.9588,8,golf
sigreg,projector,-2.0614,-2.1647,8,golf
sigreg,projector,0.3769,1.2095,8,golf
sigreg,projector,-0.5590,-0.1059,8,golf
sigreg,projector,-0.8866,-0.6376,8,golf
sigreg,projector,0.7668,-0.0873,8,golf
sigreg,projector,-1.8948,-1.4187,8,golf
sigreg,projector,0.6715,0.9221,8,golf
sigreg,projector,0.0152,-1.4100,8,golf
sigreg,projector,-0.1840,0.2056,8,golf
sigreg,projector,-0.3077,-0.2485,8,golf
sigreg,projector,-2.4733,-1.3386,8,golf
sigreg,projector,0.9025,1.3304,8,golf
sigreg,projector,-1.6944,-2.4347,8,golf
sigreg,projector,-0.0887,0.5421,8,golf
sigreg,projector,0.3875,-1.4634,8,golf
sigreg,projector,-0.8563,-0.5241,8,golf
sigreg,projector,-1.7200,-2.3350,8,golf
sigreg,projector,0.9231,1.0435,8,golf
sigreg,projector,-1.1468,-1.3061,8,golf
sigreg,projector,-0.7466,-0.5136,8,golf
sigreg,projector,-1.4783,-1.0408,8,golf
sigreg,projector,-3.1821,-0.5435,8,golf
sigreg,projector,0.5552,0.4214,8,golf
sigreg,projector,-0.3009,0.8009,8,golf
sigreg,projector,0.0391,0.6036,8,golf
sigreg,projector,-0.1669,0.7796,8,golf
sigreg,projector,0.4273,0.9670,8,golf
sigreg,projector,-2.2069,-2.1735,8,golf
sigreg,projector,0.7843,1.5045,8,golf
sigreg,projector,0.8694,1.1844,8,golf
sigreg,projector,0.2646,0.6292,8,golf
sigreg,projector,-0.7871,-0.9428,8,golf
sigreg,projector,0.1167,0.8276,8,golf
sigreg,projector,-0.6690,-1.0665,8,golf
sigreg,projector,-2.4683,-0.3396,8,golf
sigreg,projector,-1.2818,-1.1443,8,golf
sigreg,projector,-2.0985,-1.9546,8,golf
sigreg,projector,-1.4599,-0.1197,8,golf
sigreg,projector,-3.0502,-2.1435,8,golf
sigreg,projector,1.5425,1.1059,8,golf
sigreg,projector,0.4633,-0.1134,8,golf
sigreg,projector,0.6951,1.0837,8,golf
sigreg,projector,-0.4147,0.1039,8,golf
sigreg,projector,-0.2125,0.6636,8,golf
sigreg,projector,-0.4160,0.4801,8,golf
sigreg,projector,-0.3506,-0.4561,8,golf
sigreg,projector,0.1210,1.2345,8,golf
sigreg,projector,0.2601,0.8406,8,golf
sigreg,projector,-2.4517,-2.0184,8,golf
sigreg,projector,0.4283,0.9066,8,golf
sigreg,projector,-2.8842,-1.5853,8,golf
sigreg,projector,0.0674,0.6070,8,golf
sigreg,projector,-1.4938,-0.6541,8,golf
sigreg,projector,0.5411,0.9514,8,golf
sigreg,projector,-1.5546,-1.4723,8,golf
sigreg,projector,-1.1453,-0.9305,8,golf
sigreg,projector,0.3905,0.7035,8,golf
sigreg,projector,-2.0353,-2.0578,8,golf
sigreg,projector,1.0161,1.6260,8,golf
sigreg,projector,-0.1534,-0.3086,8,golf
sigreg,projector,-0.1199,0.5699,8,golf
sigreg,projector,0.5641,1.0759,8,golf
sigreg,projector,0.5890,1.3346,8,golf
sigreg,projector,-2.9429,-0.7631,8,golf
sigreg,projector,-0.9180,-0.5655,8,golf
sigreg,projector,-2.4413,-1.4972,8,golf
sigreg,projector,1.0476,1.7619,8,golf
sigreg,projector,0.5362,0.8781,8,golf
sigreg,projector,0.9972,0.9727,8,golf
sigreg,projector,-1.2249,-1.4187,8,golf
sigreg,projector,-0.8230,-0.0218,8,golf
sigreg,projector,-2.4175,-1.3161,8,golf
sigreg,projector,-1.0562,-0.4943,8,golf
sigreg,projector,0.2402,0.3944,8,golf
sigreg,projector,0.1730,0.6361,8,golf
sigreg,projector,-1.7958,-1.9494,8,golf
sigreg,projector,-1.9233,-2.5836,8,golf
sigreg,projector,-0.1763,0.4914,8,golf
sigreg,projector,0.4971,0.4767,8,golf
sigreg,projector,0.4833,0.8452,8,golf
sigreg,projector,-3.0330,-0.4285,8,golf
sigreg,projector,-0.4460,0.5463,8,golf
sigreg,projector,0.2728,0.7932,8,golf
sigreg,projector,-1.4964,-0.9197,8,golf
sigreg,projector,-0.6235,0.1589,8,golf
sigreg,projector,-2.3478,-2.2418,8,golf
sigreg,projector,-0.7774,-0.1877,8,golf
sigreg,projector,0.4369,0.1446,8,golf
sigreg,projector,-2.7699,-1.0186,8,golf
sigreg,projector,-0.4247,-0.0398,8,golf
sigreg,projector,-0.4977,-0.0024,8,golf
sigreg,projector,-2.2311,-0.6881,8,golf
sigreg,projector,-2.5729,-0.4761,8,golf
sigreg,projector,1.0099,1.2009,8,golf
sigreg,projector,-1.3044,-0.9972,8,golf
sigreg,projector,0.1613,0.9193,8,golf
sigreg,projector,-0.7603,0.2936,8,golf
sigreg,projector,1.4525,1.5573,8,golf
sigreg,projector,0.1617,0.9315,8,golf
sigreg,projector,-0.1808,-0.3946,8,golf
sigreg,projector,0.2426,0.6952,8,golf
sigreg,projector,-0.5126,1.1189,8,golf
sigreg,projector,-1.9174,0.2249,8,golf
sigreg,projector,0.2658,0.7245,8,golf
sigreg,projector,0.3350,0.2936,8,golf
sigreg,projector,-2.7158,-1.4911,8,golf
sigreg,projector,0.4956,0.8352,8,golf
sigreg,projector,1.4304,1.0358,8,golf
sigreg,projector,-0.4325,-0.1629,8,golf
sigreg,projector,0.4415,1.5459,8,golf
sigreg,projector,-0.0198,-0.0313,8,golf
sigreg,projector,0.3767,1.3344,8,golf
sigreg,projector,0.4639,1.3112,8,golf
sigreg,projector,-2.0050,-0.4664,8,golf
sigreg,projector,0.7002,1.4833,8,golf
sigreg,projector,0.5044,0.7508,8,golf
sigreg,projector,-2.1897,-1.5884,8,golf
sigreg,projector,0.6068,0.8387,8,golf
sigreg,projector,0.2353,1.0996,8,golf
sigreg,projector,-0.0159,0.7037,8,golf
sigreg,projector,-0.4329,1.2648,8,golf
sigreg,projector,-2.0710,-2.1431,8,golf
sigreg,projector,-1.5923,-2.0530,8,golf
sigreg,projector,-1.5211,-1.6296,8,golf
sigreg,projector,-0.6987,0.5571,8,golf
sigreg,projector,-2.9892,-0.3513,8,golf
sigreg,projector,-0.5254,-0.5260,8,golf
sigreg,projector,-0.8174,0.8554,8,golf
sigreg,projector,-0.3392,0.5953,8,golf
sigreg,projector,-2.4685,-0.0697,8,golf
sigreg,projector,1.2573,0.2899,8,golf
sigreg,projector,-1.2325,0.5937,8,golf
sigreg,projector,-2.2580,-2.3966,8,golf
sigreg,projector,0.1947,1.0196,8,golf
sigreg,projector,0.4226,0.9348,8,golf
sigreg,projector,-1.6038,-1.6351,8,golf
sigreg,projector,0.3156,1.0007,8,golf
sigreg,projector,0.1794,0.6938,8,golf
sigreg,projector,-1.6009,-1.0185,8,golf
sigreg,projector,0.6646,1.2539,8,golf
sigreg,projector,0.5082,0.9357,8,golf
sigreg,projector,-1.1698,-0.2202,8,golf
sigreg,projector,-2.8387,-1.3754,8,golf
sigreg,projector,-0.2778,0.2774,8,golf
sigreg,projector,-0.8621,-0.4372,8,golf
sigreg,projector,-0.3598,0.0271,8,golf
sigreg,projector,0.1567,0.5579,8,golf
sigreg,projector,-0.5610,-0.1427,8,golf
sigreg,projector,0.6621,0.7162,8,golf
sigreg,projector,-2.1250,-1.1945,8,golf
sigreg,projector,1.3254,1.2967,8,golf
sigreg,projector,0.9050,1.5776,8,golf
sigreg,projector,-1.4082,-2.0524,8,golf
sigreg,projector,0.1034,-0.9020,8,golf
sigreg,projector,1.0187,1.5812,8,golf
sigreg,projector,-2.1560,-0.7955,8,golf
sigreg,projector,1.5166,1.5764,8,golf
sigreg,projector,-0.9394,-0.5978,8,golf
sigreg,projector,-0.9155,-0.3079,8,golf
sigreg,projector,0.8806,1.0748,8,golf
sigreg,projector,-2.3463,-1.5664,8,golf
sigreg,projector,0.2529,0.7605,8,golf
sigreg,projector,-0.1256,0.8606,8,golf
sigreg,projector,0.7912,0.9018,8,golf
sigreg,projector,-0.9486,-1.2619,8,golf
sigreg,projector,0.5047,0.8450,8,golf
sigreg,projector,0.1876,0.7726,8,golf
sigreg,projector,0.6080,0.6241,8,golf
sigreg,projector,0.6634,1.0990,8,golf
sigreg,projector,0.9837,1.6746,8,golf
sigreg,projector,0.5895,0.9322,8,golf
sigreg,projector,-2.0325,-1.6310,8,golf
sigreg,projector,-2.1474,0.0411,8,golf
sigreg,projector,0.4833,1.0000,8,golf
sigreg,projector,-0.0038,0.0581,8,golf
sigreg,projector,0.8119,1.3876,8,golf
sigreg,projector,0.9911,1.6767,8,golf
sigreg,projector,1.2338,1.2669,8,golf
sigreg,projector,-0.0232,0.6464,8,golf
sigreg,projector,-0.3443,-0.6054,8,golf
sigreg,projector,-1.9338,-2.4706,8,golf
sigreg,projector,1.3659,0.3898,8,golf
sigreg,projector,-2.0921,-0.7880,8,golf
sigreg,projector,-2.0799,0.6310,8,golf
sigreg,projector,0.1014,0.7060,8,golf
sigreg,projector,1.1034,1.3531,8,golf
sigreg,projector,0.1838,0.2924,8,golf
sigreg,projector,-0.4124,0.3117,8,golf
sigreg,projector,0.2600,0.6853,8,golf
sigreg,projector,0.0408,1.1607,8,golf
sigreg,projector,0.3211,0.8811,8,golf
sigreg,projector,0.8033,1.1135,8,golf
sigreg,projector,-0.7510,-0.3385,8,golf
sigreg,projector,-2.1177,-2.0312,8,golf
sigreg,projector,0.8885,1.3964,8,golf
sigreg,projector,0.0847,0.5625,8,golf
sigreg,projector,-2.5112,-2.1764,8,golf
sigreg,projector,0.0837,0.7533,8,golf
sigreg,projector,-0.0674,0.4436,8,golf
sigreg,projector,1.1235,1.6637,8,golf
sigreg,projector,0.5051,0.2816,8,golf
sigreg,projector,-0.4852,0.0514,8,golf
sigreg,projector,0.3712,0.8020,8,golf
sigreg,projector,-0.8365,0.9296,8,golf
sigreg,projector,-1.1183,-1.7845,8,golf
sigreg,projector,-0.9857,-0.5450,8,golf
sigreg,projector,-0.2003,-0.1081,8,golf
sigreg,projector,-1.4268,-0.3924,8,golf
sigreg,projector,0.7449,1.0473,8,golf
sigreg,projector,-0.9507,-0.3153,8,golf
sigreg,projector,-2.1900,-0.6234,8,golf
sigreg,projector,1.1503,1.3058,8,golf
sigreg,projector,0.9070,0.8792,8,golf
sigreg,projector,-2.7203,-2.1621,8,golf
sigreg,projector,-0.4068,-0.4538,8,golf
sigreg,projector,-2.5339,-0.6511,8,golf
sigreg,projector,-0.4141,-0.2576,8,golf
sigreg,projector,0.7218,1.1864,8,golf
sigreg,projector,-1.9222,-1.8540,8,golf
sigreg,projector,1.3451,1.2532,8,golf
sigreg,projector,0.6455,0.6822,8,golf
sigreg,projector,1.0498,0.9543,8,golf
sigreg,projector,-1.9009,-1.6536,8,golf
sigreg,projector,-1.3146,-1.5751,8,golf
sigreg,projector,-1.6991,-0.8963,8,golf
sigreg,projector,-3.0466,-1.3362,8,golf
sigreg,projector,0.1097,0.7247,8,golf
sigreg,projector,0.9360,1.0027,8,golf
sigreg,projector,0.3162,1.0384,8,golf
sigreg,projector,-0.9431,-0.7433,8,golf
sigreg,projector,1.0905,1.7037,8,golf
sigreg,projector,-1.1559,-1.0115,8,golf
sigreg,projector,-1.4406,-0.5580,8,golf
sigreg,projector,-3.3844,-0.7312,8,golf
sigreg,projector,0.7040,1.0854,8,golf
sigreg,projector,-0.2494,0.3874,8,golf
sigreg,projector,-2.7060,-2.5322,8,golf
sigreg,projector,1.0636,1.6195,8,golf
sigreg,projector,0.5430,0.8236,8,golf
sigreg,projector,0.5265,0.8557,8,golf
sigreg,projector,0.9079,1.5532,8,golf
sigreg,projector,-0.3549,0.7522,8,golf
sigreg,projector,0.0897,0.4596,8,golf
sigreg,projector,-0.4071,-0.4196,8,golf
sigreg,projector,-2.8568,-2.2453,8,golf
sigreg,projector,-1.2193,-0.2768,8,golf
sigreg,projector,-0.6935,0.9463,8,golf
sigreg,projector,0.4614,0.4321,8,golf
sigreg,projector,-1.4660,-1.2844,8,golf
sigreg,projector,0.9896,1.7001,8,golf
sigreg,projector,0.3402,0.6567,8,golf
sigreg,projector,0.4304,0.9363,8,golf
sigreg,projector,-2.3505,-0.9411,8,golf
sigreg,projector,-0.6711,-0.8670,8,golf
sigreg,projector,-3.2187,-0.9356,8,golf
sigreg,projector,-0.6102,0.0063,8,golf
sigreg,projector,-0.7432,-1.6324,8,golf
sigreg,projector,-2.2900,-2.0624,8,golf
sigreg,projector,0.6583,1.4673,8,golf
sigreg,projector,0.7801,0.8507,8,golf
sigreg,projector,-0.0836,0.2953,8,golf
sigreg,projector,-1.4880,-1.5504,8,golf
sigreg,projector,-2.5193,-2.0828,8,golf
sigreg,projector,-0.6619,0.4036,8,golf
sigreg,projector,0.7414,0.8770,8,golf
sigreg,projector,-2.3677,-2.1409,8,golf
sigreg,projector,0.7688,1.2674,8,golf
sigreg,projector,-2.5341,-0.0822,8,golf
sigreg,projector,-2.3352,-2.3405,8,golf
sigreg,projector,-0.2381,0.1887,8,golf
sigreg,projector,-0.1299,-0.0640,8,golf
sigreg,projector,-1.6653,-2.2358,8,golf
sigreg,projector,-1.8569,-1.3855,8,golf
sigreg,projector,-1.8064,-0.4221,8,golf
sigreg,projector,0.4376,0.7533,8,golf
sigreg,projector,-1.7241,-1.0197,8,golf
sigreg,projector,0.9042,1.3462,8,golf
sigreg,projector,-1.0037,-0.7094,8,golf
sigreg,projector,-1.0291,-0.5219,8,golf
sigreg,projector,-1.7646,-2.5395,8,golf
sigreg,projector,0.5248,0.5998,8,golf
sigreg,projector,-1.9232,-1.6159,8,golf
sigreg,projector,0.1575,0.7093,8,golf
sigreg,projector,-0.5769,0.0659,8,golf
sigreg,projector,-2.5197,-2.1093,8,golf
sigreg,projector,-0.9252,-1.3487,8,golf
sigreg,projector,0.4032,0.9598,8,golf
sigreg,projector,0.9505,0.8710,8,golf
sigreg,projector,-0.3506,0.2888,8,golf
sigreg,projector,0.0114,0.4220,8,golf
sigreg,projector,-1.7036,-1.9304,8,golf
sigreg,projector,0.2347,1.2286,8,golf
sigreg,projector,-0.4231,0.0418,8,golf
sigreg,projector,0.4439,0.8104,8,golf
sigreg,projector,-1.4685,-1.3060,8,golf
sigreg,projector,0.2625,0.7291,8,golf
sigreg,projector,0.4795,1.0286,8,golf
sigreg,projector,1.2372,1.3907,8,golf
sigreg,projector,-2.5882,-2.3615,8,golf
sigreg,projector,-0.2444,-1.3237,8,golf
sigreg,projector,-1.0718,-0.4213,8,golf
sigreg,projector,0.1291,-0.2083,8,golf
sigreg,projector,0.0201,0.2355,8,golf
sigreg,projector,-1.0315,1.1134,9,chute
sigreg,projector,-0.4071,-0.3939,9,chute
sigreg,projector,-1.1241,0.9208,9,chute
sigreg,projector,-0.4452,-0.5833,9,chute
sigreg,projector,-0.1358,0.9576,9,chute
sigreg,projector,-0.8131,1.0509,9,chute
sigreg,projector,-1.4239,1.7741,9,chute
sigreg,projector,-1.2758,1.3066,9,chute
sigreg,projector,-0.3620,0.3818,9,chute
sigreg,projector,-1.1953,1.9243,9,chute
sigreg,projector,-1.4487,2.2226,9,chute
sigreg,projector,-0.6618,-1.1884,9,chute
sigreg,projector,-1.3947,2.1044,9,chute
sigreg,projector,-1.5593,2.0894,9,chute
sigreg,projector,-0.8825,-1.4688,9,chute
sigreg,projector,-1.0481,1.4551,9,chute
sigreg,projector,-1.2774,1.9520,9,chute
sigreg,projector,-0.9239,0.3695,9,chute
sigreg,projector,-0.7164,-0.0752,9,chute
sigreg,projector,-0.7598,-0.3242,9,chute
sigreg,projector,0.1165,1.1286,9,chute
sigreg,projector,-0.6882,-0.1767,9,chute
sigreg,projector,-0.5087,0.5546,9,chute
sigreg,projector,-0.4487,-0.4962,9,chute
sigreg,projector,-1.1031,-0.7889,9,chute
sigreg,projector,-2.6703,-1.3787,9,chute
sigreg,projector,-0.3102,-0.6753,9,chute
sigreg,projector,-1.2356,1.2208,9,chute
sigreg,projector,-1.2082,-0.9554,9,chute
sigreg,projector,-0.4927,0.2914,9,chute
sigreg,projector,-0.7658,0.9731,9,chute
sigreg,projector,-1.9244,-0.7265,9,chute
sigreg,projector,-0.0003,0.0146,9,chute
sigreg,projector,-0.5185,0.4034,9,chute
sigreg,projector,-0.4355,0.6828,9,chute
sigreg,projector,-0.7307,-0.0850,9,chute
sigreg,projector,-1.3371,1.4136,9,chute
sigreg,projector,-1.2121,-0.8607,9,chute
sigreg,projector,-0.7599,-0.6337,9,chute
sigreg,projector,-0.9719,1.3578,9,chute
sigreg,projector,-0.8278,-0.0078,9,chute
sigreg,projector,-0.0184,0.8812,9,chute
sigreg,projector,-1.9067,-0.3159,9,chute
sigreg,projector,-0.4651,-0.3751,9,chute
sigreg,projector,-0.8676,-0.8117,9,chute
sigreg,projector,-1.0411,0.5264,9,chute
sigreg,projector,-0.3471,0.2358,9,chute
sigreg,projector,-0.9007,-0.5614,9,chute
sigreg,projector,-0.3736,-0.0189,9,chute
sigreg,projector,-0.4649,0.5195,9,chute
sigreg,projector,-0.6115,1.1045,9,chute
sigreg,projector,-1.0983,-1.1832,9,chute
sigreg,projector,-0.5777,0.7778,9,chute
sigreg,projector,-0.2504,0.9655,9,chute
sigreg,projector,-0.4761,0.9844,9,chute
sigreg,projector,-0.9705,-1.0910,9,chute
sigreg,projector,-0.6146,-1.2353,9,chute
sigreg,projector,-0.6292,1.1642,9,chute
sigreg,projector,-0.7441,1.4030,9,chute
sigreg,projector,-1.0317,-0.4674,9,chute
sigreg,projector,-0.4457,-0.5074,9,chute
sigreg,projector,-1.1408,1.0417,9,chute
sigreg,projector,-0.3541,-0.7155,9,chute
sigreg,projector,-0.6567,0.7210,9,chute
sigreg,projector,-2.4699,-1.3929,9,chute
sigreg,projector,-0.4706,0.3180,9,chute
sigreg,projector,-0.6222,-0.2615,9,chute
sigreg,projector,-2.4415,-1.7086,9,chute
sigreg,projector,-2.5994,-1.5373,9,chute
sigreg,projector,-1.0536,2.0574,9,chute
sigreg,projector,-0.5582,1.0790,9,chute
sigreg,projector,-0.7658,-0.5980,9,chute
sigreg,projector,-0.5185,0.1546,9,chute
sigreg,projector,-0.8491,1.4859,9,chute
sigreg,projector,-0.8136,0.5255,9,chute
sigreg,projector,-0.5243,0.2631,9,chute
sigreg,projector,-0.5789,1.2439,9,chute
sigreg,projector,-0.6007,0.5844,9,chute
sigreg,projector,-1.1833,1.6819,9,chute
sigreg,projector,-1.1221,-0.6685,9,chute
sigreg,projector,-1.0791,1.3039,9,chute
sigreg,projector,-0.4906,1.0893,9,chute
sigreg,projector,-0.5889,-0.8119,9,chute
sigreg,projector,-1.0490,0.5911,9,chute
sigreg,projector,-0.4990,1.3008,9,chute
sigreg,projector,-0.3938,1.1632,9,chute
sigreg,projector,-0.5961,-1.0936,9,chute
sigreg,projector,-1.2790,1.4618,9,chute
sigreg,projector,-0.1519,0.8087,9,chute
sigreg,projector,-0.9186,0.8354,9,chute
sigreg,projector,0.0181,0.4055,9,chute
sigreg,projector,-0.6153,-0.8146,9,chute
sigreg,projector,-0.5777,-0.5226,9,chute
sigreg,projector,-1.0457,-2.4010,9,chute
sigreg,projector,-0.6587,-0.3690,9,chute
sigreg,projector,-1.4955,2.0081,9,chute
sigreg,projector,-0.1316,-0.5180,9,chute
sigreg,projector,-1.4666,2.0300,9,chute
sigreg,projector,-0.5007,0.0450,9,chute
sigreg,projector,-0.6206,1.2499,9,chute
sigreg,projector,-1.9345,-1.1463,9,chute
sigreg,projector,-1.2864,-0.9904,9,chute
sigreg,projector,-0.9742,-0.6827,9,chute
sigreg,projector,-1.0044,1.0719,9,chute
sigreg,projector,-1.2575,-1.2863,9,chute
sigreg,projector,-1.3882,-1.2146,9,chute
sigreg,projector,-0.6989,-0.1171,9,chute
sigreg,projector,-0.2383,0.7831,9,chute
sigreg,projector,-0.7414,-0.6010,9,chute
sigreg,projector,-0.4577,-0.5510,9,chute
sigreg,projector,-0.4808,0.7427,9,chute
sigreg,projector,-1.0849,-0.7654,9,chute
sigreg,projector,-0.6669,-1.2519,9,chute
sigreg,projector,-1.8124,-0.2095,9,chute
sigreg,projector,-1.0743,-0.7358,9,chute
sigreg,projector,-1.5953,2.2069,9,chute
sigreg,projector,-0.9375,1.1508,9,chute
sigreg,projector,-0.8765,1.2661,9,chute
sigreg,projector,-0.9278,-0.3160,9,chute
sigreg,projector,-0.5948,-0.9105,9,chute
sigreg,projector,-0.4801,0.2604,9,chute
sigreg,projector,-2.5668,-1.6830,9,chute
sigreg,projector,-0.5913,0.0509,9,chute
sigreg,projector,-0.9381,-0.0953,9,chute
sigreg,projector,-0.6058,0.6837,9,chute
sigreg,projector,-0.6882,0.7617,9,chute
sigreg,projector,-0.7276,1.2350,9,chute
sigreg,projector,-0.5780,0.2039,9,chute
sigreg,projector,-1.5004,-1.2401,9,chute
sigreg,projector,-0.7463,0.9842,9,chute
sigreg,projector,-0.7743,-0.5517,9,chute
sigreg,projector,-0.7774,-0.4954,9,chute
sigreg,projector,-1.2447,1.7040,9,chute
sigreg,projector,-0.5149,0.5315,9,chute
sigreg,projector,-0.8969,1.6290,9,chute
sigreg,projector,-0.9507,1.6217,9,chute
sigreg,projector,-1.1328,1.5409,9,chute
sigreg,projector,-1.2216,-0.4222,9,chute
sigreg,projector,-0.7403,1.5058,9,chute
sigreg,projector,-1.1406,-1.0875,9,chute
sigreg,projector,0.5318,-0.2894,9,chute
sigreg,projector,-1.4103,-0.9718,9,chute
sigreg,projector,-1.2677,-0.8199,9,chute
sigreg,projector,-0.6671,-0.4105,9,chute
sigreg,projector,-0.6250,-0.8439,9,chute
sigreg,projector,-0.7194,1.4071,9,chute
sigreg,projector,-0.6222,-0.7920,9,chute
sigreg,projector,-0.8274,-0.7237,9,chute
sigreg,projector,-1.0971,1.4275,9,chute
sigreg,projector,-1.1316,1.0958,9,chute
sigreg,projector,-0.9313,-1.4194,9,chute
sigreg,projector,-0.5408,-0.2483,9,chute
sigreg,projector,-0.1580,0.6863,9,chute
sigreg,projector,-1.4244,1.4417,9,chute
sigreg,projector,-0.7260,0.9841,9,chute
sigreg,projector,-0.5594,-0.3294,9,chute
sigreg,projector,-1.1474,1.6642,9,chute
sigreg,projector,-0.9504,-0.7849,9,chute
sigreg,projector,-0.9462,-0.1147,9,chute
sigreg,projector,-1.0327,1.3062,9,chute
sigreg,projector,-0.6746,1.2365,9,chute
sigreg,projector,-0.5698,0.4207,9,chute
sigreg,projector,-0.6415,-0.4604,9,chute
sigreg,projector,-1.4835,1.9759,9,chute
sigreg,projector,-0.7814,1.5186,9,chute
sigreg,projector,-0.7688,1.5538,9,chute
sigreg,projector,-1.3999,2.1804,9,chute
sigreg,projector,-0.5780,-0.5254,9,chute
sigreg,projector,-1.3189,1.4417,9,chute
sigreg,projector,-0.3777,0.7710,9,chute
sigreg,projector,-0.5685,0.0163,9,chute
sigreg,projector,-0.6397,1.1791,9,chute
sigreg,projector,-0.9276,1.4004,9,chute
sigreg,projector,-0.4485,0.4110,9,chute
sigreg,projector,-1.2868,1.8011,9,chute
sigreg,projector,-0.7712,-0.4101,9,chute
sigreg,projector,-0.3410,-0.0778,9,chute
sigreg,projector,-1.3391,2.2919,9,chute
sigreg,projector,-1.3874,1.9551,9,chute
sigreg,projector,-1.3309,1.2933,9,chute
sigreg,projector,-0.7019,1.2675,9,chute
sigreg,projector,0.0510,1.3097,9,chute
sigreg,projector,-1.2813,1.8179,9,chute
sigreg,projector,-0.7603,0.3579,9,chute
sigreg,projector,-1.3478,1.9697,9,chute
sigreg,projector,-0.4745,0.2117,9,chute
sigreg,projector,-1.0582,-1.4817,9,chute
sigreg,projector,-1.1296,0.9207,9,chute
sigreg,projector,-1.2929,1.9083,9,chute
sigreg,projector,-0.5308,0.8608,9,chute
sigreg,projector,-0.2712,0.7183,9,chute
sigreg,projector,-0.7148,1.4300,9,chute
sigreg,projector,-0.9466,0.9348,9,chute
sigreg,projector,-0.2344,-0.7828,9,chute
sigreg,projector,-0.4979,0.3371,9,chute
sigreg,projector,-0.1868,0.8911,9,chute
sigreg,projector,-1.1671,1.3866,9,chute
sigreg,projector,-1.0422,1.2067,9,chute
sigreg,projector,-0.8851,-0.4291,9,chute
sigreg,projector,-1.1604,-1.1285,9,chute
sigreg,projector,-0.6357,0.3762,9,chute
sigreg,projector,-0.8644,1.0506,9,chute
sigreg,projector,-1.5679,2.1567,9,chute
sigreg,projector,-1.1362,-1.1607,9,chute
sigreg,projector,-1.1106,1.4788,9,chute
sigreg,projector,-0.8293,-0.5502,9,chute
sigreg,projector,-1.3851,1.9720,9,chute
sigreg,projector,-0.6294,0.4719,9,chute
sigreg,projector,-1.0609,-0.8413,9,chute
sigreg,projector,-0.5895,0.2735,9,chute
sigreg,projector,-1.0858,-0.9519,9,chute
sigreg,projector,-0.4530,-0.9303,9,chute
sigreg,projector,-0.4113,0.6594,9,chute
sigreg,projector,-1.3371,1.8094,9,chute
sigreg,projector,-1.3745,1.8734,9,chute
sigreg,projector,-0.6778,1.5196,9,chute
sigreg,projector,-1.0832,1.2215,9,chute
sigreg,projector,-0.8479,1.0875,9,chute
sigreg,projector,-1.3168,2.0243,9,chute
sigreg,projector,-1.4403,1.8586,9,chute
sigreg,projector,-0.6535,-1.1183,9,chute
sigreg,projector,-0.5839,0.0256,9,chute
sigreg,projector,-0.5458,0.4390,9,chute
sigreg,projector,0.9800,-0.5027,9,chute
sigreg,projector,-0.5647,0.3974,9,chute
sigreg,projector,-0.6492,-0.7854,9,chute
sigreg,projector,-0.5888,0.9748,9,chute
sigreg,projector,-0.5871,-1.1500,9,chute
sigreg,projector,-1.5061,-0.8456,9,chute
sigreg,projector,-0.6389,0.5482,9,chute
sigreg,projector,-0.3747,0.3839,9,chute
sigreg,projector,-1.4497,2.1946,9,chute
sigreg,projector,-1.6826,-1.1639,9,chute
sigreg,projector,-0.5655,-0.4969,9,chute
sigreg,projector,-0.7936,0.9121,9,chute
sigreg,projector,-0.3928,-0.5585,9,chute
sigreg,projector,-1.1396,-0.6695,9,chute
sigreg,projector,-0.4862,0.8212,9,chute
sigreg,projector,-0.8933,1.6930,9,chute
sigreg,projector,-0.4803,0.3066,9,chute
sigreg,projector,-1.4525,1.5999,9,chute
sigreg,projector,-0.9696,0.2883,9,chute
sigreg,projector,-0.6154,0.4876,9,chute
sigreg,projector,-0.9631,-0.1141,9,chute
sigreg,projector,-1.3903,1.5017,9,chute
sigreg,projector,-1.1733,1.7821,9,chute
sigreg,projector,-1.0513,1.2578,9,chute
sigreg,projector,-0.5741,0.9622,9,chute
sigreg,projector,-0.0165,0.8545,9,chute
sigreg,projector,-1.2767,-0.9851,9,chute
sigreg,projector,-0.5231,0.4265,9,chute
sigreg,projector,-0.4270,1.3231,9,chute
sigreg,projector,-0.8811,-1.0806,9,chute
sigreg,projector,-0.5787,0.9717,9,chute
sigreg,projector,-0.1948,-1.5242,9,chute
sigreg,projector,-0.7660,1.1649,9,chute
sigreg,projector,-1.6932,-0.9242,9,chute
sigreg,projector,-1.3963,1.9080,9,chute
sigreg,projector,-0.6177,0.3156,9,chute
sigreg,projector,-1.2946,1.4332,9,chute
sigreg,projector,-1.1179,-0.6727,9,chute
sigreg,projector,-1.6933,-1.2821,9,chute
sigreg,projector,-0.0114,-1.0257,9,chute
sigreg,projector,-0.6224,0.0679,9,chute
sigreg,projector,-1.0167,0.0737,9,chute
sigreg,projector,-1.1880,1.6659,9,chute
sigreg,projector,-1.5964,-0.9463,9,chute
sigreg,projector,-0.1530,0.1047,9,chute
sigreg,projector,-0.2687,0.6264,9,chute
sigreg,projector,-1.2892,-0.7358,9,chute
sigreg,projector,-0.8911,0.5655,9,chute
sigreg,projector,-0.9223,0.1381,9,chute
sigreg,projector,0.0132,1.1569,9,chute
sigreg,projector,-0.8056,-0.0491,9,chute
sigreg,projector,-1.0661,1.5156,9,chute
sigreg,projector,-1.5038,-0.4122,9,chute
sigreg,projector,-0.3376,0.5338,9,chute
sigreg,projector,-0.4250,-0.1816,9,chute
sigreg,projector,-0.7284,0.6379,9,chute
sigreg,projector,-0.6267,1.2885,9,chute
sigreg,projector,-0.8782,1.3592,9,chute
sigreg,projector,-0.6584,1.4986,9,chute
sigreg,projector,-0.7616,-0.1979,9,chute
sigreg,projector,-1.1269,-0.9258,9,chute
sigreg,projector,-0.8919,1.6901,9,chute
sigreg,projector,-0.7973,1.3499,9,chute
sigreg,projector,-0.5721,0.9915,9,chute
sigreg,projector,-0.6400,-1.0610,9,chute
sigreg,projector,-0.6681,1.4315,9,chute
sigreg,projector,0.2903,0.5851,9,chute
sigreg,projector,-1.0097,1.3006,9,chute
sigreg,projector,-0.1667,-0.7861,9,chute
sigreg,projector,-1.1113,-0.9475,9,chute
sigreg,projector,-0.6591,0.8503,9,chute
sigreg,projector,-1.3057,1.1525,9,chute
sigreg,projector,-0.9150,-0.9595,9,chute
sigreg,projector,-0.8259,-0.9158,9,chute
sigreg,projector,-0.8153,0.9790,9,chute
sigreg,projector,-2.5881,-0.8682,9,chute
sigreg,projector,-1.3830,2.1903,9,chute
sigreg,projector,-0.8038,-0.2979,9,chute
sigreg,projector,-0.5470,0.5641,9,chute
sigreg,projector,-0.3496,0.9691,9,chute
sigreg,projector,-1.2980,1.5550,9,chute
sigreg,projector,-1.5481,2.2013,9,chute
sigreg,projector,-0.6391,1.0089,9,chute
sigreg,projector,-0.4678,-0.0665,9,chute
sigreg,projector,-1.3151,1.4578,9,chute
sigreg,projector,-0.6370,1.0501,9,chute
sigreg,projector,-0.0585,-0.4827,9,chute
sigreg,projector,-0.2709,-0.5218,9,chute
sigreg,projector,-0.5700,1.1791,9,chute
sigreg,projector,0.1189,0.8364,9,chute
sigreg,projector,-0.7186,1.4681,9,chute
sigreg,projector,-1.0531,1.4750,9,chute
sigreg,projector,-1.4541,-1.1048,9,chute
sigreg,projector,-1.1884,1.3085,9,chute
sigreg,projector,-0.5593,0.0534,9,chute
sigreg,projector,-1.0531,-0.7744,9,chute
sigreg,projector,-1.0914,1.4530,9,chute
sigreg,projector,-0.2185,-1.3144,9,chute
sigreg,projector,-0.1735,0.0350,9,chute
sigreg,projector,-0.1564,0.5477,9,chute
sigreg,projector,-0.2244,-1.1356,9,chute
sigreg,projector,-0.7569,1.1641,9,chute
sigreg,projector,-0.3739,-0.0746,9,chute
sigreg,projector,-0.4101,0.7692,9,chute
sigreg,projector,-0.5967,0.3819,9,chute
sigreg,projector,-0.8447,-0.3086,9,chute
sigreg,projector,-0.7528,0.6830,9,chute
sigreg,projector,0.0238,-0.0271,9,chute
sigreg,projector,-0.7267,1.3169,9,chute
sigreg,projector,-1.3068,-1.0932,9,chute
sigreg,projector,-0.4574,0.2477,9,chute
sigreg,projector,-1.8534,-1.2629,9,chute
sigreg,projector,-0.3900,-0.6591,9,chute
sigreg,projector,-0.9935,1.2756,9,chute
sigreg,projector,-0.5468,1.4360,9,chute
sigreg,projector,-1.4766,2.3913,9,chute
sigreg,projector,-0.9744,1.3450,9,chute
sigreg,projector,-0.6403,0.6781,9,chute
sigreg,projector,-1.1847,1.6613,9,chute
sigreg,projector,-0.3541,-0.6050,9,chute
sigreg,projector,-0.8459,0.6101,9,chute
sigreg,projector,-0.6291,-0.1481,9,chute
sigreg,projector,-0.3258,-0.0116,9,chute
sigreg,projector,-0.4309,0.3796,9,chute
sigreg,projector,-1.1067,1.5961,9,chute
sigreg,projector,-1.1198,1.7143,9,chute
sigreg,projector,-0.5895,-0.8984,9,chute
sigreg,projector,-0.6920,-0.2808,9,chute
sigreg,projector,-0.7244,1.1012,9,chute
sigreg,projector,-1.0267,0.4463,9,chute
sigreg,projector,0.2739,0.7806,9,chute
sigreg,projector,-1.3242,1.9056,9,chute
sigreg,projector,-0.6827,0.0639,9,chute
sigreg,projector,0.3891,1.2567,9,chute
sigreg,projector,-0.6318,0.3267,9,chute
sigreg,projector,-0.7841,1.4283,9,chute
sigreg,projector,-1.4196,1.8498,9,chute
sigreg,projector,-1.1596,1.5814,9,chute
sigreg,projector,-0.5751,1.2260,9,chute
sigreg,projector,-0.9974,0.0895,9,chute
sigreg,projector,-0.6730,0.3195,9,chute
sigreg,projector,-0.8553,0.0467,9,chute
sigreg,projector,-0.5209,0.5825,9,chute
sigreg,projector,-1.4415,-1.1379,9,chute
sigreg,projector,0.2895,0.8077,9,chute
sigreg,projector,-1.1777,1.8433,9,chute
sigreg,projector,-0.7358,1.2546,9,chute
sigreg,projector,0.0178,0.2902,9,chute
sigreg,projector,-0.5800,1.3720,9,chute
sigreg,projector,-1.1338,-0.8818,9,chute
sigreg,projector,-0.7826,0.7863,9,chute
sigreg,projector,-0.4060,-0.3313,9,chute
sigreg,projector,-0.6635,0.2137,9,chute
sigreg,projector,-1.4289,2.1030,9,chute
sigreg,projector,-0.6188,-0.4267,9,chute
sigreg,projector,-0.5733,-0.5290,9,chute
sigreg,projector,-1.0541,1.8552,9,chute
sigreg,projector,-0.6943,-0.2874,9,chute
sigreg,projector,-0.3450,-1.4345,9,chute
sigreg,projector,-1.5279,2.1715,9,chute
sigreg,projector,-0.4630,0.2787,9,chute
sigreg,projector,-0.4035,-0.5794,9,chute
sigreg,projector,-0.1714,1.0187,9,chute
sigreg,projector,-0.6864,-1.2913,9,chute
sigreg,projector,-0.7566,1.2966,9,chute
sigreg,projector,-0.5368,-0.5182,9,chute
sigreg,projector,0.2535,-1.1355,9,chute
sigreg,backbone,3.5478,2.6674,0,tench
sigreg,backbone,2.7856,4.9784,0,tench
sigreg,backbone,2.7632,-1.2556,0,tench
sigreg,backbone,2.6374,3.2948,0,tench
sigreg,backbone,5.7605,0.3564,0,tench
sigreg,backbone,3.3886,-1.2790,0,tench
sigreg,backbone,2.8605,-0.2623,0,tench
sigreg,backbone,3.8169,3.9843,0,tench
sigreg,backbone,4.2665,4.1461,0,tench
sigreg,backbone,2.3778,-1.7735,0,tench
sigreg,backbone,4.5690,2.9384,0,tench
sigreg,backbone,0.3018,5.5992,0,tench
sigreg,backbone,2.8181,3.9574,0,tench
sigreg,backbone,2.3005,2.1867,0,tench
sigreg,backbone,2.6918,3.9418,0,tench
sigreg,backbone,2.6024,0.9201,0,tench
sigreg,backbone,-0.7968,4.8800,0,tench
sigreg,backbone,3.0499,4.5088,0,tench
sigreg,backbone,3.6322,2.8777,0,tench
sigreg,backbone,3.8543,2.3565,0,tench
sigreg,backbone,2.6926,1.1473,0,tench
sigreg,backbone,3.6621,2.5674,0,tench
sigreg,backbone,1.4190,-1.2224,0,tench
sigreg,backbone,3.1721,4.7414,0,tench
sigreg,backbone,3.1679,5.6815,0,tench
sigreg,backbone,1.9631,1.9264,0,tench
sigreg,backbone,4.2146,3.7095,0,tench
sigreg,backbone,2.0694,-0.4834,0,tench
sigreg,backbone,2.8579,5.2411,0,tench
sigreg,backbone,2.5553,1.6649,0,tench
sigreg,backbone,2.3798,2.8015,0,tench
sigreg,backbone,2.5878,3.5744,0,tench
sigreg,backbone,4.5467,0.2922,0,tench
sigreg,backbone,2.9926,0.4522,0,tench
sigreg,backbone,3.5631,1.8018,0,tench
sigreg,backbone,3.4285,4.1441,0,tench
sigreg,backbone,1.4959,-2.7749,0,tench
sigreg,backbone,5.1081,2.5171,0,tench
sigreg,backbone,0.9364,3.3116,0,tench
sigreg,backbone,2.8100,3.6559,0,tench
sigreg,backbone,3.3983,-2.8527,0,tench
sigreg,backbone,3.3456,5.1016,0,tench
sigreg,backbone,2.6631,3.2117,0,tench
sigreg,backbone,2.5510,3.9348,0,tench
sigreg,backbone,4.7568,2.4539,0,tench
sigreg,backbone,3.4783,4.4300,0,tench
sigreg,backbone,2.1703,2.9440,0,tench
sigreg,backbone,1.9602,2.8277,0,tench
sigreg,backbone,2.0871,3.0616,0,tench
sigreg,backbone,4.1624,-0.1850,0,tench
sigreg,backbone,2.8428,4.0744,0,tench
sigreg,backbone,3.1392,3.7034,0,tench
sigreg,backbone,2.7862,5.6480,0,tench
sigreg,backbone,3.7377,-0.7935,0,tench
sigreg,backbone,2.3087,2.0677,0,tench
sigreg,backbone,2.0421,3.0696,0,tench
sigreg,backbone,3.6683,4.9246,0,tench
sigreg,backbone,2.3339,4.3204,0,tench
sigreg,backbone,3.0144,4.7680,0,tench
sigreg,backbone,4.6433,3.5698,0,tench
sigreg,backbone,2.6203,3.0180,0,tench
sigreg,backbone,2.9409,5.0203,0,tench
sigreg,backbone,1.6967,-1.5990,0,tench
sigreg,backbone,2.9790,5.0932,0,tench
sigreg,backbone,2.2558,-0.9595,0,tench
sigreg,backbone,3.8563,4.7861,0,tench
sigreg,backbone,1.9171,-1.9636,0,tench
sigreg,backbone,3.7357,6.2571,0,tench
sigreg,backbone,3.1207,1.3700,0,tench
sigreg,backbone,2.4127,-1.0369,0,tench
sigreg,backbone,1.3028,1.6887,0,tench
sigreg,backbone,1.9126,3.1774,0,tench
sigreg,backbone,2.4514,2.8751,0,tench
sigreg,backbone,3.2457,4.7839,0,tench
sigreg,backbone,2.9616,3.3929,0,tench
sigreg,backbone,1.5111,-2.9769,0,tench
sigreg,backbone,1.8516,2.5100,0,tench
sigreg,backbone,3.6005,1.3656,0,tench
sigreg,backbone,2.5837,3.1628,0,tench
sigreg,backbone,2.5378,2.1626,0,tench
sigreg,backbone,2.5838,3.7795,0,tench
sigreg,backbone,2.8949,3.7902,0,tench
sigreg,backbone,4.1615,0.0039,0,tench
sigreg,backbone,1.8628,-2.3952,0,tench
sigreg,backbone,2.7268,0.7529,0,tench
sigreg,backbone,2.0054,5.1223,0,tench
sigreg,backbone,5.5009,4.7283,0,tench
sigreg,backbone,3.0591,4.4617,0,tench
sigreg,backbone,3.2123,1.2637,0,tench
sigreg,backbone,2.9711,-0.0076,0,tench
sigreg,backbone,1.0654,2.3236,0,tench
sigreg,backbone,3.0750,3.5689,0,tench
sigreg,backbone,2.9505,-0.5628,0,tench
sigreg,backbone,3.0541,-2.1820,0,tench
sigreg,backbone,5.2688,1.8566,0,tench
sigreg,backbone,3.7836,4.6583,0,tench
sigreg,backbone,3.3528,-0.9052,0,tench
sigreg,backbone,3.9781,5.7541,0,tench
sigreg,backbone,3.4979,2.0036,0,tench
sigreg,backbone,3.0438,4.2405,0,tench
sigreg,backbone,2.7923,4.3539,0,tench
sigreg,backbone,0.7975,2.5601,0,tench
sigreg,backbone,3.4902,1.1830,0,tench
sigreg,backbone,2.1172,3.2704,0,tench
sigreg,backbone,2.9011,3.7605,0,tench
sigreg,backbone,2.5628,4.0074,0,tench
sigreg,backbone,1.7789,3.6050,0,tench
sigreg,backbone,2.5694,1.1382,0,tench
sigreg,backbone,1.4762,2.5568,0,tench
sigreg,backbone,3.2249,2.6312,0,tench
sigreg,backbone,2.6240,-0.2573,0,tench
sigreg,backbone,3.2910,3.6429,0,tench
sigreg,backbone,2.1071,-2.0840,0,tench
sigreg,backbone,2.5294,3.1914,0,tench
sigreg,backbone,4.5812,2.9643,0,tench
sigreg,backbone,3.5993,3.7003,0,tench
sigreg,backbone,2.3907,3.2021,0,tench
sigreg,backbone,2.7416,4.1073,0,tench
sigreg,backbone,2.9871,5.1171,0,tench
sigreg,backbone,2.9537,3.1542,0,tench
sigreg,backbone,1.8613,3.9123,0,tench
sigreg,backbone,3.3662,2.4727,0,tench
sigreg,backbone,2.9446,4.0558,0,tench
sigreg,backbone,2.8885,2.9437,0,tench
sigreg,backbone,5.1400,2.6745,0,tench
sigreg,backbone,3.3635,4.1254,0,tench
sigreg,backbone,2.7613,-0.4902,0,tench
sigreg,backbone,2.6142,3.1697,0,tench
sigreg,backbone,3.0221,5.1828,0,tench
sigreg,backbone,1.9986,3.6264,0,tench
sigreg,backbone,3.3214,4.4485,0,tench
sigreg,backbone,3.0742,3.6109,0,tench
sigreg,backbone,5.5976,1.7087,0,tench
sigreg,backbone,3.5481,4.6505,0,tench
sigreg,backbone,2.7615,0.3186,0,tench
sigreg,backbone,2.6523,4.0661,0,tench
sigreg,backbone,2.8334,3.4306,0,tench
sigreg,backbone,2.6929,-0.5298,0,tench
sigreg,backbone,3.1534,2.2806,0,tench
sigreg,backbone,2.5293,-3.3431,0,tench
sigreg,backbone,1.1742,3.5547,0,tench
sigreg,backbone,5.4841,2.6607,0,tench
sigreg,backbone,2.0724,0.2614,0,tench
sigreg,backbone,3.0949,1.3092,0,tench
sigreg,backbone,2.5293,2.3589,0,tench
sigreg,backbone,2.0183,2.7630,0,tench
sigreg,backbone,1.4955,4.3801,0,tench
sigreg,backbone,2.9662,6.2319,0,tench
sigreg,backbone,0.8072,4.8559,0,tench
sigreg,backbone,2.5644,2.6736,0,tench
sigreg,backbone,2.7023,4.3658,0,tench
sigreg,backbone,1.5163,-5.3439,0,tench
sigreg,backbone,3.2418,4.1859,0,tench
sigreg,backbone,5.6381,1.9115,0,tench
sigreg,backbone,3.5063,4.8085,0,tench
sigreg,backbone,2.4048,4.7954,0,tench
sigreg,backbone,0.9690,2.4004,0,tench
sigreg,backbone,1.8426,-1.9744,0,tench
sigreg,backbone,3.1832,0.5693,0,tench
sigreg,backbone,4.3468,4.7810,0,tench
sigreg,backbone,3.5011,-0.8839,0,tench
sigreg,backbone,0.9916,1.9699,0,tench
sigreg,backbone,6.1012,2.0651,0,tench
sigreg,backbone,5.4643,2.1479,0,tench
sigreg,backbone,3.0387,3.7248,0,tench
sigreg,backbone,2.8821,-1.3708,0,tench
sigreg,backbone,3.9798,1.5488,0,tench
sigreg,backbone,4.1491,2.3434,0,tench
sigreg,backbone,2.9478,1.7570,0,tench
sigreg,backbone,4.0796,0.2916,0,tench
sigreg,backbone,4.1277,3.9448,0,tench
sigreg,backbone,2.7104,4.6405,0,tench
sigreg,backbone,2.4213,1.4513,0,tench
sigreg,backbone,4.3197,4.9270,0,tench
sigreg,backbone,3.1071,0.2572,0,tench
sigreg,backbone,5.3545,4.0376,0,tench
sigreg,backbone,6.3540,2.2254,0,tench
sigreg,backbone,3.0253,4.1303,0,tench
sigreg,backbone,4.5170,3.7486,0,tench
sigreg,backbone,1.9570,2.7465,0,tench
sigreg,backbone,2.7210,4.0192,0,tench
sigreg,backbone,2.0866,2.0221,0,tench
sigreg,backbone,4.3433,2.5002,0,tench
sigreg,backbone,2.9880,4.3850,0,tench
sigreg,backbone,3.4297,-1.9023,0,tench
sigreg,backbone,2.7036,-1.0371,0,tench
sigreg,backbone,2.1427,1.4320,0,tench
sigreg,backbone,2.5236,-0.9807,0,tench
sigreg,backbone,6.1708,2.4063,0,tench
sigreg,backbone,5.4031,2.6897,0,tench
sigreg,backbone,4.8821,3.3223,0,tench
sigreg,backbone,3.0565,0.9346,0,tench
sigreg,backbone,2.2306,-1.8343,0,tench
sigreg,backbone,3.8551,3.9371,0,tench
sigreg,backbone,2.4812,-1.0667,0,tench
sigreg,backbone,2.7514,1.7885,0,tench
sigreg,backbone,0.9681,-1.9769,0,tench
sigreg,backbone,1.9170,4.4491,0,tench
sigreg,backbone,2.5345,3.8503,0,tench
sigreg,backbone,3.1720,4.0153,0,tench
sigreg,backbone,2.5556,1.5505,0,tench
sigreg,backbone,5.8865,2.7440,0,tench
sigreg,backbone,2.7942,2.8562,0,tench
sigreg,backbone,2.2354,4.0853,0,tench
sigreg,backbone,3.2509,4.5124,0,tench
sigreg,backbone,3.5232,3.6721,0,tench
sigreg,backbone,3.6511,3.2251,0,tench
sigreg,backbone,2.7062,3.6151,0,tench
sigreg,backbone,1.1477,-0.3764,0,tench
sigreg,backbone,5.1652,3.4620,0,tench
sigreg,backbone,5.1201,-0.0160,0,tench
sigreg,backbone,3.4065,-0.5654,0,tench
sigreg,backbone,3.5657,1.8230,0,tench
sigreg,backbone,2.6036,2.9271,0,tench
sigreg,backbone,4.7950,-0.7955,0,tench
sigreg,backbone,4.8966,4.5012,0,tench
sigreg,backbone,2.5557,3.3016,0,tench
sigreg,backbone,2.2490,0.1337,0,tench
sigreg,backbone,2.7540,0.1791,0,tench
sigreg,backbone,2.7092,4.1293,0,tench
sigreg,backbone,2.5459,-0.1024,0,tench
sigreg,backbone,4.0062,-0.0245,0,tench
sigreg,backbone,3.7737,4.0933,0,tench
sigreg,backbone,5.3722,3.3716,0,tench
sigreg,backbone,1.7305,2.4642,0,tench
sigreg,backbone,4.4194,3.7985,0,tench
sigreg,backbone,2.5699,-4.3920,0,tench
sigreg,backbone,2.4195,2.2927,0,tench
sigreg,backbone,3.6046,0.4599,0,tench
sigreg,backbone,4.1994,1.4488,0,tench
sigreg,backbone,3.7248,3.1045,0,tench
sigreg,backbone,2.6194,2.0023,0,tench
sigreg,backbone,3.9492,4.0936,0,tench
sigreg,backbone,5.6896,3.4734,0,tench
sigreg,backbone,4.8663,-0.5244,0,tench
sigreg,backbone,2.6435,5.5290,0,tench
sigreg,backbone,4.0989,1.1170,0,tench
sigreg,backbone,1.9105,2.8615,0,tench
sigreg,backbone,3.7484,0.3100,0,tench
sigreg,backbone,4.4695,-0.2707,0,tench
sigreg,backbone,5.7163,5.0773,0,tench
sigreg,backbone,3.2515,3.7564,0,tench
sigreg,backbone,2.6687,1.4884,0,tench
sigreg,backbone,2.1570,-1.1784,0,tench
sigreg,backbone,2.7468,0.3655,0,tench
sigreg,backbone,3.3551,1.4699,0,tench
sigreg,backbone,4.1808,-0.3902,0,tench
sigreg,backbone,3.2938,4.5496,0,tench
sigreg,backbone,2.6915,1.9378,0,tench
sigreg,backbone,2.8585,3.6214,0,tench
sigreg,backbone,1.8594,-4.3414,0,tench
sigreg,backbone,3.6904,-3.1913,0,tench
sigreg,backbone,2.5863,2.4744,0,tench
sigreg,backbone,2.5134,2.3426,0,tench
sigreg,backbone,1.5726,2.0453,0,tench
sigreg,backbone,3.4410,2.1037,0,tench
sigreg,backbone,1.5565,3.4731,0,tench
sigreg,backbone,2.3485,-1.1207,0,tench
sigreg,backbone,3.3144,0.6864,0,tench
sigreg,backbone,3.7331,4.8294,0,tench
sigreg,backbone,4.0008,0.8717,0,tench
sigreg,backbone,2.2284,3.6692,0,tench
sigreg,backbone,4.5651,-0.7138,0,tench
sigreg,backbone,1.5052,3.8205,0,tench
sigreg,backbone,3.0508,-0.7257,0,tench
sigreg,backbone,1.2644,4.7861,0,tench
sigreg,backbone,3.4537,4.6323,0,tench
sigreg,backbone,1.7714,-2.2047,0,tench
sigreg,backbone,2.4620,4.2875,0,tench
sigreg,backbone,2.3336,0.4136,0,tench
sigreg,backbone,3.0142,4.4988,0,tench
sigreg,backbone,1.9109,3.2923,0,tench
sigreg,backbone,2.2064,4.7621,0,tench
sigreg,backbone,2.0755,-2.7175,0,tench
sigreg,backbone,4.4101,7.1786,0,tench
sigreg,backbone,3.9226,-0.9508,0,tench
sigreg,backbone,3.6009,1.1881,0,tench
sigreg,backbone,4.8173,2.4540,0,tench
sigreg,backbone,2.5685,0.6410,0,tench
sigreg,backbone,4.6554,1.4846,0,tench
sigreg,backbone,2.9691,1.8178,0,tench
sigreg,backbone,3.2896,2.8162,0,tench
sigreg,backbone,1.4672,4.2282,0,tench
sigreg,backbone,2.9617,3.3698,0,tench
sigreg,backbone,5.0542,2.6598,0,tench
sigreg,backbone,1.7880,3.8764,0,tench
sigreg,backbone,2.5114,3.6564,0,tench
sigreg,backbone,1.8327,2.8315,0,tench
sigreg,backbone,4.0849,2.3640,0,tench
sigreg,backbone,2.4314,3.1437,0,tench
sigreg,backbone,1.9237,0.3434,0,tench
sigreg,backbone,2.0264,-0.6985,0,tench
sigreg,backbone,6.0701,2.5769,0,tench
sigreg,backbone,5.3329,3.2519,0,tench
sigreg,backbone,1.7096,2.8006,0,tench
sigreg,backbone,4.7655,6.0155,0,tench
sigreg,backbone,2.1992,2.0860,0,tench
sigreg,backbone,0.1602,4.1369,0,tench
sigreg,backbone,3.1465,4.6278,0,tench
sigreg,backbone,2.0981,3.6345,0,tench
sigreg,backbone,2.1606,7.2453,0,tench
sigreg,backbone,3.1045,4.2152,0,tench
sigreg,backbone,3.2486,2.3027,0,tench
sigreg,backbone,2.5272,2.0348,0,tench
sigreg,backbone,2.0700,3.8118,0,tench
sigreg,backbone,2.3632,4.9512,0,tench
sigreg,backbone,3.4437,6.5121,0,tench
sigreg,backbone,2.4512,3.2230,0,tench
sigreg,backbone,3.3380,3.3908,0,tench
sigreg,backbone,2.5386,2.1618,0,tench
sigreg,backbone,3.8015,4.0904,0,tench
sigreg,backbone,3.2493,4.2816,0,tench
sigreg,backbone,2.7884,-5.1225,0,tench
sigreg,backbone,2.7882,3.3800,0,tench
sigreg,backbone,4.1412,3.6620,0,tench
sigreg,backbone,2.3321,2.4456,0,tench
sigreg,backbone,2.6865,0.1284,0,tench
sigreg,backbone,3.5914,1.5603,0,tench
sigreg,backbone,3.0450,1.8542,0,tench
sigreg,backbone,2.8079,5.2888,0,tench
sigreg,backbone,2.5831,-0.5588,0,tench
sigreg,backbone,2.5940,3.6373,0,tench
sigreg,backbone,2.5082,4.0726,0,tench
sigreg,backbone,2.4965,4.1276,0,tench
sigreg,backbone,2.7845,0.0563,0,tench
sigreg,backbone,3.6823,4.6031,0,tench
sigreg,backbone,3.4140,2.3993,0,tench
sigreg,backbone,4.1154,2.0419,0,tench
sigreg,backbone,3.2048,-1.1007,0,tench
sigreg,backbone,2.2493,0.5033,0,tench
sigreg,backbone,2.5964,-1.3859,0,tench
sigreg,backbone,1.4130,2.6810,0,tench
sigreg,backbone,5.1662,4.8519,0,tench
sigreg,backbone,2.2871,4.2510,0,tench
sigreg,backbone,1.5513,-2.4524,0,tench
sigreg,backbone,3.9439,4.2338,0,tench
sigreg,backbone,3.0282,-1.4343,0,tench
sigreg,backbone,4.2967,3.6757,0,tench
sigreg,backbone,0.6668,1.5557,0,tench
sigreg,backbone,3.4346,2.2129,0,tench
sigreg,backbone,4.9818,-1.5096,0,tench
sigreg,backbone,3.3971,4.4642,0,tench
sigreg,backbone,5.0715,5.1861,0,tench
sigreg,backbone,3.1716,3.6900,0,tench
sigreg,backbone,3.1244,-0.9432,0,tench
sigreg,backbone,3.0357,-0.4393,0,tench
sigreg,backbone,4.1673,2.2039,0,tench
sigreg,backbone,2.2473,3.8896,0,tench
sigreg,backbone,1.9882,2.8145,0,tench
sigreg,backbone,4.3313,5.0233,0,tench
sigreg,backbone,3.2689,4.1961,0,tench
sigreg,backbone,4.3597,5.8788,0,tench
sigreg,backbone,1.3436,-0.3403,0,tench
sigreg,backbone,2.3781,-1.9941,0,tench
sigreg,backbone,3.5890,3.7992,0,tench
sigreg,backbone,2.3984,3.0481,0,tench
sigreg,backbone,3.0284,5.2302,0,tench
sigreg,backbone,1.9544,3.8555,0,tench
sigreg,backbone,2.3480,3.9132,0,tench
sigreg,backbone,5.9661,2.3218,0,tench
sigreg,backbone,3.2525,1.5467,0,tench
sigreg,backbone,3.3623,1.3569,0,tench
sigreg,backbone,2.6550,-0.7881,0,tench
sigreg,backbone,3.5024,4.7197,0,tench
sigreg,backbone,4.4064,2.9343,0,tench
sigreg,backbone,2.5988,-0.6598,0,tench
sigreg,backbone,1.6757,1.0400,0,tench
sigreg,backbone,6.0380,2.8360,0,tench
sigreg,backbone,4.1755,3.2319,0,tench
sigreg,backbone,3.5752,3.3589,0,tench
sigreg,backbone,3.2306,5.2286,0,tench
sigreg,backbone,1.7416,2.8151,0,tench
sigreg,backbone,3.3205,4.6418,0,tench
sigreg,backbone,3.8896,1.4827,0,tench
sigreg,backbone,1.6051,5.2469,0,tench
sigreg,backbone,4.1790,3.2147,0,tench
sigreg,backbone,3.0901,-1.7375,0,tench
sigreg,backbone,3.0071,4.7203,0,tench
sigreg,backbone,3.4253,4.3951,0,tench
sigreg,backbone,2.3119,-0.7603,0,tench
sigreg,backbone,2.3950,3.9647,0,tench
sigreg,backbone,3.6959,-0.9688,0,tench
sigreg,backbone,2.9512,1.8001,0,tench
sigreg,backbone,1.7847,5.5644,0,tench
sigreg,backbone,4.0004,-0.6651,0,tench
sigreg,backbone,3.9348,5.1955,0,tench
sigreg,backbone,2.7637,4.0240,0,tench
sigreg,backbone,5.8819,1.4995,1,springer
sigreg,backbone,4.4307,1.6851,1,springer
sigreg,backbone,4.9685,-2.3794,1,springer
sigreg,backbone,4.6300,1.3576,1,springer
sigreg,backbone,2.3105,-1.8794,1,springer
sigreg,backbone,2.9309,-2.9782,1,springer
sigreg,backbone,-0.8947,-1.4783,1,springer
sigreg,backbone,2.3402,1.8404,1,springer
sigreg,backbone,2.7605,3.8103,1,springer
sigreg,backbone,1.5341,-2.2336,1,springer
sigreg,backbone,2.4231,5.2990,1,springer
sigreg,backbone,4.3840,-0.6413,1,springer
sigreg,backbone,4.1502,-2.4643,1,springer
sigreg,backbone,2.8371,0.9129,1,springer
sigreg,backbone,2.2242,3.2239,1,springer
sigreg,backbone,2.8947,-4.0219,1,springer
sigreg,backbone,4.4640,0.8871,1,springer
sigreg,backbone,6.1253,2.1452,1,springer
sigreg,backbone,4.4659,-2.0835,1,springer
sigreg,backbone,2.5094,0.6937,1,springer
sigreg,backbone,4.4891,0.1016,1,springer
sigreg,backbone,5.3426,2.5071,1,springer
sigreg,backbone,1.9953,-2.4003,1,springer
sigreg,backbone,2.4929,-3.0983,1,springer
sigreg,backbone,3.9175,-4.8519,1,springer
sigreg,backbone,5.3681,-1.0737,1,springer
sigreg,backbone,2.9676,3.2345,1,springer
sigreg,backbone,-0.3502,-3.8282,1,springer
sigreg,backbone,5.1852,4.2648,1,springer
sigreg,backbone,2.6755,0.6100,1,springer
sigreg,backbone,4.2464,4.2999,1,springer
sigreg,backbone,5.8069,3.6629,1,springer
sigreg,backbone,4.4850,1.0917,1,springer
sigreg,backbone,3.4708,2.9491,1,springer
sigreg,backbone,2.6722,-1.3014,1,springer
sigreg,backbone,6.0771,0.7891,1,springer
sigreg,backbone,1.0771,-0.6560,1,springer
sigreg,backbone,3.9926,-2.3946,1,springer
sigreg,backbone,2.1335,-1.2375,1,springer
sigreg,backbone,4.0767,-0.7945,1,springer
sigreg,backbone,-0.6579,3.5577,1,springer
sigreg,backbone,2.1771,4.6475,1,springer
sigreg,backbone,3.2081,4.6162,1,springer
sigreg,backbone,2.7327,-0.7679,1,springer
sigreg,backbone,4.7588,2.0056,1,springer
sigreg,backbone,-0.6525,1.3036,1,springer
sigreg,backbone,2.0010,5.3512,1,springer
sigreg,backbone,4.8305,-1.1344,1,springer
sigreg,backbone,2.8567,2.5326,1,springer
sigreg,backbone,2.1199,-0.3556,1,springer
sigreg,backbone,2.3745,3.5560,1,springer
sigreg,backbone,0.8413,4.0230,1,springer
sigreg,backbone,2.7360,1.8078,1,springer
sigreg,backbone,0.7404,5.5021,1,springer
sigreg,backbone,-0.0622,-1.4921,1,springer
sigreg,backbone,3.2001,-2.3922,1,springer
sigreg,backbone,3.0463,-3.1955,1,springer
sigreg,backbone,0.3023,0.9245,1,springer
sigreg,backbone,4.2603,-1.7149,1,springer
sigreg,backbone,-2.3016,1.3794,1,springer
sigreg,backbone,1.4992,-4.2771,1,springer
sigreg,backbone,1.5721,3.1469,1,springer
sigreg,backbone,4.6434,0.8194,1,springer
sigreg,backbone,3.3669,0.8357,1,springer
sigreg,backbone,2.8460,4.7513,1,springer
sigreg,backbone,0.8971,3.7831,1,springer
sigreg,backbone,0.9362,3.3609,1,springer
sigreg,backbone,5.8528,2.6019,1,springer
sigreg,backbone,3.3789,-2.2049,1,springer
sigreg,backbone,5.9702,3.7999,1,springer
sigreg,backbone,3.6831,0.2287,1,springer
sigreg,backbone,4.4298,2.8681,1,springer
sigreg,backbone,5.5512,1.8503,1,springer
sigreg,backbone,4.7440,-0.4261,1,springer
sigreg,backbone,0.0459,4.0866,1,springer
sigreg,backbone,4.2284,-0.6852,1,springer
sigreg,backbone,4.3026,-1.9244,1,springer
sigreg,backbone,5.0794,2.3306,1,springer
sigreg,backbone,4.3238,4.2934,1,springer
sigreg,backbone,2.3048,-0.6021,1,springer
sigreg,backbone,5.3329,4.7705,1,springer
sigreg,backbone,2.6607,-3.0906,1,springer
sigreg,backbone,3.1714,-1.2647,1,springer
sigreg,backbone,0.0364,1.2103,1,springer
sigreg,backbone,4.0019,-0.2542,1,springer
sigreg,backbone,3.9018,-3.0264,1,springer
sigreg,backbone,2.9393,4.0070,1,springer
sigreg,backbone,4.9623,0.6796,1,springer
sigreg,backbone,5.4412,3.8965,1,springer
sigreg,backbone,3.1693,2.7062,1,springer
sigreg,backbone,1.2870,-4.0501,1,springer
sigreg,backbone,0.4208,5.3403,1,springer
sigreg,backbone,1.1943,-2.2616,1,springer
sigreg,backbone,5.2366,1.0549,1,springer
sigreg,backbone,3.5011,-1.6831,1,springer
sigreg,backbone,0.2002,-2.0202,1,springer
sigreg,backbone,6.3631,0.8290,1,springer
sigreg,backbone,2.3704,3.4057,1,springer
sigreg,backbone,3.7932,-2.5933,1,springer
sigreg,backbone,4.3903,1.1109,1,springer
sigreg,backbone,1.8791,0.3825,1,springer
sigreg,backbone,5.9799,1.6845,1,springer
sigreg,backbone,4.2613,-0.3003,1,springer
sigreg,backbone,4.0633,-2.5449,1,springer
sigreg,backbone,4.2855,3.1910,1,springer
sigreg,backbone,4.6256,-0.2520,1,springer
sigreg,backbone,2.8498,-2.1462,1,springer
sigreg,backbone,4.2033,-1.4144,1,springer
sigreg,backbone,4.2050,2.5298,1,springer
sigreg,backbone,3.6182,-1.5482,1,springer
sigreg,backbone,2.9843,6.5322,1,springer
sigreg,backbone,5.3835,3.5323,1,springer
sigreg,backbone,5.9282,2.1821,1,springer
sigreg,backbone,6.0188,2.1255,1,springer
sigreg,backbone,1.5024,4.9033,1,springer
sigreg,backbone,3.6799,4.5718,1,springer
sigreg,backbone,0.2639,1.1725,1,springer
sigreg,backbone,4.3738,-0.6166,1,springer
sigreg,backbone,4.1011,2.0560,1,springer
sigreg,backbone,5.7377,0.1591,1,springer
sigreg,backbone,4.0530,0.3453,1,springer
sigreg,backbone,6.2223,1.3875,1,springer
sigreg,backbone,3.1864,-3.6451,1,springer
sigreg,backbone,1.7103,3.7189,1,springer
sigreg,backbone,4.6960,3.3264,1,springer
sigreg,backbone,6.3293,-0.4852,1,springer
sigreg,backbone,2.6944,-4.4225,1,springer
sigreg,backbone,4.1305,6.5253,1,springer
sigreg,backbone,5.6069,1.8954,1,springer
sigreg,backbone,1.6696,-3.1883,1,springer
sigreg,backbone,5.1708,1.1253,1,springer
sigreg,backbone,5.4959,3.3770,1,springer
sigreg,backbone,5.0062,-3.0874,1,springer
sigreg,backbone,4.9002,-0.7394,1,springer
sigreg,backbone,5.5043,1.7922,1,springer
sigreg,backbone,4.2594,0.9529,1,springer
sigreg,backbone,4.8585,-0.4321,1,springer
sigreg,backbone,3.5834,-0.1345,1,springer
sigreg,backbone,1.9016,-0.8842,1,springer
sigreg,backbone,1.0437,-2.0830,1,springer
sigreg,backbone,4.5797,0.9272,1,springer
sigreg,backbone,3.5054,-2.0440,1,springer
sigreg,backbone,5.7935,1.3179,1,springer
sigreg,backbone,3.5661,-1.5524,1,springer
sigreg,backbone,4.4141,3.6879,1,springer
sigreg,backbone,-2.8196,2.8231,1,springer
sigreg,backbone,3.3169,3.6064,1,springer
sigreg,backbone,6.4979,2.9127,1,springer
sigreg,backbone,0.9259,0.2211,1,springer
sigreg,backbone,4.5219,1.0413,1,springer
sigreg,backbone,5.0803,0.3439,1,springer
sigreg,backbone,5.4859,1.9343,1,springer
sigreg,backbone,4.2888,1.5061,1,springer
sigreg,backbone,0.8754,-0.0950,1,springer
sigreg,backbone,4.1275,-0.0048,1,springer
sigreg,backbone,-0.7676,3.2163,1,springer
sigreg,backbone,1.2615,3.9537,1,springer
sigreg,backbone,-0.3498,-0.8747,1,springer
sigreg,backbone,3.6842,0.9479,1,springer
sigreg,backbone,0.5411,3.4772,1,springer
sigreg,backbone,3.1162,4.2988,1,springer
sigreg,backbone,3.3149,-1.4555,1,springer
sigreg,backbone,5.5582,0.2001,1,springer
sigreg,backbone,0.6600,-2.8901,1,springer
sigreg,backbone,3.3087,-1.1748,1,springer
sigreg,backbone,5.7009,3.0949,1,springer
sigreg,backbone,2.9364,-0.5822,1,springer
sigreg,backbone,5.0968,-2.6992,1,springer
sigreg,backbone,4.1550,4.0124,1,springer
sigreg,backbone,4.6470,-0.5098,1,springer
sigreg,backbone,5.0063,-3.7405,1,springer
sigreg,backbone,2.5613,0.7105,1,springer
sigreg,backbone,1.8950,-1.5821,1,springer
sigreg,backbone,4.5287,0.6168,1,springer
sigreg,backbone,3.9836,-4.7786,1,springer
sigreg,backbone,1.2185,3.6780,1,springer
sigreg,backbone,3.3415,0.7143,1,springer
sigreg,backbone,1.6368,-3.4815,1,springer
sigreg,backbone,4.2719,-4.4305,1,springer
sigreg,backbone,3.1205,-1.4264,1,springer
sigreg,backbone,4.2944,-0.0060,1,springer
sigreg,backbone,6.0329,0.1177,1,springer
sigreg,backbone,3.1527,3.7730,1,springer
sigreg,backbone,3.3621,3.0201,1,springer
sigreg,backbone,4.9055,0.2824,1,springer
sigreg,backbone,2.1477,0.3184,1,springer
sigreg,backbone,6.2094,2.0396,1,springer
sigreg,backbone,4.4289,1.7084,1,springer
sigreg,backbone,5.1892,-0.0111,1,springer
sigreg,backbone,4.5384,3.1050,1,springer
sigreg,backbone,4.2361,-0.4756,1,springer
sigreg,backbone,2.7146,-2.2194,1,springer
sigreg,backbone,-1.2341,-2.3303,1,springer
sigreg,backbone,4.3779,0.9276,1,springer
sigreg,backbone,4.6682,2.8079,1,springer
sigreg,backbone,4.5867,2.2140,1,springer
sigreg,backbone,1.6846,-0.6733,1,springer
sigreg,backbone,4.8530,0.3920,1,springer
sigreg,backbone,3.0775,5.4852,1,springer
sigreg,backbone,0.7641,-0.7166,1,springer
sigreg,backbone,1.6078,-0.9763,1,springer
sigreg,backbone,4.1353,1.2614,1,springer
sigreg,backbone,5.3222,1.6902,1,springer
sigreg,backbone,5.9373,3.2370,1,springer
sigreg,backbone,4.2024,5.6202,1,springer
sigreg,backbone,4.6383,2.2515,1,springer
sigreg,backbone,5.1620,5.6829,1,springer
sigreg,backbone,0.5297,-3.3515,1,springer
sigreg,backbone,1.9620,3.4602,1,springer
sigreg,backbone,5.0538,-1.5917,1,springer
sigreg,backbone,3.9707,1.1845,1,springer
sigreg,backbone,5.7310,-1.4337,1,springer
sigreg,backbone,4.1577,1.8131,1,springer
sigreg,backbone,2.1325,-2.2480,1,springer
sigreg,backbone,2.7652,0.4393,1,springer
sigreg,backbone,0.5704,-1.9065,1,springer
sigreg,backbone,3.6837,0.9984,1,springer
sigreg,backbone,2.6834,-1.5096,1,springer
sigreg,backbone,4.1022,3.4561,1,springer
sigreg,backbone,2.9342,0.2797,1,springer
sigreg,backbone,4.0550,-1.9514,1,springer
sigreg,backbone,0.7003,-1.5573,1,springer
sigreg,backbone,3.0633,-4.0660,1,springer
sigreg,backbone,4.4587,0.7314,1,springer
sigreg,backbone,5.1192,1.8452,1,springer
sigreg,backbone,3.3981,3.1151,1,springer
sigreg,backbone,2.6390,3.3672,1,springer
sigreg,backbone,0.4729,3.4906,1,springer
sigreg,backbone,0.6973,-3.0149,1,springer
sigreg,backbone,1.5089,0.9407,1,springer
sigreg,backbone,4.0802,-0.5685,1,springer
sigreg,backbone,4.5680,-1.3707,1,springer
sigreg,backbone,3.8599,2.7450,1,springer
sigreg,backbone,1.8890,-2.1860,1,springer
sigreg,backbone,3.0776,-2.7355,1,springer
sigreg,backbone,4.8210,2.1742,1,springer
sigreg,backbone,3.7526,-1.9289,1,springer
sigreg,backbone,2.5410,3.1800,1,springer
sigreg,backbone,3.1412,0.5082,1,springer
sigreg,backbone,2.8098,0.5768,1,springer
sigreg,backbone,4.8413,0.7887,1,springer
sigreg,backbone,2.1999,-3.4580,1,springer
sigreg,backbone,4.1687,-1.0318,1,springer
sigreg,backbone,2.7414,-2.1166,1,springer
sigreg,backbone,4.2192,-1.2614,1,springer
sigreg,backbone,0.4162,1.5946,1,springer
sigreg,backbone,3.9695,3.2598,1,springer
sigreg,backbone,3.9662,0.2245,1,springer
sigreg,backbone,0.2122,5.8835,1,springer
sigreg,backbone,4.9311,1.3581,1,springer
sigreg,backbone,5.4015,1.7723,1,springer
sigreg,backbone,0.5730,-1.4922,1,springer
sigreg,backbone,4.3544,1.7170,1,springer
sigreg,backbone,-0.9615,0.4509,1,springer
sigreg,backbone,3.7316,2.4685,1,springer
sigreg,backbone,4.5390,-2.1320,1,springer
sigreg,backbone,4.7519,2.7074,1,springer
sigreg,backbone,4.2198,3.0363,1,springer
sigreg,backbone,1.6758,-2.2151,1,springer
sigreg,backbone,4.7841,0.4896,1,springer
sigreg,backbone,4.1502,2.0184,1,springer
sigreg,backbone,5.1208,0.8514,1,springer
sigreg,backbone,5.7463,1.3258,1,springer
sigreg,backbone,4.0302,-3.1902,1,springer
sigreg,backbone,5.8873,0.9768,1,springer
sigreg,backbone,-0.3063,-3.0955,1,springer
sigreg,backbone,2.7015,3.4523,1,springer
sigreg,backbone,3.4981,1.3300,1,springer
sigreg,backbone,3.8774,-1.9214,1,springer
sigreg,backbone,4.3776,0.0652,1,springer
sigreg,backbone,5.1659,1.5432,1,springer
sigreg,backbone,2.2140,0.1508,1,springer
sigreg,backbone,4.6000,2.0519,1,springer
sigreg,backbone,4.8002,6.0479,1,springer
sigreg,backbone,4.1214,0.4512,1,springer
sigreg,backbone,4.4249,1.5596,1,springer
sigreg,backbone,4.7617,-0.1041,1,springer
sigreg,backbone,4.2491,-2.7495,1,springer
sigreg,backbone,5.2216,-0.7840,1,springer
sigreg,backbone,4.9972,1.8705,1,springer
sigreg,backbone,2.9166,-1.0348,1,springer
sigreg,backbone,2.8548,1.0953,1,springer
sigreg,backbone,3.5422,2.4733,1,springer
sigreg,backbone,2.9980,1.6136,1,springer
sigreg,backbone,5.3827,0.0035,1,springer
sigreg,backbone,4.5913,-0.3921,1,springer
sigreg,backbone,4.9383,1.9958,1,springer
sigreg,backbone,2.3423,0.8246,1,springer
sigreg,backbone,3.2641,0.1306,1,springer
sigreg,backbone,2.4450,-0.2128,1,springer
sigreg,backbone,6.4663,3.5577,1,springer
sigreg,backbone,0.5513,-0.9092,1,springer
sigreg,backbone,5.3293,0.8325,1,springer
sigreg,backbone,5.2269,2.8832,1,springer
sigreg,backbone,3.7047,0.6390,1,springer
sigreg,backbone,4.6240,-3.4394,1,springer
sigreg,backbone,3.8676,-2.0560,1,springer
sigreg,backbone,4.0232,-0.4848,1,springer
sigreg,backbone,4.3071,-2.2028,1,springer
sigreg,backbone,1.7205,1.7402,1,springer
sigreg,backbone,4.5793,1.4076,1,springer
sigreg,backbone,3.7448,-0.4131,1,springer
sigreg,backbone,2.5440,0.1389,1,springer
sigreg,backbone,1.1200,-2.4098,1,springer
sigreg,backbone,5.2580,1.5006,1,springer
sigreg,backbone,4.6407,1.1138,1,springer
sigreg,backbone,1.7621,-1.5076,1,springer
sigreg,backbone,4.9933,0.5273,1,springer
sigreg,backbone,1.7344,-2.4245,1,springer
sigreg,backbone,5.4080,1.2270,1,springer
sigreg,backbone,3.1526,-1.2917,1,springer
sigreg,backbone,3.5247,-2.8854,1,springer
sigreg,backbone,4.9014,3.6162,1,springer
sigreg,backbone,1.8547,-0.6185,1,springer
sigreg,backbone,4.7174,-0.9337,1,springer
sigreg,backbone,5.0695,2.4883,1,springer
sigreg,backbone,3.7513,2.9360,1,springer
sigreg,backbone,4.9419,3.0428,1,springer
sigreg,backbone,3.1371,-3.5355,1,springer
sigreg,backbone,5.4219,3.3579,1,springer
sigreg,backbone,1.8284,0.0498,1,springer
sigreg,backbone,4.8531,-0.7391,1,springer
sigreg,backbone,1.5867,2.4513,1,springer
sigreg,backbone,3.5401,2.9911,1,springer
sigreg,backbone,3.5557,1.4165,1,springer
sigreg,backbone,4.8807,-0.5773,1,springer
sigreg,backbone,1.1424,4.4148,1,springer
sigreg,backbone,4.0130,-2.3193,1,springer
sigreg,backbone,0.7832,-1.4105,1,springer
sigreg,backbone,4.7717,0.8666,1,springer
sigreg,backbone,3.3931,-0.9947,1,springer
sigreg,backbone,6.4454,2.3772,1,springer
sigreg,backbone,1.6278,0.8608,1,springer
sigreg,backbone,4.8389,-0.3456,1,springer
sigreg,backbone,5.2110,2.5536,1,springer
sigreg,backbone,2.2492,-0.6550,1,springer
sigreg,backbone,4.7642,0.8591,1,springer
sigreg,backbone,3.3649,0.7147,1,springer
sigreg,backbone,4.3524,-1.0282,1,springer
sigreg,backbone,4.9623,-0.2207,1,springer
sigreg,backbone,5.0606,0.0399,1,springer
sigreg,backbone,-2.9084,1.4352,1,springer
sigreg,backbone,2.3317,-1.3080,1,springer
sigreg,backbone,4.7141,-4.1282,1,springer
sigreg,backbone,1.7260,4.7340,1,springer
sigreg,backbone,2.3359,3.7124,1,springer
sigreg,backbone,5.9617,-1.4280,1,springer
sigreg,backbone,2.1875,-1.4612,1,springer
sigreg,backbone,4.8087,4.4151,1,springer
sigreg,backbone,2.3131,3.2814,1,springer
sigreg,backbone,4.9862,-2.9822,1,springer
sigreg,backbone,5.1839,1.9945,1,springer
sigreg,backbone,4.9133,-1.8467,1,springer
sigreg,backbone,0.4470,-3.5067,1,springer
sigreg,backbone,4.9915,-0.0060,1,springer
sigreg,backbone,5.8368,3.7319,1,springer
sigreg,backbone,2.2100,-2.2362,1,springer
sigreg,backbone,3.4943,0.8519,1,springer
sigreg,backbone,1.6481,2.7354,1,springer
sigreg,backbone,5.1618,2.3063,1,springer
sigreg,backbone,2.9600,4.1749,1,springer
sigreg,backbone,0.2806,1.5443,1,springer
sigreg,backbone,-2.1744,3.8309,1,springer
sigreg,backbone,3.1367,-1.1324,1,springer
sigreg,backbone,1.7931,-0.3737,1,springer
sigreg,backbone,5.3454,3.1496,1,springer
sigreg,backbone,3.6400,0.9442,1,springer
sigreg,backbone,3.4973,2.1878,1,springer
sigreg,backbone,2.6751,-3.3943,1,springer
sigreg,backbone,3.0807,0.6999,1,springer
sigreg,backbone,1.3575,0.9165,1,springer
sigreg,backbone,5.6061,-0.0975,1,springer
sigreg,backbone,1.6966,-4.5215,1,springer
sigreg,backbone,4.7552,1.0273,1,springer
sigreg,backbone,1.2353,2.3758,1,springer
sigreg,backbone,-2.9044,1.8413,1,springer
sigreg,backbone,0.5162,-0.9149,1,springer
sigreg,backbone,2.6142,2.6945,1,springer
sigreg,backbone,3.7532,-2.5918,1,springer
sigreg,backbone,2.3771,1.1096,1,springer
sigreg,backbone,3.1595,4.3327,1,springer
sigreg,backbone,5.9342,2.5567,1,springer
sigreg,backbone,-1.0177,1.9318,1,springer
sigreg,backbone,5.3397,1.9629,1,springer
sigreg,backbone,5.3995,2.9412,1,springer
sigreg,backbone,2.5375,4.6010,1,springer
sigreg,backbone,4.6991,2.3936,1,springer
sigreg,backbone,0.5713,-1.8421,1,springer
sigreg,backbone,3.0495,0.7376,1,springer
sigreg,backbone,3.0597,4.0996,1,springer
sigreg,backbone,3.9043,2.0276,1,springer
sigreg,backbone,5.3406,-1.6583,1,springer
sigreg,backbone,3.3584,-0.3209,1,springer
sigreg,backbone,5.6789,3.2617,1,springer
sigreg,backbone,1.8630,-2.3573,1,springer
sigreg,backbone,-5.6339,-2.5621,2,cassette
sigreg,backbone,-8.1266,-2.9303,2,cassette
sigreg,backbone,-5.0976,-0.6943,2,cassette
sigreg,backbone,-3.3148,-0.1603,2,cassette
sigreg,backbone,-3.7373,-1.5989,2,cassette
sigreg,backbone,0.1439,-4.8305,2,cassette
sigreg,backbone,-5.1949,-3.3361,2,cassette
sigreg,backbone,-5.6250,-0.0319,2,cassette
sigreg,backbone,-8.2169,-3.9621,2,cassette
sigreg,backbone,-0.0350,-2.9058,2,cassette
sigreg,backbone,2.2367,1.8754,2,cassette
sigreg,backbone,-4.3684,-0.8231,2,cassette
sigreg,backbone,-5.2667,-3.3841,2,cassette
sigreg,backbone,-7.0664,-4.9998,2,cassette
sigreg,backbone,-1.8583,-5.7009,2,cassette
sigreg,backbone,-1.7169,2.0106,2,cassette
sigreg,backbone,-4.8468,-1.4989,2,cassette
sigreg,backbone,-5.4465,-4.4379,2,cassette
sigreg,backbone,-4.0093,-2.1379,2,cassette
sigreg,backbone,1.4155,-3.0011,2,cassette
sigreg,backbone,0.7489,-3.0148,2,cassette
sigreg,backbone,-6.1134,-3.3633,2,cassette
sigreg,backbone,1.8310,-0.9147,2,cassette
sigreg,backbone,-4.6986,-5.4015,2,cassette
sigreg,backbone,-6.0450,-4.3281,2,cassette
sigreg,backbone,-4.8705,-6.5989,2,cassette
sigreg,backbone,-3.2320,-1.9341,2,cassette
sigreg,backbone,-1.1459,-5.0679,2,cassette
sigreg,backbone,-3.4023,-3.2209,2,cassette
sigreg,backbone,3.1263,-2.0355,2,cassette
sigreg,backbone,-5.8603,-1.0504,2,cassette
sigreg,backbone,-3.9603,-5.0726,2,cassette
sigreg,backbone,3.6844,-4.3854,2,cassette
sigreg,backbone,-6.2552,-0.7717,2,cassette
sigreg,backbone,3.0169,-5.9557,2,cassette
sigreg,backbone,-7.7905,-4.3229,2,cassette
sigreg,backbone,3.7699,-0.3160,2,cassette
sigreg,backbone,-2.0966,-2.9658,2,cassette
sigreg,backbone,0.9805,-3.4910,2,cassette
sigreg,backbone,0.0213,2.8648,2,cassette
sigreg,backbone,3.7896,-3.1763,2,cassette
sigreg,backbone,-4.8906,-2.5119,2,cassette
sigreg,backbone,-5.5365,-4.7682,2,cassette
sigreg,backbone,-1.5823,-5.1800,2,cassette
sigreg,backbone,-4.4259,-4.5135,2,cassette
sigreg,backbone,-6.3385,-0.5713,2,cassette
sigreg,backbone,-0.6927,-3.0902,2,cassette
sigreg,backbone,-7.5446,-2.8301,2,cassette
sigreg,backbone,-0.1199,-4.1331,2,cassette
sigreg,backbone,-7.4099,-3.3326,2,cassette
sigreg,backbone,-4.9249,-1.0227,2,cassette
sigreg,backbone,-2.0209,-3.0928,2,cassette
sigreg,backbone,-5.6699,-2.7700,2,cassette
sigreg,backbone,-3.9124,-2.5022,2,cassette
sigreg,backbone,-5.7200,-4.4349,2,cassette
sigreg,backbone,-7.3770,-1.6257,2,cassette
sigreg,backbone,-1.8335,-1.4037,2,cassette
sigreg,backbone,-3.5320,-3.8345,2,cassette
sigreg,backbone,0.7097,-3.9070,2,cassette
sigreg,backbone,-0.3095,-3.0782,2,cassette
sigreg,backbone,-6.0501,-0.8434,2,cassette
sigreg,backbone,-4.6081,-6.1803,2,cassette
sigreg,backbone,-4.2840,-0.9878,2,cassette
sigreg,backbone,0.0460,2.2827,2,cassette
sigreg,backbone,-2.8388,-3.1088,2,cassette
sigreg,backbone,-2.5928,-1.1585,2,cassette
sigreg,backbone,-3.3566,1.5098,2,cassette
sigreg,backbone,-2.7351,-5.8198,2,cassette
sigreg,backbone,-4.2126,-0.1161,2,cassette
sigreg,backbone,-5.4491,-2.6528,2,cassette
sigreg,backbone,-2.7955,-4.8725,2,cassette
sigreg,backbone,-5.0263,-2.8175,2,cassette
sigreg,backbone,0.4589,-2.3311,2,cassette
sigreg,backbone,-2.8060,-2.0401,2,cassette
sigreg,backbone,-5.4808,-2.5304,2,cassette
sigreg,backbone,-1.7756,-1.4708,2,cassette
sigreg,backbone,2.7499,-1.9843,2,cassette
sigreg,backbone,3.8488,-1.9398,2,cassette
sigreg,backbone,-5.4714,-3.4710,2,cassette
sigreg,backbone,-2.5917,-2.8914,2,cassette
sigreg,backbone,2.4980,-0.0946,2,cassette
sigreg,backbone,2.1755,4.0653,2,cassette
sigreg,backbone,-4.8991,-3.0168,2,cassette
sigreg,backbone,-5.1866,-4.8974,2,cassette
sigreg,backbone,-6.6139,-3.6150,2,cassette
sigreg,backbone,-8.0704,-4.9441,2,cassette
sigreg,backbone,-4.3728,0.6508,2,cassette
sigreg,backbone,-2.4604,-1.5764,2,cassette
sigreg,backbone,-7.9339,-3.5292,2,cassette
sigreg,backbone,-1.0396,-1.4806,2,cassette
sigreg,backbone,-7.6978,-1.2407,2,cassette
sigreg,backbone,-4.3892,-2.0617,2,cassette
sigreg,backbone,-2.2608,-2.2613,2,cassette
sigreg,backbone,-5.6174,-4.8417,2,cassette
sigreg,backbone,-4.4208,-1.3946,2,cassette
sigreg,backbone,-3.8277,-1.3856,2,cassette
sigreg,backbone,-5.3936,-1.0127,2,cassette
sigreg,backbone,-5.8238,-0.0033,2,cassette
sigreg,backbone,-0.5326,0.2156,2,cassette
sigreg,backbone,-6.3927,-2.4656,2,cassette
sigreg,backbone,-6.0506,-4.2604,2,cassette
sigreg,backbone,-6.8533,-3.0686,2,cassette
sigreg,backbone,-3.0050,-3.3946,2,cassette
sigreg,backbone,-1.5757,-1.5346,2,cassette
sigreg,backbone,2.9982,-5.2265,2,cassette
sigreg,backbone,-5.0000,0.0564,2,cassette
sigreg,backbone,0.0220,-1.3968,2,cassette
sigreg,backbone,0.1969,-2.6594,2,cassette
sigreg,backbone,-1.2235,-4.9270,2,cassette
sigreg,backbone,-7.0298,-1.9480,2,cassette
sigreg,backbone,-2.0212,3.9786,2,cassette
sigreg,backbone,4.1508,-4.4406,2,cassette
sigreg,backbone,-5.3423,1.9274,2,cassette
sigreg,backbone,-7.1018,-5.6003,2,cassette
sigreg,backbone,-5.4783,-0.9122,2,cassette
sigreg,backbone,-0.7044,4.8062,2,cassette
sigreg,backbone,-5.3302,-3.5511,2,cassette
sigreg,backbone,-4.9810,-2.8886,2,cassette
sigreg,backbone,1.7100,-4.7103,2,cassette
sigreg,backbone,-2.8050,1.1165,2,cassette
sigreg,backbone,-2.9148,-4.5715,2,cassette
sigreg,backbone,-4.2532,0.1674,2,cassette
sigreg,backbone,-7.7400,-6.5410,2,cassette
sigreg,backbone,3.8039,-4.1155,2,cassette
sigreg,backbone,-2.1420,-4.4964,2,cassette
sigreg,backbone,-7.0429,-3.7343,2,cassette
sigreg,backbone,-5.9732,-2.4900,2,cassette
sigreg,backbone,-4.4640,-1.6876,2,cassette
sigreg,backbone,-1.5716,0.4058,2,cassette
sigreg,backbone,-5.6858,-3.1081,2,cassette
sigreg,backbone,2.2371,-3.6765,2,cassette
sigreg,backbone,-2.7962,-3.7706,2,cassette
sigreg,backbone,-3.0260,-4.0441,2,cassette
sigreg,backbone,-5.4693,-5.6396,2,cassette
sigreg,backbone,-6.5883,-2.5517,2,cassette
sigreg,backbone,-3.5037,-1.2855,2,cassette
sigreg,backbone,-6.2822,-2.0328,2,cassette
sigreg,backbone,-1.1020,-4.6860,2,cassette
sigreg,backbone,-4.3191,-3.2389,2,cassette
sigreg,backbone,-6.0402,-2.3076,2,cassette
sigreg,backbone,-6.2473,-1.0633,2,cassette
sigreg,backbone,-6.1476,-6.1949,2,cassette
sigreg,backbone,-5.1382,-3.2092,2,cassette
sigreg,backbone,-4.4301,-0.8498,2,cassette
sigreg,backbone,-7.6046,-4.2047,2,cassette
sigreg,backbone,-3.6590,-6.2543,2,cassette
sigreg,backbone,-3.2559,-4.5616,2,cassette
sigreg,backbone,2.1030,-1.5685,2,cassette
sigreg,backbone,-5.4770,-1.2861,2,cassette
sigreg,backbone,-6.1823,-3.8731,2,cassette
sigreg,backbone,-4.0901,-3.2255,2,cassette
sigreg,backbone,-0.8553,-3.8669,2,cassette
sigreg,backbone,-6.1388,-0.4223,2,cassette
sigreg,backbone,0.6427,-5.4966,2,cassette
sigreg,backbone,-1.7601,-4.1529,2,cassette
sigreg,backbone,-0.6480,-5.0533,2,cassette
sigreg,backbone,3.5097,-4.7766,2,cassette
sigreg,backbone,-2.7261,-4.7244,2,cassette
sigreg,backbone,-0.7956,-3.7460,2,cassette
sigreg,backbone,-4.3339,-5.4940,2,cassette
sigreg,backbone,-0.9630,-5.4569,2,cassette
sigreg,backbone,1.2910,-4.3895,2,cassette
sigreg,backbone,-2.8338,0.0622,2,cassette
sigreg,backbone,0.6470,1.1895,2,cassette
sigreg,backbone,-5.1813,-4.2877,2,cassette
sigreg,backbone,-2.9440,-4.3321,2,cassette
sigreg,backbone,-0.2571,-4.2690,2,cassette
sigreg,backbone,0.7361,-3.1018,2,cassette
sigreg,backbone,-3.6666,-3.0470,2,cassette
sigreg,backbone,-5.7774,-2.5410,2,cassette
sigreg,backbone,-4.5667,-3.2617,2,cassette
sigreg,backbone,1.3503,-2.7596,2,cassette
sigreg,backbone,-4.7928,-1.9106,2,cassette
sigreg,backbone,3.0871,-3.1632,2,cassette
sigreg,backbone,-2.5209,-0.8230,2,cassette
sigreg,backbone,-1.2066,-4.6971,2,cassette
sigreg,backbone,-4.1037,-8.2261,2,cassette
sigreg,backbone,-5.1929,-5.9279,2,cassette
sigreg,backbone,-3.0862,-3.6855,2,cassette
sigreg,backbone,2.3000,-3.5289,2,cassette
sigreg,backbone,-4.4583,-6.2110,2,cassette
sigreg,backbone,2.4889,-4.7833,2,cassette
sigreg,backbone,-2.3520,-2.5722,2,cassette
sigreg,backbone,-5.3319,-2.7939,2,cassette
sigreg,backbone,-3.4337,-1.0083,2,cassette
sigreg,backbone,-2.1844,-5.4747,2,cassette
sigreg,backbone,-2.4567,-3.6322,2,cassette
sigreg,backbone,-5.2470,-2.6909,2,cassette
sigreg,backbone,0.7946,-2.7038,2,cassette
sigreg,backbone,-5.1607,-2.8468,2,cassette
sigreg,backbone,-2.6914,-6.9062,2,cassette
sigreg,backbone,-6.0766,-5.0851,2,cassette
sigreg,backbone,-3.8029,-3.6945,2,cassette
sigreg,backbone,-5.9664,-3.2542,2,cassette
sigreg,backbone,2.3608,-4.2184,2,cassette
sigreg,backbone,-5.5938,-3.7383,2,cassette
sigreg,backbone,-4.3116,-0.3265,2,cassette
sigreg,backbone,-1.7761,-3.7203,2,cassette
sigreg,backbone,4.1766,-1.5052,2,cassette
sigreg,backbone,0.2551,-5.2243,2,cassette
sigreg,backbone,-5.7035,-3.1857,2,cassette
sigreg,backbone,-1.0001,-4.1164,2,cassette
sigreg,backbone,-3.4009,-2.0346,2,cassette
sigreg,backbone,1.3979,-3.8929,2,cassette
sigreg,backbone,-4.4812,-3.5178,2,cassette
sigreg,backbone,-6.5082,-1.8312,2,cassette
sigreg,backbone,-6.8251,-2.0900,2,cassette
sigreg,backbone,-8.1832,-4.4643,2,cassette
sigreg,backbone,-4.4438,0.2787,2,cassette
sigreg,backbone,-1.1235,-3.6589,2,cassette
sigreg,backbone,0.9743,-1.3075,2,cassette
sigreg,backbone,-6.9463,-6.2244,2,cassette
sigreg,backbone,-4.5244,-5.3974,2,cassette
sigreg,backbone,-2.8787,-0.6016,2,cassette
sigreg,backbone,-1.1819,-0.8800,2,cassette
sigreg,backbone,-4.5097,1.1459,2,cassette
sigreg,backbone,-3.4599,-1.7471,2,cassette
sigreg,backbone,-6.0066,-3.8287,2,cassette
sigreg,backbone,-4.7915,-3.7025,2,cassette
sigreg,backbone,-5.6934,-3.8686,2,cassette
sigreg,backbone,1.6831,-4.4730,2,cassette
sigreg,backbone,0.2538,-3.7832,2,cassette
sigreg,backbone,-1.2773,-2.1115,2,cassette
sigreg,backbone,0.9002,-4.0243,2,cassette
sigreg,backbone,-4.6236,-6.6359,2,cassette
sigreg,backbone,-5.8776,-0.2771,2,cassette
sigreg,backbone,-5.4318,-2.2115,2,cassette
sigreg,backbone,-6.7769,-4.4818,2,cassette
sigreg,backbone,-2.4913,-3.9060,2,cassette
sigreg,backbone,-5.0837,-7.2998,2,cassette
sigreg,backbone,0.8243,-4.2298,2,cassette
sigreg,backbone,-2.6705,0.6997,2,cassette
sigreg,backbone,1.5345,-3.1770,2,cassette
sigreg,backbone,-2.9555,-1.4753,2,cassette
sigreg,backbone,-6.2290,-6.0855,2,cassette
sigreg,backbone,0.1566,-5.1242,2,cassette
sigreg,backbone,-5.8718,-3.1248,2,cassette
sigreg,backbone,-2.8690,-3.6463,2,cassette
sigreg,backbone,-5.9600,-0.6769,2,cassette
sigreg,backbone,-3.5054,-2.1182,2,cassette
sigreg,backbone,1.2153,-3.8004,2,cassette
sigreg,backbone,0.1468,-2.4999,2,cassette
sigreg,backbone,2.2126,4.2525,2,cassette
sigreg,backbone,-0.6147,-4.7438,2,cassette
sigreg,backbone,-6.9235,-3.8685,2,cassette
sigreg,backbone,-5.7338,-2.3786,2,cassette
sigreg,backbone,-5.8034,0.5206,2,cassette
sigreg,backbone,-5.7249,-5.5166,2,cassette
sigreg,backbone,1.4760,-0.3504,2,cassette
sigreg,backbone,-0.5447,-3.3291,2,cassette
sigreg,backbone,-3.7958,3.6925,2,cassette
sigreg,backbone,-0.8153,-3.6524,2,cassette
sigreg,backbone,-4.5739,-2.4538,2,cassette
sigreg,backbone,-4.5056,2.6802,2,cassette
sigreg,backbone,-5.4462,-5.6765,2,cassette
sigreg,backbone,1.7488,-1.7335,2,cassette
sigreg,backbone,0.3417,4.0364,2,cassette
sigreg,backbone,-3.9072,-1.2731,2,cassette
sigreg,backbone,-1.5049,-5.5400,2,cassette
sigreg,backbone,-5.0548,-5.4839,2,cassette
sigreg,backbone,-1.2825,-4.9439,2,cassette
sigreg,backbone,-6.2195,-1.5084,2,cassette
sigreg,backbone,-3.2822,-1.8529,2,cassette
sigreg,backbone,-6.3922,-5.1924,2,cassette
sigreg,backbone,-1.1345,-0.2310,2,cassette
sigreg,backbone,-2.1441,-4.9059,2,cassette
sigreg,backbone,-2.3060,0.5689,2,cassette
sigreg,backbone,-6.0420,-4.2305,2,cassette
sigreg,backbone,3.8819,1.3745,2,cassette
sigreg,backbone,-3.8192,-2.2349,2,cassette
sigreg,backbone,-5.4793,-2.1798,2,cassette
sigreg,backbone,-7.1028,-2.2249,2,cassette
sigreg,backbone,-3.8652,-4.4758,2,cassette
sigreg,backbone,0.6633,3.6041,2,cassette
sigreg,backbone,1.9875,0.2368,2,cassette
sigreg,backbone,-5.4504,-5.1645,2,cassette
sigreg,backbone,-4.3756,-0.9916,2,cassette
sigreg,backbone,-0.3729,-5.3692,2,cassette
sigreg,backbone,-5.5648,-3.1831,2,cassette
sigreg,backbone,1.4569,-0.8150,2,cassette
sigreg,backbone,-1.6636,-3.5980,2,cassette
sigreg,backbone,-4.9734,-4.5014,2,cassette
sigreg,backbone,-5.2850,-2.7926,2,cassette
sigreg,backbone,-6.3402,1.5535,2,cassette
sigreg,backbone,-2.7367,-2.2523,2,cassette
sigreg,backbone,-3.7726,-2.8010,2,cassette
sigreg,backbone,-6.3172,-4.3612,2,cassette
sigreg,backbone,-3.1925,-0.9770,2,cassette
sigreg,backbone,-2.4729,-4.6056,2,cassette
sigreg,backbone,-6.1815,-4.7399,2,cassette
sigreg,backbone,-4.0131,-3.4037,2,cassette
sigreg,backbone,1.5368,-3.5706,2,cassette
sigreg,backbone,-0.4405,-3.2969,2,cassette
sigreg,backbone,-6.6968,-4.7402,2,cassette
sigreg,backbone,2.6282,-1.7140,2,cassette
sigreg,backbone,-2.2000,-1.1819,2,cassette
sigreg,backbone,-5.2020,-5.7779,2,cassette
sigreg,backbone,-2.8375,-3.9955,2,cassette
sigreg,backbone,-3.3654,-5.0777,2,cassette
sigreg,backbone,-2.9385,-0.6152,2,cassette
sigreg,backbone,-5.6647,-3.6126,2,cassette
sigreg,backbone,1.0086,-3.2051,2,cassette
sigreg,backbone,-0.8617,-1.5050,2,cassette
sigreg,backbone,-7.1626,-3.7661,2,cassette
sigreg,backbone,-4.0305,-3.8570,2,cassette
sigreg,backbone,-1.3982,-4.9109,2,cassette
sigreg,backbone,-1.4320,-3.3694,2,cassette
sigreg,backbone,-4.8493,2.3688,2,cassette
sigreg,backbone,-1.3756,-3.8915,2,cassette
sigreg,backbone,0.2344,-4.0393,2,cassette
sigreg,backbone,-3.6582,-1.6774,2,cassette
sigreg,backbone,-6.6612,-2.1948,2,cassette
sigreg,backbone,-7.1096,-2.0833,2,cassette
sigreg,backbone,-0.1663,0.0380,2,cassette
sigreg,backbone,-4.1351,1.2923,2,cassette
sigreg,backbone,-2.8949,-2.0263,2,cassette
sigreg,backbone,2.4374,-5.7988,2,cassette
sigreg,backbone,2.9217,-4.0083,2,cassette
sigreg,backbone,-2.7332,-5.7639,2,cassette
sigreg,backbone,-0.3405,-3.8358,2,cassette
sigreg,backbone,0.0994,-3.6381,2,cassette
sigreg,backbone,2.3252,-4.5397,2,cassette
sigreg,backbone,-0.1162,-4.3281,2,cassette
sigreg,backbone,-0.1731,-2.0613,2,cassette
sigreg,backbone,-3.7486,-1.4680,2,cassette
sigreg,backbone,3.2126,-5.8780,2,cassette
sigreg,backbone,-4.2791,-0.8350,2,cassette
sigreg,backbone,-4.8381,-2.9075,2,cassette
sigreg,backbone,-7.8128,-4.1414,2,cassette
sigreg,backbone,-3.4556,-2.0276,2,cassette
sigreg,backbone,-2.3354,-1.9566,2,cassette
sigreg,backbone,-4.6137,-2.9239,2,cassette
sigreg,backbone,-2.9071,-3.6112,2,cassette
sigreg,backbone,0.1239,-3.4606,2,cassette
sigreg,backbone,-6.5850,-5.0222,2,cassette
sigreg,backbone,-5.3151,-4.9763,2,cassette
sigreg,backbone,-4.3919,-1.2038,2,cassette
sigreg,backbone,-4.6069,-0.5917,2,cassette
sigreg,backbone,-0.4380,-6.7428,2,cassette
sigreg,backbone,-3.5177,-1.4519,2,cassette
sigreg,backbone,-1.3901,-4.2484,2,cassette
sigreg,backbone,-3.0846,-1.3843,2,cassette
sigreg,backbone,-5.0194,-6.2106,2,cassette
sigreg,backbone,-8.6002,-4.3815,2,cassette
sigreg,backbone,-7.0527,-4.2225,2,cassette
sigreg,backbone,2.3894,-6.2820,2,cassette
sigreg,backbone,1.9333,-4.6426,2,cassette
sigreg,backbone,-4.2142,-6.8077,2,cassette
sigreg,backbone,0.4133,0.9050,2,cassette
sigreg,backbone,1.8809,-3.4582,2,cassette
sigreg,backbone,-5.8746,-4.8448,2,cassette
sigreg,backbone,0.8199,-3.7447,2,cassette
sigreg,backbone,-5.1054,-2.1889,2,cassette
sigreg,backbone,1.4829,-2.9118,2,cassette
sigreg,backbone,-4.8288,-4.3296,2,cassette
sigreg,backbone,1.9578,-4.0910,2,cassette
sigreg,backbone,-7.2202,-3.3752,2,cassette
sigreg,backbone,5.1883,3.0918,3,chainsaw
sigreg,backbone,0.0968,-2.1245,3,chainsaw
sigreg,backbone,2.7363,4.6842,3,chainsaw
sigreg,backbone,-2.7485,-1.9585,3,chainsaw
sigreg,backbone,2.2935,6.0827,3,chainsaw
sigreg,backbone,-1.5995,-2.5878,3,chainsaw
sigreg,backbone,4.3603,2.3451,3,chainsaw
sigreg,backbone,3.0122,3.6424,3,chainsaw
sigreg,backbone,1.0613,-1.8467,3,chainsaw
sigreg,backbone,2.7692,5.8948,3,chainsaw
sigreg,backbone,1.5625,-5.6399,3,chainsaw
sigreg,backbone,0.9556,-2.0228,3,chainsaw
sigreg,backbone,2.7313,6.5922,3,chainsaw
sigreg,backbone,2.2285,5.7178,3,chainsaw
sigreg,backbone,2.9460,1.8390,3,chainsaw
sigreg,backbone,2.3222,4.7470,3,chainsaw
sigreg,backbone,-1.8011,2.1030,3,chainsaw
sigreg,backbone,2.8211,5.2095,3,chainsaw
sigreg,backbone,2.0302,-0.4157,3,chainsaw
sigreg,backbone,3.4824,-3.0221,3,chainsaw
sigreg,backbone,0.3630,-2.0746,3,chainsaw
sigreg,backbone,2.5578,3.9331,3,chainsaw
sigreg,backbone,0.4749,-1.1562,3,chainsaw
sigreg,backbone,1.8362,3.9044,3,chainsaw
sigreg,backbone,0.7273,1.2846,3,chainsaw
sigreg,backbone,-0.6632,-0.4465,3,chainsaw
sigreg,backbone,2.2434,2.9903,3,chainsaw
sigreg,backbone,1.7407,7.4332,3,chainsaw
sigreg,backbone,1.3545,4.2328,3,chainsaw
sigreg,backbone,4.3946,3.2206,3,chainsaw
sigreg,backbone,2.0946,4.1078,3,chainsaw
sigreg,backbone,1.2426,3.5059,3,chainsaw
sigreg,backbone,-1.0229,1.6895,3,chainsaw
sigreg,backbone,5.4075,4.8042,3,chainsaw
sigreg,backbone,2.1840,1.9245,3,chainsaw
sigreg,backbone,5.7114,3.3580,3,chainsaw
sigreg,backbone,2.5234,3.5300,3,chainsaw
sigreg,backbone,0.2516,3.2802,3,chainsaw
sigreg,backbone,1.3547,-0.0877,3,chainsaw
sigreg,backbone,-1.6974,-2.8556,3,chainsaw
sigreg,backbone,5.6024,4.0387,3,chainsaw
sigreg,backbone,-1.0009,-3.8064,3,chainsaw
sigreg,backbone,1.3748,-4.5922,3,chainsaw
sigreg,backbone,-2.8580,3.9723,3,chainsaw
sigreg,backbone,-0.0983,-4.1450,3,chainsaw
sigreg,backbone,-1.0380,-4.1376,3,chainsaw
sigreg,backbone,4.2880,2.1316,3,chainsaw
sigreg,backbone,1.4676,3.9963,3,chainsaw
sigreg,backbone,2.5834,4.1283,3,chainsaw
sigreg,backbone,-2.0862,-3.0585,3,chainsaw
sigreg,backbone,2.9917,3.0250,3,chainsaw
sigreg,backbone,2.5378,5.0231,3,chainsaw
sigreg,backbone,-0.9518,-3.2808,3,chainsaw
sigreg,backbone,0.8278,-0.1167,3,chainsaw
sigreg,backbone,3.7980,4.3923,3,chainsaw
sigreg,backbone,2.0658,-5.4211,3,chainsaw
sigreg,backbone,-0.0386,3.9722,3,chainsaw
sigreg,backbone,2.2640,-4.7450,3,chainsaw
sigreg,backbone,-2.3846,-3.4906,3,chainsaw
sigreg,backbone,0.7968,-2.0225,3,chainsaw
sigreg,backbone,-1.6540,1.6821,3,chainsaw
sigreg,backbone,3.7535,4.7908,3,chainsaw
sigreg,backbone,-0.0274,1.5505,3,chainsaw
sigreg,backbone,-0.7637,-3.4080,3,chainsaw
sigreg,backbone,2.2514,6.7658,3,chainsaw
sigreg,backbone,1.5529,2.9518,3,chainsaw
sigreg,backbone,3.5282,1.7568,3,chainsaw
sigreg,backbone,1.8257,5.7474,3,chainsaw
sigreg,backbone,4.5963,3.6166,3,chainsaw
sigreg,backbone,-6.0943,1.2583,3,chainsaw
sigreg,backbone,-4.6456,6.9246,3,chainsaw
sigreg,backbone,0.9085,2.8551,3,chainsaw
sigreg,backbone,3.3980,1.1203,3,chainsaw
sigreg,backbone,4.5880,5.7039,3,chainsaw
sigreg,backbone,2.2662,-2.1786,3,chainsaw
sigreg,backbone,4.8732,1.0870,3,chainsaw
sigreg,backbone,0.4097,3.9530,3,chainsaw
sigreg,backbone,3.9603,1.8504,3,chainsaw
sigreg,backbone,3.8345,3.8786,3,chainsaw
sigreg,backbone,5.2519,3.9101,3,chainsaw
sigreg,backbone,2.3105,7.3137,3,chainsaw
sigreg,backbone,3.9285,5.5051,3,chainsaw
sigreg,backbone,5.9372,1.3681,3,chainsaw
sigreg,backbone,5.2620,5.8761,3,chainsaw
sigreg,backbone,-0.0297,2.9226,3,chainsaw
sigreg,backbone,4.6239,2.6027,3,chainsaw
sigreg,backbone,2.7202,4.2643,3,chainsaw
sigreg,backbone,2.8621,3.0700,3,chainsaw
sigreg,backbone,-0.7700,4.5799,3,chainsaw
sigreg,backbone,0.4585,-3.3827,3,chainsaw
sigreg,backbone,-0.7403,-2.3997,3,chainsaw
sigreg,backbone,2.3326,5.0224,3,chainsaw
sigreg,backbone,0.2443,3.7593,3,chainsaw
sigreg,backbone,2.6736,5.5696,3,chainsaw
sigreg,backbone,-0.7136,0.6423,3,chainsaw
sigreg,backbone,1.7241,4.9016,3,chainsaw
sigreg,backbone,1.5501,-2.1064,3,chainsaw
sigreg,backbone,2.9541,4.0171,3,chainsaw
sigreg,backbone,-0.5768,-0.3597,3,chainsaw
sigreg,backbone,2.0936,-2.8586,3,chainsaw
sigreg,backbone,0.6192,4.3360,3,chainsaw
sigreg,backbone,1.5291,5.1339,3,chainsaw
sigreg,backbone,0.2277,-5.6830,3,chainsaw
sigreg,backbone,-3.2846,2.2058,3,chainsaw
sigreg,backbone,1.0129,4.0664,3,chainsaw
sigreg,backbone,-1.8628,-3.3147,3,chainsaw
sigreg,backbone,1.8770,-3.7816,3,chainsaw
sigreg,backbone,3.1023,-2.8634,3,chainsaw
sigreg,backbone,5.0445,3.2320,3,chainsaw
sigreg,backbone,2.7432,-0.1839,3,chainsaw
sigreg,backbone,0.0412,5.3332,3,chainsaw
sigreg,backbone,4.7696,2.8619,3,chainsaw
sigreg,backbone,3.2632,6.0267,3,chainsaw
sigreg,backbone,2.7476,6.0553,3,chainsaw
sigreg,backbone,3.4875,0.0064,3,chainsaw
sigreg,backbone,-0.7475,-3.0131,3,chainsaw
sigreg,backbone,1.6123,6.5749,3,chainsaw
sigreg,backbone,3.7017,4.6069,3,chainsaw
sigreg,backbone,5.1017,3.5592,3,chainsaw
sigreg,backbone,2.9112,-1.7751,3,chainsaw
sigreg,backbone,0.9595,-1.9615,3,chainsaw
sigreg,backbone,1.5682,4.5297,3,chainsaw
sigreg,backbone,6.3436,4.7575,3,chainsaw
sigreg,backbone,0.5556,-3.1715,3,chainsaw
sigreg,backbone,1.5924,1.7843,3,chainsaw
sigreg,backbone,0.2384,-1.1824,3,chainsaw
sigreg,backbone,1.8882,4.9861,3,chainsaw
sigreg,backbone,3.6854,-1.2659,3,chainsaw
sigreg,backbone,-0.9064,4.7649,3,chainsaw
sigreg,backbone,5.1804,5.0352,3,chainsaw
sigreg,backbone,1.3953,5.0417,3,chainsaw
sigreg,backbone,0.1329,3.2466,3,chainsaw
sigreg,backbone,2.1273,-2.5387,3,chainsaw
sigreg,backbone,6.5570,5.5323,3,chainsaw
sigreg,backbone,4.2760,6.1813,3,chainsaw
sigreg,backbone,-1.3159,2.5799,3,chainsaw
sigreg,backbone,1.8403,4.2493,3,chainsaw
sigreg,backbone,-3.0589,-0.8874,3,chainsaw
sigreg,backbone,-3.2818,-1.1442,3,chainsaw
sigreg,backbone,-0.0319,-2.5258,3,chainsaw
sigreg,backbone,0.5642,3.5311,3,chainsaw
sigreg,backbone,5.0955,2.4536,3,chainsaw
sigreg,backbone,-3.8511,0.0223,3,chainsaw
sigreg,backbone,7.1955,1.7628,3,chainsaw
sigreg,backbone,3.4495,4.4573,3,chainsaw
sigreg,backbone,-1.0003,2.3256,3,chainsaw
sigreg,backbone,-0.4910,5.4558,3,chainsaw
sigreg,backbone,2.5537,-4.1058,3,chainsaw
sigreg,backbone,4.6402,0.7227,3,chainsaw
sigreg,backbone,1.0788,1.3375,3,chainsaw
sigreg,backbone,3.1485,5.1606,3,chainsaw
sigreg,backbone,3.0016,6.1280,3,chainsaw
sigreg,backbone,5.8920,3.2594,3,chainsaw
sigreg,backbone,-2.0177,4.7856,3,chainsaw
sigreg,backbone,3.9119,-3.5156,3,chainsaw
sigreg,backbone,-2.0437,-2.7384,3,chainsaw
sigreg,backbone,0.7478,-2.9820,3,chainsaw
sigreg,backbone,0.4469,-2.1921,3,chainsaw
sigreg,backbone,0.4598,-0.2564,3,chainsaw
sigreg,backbone,-3.9066,3.7601,3,chainsaw
sigreg,backbone,0.2209,-3.1866,3,chainsaw
sigreg,backbone,2.4481,-3.2051,3,chainsaw
sigreg,backbone,2.3293,-4.4922,3,chainsaw
sigreg,backbone,0.6717,-3.9420,3,chainsaw
sigreg,backbone,2.8492,3.9826,3,chainsaw
sigreg,backbone,-0.6381,7.0043,3,chainsaw
sigreg,backbone,-1.2764,-3.7076,3,chainsaw
sigreg,backbone,3.6414,5.4130,3,chainsaw
sigreg,backbone,3.6708,7.2305,3,chainsaw
sigreg,backbone,-1.5725,0.2451,3,chainsaw
sigreg,backbone,2.4261,4.3334,3,chainsaw
sigreg,backbone,-3.5159,-1.3300,3,chainsaw
sigreg,backbone,2.2491,-3.2433,3,chainsaw
sigreg,backbone,0.4812,3.5328,3,chainsaw
sigreg,backbone,1.0364,-3.2780,3,chainsaw
sigreg,backbone,2.6960,-0.1274,3,chainsaw
sigreg,backbone,3.4883,4.4771,3,chainsaw
sigreg,backbone,-0.0823,1.5566,3,chainsaw
sigreg,backbone,3.8929,4.8278,3,chainsaw
sigreg,backbone,2.8088,5.5754,3,chainsaw
sigreg,backbone,-0.1263,-3.1439,3,chainsaw
sigreg,backbone,5.7210,4.6393,3,chainsaw
sigreg,backbone,2.7739,5.0052,3,chainsaw
sigreg,backbone,1.9497,-4.6161,3,chainsaw
sigreg,backbone,3.2167,-4.5596,3,chainsaw
sigreg,backbone,-1.8233,-3.6612,3,chainsaw
sigreg,backbone,3.8433,4.0053,3,chainsaw
sigreg,backbone,-0.2447,-1.4057,3,chainsaw
sigreg,backbone,2.6528,3.5446,3,chainsaw
sigreg,backbone,3.8602,3.3442,3,chainsaw
sigreg,backbone,-1.4478,-1.7830,3,chainsaw
sigreg,backbone,2.8410,3.6240,3,chainsaw
sigreg,backbone,-0.0066,6.2800,3,chainsaw
sigreg,backbone,4.0292,2.1338,3,chainsaw
sigreg,backbone,-0.9103,-2.4467,3,chainsaw
sigreg,backbone,1.4158,4.6586,3,chainsaw
sigreg,backbone,6.7876,4.1259,3,chainsaw
sigreg,backbone,2.7550,6.8064,3,chainsaw
sigreg,backbone,3.4220,5.7965,3,chainsaw
sigreg,backbone,-2.3214,-3.3666,3,chainsaw
sigreg,backbone,2.3173,-2.9129,3,chainsaw
sigreg,backbone,2.0054,-5.0383,3,chainsaw
sigreg,backbone,1.9567,2.7424,3,chainsaw
sigreg,backbone,2.3159,5.2077,3,chainsaw
sigreg,backbone,0.8196,-1.8420,3,chainsaw
sigreg,backbone,1.3894,-5.4811,3,chainsaw
sigreg,backbone,1.6443,5.7138,3,chainsaw
sigreg,backbone,-2.9713,-2.2600,3,chainsaw
sigreg,backbone,4.6254,4.9698,3,chainsaw
sigreg,backbone,-1.7004,4.6538,3,chainsaw
sigreg,backbone,1.6468,6.9460,3,chainsaw
sigreg,backbone,3.3782,5.6265,3,chainsaw
sigreg,backbone,5.6065,4.6581,3,chainsaw
sigreg,backbone,0.0154,1.1390,3,chainsaw
sigreg,backbone,5.3313,4.0419,3,chainsaw
sigreg,backbone,3.4385,5.2007,3,chainsaw
sigreg,backbone,5.7363,3.9431,3,chainsaw
sigreg,backbone,0.9989,-2.0761,3,chainsaw
sigreg,backbone,3.4658,5.4485,3,chainsaw
sigreg,backbone,2.5448,6.8525,3,chainsaw
sigreg,backbone,-4.7483,-1.2421,3,chainsaw
sigreg,backbone,4.7841,0.5546,3,chainsaw
sigreg,backbone,1.3505,3.3037,3,chainsaw
sigreg,backbone,2.7979,4.5859,3,chainsaw
sigreg,backbone,0.5147,-2.3608,3,chainsaw
sigreg,backbone,2.0830,5.5067,3,chainsaw
sigreg,backbone,1.6999,5.7129,3,chainsaw
sigreg,backbone,0.8567,4.9407,3,chainsaw
sigreg,backbone,-0.5053,4.2639,3,chainsaw
sigreg,backbone,5.3773,1.8253,3,chainsaw
sigreg,backbone,3.6859,5.1460,3,chainsaw
sigreg,backbone,-0.2598,-2.1348,3,chainsaw
sigreg,backbone,0.0934,-4.6437,3,chainsaw
sigreg,backbone,5.3698,3.9201,3,chainsaw
sigreg,backbone,-0.3460,4.4382,3,chainsaw
sigreg,backbone,1.6634,-0.9167,3,chainsaw
sigreg,backbone,3.0974,0.5246,3,chainsaw
sigreg,backbone,-4.9541,1.2009,3,chainsaw
sigreg,backbone,2.2111,-0.5777,3,chainsaw
sigreg,backbone,-2.7218,-1.6524,3,chainsaw
sigreg,backbone,2.6948,-2.7767,3,chainsaw
sigreg,backbone,3.6745,4.2271,3,chainsaw
sigreg,backbone,1.6015,-0.4388,3,chainsaw
sigreg,backbone,5.5079,5.4611,3,chainsaw
sigreg,backbone,-2.5588,6.6561,3,chainsaw
sigreg,backbone,-0.4571,-2.7798,3,chainsaw
sigreg,backbone,-1.3924,-0.3487,3,chainsaw
sigreg,backbone,4.8915,4.9873,3,chainsaw
sigreg,backbone,-0.0334,4.2229,3,chainsaw
sigreg,backbone,-1.5036,-5.0614,3,chainsaw
sigreg,backbone,2.3681,-3.7158,3,chainsaw
sigreg,backbone,-4.7913,-1.6839,3,chainsaw
sigreg,backbone,2.1344,-1.3567,3,chainsaw
sigreg,backbone,3.3566,3.7015,3,chainsaw
sigreg,backbone,3.6247,3.1341,3,chainsaw
sigreg,backbone,0.4634,4.7462,3,chainsaw
sigreg,backbone,4.8278,5.0494,3,chainsaw
sigreg,backbone,3.1537,6.1791,3,chainsaw
sigreg,backbone,-0.9761,5.3435,3,chainsaw
sigreg,backbone,1.8679,3.1237,3,chainsaw
sigreg,backbone,-1.6887,-0.8469,3,chainsaw
sigreg,backbone,1.3384,-3.6664,3,chainsaw
sigreg,backbone,-0.4432,4.2514,3,chainsaw
sigreg,backbone,1.2472,5.4716,3,chainsaw
sigreg,backbone,-0.4705,4.7020,3,chainsaw
sigreg,backbone,2.3527,-1.6317,3,chainsaw
sigreg,backbone,1.3522,4.9437,3,chainsaw
sigreg,backbone,-0.6482,5.7616,3,chainsaw
sigreg,backbone,2.9560,4.5922,3,chainsaw
sigreg,backbone,-3.0741,-2.5438,3,chainsaw
sigreg,backbone,2.1012,5.6531,3,chainsaw
sigreg,backbone,4.8638,4.2895,3,chainsaw
sigreg,backbone,4.8233,5.7043,3,chainsaw
sigreg,backbone,4.8748,5.6918,3,chainsaw
sigreg,backbone,2.1201,4.4762,3,chainsaw
sigreg,backbone,-4.4733,0.1549,3,chainsaw
sigreg,backbone,-0.9365,4.2588,3,chainsaw
sigreg,backbone,2.4799,0.0607,3,chainsaw
sigreg,backbone,4.4480,4.0919,3,chainsaw
sigreg,backbone,1.0282,-0.1985,3,chainsaw
sigreg,backbone,-0.2754,1.4220,3,chainsaw
sigreg,backbone,4.2891,5.1026,3,chainsaw
sigreg,backbone,0.9957,4.4661,3,chainsaw
sigreg,backbone,4.2998,4.4861,3,chainsaw
sigreg,backbone,3.3969,3.3998,3,chainsaw
sigreg,backbone,-0.6592,2.1113,3,chainsaw
sigreg,backbone,5.1922,4.9036,3,chainsaw
sigreg,backbone,3.8007,-1.3931,3,chainsaw
sigreg,backbone,0.4155,-3.0951,3,chainsaw
sigreg,backbone,3.5836,-0.7892,3,chainsaw
sigreg,backbone,-0.3783,-4.5689,3,chainsaw
sigreg,backbone,2.9061,4.6878,3,chainsaw
sigreg,backbone,-1.5805,-1.6729,3,chainsaw
sigreg,backbone,1.3306,5.0146,3,chainsaw
sigreg,backbone,2.6187,3.6513,3,chainsaw
sigreg,backbone,-3.3665,2.0783,3,chainsaw
sigreg,backbone,4.7883,4.5397,3,chainsaw
sigreg,backbone,3.2439,4.2648,3,chainsaw
sigreg,backbone,3.1496,6.1466,3,chainsaw
sigreg,backbone,4.1390,4.9421,3,chainsaw
sigreg,backbone,-0.2407,-1.2551,3,chainsaw
sigreg,backbone,4.2610,4.2824,3,chainsaw
sigreg,backbone,-0.2776,-3.0857,3,chainsaw
sigreg,backbone,1.4561,-0.1539,3,chainsaw
sigreg,backbone,3.2860,-5.5870,3,chainsaw
sigreg,backbone,0.3868,-3.2241,3,chainsaw
sigreg,backbone,-0.6753,2.7540,3,chainsaw
sigreg,backbone,2.0433,-4.1454,3,chainsaw
sigreg,backbone,-2.0439,0.0917,3,chainsaw
sigreg,backbone,1.7847,6.2027,3,chainsaw
sigreg,backbone,2.3263,-3.2926,3,chainsaw
sigreg,backbone,2.7813,-1.5978,3,chainsaw
sigreg,backbone,-0.9139,1.3478,3,chainsaw
sigreg,backbone,-0.3506,-3.9608,3,chainsaw
sigreg,backbone,3.2503,5.4219,3,chainsaw
sigreg,backbone,-1.8850,1.7973,3,chainsaw
sigreg,backbone,4.0750,5.7303,3,chainsaw
sigreg,backbone,-1.8654,-0.9800,3,chainsaw
sigreg,backbone,1.0610,-1.9343,3,chainsaw
sigreg,backbone,-1.1028,-1.5482,3,chainsaw
sigreg,backbone,-0.2094,-3.7872,3,chainsaw
sigreg,backbone,2.8967,-6.2650,3,chainsaw
sigreg,backbone,2.5891,5.4390,3,chainsaw
sigreg,backbone,0.2265,-1.8141,3,chainsaw
sigreg,backbone,-1.1831,-1.8618,3,chainsaw
sigreg,backbone,7.2042,2.8462,3,chainsaw
sigreg,backbone,1.5937,-2.1969,3,chainsaw
sigreg,backbone,1.3388,1.4095,3,chainsaw
sigreg,backbone,-0.8701,0.2404,3,chainsaw
sigreg,backbone,4.2574,-0.2200,3,chainsaw
sigreg,backbone,3.8680,5.4371,3,chainsaw
sigreg,backbone,-3.0819,0.9947,3,chainsaw
sigreg,backbone,3.9771,5.2012,3,chainsaw
sigreg,backbone,1.4839,5.6814,3,chainsaw
sigreg,backbone,2.9430,-1.0278,3,chainsaw
sigreg,backbone,4.4246,2.7621,3,chainsaw
sigreg,backbone,3.2871,4.0598,3,chainsaw
sigreg,backbone,2.1232,3.2316,3,chainsaw
sigreg,backbone,3.7893,1.0771,3,chainsaw
sigreg,backbone,2.7130,4.4976,3,chainsaw
sigreg,backbone,1.0233,4.7085,3,chainsaw
sigreg,backbone,1.2920,-2.5280,3,chainsaw
sigreg,backbone,-1.6848,-2.5698,3,chainsaw
sigreg,backbone,0.6439,-3.5769,3,chainsaw
sigreg,backbone,1.8196,-2.4391,3,chainsaw
sigreg,backbone,3.1748,6.1968,3,chainsaw
sigreg,backbone,1.7416,4.8476,3,chainsaw
sigreg,backbone,3.5224,-1.9831,3,chainsaw
sigreg,backbone,2.6150,5.4166,3,chainsaw
sigreg,backbone,3.4449,2.0184,3,chainsaw
sigreg,backbone,-0.2520,-3.3401,3,chainsaw
sigreg,backbone,0.5195,-6.3145,3,chainsaw
sigreg,backbone,0.8148,4.3088,3,chainsaw
sigreg,backbone,2.9029,-0.4570,3,chainsaw
sigreg,backbone,5.9768,4.3510,3,chainsaw
sigreg,backbone,4.0864,3.9277,3,chainsaw
sigreg,backbone,2.2299,4.5797,3,chainsaw
sigreg,backbone,1.8765,5.6532,3,chainsaw
sigreg,backbone,1.1165,2.7137,3,chainsaw
sigreg,backbone,-1.0705,-4.4052,3,chainsaw
sigreg,backbone,0.9487,0.4785,3,chainsaw
sigreg,backbone,-0.9198,-2.4916,3,chainsaw
sigreg,backbone,1.1686,5.8822,3,chainsaw
sigreg,backbone,3.0302,4.8359,3,chainsaw
sigreg,backbone,2.3312,1.4385,3,chainsaw
sigreg,backbone,4.1295,5.3063,3,chainsaw
sigreg,backbone,4.1482,4.7083,3,chainsaw
sigreg,backbone,5.2082,6.5749,3,chainsaw
sigreg,backbone,5.3471,3.6053,3,chainsaw
sigreg,backbone,0.2080,2.6252,3,chainsaw
sigreg,backbone,5.3227,5.0831,3,chainsaw
sigreg,backbone,2.2391,3.0314,3,chainsaw
sigreg,backbone,0.9931,-3.0742,3,chainsaw
sigreg,backbone,3.4154,1.1486,3,chainsaw
sigreg,backbone,5.7897,4.4252,3,chainsaw
sigreg,backbone,-1.2487,-3.0939,3,chainsaw
sigreg,backbone,1.1804,3.6772,3,chainsaw
sigreg,backbone,3.7094,4.4445,3,chainsaw
sigreg,backbone,-0.5863,4.3123,3,chainsaw
sigreg,backbone,2.6806,3.7800,3,chainsaw
sigreg,backbone,2.3471,-3.4984,3,chainsaw
sigreg,backbone,-0.1414,-2.0420,3,chainsaw
sigreg,backbone,3.3081,-0.4930,3,chainsaw
sigreg,backbone,2.9648,3.8519,3,chainsaw
sigreg,backbone,-2.4699,1.1010,3,chainsaw
sigreg,backbone,0.9287,2.6125,3,chainsaw
sigreg,backbone,1.2906,0.1933,4,church
sigreg,backbone,-3.9535,-0.1365,4,church
sigreg,backbone,-1.8993,-2.4982,4,church
sigreg,backbone,-4.0607,-0.9088,4,church
sigreg,backbone,-2.2016,0.1735,4,church
sigreg,backbone,-1.7652,1.5438,4,church
sigreg,backbone,-0.1286,0.5244,4,church
sigreg,backbone,-0.3966,-0.8324,4,church
sigreg,backbone,-2.3466,1.9963,4,church
sigreg,backbone,-2.0859,3.2605,4,church
sigreg,backbone,-1.3403,0.6849,4,church
sigreg,backbone,-2.2231,1.6688,4,church
sigreg,backbone,-3.0442,2.2605,4,church
sigreg,backbone,1.1081,4.1079,4,church
sigreg,backbone,0.7787,0.0793,4,church
sigreg,backbone,-0.4819,2.8090,4,church
sigreg,backbone,2.1828,0.0682,4,church
sigreg,backbone,-0.1875,0.2112,4,church
sigreg,backbone,-2.5375,1.4534,4,church
sigreg,backbone,-0.8191,0.0096,4,church
sigreg,backbone,-6.0299,-2.5246,4,church
sigreg,backbone,-0.2130,-0.2583,4,church
sigreg,backbone,-2.9587,3.0811,4,church
sigreg,backbone,-0.6435,-0.0702,4,church
sigreg,backbone,-1.4191,2.7743,4,church
sigreg,backbone,0.2531,1.4975,4,church
sigreg,backbone,1.0684,-2.0277,4,church
sigreg,backbone,1.4715,6.1033,4,church
sigreg,backbone,-2.0258,-0.4580,4,church
sigreg,backbone,-0.3634,-0.1809,4,church
sigreg,backbone,-1.5158,-1.7182,4,church
sigreg,backbone,-3.6755,-2.9069,4,church
sigreg,backbone,2.0712,2.0833,4,church
sigreg,backbone,-0.6137,-1.5150,4,church
sigreg,backbone,-2.0927,2.9133,4,church
sigreg,backbone,-2.7087,-3.6923,4,church
sigreg,backbone,-3.9703,-2.4658,4,church
sigreg,backbone,-5.5123,-1.7178,4,church
sigreg,backbone,-2.1403,1.2061,4,church
sigreg,backbone,-3.2137,3.0129,4,church
sigreg,backbone,-1.2760,1.6314,4,church
sigreg,backbone,-4.3983,-2.3213,4,church
sigreg,backbone,0.4750,-3.8398,4,church
sigreg,backbone,-0.7314,3.5680,4,church
sigreg,backbone,-1.8755,-0.0787,4,church
sigreg,backbone,-4.1462,-4.3317,4,church
sigreg,backbone,-3.7775,-0.0175,4,church
sigreg,backbone,-2.5643,0.5935,4,church
sigreg,backbone,-2.5952,3.5959,4,church
sigreg,backbone,-3.3073,-0.8182,4,church
sigreg,backbone,-4.2987,2.3930,4,church
sigreg,backbone,2.9621,3.4502,4,church
sigreg,backbone,-1.3476,3.5070,4,church
sigreg,backbone,-2.3751,-2.5298,4,church
sigreg,backbone,-3.3272,0.4723,4,church
sigreg,backbone,-0.0776,0.9202,4,church
sigreg,backbone,-0.1492,-0.2081,4,church
sigreg,backbone,-0.9020,-2.1773,4,church
sigreg,backbone,-0.5054,-3.8798,4,church
sigreg,backbone,-5.3389,-1.0456,4,church
sigreg,backbone,-4.4635,1.0996,4,church
sigreg,backbone,-1.7982,-0.8449,4,church
sigreg,backbone,1.2098,-2.3303,4,church
sigreg,backbone,0.1543,0.4591,4,church
sigreg,backbone,-0.7691,-0.0524,4,church
sigreg,backbone,-4.1253,0.8289,4,church
sigreg,backbone,-4.0632,-1.4128,4,church
sigreg,backbone,-3.3055,-0.4535,4,church
sigreg,backbone,-2.2511,0.9035,4,church
sigreg,backbone,-3.5127,2.3373,4,church
sigreg,backbone,-0.3374,0.3446,4,church
sigreg,backbone,-3.2088,-3.5228,4,church
sigreg,backbone,0.6034,1.0053,4,church
sigreg,backbone,0.8250,-0.0221,4,church
sigreg,backbone,-1.9737,1.3379,4,church
sigreg,backbone,-3.8375,0.2751,4,church
sigreg,backbone,-1.0806,0.4850,4,church
sigreg,backbone,-1.9122,1.6081,4,church
sigreg,backbone,0.1336,0.2576,4,church
sigreg,backbone,-2.4169,-0.4150,4,church
sigreg,backbone,-2.8577,-4.7804,4,church
sigreg,backbone,-2.6907,0.9581,4,church
sigreg,backbone,-3.1189,-1.7169,4,church
sigreg,backbone,-2.8035,2.4599,4,church
sigreg,backbone,-0.4964,1.6580,4,church
sigreg,backbone,-1.4099,-0.1819,4,church
sigreg,backbone,-1.0346,0.4189,4,church
sigreg,backbone,-1.2641,0.0936,4,church
sigreg,backbone,-0.9220,3.0680,4,church
sigreg,backbone,-6.7017,0.5631,4,church
sigreg,backbone,-0.2533,1.0848,4,church
sigreg,backbone,-3.0550,-1.8745,4,church
sigreg,backbone,-0.1498,0.4822,4,church
sigreg,backbone,-2.3072,-1.0877,4,church
sigreg,backbone,-2.2875,2.2784,4,church
sigreg,backbone,-2.4240,1.6899,4,church
sigreg,backbone,-3.1223,-1.4990,4,church
sigreg,backbone,-1.1859,4.1435,4,church
sigreg,backbone,-1.6647,-3.1150,4,church
sigreg,backbone,-3.4981,1.6873,4,church
sigreg,backbone,-1.3255,0.0959,4,church
sigreg,backbone,0.7814,2.9133,4,church
sigreg,backbone,-1.5088,-1.1400,4,church
sigreg,backbone,-2.5833,-1.0085,4,church
sigreg,backbone,-6.3403,-4.6313,4,church
sigreg,backbone,0.4363,1.8341,4,church
sigreg,backbone,0.8796,2.9990,4,church
sigreg,backbone,1.5141,1.7008,4,church
sigreg,backbone,-2.5074,-0.1445,4,church
sigreg,backbone,-0.4380,1.6164,4,church
sigreg,backbone,-1.1998,-0.6459,4,church
sigreg,backbone,-1.5544,1.0559,4,church
sigreg,backbone,-1.7511,2.2153,4,church
sigreg,backbone,-2.1433,0.1864,4,church
sigreg,backbone,-4.0593,1.9597,4,church
sigreg,backbone,-2.0871,1.0467,4,church
sigreg,backbone,-1.6718,0.0688,4,church
sigreg,backbone,-3.0298,-1.3831,4,church
sigreg,backbone,-1.4762,0.4046,4,church
sigreg,backbone,-1.2990,-1.6724,4,church
sigreg,backbone,0.6051,3.5313,4,church
sigreg,backbone,-0.2282,4.1744,4,church
sigreg,backbone,4.0868,-4.7790,4,church
sigreg,backbone,-3.4432,0.6196,4,church
sigreg,backbone,0.1002,2.0940,4,church
sigreg,backbone,-1.6840,-0.6415,4,church
sigreg,backbone,0.2373,1.0442,4,church
sigreg,backbone,1.6310,2.9939,4,church
sigreg,backbone,-0.0894,1.6840,4,church
sigreg,backbone,-1.2514,0.8922,4,church
sigreg,backbone,-3.9085,1.4874,4,church
sigreg,backbone,1.7489,1.6396,4,church
sigreg,backbone,1.5611,2.5742,4,church
sigreg,backbone,-2.5713,-1.1503,4,church
sigreg,backbone,-3.5934,0.7511,4,church
sigreg,backbone,-2.8847,-3.0376,4,church
sigreg,backbone,0.4226,0.5798,4,church
sigreg,backbone,-3.4562,1.5021,4,church
sigreg,backbone,-4.7427,0.1368,4,church
sigreg,backbone,-6.2689,2.9419,4,church
sigreg,backbone,-1.3416,0.6795,4,church
sigreg,backbone,-2.4697,2.9422,4,church
sigreg,backbone,1.7103,-0.6928,4,church
sigreg,backbone,-1.0469,2.2208,4,church
sigreg,backbone,-2.5767,-0.0602,4,church
sigreg,backbone,-3.0741,-0.2918,4,church
sigreg,backbone,-0.6162,1.3408,4,church
sigreg,backbone,-1.1977,0.1231,4,church
sigreg,backbone,2.9409,0.5824,4,church
sigreg,backbone,-3.8788,-1.4195,4,church
sigreg,backbone,-0.6142,2.8400,4,church
sigreg,backbone,-0.0220,-1.4931,4,church
sigreg,backbone,-5.1457,-0.2549,4,church
sigreg,backbone,-2.1492,3.9257,4,church
sigreg,backbone,0.5742,1.7638,4,church
sigreg,backbone,-6.2544,-1.1736,4,church
sigreg,backbone,-0.8260,1.3297,4,church
sigreg,backbone,2.0327,0.3395,4,church
sigreg,backbone,-1.4855,1.0652,4,church
sigreg,backbone,-0.6688,-2.2763,4,church
sigreg,backbone,-1.8855,1.5384,4,church
sigreg,backbone,-2.1274,3.9205,4,church
sigreg,backbone,-0.1800,1.8394,4,church
sigreg,backbone,-2.3024,1.4529,4,church
sigreg,backbone,-5.2960,-1.7404,4,church
sigreg,backbone,-2.3383,1.0846,4,church
sigreg,backbone,0.3035,0.6111,4,church
sigreg,backbone,-2.1006,-4.4888,4,church
sigreg,backbone,-3.7047,-4.0326,4,church
sigreg,backbone,-0.4914,3.4043,4,church
sigreg,backbone,-1.4418,0.6315,4,church
sigreg,backbone,-1.9962,3.5243,4,church
sigreg,backbone,-1.4570,-0.1403,4,church
sigreg,backbone,-0.8714,1.4281,4,church
sigreg,backbone,0.7009,-3.0338,4,church
sigreg,backbone,-2.2556,1.3852,4,church
sigreg,backbone,0.5282,2.2993,4,church
sigreg,backbone,-0.9679,1.3842,4,church
sigreg,backbone,-4.1284,0.3601,4,church
sigreg,backbone,-2.9713,2.8870,4,church
sigreg,backbone,1.6783,-0.4687,4,church
sigreg,backbone,-2.9884,1.6924,4,church
sigreg,backbone,1.8767,2.2139,4,church
sigreg,backbone,-1.9148,-2.0449,4,church
sigreg,backbone,-3.5004,0.5928,4,church
sigreg,backbone,-2.9333,1.0806,4,church
sigreg,backbone,-0.8233,1.6577,4,church
sigreg,backbone,0.7708,1.1027,4,church
sigreg,backbone,-0.6191,0.8017,4,church
sigreg,backbone,-2.9249,1.0022,4,church
sigreg,backbone,-3.5204,3.0779,4,church
sigreg,backbone,-1.8278,-2.1047,4,church
sigreg,backbone,1.1877,1.8852,4,church
sigreg,backbone,2.2940,0.1960,4,church
sigreg,backbone,-2.7143,2.7527,4,church
sigreg,backbone,0.8563,5.2404,4,church
sigreg,backbone,-1.6898,-2.1542,4,church
sigreg,backbone,0.7495,3.5651,4,church
sigreg,backbone,-2.5468,0.4700,4,church
sigreg,backbone,-0.8380,2.5458,4,church
sigreg,backbone,-1.9671,0.9963,4,church
sigreg,backbone,-2.1771,-1.1568,4,church
sigreg,backbone,-2.3081,-0.4930,4,church
sigreg,backbone,1.0269,2.2040,4,church
sigreg,backbone,-1.5511,1.8692,4,church
sigreg,backbone,-0.5824,3.3502,4,church
sigreg,backbone,-3.8517,-0.9921,4,church
sigreg,backbone,-2.1190,1.9965,4,church
sigreg,backbone,-2.4705,-1.9822,4,church
sigreg,backbone,-3.0599,0.6952,4,church
sigreg,backbone,1.8671,0.9950,4,church
sigreg,backbone,-2.0387,0.8287,4,church
sigreg,backbone,-1.5889,2.8415,4,church
sigreg,backbone,-0.0106,1.6865,4,church
sigreg,backbone,1.3691,-0.4776,4,church
sigreg,backbone,-4.8458,-2.6567,4,church
sigreg,backbone,-2.9268,1.3598,4,church
sigreg,backbone,-2.0735,2.1419,4,church
sigreg,backbone,-1.6898,3.3127,4,church
sigreg,backbone,-3.1253,0.5056,4,church
sigreg,backbone,-2.0250,0.3269,4,church
sigreg,backbone,-1.3869,1.0554,4,church
sigreg,backbone,-1.8739,1.1806,4,church
sigreg,backbone,-5.4603,-0.4547,4,church
sigreg,backbone,-0.6518,1.8414,4,church
sigreg,backbone,-4.0660,-1.2251,4,church
sigreg,backbone,-0.9298,0.9652,4,church
sigreg,backbone,-4.2113,-3.2099,4,church
sigreg,backbone,-4.1053,0.7899,4,church
sigreg,backbone,-0.5160,2.8781,4,church
sigreg,backbone,-0.2852,2.9595,4,church
sigreg,backbone,-1.0788,2.3981,4,church
sigreg,backbone,-3.4695,0.2337,4,church
sigreg,backbone,-2.7046,2.4277,4,church
sigreg,backbone,-4.2456,-5.8161,4,church
sigreg,backbone,-3.4537,1.8427,4,church
sigreg,backbone,-3.6513,-4.0472,4,church
sigreg,backbone,-2.2573,1.5314,4,church
sigreg,backbone,-1.3383,0.6853,4,church
sigreg,backbone,0.3924,-2.3299,4,church
sigreg,backbone,1.9286,2.4501,4,church
sigreg,backbone,-1.9118,-2.5311,4,church
sigreg,backbone,-2.9984,1.4241,4,church
sigreg,backbone,-2.4588,0.5806,4,church
sigreg,backbone,-2.2503,-0.8839,4,church
sigreg,backbone,-2.3723,-1.4089,4,church
sigreg,backbone,-0.9005,1.6515,4,church
sigreg,backbone,-2.0249,-0.0653,4,church
sigreg,backbone,-3.2017,2.7036,4,church
sigreg,backbone,-2.2773,2.9030,4,church
sigreg,backbone,-4.2359,0.8235,4,church
sigreg,backbone,-0.4335,-1.7557,4,church
sigreg,backbone,-0.2375,-0.9308,4,church
sigreg,backbone,-0.7666,3.5964,4,church
sigreg,backbone,-2.1017,1.8749,4,church
sigreg,backbone,-1.8872,1.3068,4,church
sigreg,backbone,-4.5169,-1.4164,4,church
sigreg,backbone,0.3629,1.2532,4,church
sigreg,backbone,1.9100,-1.8823,4,church
sigreg,backbone,-1.2379,-0.3293,4,church
sigreg,backbone,-2.1125,4.0108,4,church
sigreg,backbone,-0.6283,3.4183,4,church
sigreg,backbone,-4.3052,-0.2197,4,church
sigreg,backbone,-0.2308,1.0956,4,church
sigreg,backbone,0.1271,-0.4754,4,church
sigreg,backbone,-3.7126,-2.6890,4,church
sigreg,backbone,-2.3422,-3.5541,4,church
sigreg,backbone,-3.0056,1.4752,4,church
sigreg,backbone,-0.6106,2.7675,4,church
sigreg,backbone,1.5368,3.2180,4,church
sigreg,backbone,-1.4022,3.1984,4,church
sigreg,backbone,-3.9357,0.9442,4,church
sigreg,backbone,-0.4284,2.6124,4,church
sigreg,backbone,-4.2938,0.0074,4,church
sigreg,backbone,-2.3940,3.0644,4,church
sigreg,backbone,0.4645,1.5753,4,church
sigreg,backbone,-1.3755,1.5196,4,church
sigreg,backbone,-3.1761,3.8855,4,church
sigreg,backbone,-2.2791,0.3087,4,church
sigreg,backbone,-3.5978,3.9581,4,church
sigreg,backbone,-0.6860,-2.8553,4,church
sigreg,backbone,-3.1166,0.0204,4,church
sigreg,backbone,-1.6593,0.9556,4,church
sigreg,backbone,5.2636,2.3787,4,church
sigreg,backbone,-0.1709,2.9104,4,church
sigreg,backbone,0.9806,2.7786,4,church
sigreg,backbone,-0.6433,1.1674,4,church
sigreg,backbone,-3.2076,0.0819,4,church
sigreg,backbone,-0.9687,2.8401,4,church
sigreg,backbone,-1.7033,-0.3610,4,church
sigreg,backbone,-3.0930,-0.6796,4,church
sigreg,backbone,-1.0861,-0.4059,4,church
sigreg,backbone,-0.8686,0.0964,4,church
sigreg,backbone,0.0868,0.6070,4,church
sigreg,backbone,-2.8446,-1.2392,4,church
sigreg,backbone,-4.0945,2.2230,4,church
sigreg,backbone,-2.5591,0.7298,4,church
sigreg,backbone,-3.8610,5.3878,4,church
sigreg,backbone,-3.0253,-0.6063,4,church
sigreg,backbone,-2.2184,2.4178,4,church
sigreg,backbone,-0.3496,3.4717,4,church
sigreg,backbone,-2.6022,-2.5487,4,church
sigreg,backbone,-1.1105,2.5630,4,church
sigreg,backbone,-3.3049,-1.0987,4,church
sigreg,backbone,0.9938,3.8767,4,church
sigreg,backbone,-0.2245,4.0229,4,church
sigreg,backbone,-0.7455,1.3703,4,church
sigreg,backbone,2.5172,1.5418,4,church
sigreg,backbone,-0.8445,1.9546,4,church
sigreg,backbone,-0.2964,-0.4270,4,church
sigreg,backbone,-1.2795,0.0420,4,church
sigreg,backbone,0.6246,-0.0975,4,church
sigreg,backbone,-2.0077,0.4939,4,church
sigreg,backbone,0.2611,3.2984,4,church
sigreg,backbone,-1.3687,-0.5579,4,church
sigreg,backbone,-0.2395,0.8627,4,church
sigreg,backbone,-2.6295,0.9124,4,church
sigreg,backbone,-1.1736,2.8667,4,church
sigreg,backbone,0.7391,0.8371,4,church
sigreg,backbone,-3.1621,-0.4997,4,church
sigreg,backbone,-0.8596,2.4029,4,church
sigreg,backbone,-0.0030,2.9041,4,church
sigreg,backbone,-3.2754,0.1208,4,church
sigreg,backbone,-1.3935,-0.6752,4,church
sigreg,backbone,-4.2062,-1.3872,4,church
sigreg,backbone,-1.6313,1.4517,4,church
sigreg,backbone,-1.6590,-1.0982,4,church
sigreg,backbone,-1.5696,-0.3677,4,church
sigreg,backbone,0.5393,3.3269,4,church
sigreg,backbone,-1.7936,-1.0473,4,church
sigreg,backbone,-1.1655,1.6053,4,church
sigreg,backbone,-2.2986,0.6680,4,church
sigreg,backbone,-2.7348,2.0174,4,church
sigreg,backbone,-2.3169,1.5323,4,church
sigreg,backbone,-0.8959,-0.0186,4,church
sigreg,backbone,1.1355,0.6882,4,church
sigreg,backbone,-4.1655,2.9796,4,church
sigreg,backbone,-0.9395,-2.0565,4,church
sigreg,backbone,-2.1667,-0.5798,4,church
sigreg,backbone,-3.9388,-3.9840,4,church
sigreg,backbone,-1.9197,2.2381,4,church
sigreg,backbone,-1.5931,1.2368,4,church
sigreg,backbone,0.6022,1.5872,4,church
sigreg,backbone,-0.6391,1.4399,4,church
sigreg,backbone,-0.1553,4.3410,4,church
sigreg,backbone,-2.5503,1.9808,4,church
sigreg,backbone,-3.9503,-0.9456,4,church
sigreg,backbone,-1.1763,0.3933,4,church
sigreg,backbone,-5.3899,-0.2874,4,church
sigreg,backbone,-0.9313,0.5190,4,church
sigreg,backbone,-1.3242,0.7299,4,church
sigreg,backbone,-2.1119,0.5330,4,church
sigreg,backbone,-3.9008,0.7908,4,church
sigreg,backbone,-0.0907,2.6081,4,church
sigreg,backbone,0.0050,0.1100,4,church
sigreg,backbone,-1.3221,-0.3885,4,church
sigreg,backbone,-1.3227,-0.0039,4,church
sigreg,backbone,-4.6621,-0.3403,4,church
sigreg,backbone,-0.5326,-0.5709,4,church
sigreg,backbone,-2.1471,0.9633,4,church
sigreg,backbone,-3.8810,0.3987,4,church
sigreg,backbone,-0.5022,-5.8066,4,church
sigreg,backbone,-4.5935,1.1007,4,church
sigreg,backbone,-1.4189,0.7493,4,church
sigreg,backbone,-3.9781,1.2202,4,church
sigreg,backbone,-2.1146,-4.7783,4,church
sigreg,backbone,-0.1510,2.2877,4,church
sigreg,backbone,-2.6408,1.3617,4,church
sigreg,backbone,-2.7014,2.8682,4,church
sigreg,backbone,0.0161,-3.9226,4,church
sigreg,backbone,-1.3780,0.9823,4,church
sigreg,backbone,-0.5016,1.2889,4,church
sigreg,backbone,-5.2757,-2.5040,4,church
sigreg,backbone,-1.8067,1.3586,4,church
sigreg,backbone,-0.7329,-3.3858,4,church
sigreg,backbone,-1.0328,-0.0488,4,church
sigreg,backbone,-1.8101,-0.5229,4,church
sigreg,backbone,-2.3797,3.7901,4,church
sigreg,backbone,-1.4528,1.0274,4,church
sigreg,backbone,-4.8243,1.5035,4,church
sigreg,backbone,-0.5520,-0.5575,4,church
sigreg,backbone,4.3853,0.5214,4,church
sigreg,backbone,-3.6035,-1.3879,4,church
sigreg,backbone,-2.0370,0.1261,4,church
sigreg,backbone,0.2626,-2.2291,4,church
sigreg,backbone,-2.8290,1.2619,4,church
sigreg,backbone,-2.6934,1.2405,4,church
sigreg,backbone,-0.7651,-0.5658,4,church
sigreg,backbone,0.3346,0.6601,4,church
sigreg,backbone,-2.9566,2.6361,4,church
sigreg,backbone,-5.0270,-1.9306,4,church
sigreg,backbone,-1.2158,1.5463,4,church
sigreg,backbone,-2.2588,-0.0607,4,church
sigreg,backbone,-2.6459,-0.5074,4,church
sigreg,backbone,-1.5487,-0.7802,4,church
sigreg,backbone,-3.8862,2.7604,4,church
sigreg,backbone,-1.1392,-0.1681,4,church
sigreg,backbone,-1.1143,-0.6454,4,church
sigreg,backbone,0.3271,0.5982,4,church
sigreg,backbone,0.3004,0.4698,4,church
sigreg,backbone,-2.1142,2.5240,4,church
sigreg,backbone,-1.7397,-0.7150,4,church
sigreg,backbone,-2.7701,-0.7554,4,church
sigreg,backbone,-0.2839,2.3842,4,church
sigreg,backbone,-1.8747,0.4942,4,church
sigreg,backbone,-1.0065,3.2936,4,church
sigreg,backbone,0.4931,-3.2658,4,church
sigreg,backbone,-3.0941,-2.4242,4,church
sigreg,backbone,-2.0959,0.8461,4,church
sigreg,backbone,2.2650,-2.1242,5,horn
sigreg,backbone,2.6979,0.6676,5,horn
sigreg,backbone,3.5246,-1.7586,5,horn
sigreg,backbone,2.4593,0.3862,5,horn
sigreg,backbone,3.7653,-0.7756,5,horn
sigreg,backbone,1.0611,-3.4780,5,horn
sigreg,backbone,2.0634,0.5454,5,horn
sigreg,backbone,1.3761,1.1451,5,horn
sigreg,backbone,3.6076,0.5713,5,horn
sigreg,backbone,0.0635,2.7973,5,horn
sigreg,backbone,4.3401,0.7171,5,horn
sigreg,backbone,-3.3719,6.4063,5,horn
sigreg,backbone,2.4851,-5.0467,5,horn
sigreg,backbone,2.3173,0.6856,5,horn
sigreg,backbone,3.2079,-0.9844,5,horn
sigreg,backbone,1.3635,-5.7550,5,horn
sigreg,backbone,4.1857,0.5429,5,horn
sigreg,backbone,3.8042,-2.4325,5,horn
sigreg,backbone,1.6915,-6.0347,5,horn
sigreg,backbone,2.3877,-4.7149,5,horn
sigreg,backbone,-1.0180,-3.5305,5,horn
sigreg,backbone,-0.7971,-0.4448,5,horn
sigreg,backbone,1.8758,-0.3496,5,horn
sigreg,backbone,-0.6740,0.3497,5,horn
sigreg,backbone,2.5283,-1.6378,5,horn
sigreg,backbone,-0.6538,-1.6646,5,horn
sigreg,backbone,3.0768,-0.1228,5,horn
sigreg,backbone,2.2573,-1.8840,5,horn
sigreg,backbone,2.9346,-1.9388,5,horn
sigreg,backbone,2.7865,-4.1219,5,horn
sigreg,backbone,2.6557,0.1837,5,horn
sigreg,backbone,-0.7799,-5.0115,5,horn
sigreg,backbone,1.5153,-4.1238,5,horn
sigreg,backbone,2.9039,-0.3006,5,horn
sigreg,backbone,1.5655,-2.3784,5,horn
sigreg,backbone,1.5616,-2.1680,5,horn
sigreg,backbone,2.9247,-2.2119,5,horn
sigreg,backbone,3.3983,-0.8529,5,horn
sigreg,backbone,0.3641,-4.4711,5,horn
sigreg,backbone,4.4679,-1.4004,5,horn
sigreg,backbone,3.2106,-3.5226,5,horn
sigreg,backbone,1.9898,0.8257,5,horn
sigreg,backbone,4.0900,-0.9680,5,horn
sigreg,backbone,4.7855,1.7989,5,horn
sigreg,backbone,-0.4188,-4.0159,5,horn
sigreg,backbone,0.8615,0.1055,5,horn
sigreg,backbone,0.4737,-2.1443,5,horn
sigreg,backbone,3.7907,1.3348,5,horn
sigreg,backbone,1.0635,-5.1573,5,horn
sigreg,backbone,2.8900,-2.8128,5,horn
sigreg,backbone,3.0844,-3.6302,5,horn
sigreg,backbone,3.8071,-2.9206,5,horn
sigreg,backbone,2.3937,4.0646,5,horn
sigreg,backbone,3.7934,1.9899,5,horn
sigreg,backbone,4.2212,1.3252,5,horn
sigreg,backbone,3.0463,-3.7664,5,horn
sigreg,backbone,2.2705,-5.9348,5,horn
sigreg,backbone,-3.7484,0.0254,5,horn
sigreg,backbone,2.9266,-0.0992,5,horn
sigreg,backbone,3.3532,-3.8121,5,horn
sigreg,backbone,2.6557,-3.5930,5,horn
sigreg,backbone,0.7011,-2.3379,5,horn
sigreg,backbone,2.0562,1.0851,5,horn
sigreg,backbone,3.8730,3.0964,5,horn
sigreg,backbone,4.1155,-1.4919,5,horn
sigreg,backbone,-3.4724,-1.1351,5,horn
sigreg,backbone,3.4035,0.9736,5,horn
sigreg,backbone,4.3165,3.0318,5,horn
sigreg,backbone,3.5758,-0.1996,5,horn
sigreg,backbone,5.7013,-1.5386,5,horn
sigreg,backbone,3.4603,-2.8312,5,horn
sigreg,backbone,2.4441,0.5196,5,horn
sigreg,backbone,0.3241,-1.0087,5,horn
sigreg,backbone,3.7497,0.7895,5,horn
sigreg,backbone,2.5970,2.1934,5,horn
sigreg,backbone,4.7104,1.3603,5,horn
sigreg,backbone,2.2223,2.7336,5,horn
sigreg,backbone,3.0188,-1.7083,5,horn
sigreg,backbone,-0.5342,1.0660,5,horn
sigreg,backbone,1.1221,-2.7112,5,horn
sigreg,backbone,-1.8301,3.2176,5,horn
sigreg,backbone,2.1407,0.4579,5,horn
sigreg,backbone,1.6394,1.2289,5,horn
sigreg,backbone,0.6769,0.7000,5,horn
sigreg,backbone,-0.5256,-2.3454,5,horn
sigreg,backbone,0.9552,-0.2319,5,horn
sigreg,backbone,1.6715,-0.3982,5,horn
sigreg,backbone,0.3154,3.7244,5,horn
sigreg,backbone,3.3367,1.6183,5,horn
sigreg,backbone,4.1832,0.4220,5,horn
sigreg,backbone,3.9336,-0.9554,5,horn
sigreg,backbone,4.0853,-2.0082,5,horn
sigreg,backbone,4.6736,4.2578,5,horn
sigreg,backbone,4.5806,0.7152,5,horn
sigreg,backbone,2.8889,3.5861,5,horn
sigreg,backbone,-3.1444,1.2658,5,horn
sigreg,backbone,-1.4348,0.3090,5,horn
sigreg,backbone,3.6489,0.3189,5,horn
sigreg,backbone,3.2129,0.7579,5,horn
sigreg,backbone,3.1311,1.5131,5,horn
sigreg,backbone,4.4757,3.2928,5,horn
sigreg,backbone,-2.4961,3.1422,5,horn
sigreg,backbone,5.0406,0.7989,5,horn
sigreg,backbone,1.7416,-1.5791,5,horn
sigreg,backbone,2.1609,1.4917,5,horn
sigreg,backbone,0.5188,1.7532,5,horn
sigreg,backbone,1.3952,6.0791,5,horn
sigreg,backbone,2.9077,-4.0152,5,horn
sigreg,backbone,3.6141,1.1857,5,horn
sigreg,backbone,3.3369,2.8540,5,horn
sigreg,backbone,1.7195,2.6745,5,horn
sigreg,backbone,4.0048,-2.1803,5,horn
sigreg,backbone,3.5448,0.8618,5,horn
sigreg,backbone,4.0815,2.2504,5,horn
sigreg,backbone,-1.6997,0.9769,5,horn
sigreg,backbone,-1.7699,0.5854,5,horn
sigreg,backbone,-0.4557,1.7712,5,horn
sigreg,backbone,4.0041,-0.9488,5,horn
sigreg,backbone,4.0685,1.0848,5,horn
sigreg,backbone,2.2383,2.9334,5,horn
sigreg,backbone,4.3170,3.9384,5,horn
sigreg,backbone,3.7579,1.7632,5,horn
sigreg,backbone,4.1734,2.2474,5,horn
sigreg,backbone,3.5241,3.5954,5,horn
sigreg,backbone,-6.2712,-0.4661,5,horn
sigreg,backbone,2.5726,0.3556,5,horn
sigreg,backbone,3.7300,-1.7216,5,horn
sigreg,backbone,4.9173,-1.8282,5,horn
sigreg,backbone,2.4593,1.0302,5,horn
sigreg,backbone,-3.6612,0.3608,5,horn
sigreg,backbone,2.4275,-4.1065,5,horn
sigreg,backbone,-0.9486,-0.3511,5,horn
sigreg,backbone,0.8378,2.0489,5,horn
sigreg,backbone,-2.0718,0.4166,5,horn
sigreg,backbone,0.4125,0.3813,5,horn
sigreg,backbone,1.5683,0.4896,5,horn
sigreg,backbone,2.6571,1.3600,5,horn
sigreg,backbone,3.4547,-0.5023,5,horn
sigreg,backbone,3.3099,3.2247,5,horn
sigreg,backbone,4.4461,-0.8591,5,horn
sigreg,backbone,2.8940,4.2323,5,horn
sigreg,backbone,3.4993,2.9751,5,horn
sigreg,backbone,-0.2697,1.5486,5,horn
sigreg,backbone,5.0546,-0.5841,5,horn
sigreg,backbone,4.2342,0.1056,5,horn
sigreg,backbone,4.0497,4.0994,5,horn
sigreg,backbone,3.2944,0.0815,5,horn
sigreg,backbone,0.8275,-1.5907,5,horn
sigreg,backbone,0.7087,1.6793,5,horn
sigreg,backbone,4.9143,4.0063,5,horn
sigreg,backbone,3.6301,2.5252,5,horn
sigreg,backbone,-2.5445,2.6003,5,horn
sigreg,backbone,3.6974,0.7861,5,horn
sigreg,backbone,-3.3109,3.1894,5,horn
sigreg,backbone,-0.0020,-1.8405,5,horn
sigreg,backbone,-3.5621,-0.1725,5,horn
sigreg,backbone,3.2096,-0.9523,5,horn
sigreg,backbone,3.9397,-1.5929,5,horn
sigreg,backbone,3.3266,-0.5154,5,horn
sigreg,backbone,2.7984,3.2096,5,horn
sigreg,backbone,-0.1446,1.7750,5,horn
sigreg,backbone,-0.9555,3.3769,5,horn
sigreg,backbone,-2.4422,-2.9929,5,horn
sigreg,backbone,0.3021,-2.2671,5,horn
sigreg,backbone,3.0349,-3.6151,5,horn
sigreg,backbone,1.7021,3.4425,5,horn
sigreg,backbone,4.3444,-3.2130,5,horn
sigreg,backbone,2.7884,-0.5688,5,horn
sigreg,backbone,3.1583,0.9549,5,horn
sigreg,backbone,3.9679,-1.4710,5,horn
sigreg,backbone,2.7573,-0.8968,5,horn
sigreg,backbone,4.9320,3.5226,5,horn
sigreg,backbone,2.9184,1.9835,5,horn
sigreg,backbone,4.9713,0.2076,5,horn
sigreg,backbone,6.2898,1.8595,5,horn
sigreg,backbone,2.7260,-2.0341,5,horn
sigreg,backbone,6.3894,2.3054,5,horn
sigreg,backbone,-2.6577,1.5138,5,horn
sigreg,backbone,1.2169,0.5207,5,horn
sigreg,backbone,3.3390,-1.1170,5,horn
sigreg,backbone,3.5213,3.9152,5,horn
sigreg,backbone,1.9449,0.1686,5,horn
sigreg,backbone,2.4317,-1.9060,5,horn
sigreg,backbone,2.4899,-1.1026,5,horn
sigreg,backbone,-1.5449,3.9476,5,horn
sigreg,backbone,3.6328,-0.4193,5,horn
sigreg,backbone,2.5096,3.3130,5,horn
sigreg,backbone,2.0076,-1.2290,5,horn
sigreg,backbone,-0.7301,3.8367,5,horn
sigreg,backbone,-0.9607,1.0324,5,horn
sigreg,backbone,1.6962,0.2817,5,horn
sigreg,backbone,5.9797,2.0857,5,horn
sigreg,backbone,-1.9787,-2.2645,5,horn
sigreg,backbone,1.6699,1.3457,5,horn
sigreg,backbone,-2.0618,-0.2583,5,horn
sigreg,backbone,1.8171,-3.0239,5,horn
sigreg,backbone,1.1052,-6.0197,5,horn
sigreg,backbone,4.3066,0.0423,5,horn
sigreg,backbone,0.7084,0.0799,5,horn
sigreg,backbone,5.0677,0.0471,5,horn
sigreg,backbone,4.8458,-0.4982,5,horn
sigreg,backbone,-3.3566,4.8383,5,horn
sigreg,backbone,2.4386,-4.0844,5,horn
sigreg,backbone,2.9309,5.5090,5,horn
sigreg,backbone,1.7865,4.8159,5,horn
sigreg,backbone,2.0884,-1.2773,5,horn
sigreg,backbone,4.2315,-0.5307,5,horn
sigreg,backbone,1.6352,-4.2268,5,horn
sigreg,backbone,3.7762,1.7783,5,horn
sigreg,backbone,2.8053,-0.4700,5,horn
sigreg,backbone,1.6794,1.0422,5,horn
sigreg,backbone,1.6948,2.9406,5,horn
sigreg,backbone,-0.7359,0.9117,5,horn
sigreg,backbone,2.7897,2.9146,5,horn
sigreg,backbone,4.1031,0.4534,5,horn
sigreg,backbone,-0.9747,-0.5613,5,horn
sigreg,backbone,-2.0270,-1.3768,5,horn
sigreg,backbone,0.9472,-2.9027,5,horn
sigreg,backbone,4.5127,-0.9021,5,horn
sigreg,backbone,2.9672,0.5468,5,horn
sigreg,backbone,-1.3898,4.1690,5,horn
sigreg,backbone,2.8514,3.5213,5,horn
sigreg,backbone,2.7294,2.7851,5,horn
sigreg,backbone,1.6253,-0.7695,5,horn
sigreg,backbone,6.0227,2.9925,5,horn
sigreg,backbone,6.5198,2.7464,5,horn
sigreg,backbone,2.6283,-2.5432,5,horn
sigreg,backbone,0.5558,-2.2327,5,horn
sigreg,backbone,1.9053,-2.2621,5,horn
sigreg,backbone,2.7624,0.5761,5,horn
sigreg,backbone,3.1117,-0.3426,5,horn
sigreg,backbone,5.0123,1.2609,5,horn
sigreg,backbone,3.1040,1.7903,5,horn
sigreg,backbone,4.3282,0.8476,5,horn
sigreg,backbone,1.1770,0.3195,5,horn
sigreg,backbone,0.0125,-0.5982,5,horn
sigreg,backbone,3.8554,1.1004,5,horn
sigreg,backbone,3.8101,0.1868,5,horn
sigreg,backbone,4.2787,-3.1262,5,horn
sigreg,backbone,4.6243,-1.1672,5,horn
sigreg,backbone,0.4055,2.5665,5,horn
sigreg,backbone,0.6162,-0.4358,5,horn
sigreg,backbone,4.4381,5.0639,5,horn
sigreg,backbone,2.4055,-1.4684,5,horn
sigreg,backbone,-0.6900,0.9395,5,horn
sigreg,backbone,4.1221,0.6645,5,horn
sigreg,backbone,0.1500,4.2170,5,horn
sigreg,backbone,4.0861,-1.2985,5,horn
sigreg,backbone,-1.6675,4.9367,5,horn
sigreg,backbone,3.3596,-3.2717,5,horn
sigreg,backbone,3.8875,0.3267,5,horn
sigreg,backbone,4.1689,-0.3195,5,horn
sigreg,backbone,1.9115,4.8211,5,horn
sigreg,backbone,2.5166,0.4344,5,horn
sigreg,backbone,-3.0859,-6.9671,5,horn
sigreg,backbone,2.9223,4.0577,5,horn
sigreg,backbone,0.6617,-2.1563,5,horn
sigreg,backbone,0.5544,-0.4199,5,horn
sigreg,backbone,4.0199,-0.9982,5,horn
sigreg,backbone,-1.7283,2.1059,5,horn
sigreg,backbone,1.7658,-1.7178,5,horn
sigreg,backbone,1.8273,0.1085,5,horn
sigreg,backbone,-1.3111,0.5537,5,horn
sigreg,backbone,-3.9882,0.2506,5,horn
sigreg,backbone,3.6079,-2.2002,5,horn
sigreg,backbone,5.0748,3.5830,5,horn
sigreg,backbone,4.1699,-1.0908,5,horn
sigreg,backbone,1.6205,-1.1382,5,horn
sigreg,backbone,3.0474,1.4906,5,horn
sigreg,backbone,3.4940,-0.9630,5,horn
sigreg,backbone,2.7081,4.7052,5,horn
sigreg,backbone,-0.0200,0.5275,5,horn
sigreg,backbone,-0.4923,1.1865,5,horn
sigreg,backbone,1.3735,-1.9594,5,horn
sigreg,backbone,2.8244,-0.1936,5,horn
sigreg,backbone,-1.8256,1.3936,5,horn
sigreg,backbone,2.9961,0.6723,5,horn
sigreg,backbone,1.6092,0.3666,5,horn
sigreg,backbone,2.6636,1.5837,5,horn
sigreg,backbone,4.2439,-2.8984,5,horn
sigreg,backbone,0.2928,-2.0804,5,horn
sigreg,backbone,5.3190,-0.0857,5,horn
sigreg,backbone,-1.1890,1.0439,5,horn
sigreg,backbone,2.4856,-1.9559,5,horn
sigreg,backbone,3.2372,-3.4984,5,horn
sigreg,backbone,-0.0407,-1.3981,5,horn
sigreg,backbone,4.4010,-1.3510,5,horn
sigreg,backbone,2.1135,2.7235,5,horn
sigreg,backbone,-2.7279,5.3227,5,horn
sigreg,backbone,0.2130,-2.6702,5,horn
sigreg,backbone,2.6662,-1.8510,5,horn
sigreg,backbone,5.0744,-1.3148,5,horn
sigreg,backbone,0.8489,2.5319,5,horn
sigreg,backbone,4.9728,-0.8469,5,horn
sigreg,backbone,0.5196,3.3599,5,horn
sigreg,backbone,2.3267,0.3911,5,horn
sigreg,backbone,5.9157,2.4071,5,horn
sigreg,backbone,-0.8944,3.4456,5,horn
sigreg,backbone,-1.4345,-4.2168,5,horn
sigreg,backbone,-3.9464,3.6703,5,horn
sigreg,backbone,3.0977,-0.0679,5,horn
sigreg,backbone,2.7442,0.6611,5,horn
sigreg,backbone,4.2854,1.3466,5,horn
sigreg,backbone,1.1913,-1.5546,5,horn
sigreg,backbone,3.4635,1.4923,5,horn
sigreg,backbone,2.7329,0.5679,5,horn
sigreg,backbone,0.3870,-2.6299,5,horn
sigreg,backbone,3.7215,1.0766,5,horn
sigreg,backbone,4.7896,-1.7400,5,horn
sigreg,backbone,3.2318,-5.6716,5,horn
sigreg,backbone,3.2696,-2.2142,5,horn
sigreg,backbone,4.1265,1.0735,5,horn
sigreg,backbone,3.4227,-4.0792,5,horn
sigreg,backbone,2.9734,-3.2152,5,horn
sigreg,backbone,-1.2998,-1.7873,5,horn
sigreg,backbone,-0.1977,4.6495,5,horn
sigreg,backbone,0.1207,-2.1631,5,horn
sigreg,backbone,1.1644,-1.3748,5,horn
sigreg,backbone,1.9375,3.7289,5,horn
sigreg,backbone,2.8094,2.0354,5,horn
sigreg,backbone,2.1200,0.3331,5,horn
sigreg,backbone,1.5872,-5.0305,5,horn
sigreg,backbone,1.0173,1.5349,5,horn
sigreg,backbone,3.1437,-3.5089,5,horn
sigreg,backbone,2.1925,-3.3857,5,horn
sigreg,backbone,-0.4666,-1.9518,5,horn
sigreg,backbone,3.9560,1.0315,5,horn
sigreg,backbone,3.1792,-4.3464,5,horn
sigreg,backbone,1.3912,2.2034,5,horn
sigreg,backbone,3.0885,1.2708,5,horn
sigreg,backbone,2.5494,0.9579,5,horn
sigreg,backbone,2.0485,-1.7935,5,horn
sigreg,backbone,3.3603,-0.9535,5,horn
sigreg,backbone,4.8893,2.1663,5,horn
sigreg,backbone,3.3686,-2.7042,5,horn
sigreg,backbone,1.8610,0.6938,5,horn
sigreg,backbone,5.4432,4.1403,5,horn
sigreg,backbone,3.0052,-2.0500,5,horn
sigreg,backbone,2.6107,-3.3572,5,horn
sigreg,backbone,-0.6914,1.4943,5,horn
sigreg,backbone,4.9830,0.3742,5,horn
sigreg,backbone,0.4984,4.7307,5,horn
sigreg,backbone,3.3434,-2.1359,5,horn
sigreg,backbone,2.0946,-2.0977,5,horn
sigreg,backbone,1.1765,1.8309,5,horn
sigreg,backbone,4.1507,-1.3532,5,horn
sigreg,backbone,3.0820,-2.7495,5,horn
sigreg,backbone,5.0687,2.9123,5,horn
sigreg,backbone,0.8464,-3.4048,5,horn
sigreg,backbone,2.2151,-4.0890,5,horn
sigreg,backbone,5.0127,-1.2649,5,horn
sigreg,backbone,2.3099,-2.7849,5,horn
sigreg,backbone,3.0388,-3.7650,5,horn
sigreg,backbone,3.3900,0.2947,5,horn
sigreg,backbone,-0.2004,2.7065,5,horn
sigreg,backbone,2.3480,-1.3394,5,horn
sigreg,backbone,2.8142,0.9810,5,horn
sigreg,backbone,1.7376,0.1771,5,horn
sigreg,backbone,-2.2433,-3.2217,5,horn
sigreg,backbone,0.5664,-2.9740,5,horn
sigreg,backbone,-1.1329,-3.4831,5,horn
sigreg,backbone,0.0189,-1.1097,5,horn
sigreg,backbone,2.0664,-1.2698,5,horn
sigreg,backbone,2.1770,-3.4368,5,horn
sigreg,backbone,-0.1124,-4.2411,5,horn
sigreg,backbone,0.3156,-4.0329,5,horn
sigreg,backbone,2.0069,-0.5891,5,horn
sigreg,backbone,0.8108,-4.7439,5,horn
sigreg,backbone,4.3179,-2.0406,5,horn
sigreg,backbone,3.5644,2.5992,5,horn
sigreg,backbone,-1.5583,3.4906,5,horn
sigreg,backbone,2.3125,-4.0044,5,horn
sigreg,backbone,3.6110,-2.2902,5,horn
sigreg,backbone,1.2413,-5.7324,5,horn
sigreg,backbone,4.1990,1.4704,5,horn
sigreg,backbone,2.9579,0.9722,5,horn
sigreg,backbone,-0.2883,3.3884,5,horn
sigreg,backbone,2.4287,1.1454,5,horn
sigreg,backbone,3.4943,-0.2420,5,horn
sigreg,backbone,-6.1296,-3.0343,5,horn
sigreg,backbone,2.9026,-0.0010,5,horn
sigreg,backbone,3.5320,-0.2154,5,horn
sigreg,backbone,5.6210,3.1183,5,horn
sigreg,backbone,1.2852,-5.2106,5,horn
sigreg,backbone,2.6176,-3.1491,5,horn
sigreg,backbone,2.5811,-1.0692,5,horn
sigreg,backbone,2.0968,-5.0924,5,horn
sigreg,backbone,1.4786,0.4046,5,horn
sigreg,backbone,0.1810,-2.2655,5,horn
sigreg,backbone,2.0698,-4.3402,5,horn
sigreg,backbone,1.4467,0.0439,5,horn
sigreg,backbone,0.4926,-1.7575,5,horn
sigreg,backbone,3.9857,-2.1811,5,horn
sigreg,backbone,1.4610,-1.5836,5,horn
sigreg,backbone,-6.7591,-1.9108,6,truck
sigreg,backbone,-6.9431,3.9548,6,truck
sigreg,backbone,-5.3530,5.6251,6,truck
sigreg,backbone,-5.5955,4.2472,6,truck
sigreg,backbone,-4.8370,2.2402,6,truck
sigreg,backbone,-4.3399,3.8423,6,truck
sigreg,backbone,-6.2794,4.5739,6,truck
sigreg,backbone,-3.9895,5.3907,6,truck
sigreg,backbone,-5.8920,4.1779,6,truck
sigreg,backbone,-4.2254,4.5378,6,truck
sigreg,backbone,-7.8925,0.2930,6,truck
sigreg,backbone,-5.1650,5.0439,6,truck
sigreg,backbone,-2.4187,4.9449,6,truck
sigreg,backbone,-5.9034,3.3934,6,truck
sigreg,backbone,-3.7258,1.8525,6,truck
sigreg,backbone,-4.8924,3.2068,6,truck
sigreg,backbone,-5.5601,4.5997,6,truck
sigreg,backbone,-6.8878,0.8940,6,truck
sigreg,backbone,-3.8414,3.3175,6,truck
sigreg,backbone,-4.5350,6.0463,6,truck
sigreg,backbone,-5.1807,3.0085,6,truck
sigreg,backbone,-4.3436,2.0462,6,truck
sigreg,backbone,-5.5498,2.3179,6,truck
sigreg,backbone,-4.7201,4.3699,6,truck
sigreg,backbone,-4.7287,2.2374,6,truck
sigreg,backbone,-7.4705,2.5474,6,truck
sigreg,backbone,-7.2280,4.3024,6,truck
sigreg,backbone,-7.0526,3.0872,6,truck
sigreg,backbone,-5.0914,4.9958,6,truck
sigreg,backbone,-7.5311,2.8240,6,truck
sigreg,backbone,-5.3546,2.4967,6,truck
sigreg,backbone,-4.9120,3.9095,6,truck
sigreg,backbone,-4.0661,2.2633,6,truck
sigreg,backbone,-5.5871,2.7623,6,truck
sigreg,backbone,-3.9499,5.3258,6,truck
sigreg,backbone,-5.0651,4.5022,6,truck
sigreg,backbone,-0.2096,5.3378,6,truck
sigreg,backbone,-1.6154,6.1970,6,truck
sigreg,backbone,-6.1021,4.9377,6,truck
sigreg,backbone,-6.5988,2.8463,6,truck
sigreg,backbone,2.1023,3.9402,6,truck
sigreg,backbone,-4.5357,3.4592,6,truck
sigreg,backbone,-5.2736,5.0828,6,truck
sigreg,backbone,-7.3540,4.4554,6,truck
sigreg,backbone,-2.9758,5.3319,6,truck
sigreg,backbone,-5.7248,4.4860,6,truck
sigreg,backbone,-3.2105,2.9944,6,truck
sigreg,backbone,0.9213,6.7508,6,truck
sigreg,backbone,-1.4625,5.6615,6,truck
sigreg,backbone,-3.3101,4.1585,6,truck
sigreg,backbone,-4.0954,3.4330,6,truck
sigreg,backbone,-2.5529,5.4894,6,truck
sigreg,backbone,-3.1006,4.2476,6,truck
sigreg,backbone,-3.8407,2.4424,6,truck
sigreg,backbone,-0.9021,4.3028,6,truck
sigreg,backbone,-7.4411,2.0900,6,truck
sigreg,backbone,0.3074,5.5026,6,truck
sigreg,backbone,-3.2437,5.2360,6,truck
sigreg,backbone,-2.5634,5.1982,6,truck
sigreg,backbone,-5.0584,2.0563,6,truck
sigreg,backbone,-5.7316,1.6107,6,truck
sigreg,backbone,-5.6607,2.0699,6,truck
sigreg,backbone,-1.5075,6.9293,6,truck
sigreg,backbone,0.2350,0.6626,6,truck
sigreg,backbone,-6.4284,2.4468,6,truck
sigreg,backbone,-5.1088,3.9676,6,truck
sigreg,backbone,-5.7998,2.5541,6,truck
sigreg,backbone,2.8663,3.8070,6,truck
sigreg,backbone,-4.3453,-0.0662,6,truck
sigreg,backbone,-5.4616,0.7246,6,truck
sigreg,backbone,-7.9271,2.7905,6,truck
sigreg,backbone,-1.6648,6.0525,6,truck
sigreg,backbone,-6.2126,4.7076,6,truck
sigreg,backbone,-4.4188,5.2447,6,truck
sigreg,backbone,-7.5020,2.0467,6,truck
sigreg,backbone,-6.0885,3.1043,6,truck
sigreg,backbone,-4.3337,5.6259,6,truck
sigreg,backbone,-4.5078,5.0006,6,truck
sigreg,backbone,-4.5720,4.7018,6,truck
sigreg,backbone,-5.5554,5.7768,6,truck
sigreg,backbone,-5.9267,4.4694,6,truck
sigreg,backbone,-4.6616,4.6056,6,truck
sigreg,backbone,-6.3718,3.1278,6,truck
sigreg,backbone,-5.8070,3.6603,6,truck
sigreg,backbone,-4.0307,2.6131,6,truck
sigreg,backbone,-4.4639,5.1383,6,truck
sigreg,backbone,-4.9533,5.3749,6,truck
sigreg,backbone,-1.0964,4.9504,6,truck
sigreg,backbone,-3.5038,6.0758,6,truck
sigreg,backbone,-1.6844,2.3057,6,truck
sigreg,backbone,-4.8960,3.5632,6,truck
sigreg,backbone,-4.5179,3.2739,6,truck
sigreg,backbone,-1.7123,3.4765,6,truck
sigreg,backbone,-3.3063,5.2471,6,truck
sigreg,backbone,-5.6287,3.4340,6,truck
sigreg,backbone,-5.7406,3.2137,6,truck
sigreg,backbone,-7.8418,4.9006,6,truck
sigreg,backbone,-0.6148,5.9637,6,truck
sigreg,backbone,-4.5674,4.5152,6,truck
sigreg,backbone,-5.3208,4.2790,6,truck
sigreg,backbone,-6.4523,3.5014,6,truck
sigreg,backbone,-2.7525,3.5535,6,truck
sigreg,backbone,-7.0550,1.3841,6,truck
sigreg,backbone,-5.7124,1.4320,6,truck
sigreg,backbone,-5.5892,2.9974,6,truck
sigreg,backbone,-4.4304,4.9988,6,truck
sigreg,backbone,-5.1363,1.1771,6,truck
sigreg,backbone,-6.3409,2.0968,6,truck
sigreg,backbone,-4.9755,3.8433,6,truck
sigreg,backbone,-6.0550,4.4655,6,truck
sigreg,backbone,-5.7700,5.3485,6,truck
sigreg,backbone,-7.9463,2.6618,6,truck
sigreg,backbone,-4.4244,5.0162,6,truck
sigreg,backbone,-0.9072,6.9436,6,truck
sigreg,backbone,-5.8755,4.5784,6,truck
sigreg,backbone,-4.4500,5.0210,6,truck
sigreg,backbone,-4.6074,4.1972,6,truck
sigreg,backbone,-4.0902,0.6014,6,truck
sigreg,backbone,-5.2263,4.6205,6,truck
sigreg,backbone,-5.2735,3.3230,6,truck
sigreg,backbone,-3.7167,4.8431,6,truck
sigreg,backbone,-5.7078,3.6305,6,truck
sigreg,backbone,-2.0035,5.4349,6,truck
sigreg,backbone,-5.8629,2.8262,6,truck
sigreg,backbone,-2.9431,4.1908,6,truck
sigreg,backbone,-4.6906,2.4622,6,truck
sigreg,backbone,-4.4462,4.2475,6,truck
sigreg,backbone,-5.9145,0.8906,6,truck
sigreg,backbone,-2.8946,5.1684,6,truck
sigreg,backbone,-6.5970,3.2329,6,truck
sigreg,backbone,-4.8771,3.9218,6,truck
sigreg,backbone,-4.6509,5.4461,6,truck
sigreg,backbone,-2.3781,6.1999,6,truck
sigreg,backbone,-3.1500,5.5620,6,truck
sigreg,backbone,-5.2279,4.9292,6,truck
sigreg,backbone,-6.2204,2.2333,6,truck
sigreg,backbone,-3.6052,5.3786,6,truck
sigreg,backbone,-5.2855,4.1273,6,truck
sigreg,backbone,-4.1667,1.0133,6,truck
sigreg,backbone,-2.4736,7.1918,6,truck
sigreg,backbone,-6.6564,3.0380,6,truck
sigreg,backbone,-2.7685,2.5115,6,truck
sigreg,backbone,-4.8107,2.8125,6,truck
sigreg,backbone,-3.8070,2.6304,6,truck
sigreg,backbone,-4.1853,4.4574,6,truck
sigreg,backbone,-5.0523,5.0264,6,truck
sigreg,backbone,-4.7862,2.7085,6,truck
sigreg,backbone,-3.8920,4.8947,6,truck
sigreg,backbone,-5.5188,3.9477,6,truck
sigreg,backbone,-4.1184,2.2464,6,truck
sigreg,backbone,-3.9276,5.5551,6,truck
sigreg,backbone,-5.5088,3.6921,6,truck
sigreg,backbone,-5.8418,4.8241,6,truck
sigreg,backbone,-5.2677,4.3210,6,truck
sigreg,backbone,-6.6653,1.7075,6,truck
sigreg,backbone,-5.2191,5.2908,6,truck
sigreg,backbone,-6.2214,4.1047,6,truck
sigreg,backbone,-4.8837,2.9133,6,truck
sigreg,backbone,-5.6007,4.5858,6,truck
sigreg,backbone,-6.6251,1.2163,6,truck
sigreg,backbone,-6.9057,3.5780,6,truck
sigreg,backbone,-6.6466,3.7559,6,truck
sigreg,backbone,-3.9644,4.8249,6,truck
sigreg,backbone,-5.1614,3.6297,6,truck
sigreg,backbone,-5.6926,1.5929,6,truck
sigreg,backbone,-5.5053,4.8533,6,truck
sigreg,backbone,-3.3869,5.5908,6,truck
sigreg,backbone,-6.2989,4.6946,6,truck
sigreg,backbone,-5.2841,4.1330,6,truck
sigreg,backbone,-5.4827,4.9141,6,truck
sigreg,backbone,-6.4692,4.7063,6,truck
sigreg,backbone,-5.6893,5.6702,6,truck
sigreg,backbone,-0.6608,5.6582,6,truck
sigreg,backbone,-1.2586,3.8276,6,truck
sigreg,backbone,-8.2585,3.2917,6,truck
sigreg,backbone,-7.8023,3.7955,6,truck
sigreg,backbone,-5.4170,2.4717,6,truck
sigreg,backbone,-4.4519,2.8834,6,truck
sigreg,backbone,-4.1876,4.6012,6,truck
sigreg,backbone,-6.9105,3.4534,6,truck
sigreg,backbone,-2.9740,3.5145,6,truck
sigreg,backbone,-5.5110,4.6265,6,truck
sigreg,backbone,-1.7646,5.2495,6,truck
sigreg,backbone,-5.4955,3.7359,6,truck
sigreg,backbone,-7.2411,3.4644,6,truck
sigreg,backbone,-6.7900,4.0358,6,truck
sigreg,backbone,-5.3270,6.2507,6,truck
sigreg,backbone,-2.7647,5.1315,6,truck
sigreg,backbone,-6.4059,2.4358,6,truck
sigreg,backbone,-4.6257,2.4000,6,truck
sigreg,backbone,-4.6269,4.7651,6,truck
sigreg,backbone,-5.0739,2.7989,6,truck
sigreg,backbone,-3.8314,1.6141,6,truck
sigreg,backbone,-5.7995,5.2858,6,truck
sigreg,backbone,-6.2604,1.4991,6,truck
sigreg,backbone,0.1654,5.6200,6,truck
sigreg,backbone,-6.2659,-0.6668,6,truck
sigreg,backbone,-5.3091,4.0630,6,truck
sigreg,backbone,-4.2440,1.9928,6,truck
sigreg,backbone,-0.5051,5.8677,6,truck
sigreg,backbone,-3.3583,5.5437,6,truck
sigreg,backbone,-5.3202,5.2788,6,truck
sigreg,backbone,-4.9132,4.1313,6,truck
sigreg,backbone,-4.8618,3.9512,6,truck
sigreg,backbone,-2.5093,5.6143,6,truck
sigreg,backbone,-4.8759,4.1795,6,truck
sigreg,backbone,-4.9698,4.5966,6,truck
sigreg,backbone,-5.0888,3.1180,6,truck
sigreg,backbone,-3.9220,3.7165,6,truck
sigreg,backbone,-4.3050,3.6565,6,truck
sigreg,backbone,-5.2599,4.2360,6,truck
sigreg,backbone,-4.8701,1.2004,6,truck
sigreg,backbone,-5.9857,3.0697,6,truck
sigreg,backbone,-5.6338,3.6122,6,truck
sigreg,backbone,-3.4780,4.3543,6,truck
sigreg,backbone,-5.1669,3.7035,6,truck
sigreg,backbone,-4.8066,4.3505,6,truck
sigreg,backbone,-2.9992,4.2544,6,truck
sigreg,backbone,-3.8932,2.9631,6,truck
sigreg,backbone,-5.5366,4.4390,6,truck
sigreg,backbone,-6.5317,1.4239,6,truck
sigreg,backbone,-3.7017,3.0612,6,truck
sigreg,backbone,-4.2885,-1.9315,6,truck
sigreg,backbone,-4.1277,5.8398,6,truck
sigreg,backbone,-2.4526,7.5872,6,truck
sigreg,backbone,-5.3591,4.4165,6,truck
sigreg,backbone,-4.6011,5.5807,6,truck
sigreg,backbone,-3.4349,-1.7963,6,truck
sigreg,backbone,-1.1728,4.9734,6,truck
sigreg,backbone,2.8587,3.4268,6,truck
sigreg,backbone,-5.8665,3.0100,6,truck
sigreg,backbone,-0.7567,3.3886,6,truck
sigreg,backbone,-2.0494,5.3228,6,truck
sigreg,backbone,0.3494,1.4637,6,truck
sigreg,backbone,-4.4234,6.0196,6,truck
sigreg,backbone,-0.3770,4.4305,6,truck
sigreg,backbone,-2.2965,5.3027,6,truck
sigreg,backbone,-2.0899,2.6373,6,truck
sigreg,backbone,2.5351,1.7799,6,truck
sigreg,backbone,-7.4506,-1.4295,6,truck
sigreg,backbone,-2.2442,4.3145,6,truck
sigreg,backbone,-4.5080,2.6829,6,truck
sigreg,backbone,-7.4844,2.2880,6,truck
sigreg,backbone,-5.8152,4.7056,6,truck
sigreg,backbone,1.2004,4.1308,6,truck
sigreg,backbone,-5.0095,3.6359,6,truck
sigreg,backbone,-7.6203,1.7531,6,truck
sigreg,backbone,-5.7431,5.7431,6,truck
sigreg,backbone,-4.7021,4.8193,6,truck
sigreg,backbone,-3.3563,4.8825,6,truck
sigreg,backbone,-6.5033,2.1763,6,truck
sigreg,backbone,-3.1665,3.8474,6,truck
sigreg,backbone,-5.6762,3.3970,6,truck
sigreg,backbone,-5.9554,-0.3866,6,truck
sigreg,backbone,-5.6553,4.5540,6,truck
sigreg,backbone,-5.3647,2.9743,6,truck
sigreg,backbone,-4.5182,2.7186,6,truck
sigreg,backbone,0.9714,5.8480,6,truck
sigreg,backbone,0.3804,2.9164,6,truck
sigreg,backbone,-2.3334,4.5615,6,truck
sigreg,backbone,-5.2325,1.8898,6,truck
sigreg,backbone,-3.7726,4.0142,6,truck
sigreg,backbone,-3.7125,5.4585,6,truck
sigreg,backbone,-4.5097,4.7530,6,truck
sigreg,backbone,-5.5365,3.4007,6,truck
sigreg,backbone,-0.5986,6.2304,6,truck
sigreg,backbone,-3.0086,5.7409,6,truck
sigreg,backbone,-6.0406,3.2958,6,truck
sigreg,backbone,-7.6616,-1.7225,6,truck
sigreg,backbone,-7.1512,2.6370,6,truck
sigreg,backbone,-2.3529,6.1864,6,truck
sigreg,backbone,-4.2364,3.8685,6,truck
sigreg,backbone,-5.6829,2.9952,6,truck
sigreg,backbone,-5.1237,2.3845,6,truck
sigreg,backbone,-3.0984,2.2537,6,truck
sigreg,backbone,-4.5202,3.1100,6,truck
sigreg,backbone,-4.7050,3.1901,6,truck
sigreg,backbone,-4.0314,5.3316,6,truck
sigreg,backbone,-3.8287,6.5546,6,truck
sigreg,backbone,-4.1150,4.1005,6,truck
sigreg,backbone,-4.8550,2.0814,6,truck
sigreg,backbone,-3.2061,4.7693,6,truck
sigreg,backbone,-4.8898,4.7438,6,truck
sigreg,backbone,-6.8475,2.2997,6,truck
sigreg,backbone,-3.9586,4.9481,6,truck
sigreg,backbone,-5.6628,4.7869,6,truck
sigreg,backbone,-5.3344,3.9924,6,truck
sigreg,backbone,-5.3817,3.7170,6,truck
sigreg,backbone,-5.6500,1.7761,6,truck
sigreg,backbone,-4.1775,4.8196,6,truck
sigreg,backbone,-1.9565,4.0952,6,truck
sigreg,backbone,-4.0259,5.7349,6,truck
sigreg,backbone,-6.5154,3.1790,6,truck
sigreg,backbone,-3.5862,3.3593,6,truck
sigreg,backbone,-4.0411,4.2473,6,truck
sigreg,backbone,-3.8595,3.5887,6,truck
sigreg,backbone,-3.8982,4.8338,6,truck
sigreg,backbone,-6.0545,4.1528,6,truck
sigreg,backbone,-7.3452,2.0513,6,truck
sigreg,backbone,-4.8324,4.7858,6,truck
sigreg,backbone,-5.4129,3.5601,6,truck
sigreg,backbone,-3.0714,4.1887,6,truck
sigreg,backbone,-5.1601,4.0812,6,truck
sigreg,backbone,-4.4308,2.9497,6,truck
sigreg,backbone,-0.9158,4.0981,6,truck
sigreg,backbone,-3.7329,2.5170,6,truck
sigreg,backbone,-0.6764,2.2146,6,truck
sigreg,backbone,-4.9399,5.6078,6,truck
sigreg,backbone,3.3724,1.2114,6,truck
sigreg,backbone,-5.2940,6.0711,6,truck
sigreg,backbone,-3.1919,3.7374,6,truck
sigreg,backbone,-5.0459,3.1786,6,truck
sigreg,backbone,-4.7091,5.3345,6,truck
sigreg,backbone,4.3048,-0.5292,6,truck
sigreg,backbone,-5.4382,5.0329,6,truck
sigreg,backbone,-1.9948,5.0828,6,truck
sigreg,backbone,-4.1166,4.6979,6,truck
sigreg,backbone,-1.1282,5.8904,6,truck
sigreg,backbone,-6.5706,1.3932,6,truck
sigreg,backbone,-5.9990,4.6801,6,truck
sigreg,backbone,-5.5641,5.3216,6,truck
sigreg,backbone,-3.5734,4.1406,6,truck
sigreg,backbone,-3.9665,2.1401,6,truck
sigreg,backbone,-5.4619,3.4561,6,truck
sigreg,backbone,-6.5671,1.9741,6,truck
sigreg,backbone,-4.6660,6.0501,6,truck
sigreg,backbone,-3.0698,4.0661,6,truck
sigreg,backbone,-4.1214,1.7959,6,truck
sigreg,backbone,-6.8967,2.9388,6,truck
sigreg,backbone,-6.4398,3.7347,6,truck
sigreg,backbone,-6.2770,3.6941,6,truck
sigreg,backbone,-4.3803,4.5827,6,truck
sigreg,backbone,-5.5625,5.5109,6,truck
sigreg,backbone,-2.4484,1.7126,6,truck
sigreg,backbone,-3.5511,4.2429,6,truck
sigreg,backbone,-6.1590,3.4551,6,truck
sigreg,backbone,-3.7013,4.4320,6,truck
sigreg,backbone,-4.9579,3.9165,6,truck
sigreg,backbone,-3.8482,3.4067,6,truck
sigreg,backbone,-4.9717,3.6757,6,truck
sigreg,backbone,-3.2367,4.9811,6,truck
sigreg,backbone,-6.1950,1.2218,6,truck
sigreg,backbone,-3.7230,5.1554,6,truck
sigreg,backbone,-3.7197,4.2863,6,truck
sigreg,backbone,-4.9735,4.3263,6,truck
sigreg,backbone,-2.2636,4.2742,6,truck
sigreg,backbone,-3.8951,2.1098,6,truck
sigreg,backbone,-4.6474,3.2587,6,truck
sigreg,backbone,0.7527,6.4834,6,truck
sigreg,backbone,-2.6467,6.9918,6,truck
sigreg,backbone,-4.6011,5.0863,6,truck
sigreg,backbone,-7.6081,2.8444,6,truck
sigreg,backbone,-4.1834,3.7894,6,truck
sigreg,backbone,-3.9071,4.1281,6,truck
sigreg,backbone,0.0042,2.8824,6,truck
sigreg,backbone,-5.9810,0.3607,6,truck
sigreg,backbone,-1.9021,6.3982,6,truck
sigreg,backbone,-5.8505,3.9679,6,truck
sigreg,backbone,-3.8610,5.2169,6,truck
sigreg,backbone,-5.6419,3.0750,6,truck
sigreg,backbone,-3.6621,4.8270,6,truck
sigreg,backbone,-5.8756,3.9672,6,truck
sigreg,backbone,-1.6286,2.7139,6,truck
sigreg,backbone,-4.6842,4.7507,6,truck
sigreg,backbone,-4.5454,2.5612,6,truck
sigreg,backbone,-5.5552,3.6848,6,truck
sigreg,backbone,-6.8742,2.4564,6,truck
sigreg,backbone,-3.4830,6.7540,6,truck
sigreg,backbone,-5.6036,4.7690,6,truck
sigreg,backbone,-1.6406,6.1740,6,truck
sigreg,backbone,-6.4458,2.3958,6,truck
sigreg,backbone,-4.8050,5.1942,6,truck
sigreg,backbone,-6.0891,2.6420,6,truck
sigreg,backbone,-4.9900,4.4406,6,truck
sigreg,backbone,-1.9697,2.2840,6,truck
sigreg,backbone,-4.6348,5.8069,6,truck
sigreg,backbone,-5.4053,2.5767,6,truck
sigreg,backbone,-6.1021,0.7131,6,truck
sigreg,backbone,-6.1846,4.2344,6,truck
sigreg,backbone,-5.4338,3.9747,6,truck
sigreg,backbone,-4.1051,4.1300,6,truck
sigreg,backbone,-4.6072,5.0588,6,truck
sigreg,backbone,-3.3258,6.4417,6,truck
sigreg,backbone,-3.5176,1.5066,6,truck
sigreg,backbone,-6.9605,0.1943,6,truck
sigreg,backbone,-4.5709,5.4069,6,truck
sigreg,backbone,-2.8021,2.6554,6,truck
sigreg,backbone,-7.7590,2.4565,6,truck
sigreg,backbone,-5.9471,3.2242,6,truck
sigreg,backbone,-6.8516,-1.6381,7,pump
sigreg,backbone,-3.7003,4.1060,7,pump
sigreg,backbone,-6.2703,1.8898,7,pump
sigreg,backbone,-6.9639,3.4986,7,pump
sigreg,backbone,-6.3391,1.4553,7,pump
sigreg,backbone,-6.5771,-2.1286,7,pump
sigreg,backbone,0.1577,1.7843,7,pump
sigreg,backbone,-0.7636,-0.2063,7,pump
sigreg,backbone,-3.5975,-1.6388,7,pump
sigreg,backbone,-1.2137,2.6944,7,pump
sigreg,backbone,-6.3318,-0.5861,7,pump
sigreg,backbone,-4.1068,-0.9235,7,pump
sigreg,backbone,-7.1722,0.3161,7,pump
sigreg,backbone,-2.8143,2.6289,7,pump
sigreg,backbone,-6.3422,-0.9253,7,pump
sigreg,backbone,-4.9959,-2.8231,7,pump
sigreg,backbone,-6.8083,-1.1869,7,pump
sigreg,backbone,-5.6089,-2.4707,7,pump
sigreg,backbone,-7.1548,-2.9123,7,pump
sigreg,backbone,-2.6134,-0.0854,7,pump
sigreg,backbone,-5.4612,-4.0821,7,pump
sigreg,backbone,-6.1923,-0.4534,7,pump
sigreg,backbone,-7.3585,-0.9371,7,pump
sigreg,backbone,-6.1402,2.5019,7,pump
sigreg,backbone,-4.7614,-5.7176,7,pump
sigreg,backbone,-4.0337,-0.8106,7,pump
sigreg,backbone,-3.6427,-0.0638,7,pump
sigreg,backbone,-4.4598,-5.6621,7,pump
sigreg,backbone,-6.8214,-2.7545,7,pump
sigreg,backbone,-6.2356,-2.4291,7,pump
sigreg,backbone,-4.8492,0.6427,7,pump
sigreg,backbone,-6.0158,-0.2612,7,pump
sigreg,backbone,4.3400,-0.2733,7,pump
sigreg,backbone,-5.6541,-2.0177,7,pump
sigreg,backbone,-3.4587,-0.6903,7,pump
sigreg,backbone,-6.0849,1.5160,7,pump
sigreg,backbone,-4.1676,-1.7816,7,pump
sigreg,backbone,-4.4166,-3.3211,7,pump
sigreg,backbone,-5.8805,-2.6807,7,pump
sigreg,backbone,-6.3540,1.0669,7,pump
sigreg,backbone,5.3733,-0.4514,7,pump
sigreg,backbone,-7.4288,0.5394,7,pump
sigreg,backbone,-5.7855,-4.5388,7,pump
sigreg,backbone,-6.9513,-2.0375,7,pump
sigreg,backbone,-6.0620,-2.2509,7,pump
sigreg,backbone,-3.5589,1.0935,7,pump
sigreg,backbone,-4.9966,3.9038,7,pump
sigreg,backbone,-5.6458,1.0302,7,pump
sigreg,backbone,-2.1518,2.7110,7,pump
sigreg,backbone,-2.7488,1.0546,7,pump
sigreg,backbone,-4.0461,-0.3241,7,pump
sigreg,backbone,-5.1214,-3.9327,7,pump
sigreg,backbone,-4.3607,2.0972,7,pump
sigreg,backbone,-2.5001,3.2322,7,pump
sigreg,backbone,-4.7356,1.1395,7,pump
sigreg,backbone,-4.0415,4.4003,7,pump
sigreg,backbone,-1.6635,0.2042,7,pump
sigreg,backbone,-6.9927,1.4945,7,pump
sigreg,backbone,-6.9622,0.9502,7,pump
sigreg,backbone,-3.6545,2.6916,7,pump
sigreg,backbone,-4.2492,-7.6693,7,pump
sigreg,backbone,-6.1176,1.5725,7,pump
sigreg,backbone,-0.0230,5.8085,7,pump
sigreg,backbone,-7.4036,-1.5202,7,pump
sigreg,backbone,1.2614,0.0199,7,pump
sigreg,backbone,-4.1294,5.3013,7,pump
sigreg,backbone,-7.0393,-1.5111,7,pump
sigreg,backbone,-6.2597,-4.7232,7,pump
sigreg,backbone,-7.9528,0.0268,7,pump
sigreg,backbone,-4.9656,0.2186,7,pump
sigreg,backbone,-6.0806,2.6520,7,pump
sigreg,backbone,-5.3776,5.0534,7,pump
sigreg,backbone,-5.5738,1.3730,7,pump
sigreg,backbone,-7.9977,-2.8902,7,pump
sigreg,backbone,-8.7159,-0.8007,7,pump
sigreg,backbone,-6.0360,0.6739,7,pump
sigreg,backbone,-4.5577,-0.0722,7,pump
sigreg,backbone,-5.1276,2.4726,7,pump
sigreg,backbone,0.0257,3.5004,7,pump
sigreg,backbone,-5.3204,1.0175,7,pump
sigreg,backbone,-6.2928,-1.6027,7,pump
sigreg,backbone,-6.2746,-3.0230,7,pump
sigreg,backbone,-3.9923,4.6185,7,pump
sigreg,backbone,-6.3622,-0.2916,7,pump
sigreg,backbone,-5.2506,0.8879,7,pump
sigreg,backbone,-4.3237,0.2267,7,pump
sigreg,backbone,-6.0940,3.8794,7,pump
sigreg,backbone,-5.2778,1.5679,7,pump
sigreg,backbone,-4.3820,0.2359,7,pump
sigreg,backbone,-5.5739,-2.4341,7,pump
sigreg,backbone,-6.0082,0.3672,7,pump
sigreg,backbone,-8.2811,-0.9071,7,pump
sigreg,backbone,-4.2710,-0.4578,7,pump
sigreg,backbone,-4.5549,-5.8835,7,pump
sigreg,backbone,-4.0610,0.1152,7,pump
sigreg,backbone,-2.7507,3.5912,7,pump
sigreg,backbone,-4.8226,-0.2962,7,pump
sigreg,backbone,-6.8860,-3.5104,7,pump
sigreg,backbone,-3.9295,4.4770,7,pump
sigreg,backbone,-3.3976,-2.4913,7,pump
sigreg,backbone,-5.4238,-2.9932,7,pump
sigreg,backbone,-3.5417,3.6506,7,pump
sigreg,backbone,-6.8024,-0.3054,7,pump
sigreg,backbone,-8.4389,0.2185,7,pump
sigreg,backbone,2.5169,-1.8053,7,pump
sigreg,backbone,-5.0257,3.2542,7,pump
sigreg,backbone,-4.9687,2.6618,7,pump
sigreg,backbone,-3.5042,3.7652,7,pump
sigreg,backbone,-2.5251,4.4959,7,pump
sigreg,backbone,-4.3453,-4.3140,7,pump
sigreg,backbone,-7.9442,-1.5086,7,pump
sigreg,backbone,-5.2312,-0.5538,7,pump
sigreg,backbone,-5.0027,-3.4013,7,pump
sigreg,backbone,-5.1953,3.2586,7,pump
sigreg,backbone,-3.9048,2.4563,7,pump
sigreg,backbone,-4.7325,1.8322,7,pump
sigreg,backbone,3.8429,-2.2079,7,pump
sigreg,backbone,-6.7713,-1.4161,7,pump
sigreg,backbone,-2.0686,2.5869,7,pump
sigreg,backbone,-3.2815,-1.3671,7,pump
sigreg,backbone,-5.3523,2.7279,7,pump
sigreg,backbone,1.9946,0.2352,7,pump
sigreg,backbone,-6.9269,0.5126,7,pump
sigreg,backbone,-4.4108,-3.0513,7,pump
sigreg,backbone,-4.1108,2.0107,7,pump
sigreg,backbone,-6.0059,0.6493,7,pump
sigreg,backbone,-4.3932,-1.1396,7,pump
sigreg,backbone,-6.4372,-1.1417,7,pump
sigreg,backbone,-3.9415,2.4068,7,pump
sigreg,backbone,-7.2587,-3.4036,7,pump
sigreg,backbone,-6.7219,-0.3001,7,pump
sigreg,backbone,-6.6387,-3.6003,7,pump
sigreg,backbone,-7.0953,-1.8631,7,pump
sigreg,backbone,-4.8471,-1.4005,7,pump
sigreg,backbone,-5.8073,-3.8607,7,pump
sigreg,backbone,-5.7864,1.6203,7,pump
sigreg,backbone,-5.0765,3.2965,7,pump
sigreg,backbone,-8.0116,-1.0960,7,pump
sigreg,backbone,-7.5104,-0.0548,7,pump
sigreg,backbone,-5.3833,1.3991,7,pump
sigreg,backbone,-7.6870,0.9484,7,pump
sigreg,backbone,-6.2182,1.8946,7,pump
sigreg,backbone,-5.5889,-3.1509,7,pump
sigreg,backbone,-5.4105,0.2294,7,pump
sigreg,backbone,-6.6553,0.9574,7,pump
sigreg,backbone,-1.5117,-0.7645,7,pump
sigreg,backbone,-2.8142,1.8421,7,pump
sigreg,backbone,-6.7330,-3.7858,7,pump
sigreg,backbone,-5.7605,5.6493,7,pump
sigreg,backbone,-6.5832,-1.0013,7,pump
sigreg,backbone,-0.5541,2.4837,7,pump
sigreg,backbone,-3.1980,-1.8759,7,pump
sigreg,backbone,-3.9355,-3.6272,7,pump
sigreg,backbone,-2.1148,2.7026,7,pump
sigreg,backbone,-3.3268,2.3153,7,pump
sigreg,backbone,-6.5252,-4.2821,7,pump
sigreg,backbone,-3.8935,5.9221,7,pump
sigreg,backbone,-5.0451,1.1542,7,pump
sigreg,backbone,-3.6821,1.7890,7,pump
sigreg,backbone,-5.3666,-0.3507,7,pump
sigreg,backbone,-4.6131,-2.4035,7,pump
sigreg,backbone,-4.0342,-2.4672,7,pump
sigreg,backbone,-7.7532,-1.6981,7,pump
sigreg,backbone,-3.1087,1.3047,7,pump
sigreg,backbone,-5.4949,-2.7442,7,pump
sigreg,backbone,-3.9464,-1.7888,7,pump
sigreg,backbone,-4.0181,-0.4661,7,pump
sigreg,backbone,-0.1779,3.2613,7,pump
sigreg,backbone,-5.6299,-1.6451,7,pump
sigreg,backbone,-7.9399,-1.3620,7,pump
sigreg,backbone,-7.4515,2.1293,7,pump
sigreg,backbone,-7.8430,-3.6195,7,pump
sigreg,backbone,-7.2723,0.0034,7,pump
sigreg,backbone,-6.1230,0.4910,7,pump
sigreg,backbone,-6.5018,1.5181,7,pump
sigreg,backbone,-4.4884,2.2105,7,pump
sigreg,backbone,-4.1580,3.6000,7,pump
sigreg,backbone,-8.1616,-2.6039,7,pump
sigreg,backbone,4.2999,1.1832,7,pump
sigreg,backbone,-6.7185,-3.4683,7,pump
sigreg,backbone,-7.0178,-0.3934,7,pump
sigreg,backbone,-4.9527,0.4488,7,pump
sigreg,backbone,-0.8663,-1.7479,7,pump
sigreg,backbone,-5.9538,1.0424,7,pump
sigreg,backbone,-6.3535,-0.3964,7,pump
sigreg,backbone,-7.0932,-1.7993,7,pump
sigreg,backbone,-3.0348,0.0001,7,pump
sigreg,backbone,-5.6644,-4.5349,7,pump
sigreg,backbone,-1.1886,3.3627,7,pump
sigreg,backbone,-4.9279,-4.7813,7,pump
sigreg,backbone,-5.7848,-0.8523,7,pump
sigreg,backbone,-5.6955,2.5373,7,pump
sigreg,backbone,6.0639,-1.0936,7,pump
sigreg,backbone,-7.3577,-1.5154,7,pump
sigreg,backbone,-3.4197,-0.8237,7,pump
sigreg,backbone,-5.8038,-1.0525,7,pump
sigreg,backbone,-5.0611,-4.6695,7,pump
sigreg,backbone,-5.7084,0.4466,7,pump
sigreg,backbone,-8.0134,-1.4107,7,pump
sigreg,backbone,-5.3363,0.7865,7,pump
sigreg,backbone,-6.5602,-1.3486,7,pump
sigreg,backbone,-6.3395,-3.8624,7,pump
sigreg,backbone,-7.7058,-1.9149,7,pump
sigreg,backbone,-8.5916,0.8507,7,pump
sigreg,backbone,-8.3127,-0.5533,7,pump
sigreg,backbone,-8.0927,-1.9996,7,pump
sigreg,backbone,4.5453,-1.0641,7,pump
sigreg,backbone,-5.0740,-3.5865,7,pump
sigreg,backbone,-5.5109,0.0954,7,pump
sigreg,backbone,-3.8242,-1.2919,7,pump
sigreg,backbone,-8.2483,-0.6072,7,pump
sigreg,backbone,-7.7678,2.1420,7,pump
sigreg,backbone,-0.8846,0.0258,7,pump
sigreg,backbone,-7.4460,-3.0600,7,pump
sigreg,backbone,-5.9408,1.0263,7,pump
sigreg,backbone,-8.5764,-2.2795,7,pump
sigreg,backbone,1.5346,-0.1675,7,pump
sigreg,backbone,-5.3480,-1.0878,7,pump
sigreg,backbone,-4.3820,1.5376,7,pump
sigreg,backbone,-6.3998,-3.7213,7,pump
sigreg,backbone,-3.1001,-0.6041,7,pump
sigreg,backbone,-6.8811,3.3227,7,pump
sigreg,backbone,-8.0055,0.1150,7,pump
sigreg,backbone,1.3030,3.8457,7,pump
sigreg,backbone,-5.9350,-0.4337,7,pump
sigreg,backbone,-7.0779,-2.6994,7,pump
sigreg,backbone,-5.7409,-0.1996,7,pump
sigreg,backbone,-1.9742,4.3503,7,pump
sigreg,backbone,-5.6061,-6.7667,7,pump
sigreg,backbone,-0.0559,-4.1085,7,pump
sigreg,backbone,-4.1213,-1.2423,7,pump
sigreg,backbone,-4.4534,-2.0989,7,pump
sigreg,backbone,-2.4409,1.2143,7,pump
sigreg,backbone,-4.1210,0.4469,7,pump
sigreg,backbone,-6.6929,-1.1949,7,pump
sigreg,backbone,-3.7293,3.1334,7,pump
sigreg,backbone,-7.4578,-3.8687,7,pump
sigreg,backbone,-7.4733,0.5489,7,pump
sigreg,backbone,-1.0330,-0.2497,7,pump
sigreg,backbone,-3.6571,1.8448,7,pump
sigreg,backbone,3.8456,-1.1957,7,pump
sigreg,backbone,-7.8490,-1.9375,7,pump
sigreg,backbone,-4.5228,1.2195,7,pump
sigreg,backbone,-7.2310,-4.0185,7,pump
sigreg,backbone,-4.3878,0.8234,7,pump
sigreg,backbone,-3.8686,1.5539,7,pump
sigreg,backbone,0.1245,3.5214,7,pump
sigreg,backbone,-4.2620,2.2539,7,pump
sigreg,backbone,-0.4242,0.4339,7,pump
sigreg,backbone,4.5034,2.1662,7,pump
sigreg,backbone,-3.5794,3.2329,7,pump
sigreg,backbone,1.1812,0.9397,7,pump
sigreg,backbone,-3.9355,2.3995,7,pump
sigreg,backbone,-7.7772,-1.7276,7,pump
sigreg,backbone,-7.3739,1.2193,7,pump
sigreg,backbone,-5.5466,-3.3931,7,pump
sigreg,backbone,-6.2760,1.7037,7,pump
sigreg,backbone,-6.7854,0.2056,7,pump
sigreg,backbone,-5.5803,-1.5200,7,pump
sigreg,backbone,-8.4600,-0.8002,7,pump
sigreg,backbone,-6.7528,0.0302,7,pump
sigreg,backbone,4.1056,-3.2387,7,pump
sigreg,backbone,-1.8098,1.5236,7,pump
sigreg,backbone,-5.6127,0.3145,7,pump
sigreg,backbone,-3.5703,-0.8372,7,pump
sigreg,backbone,-5.5071,-1.3528,7,pump
sigreg,backbone,-0.0215,5.3042,7,pump
sigreg,backbone,-7.0788,-3.4697,7,pump
sigreg,backbone,-0.3674,3.5885,7,pump
sigreg,backbone,-7.9203,-2.5483,7,pump
sigreg,backbone,-3.9372,4.4682,7,pump
sigreg,backbone,3.7736,0.9428,7,pump
sigreg,backbone,-4.0799,0.6683,7,pump
sigreg,backbone,-6.6112,1.0376,7,pump
sigreg,backbone,-3.4705,0.1203,7,pump
sigreg,backbone,-3.2339,0.8930,7,pump
sigreg,backbone,-5.6928,-3.4391,7,pump
sigreg,backbone,-7.2223,1.3296,7,pump
sigreg,backbone,-6.3242,1.0757,7,pump
sigreg,backbone,-6.3056,4.7959,7,pump
sigreg,backbone,-5.1179,-1.4433,7,pump
sigreg,backbone,-5.3837,-2.4169,7,pump
sigreg,backbone,-6.1884,2.9920,7,pump
sigreg,backbone,-7.7073,0.9332,7,pump
sigreg,backbone,-7.2894,1.2702,7,pump
sigreg,backbone,-6.1749,-1.8902,7,pump
sigreg,backbone,-6.5016,1.2386,7,pump
sigreg,backbone,-4.1769,-0.4097,7,pump
sigreg,backbone,-5.6013,3.5646,7,pump
sigreg,backbone,-5.7483,-2.6831,7,pump
sigreg,backbone,-7.5770,-0.9467,7,pump
sigreg,backbone,-5.7258,4.7032,7,pump
sigreg,backbone,-0.6567,-2.2287,7,pump
sigreg,backbone,-6.5987,-2.9963,7,pump
sigreg,backbone,-3.3804,1.7886,7,pump
sigreg,backbone,-7.4347,-4.2954,7,pump
sigreg,backbone,-5.8907,4.0026,7,pump
sigreg,backbone,-5.0321,-1.2694,7,pump
sigreg,backbone,-6.8807,3.1899,7,pump
sigreg,backbone,-4.7297,0.6289,7,pump
sigreg,backbone,-8.5725,-2.0830,7,pump
sigreg,backbone,-4.5025,-1.6242,7,pump
sigreg,backbone,-7.2456,-3.7560,7,pump
sigreg,backbone,-1.1363,4.3348,7,pump
sigreg,backbone,-5.6726,-3.1750,7,pump
sigreg,backbone,-1.8265,4.9183,7,pump
sigreg,backbone,-6.1844,-2.2881,7,pump
sigreg,backbone,-4.2589,3.2704,7,pump
sigreg,backbone,-7.7380,-1.8002,7,pump
sigreg,backbone,-6.1354,1.9881,7,pump
sigreg,backbone,-5.7060,-0.1916,7,pump
sigreg,backbone,-4.3125,-2.9498,7,pump
sigreg,backbone,-4.8970,1.2262,7,pump
sigreg,backbone,-2.3889,3.3510,7,pump
sigreg,backbone,-6.7986,-0.9835,7,pump
sigreg,backbone,-6.1742,2.7690,7,pump
sigreg,backbone,-4.8704,-1.9415,7,pump
sigreg,backbone,-7.4566,-1.4687,7,pump
sigreg,backbone,-6.9188,-1.1749,7,pump
sigreg,backbone,-4.9368,-0.6443,7,pump
sigreg,backbone,-3.9023,2.9889,7,pump
sigreg,backbone,2.7534,1.4206,7,pump
sigreg,backbone,-5.0391,-0.6506,7,pump
sigreg,backbone,-5.2884,-2.2937,7,pump
sigreg,backbone,-6.9285,0.7373,7,pump
sigreg,backbone,2.8622,-0.1019,7,pump
sigreg,backbone,-7.2965,-0.7987,7,pump
sigreg,backbone,-6.4623,1.7057,7,pump
sigreg,backbone,-5.6641,-6.0384,7,pump
sigreg,backbone,-5.5623,0.7986,7,pump
sigreg,backbone,-3.8186,3.4898,7,pump
sigreg,backbone,-7.6303,-1.2733,7,pump
sigreg,backbone,-7.4228,-2.8996,7,pump
sigreg,backbone,-4.3705,4.7157,7,pump
sigreg,backbone,-4.5922,2.5669,7,pump
sigreg,backbone,2.0721,3.6369,7,pump
sigreg,backbone,0.6531,0.1267,7,pump
sigreg,backbone,-5.5573,-0.9800,7,pump
sigreg,backbone,-4.6037,-0.1775,7,pump
sigreg,backbone,-3.5162,-2.1125,7,pump
sigreg,backbone,-5.4451,1.5124,7,pump
sigreg,backbone,-5.2094,0.4422,7,pump
sigreg,backbone,2.0273,-1.0358,7,pump
sigreg,backbone,-4.9523,-1.3092,7,pump
sigreg,backbone,-5.7605,-5.5687,7,pump
sigreg,backbone,-4.9236,-5.8900,7,pump
sigreg,backbone,-6.5996,1.0835,7,pump
sigreg,backbone,-5.8106,-6.9225,7,pump
sigreg,backbone,-5.2350,-0.8854,7,pump
sigreg,backbone,-4.9835,4.8260,7,pump
sigreg,backbone,-6.2956,1.5175,7,pump
sigreg,backbone,-4.8139,3.9693,7,pump
sigreg,backbone,-3.4263,2.0308,7,pump
sigreg,backbone,-4.6920,0.2805,7,pump
sigreg,backbone,-5.7419,-1.8161,7,pump
sigreg,backbone,-5.3558,1.3126,7,pump
sigreg,backbone,-6.8833,-2.2237,7,pump
sigreg,backbone,-2.8850,3.7727,7,pump
sigreg,backbone,-5.8895,-1.0744,7,pump
sigreg,backbone,-3.9733,-5.1233,7,pump
sigreg,backbone,-4.3205,-7.0498,7,pump
sigreg,backbone,-2.4353,2.2415,7,pump
sigreg,backbone,-3.2826,1.5085,7,pump
sigreg,backbone,2.5716,0.5776,7,pump
sigreg,backbone,-6.5910,-4.9852,7,pump
sigreg,backbone,-7.7789,-1.1473,7,pump
sigreg,backbone,-6.3035,-4.0084,7,pump
sigreg,backbone,-6.7943,-3.7398,7,pump
sigreg,backbone,-5.3113,0.5447,7,pump
sigreg,backbone,-5.6471,-1.0043,7,pump
sigreg,backbone,-3.2314,2.6832,7,pump
sigreg,backbone,-2.8099,2.2418,7,pump
sigreg,backbone,-5.0707,-1.9141,7,pump
sigreg,backbone,1.1403,5.9912,7,pump
sigreg,backbone,-2.0806,3.2444,7,pump
sigreg,backbone,-1.0515,3.4688,7,pump
sigreg,backbone,-2.5915,2.7542,7,pump
sigreg,backbone,-5.4592,1.3547,7,pump
sigreg,backbone,-4.7096,4.5434,7,pump
sigreg,backbone,-8.1869,0.4748,7,pump
sigreg,backbone,-7.9270,-0.9631,7,pump
sigreg,backbone,-4.1551,2.0029,7,pump
sigreg,backbone,-3.7529,2.7448,7,pump
sigreg,backbone,-5.2223,3.2706,7,pump
sigreg,backbone,-0.3868,3.9745,7,pump
sigreg,backbone,-6.4271,-0.8735,7,pump
sigreg,backbone,-2.9018,-6.4225,7,pump
sigreg,backbone,-5.7383,2.9313,7,pump
sigreg,backbone,-7.6694,-3.2492,7,pump
sigreg,backbone,-1.6087,-0.7213,7,pump
sigreg,backbone,-7.8879,-4.6988,7,pump
sigreg,backbone,-5.0229,-5.2529,7,pump
sigreg,backbone,-7.6909,-3.1700,7,pump
sigreg,backbone,-5.8192,1.4311,7,pump
sigreg,backbone,-4.0240,1.1064,7,pump
sigreg,backbone,-6.4244,0.6351,7,pump
sigreg,backbone,-5.5520,-0.4200,7,pump
sigreg,backbone,-1.1004,3.0491,7,pump
sigreg,backbone,0.8058,-1.2364,7,pump
sigreg,backbone,-5.2643,5.5158,7,pump
sigreg,backbone,1.0275,0.0841,7,pump
sigreg,backbone,-1.1905,-4.6658,7,pump
sigreg,backbone,-2.4873,3.5534,7,pump
sigreg,backbone,-0.2572,3.1117,7,pump
sigreg,backbone,1.6143,-0.7139,7,pump
sigreg,backbone,-6.9215,1.5552,7,pump
sigreg,backbone,-4.5540,-2.0281,7,pump
sigreg,backbone,-7.3841,-3.8391,7,pump
sigreg,backbone,-7.8913,0.2299,7,pump
sigreg,backbone,-4.5613,-4.6805,7,pump
sigreg,backbone,-5.7145,1.4827,7,pump
sigreg,backbone,4.8632,-0.2391,7,pump
sigreg,backbone,-4.0566,2.7736,7,pump
sigreg,backbone,-7.1114,0.9502,7,pump
sigreg,backbone,-5.3490,-1.3010,7,pump
sigreg,backbone,-3.7921,-1.2767,7,pump
sigreg,backbone,-6.6697,-0.7115,7,pump
sigreg,backbone,-2.7035,-0.2182,7,pump
sigreg,backbone,-7.5843,-0.6994,7,pump
sigreg,backbone,1.4182,-5.2706,8,golf
sigreg,backbone,4.3332,-1.7635,8,golf
sigreg,backbone,2.8068,-5.1193,8,golf
sigreg,backbone,3.3487,-5.4483,8,golf
sigreg,backbone,0.6589,-1.1010,8,golf
sigreg,backbone,1.0209,4.4547,8,golf
sigreg,backbone,1.0059,-1.4918,8,golf
sigreg,backbone,0.4576,-4.5155,8,golf
sigreg,backbone,0.8387,-6.3598,8,golf
sigreg,backbone,2.4579,-2.7875,8,golf
sigreg,backbone,-0.2160,-3.3500,8,golf
sigreg,backbone,2.9715,-2.6135,8,golf
sigreg,backbone,1.4296,-3.6932,8,golf
sigreg,backbone,2.9355,-6.5412,8,golf
sigreg,backbone,2.2497,-4.1808,8,golf
sigreg,backbone,0.6742,-0.5064,8,golf
sigreg,backbone,4.0331,-3.4863,8,golf
sigreg,backbone,1.4584,-0.1403,8,golf
sigreg,backbone,2.7890,3.2816,8,golf
sigreg,backbone,1.7385,-6.2298,8,golf
sigreg,backbone,3.0002,-4.6896,8,golf
sigreg,backbone,2.3691,-2.5858,8,golf
sigreg,backbone,1.5737,-7.6459,8,golf
sigreg,backbone,2.1036,-0.3662,8,golf
sigreg,backbone,3.3835,-2.9572,8,golf
sigreg,backbone,2.9048,2.1773,8,golf
sigreg,backbone,4.0315,1.4414,8,golf
sigreg,backbone,2.3188,-0.0748,8,golf
sigreg,backbone,2.9293,-3.6559,8,golf
sigreg,backbone,2.4801,-1.8017,8,golf
sigreg,backbone,1.6708,1.8426,8,golf
sigreg,backbone,4.6518,2.3381,8,golf
sigreg,backbone,0.9603,-0.2911,8,golf
sigreg,backbone,0.6470,-1.3224,8,golf
sigreg,backbone,-0.3898,-1.5473,8,golf
sigreg,backbone,0.9198,-3.4257,8,golf
sigreg,backbone,3.0698,-2.6847,8,golf
sigreg,backbone,1.8852,-2.6306,8,golf
sigreg,backbone,3.3064,-4.1757,8,golf
sigreg,backbone,1.1828,-3.3121,8,golf
sigreg,backbone,1.4750,-7.2892,8,golf
sigreg,backbone,3.6982,-4.7892,8,golf
sigreg,backbone,4.6834,1.8422,8,golf
sigreg,backbone,2.5586,-4.7982,8,golf
sigreg,backbone,0.9927,-5.9180,8,golf
sigreg,backbone,1.2667,-2.0668,8,golf
sigreg,backbone,3.4357,-5.0242,8,golf
sigreg,backbone,0.5734,-3.3650,8,golf
sigreg,backbone,2.0831,-5.3406,8,golf
sigreg,backbone,-0.9306,0.2283,8,golf
sigreg,backbone,1.8239,-1.1268,8,golf
sigreg,backbone,3.8586,0.6625,8,golf
sigreg,backbone,3.7529,-1.2417,8,golf
sigreg,backbone,0.7842,-4.0108,8,golf
sigreg,backbone,0.1711,-4.8897,8,golf
sigreg,backbone,4.8568,-2.0867,8,golf
sigreg,backbone,3.3321,0.8975,8,golf
sigreg,backbone,2.1883,-4.2655,8,golf
sigreg,backbone,3.0652,-4.4329,8,golf
sigreg,backbone,1.9996,-4.0974,8,golf
sigreg,backbone,4.0120,-3.4932,8,golf
sigreg,backbone,0.1261,0.2983,8,golf
sigreg,backbone,3.7427,0.7179,8,golf
sigreg,backbone,-1.5301,-4.6346,8,golf
sigreg,backbone,-1.4594,-4.7538,8,golf
sigreg,backbone,3.0546,-0.7549,8,golf
sigreg,backbone,3.0952,-3.2854,8,golf
sigreg,backbone,1.1867,-4.7146,8,golf
sigreg,backbone,4.3040,-3.0645,8,golf
sigreg,backbone,1.3379,-1.3493,8,golf
sigreg,backbone,4.0107,-2.0610,8,golf
sigreg,backbone,5.2196,-0.6708,8,golf
sigreg,backbone,2.7219,-4.1319,8,golf
sigreg,backbone,3.7983,-0.6375,8,golf
sigreg,backbone,2.1975,-1.4400,8,golf
sigreg,backbone,0.2307,-5.0534,8,golf
sigreg,backbone,2.6486,-3.3363,8,golf
sigreg,backbone,-3.4755,-4.3136,8,golf
sigreg,backbone,0.4730,-3.0290,8,golf
sigreg,backbone,4.4814,-1.5168,8,golf
sigreg,backbone,1.7181,-2.6797,8,golf
sigreg,backbone,2.2105,-2.4194,8,golf
sigreg,backbone,-0.4140,-4.1282,8,golf
sigreg,backbone,2.8281,-0.3497,8,golf
sigreg,backbone,1.8069,-2.9132,8,golf
sigreg,backbone,1.5884,-5.3351,8,golf
sigreg,backbone,1.3332,-6.2622,8,golf
sigreg,backbone,1.1541,-5.1224,8,golf
sigreg,backbone,-4.0924,-0.8289,8,golf
sigreg,backbone,3.9595,-3.3864,8,golf
sigreg,backbone,-3.1711,-3.3070,8,golf
sigreg,backbone,3.3521,0.0820,8,golf
sigreg,backbone,3.4400,-1.2758,8,golf
sigreg,backbone,4.3750,-5.3099,8,golf
sigreg,backbone,3.7159,-3.3817,8,golf
sigreg,backbone,1.9941,-3.1962,8,golf
sigreg,backbone,1.5117,-2.1023,8,golf
sigreg,backbone,3.4741,-4.6372,8,golf
sigreg,backbone,5.9926,2.4974,8,golf
sigreg,backbone,1.9896,1.1244,8,golf
sigreg,backbone,0.9620,1.8245,8,golf
sigreg,backbone,1.0625,-3.1817,8,golf
sigreg,backbone,3.2543,-6.3742,8,golf
sigreg,backbone,0.8195,1.1741,8,golf
sigreg,backbone,2.6687,2.7412,8,golf
sigreg,backbone,4.5143,-0.1261,8,golf
sigreg,backbone,3.8414,-0.3927,8,golf
sigreg,backbone,2.7727,-3.9639,8,golf
sigreg,backbone,1.5733,-0.8772,8,golf
sigreg,backbone,2.2246,-3.1531,8,golf
sigreg,backbone,-0.8738,0.4005,8,golf
sigreg,backbone,3.5008,0.2949,8,golf
sigreg,backbone,0.6656,-2.4241,8,golf
sigreg,backbone,3.3975,-2.4706,8,golf
sigreg,backbone,2.0100,-1.3105,8,golf
sigreg,backbone,0.7950,-3.9302,8,golf
sigreg,backbone,1.7553,0.0360,8,golf
sigreg,backbone,2.6981,-4.8888,8,golf
sigreg,backbone,4.0449,0.1549,8,golf
sigreg,backbone,2.8659,-5.0074,8,golf
sigreg,backbone,2.1853,-5.0857,8,golf
sigreg,backbone,4.2280,-2.5069,8,golf
sigreg,backbone,-0.1804,-7.7052,8,golf
sigreg,backbone,1.4067,-2.0184,8,golf
sigreg,backbone,4.1309,-2.2631,8,golf
sigreg,backbone,1.5945,-4.6102,8,golf
sigreg,backbone,1.5045,-6.4785,8,golf
sigreg,backbone,2.9085,0.2420,8,golf
sigreg,backbone,3.1734,-5.6954,8,golf
sigreg,backbone,3.1519,1.0408,8,golf
sigreg,backbone,4.2083,-1.6256,8,golf
sigreg,backbone,1.0597,-4.9375,8,golf
sigreg,backbone,0.8885,-4.6856,8,golf
sigreg,backbone,4.3425,-1.7872,8,golf
sigreg,backbone,1.2322,-1.7278,8,golf
sigreg,backbone,-1.4010,-6.6480,8,golf
sigreg,backbone,-3.1496,-0.2960,8,golf
sigreg,backbone,1.8453,-4.2044,8,golf
sigreg,backbone,0.9348,-4.0324,8,golf
sigreg,backbone,2.9898,-1.5145,8,golf
sigreg,backbone,4.3276,-2.7227,8,golf
sigreg,backbone,3.9503,1.6839,8,golf
sigreg,backbone,3.1248,-4.2471,8,golf
sigreg,backbone,1.8625,-6.5272,8,golf
sigreg,backbone,1.7903,-3.7563,8,golf
sigreg,backbone,1.0122,-8.1536,8,golf
sigreg,backbone,2.1369,-2.8424,8,golf
sigreg,backbone,0.5896,-3.0259,8,golf
sigreg,backbone,1.2772,3.6388,8,golf
sigreg,backbone,1.7489,-6.5530,8,golf
sigreg,backbone,-0.2750,-0.9156,8,golf
sigreg,backbone,4.2579,0.9773,8,golf
sigreg,backbone,0.2831,-5.2288,8,golf
sigreg,backbone,1.5468,-0.7447,8,golf
sigreg,backbone,2.9146,-4.4659,8,golf
sigreg,backbone,2.7320,0.1540,8,golf
sigreg,backbone,1.7275,-3.9110,8,golf
sigreg,backbone,1.2934,-4.8072,8,golf
sigreg,backbone,2.5820,-4.0988,8,golf
sigreg,backbone,1.9466,-0.4924,8,golf
sigreg,backbone,1.0018,-3.7978,8,golf
sigreg,backbone,0.5709,-1.3758,8,golf
sigreg,backbone,3.5695,-4.2819,8,golf
sigreg,backbone,-0.6501,-6.2703,8,golf
sigreg,backbone,1.2634,-6.4233,8,golf
sigreg,backbone,0.9928,-3.6789,8,golf
sigreg,backbone,2.5247,-3.8978,8,golf
sigreg,backbone,1.6884,-2.7177,8,golf
sigreg,backbone,0.5416,-6.8559,8,golf
sigreg,backbone,5.2940,0.8242,8,golf
sigreg,backbone,1.0136,-2.6951,8,golf
sigreg,backbone,0.7505,-2.0973,8,golf
sigreg,backbone,0.8794,-1.3105,8,golf
sigreg,backbone,1.3530,-4.9132,8,golf
sigreg,backbone,6.7165,1.7022,8,golf
sigreg,backbone,-1.4241,-6.6742,8,golf
sigreg,backbone,2.2388,0.9881,8,golf
sigreg,backbone,1.0226,-1.6341,8,golf
sigreg,backbone,2.1474,-5.3191,8,golf
sigreg,backbone,2.2076,-2.0878,8,golf
sigreg,backbone,1.7458,-5.4934,8,golf
sigreg,backbone,0.8353,-2.6925,8,golf
sigreg,backbone,4.2619,-1.0699,8,golf
sigreg,backbone,-2.5258,-2.0876,8,golf
sigreg,backbone,3.9738,-1.7199,8,golf
sigreg,backbone,2.0054,-5.4753,8,golf
sigreg,backbone,-1.1722,-1.4163,8,golf
sigreg,backbone,3.9083,-0.9759,8,golf
sigreg,backbone,1.4855,-1.0880,8,golf
sigreg,backbone,1.7641,-6.3669,8,golf
sigreg,backbone,3.3320,-4.3130,8,golf
sigreg,backbone,3.7191,-4.4624,8,golf
sigreg,backbone,4.3691,-2.6770,8,golf
sigreg,backbone,2.7967,-3.7150,8,golf
sigreg,backbone,3.1041,-5.2195,8,golf
sigreg,backbone,1.0911,-1.7161,8,golf
sigreg,backbone,1.8553,-5.7097,8,golf
sigreg,backbone,4.4419,-1.3125,8,golf
sigreg,backbone,4.5017,-4.9364,8,golf
sigreg,backbone,1.9082,-6.2265,8,golf
sigreg,backbone,4.3621,0.9583,8,golf
sigreg,backbone,2.2363,-2.7481,8,golf
sigreg,backbone,-1.0644,-5.5254,8,golf
sigreg,backbone,-0.0715,-4.5389,8,golf
sigreg,backbone,2.0991,-4.0340,8,golf
sigreg,backbone,4.9760,-2.3426,8,golf
sigreg,backbone,2.0113,-0.4355,8,golf
sigreg,backbone,6.5616,-1.0417,8,golf
sigreg,backbone,3.9614,-4.5988,8,golf
sigreg,backbone,0.5542,-1.8765,8,golf
sigreg,backbone,3.1153,-3.6406,8,golf
sigreg,backbone,4.8981,-1.6606,8,golf
sigreg,backbone,-0.1365,-0.3690,8,golf
sigreg,backbone,2.7050,-4.8490,8,golf
sigreg,backbone,4.6361,-3.5406,8,golf
sigreg,backbone,3.0098,-5.2334,8,golf
sigreg,backbone,5.3939,3.7657,8,golf
sigreg,backbone,0.9929,-0.3778,8,golf
sigreg,backbone,1.6866,-0.8517,8,golf
sigreg,backbone,1.9660,-1.2251,8,golf
sigreg,backbone,2.4118,-3.6379,8,golf
sigreg,backbone,3.4430,-3.5067,8,golf
sigreg,backbone,0.4087,0.6886,8,golf
sigreg,backbone,3.2840,-1.5893,8,golf
sigreg,backbone,2.2326,-7.3775,8,golf
sigreg,backbone,4.3588,-1.2754,8,golf
sigreg,backbone,2.5842,-1.4543,8,golf
sigreg,backbone,4.5659,-4.0485,8,golf
sigreg,backbone,-0.7435,-1.5627,8,golf
sigreg,backbone,6.2161,1.0736,8,golf
sigreg,backbone,0.4732,-3.9859,8,golf
sigreg,backbone,1.7255,-0.9183,8,golf
sigreg,backbone,2.1458,-5.6427,8,golf
sigreg,backbone,3.0595,-2.7888,8,golf
sigreg,backbone,0.5886,-2.3366,8,golf
sigreg,backbone,4.4890,-3.4629,8,golf
sigreg,backbone,0.7791,-4.4746,8,golf
sigreg,backbone,0.8052,0.1770,8,golf
sigreg,backbone,2.6175,-3.7470,8,golf
sigreg,backbone,2.6125,-2.4025,8,golf
sigreg,backbone,2.7912,-1.8707,8,golf
sigreg,backbone,1.7090,-5.1012,8,golf
sigreg,backbone,0.7077,-7.4373,8,golf
sigreg,backbone,1.1738,-4.8369,8,golf
sigreg,backbone,-0.3356,-3.1526,8,golf
sigreg,backbone,3.7249,-1.0394,8,golf
sigreg,backbone,0.7065,-6.3898,8,golf
sigreg,backbone,3.5675,-5.3319,8,golf
sigreg,backbone,1.2860,-0.1583,8,golf
sigreg,backbone,1.5720,-0.8926,8,golf
sigreg,backbone,4.1219,-3.0741,8,golf
sigreg,backbone,3.0501,-3.2419,8,golf
sigreg,backbone,2.8656,-4.1391,8,golf
sigreg,backbone,1.3443,-0.9244,8,golf
sigreg,backbone,1.7563,-2.5502,8,golf
sigreg,backbone,1.0267,-4.8903,8,golf
sigreg,backbone,1.3756,-3.3218,8,golf
sigreg,backbone,2.8940,-2.7754,8,golf
sigreg,backbone,1.8767,-5.9723,8,golf
sigreg,backbone,3.6307,-3.4250,8,golf
sigreg,backbone,2.8797,-2.4058,8,golf
sigreg,backbone,-0.7880,-3.3799,8,golf
sigreg,backbone,3.0124,-5.6691,8,golf
sigreg,backbone,-3.4837,-6.5930,8,golf
sigreg,backbone,2.7948,-6.6912,8,golf
sigreg,backbone,4.8951,-1.7087,8,golf
sigreg,backbone,-0.6585,-5.9043,8,golf
sigreg,backbone,1.7735,-3.5642,8,golf
sigreg,backbone,3.1582,-4.5633,8,golf
sigreg,backbone,0.4868,-2.0534,8,golf
sigreg,backbone,3.4824,1.1359,8,golf
sigreg,backbone,3.8182,-2.7860,8,golf
sigreg,backbone,2.7775,-3.8046,8,golf
sigreg,backbone,1.5066,-3.2926,8,golf
sigreg,backbone,2.8296,-3.8796,8,golf
sigreg,backbone,4.2857,2.1908,8,golf
sigreg,backbone,2.0430,-1.5996,8,golf
sigreg,backbone,1.4790,-2.9861,8,golf
sigreg,backbone,2.1626,-2.1021,8,golf
sigreg,backbone,2.9066,2.8922,8,golf
sigreg,backbone,1.0726,-5.4542,8,golf
sigreg,backbone,2.9761,-6.4516,8,golf
sigreg,backbone,-0.0415,1.8425,8,golf
sigreg,backbone,3.7356,-1.4731,8,golf
sigreg,backbone,2.4540,-6.8722,8,golf
sigreg,backbone,4.1999,-4.5573,8,golf
sigreg,backbone,1.3945,-7.3806,8,golf
sigreg,backbone,1.6963,-3.3117,8,golf
sigreg,backbone,2.5051,-3.5297,8,golf
sigreg,backbone,1.7348,-2.1663,8,golf
sigreg,backbone,4.1298,-2.9012,8,golf
sigreg,backbone,1.8315,-2.0272,8,golf
sigreg,backbone,2.1689,-2.8555,8,golf
sigreg,backbone,1.7563,-2.0844,8,golf
sigreg,backbone,0.9147,-5.4556,8,golf
sigreg,backbone,4.2498,-2.4059,8,golf
sigreg,backbone,4.0360,2.1831,8,golf
sigreg,backbone,1.1742,-3.4274,8,golf
sigreg,backbone,3.3695,-2.1596,8,golf
sigreg,backbone,4.3867,0.9282,8,golf
sigreg,backbone,-0.4413,2.8495,8,golf
sigreg,backbone,2.8331,-2.2122,8,golf
sigreg,backbone,-0.3132,-4.7327,8,golf
sigreg,backbone,2.7599,-5.5355,8,golf
sigreg,backbone,1.3485,-6.5511,8,golf
sigreg,backbone,3.1256,-1.1639,8,golf
sigreg,backbone,4.2943,-2.2746,8,golf
sigreg,backbone,2.3843,-6.2533,8,golf
sigreg,backbone,4.1840,0.0767,8,golf
sigreg,backbone,1.6337,-3.3699,8,golf
sigreg,backbone,2.7147,-1.9062,8,golf
sigreg,backbone,2.0919,-4.0148,8,golf
sigreg,backbone,0.6562,-5.4867,8,golf
sigreg,backbone,2.9746,-2.4630,8,golf
sigreg,backbone,1.2490,-3.0650,8,golf
sigreg,backbone,1.5978,-5.9542,8,golf
sigreg,backbone,4.5820,0.4896,8,golf
sigreg,backbone,-0.9149,-4.8532,8,golf
sigreg,backbone,2.8130,-1.6662,8,golf
sigreg,backbone,0.5876,0.4085,8,golf
sigreg,backbone,4.3537,-0.0359,8,golf
sigreg,backbone,-2.4508,-2.5290,8,golf
sigreg,backbone,3.2095,-3.9659,8,golf
sigreg,backbone,0.0033,-6.8219,8,golf
sigreg,backbone,5.8133,1.6908,8,golf
sigreg,backbone,0.6696,-3.2630,8,golf
sigreg,backbone,3.5462,-4.3570,8,golf
sigreg,backbone,0.3557,-3.8692,8,golf
sigreg,backbone,4.4266,-0.9066,8,golf
sigreg,backbone,1.8393,-3.2551,8,golf
sigreg,backbone,1.6919,-3.1344,8,golf
sigreg,backbone,2.4670,-5.2878,8,golf
sigreg,backbone,1.1648,-2.2681,8,golf
sigreg,backbone,3.7558,-3.7707,8,golf
sigreg,backbone,1.2606,-5.5417,8,golf
sigreg,backbone,-1.7863,-7.5593,8,golf
sigreg,backbone,4.1327,-3.3061,8,golf
sigreg,backbone,1.6142,-5.1152,8,golf
sigreg,backbone,-0.1324,-4.0447,8,golf
sigreg,backbone,3.5428,0.5948,8,golf
sigreg,backbone,0.6629,-2.2099,8,golf
sigreg,backbone,3.8956,-1.7559,8,golf
sigreg,backbone,2.6727,-3.2418,8,golf
sigreg,backbone,1.9209,-3.1196,8,golf
sigreg,backbone,0.8156,-4.0062,8,golf
sigreg,backbone,4.1965,-3.9704,8,golf
sigreg,backbone,5.7578,2.6878,8,golf
sigreg,backbone,4.6062,0.7917,8,golf
sigreg,backbone,3.5879,-2.0818,8,golf
sigreg,backbone,2.9747,-0.8198,8,golf
sigreg,backbone,0.2835,-4.3164,8,golf
sigreg,backbone,2.2041,5.0599,8,golf
sigreg,backbone,2.3223,0.3479,8,golf
sigreg,backbone,1.2009,0.6166,8,golf
sigreg,backbone,2.5189,-4.7821,8,golf
sigreg,backbone,0.4592,-7.4231,8,golf
sigreg,backbone,2.3026,-3.1713,8,golf
sigreg,backbone,2.9397,-1.1492,8,golf
sigreg,backbone,1.4829,-1.9541,8,golf
sigreg,backbone,4.0681,-1.1070,8,golf
sigreg,backbone,4.7073,3.0808,8,golf
sigreg,backbone,1.5336,-1.1119,8,golf
sigreg,backbone,2.1129,-6.0498,8,golf
sigreg,backbone,3.1538,-4.5546,8,golf
sigreg,backbone,1.2400,-1.9215,8,golf
sigreg,backbone,-3.4930,-2.4605,8,golf
sigreg,backbone,0.5185,-1.2379,8,golf
sigreg,backbone,1.5033,0.1097,8,golf
sigreg,backbone,1.1141,-2.5718,8,golf
sigreg,backbone,2.1571,-5.2515,8,golf
sigreg,backbone,3.2911,-8.2955,8,golf
sigreg,backbone,2.5421,0.8018,8,golf
sigreg,backbone,2.1445,-2.9554,8,golf
sigreg,backbone,2.9413,-5.0043,8,golf
sigreg,backbone,3.6870,0.6080,8,golf
sigreg,backbone,1.1727,0.4565,8,golf
sigreg,backbone,2.5249,-2.6629,8,golf
sigreg,backbone,3.2495,-0.3400,8,golf
sigreg,backbone,0.4481,-5.1867,8,golf
sigreg,backbone,1.0359,-4.1849,8,golf
sigreg,backbone,2.2524,-2.1682,8,golf
sigreg,backbone,3.6979,-0.0454,8,golf
sigreg,backbone,3.6747,-4.6559,8,golf
sigreg,backbone,2.1062,-3.2075,8,golf
sigreg,backbone,0.4488,-3.1834,8,golf
sigreg,backbone,5.1540,2.7182,8,golf
sigreg,backbone,2.0612,-1.7971,8,golf
sigreg,backbone,4.9330,-1.3640,8,golf
sigreg,backbone,1.6613,-0.4884,8,golf
sigreg,backbone,1.8985,-4.3224,8,golf
sigreg,backbone,2.3379,-1.9695,8,golf
sigreg,backbone,3.0352,-3.0025,8,golf
sigreg,backbone,1.1017,-6.5487,8,golf
sigreg,backbone,1.6915,-5.1402,8,golf
sigreg,backbone,1.6353,-1.8009,8,golf
sigreg,backbone,-1.7281,-0.1150,8,golf
sigreg,backbone,3.2277,-1.0488,8,golf
sigreg,backbone,1.2132,-6.3849,8,golf
sigreg,backbone,0.6582,-4.6368,8,golf
sigreg,backbone,1.3274,-5.8526,9,chute
sigreg,backbone,0.6922,-0.8264,9,chute
sigreg,backbone,2.5328,-3.5136,9,chute
sigreg,backbone,1.1997,-4.5214,9,chute
sigreg,backbone,3.4301,-3.6543,9,chute
sigreg,backbone,1.8000,-4.6877,9,chute
sigreg,backbone,2.0060,-4.3481,9,chute
sigreg,backbone,2.6497,-3.0201,9,chute
sigreg,backbone,1.7780,-3.5243,9,chute
sigreg,backbone,0.3521,-4.2484,9,chute
sigreg,backbone,2.1394,-4.6199,9,chute
sigreg,backbone,1.2682,-1.0098,9,chute
sigreg,backbone,-0.6300,-5.5911,9,chute
sigreg,backbone,1.4204,-5.1620,9,chute
sigreg,backbone,-0.0916,-2.9492,9,chute
sigreg,backbone,0.6921,-5.9718,9,chute
sigreg,backbone,1.8361,-4.8679,9,chute
sigreg,backbone,1.7437,-4.0533,9,chute
sigreg,backbone,0.1173,-0.3789,9,chute
sigreg,backbone,0.7933,-6.6114,9,chute
sigreg,backbone,4.4964,-0.6198,9,chute
sigreg,backbone,0.7831,-3.5218,9,chute
sigreg,backbone,3.7861,-3.3715,9,chute
sigreg,backbone,-0.9980,-3.1860,9,chute
sigreg,backbone,0.2038,-2.9133,9,chute
sigreg,backbone,2.0189,0.6219,9,chute
sigreg,backbone,0.3776,-4.5990,9,chute
sigreg,backbone,1.9099,-4.6052,9,chute
sigreg,backbone,0.3469,-1.3143,9,chute
sigreg,backbone,0.7652,-5.8921,9,chute
sigreg,backbone,2.1240,-7.2845,9,chute
sigreg,backbone,1.4601,0.9793,9,chute
sigreg,backbone,-3.2423,-1.1930,9,chute
sigreg,backbone,1.9393,-1.8160,9,chute
sigreg,backbone,2.4659,-5.9702,9,chute
sigreg,backbone,2.1307,0.1816,9,chute
sigreg,backbone,2.2753,-3.0545,9,chute
sigreg,backbone,1.0950,-2.0859,9,chute
sigreg,backbone,1.5239,-1.3684,9,chute
sigreg,backbone,1.3653,-4.1462,9,chute
sigreg,backbone,3.3232,0.6121,9,chute
sigreg,backbone,0.3742,-4.2240,9,chute
sigreg,backbone,3.3523,4.4995,9,chute
sigreg,backbone,1.9514,-3.0643,9,chute
sigreg,backbone,1.1394,-1.8609,9,chute
sigreg,backbone,1.0274,-6.1507,9,chute
sigreg,backbone,1.6626,0.9097,9,chute
sigreg,backbone,-0.4197,-4.7624,9,chute
sigreg,backbone,2.1264,-6.6914,9,chute
sigreg,backbone,1.1982,-4.0355,9,chute
sigreg,backbone,1.7987,-5.5709,9,chute
sigreg,backbone,0.7334,3.8509,9,chute
sigreg,backbone,1.7962,-5.5233,9,chute
sigreg,backbone,4.0584,2.1857,9,chute
sigreg,backbone,1.0871,-4.9413,9,chute
sigreg,backbone,-0.4580,1.3994,9,chute
sigreg,backbone,-0.6502,-0.9959,9,chute
sigreg,backbone,2.2529,-5.2158,9,chute
sigreg,backbone,2.2076,-4.5426,9,chute
sigreg,backbone,2.6362,1.3854,9,chute
sigreg,backbone,0.7621,-4.3105,9,chute
sigreg,backbone,2.1679,-3.7286,9,chute
sigreg,backbone,1.9581,-2.4068,9,chute
sigreg,backbone,2.3342,-5.1721,9,chute
sigreg,backbone,1.5264,-0.2653,9,chute
sigreg,backbone,1.5170,-1.4154,9,chute
sigreg,backbone,-0.5124,-6.2117,9,chute
sigreg,backbone,-0.8129,-0.2164,9,chute
sigreg,backbone,1.0567,-0.2159,9,chute
sigreg,backbone,0.7669,-4.1141,9,chute
sigreg,backbone,3.0984,-5.4589,9,chute
sigreg,backbone,2.5451,-2.3335,9,chute
sigreg,backbone,0.6344,-4.7982,9,chute
sigreg,backbone,1.9468,-5.6363,9,chute
sigreg,backbone,2.8151,-6.1264,9,chute
sigreg,backbone,2.1148,-0.9196,9,chute
sigreg,backbone,2.8573,-4.7850,9,chute
sigreg,backbone,1.3341,-5.8880,9,chute
sigreg,backbone,2.1596,-5.1348,9,chute
sigreg,backbone,1.8564,0.6457,9,chute
sigreg,backbone,1.2198,-5.2287,9,chute
sigreg,backbone,2.6382,-5.1957,9,chute
sigreg,backbone,0.9786,-5.6610,9,chute
sigreg,backbone,0.6992,-4.1404,9,chute
sigreg,backbone,2.6731,-6.1974,9,chute
sigreg,backbone,2.1667,-6.2471,9,chute
sigreg,backbone,0.9403,-1.8403,9,chute
sigreg,backbone,2.5448,-4.3596,9,chute
sigreg,backbone,2.8109,-2.9911,9,chute
sigreg,backbone,2.0620,-3.1403,9,chute
sigreg,backbone,3.3765,-2.2793,9,chute
sigreg,backbone,-0.1132,-2.5361,9,chute
sigreg,backbone,0.1142,-5.9627,9,chute
sigreg,backbone,-1.0537,-2.0777,9,chute
sigreg,backbone,-0.7441,-4.7282,9,chute
sigreg,backbone,1.6322,-4.2749,9,chute
sigreg,backbone,1.2646,-0.4214,9,chute
sigreg,backbone,2.4154,-4.8610,9,chute
sigreg,backbone,1.5204,-3.5031,9,chute
sigreg,backbone,2.7019,-5.8167,9,chute
sigreg,backbone,2.2566,2.8163,9,chute
sigreg,backbone,0.3796,-2.7282,9,chute
sigreg,backbone,-0.4536,-4.6398,9,chute
sigreg,backbone,1.3331,-5.1133,9,chute
sigreg,backbone,-1.4836,-0.0226,9,chute
sigreg,backbone,-0.3557,-0.8134,9,chute
sigreg,backbone,2.7082,2.1024,9,chute
sigreg,backbone,2.6582,-6.2970,9,chute
sigreg,backbone,-0.9209,-6.0400,9,chute
sigreg,backbone,1.3233,-2.3133,9,chute
sigreg,backbone,2.9422,-7.1022,9,chute
sigreg,backbone,-0.0754,-5.0862,9,chute
sigreg,backbone,-2.7814,-5.5027,9,chute
sigreg,backbone,4.2168,2.2337,9,chute
sigreg,backbone,1.9795,-0.5819,9,chute
sigreg,backbone,1.8021,-4.9189,9,chute
sigreg,backbone,1.8895,-7.4133,9,chute
sigreg,backbone,2.2633,-5.7099,9,chute
sigreg,backbone,0.5054,-3.4551,9,chute
sigreg,backbone,-1.7991,0.5350,9,chute
sigreg,backbone,-0.3888,-6.1554,9,chute
sigreg,backbone,0.0562,-2.0695,9,chute
sigreg,backbone,1.5761,-4.8196,9,chute
sigreg,backbone,1.1222,-3.8022,9,chute
sigreg,backbone,0.0325,-7.1224,9,chute
sigreg,backbone,1.0719,-6.6876,9,chute
sigreg,backbone,1.3086,-6.0616,9,chute
sigreg,backbone,2.2539,-4.4050,9,chute
sigreg,backbone,1.0161,0.0333,9,chute
sigreg,backbone,1.6810,-6.4099,9,chute
sigreg,backbone,-1.2905,-4.8112,9,chute
sigreg,backbone,-0.3773,-2.3135,9,chute
sigreg,backbone,1.5685,-5.6221,9,chute
sigreg,backbone,2.6241,-5.1684,9,chute
sigreg,backbone,2.4394,-4.8677,9,chute
sigreg,backbone,0.3275,-5.4304,9,chute
sigreg,backbone,2.8204,-4.7742,9,chute
sigreg,backbone,1.8089,-3.0948,9,chute
sigreg,backbone,1.9867,-5.3094,9,chute
sigreg,backbone,-1.3094,-3.6091,9,chute
sigreg,backbone,1.5836,5.2878,9,chute
sigreg,backbone,1.7848,3.4890,9,chute
sigreg,backbone,-0.8272,-4.0203,9,chute
sigreg,backbone,1.2194,-5.0335,9,chute
sigreg,backbone,-0.2291,-2.3858,9,chute
sigreg,backbone,3.6931,-4.0748,9,chute
sigreg,backbone,0.0263,-5.3572,9,chute
sigreg,backbone,-2.1216,-2.7098,9,chute
sigreg,backbone,1.9308,-5.8785,9,chute
sigreg,backbone,1.3395,-3.5814,9,chute
sigreg,backbone,-0.8198,-3.5413,9,chute
sigreg,backbone,0.9971,-4.8620,9,chute
sigreg,backbone,1.0696,-0.8536,9,chute
sigreg,backbone,2.2419,-4.1279,9,chute
sigreg,backbone,0.8768,-6.9939,9,chute
sigreg,backbone,-0.2860,-6.1495,9,chute
sigreg,backbone,3.5965,-4.3919,9,chute
sigreg,backbone,1.0950,-4.5170,9,chute
sigreg,backbone,1.1119,-4.5729,9,chute
sigreg,backbone,0.8083,-5.6325,9,chute
sigreg,backbone,2.0687,-6.6787,9,chute
sigreg,backbone,2.7909,-5.6975,9,chute
sigreg,backbone,1.5084,-4.5387,9,chute
sigreg,backbone,1.3028,-6.2836,9,chute
sigreg,backbone,2.6218,-6.0964,9,chute
sigreg,backbone,3.2352,-6.8425,9,chute
sigreg,backbone,3.0847,-4.5196,9,chute
sigreg,backbone,0.8196,-6.7525,9,chute
sigreg,backbone,1.2518,-2.4958,9,chute
sigreg,backbone,1.1233,-6.7377,9,chute
sigreg,backbone,3.2834,-1.9077,9,chute
sigreg,backbone,3.4062,-4.7866,9,chute
sigreg,backbone,1.2746,-5.0150,9,chute
sigreg,backbone,3.1106,-1.3215,9,chute
sigreg,backbone,2.6754,-4.0091,9,chute
sigreg,backbone,1.4540,1.9792,9,chute
sigreg,backbone,1.8198,-2.4809,9,chute
sigreg,backbone,2.5352,-4.8958,9,chute
sigreg,backbone,2.0687,-3.3398,9,chute
sigreg,backbone,2.2502,-3.5455,9,chute
sigreg,backbone,1.0691,-6.5296,9,chute
sigreg,backbone,2.7503,-2.7527,9,chute
sigreg,backbone,2.0350,-4.6257,9,chute
sigreg,backbone,2.5555,3.0260,9,chute
sigreg,backbone,-0.9148,-5.2196,9,chute
sigreg,backbone,3.9733,-4.1394,9,chute
sigreg,backbone,-0.6079,4.5933,9,chute
sigreg,backbone,1.1798,-3.6539,9,chute
sigreg,backbone,1.6088,-5.0929,9,chute
sigreg,backbone,3.4751,-5.5675,9,chute
sigreg,backbone,2.7869,-3.1720,9,chute
sigreg,backbone,1.5033,-5.0247,9,chute
sigreg,backbone,2.6069,-3.1329,9,chute
sigreg,backbone,-1.3605,1.2573,9,chute
sigreg,backbone,1.9160,-0.9738,9,chute
sigreg,backbone,1.9116,-2.1510,9,chute
sigreg,backbone,1.7576,-5.6956,9,chute
sigreg,backbone,1.7992,-5.0349,9,chute
sigreg,backbone,1.1592,-2.0916,9,chute
sigreg,backbone,0.0053,-3.2332,9,chute
sigreg,backbone,0.6313,-4.9639,9,chute
sigreg,backbone,2.3569,-6.7210,9,chute
sigreg,backbone,1.9233,-4.4789,9,chute
sigreg,backbone,-0.2583,-2.6572,9,chute
sigreg,backbone,2.9800,-3.6635,9,chute
sigreg,backbone,0.1537,-5.1887,9,chute
sigreg,backbone,-0.1777,-4.8402,9,chute
sigreg,backbone,1.8732,-6.5133,9,chute
sigreg,backbone,0.5489,-0.0846,9,chute
sigreg,backbone,1.2113,-3.2871,9,chute
sigreg,backbone,-0.9396,-4.1709,9,chute
sigreg,backbone,-2.5397,-3.7804,9,chute
sigreg,backbone,2.7555,-4.7548,9,chute
sigreg,backbone,3.1314,-3.9663,9,chute
sigreg,backbone,3.2093,-4.8666,9,chute
sigreg,backbone,2.4126,-5.1903,9,chute
sigreg,backbone,1.8845,-3.7101,9,chute
sigreg,backbone,3.3923,-4.4660,9,chute
sigreg,backbone,2.5444,-4.7369,9,chute
sigreg,backbone,1.9715,-5.8579,9,chute
sigreg,backbone,-0.7780,0.5775,9,chute
sigreg,backbone,1.3207,-4.9255,9,chute
sigreg,backbone,2.5750,-2.6795,9,chute
sigreg,backbone,-1.9364,3.8083,9,chute
sigreg,backbone,1.1693,-5.8485,9,chute
sigreg,backbone,-1.4385,1.8329,9,chute
sigreg,backbone,1.2106,-5.9949,9,chute
sigreg,backbone,-1.4098,-0.5554,9,chute
sigreg,backbone,0.0155,-2.6131,9,chute
sigreg,backbone,2.4731,-5.3821,9,chute
sigreg,backbone,1.2305,-5.5587,9,chute
sigreg,backbone,0.9003,-4.1873,9,chute
sigreg,backbone,0.5340,-3.6341,9,chute
sigreg,backbone,1.2531,-4.5856,9,chute
sigreg,backbone,1.7761,-5.1685,9,chute
sigreg,backbone,-0.0362,-4.8336,9,chute
sigreg,backbone,3.2336,1.8620,9,chute
sigreg,backbone,2.2439,-4.5539,9,chute
sigreg,backbone,-0.8942,-4.0990,9,chute
sigreg,backbone,1.0565,-4.6853,9,chute
sigreg,backbone,2.2034,-3.5059,9,chute
sigreg,backbone,1.2565,-3.8306,9,chute
sigreg,backbone,0.7713,-7.2308,9,chute
sigreg,backbone,1.6895,-4.6670,9,chute
sigreg,backbone,0.7193,-5.4114,9,chute
sigreg,backbone,0.7127,-5.8282,9,chute
sigreg,backbone,0.9256,-4.8530,9,chute
sigreg,backbone,2.1763,-6.1671,9,chute
sigreg,backbone,3.6678,-1.6101,9,chute
sigreg,backbone,-1.4082,0.0769,9,chute
sigreg,backbone,2.2830,-4.2719,9,chute
sigreg,backbone,2.2972,-4.5976,9,chute
sigreg,backbone,-1.2267,-4.1149,9,chute
sigreg,backbone,-0.1397,-7.2191,9,chute
sigreg,backbone,0.4867,-0.8438,9,chute
sigreg,backbone,0.7601,-4.6415,9,chute
sigreg,backbone,1.2578,1.9407,9,chute
sigreg,backbone,2.2652,-4.7345,9,chute
sigreg,backbone,1.9608,-4.7575,9,chute
sigreg,backbone,2.4895,-5.0869,9,chute
sigreg,backbone,-0.5037,2.5202,9,chute
sigreg,backbone,0.5385,-0.2881,9,chute
sigreg,backbone,-1.5058,2.2364,9,chute
sigreg,backbone,0.5563,-3.3628,9,chute
sigreg,backbone,2.0505,-3.4687,9,chute
sigreg,backbone,1.0704,-6.1030,9,chute
sigreg,backbone,0.6696,-1.2614,9,chute
sigreg,backbone,2.2275,1.7732,9,chute
sigreg,backbone,2.6971,-5.7459,9,chute
sigreg,backbone,2.4758,-1.7663,9,chute
sigreg,backbone,3.5988,0.7923,9,chute
sigreg,backbone,2.7456,2.2319,9,chute
sigreg,backbone,2.1081,-6.0624,9,chute
sigreg,backbone,1.2297,-3.6889,9,chute
sigreg,backbone,1.5703,-4.4726,9,chute
sigreg,backbone,1.6655,0.3860,9,chute
sigreg,backbone,0.2527,-1.1381,9,chute
sigreg,backbone,2.0153,0.0397,9,chute
sigreg,backbone,3.5677,-2.2872,9,chute
sigreg,backbone,1.7504,-5.7232,9,chute
sigreg,backbone,2.0484,-5.5920,9,chute
sigreg,backbone,3.6573,-6.2263,9,chute
sigreg,backbone,-0.5983,-3.5613,9,chute
sigreg,backbone,1.9292,2.9101,9,chute
sigreg,backbone,3.9352,-5.9444,9,chute
sigreg,backbone,2.0221,-4.5547,9,chute
sigreg,backbone,1.7424,-5.5667,9,chute
sigreg,backbone,1.0108,-2.5647,9,chute
sigreg,backbone,2.8737,-4.6955,9,chute
sigreg,backbone,0.9120,-2.3722,9,chute
sigreg,backbone,-1.1319,-5.3910,9,chute
sigreg,backbone,2.9875,4.6494,9,chute
sigreg,backbone,-0.2236,-4.1731,9,chute
sigreg,backbone,0.6229,-6.9335,9,chute
sigreg,backbone,2.2387,-3.2424,9,chute
sigreg,backbone,2.4996,-0.2968,9,chute
sigreg,backbone,-0.5068,-3.6399,9,chute
sigreg,backbone,2.7668,-4.0405,9,chute
sigreg,backbone,0.9275,-6.0823,9,chute
sigreg,backbone,2.8500,-4.4271,9,chute
sigreg,backbone,0.9416,-5.5037,9,chute
sigreg,backbone,0.3181,-7.4642,9,chute
sigreg,backbone,2.1164,-4.7513,9,chute
sigreg,backbone,0.9635,-5.3185,9,chute
sigreg,backbone,1.1376,-5.3236,9,chute
sigreg,backbone,1.6492,-4.3906,9,chute
sigreg,backbone,1.7638,-3.5723,9,chute
sigreg,backbone,1.5026,-5.0739,9,chute
sigreg,backbone,-0.0084,-6.8412,9,chute
sigreg,backbone,-1.4364,-1.3187,9,chute
sigreg,backbone,2.9081,1.2240,9,chute
sigreg,backbone,4.0419,-3.9867,9,chute
sigreg,backbone,3.9870,3.4017,9,chute
sigreg,backbone,2.9633,-6.4008,9,chute
sigreg,backbone,1.7514,-6.3728,9,chute
sigreg,backbone,-0.6167,-2.0436,9,chute
sigreg,backbone,1.2065,-4.5474,9,chute
sigreg,backbone,1.5005,-5.3210,9,chute
sigreg,backbone,-0.5694,-5.0038,9,chute
sigreg,backbone,1.7296,-5.3220,9,chute
sigreg,backbone,1.9422,-0.8969,9,chute
sigreg,backbone,3.2704,1.6270,9,chute
sigreg,backbone,3.8997,1.2685,9,chute
sigreg,backbone,-0.7884,-0.7516,9,chute
sigreg,backbone,4.4639,-1.0181,9,chute
sigreg,backbone,1.2662,-5.2863,9,chute
sigreg,backbone,-0.5106,-5.7460,9,chute
sigreg,backbone,0.4926,-9.0653,9,chute
sigreg,backbone,3.0348,-1.7841,9,chute
sigreg,backbone,2.7181,-5.2168,9,chute
sigreg,backbone,-3.3297,-5.2791,9,chute
sigreg,backbone,2.9932,-5.6912,9,chute
sigreg,backbone,-0.3282,-1.1223,9,chute
sigreg,backbone,3.0583,-3.3964,9,chute
sigreg,backbone,0.5018,2.2771,9,chute
sigreg,backbone,0.5596,-5.8951,9,chute
sigreg,backbone,2.4872,-5.4995,9,chute
sigreg,backbone,3.3583,-6.7638,9,chute
sigreg,backbone,0.2064,-4.3708,9,chute
sigreg,backbone,2.5413,-3.9747,9,chute
sigreg,backbone,3.6131,-5.2289,9,chute
sigreg,backbone,2.1730,-5.6295,9,chute
sigreg,backbone,-2.2723,-0.4601,9,chute
sigreg,backbone,2.3056,-4.3798,9,chute
sigreg,backbone,-2.1741,-6.5220,9,chute
sigreg,backbone,3.4413,-4.2798,9,chute
sigreg,backbone,1.4573,-4.5594,9,chute
sigreg,backbone,1.9001,-5.2363,9,chute
sigreg,backbone,1.6248,-5.6692,9,chute
sigreg,backbone,0.2679,-2.5154,9,chute
sigreg,backbone,1.3747,-3.1744,9,chute
sigreg,backbone,3.1135,-3.8094,9,chute
sigreg,backbone,2.1194,-4.7986,9,chute
sigreg,backbone,3.4784,-3.2536,9,chute
sigreg,backbone,2.4101,-4.5145,9,chute
sigreg,backbone,1.7230,-3.0254,9,chute
sigreg,backbone,4.6977,-3.3408,9,chute
sigreg,backbone,1.9575,-4.2078,9,chute
sigreg,backbone,1.5746,-5.8122,9,chute
sigreg,backbone,1.5375,-4.9530,9,chute
sigreg,backbone,2.2695,-5.5709,9,chute
sigreg,backbone,2.6041,-7.0851,9,chute
sigreg,backbone,0.9881,-4.4721,9,chute
sigreg,backbone,1.4118,-5.3590,9,chute
sigreg,backbone,2.0620,-0.6460,9,chute
sigreg,backbone,3.0701,-6.7465,9,chute
sigreg,backbone,1.2363,4.3285,9,chute
sigreg,backbone,1.3135,-8.2634,9,chute
sigreg,backbone,3.2802,-5.2111,9,chute
sigreg,backbone,1.8314,-5.3201,9,chute
sigreg,backbone,1.9853,3.5837,9,chute
sigreg,backbone,3.6201,-5.0635,9,chute
sigreg,backbone,0.1824,-4.3784,9,chute
sigreg,backbone,1.1057,-6.3153,9,chute
sigreg,backbone,1.8978,-0.0682,9,chute
sigreg,backbone,3.0571,0.2383,9,chute
sigreg,backbone,1.7123,-3.9232,9,chute
sigreg,backbone,1.2327,-2.2477,9,chute
sigreg,backbone,2.0198,0.2463,9,chute
sigreg,backbone,3.6558,-5.4310,9,chute
sigreg,backbone,1.5654,0.4409,9,chute
sigreg,backbone,2.8648,2.6759,9,chute
sigreg,backbone,1.3891,-5.4365,9,chute
sigreg,backbone,2.8223,-1.2541,9,chute
sigreg,backbone,2.0683,-3.6658,9,chute
sigreg,backbone,4.1135,-1.4073,9,chute
sigreg,backbone,-2.9460,1.2023,9,chute
sigreg,backbone,1.7929,-4.5156,9,chute
sigreg,backbone,1.2885,-4.4497,9,chute
sigreg,backbone,-0.6176,2.5894,9,chute
