step,epoch,loss,pred,sigreg,epi_ratio,erank,grad_norm,lr,it_s,val_pred,val_sigreg,val_epi_ratio,val_erank
1,0,0.8380821943283081,1.155609130859375,2.6513917446136475,1.0584230422973633,136.70068359375,1.9034905433654785,5.0000000000000004e-08,0.14256649493759072,,,,
200,0,0.2633742690086365,0.4675571620464325,20.966270446777344,0.6806095838546753,94.61996459960938,1.0634733438491821,5.025e-06,1.2392690557394255,,,,
400,0,0.04411287605762482,0.2201807200908661,26.022584915161133,0.5868927836418152,85.98313903808594,0.5308577418327332,1.0025000000000001e-05,1.2444874217428825,,,,
600,0,0.03659118711948395,0.22441866993904114,22.752777099609375,0.6260915994644165,90.20800018310547,0.693500280380249,1.5025000000000001e-05,1.3138040235649162,,,,
800,0,-0.0760694071650505,0.0977979376912117,27.512210845947266,0.5795577764511108,80.1008529663086,0.8048741221427917,2.0025000000000002e-05,1.3417434546255134,,,,
1000,0,-0.0817553922533989,0.11102383583784103,23.71868896484375,0.6425973773002625,89.6104507446289,0.6146648526191711,2.5025e-05,1.3262859756621124,,,,
1200,0,-0.09363987296819687,0.10779198259115219,25.869596481323242,0.6714394688606262,90.2222900390625,0.5566593408584595,3.0025000000000005e-05,1.3168194807439888,,,,
1400,0,-0.10072356462478638,0.10236984491348267,22.28209686279297,0.6769779920578003,90.56417083740234,0.5823215246200562,3.5025000000000004e-05,1.313653064157067,,,,
1600,0,-0.12703341245651245,0.0817117989063263,21.73581886291504,0.6958173513412476,89.68328857421875,0.46116116642951965,4.0025000000000004e-05,1.308906009658037,,,,
1800,0,-0.13920661807060242,0.07357414811849594,21.2835750579834,0.7092691659927368,90.58524322509766,0.4031181037425995,4.5025000000000003e-05,1.305354168549451,,,,
2000,0,-0.1468631476163864,0.07502710819244385,21.509218215942383,0.7396341562271118,91.54192352294922,0.3814590275287628,5e-05,1.3106952688186464,,,,
2200,0,-0.15473386645317078,0.07369524985551834,19.290260314941406,0.7614303231239319,92.94568634033203,0.3890460431575775,4.999987412513878e-05,1.3235361885747106,,,,
2400,0,-0.15710164606571198,0.08246788382530212,16.12009048461914,0.7985650897026062,95.51927185058594,0.4397040903568268,4.999949650182266e-05,1.3384760329158492,,,,
2600,0,-0.16080720722675323,0.07424546778202057,19.17205810546875,0.7835088968276978,93.8529281616211,0.37269049882888794,4.999886713385432e-05,1.336558803631381,,,,
2800,0,-0.16717346012592316,0.07629570364952087,13.942028045654297,0.8115638494491577,95.02518463134766,0.4416309893131256,4.9997986027571485e-05,1.341154373282659,,,,
3000,0,-0.17640697956085205,0.07790658622980118,13.392898559570312,0.8477118611335754,97.16437530517578,0.5220106840133667,4.9996853191846885e-05,1.3465754912984673,,,,
3200,0,-0.193185493350029,0.07313455641269684,9.969995498657227,0.8877334594726562,98.13356018066406,0.5135122537612915,4.999546863808815e-05,1.3446543985680097,,,,
3400,0,-0.19778889417648315,0.07189515978097916,9.048497200012207,0.8989468216896057,100.22809600830078,0.4406310021877289,4.9993832380237735e-05,1.351901701193008,,,,
3600,0,-0.20023155212402344,0.07513419538736343,7.6003642082214355,0.9178857207298279,101.4461669921875,0.4874429702758789,4.9991944434772734e-05,1.352980368469433,,,,
3800,0,-0.2038210928440094,0.07435617595911026,6.273778915405273,0.9272575378417969,101.02195739746094,0.5632914304733276,4.9989804820704735e-05,1.3523608831556038,,,,
4000,0,-0.21459947526454926,0.07143880426883698,5.237949371337891,0.9534608721733093,103.97176361083984,0.48775795102119446,4.9987413559579636e-05,1.359385524835972,,,,
4200,0,-0.22551268339157104,0.06902136653661728,4.723812580108643,0.9817801713943481,105.20832824707031,0.5129845142364502,4.99847706754774e-05,1.3568764924846535,,,,
4400,0,-0.22025054693222046,0.07456343621015549,3.5966906547546387,0.9827132821083069,106.98381805419922,0.4465430974960327,4.9981876195011844e-05,1.3582040162715026,,,,
4600,0,-0.22529178857803345,0.07307486981153488,3.4462950229644775,0.9945554733276367,107.21398162841797,0.5196552872657776,4.9978730147330355e-05,1.3623741979972035,,,,
4800,0,-0.21965903043746948,0.0776854082942009,3.242004871368408,0.9911481142044067,108.14765167236328,0.5219382643699646,4.99753325641136e-05,1.35914667594551,,,,
5000,0,-0.22616645693778992,0.08226605504751205,2.7715659141540527,1.0281083583831787,111.26466369628906,0.5635700225830078,4.99716834795752e-05,1.3621390785292968,,,,
5200,0,-0.2402525246143341,0.072719044983387,2.361799716949463,1.0432385206222534,113.3282470703125,0.4342568516731262,4.996778293046141e-05,1.3636714919589186,,,,
5400,0,-0.24220439791679382,0.07236320525407791,2.3795809745788574,1.0485585927963257,113.63333892822266,0.5116660594940186,4.996363095605069e-05,1.3631753106547817,,,,
5600,0,-0.24693654477596283,0.0756959468126297,2.1052651405334473,1.075441598892212,114.78903198242188,0.5064437389373779,4.995922759815339e-05,1.3732672928385397,,,,
5800,0,-0.24509136378765106,0.06917186081409454,1.9671076536178589,1.047544002532959,114.37493896484375,0.43890807032585144,4.9954572901111286e-05,1.368972197828359,,,,
6000,0,-0.2479841560125351,0.07114361226558685,1.9397320747375488,1.063759207725525,116.51449584960938,0.48703235387802124,4.994966691179711e-05,1.3600994320814463,,,,
6200,0,-0.25296497344970703,0.07047949731349945,1.7641844749450684,1.0781481266021729,117.1914291381836,0.408295601606369,4.994450967961413e-05,1.3600437923823914,,,,
6400,0,-0.25359365344047546,0.07098650932312012,1.8309388160705566,1.081933856010437,119.28278350830078,0.45928069949150085,4.993910125649561e-05,1.3635386376725764,,,,
6600,0,-0.2477831393480301,0.07089687883853912,1.8146042823791504,1.0622667074203491,117.53572082519531,0.4820713996887207,4.993344169690431e-05,1.3608241465588684,,,,
6800,0,-0.25232017040252686,0.07203639298677444,1.716134786605835,1.081188440322876,120.01654815673828,0.51313716173172,4.992753105783194e-05,1.3579690782551557,,,,
7000,0,-0.2560329735279083,0.07344045490026474,1.6069403886795044,1.0982447862625122,121.3141860961914,0.433276504278183,4.992136939879856e-05,1.3560896904787716,,,,
7200,0,-0.260453462600708,0.07176414132118225,1.6384141445159912,1.1073919534683228,123.55026245117188,0.38984066247940063,4.991495678185202e-05,1.353448965155074,,,,
7400,0,-0.2720962464809418,0.06450751423835754,1.476653814315796,1.1220124959945679,124.54629516601562,0.3561708331108093,4.9908293271567286e-05,1.3516140855985133,,,,
7600,0,-0.25692474842071533,0.07207906246185303,1.6168880462646484,1.0966793298721313,121.50528717041016,0.4779817461967468,4.990137893504585e-05,1.3498158692487423,,,,
7800,0,-0.26143476366996765,0.07246118038892746,1.605430006980896,1.112986445426941,123.10491943359375,0.4417489469051361,4.989421384191499e-05,1.3530132393655578,,,,
8000,0,-0.26432982087135315,0.06905478984117508,1.6008408069610596,1.1112819910049438,124.58846282958984,0.47891393303871155,4.988679806432712e-05,1.3564414636344804,,,,
8200,0,-0.26964691281318665,0.07119277864694595,1.5108630657196045,1.1361322402954102,126.47805786132812,0.4766640067100525,4.987913167695904e-05,1.3586419302453994,,,,
8400,0,-0.27113690972328186,0.0670507550239563,1.5009827613830566,1.1272921562194824,125.61748504638672,0.3928653299808502,4.9871214757011176e-05,1.357997999215599,,,,
8600,0,-0.27093589305877686,0.07272370159626007,1.5185327529907227,1.1455320119857788,127.28132629394531,0.435262531042099,4.9863047384206835e-05,1.3580835647888772,,,,
8800,0,-0.2785174548625946,0.06496242433786392,1.4729807376861572,1.1449328660964966,129.53810119628906,0.3895162343978882,4.985462964079137e-05,1.3567052007049443,,,,
9000,0,-0.27785149216651917,0.06391695886850357,1.4473543167114258,1.139228105545044,129.0849609375,0.41780227422714233,4.984596161153136e-05,1.357376815748852,,,,
9200,0,-0.2673247158527374,0.07350999861955643,1.4715871810913086,1.1361156702041626,128.66787719726562,0.4075363278388977,4.9837043383713753e-05,1.3603489582232218,,,,
9400,0,-0.27907130122184753,0.06727106124162674,1.373939037322998,1.1544744968414307,128.90928649902344,0.3745286762714386,4.982787504714503e-05,1.3592000133118283,,,,
9600,0,-0.2758517861366272,0.07165920734405518,1.4456192255020142,1.1583698987960815,131.83822631835938,0.4157871901988983,4.981845669415022e-05,1.3578886754724329,,,,
9800,0,-0.26915442943573,0.07276536524295807,1.4400156736373901,1.1397325992584229,127.7509765625,0.4228646457195282,4.980878841957203e-05,1.3566641324071782,,,,
10000,0,-0.27880772948265076,0.06949964910745621,1.3652021884918213,1.161024570465088,130.6942901611328,0.391788125038147,4.9798870320769886e-05,1.3574474390275675,,,,
10200,0,-0.2707033157348633,0.07333461940288544,1.4635417461395264,1.146793007850647,128.69088745117188,0.39415082335472107,4.978870249761893e-05,1.3590854071724827,,,,
10400,0,-0.27420470118522644,0.06887015700340271,1.4274753332138062,1.143582820892334,128.53639221191406,0.38390806317329407,4.977828505250903e-05,1.3578484775061983,,,,
10600,0,-0.280303955078125,0.06865759193897247,1.3571515083312988,1.1632050275802612,131.53787231445312,0.3750249743461609,4.9767618090343745e-05,1.359299666051093,,,,
10800,0,-0.28370094299316406,0.06648371368646622,1.3689677715301514,1.1672821044921875,134.08255004882812,0.3789365589618683,4.975670171853926e-05,1.3594075944765853,,,,
11000,0,-0.276547908782959,0.07054029405117035,1.3781530857086182,1.1569606065750122,133.10472106933594,0.4160071313381195,4.9745536047023324e-05,1.3588473077886267,,,,
11200,0,-0.2801316976547241,0.06774968653917313,1.301720380783081,1.159604549407959,133.3214569091797,0.39717525243759155,4.973412118823412e-05,1.3611502629402974,,,,
11400,0,-0.2807765305042267,0.06864571571350098,1.3155990839004517,1.164740800857544,132.5170135498047,0.42716583609580994,4.972245725711914e-05,1.3601784128548013,,,,
11600,0,-0.2958572208881378,0.059487681835889816,1.2263762950897217,1.1844829320907593,135.7449951171875,0.3278050720691681,4.971054437113406e-05,1.3603537565978385,,,,
11800,0,-0.277976393699646,0.06931239366531372,1.3476048707962036,1.1576292514801025,130.24864196777344,0.42441678047180176,4.969838265024151e-05,1.3612922063053146,,,,
12000,0,-0.27908599376678467,0.07082516700029373,1.2162269353866577,1.1663705110549927,132.82815551757812,0.39414429664611816,4.968597221690986e-05,1.3601348318881912,,,,
12200,0,-0.2834717333316803,0.0725126639008522,1.2675520181655884,1.1866146326065063,136.35110473632812,0.4211384952068329,4.967331319611206e-05,1.3614364361120264,,,,
12400,0,-0.29253146052360535,0.0656043067574501,1.1883914470672607,1.1937857866287231,136.71026611328125,0.35449931025505066,4.96604057153243e-05,1.3613938755366783,,,,
12600,0,-0.2856155037879944,0.07316584140062332,1.323995590209961,1.1959377527236938,135.69464111328125,0.3902371823787689,4.964724990452476e-05,1.3606497032319305,,,,
12800,1,-0.29463279247283936,0.06192799285054207,1.262890338897705,1.1885359287261963,137.67361450195312,0.33769333362579346,4.963384589619233e-05,1.3620958529160494,,,,
13000,1,-0.29164883494377136,0.06629204750061035,1.1454908847808838,1.193136215209961,138.4351348876953,0.34335410594940186,4.962019382530521e-05,1.361729505966455,,,,
13200,1,-0.2797977924346924,0.07283446192741394,1.2673816680908203,1.175440788269043,135.78823852539062,0.3673495054244995,4.9606293829339595e-05,1.3608028076369583,,,,
13400,1,-0.2945873439311981,0.06318945437669754,1.1825281381607056,1.192589282989502,137.67137145996094,0.3372175097465515,4.959214604826831e-05,1.3623834156710077,,,,
13600,1,-0.2894798219203949,0.06668994575738907,1.1868267059326172,1.187232494354248,136.5266876220703,0.38084876537323,4.957775062455933e-05,1.3618091804562524,,,,
13800,1,-0.28690898418426514,0.06920962780714035,1.2658426761627197,1.1870620250701904,136.5364532470703,0.3609503209590912,4.9563107703174436e-05,1.3625901522312327,,,,
14000,1,-0.2928692698478699,0.06633077561855316,1.1556109189987183,1.1973334550857544,138.80520629882812,0.4253964424133301,4.9548217431567665e-05,1.3635317000837475,,,,
14200,1,-0.29286524653434753,0.06779823452234268,1.133348822593689,1.2022114992141724,138.85447692871094,0.3493163585662842,4.95330799596839e-05,1.3628225211921159,,,,
14400,1,-0.2954396605491638,0.06421728432178497,1.2568168640136719,1.1988563537597656,137.46035766601562,0.34109485149383545,4.951769543995731e-05,1.3639900832575271,,,,
14600,1,-0.303186297416687,0.06278024613857269,1.1703463792800903,1.21988844871521,139.61965942382812,0.33119431138038635,4.9502064027309836e-05,1.3637852121673995,,,,
14800,1,-0.29554983973503113,0.06357864290475845,1.1081489324569702,1.1970949172973633,138.89413452148438,0.3449617326259613,4.948618587914963e-05,1.3635381318374131,,,,
15000,1,-0.28656497597694397,0.07489493489265442,1.21755051612854,1.2048662900924683,140.86830139160156,0.3899247944355011,4.947006115536947e-05,1.3650667179105238,,,,
15200,1,-0.30094319581985474,0.06459394097328186,1.1840215921401978,1.2184571027755737,141.9495849609375,0.3566780984401703,4.9453690018345144e-05,1.3644174757876109,,,,
15400,1,-0.29189595580101013,0.07059016823768616,1.090004324913025,1.208287000656128,141.85763549804688,0.35603010654449463,4.9437072632933814e-05,1.3643232125220737,,,,
15600,1,-0.28264087438583374,0.07111505419015884,1.1796475648880005,1.1791863441467285,137.73074340820312,0.36838048696517944,4.942020916647238e-05,1.3654706737853546,,,,
15800,1,-0.2952800393104553,0.06384214758872986,1.1656166315078735,1.1970739364624023,139.3680877685547,0.33101433515548706,4.9403099788775754e-05,1.3644407033762065,,,,
16000,1,-0.29886454343795776,0.06392935663461685,1.1527754068374634,1.209312915802002,141.5638885498047,0.3290618658065796,4.938574467213518e-05,1.3648575355327304,,,,
16200,1,-0.2990451157093048,0.06666163355112076,1.1453992128372192,1.2190223932266235,143.44093322753906,0.3417518436908722,4.936814399131648e-05,1.365244553262964,,,,
16400,1,-0.30672526359558105,0.058281488716602325,1.1733847856521606,1.216689109802246,141.67193603515625,0.30358824133872986,4.935029792355834e-05,1.3646956176220868,,,,
16600,1,-0.29627853631973267,0.0673997774720192,1.2579790353775024,1.2122609615325928,140.95362854003906,0.3394426703453064,4.933220664857044e-05,1.365442257872567,,,,
16800,1,-0.2963392436504364,0.06700456142425537,1.210188865661621,1.2111459970474243,142.68316650390625,0.3706223964691162,4.931387034853173e-05,1.3652544476797785,,,,
17000,1,-0.29384589195251465,0.06756923347711563,1.1461304426193237,1.2047170400619507,141.09808349609375,0.3252248764038086,4.929528920808854e-05,1.364918385180859,,,,
17200,1,-0.3072335720062256,0.060083795338869095,1.1906335353851318,1.224391222000122,142.6309356689453,0.3436518907546997,4.9276463414352757e-05,1.3661561874765207,,,,
17400,1,-0.2973002791404724,0.06902643293142319,1.1113202571868896,1.2210890054702759,143.44810485839844,0.4154742360115051,4.925739315689991e-05,1.3651825346904878,,,,
17600,1,-0.29017022252082825,0.07383602112531662,1.1433378458023071,1.2133541107177734,140.91116333007812,0.34868767857551575,4.923807862776728e-05,1.3650246109084354,,,,
17800,1,-0.29848581552505493,0.06962995231151581,1.0783921480178833,1.2270525693893433,144.08229064941406,0.3729739487171173,4.921852002145196e-05,1.3648693921829878,,,,
18000,1,-0.3051055669784546,0.06365431845188141,1.1439177989959717,1.2291996479034424,143.41152954101562,0.317491739988327,4.919871753490891e-05,1.364534789219991,,,,
18200,1,-0.3005521893501282,0.06817475706338882,1.1244733333587646,1.2290897369384766,142.63038635253906,0.3236348032951355,4.917867136754893e-05,1.3656492320717253,,,,
18400,1,-0.3008011281490326,0.06663915514945984,1.1587210893630981,1.224800944328308,144.3313446044922,0.3353084921836853,4.915838172123671e-05,1.3654304928555796,,,,
18600,1,-0.30451640486717224,0.06142595782876015,1.2134983539581299,1.2198078632354736,143.14547729492188,0.321701318025589,4.913784880028878e-05,1.3650138452436817,,,,
18800,1,-0.307669997215271,0.06284240633249283,1.0764296054840088,1.2350412607192993,144.47140502929688,0.3242979645729065,4.91170728114714e-05,1.3655789603985022,,,,
19000,1,-0.3008853495121002,0.0659041777253151,1.1098310947418213,1.2226316928863525,144.05577087402344,0.33631274104118347,4.909605396399856e-05,1.3633609463594867,,,,
19200,1,-0.303872674703598,0.06248890608549118,1.110569715499878,1.221205234527588,144.6328887939453,0.32444480061531067,4.9074792469529815e-05,1.3601961273342698,,,,
19400,1,-0.30692335963249207,0.05857371166348457,1.0836975574493408,1.2183235883712769,145.2964324951172,0.28821203112602234,4.9053288542168185e-05,1.36166202065386,,,,
19600,1,-0.2867320775985718,0.07437949627637863,1.1615642309188843,1.2037051916122437,142.306884765625,0.344447523355484,4.9031542398457974e-05,1.3615662662593455,,,,
19800,1,-0.31237471103668213,0.05648508295416832,1.0685441493988037,1.2295325994491577,144.8861541748047,0.3150157630443573,4.9009554257382616e-05,1.3612062805899487,,,,
20000,1,-0.30547940731048584,0.06584540009498596,1.133345603942871,1.2377493381500244,146.3898468017578,0.31530654430389404,4.898732434036244e-05,1.3624706869539573,0.1358767867088318,3.2306342363357543,1.1454070485116878,140.86234130859376
20200,1,-0.297832190990448,0.06628073006868362,1.1466227769851685,1.2137097120285034,142.81529235839844,0.3113921582698822,4.896485287125246e-05,1.3597881146015274,,,,
20400,1,-0.3021738827228546,0.06376145035028458,1.088340163230896,1.2197843790054321,143.76995849609375,0.33885282278060913,4.8942140076340135e-05,1.357061092225727,,,,
20600,1,-0.3095038831233978,0.0635930597782135,1.1141505241394043,1.2436563968658447,146.49977111816406,0.3085578978061676,4.8919186184343046e-05,1.3573066915482355,,,,
20800,1,-0.30851641297340393,0.06477338075637817,1.0596977472305298,1.244299292564392,149.5061492919922,0.2964220643043518,4.889599142640663e-05,1.3580212751902019,,,,
21000,1,-0.3062494397163391,0.06427623331546783,1.1001787185668945,1.2350856065750122,147.24542236328125,0.3313664197921753,4.887255603610185e-05,1.3574084015872891,,,,
21200,1,-0.3107318580150604,0.06048976629972458,1.0913046598434448,1.2374054193496704,146.23797607421875,0.3124523460865021,4.8848880249422815e-05,1.3578165691874544,,,,
21400,1,-0.30470511317253113,0.06516347080469131,1.0618491172790527,1.2328952550888062,147.2921905517578,0.3231690526008606,4.8824964304784446e-05,1.3577535856287577,,,,
21600,1,-0.3091057538986206,0.061673104763031006,1.0998278856277466,1.2359294891357422,144.15499877929688,0.3255766034126282,4.880080844302004e-05,1.3574127146444892,,,,
21800,1,-0.3076455891132355,0.064843088388443,1.0653703212738037,1.241628885269165,145.9449005126953,0.33354881405830383,4.877641290737884e-05,1.3582673225383721,,,,
22000,1,-0.30677318572998047,0.05923200398683548,1.090820074081421,1.2200171947479248,145.2194061279297,0.3162114918231964,4.8751777943523634e-05,1.3579170224590407,,,,
22200,1,-0.31124645471572876,0.06115567684173584,1.1015461683273315,1.2413403987884521,147.20492553710938,0.32815393805503845,4.8726903799528234e-05,1.3576984659655167,,,,
22400,1,-0.3112837076187134,0.0645272508263588,1.070504069328308,1.252703070640564,146.90528869628906,0.3044796586036682,4.870179072587499e-05,1.3582248765391944,,,,
22600,1,-0.3123227059841156,0.06530618667602539,1.0483660697937012,1.2587629556655884,149.4293975830078,0.30833470821380615,4.8676438975452274e-05,1.3575447714077988,,,,
22800,1,-0.300281286239624,0.07337430864572525,1.0774054527282715,1.2455185651779175,146.86473083496094,0.33931782841682434,4.865084880355193e-05,1.3581115512323088,,,,
23000,1,-0.3131684362888336,0.06120187044143677,1.0273640155792236,1.2479009628295898,148.70770263671875,0.2913372218608856,4.862502046786671e-05,1.3579563594517454,,,,
23200,1,-0.3166220188140869,0.06048586592078209,1.077157735824585,1.257026195526123,150.29190063476562,0.2936532497406006,4.859895422848767e-05,1.3575063488310182,,,,
23400,1,-0.30801922082901,0.06269541382789612,1.0767254829406738,1.235715389251709,148.45704650878906,0.2984282970428467,4.8572650347901544e-05,1.358285966679921,,,,
23600,1,-0.31122887134552,0.06042313575744629,1.0974695682525635,1.2388399839401245,146.63059997558594,0.3043789267539978,4.854610909098812e-05,1.3576836534127823,,,,
23800,1,-0.3044178783893585,0.06513803452253342,1.072939395904541,1.2318530082702637,147.1353759765625,0.304414302110672,4.851933072501756e-05,1.3576441148168525,,,,
24000,1,-0.3041689395904541,0.06763842701911926,1.065075159072876,1.239357829093933,148.92079162597656,0.31590336561203003,4.849231551964771e-05,1.357968948318606,,,,
24200,1,-0.3106737732887268,0.0614423044025898,1.1075804233551025,1.240386962890625,146.43739318847656,0.28705644607543945,4.8465063746921395e-05,1.357155844140614,,,,
24400,1,-0.30771541595458984,0.06664431095123291,1.0832667350769043,1.2478656768798828,149.64366149902344,0.3127003610134125,4.8437575681263656e-05,1.3574764637419052,,,,
24600,1,-0.3142743408679962,0.05845683068037033,1.124616026878357,1.2424372434616089,147.9369354248047,0.2839244604110718,4.8409851599479015e-05,1.3568581831230748,,,,
24800,1,-0.31869834661483765,0.058996040374040604,1.0543067455291748,1.2589812278747559,149.837158203125,0.29382333159446716,4.838189178074867e-05,1.3561085089753977,,,,
25000,1,-0.30917587876319885,0.06606360524892807,1.0762015581130981,1.250798225402832,149.30616760253906,0.30452585220336914,4.835369650662767e-05,1.356619125234079,,,,
25200,1,-0.3089800775051117,0.06473522633314133,1.0616633892059326,1.2457176446914673,149.947509765625,0.30222201347351074,4.832526606104213e-05,1.3560438283281437,,,,
25400,1,-0.3026168644428253,0.06756248325109482,1.0704718828201294,1.2339311838150024,148.69580078125,0.3103737533092499,4.829660073028631e-05,1.3560262618188619,,,,
25600,2,-0.30908098816871643,0.05872111767530441,1.05881929397583,1.2260069847106934,146.59201049804688,0.28302890062332153,4.826770080301978e-05,1.3556522223603182,,,,
25800,2,-0.3142520487308502,0.05951427295804024,1.0388054847717285,1.2458877563476562,150.03277587890625,0.3138333857059479,4.823856657026448e-05,1.3550076029480935,,,,
26000,2,-0.3014047145843506,0.07015768438577652,1.0599488019943237,1.2385412454605103,148.12887573242188,0.3056441843509674,4.8209198325401815e-05,1.3555243925898663,,,,
26200,2,-0.3162464499473572,0.060113146901130676,1.0283504724502563,1.2545318603515625,151.2087860107422,0.29975947737693787,4.817959636416969e-05,1.3551367655594404,,,,
26400,2,-0.3197440505027771,0.057861387729644775,1.0969123840332031,1.258684754371643,151.33804321289062,0.27781248092651367,4.8149760984659506e-05,1.3549489707933753,,,,
26600,2,-0.31149181723594666,0.06153133139014244,1.1024819612503052,1.2434104681015015,146.13563537597656,0.27409249544143677,4.811969248731323e-05,1.3551048880528889,,,,
26800,2,-0.3180336058139801,0.0610806830227375,1.0176849365234375,1.26371431350708,152.10252380371094,0.2768391966819763,4.8089391174920275e-05,1.3543425026637805,,,,
27000,2,-0.3119198977947235,0.06219138577580452,1.054541826248169,1.247037649154663,150.8544464111328,0.28996866941452026,4.805885735261454e-05,1.3548910799203155,,,,
27200,2,-0.31424930691719055,0.06159903481602669,1.1127105951309204,1.252827763557434,148.9970245361328,0.2843247950077057,4.802809132787125e-05,1.3546220102191917,,,,
27400,2,-0.3160766661167145,0.05998590961098671,1.0737069845199585,1.2535418272018433,150.55809020996094,0.27361878752708435,4.799709341050396e-05,1.3540517183246181,,,,
27600,2,-0.3196083903312683,0.05770672857761383,1.039376974105835,1.2577170133590698,151.0802001953125,0.25999686121940613,4.796586391266134e-05,1.3542552370803544,,,,
27800,2,-0.3146330714225769,0.06102902442216873,0.9664095044136047,1.2522069215774536,148.98004150390625,0.2873331606388092,4.793440314882408e-05,1.3534715239438802,,,,
28000,2,-0.31433621048927307,0.06251207739114761,1.0602082014083862,1.256160855293274,151.12486267089844,0.27563610672950745,4.790271143580174e-05,1.3537046623675228,,,,
28200,2,-0.31221288442611694,0.06046895310282707,1.0966918468475342,1.2422727346420288,150.0933837890625,0.2854071259498596,4.787078909272951e-05,1.3535196466051924,,,,
28400,2,-0.31202858686447144,0.06362447887659073,1.022145390510559,1.2521767616271973,149.58302307128906,0.29260754585266113,4.783863644106502e-05,1.3530084154548463,,,,
28600,2,-0.31227758526802063,0.05980179086327553,1.1617285013198853,1.2402645349502563,145.15689086914062,0.2852960526943207,4.780625380458513e-05,1.35245095318039,,,,
28800,2,-0.30767807364463806,0.06652287393808365,1.0538878440856934,1.2473363876342773,149.984130859375,0.29009416699409485,4.777364150938263e-05,1.3498951449738565,,,,
29000,2,-0.3267556428909302,0.05501933395862579,1.0449285507202148,1.2725831270217896,151.9867401123047,0.26743084192276,4.774079988386296e-05,1.348318851524615,,,,
29200,2,-0.31352686882019043,0.06134777516126633,1.0396127700805664,1.2495821714401245,151.51190185546875,0.28410711884498596,4.770772925874093e-05,1.3486603297411355,,,,
29400,2,-0.31307417154312134,0.06448319554328918,1.1150736808776855,1.2585245370864868,149.6111297607422,0.2881844937801361,4.767442996703737e-05,1.3481876833562418,,,,
29600,2,-0.31552940607070923,0.06346666812896729,1.042741298675537,1.2633202075958252,150.884521484375,0.27135446667671204,4.764090234407577e-05,1.3484470394281638,,,,
29800,2,-0.31888529658317566,0.0619424469769001,1.035801887512207,1.2694257497787476,151.51168823242188,0.2807171046733856,4.7607146727478935e-05,1.3480985235108887,,,,
30000,2,-0.31273624300956726,0.06321033090353012,1.125302791595459,1.25315523147583,147.63209533691406,0.30765029788017273,4.7573163457165534e-05,1.347030472842655,,,,
30200,2,-0.30810225009918213,0.06835351884365082,1.0853562355041504,1.254852533340454,152.49212646484375,0.2978364825248718,4.753895287534673e-05,1.3464037603151562,,,,
30400,2,-0.2950785756111145,0.07556402683258057,1.1212501525878906,1.2354753017425537,146.67898559570312,0.3048076629638672,4.75045153265227e-05,1.3463172972385848,,,,
30600,2,-0.3178543448448181,0.06084631755948067,1.073554515838623,1.2623355388641357,152.34909057617188,0.2962198257446289,4.7469851157479177e-05,1.3466167344982978,,,,
30800,2,-0.3172887861728668,0.06055181473493576,1.0766370296478271,1.259468674659729,151.90863037109375,0.28254956007003784,4.743496071728396e-05,1.3461772132775294,,,,
31000,2,-0.3200615346431732,0.059278249740600586,0.992019534111023,1.2644659280776978,152.82762145996094,0.2677599787712097,4.7399844357283397e-05,1.3462135382719602,,,,
31200,2,-0.3191452622413635,0.05963153392076492,1.0220571756362915,1.2625892162322998,152.2806854248047,0.2891298532485962,4.7364502431098844e-05,1.3460574016653504,,,,
31400,2,-0.3216729760169983,0.05582641437649727,1.0486118793487549,1.258331298828125,152.1540985107422,0.2584010362625122,4.73289352946231e-05,1.3454635385831475,,,,
31600,2,-0.31497877836227417,0.06074044480919838,1.0231958627700806,1.2523972988128662,153.3038787841797,0.2659130096435547,4.7293143306016836e-05,1.3458572120040622,,,,
31800,2,-0.3143295645713806,0.05949182063341141,1.089845061302185,1.246071219444275,149.6626434326172,0.26938140392303467,4.725712682570498e-05,1.3457771917219885,,,,
32000,2,-0.3124190866947174,0.061294835060834885,1.0437846183776855,1.2457129955291748,147.56341552734375,0.2935936748981476,4.722088621637309e-05,1.3450045597872948,,,,
32200,2,-0.31958234310150146,0.061629679054021835,1.0154836177825928,1.2707066535949707,154.3763427734375,0.2925345003604889,4.71844218429637e-05,1.3455400587024005,,,,
32400,2,-0.3121712803840637,0.06633322685956955,1.1598713397979736,1.2616816759109497,153.8383026123047,0.29834985733032227,4.7147734072672644e-05,1.3452915098253126,,,,
32600,2,-0.31989818811416626,0.05687803775072098,1.0943551063537598,1.255920648574829,150.1227264404297,0.26804789900779724,4.711082327494536e-05,1.344613292203294,,,,
32800,2,-0.31427088379859924,0.063816137611866,1.090489149093628,1.2602900266647339,152.65682983398438,0.28514453768730164,4.707368982147318e-05,1.3451079885166966,,,,
33000,2,-0.32552093267440796,0.05447418987751007,1.0212242603302002,1.2666504383087158,151.92832946777344,0.26584941148757935,4.7036334086189555e-05,1.3449934498877862,,,,
33200,2,-0.31404605507850647,0.06493673473596573,0.9294756650924683,1.2632758617401123,154.1840362548828,0.286795973777771,4.6998756445266336e-05,1.344241757343606,,,,
33400,2,-0.31272396445274353,0.06178588420152664,1.087917447090149,1.248366117477417,151.15232849121094,0.282227098941803,4.696095727710994e-05,1.3446797266652386,,,,
33600,2,-0.3122171461582184,0.06328609585762024,1.0388588905334473,1.251677393913269,149.70774841308594,0.2831934690475464,4.692293696235758e-05,1.344897840616402,,,,
33800,2,-0.30738508701324463,0.06842397153377533,1.0323487520217896,1.2526968717575073,150.40008544921875,0.30072009563446045,4.688469588387339e-05,1.3442099560786591,,,,
34000,2,-0.324524849653244,0.05701834708452225,1.0116500854492188,1.271810531616211,155.00450134277344,0.2736663520336151,4.684623442674463e-05,1.344265959480941,,,,
34200,2,-0.32109543681144714,0.05684560537338257,1.0231109857559204,1.2598034143447876,153.75953674316406,0.26133933663368225,4.6807552978277725e-05,1.3444835662246213,,,,
34400,2,-0.3167140483856201,0.05948265269398689,1.0023348331451416,1.2539889812469482,151.22044372558594,0.27058327198028564,4.6768651927994434e-05,1.3439687898843324,,,,
34600,2,-0.3225664794445038,0.06345344334840775,1.0435081720352173,1.2867330312728882,154.92758178710938,0.2933230996131897,4.6729531667627905e-05,1.3437086993925809,,,,
34800,2,-0.31218311190605164,0.06169608607888222,1.1432020664215088,1.2462639808654785,148.26214599609375,0.2985393702983856,4.6690192591118734e-05,1.344037081913107,,,,
35000,2,-0.32710546255111694,0.05610455572605133,0.9934723377227783,1.2773666381835938,153.1571502685547,0.2510812282562256,4.665063509461097e-05,1.3434108337152475,,,,
35200,2,-0.31689226627349854,0.05976073816418648,1.081322193145752,1.2555099725723267,152.0717010498047,0.2707148492336273,4.6610859576448176e-05,1.3432212287304157,,,,
35400,2,-0.3170599341392517,0.0638713613152504,0.9599125385284424,1.269770860671997,155.31724548339844,0.30541735887527466,4.657086643716936e-05,1.3437172066534833,,,,
35600,2,-0.32068026065826416,0.06314004957675934,1.041747808456421,1.2794009447097778,153.7489776611328,0.2838456630706787,4.653065607950502e-05,1.343485773506079,,,,
35800,2,-0.323710560798645,0.05897850543260574,1.0254082679748535,1.2756301164627075,154.7587127685547,0.26229822635650635,4.649022890837298e-05,1.3428253744210585,,,,
36000,2,-0.3269675672054291,0.05535462871193886,1.0121711492538452,1.2744072675704956,152.6505889892578,0.25528788566589355,4.644958533087443e-05,1.343240708266241,,,,
36200,2,-0.31850799918174744,0.060652393847703934,1.0434660911560059,1.263867974281311,152.45977783203125,0.26372429728507996,4.640872575628973e-05,1.3432189089268398,,,,
36400,2,-0.3243659734725952,0.056094247847795486,1.0888503789901733,1.2682007551193237,152.65676879882812,0.27061766386032104,4.636765059607434e-05,1.342432554177522,,,,
36600,2,-0.32063978910446167,0.059803977608680725,1.0227917432785034,1.2681459188461304,154.4994659423828,0.259136825799942,4.632636026385468e-05,1.3428447156793553,,,,
36800,2,-0.3246840238571167,0.058745358139276505,0.9492633938789368,1.2780978679656982,154.9394073486328,0.2619183659553528,4.628485517542392e-05,1.3430525509678684,,,,
37000,2,-0.3237900137901306,0.05980389565229416,1.0366158485412598,1.2786463499069214,154.4495391845703,0.27193307876586914,4.6243135748737864e-05,1.3426249565862454,,,,
37200,2,-0.31431829929351807,0.06221907585859299,1.091009259223938,1.255124568939209,151.5574188232422,0.2636646628379822,4.620120240391065e-05,1.342387036837147,,,,
37400,2,-0.31930312514305115,0.05755370855331421,1.0459260940551758,1.2561893463134766,153.09393310546875,0.25384023785591125,4.6159055563210604e-05,1.3427124669111885,,,,
37600,2,-0.31482550501823425,0.06259376555681229,1.0190939903259277,1.2580641508102417,153.15284729003906,0.2636491358280182,4.611669565105596e-05,1.3424256149260587,,,,
37800,2,-0.3178814649581909,0.062741719186306,1.0207982063293457,1.268743872642517,153.51675415039062,0.2743839621543884,4.607412309401054e-05,1.3419140981838051,,,,
38000,2,-0.3188745975494385,0.06500194221735,0.9719028472900391,1.2795883417129517,156.725341796875,0.2633206844329834,4.6031338320779534e-05,1.3423438014166968,,,,
38200,2,-0.3187870979309082,0.061017122119665146,0.9984108805656433,1.2660139799118042,152.85845947265625,0.2622793912887573,4.5988341762205125e-05,1.3423023573134951,,,,
38400,3,-0.3231963813304901,0.058555711060762405,1.0070254802703857,1.2725069522857666,155.9887237548828,0.26202598214149475,4.594513385126218e-05,1.3416749632220033,,,,
38600,3,-0.3250560164451599,0.05782296881079674,0.9946992993354797,1.2762632369995117,153.80557250976562,0.2670212984085083,4.59017150230539e-05,1.3419986310840353,,,,
38800,3,-0.33536985516548157,0.04959290102124214,0.990980327129364,1.283209204673767,156.20010375976562,0.24015627801418304,4.5858085714807384e-05,1.3421463581323183,,,,
39000,3,-0.31458836793899536,0.06262277066707611,1.102291226387024,1.2573704719543457,154.71054077148438,0.2765696942806244,4.581424636586929e-05,1.3417794114843924,,,,
39200,3,-0.32491636276245117,0.059882428497076035,0.955275297164917,1.2826626300811768,157.36328125,0.24419808387756348,4.5770197417701365e-05,1.3418796931478805,,,,
39400,3,-0.31265807151794434,0.06447307765483856,1.044536828994751,1.257103681564331,154.12347412109375,0.27234363555908203,4.572593931387604e-05,1.3421505446663702,,,,
39600,3,-0.32655683159828186,0.05559707432985306,0.9942662715911865,1.2738462686538696,154.86849975585938,0.2671012580394745,4.568147250007193e-05,1.3418944325854172,,,,
39800,3,-0.32311245799064636,0.05827593803405762,0.9919794797897339,1.2712945938110352,155.05255126953125,0.2575017809867859,4.563679742406935e-05,1.3414487300863207,,,,
40000,3,-0.3228468894958496,0.056925587356090546,1.0384032726287842,1.2659082412719727,152.08663940429688,0.24317584931850433,4.559191453574582e-05,1.3418065593075297,0.09356766082346439,2.1574217200279238,1.1919358298647318,151.13525314331054
40200,3,-0.33463379740715027,0.05639929324388504,0.9680116176605225,1.3034435510635376,158.87838745117188,0.23887811601161957,4.554682428707153e-05,1.3411678010865409,,,,
40400,3,-0.324504554271698,0.06061829626560211,1.0385518074035645,1.2837427854537964,154.35153198242188,0.2594366669654846,4.550152713210478e-05,1.3405248565788384,,,,
40600,3,-0.3277231454849243,0.05519137158989906,1.0074963569641113,1.2763816118240356,151.394775390625,0.255930095911026,4.545602352698742e-05,1.3406640112588446,,,,
40800,3,-0.3274418115615845,0.055674951523542404,1.000986099243164,1.2770557403564453,155.3842010498047,0.2580716013908386,4.5410313929940244e-05,1.3404962218079413,,,,
41000,3,-0.3286806344985962,0.05366760492324829,0.9538938403129578,1.2744940519332886,154.65284729003906,0.24339599907398224,4.5364398801258396e-05,1.3407548121232566,,,,
41200,3,-0.31387972831726074,0.06200604885816574,1.0447425842285156,1.2529525756835938,151.76092529296875,0.28270766139030457,4.53182786033067e-05,1.3408172059304944,,,,
41400,3,-0.31687313318252563,0.06076337769627571,1.0435771942138672,1.2587883472442627,152.994384765625,0.26361021399497986,4.527195380051505e-05,1.3402634881732556,,,,
41600,3,-0.3177976608276367,0.05614014342427254,1.0835928916931152,1.2464593648910522,150.87689208984375,0.2813596725463867,4.522542485937369e-05,1.3404732504104042,,,,
41800,3,-0.33061930537223816,0.051516491919755936,0.9638036489486694,1.273785948753357,154.4859161376953,0.23413348197937012,4.5178692248428536e-05,1.340782813166787,,,,
42000,3,-0.3229031562805176,0.058198459446430206,1.0503520965576172,1.2703386545181274,155.23350524902344,0.2700236141681671,4.513175643827647e-05,1.340551887912501,,,,
42200,3,-0.3210928738117218,0.060009028762578964,0.9911589622497559,1.2703396081924438,154.1997833251953,0.25042960047721863,4.508461790156056e-05,1.339982488282361,,,,
42400,3,-0.3270276188850403,0.05466751009225845,1.002503752708435,1.2723170518875122,154.02883911132812,0.2428712695837021,4.503727711296538e-05,1.340257707258096,,,,
42600,3,-0.3242896795272827,0.05716278776526451,1.078023910522461,1.2715082168579102,154.38031005859375,0.26956242322921753,4.4989734549212125e-05,1.3398685850056449,,,,
42800,3,-0.32610586285591125,0.05679339915513992,0.9858498573303223,1.276330828666687,157.8763885498047,0.235434427857399,4.4941990689053886e-05,1.3380744765901156,,,,
43000,3,-0.3184460699558258,0.06083853915333748,1.0358082056045532,1.264281988143921,153.972900390625,0.2536707818508148,4.489404601327081e-05,1.3366965480796507,,,,
43200,3,-0.3094654381275177,0.06075996905565262,1.043106198310852,1.2340846061706543,151.11016845703125,0.25268691778182983,4.4845901004665234e-05,1.3369574348191455,,,,
43400,3,-0.3227066993713379,0.0585196428000927,1.022720456123352,1.270754337310791,154.04632568359375,0.25586387515068054,4.479755614805688e-05,1.3369575144826842,,,,
43600,3,-0.33006608486175537,0.05250528082251549,0.9691312909126282,1.275237798690796,155.73602294921875,0.2358895093202591,4.474901193027791e-05,1.3365155102575172,,,,
43800,3,-0.31998899579048157,0.06061508134007454,1.072006344795227,1.268680214881897,154.65182495117188,0.27054563164711,4.4700268840168045e-05,1.336815993089135,,,,
44000,3,-0.32212990522384644,0.05731232836842537,1.0464847087860107,1.2648074626922607,156.16317749023438,0.24162815511226654,4.465132736856969e-05,1.3369573633734324,,,,
44200,3,-0.3284439742565155,0.052588220685720444,1.0429861545562744,1.2701072692871094,154.42117309570312,0.23978005349636078,4.46021880083229e-05,1.3363426837431027,,,,
44400,3,-0.31831246614456177,0.06449488550424576,1.0948066711425781,1.2760244607925415,153.52142333984375,0.26239675283432007,4.4552851254260484e-05,1.336345541236806,,,,
44600,3,-0.3196156620979309,0.06121185049414635,0.9529185891151428,1.2694250345230103,154.33998107910156,0.24518954753875732,4.450331760320302e-05,1.3366136949125282,,,,
44800,3,-0.32238107919692993,0.06279014050960541,1.0087254047393799,1.283903956413269,157.09922790527344,0.2588690221309662,4.445358755395382e-05,1.336503206243632,,,,
45000,3,-0.3260900378227234,0.05431344360113144,1.0192500352859497,1.2680115699768066,154.671142578125,0.23416446149349213,4.440366160729392e-05,1.3359836405850825,,,,
45200,3,-0.32730090618133545,0.055440809577703476,0.9782007932662964,1.2758057117462158,155.91896057128906,0.24955637753009796,4.4353540265977064e-05,1.336231509182894,,,,
45400,3,-0.32471123337745667,0.06099493056535721,1.0243098735809326,1.2856870889663696,157.05331420898438,0.2527484595775604,4.430322403472459e-05,1.3362660615100599,,,,
45600,3,-0.32658034563064575,0.05879273638129234,1.053785800933838,1.2845768928527832,154.8514404296875,0.23355209827423096,4.425271342022039e-05,1.3357462394897726,,,,
45800,3,-0.32302096486091614,0.05847456678748131,1.0155444145202637,1.2716517448425293,153.0476531982422,0.26256945729255676,4.4202008931105795e-05,1.3360744254155283,,,,
46000,3,-0.33116450905799866,0.05699009448289871,0.9599496126174927,1.2938486337661743,158.34963989257812,0.23368820548057556,4.415111107797445e-05,1.3362855187832539,,,,
46200,3,-0.3259388208389282,0.055947210639715195,1.0117204189300537,1.2729533910751343,155.17947387695312,0.2479630410671234,4.4100020373367166e-05,1.3362312182016147,,,,
46400,3,-0.3257187008857727,0.05881965905427933,1.0130486488342285,1.2817944288253784,158.1405487060547,0.24436543881893158,4.404873733176678e-05,1.3358608451631997,,,,
46600,3,-0.32467108964920044,0.05374261736869812,1.0146756172180176,1.2613790035247803,154.09878540039062,0.2341548502445221,4.399726246959293e-05,1.3362708045084457,,,,
46800,3,-0.3315407633781433,0.05289759859442711,0.9731517434120178,1.2814611196517944,158.59681701660156,0.24786289036273956,4.3945596305196925e-05,1.33631145916368,,,,
47000,3,-0.33014678955078125,0.058891694992780685,0.9590538740158081,1.2967948913574219,160.56825256347656,0.2524948716163635,4.389373935885646e-05,1.3358937129123911,,,,
47200,3,-0.31785327196121216,0.06064167246222496,0.9667383432388306,1.26164972782135,155.39561462402344,0.24579286575317383,4.384169215277041e-05,1.3361622658990286,,,,
47400,3,-0.3239612877368927,0.05825808271765709,1.0041636228561401,1.274064540863037,155.81358337402344,0.2335004061460495,4.378945521105357e-05,1.3361967144899174,,,,
47600,3,-0.3215098977088928,0.057953670620918274,1.0051848888397217,1.264878511428833,154.7560577392578,0.24716366827487946,4.373702905973135e-05,1.3353469692642157,,,,
47800,3,-0.32502827048301697,0.060028817504644394,0.9950177073478699,1.2835235595703125,155.33909606933594,0.2395048290491104,4.368441422673453e-05,1.334148369361274,,,,
48000,3,-0.3319045305252075,0.05444984510540962,0.9620943665504456,1.287847876548767,159.92274475097656,0.2446887344121933,4.3631611241893874e-05,1.3345194230576558,,,,
48200,3,-0.317332923412323,0.055422767996788025,1.055444598197937,1.2425190210342407,152.31016540527344,0.2359827756881714,4.357862063693486e-05,1.3344358213015415,,,,
48400,3,-0.322967529296875,0.05400435999035835,1.0217432975769043,1.256572961807251,151.63369750976562,0.23424032330513,4.3525442945472294e-05,1.3339438845944058,,,,
48600,3,-0.3320370614528656,0.05262868478894234,0.982128918170929,1.2822191715240479,155.51333618164062,0.21450430154800415,4.347207870300494e-05,1.3342363991839672,,,,
48800,3,-0.33363017439842224,0.05799824744462967,1.000741720199585,1.3054280281066895,159.73388671875,0.24319830536842346,4.341852844691012e-05,1.334344261147942,,,,
49000,3,-0.3238387703895569,0.05601303651928902,1.0301810503005981,1.2661726474761963,153.8271484375,0.2541457414627075,4.336479271643833e-05,1.3337182979250426,,,,
49200,3,-0.31271472573280334,0.0669306293129921,1.0567123889923096,1.2654844522476196,154.66030883789062,0.2425270974636078,4.331087205270777e-05,1.3339481300829032,,,,
49400,3,-0.3335523009300232,0.051457151770591736,1.0317795276641846,1.2833647727966309,157.7186737060547,0.23757000267505646,4.3256766998698936e-05,1.334040643946615,,,,
49600,3,-0.3300805389881134,0.05364366993308067,0.9735676050186157,1.2790806293487549,158.6887969970703,0.2274637669324875,4.3202478099249105e-05,1.3337452912850067,,,,
49800,3,-0.3295961022377014,0.05689896643161774,0.9639873504638672,1.2883168458938599,156.90892028808594,0.2262527048587799,4.3148005901046905e-05,1.334098464338824,,,,
50000,3,-0.32711881399154663,0.05638256296515465,1.0426084995269775,1.278337836265564,157.04986572265625,0.22828900814056396,4.309335095262676e-05,1.334326036752793,,,,
50200,3,-0.3296266198158264,0.05745704472064972,0.9844731092453003,1.2902787923812866,157.9062042236328,0.2451988160610199,4.303851380436339e-05,1.3342867857322926,,,,
50400,3,-0.32576608657836914,0.05589910224080086,0.9755209684371948,1.2722172737121582,154.93356323242188,0.24543403089046478,4.2983495008466276e-05,1.3341884419745569,,,,
50600,3,-0.33385220170021057,0.0535847470164299,0.9916695356369019,1.2914564609527588,157.78976440429688,0.236725851893425,4.292829511897409e-05,1.334502566710254,,,,
50800,3,-0.3256736993789673,0.055415768176317215,1.0505632162094116,1.2702982425689697,153.3892059326172,0.24556080996990204,4.2872914691749086e-05,1.3344053889273797,,,,
51000,3,-0.31787893176078796,0.06181662529706955,1.0548607110977173,1.265651822090149,155.30502319335938,0.2614888548851013,4.281735428447158e-05,1.3353888255470185,,,,
51200,4,-0.3268914520740509,0.05747906491160393,0.9951624274253845,1.2812349796295166,156.67311096191406,0.24346180260181427,4.276161445663423e-05,1.335885321203788,,,,
51400,4,-0.32870015501976013,0.05342268943786621,0.999165415763855,1.2737427949905396,156.3245391845703,0.2269732505083084,4.270569576953648e-05,1.3351598681226462,,,,
51600,4,-0.3283545970916748,0.056704845279455185,0.9952495098114014,1.2835314273834229,157.27273559570312,0.2368650585412979,4.264959878627891e-05,1.3336061402076707,,,,
51800,4,-0.3244738280773163,0.05983150750398636,0.9880828857421875,1.2810176610946655,157.87112426757812,0.224633127450943,4.259332407175751e-05,1.3329786645455166,,,,
52000,4,-0.3267611563205719,0.05683431401848793,0.9993857741355896,1.278651475906372,157.86404418945312,0.22855491936206818,4.2536872192658036e-05,1.3334418443885807,,,,
52200,4,-0.32720518112182617,0.05354874208569527,1.1029582023620605,1.2691797018051147,153.56683349609375,0.22966893017292023,4.248024371745027e-05,1.333313970071558,,,,
52400,4,-0.3310541808605194,0.06193463131785393,0.9561110734939575,1.3099626302719116,161.48597717285156,0.22950251400470734,4.242343921638234e-05,1.3333983831698877,,,,
52600,4,-0.3287741243839264,0.05611538141965866,0.9746881723403931,1.2829649448394775,156.78640747070312,0.22269098460674286,4.2366459261474933e-05,1.3339266208914429,,,,
52800,4,-0.3251393139362335,0.05886607617139816,0.9900860786437988,1.2800179719924927,157.71229553222656,0.24541398882865906,4.230930442651557e-05,1.3338805873307509,,,,
53000,4,-0.33437809348106384,0.05254095047712326,0.9991521239280701,1.2897300720214844,157.4551544189453,0.23986373841762543,4.2251975287052804e-05,1.3336657485987606,,,,
53200,4,-0.3339707851409912,0.05429469048976898,0.9876528382301331,1.2942181825637817,160.6129150390625,0.22774890065193176,4.219447242039043e-05,1.3342030080860379,,,,
53400,4,-0.3359174430370331,0.05700268968939781,0.9278018474578857,1.3097337484359741,160.94287109375,0.23799927532672882,4.213679640558167e-05,1.3342689765062528,,,,
53600,4,-0.32645222544670105,0.052685268223285675,1.0590806007385254,1.263791561126709,154.42066955566406,0.22430801391601562,4.2078947823423364e-05,1.334080446878124,,,,
53800,4,-0.32390865683555603,0.05809331685304642,0.9777579307556152,1.273339867591858,156.3577880859375,0.2327651083469391,4.202092725645009e-05,1.3345598213857393,,,,
54000,4,-0.3153235614299774,0.05874166265130043,1.0384817123413086,1.2468839883804321,154.0884246826172,0.2591760456562042,4.1962735288928305e-05,1.3346351426589733,,,,
54200,4,-0.32992783188819885,0.05405379459261894,0.9895914793014526,1.2799386978149414,158.2132568359375,0.23635724186897278,4.1904372506850484e-05,1.3344581487102414,,,,
54400,4,-0.33768177032470703,0.05222582072019577,1.0835144519805908,1.299691915512085,158.8297576904297,0.22418007254600525,4.1845839497929204e-05,1.3349268532184337,,,,
54600,4,-0.31922897696495056,0.06019001081585884,1.011962890625,1.2647299766540527,153.79568481445312,0.22521348297595978,4.1787136851591194e-05,1.3351865841255341,,,,
54800,4,-0.32746174931526184,0.0566815622150898,0.992633581161499,1.2804776430130005,156.30226135253906,0.2292352020740509,4.172826515897146e-05,1.3350318077160306,,,,
55000,4,-0.32024964690208435,0.06238001585006714,1.0203895568847656,1.2754321098327637,157.73748779296875,0.2510131299495697,4.166922501290729e-05,1.3350201081296023,,,,
55200,4,-0.32585179805755615,0.060648731887340546,0.9973381161689758,1.2883350849151611,158.78175354003906,0.24782909452915192,4.161001700793231e-05,1.3355253077411298,,,,
55400,4,-0.33189377188682556,0.05594763532280922,0.9655356407165527,1.2928045988082886,157.025146484375,0.21848039329051971,4.155064174027047e-05,1.3354190494812999,,,,
55600,4,-0.3354378938674927,0.04966207966208458,1.0275704860687256,1.2836664915084839,156.2373504638672,0.23598411679267883,4.1491099807830044e-05,1.3353630163373627,,,,
55800,4,-0.32064196467399597,0.05631968751549721,1.027870774269104,1.25653874874115,155.06275939941406,0.24407505989074707,4.143139181019764e-05,1.3358542451759268,,,,
56000,4,-0.3294847905635834,0.05400324612855911,0.96140456199646,1.2782933712005615,157.27798461914062,0.2227504551410675,4.137151834863213e-05,1.335894624155824,,,,
56200,4,-0.315390408039093,0.0651717558503151,1.0368225574493408,1.2685405015945435,155.39198303222656,0.2511042356491089,4.131148002605861e-05,1.3355906400727315,,,,
56400,4,-0.32465076446533203,0.05554904416203499,0.9925970435142517,1.267332673072815,156.52630615234375,0.23908933997154236,4.1251277447062315e-05,1.3360702230935777,,,,
56600,4,-0.3294382691383362,0.056437280029058456,1.0351991653442383,1.2862517833709717,156.19921875,0.22963887453079224,4.119091121788256e-05,1.3361006514517608,,,,
56800,4,-0.3245544731616974,0.06347710639238358,0.9535146951675415,1.2934385538101196,158.1780242919922,0.23688054084777832,4.113038194640658e-05,1.3357859338293305,,,,
57000,4,-0.32450801134109497,0.0627545490860939,1.0290470123291016,1.2908750772476196,158.99517822265625,0.25155121088027954,4.1069690242163484e-05,1.3362053021069047,,,,
57200,4,-0.33843913674354553,0.049615681171417236,1.0288006067276,1.2935160398483276,158.25355529785156,0.21819175779819489,4.100883671631806e-05,1.3362790129366158,,,,
57400,4,-0.32695358991622925,0.061080291867256165,0.972740888595581,1.2934463024139404,157.54083251953125,0.23833459615707397,4.094782198166464e-05,1.335921921465145,,,,
57600,4,-0.3210025727748871,0.059208739548921585,1.0931591987609863,1.2673710584640503,152.88609313964844,0.21935990452766418,4.088664665262091e-05,1.3361949539363813,,,,
57800,4,-0.33826884627342224,0.053702462464571,0.9346235990524292,1.3065710067749023,160.15045166015625,0.2177819162607193,4.082531134522176e-05,1.3364725964407231,,,,
58000,4,-0.3287273049354553,0.05284515395760536,0.9517357349395752,1.271908164024353,155.4483184814453,0.2350439727306366,4.0763816677113064e-05,1.3361561515651823,,,,
58200,4,-0.3337227702140808,0.05063818022608757,1.0397700071334839,1.281203031539917,156.59088134765625,0.21795423328876495,4.070216326754544e-05,1.3362864304022684,,,,
58400,4,-0.3291662037372589,0.05343496799468994,1.0183475017547607,1.2753372192382812,157.7705078125,0.22324658930301666,4.064035173736804e-05,1.336595214991451,,,,
58600,4,-0.3326372504234314,0.052233219146728516,1.003029465675354,1.2829015254974365,156.58274841308594,0.21727876365184784,4.057838270902228e-05,1.3364124858182285,,,,
58800,4,-0.3316803276538849,0.057227723300457,0.9343346953392029,1.2963601350784302,159.35995483398438,0.22353807091712952,4.0516256806535594e-05,1.3363584486250457,,,,
59000,4,-0.3356724977493286,0.04894844815135002,0.9681174159049988,1.2820696830749512,156.48802185058594,0.23795954883098602,4.045397465551513e-05,1.3368133872191799,,,,
59200,4,-0.32751399278640747,0.056865349411964417,0.9913321733474731,1.2812644243240356,157.4929962158203,0.22457607090473175,4.039153688314145e-05,1.3367569044081853,,,,
59400,4,-0.3246903717517853,0.05836597457528114,1.0041792392730713,1.276854395866394,156.29322814941406,0.2305850237607956,4.0328944118162255e-05,1.3365137195242578,,,,
59600,4,-0.32888033986091614,0.055773522704839706,0.9843745827674866,1.2821794748306274,159.63177490234375,0.2257460504770279,4.0266196990885955e-05,1.3369777531528562,,,,
59800,4,-0.32613682746887207,0.05854042246937752,1.029954433441162,1.2822574377059937,158.87725830078125,0.22825996577739716,4.020329613317545e-05,1.3368880121837106,,,,
60000,4,-0.33242061734199524,0.05704723671078682,0.9352259635925293,1.2982261180877686,159.0492401123047,0.22799211740493774,4.014024217844167e-05,1.3364818875904045,0.055030962266027925,1.4958391070365906,1.2020599594471177,155.97580184936524
60200,4,-0.3308149576187134,0.060941219329833984,0.9836835861206055,1.3058538436889648,160.38522338867188,0.24554966390132904,4.007703576163724e-05,1.3360729595803926,,,,
60400,4,-0.33363792300224304,0.05432024225592613,1.0493273735046387,1.2931938171386719,158.32843017578125,0.23093657195568085,4.001367751925008e-05,1.3357606334341303,,,,
60600,4,-0.32812315225601196,0.060403626412153244,0.9065994024276733,1.2950891256332397,159.8824005126953,0.24549409747123718,3.995016808929698e-05,1.335299185140697,,,,
60800,4,-0.33304882049560547,0.05046622455120087,1.010329008102417,1.2783833742141724,157.94717407226562,0.21503999829292297,3.98865081113172e-05,1.3347614628137658,,,,
61000,4,-0.33272767066955566,0.052499085664749146,1.063361644744873,1.2840890884399414,158.44775390625,0.22087210416793823,3.982269822636602e-05,1.3345233897285815,,,,
61200,4,-0.3206767141819,0.06185411661863327,1.0535798072814941,1.2751027345657349,156.598876953125,0.24976488947868347,3.975873907700825e-05,1.3345537337042261,,,,
61400,4,-0.33370691537857056,0.05492706224322319,1.024158000946045,1.295446515083313,159.04135131835938,0.23384186625480652,3.969463130731183e-05,1.3342803934682164,,,,
61600,4,-0.34019485116004944,0.05205808952450752,0.9592839479446411,1.3075097799301147,159.90086364746094,0.22325672209262848,3.9630375562841295e-05,1.333604140708501,,,,
61800,4,-0.33348122239112854,0.052096009254455566,0.9485557079315186,1.285257339477539,157.33499145507812,0.2101505994796753,3.956597249065126e-05,1.3333463960491845,,,,
62000,4,-0.3335908353328705,0.056323759257793427,0.9662004709243774,1.299715280532837,161.96533203125,0.2128445953130722,3.9501422739279956e-05,1.3333428899431357,,,,
62200,4,-0.3418886959552765,0.04915979877114296,0.9428065419197083,1.303494930267334,160.3360595703125,0.20442593097686768,3.943672695874267e-05,1.3335173004301955,,,,
62400,4,-0.3298149108886719,0.05584431439638138,1.0152308940887451,1.285530686378479,157.003662109375,0.22213466465473175,3.937188580052518e-05,1.3333338240138932,,,,
62600,4,-0.33076658844947815,0.057981789112091064,0.9655038118362427,1.295827865600586,160.8850860595703,0.24783968925476074,3.9306899917577245e-05,1.3331702776628291,,,,
62800,4,-0.33977431058883667,0.051659196615219116,0.913889467716217,1.3047783374786377,162.33229064941406,0.20854675769805908,3.9241769964305976e-05,1.3330843204768659,,,,
63000,4,-0.3275327980518341,0.057981688529253006,0.9377341270446777,1.285048246383667,159.8394775390625,0.22467517852783203,3.9176496596569265e-05,1.3333369748855826,,,,
63200,4,-0.3334578275680542,0.05936576426029205,0.9962562918663025,1.309411883354187,160.69387817382812,0.2275077998638153,3.911108047166924e-05,1.3332068803064434,,,,
63400,4,-0.3426132798194885,0.04840685427188873,0.933189868927002,1.3034003973007202,160.94485473632812,0.22575922310352325,3.9045522248345504e-05,1.332945378759587,,,,
63600,4,-0.3187662959098816,0.061079587787389755,1.0228440761566162,1.2661528587341309,155.56442260742188,0.24246947467327118,3.897982258676867e-05,1.3334169686124917,,,,
63800,4,-0.33332565426826477,0.05258016660809517,0.9639668464660645,1.2863527536392212,158.22698974609375,0.21551088988780975,3.89139821485336e-05,1.3333774826081541,,,,
64000,5,-0.33325403928756714,0.0522632859647274,1.029250144958496,1.2850576639175415,158.5869903564453,0.21900613605976105,3.884800159665276e-05,1.3331405816082853,,,,
64200,5,-0.335533082485199,0.052200112491846085,0.9790108799934387,1.292443871498108,158.4093780517578,0.2234138399362564,3.878188159554959e-05,1.333550837978918,,,,
64400,5,-0.3231187164783478,0.05809655413031578,0.9940640926361084,1.2707175016403198,156.06124877929688,0.22791621088981628,3.871562281105175e-05,1.3336089520477659,,,,
64600,5,-0.33144837617874146,0.05614576116204262,0.9900875091552734,1.2919803857803345,159.34750366210938,0.24004529416561127,3.864922591038448e-05,1.3334019108333521,,,,
64800,5,-0.324299156665802,0.058797020465135574,1.023302674293518,1.2769871950149536,157.3206787109375,0.23962989449501038,3.858269156216383e-05,1.3335488323845792,,,,
65000,5,-0.3362949788570404,0.05086022615432739,1.0267338752746582,1.2905173301696777,157.02957153320312,0.21109336614608765,3.851602043638994e-05,1.3338469156681845,,,,
65200,5,-0.3274765908718109,0.05215366557240486,0.9822303056716919,1.2654341459274292,155.22979736328125,0.223568856716156,3.844921320444031e-05,1.3336962195975315,,,,
65400,5,-0.325671523809433,0.05922861769795418,0.9716076254844666,1.2830004692077637,159.2682647705078,0.21963433921337128,3.8382270539063035e-05,1.3333993559788568,,,,
65600,5,-0.32698413729667664,0.0636320635676384,0.9455059170722961,1.3020539283752441,161.6378936767578,0.2298325002193451,3.8315193114369996e-05,1.3338014731173877,,,,
65800,5,-0.3416018784046173,0.050766002386808395,0.9512425661087036,1.3078927993774414,160.48973083496094,0.21471048891544342,3.824798160583012e-05,1.3336756037687352,,,,
66000,5,-0.3249133825302124,0.06171014532446861,0.979405403137207,1.2887450456619263,160.57728576660156,0.21696428954601288,3.818063669026256e-05,1.3333306146478054,,,,
66200,5,-0.3364062011241913,0.05431284382939339,0.9790289402008057,1.3023967742919922,161.1748046875,0.2300216108560562,3.8113159045829864e-05,1.3336007975418394,,,,
66400,5,-0.33607423305511475,0.05764307454228401,0.9094040393829346,1.3123910427093506,161.22390747070312,0.2187010943889618,3.804554935203115e-05,1.333656467562467,,,,
66600,5,-0.34303390979766846,0.05067064240574837,0.9326447248458862,1.312348484992981,161.52325439453125,0.21231365203857422,3.7977808289695306e-05,1.3334706273500072,,,,
66800,5,-0.32926639914512634,0.05801064521074295,0.983295738697052,1.2909233570098877,159.58587646484375,0.23585990071296692,3.790993654097405e-05,1.3332194514416493,,,,
67000,5,-0.33620163798332214,0.05301005393266678,0.9560139775276184,1.2973722219467163,159.43179321289062,0.19557428359985352,3.7841934789335164e-05,1.3335414027488954,,,,
67200,5,-0.325824111700058,0.057641029357910156,0.9847569465637207,1.278217077255249,157.32704162597656,0.23738588392734528,3.7773803719555514e-05,1.3333812133255916,,,,
67400,5,-0.3231179118156433,0.05960942804813385,1.039381504058838,1.2757576704025269,158.19998168945312,0.23760434985160828,3.770554401771423e-05,1.333429639585908,,,,
67600,5,-0.3285503387451172,0.05946934223175049,0.9578434824943542,1.2933988571166992,160.3390350341797,0.2366885542869568,3.763715637118575e-05,1.3338504755163638,,,,
67800,5,-0.32127645611763,0.06126201152801514,1.0490394830703735,1.2751281261444092,156.3463134765625,0.21821355819702148,3.75686414686329e-05,1.3337459903224411,,,,
68000,5,-0.3344372510910034,0.0555841401219368,0.9863672256469727,1.3000712394714355,160.64085388183594,0.21669960021972656,3.7500000000000003e-05,1.3334537665051789,,,,
68200,5,-0.3350861370563507,0.05089062452316284,0.9903951287269592,1.2865891456604004,157.66558837890625,0.2049885392189026,3.7431232656505885e-05,1.3336947779089172,,,,
68400,5,-0.33729544281959534,0.05382492020726204,0.9806842803955078,1.303734540939331,161.03843688964844,0.22133022546768188,3.7362340130636925e-05,1.333691591235026,,,,
68600,5,-0.3218998908996582,0.060383591800928116,1.0275160074234009,1.274278163909912,155.49575805664062,0.22029626369476318,3.72933231161401e-05,1.3335505207611709,,,,
68800,5,-0.3310107886791229,0.05101662129163742,1.04020357131958,1.2734246253967285,157.33477783203125,0.20752592384815216,3.7224182308015975e-05,1.333251228558748,,,,
69000,5,-0.33318740129470825,0.05599276348948479,0.977648138999939,1.2972670793533325,160.77764892578125,0.21762847900390625,3.715491840251172e-05,1.3330932523607821,,,,
69200,5,-0.3263266384601593,0.06010141596198082,0.9623070955276489,1.2880934476852417,161.02853393554688,0.21752376854419708,3.708553209711409e-05,1.3328697940779246,,,,
69400,5,-0.3348826467990875,0.05666477233171463,0.9536954164505005,1.305158019065857,159.45338439941406,0.20885944366455078,3.701602409054243e-05,1.3332330558862975,,,,
69600,5,-0.3362075388431549,0.05207649990916252,0.905431866645813,1.2942800521850586,161.3146514892578,0.21233916282653809,3.694639508274158e-05,1.333373443511738,,,,
69800,5,-0.3254907429218292,0.056098032742738724,1.064611554145813,1.2719625234603882,155.6309051513672,0.22683988511562347,3.6876645774874876e-05,1.3332654553503418,,,,
70000,5,-0.3343258500099182,0.0513090081512928,0.9870651960372925,1.285449504852295,159.11166381835938,0.2004632204771042,3.680677686931707e-05,1.3329169779616306,,,,
70200,5,-0.3317840099334717,0.05609647557139397,0.9661481380462646,1.2929348945617676,160.9744110107422,0.21289175748825073,3.673678906964727e-05,1.3331977618501734,,,,
70400,5,-0.3228759467601776,0.06062893196940422,1.002463936805725,1.27834951877594,157.2886505126953,0.22162339091300964,3.6666683080641846e-05,1.3332122388924947,,,,
70600,5,-0.33467215299606323,0.05696392059326172,1.00542151927948,1.3054535388946533,160.120361328125,0.21758753061294556,3.659645960826732e-05,1.3330248732804792,,,,
70800,5,-0.3408881723880768,0.050145652145147324,0.9736120104789734,1.3034460544586182,160.2412109375,0.20515957474708557,3.6526119359673284e-05,1.332894181830723,,,,
71000,5,-0.3242974579334259,0.06023881211876869,1.0706220865249634,1.2817875146865845,157.99838256835938,0.24035130441188812,3.645566304318526e-05,1.3332088195188843,,,,
71200,5,-0.33991917967796326,0.050890419632196426,0.979783296585083,1.3026986122131348,159.21192932128906,0.21640536189079285,3.638509136829758e-05,1.333073930955997,,,,
71400,5,-0.3321289122104645,0.05697684735059738,0.9957971572875977,1.297019124031067,160.3859100341797,0.2182350754737854,3.631440504566621e-05,1.333184632551183,,,,
71600,5,-0.3375939428806305,0.04726430028676987,0.9947506785392761,1.2828607559204102,158.612548828125,0.20248569548130035,3.624360478710165e-05,1.3333296406349144,,,,
71800,5,-0.3373768925666809,0.053979188203811646,0.894588828086853,1.3045202493667603,161.31295776367188,0.21049635112285614,3.61726913055617e-05,1.3331341380645794,,,,
72000,5,-0.3372184634208679,0.052134353667497635,0.9280944466590881,1.2978427410125732,160.00466918945312,0.21967867016792297,3.610166531514436e-05,1.3335158559466764,,,,
72200,5,-0.34131908416748047,0.0483006052672863,0.9512903690338135,1.2987321615219116,160.32275390625,0.19855909049510956,3.603052753108053e-05,1.3335273263706178,,,,
72400,5,-0.33452102541923523,0.04849451407790184,1.0192866325378418,1.2767183780670166,156.9593505859375,0.219495490193367,3.5959278669726935e-05,1.3334134287439585,,,,
72600,5,-0.3329795002937317,0.05208170786499977,0.9595613479614258,1.2835372686386108,159.00411987304688,0.2052675485610962,3.588791944855881e-05,1.3337137767590195,,,,
72800,5,-0.32668381929397583,0.05707906559109688,1.0758514404296875,1.2792096138000488,158.4036407470703,0.22487963736057281,3.581645058616271e-05,1.3334511031074294,,,,
73000,5,-0.3269420266151428,0.06087864935398102,0.9801924228668213,1.2927355766296387,159.57408142089844,0.22032307088375092,3.5744872802229296e-05,1.3336525572913471,,,,
73200,5,-0.32593733072280884,0.05448135361075401,0.9975043535232544,1.2680622339248657,157.00831604003906,0.21665138006210327,3.567318681754605e-05,1.3337595001343285,,,,
73400,5,-0.3397386074066162,0.052113309502601624,0.9439787864685059,1.3061729669570923,162.44627380371094,0.20713238418102264,3.5601393353990046e-05,1.333626450579785,,,,
73600,5,-0.32759538292884827,0.05075297877192497,1.0778334140777588,1.2611610889434814,154.5969696044922,0.21211974322795868,3.552949313452067e-05,1.3339525097610516,,,,
73800,5,-0.33690252900123596,0.05326855182647705,0.9478148818016052,1.3005702495574951,162.7978515625,0.21343304216861725,3.545748688317232e-05,1.333942304515051,,,,
74000,5,-0.3382454216480255,0.05234994366765022,0.9570261240005493,1.3019845485687256,159.8173065185547,0.22345463931560516,3.5385375325047166e-05,1.3338693482268824,,,,
74200,5,-0.3355661928653717,0.054002951830625534,1.0104401111602783,1.2985637187957764,158.84779357910156,0.21273604035377502,3.5313159186307784e-05,1.3341130817123377,,,,
74400,5,-0.3381600081920624,0.05343656614422798,0.9292447566986084,1.3053219318389893,160.55294799804688,0.2084067314863205,3.5240839194169885e-05,1.3338637694450997,,,,
74600,5,-0.3244042992591858,0.0611044317483902,0.9705754518508911,1.2850290536880493,158.32382202148438,0.23936890065670013,3.516841607689501e-05,1.3340838504928436,,,,
74800,5,-0.3386833965778351,0.050211042165756226,0.9697155356407166,1.2963147163391113,158.80636596679688,0.20299652218818665,3.509589056378312e-05,1.3340595228325869,,,,
75000,5,-0.3379678726196289,0.049309756606817245,1.0012664794921875,1.29092538356781,159.1461181640625,0.2120411992073059,3.502326338516534e-05,1.3337811052928004,,,,
75200,5,-0.33595845103263855,0.05537384748458862,0.9539158344268799,1.304440975189209,160.1190643310547,0.20295892655849457,3.495053527239656e-05,1.3341592789678585,,,,
75400,5,-0.3369600176811218,0.05137190222740173,0.9609824419021606,1.294439673423767,160.03433227539062,0.2107568234205246,3.487770695784805e-05,1.3340856167496389,,,,
75600,5,-0.3349928855895996,0.04889993742108345,0.9614050984382629,1.2796427011489868,158.88241577148438,0.2030808925628662,3.480477917490014e-05,1.3339203995038862,,,,
75800,5,-0.33524996042251587,0.05393638089299202,0.9639482498168945,1.2972878217697144,159.37843322753906,0.2118573635816574,3.4731752657934794e-05,1.3341831816370362,,,,
76000,5,-0.33540016412734985,0.05502338707447052,0.9454605579376221,1.301411747932434,160.8948974609375,0.2081228345632553,3.465862814232822e-05,1.3340110763751354,,,,
76200,5,-0.33053621649742126,0.05577213317155838,0.9867275953292847,1.2876944541931152,159.6025390625,0.21936942636966705,3.458540636444349e-05,1.3341911257287433,,,,
76400,5,-0.33825433254241943,0.05339730158448219,0.9429835081100464,1.305505394935608,161.82644653320312,0.20955051481723785,3.4512088061623075e-05,1.3341850336497565,,,,
76600,5,-0.328304648399353,0.0523466020822525,1.00040864944458,1.2688374519348145,157.76441955566406,0.22638756036758423,3.44386739721815e-05,1.3341373273792088,,,,
76800,6,-0.3268524706363678,0.05541263893246651,0.9688547849655151,1.2742170095443726,157.23898315429688,0.22418664395809174,3.436516483539781e-05,1.334218826009907,,,,
77000,6,-0.32496604323387146,0.05866752937436104,0.9707961678504944,1.2787785530090332,156.2877197265625,0.21168451011180878,3.4291561391508185e-05,1.3339541998600608,,,,
77200,6,-0.3384966552257538,0.052146852016448975,0.9240334033966064,1.302145004272461,159.02308654785156,0.21593354642391205,3.421786438169852e-05,1.334197324537919,,,,
77400,6,-0.3227640688419342,0.05521520972251892,1.0314972400665283,1.2599308490753174,155.5513916015625,0.2068960964679718,3.4144074548096866e-05,1.3342536817310782,,,,
77600,6,-0.3413345217704773,0.04805620014667511,0.941565752029419,1.2979689836502075,159.6924591064453,0.19273626804351807,3.4070192633766025e-05,1.3338311206893583,,,,
77800,6,-0.3357451558113098,0.05707161873579025,0.964458167552948,1.3093892335891724,161.26397705078125,0.21798112988471985,3.399621938269606e-05,1.333689171653552,,,,
78000,6,-0.32993754744529724,0.05589675158262253,0.9743713140487671,1.2861143350601196,159.9344940185547,0.206899955868721,3.392215553979679e-05,1.3336372458515107,,,,
78200,6,-0.3346906304359436,0.05607854202389717,0.9895501732826233,1.3025639057159424,161.0648651123047,0.2164018303155899,3.3848001850890296e-05,1.3339700502301004,,,,
78400,6,-0.3351600766181946,0.05721285566687584,0.9964523911476135,1.3079097270965576,161.1685791015625,0.22134843468666077,3.3773759062703396e-05,1.3338777065967833,,,,
78600,6,-0.33482831716537476,0.05502607300877571,0.9614707231521606,1.299514651298523,160.74208068847656,0.2005658745765686,3.369942792286013e-05,1.333823580390686,,,,
78800,6,-0.33219680190086365,0.058417703956365585,0.95075923204422,1.3020483255386353,158.8382568359375,0.20976637303829193,3.3625009179874265e-05,1.3340331106814156,,,,
79000,6,-0.32543450593948364,0.05984436720609665,1.0516787767410278,1.2842628955841064,158.49853515625,0.22645218670368195,3.355050358314172e-05,1.3338028111508031,,,,
79200,6,-0.34186697006225586,0.048031166195869446,0.9148663282394409,1.2996604442596436,161.3026580810547,0.20684850215911865,3.3475911882933015e-05,1.3340373829202148,,,,
79400,6,-0.33423441648483276,0.05284227430820465,0.9577468633651733,1.2902556657791138,160.8362274169922,0.22257374227046967,3.3401234830385756e-05,1.3339789402339317,,,,
79600,6,-0.3347710967063904,0.0504550077021122,0.9405572414398193,1.2840869426727295,158.9949493408203,0.19196440279483795,3.332647317749702e-05,1.3338801113104872,,,,
79800,6,-0.34375688433647156,0.05280187353491783,0.9381649494171143,1.3218624591827393,163.8640594482422,0.20992881059646606,3.325162767711583e-05,1.3340815813748814,,,,
80000,6,-0.32506972551345825,0.05897407978773117,1.0076851844787598,1.2801460027694702,158.478271484375,0.22199229896068573,3.3176699082935545e-05,1.333827932215577,0.04951473958790302,1.3889778077602386,1.2151590927320026,159.3003303527832
80200,6,-0.3304668068885803,0.05186911299824715,0.9470926523208618,1.274453043937683,159.934326171875,0.21776479482650757,3.310168814948627e-05,1.333279330294442,,,,
80400,6,-0.3365654945373535,0.04861800745129585,0.9787206053733826,1.2839449644088745,160.02359008789062,0.20953209698200226,3.302659563212727e-05,1.333166463291886,,,,
80600,6,-0.33212974667549133,0.0526391826570034,0.9984004497528076,1.2825630903244019,161.8361053466797,0.22061187028884888,3.295142228703938e-05,1.3334562155040677,,,,
80800,6,-0.3458786904811859,0.04764433950185776,0.9208956956863403,1.3117433786392212,163.9300994873047,0.19699622690677643,3.2876168871217325e-05,1.3332739311975754,,,,
81000,6,-0.33548855781555176,0.05349607765674591,0.9666465520858765,1.296615481376648,158.5800323486328,0.20612797141075134,3.280083614246218e-05,1.3332063470662285,,,,
81200,6,-0.3350409269332886,0.05643380433320999,0.9904019236564636,1.3049156665802002,162.74685668945312,0.20648501813411713,3.272542485937369e-05,1.3330446958823392,,,,
81400,6,-0.3367016911506653,0.051205113530159,0.9721987247467041,1.293022632598877,160.1023406982422,0.20131970942020416,3.264993578134263e-05,1.3330975068155184,,,,
81600,6,-0.33423376083374023,0.05767730996012688,0.9433833360671997,1.3063701391220093,162.56954956054688,0.21387793123722076,3.257436966854319e-05,1.3332808197723405,,,,
81800,6,-0.3284274637699127,0.055327124893665314,0.9778728485107422,1.2791818380355835,159.63597106933594,0.2110263705253601,3.249872728192527e-05,1.3330502134383506,,,,
82000,6,-0.3342582583427429,0.04908154159784317,1.0338486433029175,1.2777992486953735,156.1210174560547,0.20360353589057922,3.2423009383206876e-05,1.3333179596758478,,,,
82200,6,-0.3283611536026001,0.05814172327518463,1.0023901462554932,1.2883429527282715,158.68017578125,0.214706689119339,3.23472167348664e-05,1.3332714539830524,,,,
82400,6,-0.33976972103118896,0.051636237651109695,0.9468821883201599,1.3046865463256836,159.31703186035156,0.21537739038467407,3.2271350100134975e-05,1.3332063006331931,,,,
82600,6,-0.34662070870399475,0.04731106758117676,0.9688160419464111,1.313105821609497,162.45997619628906,0.2089029997587204,3.2195410242988776e-05,1.3334292551107088,,,,
82800,6,-0.3409610092639923,0.049473632127046585,0.9569307565689087,1.3014488220214844,160.04014587402344,0.192660391330719,3.211939792814131e-05,1.3332420544708747,,,,
83000,6,-0.34601283073425293,0.048128969967365265,0.9449663162231445,1.3138059377670288,162.75221252441406,0.20295536518096924,3.2043313921035743e-05,1.3333183381772529,,,,
83200,6,-0.3449573516845703,0.048996955156326294,0.9617189764976501,1.313180923461914,162.49864196777344,0.2036948800086975,3.19671589878372e-05,1.3333358761538394,,,,
83400,6,-0.3403790593147278,0.052871011197566986,0.947589635848999,1.3108335733413696,158.82794189453125,0.21907316148281097,3.1890933895424976e-05,1.333246060515872,,,,
83600,6,-0.34288355708122253,0.049973223358392715,0.9276899099349976,1.3095225095748901,163.14031982421875,0.19658835232257843,3.181463941138495e-05,1.3334941597872858,,,,
83800,6,-0.33442598581314087,0.05311878025531769,0.9420986175537109,1.2918157577514648,160.94033813476562,0.20025047659873962,3.17382763040017e-05,1.3333083506854475,,,,
84000,6,-0.33923274278640747,0.04834156855940819,0.9870166778564453,1.2919143438339233,158.4619598388672,0.19314707815647125,3.166184534225087e-05,1.3335020460261278,,,,
84200,6,-0.3244578242301941,0.058047015219926834,0.9513936042785645,1.2750160694122314,158.73611450195312,0.22444380819797516,3.158534729579142e-05,1.333497880740457,,,,
84400,6,-0.33166539669036865,0.05333753302693367,0.9821021556854248,1.2833430767059326,158.0643310546875,0.21202053129673004,3.15087829349578e-05,1.3332941933933273,,,,
84600,6,-0.3342089056968689,0.0531318336725235,0.9753736853599548,1.2911356687545776,159.25445556640625,0.20759093761444092,3.1432153030752295e-05,1.3335837445767718,,,,
84800,6,-0.33317697048187256,0.05204198136925697,1.0444846153259277,1.2840631008148193,154.8094940185547,0.2105918526649475,3.135545835483718e-05,1.3334591422929247,,,,
85000,6,-0.33276745676994324,0.055595505982637405,0.943878710269928,1.2945431470870972,160.3905792236328,0.21700112521648407,3.127869967952698e-05,1.333427160300452,,,,
85200,6,-0.3362697660923004,0.054184313863515854,0.945033073425293,1.3015135526657104,161.95599365234375,0.2024686336517334,3.120187777778073e-05,1.3335956767047092,,,,
85400,6,-0.33664098381996155,0.051813118159770966,1.0293116569519043,1.294847011566162,161.3998260498047,0.203425794839859,3.11249934231941e-05,1.33339653123092,,,,
85600,6,-0.33026835322380066,0.057312317192554474,0.9957016706466675,1.2919354438781738,159.69009399414062,0.2106289118528366,3.104804738999169e-05,1.3336740510167506,,,,
85800,6,-0.3380213975906372,0.053239718079566956,1.020580530166626,1.3042036294937134,161.1213836669922,0.20315448939800262,3.097104045301922e-05,1.3336149064400782,,,,
86000,6,-0.32873040437698364,0.05261524021625519,0.9520860910415649,1.2711520195007324,157.3980255126953,0.21015074849128723,3.0893973387735687e-05,1.3335222155760147,,,,
86200,6,-0.3449183702468872,0.05274317041039467,0.923068642616272,1.3255383968353271,163.279541015625,0.2123960703611374,3.0816846970205556e-05,1.333743441802351,,,,
86400,6,-0.3367388844490051,0.04794936627149582,0.9544581174850464,1.2822941541671753,160.66690063476562,0.20499934256076813,3.073966197709103e-05,1.333445953532456,,,,
86600,6,-0.33501243591308594,0.049437444657087326,1.014156460762024,1.2814995050430298,157.01828002929688,0.20162664353847504,3.0662419185644115e-05,1.3322904113868008,,,,
86800,6,-0.33395493030548096,0.0566839836537838,0.9571748971939087,1.3021296262741089,162.63119506835938,0.20549489557743073,3.058511937369886e-05,1.3320864031143114,,,,
87000,6,-0.336577832698822,0.0560542494058609,0.9447900056838989,1.3087735176086426,161.83023071289062,0.2247561812400818,3.0507763319663517e-05,1.3323831151836205,,,,
87200,6,-0.3342728912830353,0.05405798926949501,0.9841949939727783,1.2944362163543701,159.42327880859375,0.21132701635360718,3.0430351802512698e-05,1.332282160207544,,,,
87400,6,-0.3437322974205017,0.04916568100452423,0.9385353326797485,1.3096599578857422,162.6138153076172,0.1957901120185852,3.0352885601779512e-05,1.332144688863085,,,,
87600,6,-0.3392394483089447,0.05113811045885086,0.9678539037704468,1.3012584447860718,161.00103759765625,0.21043577790260315,3.027536549754775e-05,1.3319950423719313,,,,
87800,6,-0.33788156509399414,0.05602781102061272,0.9482641220092773,1.3130311965942383,162.3994903564453,0.21407698094844818,3.0197792270443982e-05,1.3317056954541973,,,,
88000,6,-0.33741751313209534,0.05405645817518234,0.9193458557128906,1.3049131631851196,163.5707550048828,0.20813363790512085,3.012016670162977e-05,1.3315958514508464,,,,
88200,6,-0.3383101224899292,0.052426889538764954,0.9798765182495117,1.3024566173553467,161.70526123046875,0.20667004585266113,3.004248957279372e-05,1.331299655674444,,,,
88400,6,-0.3428918421268463,0.048435959964990616,1.005205512046814,1.3044259548187256,158.49188232421875,0.2183363139629364,2.996476166614364e-05,1.3314028357765055,,,,
88600,6,-0.3426819145679474,0.048859529197216034,0.952376127243042,1.305138111114502,161.88009643554688,0.19613845646381378,2.9886983764398707e-05,1.3316778335580057,,,,
88800,6,-0.33410245180130005,0.05625893548130989,0.9452455043792725,1.3012045621871948,164.11053466796875,0.19939053058624268,2.9809156650781528e-05,1.3317592006376742,,,,
89000,6,-0.33686861395835876,0.05325208976864815,0.9999091625213623,1.300402283668518,161.7683563232422,0.20379996299743652,2.9731281109010256e-05,1.3316702620660732,,,,
89200,6,-0.34329211711883545,0.049051325768232346,0.9717241525650024,1.3078113794326782,161.28173828125,0.20361784100532532,2.9653357923290753e-05,1.3319900370201663,,,,
89400,6,-0.3452417254447937,0.04872770980000496,0.973645031452179,1.3132314682006836,163.38047790527344,0.20231899619102478,2.9575387878308615e-05,1.331839212563226,,,,
89600,7,-0.3312802314758301,0.05502017214894295,0.9318007826805115,1.287667989730835,158.909912109375,0.21406514942646027,2.9497371759221347e-05,1.3319189429778644,,,,
89800,7,-0.3357187807559967,0.057864196598529816,0.9382003545761108,1.3119431734085083,165.1350860595703,0.21599845588207245,2.9419310351650392e-05,1.3319025587487066,,,,
90000,7,-0.33840030431747437,0.0535241924226284,1.0245656967163086,1.3064149618148804,162.69696044921875,0.20316031575202942,2.9341204441673266e-05,1.3318105710144086,,,,
90200,7,-0.33106184005737305,0.05641878396272659,0.9850984811782837,1.2916020154953003,157.01498413085938,0.19853362441062927,2.92630548158156e-05,1.3321172867538358,,,,
90400,7,-0.33009061217308044,0.05857764557003975,0.9414600729942322,1.2955608367919922,160.06707763671875,0.22142665088176727,2.918486226104327e-05,1.3319999190888272,,,,
90600,7,-0.33540546894073486,0.054043449461460114,0.9277578592300415,1.2981629371643066,161.13807678222656,0.19947077333927155,2.910662756475443e-05,1.3320943785266395,,,,
90800,7,-0.3441742956638336,0.05050482600927353,0.9248251914978027,1.3155970573425293,161.50677490234375,0.20519065856933594,2.9028351514771606e-05,1.3321344473054313,,,,
91000,7,-0.3362668454647064,0.05330512300133705,0.9145721197128296,1.2985731363296509,161.39830017089844,0.21904397010803223,2.895003489933375e-05,1.3320516052326934,,,,
91200,7,-0.33626145124435425,0.05242885649204254,0.9333251118659973,1.295634388923645,162.2293701171875,0.20879460871219635,2.8871678507088312e-05,1.33234103970374,,,,
91400,7,-0.33928853273391724,0.0506957583129406,1.0132849216461182,1.2999475002288818,162.28414916992188,0.20096558332443237,2.8793283127083292e-05,1.3327206100645665,,,,
91600,7,-0.3357333242893219,0.05249493196606636,0.9562802910804749,1.294094204902649,161.255126953125,0.2073579877614975,2.8714849548759293e-05,1.3330130394258717,,,,
91800,7,-0.3368610143661499,0.04851016402244568,0.9820108413696289,1.284570574760437,158.22488403320312,0.20295144617557526,2.8636378561941592e-05,1.3329814096433052,,,,
92000,7,-0.34619882702827454,0.05187169834971428,0.9052624702453613,1.3269016742706299,164.0642852783203,0.20791080594062805,2.8557870956832132e-05,1.332991294805155,,,,
92200,7,-0.340695858001709,0.051071736961603165,0.9332330226898193,1.3058918714523315,162.2347869873047,0.20029261708259583,2.8479327524001636e-05,1.3332807006337755,,,,
92400,7,-0.33702778816223145,0.05395185202360153,0.9524281620979309,1.3032654523849487,160.5633544921875,0.19445587694644928,2.840074905438161e-05,1.3332033193403903,,,,
92600,7,-0.3375418186187744,0.05039778724312782,0.9368271827697754,1.293131947517395,159.630859375,0.20897018909454346,2.8322136339256356e-05,1.3333302796051338,,,,
92800,7,-0.338967502117157,0.05291221663355827,0.9669435024261475,1.3062655925750732,160.56243896484375,0.2035796344280243,2.8243490170255043e-05,1.3334593185889494,,,,
93000,7,-0.32792162895202637,0.05863861367106438,0.9694845080375671,1.2885340452194214,161.0831298828125,0.20122076570987701,2.8164811339343732e-05,1.3333510660868617,,,,
93200,7,-0.3425614535808563,0.047345876693725586,0.9370844960212708,1.299691081047058,163.3167724609375,0.18400077521800995,2.808610063881737e-05,1.3336044142175736,,,,
93400,7,-0.34037891030311584,0.04839193820953369,0.9043430089950562,1.2959027290344238,161.2419891357422,0.19030825793743134,2.800735886129184e-05,1.3336451045590418,,,,
93600,7,-0.34415021538734436,0.0521916039288044,0.9183595180511475,1.3211393356323242,163.78672790527344,0.2033064067363739,2.792858679969596e-05,1.33363979806838,,,,
93800,7,-0.3381234109401703,0.04946685954928398,0.9743841886520386,1.291967511177063,158.46060180664062,0.1987559050321579,2.7849785247263515e-05,1.3339407212763184,,,,
94000,7,-0.33120056986808777,0.0551672987639904,0.981418251991272,1.2878928184509277,160.5537109375,0.19950121641159058,2.7770954997525277e-05,1.3338527966468305,,,,
94200,7,-0.33303317427635193,0.04900302365422249,0.998365581035614,1.273453950881958,157.56556701660156,0.177877739071846,2.769209684430098e-05,1.333942930568608,,,,
94400,7,-0.33960795402526855,0.052911896258592606,0.9073228240013123,1.3083994388580322,161.29527282714844,0.1916447877883911,2.761321158169134e-05,1.334085746256769,,,,
94600,7,-0.3416499197483063,0.05017019435763359,0.8878498077392578,1.3060669898986816,162.45733642578125,0.1885940581560135,2.7534300004070086e-05,1.3340107459572772,,,,
94800,7,-0.34088560938835144,0.05309348553419113,0.9944541454315186,1.3132636547088623,160.21261596679688,0.21349023282527924,2.7455362906075932e-05,1.3342379454534086,,,,
95000,7,-0.3315357267856598,0.05890018492937088,0.9899613857269287,1.3014529943466187,160.76376342773438,0.21612481772899628,2.7376401082604564e-05,1.3342733523871522,,,,
95200,7,-0.3295021951198578,0.05323552340269089,1.0005043745040894,1.2757923603057861,157.63265991210938,0.20175300538539886,2.7297415328800692e-05,1.3342535755188092,,,,
95400,7,-0.33496344089508057,0.05587897077202797,0.985361635684967,1.3028079271316528,159.7952880859375,0.2146701216697693,2.7218406440049954e-05,1.3345317738338014,,,,
95600,7,-0.3317069411277771,0.051540523767471313,1.0148240327835083,1.2774914503097534,158.38543701171875,0.21237865090370178,2.7139375211970996e-05,1.3345662316137827,,,,
95800,7,-0.32585474848747253,0.055422283709049225,0.9089810848236084,1.270923376083374,157.6265869140625,0.19715921580791473,2.706032244040741e-05,1.3345622590038655,,,,
96000,7,-0.3368581533432007,0.053751133382320404,0.9218767881393433,1.3020309209823608,161.83811950683594,0.2007739543914795,2.698124892141971e-05,1.3347812877137764,,,,
96200,7,-0.34372255206108093,0.046372704207897186,0.9693741202354431,1.3003175258636475,161.86636352539062,0.1958600878715515,2.6902155451277377e-05,1.3347184230640892,,,,
96400,7,-0.337665855884552,0.05252181366086006,0.9815954566001892,1.3006255626678467,159.388916015625,0.189535453915596,2.6823042826450774e-05,1.3348348861793689,,,,
96600,7,-0.3335193395614624,0.05199972167611122,0.9490624070167542,1.2850635051727295,159.66001892089844,0.20039638876914978,2.674391184360313e-05,1.334868433307654,,,,
96800,7,-0.3435555100440979,0.04817711561918259,0.8877325057983398,1.3057754039764404,161.36619567871094,0.19350551068782806,2.6664763299582602e-05,1.3348556610853237,,,,
97000,7,-0.33982717990875244,0.04822881147265434,0.8982936143875122,1.2935198545455933,161.52139282226562,0.1939321905374527,2.6585597991414114e-05,1.3351160709253969,,,,
97200,7,-0.3425629734992981,0.0508173368871212,0.887050986289978,1.311267614364624,162.4619140625,0.19372643530368805,2.6506416716291465e-05,1.3351105706887463,,,,
97400,7,-0.3492886424064636,0.04658542573451996,0.9535447359085083,1.3195801973342896,163.24513244628906,0.20388658344745636,2.6427220271569203e-05,1.3350861875068174,,,,
97600,7,-0.34716254472732544,0.04839751124382019,0.8799552917480469,1.3185334205627441,165.38134765625,0.2041059136390686,2.6348009454754653e-05,1.3353378629370805,,,,
97800,7,-0.3374313414096832,0.046715933829545975,0.9494664669036865,1.2804908752441406,158.45713806152344,0.19101931154727936,2.626878506349986e-05,1.3352500255725872,,,,
98000,7,-0.3430843949317932,0.044784341007471085,0.9536957740783691,1.2928956747055054,161.67999267578125,0.18278203904628754,2.6189547895593562e-05,1.3353804407231027,,,,
98200,7,-0.3308364748954773,0.05651247501373291,0.9555168151855469,1.2911630868911743,157.02590942382812,0.20952732861042023,2.6110298748953153e-05,1.3354495631182186,,,,
98400,7,-0.32849377393722534,0.056839268654584885,0.9915003776550293,1.2844433784484863,162.30047607421875,0.21809402108192444,2.6031038421616683e-05,1.335389521980358,,,,
98600,7,-0.34684357047080994,0.04815489053726196,0.9140592813491821,1.3166614770889282,160.29806518554688,0.21135078370571136,2.5951767711734753e-05,1.3358433280427624,,,,
98800,7,-0.34718427062034607,0.047645557671785355,0.9578914642333984,1.3160994052886963,164.32382202148438,0.18540917336940765,2.587248741756253e-05,1.3364209296990814,,,,
99000,7,-0.33702418208122253,0.0522087998688221,0.932816207408905,1.2974432706832886,162.73870849609375,0.18873344361782074,2.5793198337451696e-05,1.336523461295106,,,,
99200,7,-0.3395117521286011,0.04933736100792885,1.0175515413284302,1.2961636781692505,162.76913452148438,0.19302357733249664,2.5713901269842404e-05,1.336489080284629,,,,
99400,7,-0.34184327721595764,0.05359083414077759,0.9351018071174622,1.3181136846542358,164.03025817871094,0.21050585806369781,2.563459701325526e-05,1.3365304153988584,,,,
99600,7,-0.34787580370903015,0.045239903032779694,0.9838292002677917,1.3103855848312378,162.7615966796875,0.18736259639263153,2.5555286366283237e-05,1.3369290083842715,,,,
99800,7,-0.3411998152732849,0.05330759659409523,0.9257795810699463,1.3150246143341064,163.75289916992188,0.20184022188186646,2.5475970127583666e-05,1.337054749643946,,,,
100000,7,-0.33848434686660767,0.05110464245080948,0.9630722999572754,1.298629879951477,160.34652709960938,0.19200275838375092,2.5396649095870202e-05,1.3369122298391034,0.04532810878008604,1.3154873847961426,1.2168756610727718,159.97500228881836
100200,7,-0.34389767050743103,0.047740500420331955,0.9457049369812012,1.3054604530334473,160.9016571044922,0.19664572179317474,2.531732406990474e-05,1.3364612554372093,,,,
100400,7,-0.34220090508461,0.0504305474460125,1.0069009065628052,1.3087713718414307,160.12623596191406,0.20896489918231964,2.523799584848942e-05,1.3362551562841578,,,,
100600,7,-0.34299352765083313,0.048916880041360855,0.9851186275482178,1.3063679933547974,161.14590454101562,0.19847941398620605,2.515866523045855e-05,1.3361211481833972,,,,
100800,7,-0.33367809653282166,0.054752737283706665,0.9732894897460938,1.2947694063186646,158.24630737304688,0.21265454590320587,2.507933301467056e-05,1.3358971553934222,,,,
101000,7,-0.34762445092201233,0.04884576052427292,0.9165782928466797,1.3215672969818115,163.66673278808594,0.19596892595291138,2.5e-05,1.3355182145546525,,,,
101200,7,-0.33824998140335083,0.05008804798126221,1.0053009986877441,1.2944600582122803,160.36595153808594,0.21526142954826355,2.4920666985329443e-05,1.3356585913522734,,,,
101400,7,-0.3371375799179077,0.053934890776872635,0.9453765153884888,1.3035749197006226,162.6442108154297,0.20795565843582153,2.484133476954146e-05,1.3357826360934073,,,,
101600,7,-0.34511828422546387,0.046437349170446396,0.944046139717102,1.3051854372024536,160.9434051513672,0.19994662702083588,2.4762004151510584e-05,1.3358901533524934,,,,
101800,7,-0.33402401208877563,0.05352753400802612,1.014784336090088,1.2918384075164795,159.10977172851562,0.19710616767406464,2.4682675930095263e-05,1.3357918578527272,,,,
102000,7,-0.33536913990974426,0.05221050605177879,0.9494367241859436,1.2919321060180664,161.06846618652344,0.19894175231456757,2.46033509041298e-05,1.335707836669954,,,,
102200,7,-0.337278813123703,0.05090547353029251,1.0335876941680908,1.2939475774765015,156.71742248535156,0.19957101345062256,2.4524029872416333e-05,1.3357693457517033,,,,
102400,8,-0.343890517950058,0.04803807660937309,0.9604550004005432,1.3064285516738892,159.6486053466797,0.20426996052265167,2.4444713633716765e-05,1.336107883559825,,,,
102600,8,-0.33474382758140564,0.052785973995923996,0.9636714458465576,1.2917659282684326,160.59613037109375,0.2017233669757843,2.4365402986744738e-05,1.336163579445975,,,,
102800,8,-0.3416050970554352,0.0486842580139637,0.9550571441650391,1.3009644746780396,160.86468505859375,0.2052517980337143,2.42860987301576e-05,1.3361927047387043,,,,
103000,8,-0.33240318298339844,0.05358738452196121,0.9707155227661133,1.286635160446167,159.6426544189453,0.20671817660331726,2.4206801662548314e-05,1.3365034283299586,,,,
103200,8,-0.338698148727417,0.05497077479958534,0.9061903953552246,1.3122296333312988,161.85137939453125,0.2071799486875534,2.4127512582437485e-05,1.3365321236449201,,,,
103400,8,-0.3457343876361847,0.04888324812054634,0.9519913196563721,1.3153921365737915,163.6064910888672,0.19039584696292877,2.4048232288265253e-05,1.33660453310905,,,,
103600,8,-0.3374362587928772,0.052970509976148605,0.9290659427642822,1.3013558387756348,162.49615478515625,0.20977340638637543,2.3968961578383323e-05,1.336916358744591,,,,
103800,8,-0.3430916965007782,0.04987478256225586,0.9328181743621826,1.309888243675232,162.99281311035156,0.1889323741197586,2.388970125104685e-05,1.3368727707685024,,,,
104000,8,-0.34601032733917236,0.04540618881583214,1.0451138019561768,1.304721713066101,159.75794982910156,0.19207870960235596,2.3810452104406444e-05,1.337180606816963,,,,
104200,8,-0.344672292470932,0.04768666252493858,0.9239399433135986,1.3078631162643433,163.07723999023438,0.21529769897460938,2.3731214936500147e-05,1.3372552864769007,,,,
104400,8,-0.3325560986995697,0.052730586379766464,0.9918327331542969,1.2842888832092285,161.1588134765625,0.20721115171909332,2.3651990545245356e-05,1.3372891623541043,,,,
104600,8,-0.3393701910972595,0.047210853546857834,0.9759427309036255,1.28860342502594,160.72207641601562,0.20239345729351044,2.35727797284308e-05,1.3375964064155903,,,,
104800,8,-0.34355923533439636,0.04728519916534424,0.9313205480575562,1.3028147220611572,161.07008361816406,0.1896955668926239,2.349358328370854e-05,1.337613324585422,,,,
105000,8,-0.3310146927833557,0.05418476089835167,0.9388290643692017,1.2839981317520142,160.0624237060547,0.1909925639629364,2.3414402008585888e-05,1.3374432604387039,,,,
105200,8,-0.34539318084716797,0.052479181438684464,0.9676279425621033,1.326241135597229,163.90695190429688,0.1950327754020691,2.3335236700417404e-05,1.3375523904310622,,,,
105400,8,-0.3345920443534851,0.05213375762104988,0.9585480690002441,1.2890859842300415,161.69432067871094,0.19437173008918762,2.3256088156396868e-05,1.3373199815137553,,,,
105600,8,-0.3406984806060791,0.04828105866909027,1.026615858078003,1.2965983152389526,160.37757873535156,0.19622066617012024,2.3176957173549235e-05,1.3372639935790567,,,,
105800,8,-0.3348451852798462,0.051455989480018616,0.9472321271896362,1.2876704931259155,161.7110595703125,0.2006651908159256,2.309784454872262e-05,1.3374307793841385,,,,
106000,8,-0.33913299441337585,0.05428682640194893,0.9840314388275146,1.3113993406295776,161.61732482910156,0.2063368260860443,2.3018751078580287e-05,1.3374162451937446,,,,
106200,8,-0.35179102420806885,0.051894500851631165,0.9353325366973877,1.3456183671951294,166.28176879882812,0.19661623239517212,2.2939677559592605e-05,1.3376344797764128,,,,
106400,8,-0.33872684836387634,0.05267627164721489,0.9592434167861938,1.3046770095825195,162.3341522216797,0.19444963335990906,2.2860624788029013e-05,1.3375682125734312,,,,
106600,8,-0.3315087556838989,0.056204572319984436,1.075685739517212,1.2923777103424072,160.03488159179688,0.22433164715766907,2.2781593559950052e-05,1.3376070108391631,,,,
106800,8,-0.3442915678024292,0.04698320850729942,0.9158732295036316,1.3042491674423218,162.9404296875,0.19009914994239807,2.2702584671199317e-05,1.3378496096345793,,,,
107000,8,-0.34114447236061096,0.04997456073760986,0.9129806160926819,1.3037300109863281,163.09124755859375,0.18237125873565674,2.2623598917395438e-05,1.3377738570308582,,,,
107200,8,-0.33854925632476807,0.0515475757420063,0.8721615672111511,1.3003227710723877,162.58995056152344,0.1985999345779419,2.2544637093924074e-05,1.3379896938510587,,,,
107400,8,-0.34022924304008484,0.05279552936553955,0.9445592164993286,1.3100825548171997,161.73333740234375,0.1971091628074646,2.2465699995929916e-05,1.3380207891199165,,,,
107600,8,-0.3441924452781677,0.046802178025245667,0.945759117603302,1.303315281867981,161.43739318847656,0.1836879700422287,2.238678841830867e-05,1.3381084811848987,,,,
107800,8,-0.3361486494541168,0.05238543823361397,0.9865212440490723,1.2951135635375977,161.71376037597656,0.19289682805538177,2.2307903155699027e-05,1.3383029290844608,,,,
108000,8,-0.3338850438594818,0.05212494358420372,0.9915763735771179,1.286699891090393,158.37094116210938,0.19683776795864105,2.222904500247473e-05,1.3382268381406695,,,,
108200,8,-0.3348425030708313,0.05182202160358429,0.9925408363342285,1.2888816595077515,160.84788513183594,0.1876828819513321,2.2150214752736488e-05,1.3384852089589274,,,,
108400,8,-0.3408549427986145,0.05037729814648628,0.9067176580429077,1.304107427597046,162.80056762695312,0.20175649225711823,2.2071413200304043e-05,1.3384821250204932,,,,
108600,8,-0.34697216749191284,0.0481538362801075,0.9534249305725098,1.3170866966247559,159.76861572265625,0.20026470720767975,2.1992641138708166e-05,1.3385598322982502,,,,
108800,8,-0.3357938528060913,0.051590148359537125,0.9700052738189697,1.291279911994934,159.62835693359375,0.19103731215000153,2.1913899361182632e-05,1.3385945406529665,,,,
109000,8,-0.34857314825057983,0.05205603316426277,0.9207298159599304,1.33543062210083,165.9253387451172,0.21174390614032745,2.1835188660656267e-05,1.33844999428787,,,,
109200,8,-0.34386709332466125,0.05042686685919762,0.9411416053771973,1.3143131732940674,160.85671997070312,0.19758425652980804,2.1756509829744956e-05,1.3385661340771415,,,,
109400,8,-0.34210097789764404,0.04884711280465126,0.9149684906005859,1.3031601905822754,163.00563049316406,0.183928981423378,2.167786366074365e-05,1.3385679726598434,,,,
109600,8,-0.32830673456192017,0.059342820197343826,0.9537185430526733,1.2921651601791382,161.29888916015625,0.1964844912290573,2.1599250945618402e-05,1.3382776745752272,,,,
109800,8,-0.32947006821632385,0.04956158995628357,0.9408241510391235,1.2634388208389282,157.29164123535156,0.1967705488204956,2.1520672475998373e-05,1.3384874587593056,,,,
110000,8,-0.3455333113670349,0.04421016201376915,0.9322494268417358,1.2991448640823364,160.5880126953125,0.18034103512763977,2.1442129043167874e-05,1.3383661063423296,,,,
110200,8,-0.33645281195640564,0.04724963754415512,0.9812179803848267,1.279008150100708,158.22911071777344,0.1854548305273056,2.136362143805842e-05,1.3381903302020712,,,,
110400,8,-0.34505021572113037,0.0481860488653183,0.9121290445327759,1.310787558555603,163.16622924804688,0.1884671449661255,2.1285150451240713e-05,1.3383108188612118,,,,
110600,8,-0.3417026698589325,0.04891141131520271,0.9883375763893127,1.3020468950271606,160.50978088378906,0.19297046959400177,2.1206716872916714e-05,1.3380999125327486,,,,
110800,8,-0.3467300236225128,0.043283574283123016,0.9592186808586121,1.3000452518463135,160.52769470214844,0.1891382336616516,2.1128321492911697e-05,1.337768544889199,,,,
111000,8,-0.33765512704849243,0.04873918369412422,1.0167489051818848,1.2879810333251953,159.17942810058594,0.19458816945552826,2.104996510066625e-05,1.337966935026532,,,,
111200,8,-0.33925318717956543,0.05481009930372238,0.964341402053833,1.3135442733764648,162.32778930664062,0.18907038867473602,2.09716484852284e-05,1.3378258127201201,,,,
111400,8,-0.34195074439048767,0.05031902715563774,0.9513990879058838,1.3075658082962036,161.8285369873047,0.19149088859558105,2.089337243524558e-05,1.3378611706042567,,,,
111600,8,-0.3453439176082611,0.049462489783763885,0.9443821907043457,1.3160213232040405,163.75323486328125,0.19000548124313354,2.0815137738956735e-05,1.3378542635237574,,,,
111800,8,-0.3391055464744568,0.04854627326130867,0.9590358734130859,1.2921726703643799,161.06385803222656,0.19719503819942474,2.0736945184184405e-05,1.3376137022989512,,,,
112000,8,-0.3447766602039337,0.052393607795238495,0.9446315765380859,1.323900818824768,164.8565673828125,0.21140490472316742,2.0658795558326743e-05,1.3377193352533636,,,,
112200,8,-0.3403623104095459,0.046605367213487625,0.95045006275177,1.2898921966552734,159.26219177246094,0.18732309341430664,2.0580689648349603e-05,1.337572350386415,,,,
112400,8,-0.3434443175792694,0.04711577296257019,0.9772552251815796,1.301866888999939,159.39044189453125,0.19199058413505554,2.0502628240778655e-05,1.3376191836027573,,,,
112600,8,-0.32505935430526733,0.05736206844449043,1.0390197038650513,1.274738073348999,156.4359588623047,0.20315657556056976,2.0424612121691384e-05,1.3375852404488893,,,,
112800,8,-0.34308451414108276,0.05186042934656143,0.9453362226486206,1.3164830207824707,162.53900146484375,0.19629451632499695,2.034664207670925e-05,1.3373420042475996,,,,
113000,8,-0.3435696065425873,0.04872587323188782,0.9420932531356812,1.3076515197753906,163.06292724609375,0.195884108543396,2.0268718890989753e-05,1.3374961987550307,,,,
113200,8,-0.3485405445098877,0.0447254441678524,0.9260202646255493,1.3108866214752197,163.56546020507812,0.18879465758800507,2.0190843349218485e-05,1.337334051113417,,,,
113400,8,-0.3396455943584442,0.04992976412177086,0.9399268627166748,1.2985844612121582,162.01878356933594,0.18886762857437134,2.0113016235601302e-05,1.3373595072006865,,,,
113600,8,-0.3405020833015442,0.04667612537741661,0.9546818733215332,1.2905939817428589,161.0478057861328,0.19951680302619934,2.003523833385637e-05,1.3373337348166077,,,,
113800,8,-0.34472739696502686,0.04442760720849037,0.9640001058578491,1.2971832752227783,158.78736877441406,0.18323159217834473,1.9957510427206295e-05,1.3371155715357113,,,,
114000,8,-0.33372005820274353,0.050212908536195755,0.988860011100769,1.2797765731811523,156.3768768310547,0.19076929986476898,1.9879833298370238e-05,1.3372324717768083,,,,
114200,8,-0.3292584717273712,0.05987169221043587,0.9828381538391113,1.29710054397583,159.16441345214844,0.21222195029258728,1.980220772955602e-05,1.3370458255674627,,,,
114400,8,-0.33635589480400085,0.050324369221925735,0.986314594745636,1.2889342308044434,160.70123291015625,0.20375271141529083,1.972463450245226e-05,1.3370275973378187,,,,
114600,8,-0.34505096077919006,0.047338277101516724,0.9842517971992493,1.3079640865325928,163.46900939941406,0.19144462049007416,1.9647114398220494e-05,1.3370037218791933,,,,
114800,8,-0.34077537059783936,0.05261577293276787,0.932499349117279,1.311303734779358,164.18881225585938,0.19095472991466522,1.956964819748731e-05,1.3368453956954576,,,,
115000,8,-0.3482869267463684,0.04653109237551689,0.9580486416816711,1.316059947013855,160.63397216796875,0.20821842551231384,1.9492236680336485e-05,1.336867445928104,,,,
115200,9,-0.3452918231487274,0.05061862990260124,0.8583394289016724,1.3197014331817627,164.184814453125,0.1840020716190338,1.9414880626301147e-05,1.3367261902797725,,,,
115400,9,-0.34275180101394653,0.04861834645271301,0.9320746064186096,1.3045670986175537,163.2549591064453,0.18811151385307312,1.9337580814355888e-05,1.3368234107723098,,,,
115600,9,-0.3458162546157837,0.04811732843518257,0.9421050548553467,1.3131119012832642,161.2678985595703,0.20259159803390503,1.926033802290897e-05,1.3366403686011648,,,,
115800,9,-0.32894232869148254,0.057488661259412766,0.9615264534950256,1.2881032228469849,158.46656799316406,0.21112790703773499,1.918315302979444e-05,1.3367387093523926,,,,
116000,9,-0.3407283425331116,0.05027575045824051,0.8999676704406738,1.303346872329712,161.47581481933594,0.19495727121829987,1.9106026612264316e-05,1.3366285469585057,,,,
116200,9,-0.3477350175380707,0.050595156848430634,0.9152262210845947,1.327767252922058,165.0792694091797,0.19367419183254242,1.9028959546980777e-05,1.3365017986653345,,,,
116400,9,-0.3369896411895752,0.04970307648181915,0.960265040397644,1.288975715637207,160.4159698486328,0.1990748643875122,1.895195261000831e-05,1.3364938603609067,,,,
116600,9,-0.33432817459106445,0.05350251495838165,0.9243044853210449,1.292768955230713,160.41627502441406,0.19670189917087555,1.8875006576805914e-05,1.336232519743404,,,,
116800,9,-0.3412832021713257,0.05593430995941162,0.973707914352417,1.3240582942962646,165.9781951904297,0.21507787704467773,1.879812222221929e-05,1.3363317705809945,,,,
117000,9,-0.3427485525608063,0.050403498113155365,0.9680401086807251,1.310506820678711,160.37879943847656,0.21472065150737762,1.872130032047302e-05,1.336115935617627,,,,
117200,9,-0.3334869146347046,0.05337299033999443,0.9352412223815918,1.2895328998565674,158.71742248535156,0.19895371794700623,1.8644541645162834e-05,1.33616879572161,,,,
117400,9,-0.33556002378463745,0.05186409875750542,1.004008173942566,1.29141366481781,162.00550842285156,0.19431334733963013,1.8567846969247714e-05,1.3361255291274348,,,,
117600,9,-0.3408719301223755,0.05050966888666153,0.9436303377151489,1.30460524559021,161.40945434570312,0.19872766733169556,1.84912170650422e-05,1.335997722973965,,,,
117800,9,-0.3433067798614502,0.047600921243429184,0.966055154800415,1.3030256032943726,162.05555725097656,0.19126330316066742,1.8414652704208583e-05,1.3359527409478735,,,,
118000,9,-0.3399817943572998,0.0514022521674633,0.945195198059082,1.3046133518218994,161.25128173828125,0.19031570851802826,1.8338154657749128e-05,1.3357627016610831,,,,
118200,9,-0.34113267064094543,0.05316247418522835,0.949753999710083,1.3143171072006226,160.05975341796875,0.19690191745758057,1.8261723695998307e-05,1.3358414725791565,,,,
118400,9,-0.35078078508377075,0.04671917483210564,0.9411994218826294,1.3249998092651367,163.60874938964844,0.18016855418682098,1.8185360588615058e-05,1.3356447171092272,,,,
118600,9,-0.3346552848815918,0.05234847962856293,1.0261893272399902,1.2900124788284302,162.31153869628906,0.21163469552993774,1.8109066104575023e-05,1.3357519279031256,,,,
118800,9,-0.33790868520736694,0.050044864416122437,0.9806450605392456,1.2931784391403198,159.19674682617188,0.20294822752475739,1.803284101216281e-05,1.3356255881695365,,,,
119000,9,-0.33841416239738464,0.05159936472773552,0.9100512266159058,1.3000450134277344,161.56454467773438,0.1935786008834839,1.795668607896426e-05,1.3355784237472843,,,,
119200,9,-0.34546250104904175,0.0498623363673687,0.9162788987159729,1.3177493810653687,163.08984375,0.19856099784374237,1.7880602071858692e-05,1.3355391996831723,,,,
119400,9,-0.33907613158226013,0.05113866552710533,0.9360663890838623,1.3007159233093262,162.18496704101562,0.19704852998256683,1.7804589757011226e-05,1.3353692825153776,,,,
119600,9,-0.3428700268268585,0.047932881861925125,0.9451100826263428,1.3026763200759888,160.55938720703125,0.18455952405929565,1.7728649899865024e-05,1.3354534270645448,,,,
119800,9,-0.3355717658996582,0.054563239216804504,0.9600871801376343,1.3004499673843384,162.76393127441406,0.20773552358150482,1.7652783265133606e-05,1.3352328979133206,,,,
120000,9,-0.347220242023468,0.04391792416572571,1.006295919418335,1.3037937879562378,162.66818237304688,0.1769917905330658,1.7576990616793137e-05,1.335322077346605,0.04149153754115105,1.3023347795009612,1.2258275288965155,160.83446731567383
120200,9,-0.33448606729507446,0.05127115547657013,1.0138099193572998,1.2858574390411377,158.9033966064453,0.1973075121641159,1.7501272718074737e-05,1.334857710512225,,,,
120400,9,-0.3488570749759674,0.0484393946826458,0.9264593124389648,1.3243215084075928,165.95176696777344,0.17945292592048645,1.742563033145682e-05,1.3349034924994319,,,,
120600,9,-0.33827367424964905,0.049233946949243546,0.926741361618042,1.2916920185089111,161.37196350097656,0.1941731721162796,1.735006421865738e-05,1.3349068244364592,,,,
120800,9,-0.34941601753234863,0.04556836560368538,0.8940564393997192,1.3166146278381348,165.03134155273438,0.1841198354959488,1.7274575140626318e-05,1.3348007113199045,,,,
121000,9,-0.3395402133464813,0.0471879318356514,0.9322118163108826,1.2890937328338623,160.42208862304688,0.1873924285173416,1.7199163857537825e-05,1.3348983751415229,,,,
121200,9,-0.3392845392227173,0.05161619558930397,0.9373522996902466,1.3030023574829102,160.3511962890625,0.1948661208152771,1.7123831128782684e-05,1.3347226030521826,,,,
121400,9,-0.3399653136730194,0.05371154472231865,0.9338984489440918,1.312256097793579,163.46449279785156,0.20312827825546265,1.7048577712960627e-05,1.3348141443727852,,,,
121600,9,-0.3440338969230652,0.049195751547813416,0.9789243936538696,1.3107655048370361,163.04808044433594,0.1952989399433136,1.697340436787273e-05,1.3347115574544037,,,,
121800,9,-0.33095404505729675,0.05114632099866867,1.0652531385421753,1.273667812347412,156.86843872070312,0.2090221345424652,1.6898311850513738e-05,1.3343349012253012,,,,
122000,9,-0.3496224284172058,0.049798980355262756,0.9119938611984253,1.331404685974121,163.9293212890625,0.1913284808397293,1.682330091706446e-05,1.3342235848840756,,,,
122200,9,-0.3458203077316284,0.04972502216696739,0.9414520859718323,1.3184844255447388,163.4767303466797,0.19406215846538544,1.674837232288417e-05,1.3340236239382952,,,,
122400,9,-0.33980730175971985,0.050659943372011185,0.9402565956115723,1.3015574216842651,160.4793243408203,0.19736477732658386,1.667352682250298e-05,1.3341073827881746,,,,
122600,9,-0.35013461112976074,0.04471232369542122,0.9254125356674194,1.3161563873291016,164.6048126220703,0.18957668542861938,1.6598765169614243e-05,1.3338784303414204,,,,
122800,9,-0.3461053669452667,0.04850233718752861,0.9626776576042175,1.3153588771820068,164.52650451660156,0.19882841408252716,1.6524088117066984e-05,1.333836399812219,,,,
123000,9,-0.3447020947933197,0.049216218292713165,0.9337180852890015,1.313060998916626,161.08489990234375,0.1897543966770172,1.6449496416858284e-05,1.333816582719303,,,,
123200,9,-0.3376695215702057,0.05361637845635414,0.9410873651504517,1.304286241531372,163.46043395996094,0.18794335424900055,1.637499082012574e-05,1.3335830802243618,,,,
123400,9,-0.3441797196865082,0.04803585261106491,0.9056228995323181,1.3073852062225342,163.4490509033203,0.19185757637023926,1.6300572077139874e-05,1.333588361445779,,,,
123600,9,-0.3390403389930725,0.05304699391126633,0.9555909633636475,1.306957721710205,163.23641967773438,0.19477961957454681,1.6226240937296617e-05,1.3333821350697603,,,,
123800,9,-0.334210604429245,0.05679256469011307,0.9696258902549744,1.3033437728881836,161.27735900878906,0.21279902756214142,1.615199814910971e-05,1.3334231340884715,,,,
124000,9,-0.3354184627532959,0.05166351795196533,0.9987739324569702,1.2902731895446777,158.92007446289062,0.1974462866783142,1.6077844460203206e-05,1.3331083907980583,,,,
124200,9,-0.3417615294456482,0.04661085084080696,0.9097557067871094,1.2945746183395386,159.14376831054688,0.19074249267578125,1.600378061730394e-05,1.3331590907602984,,,,
124400,9,-0.3456445038318634,0.047768037766218185,0.9320377111434937,1.3113750219345093,164.39122009277344,0.18289752304553986,1.5929807366233977e-05,1.3329905202435846,,,,
124600,9,-0.34114766120910645,0.04906865581870079,0.9327338933944702,1.3007210493087769,161.4854278564453,0.19425112009048462,1.585592545190314e-05,1.3330358063480918,,,,
124800,9,-0.34454286098480225,0.04749057814478874,0.9936461448669434,1.306778073310852,161.15089416503906,0.18970102071762085,1.5782135618301486e-05,1.3329186120237675,,,,
125000,9,-0.3357776403427124,0.04766914248466492,1.0190398693084717,1.2781559228897095,157.8739776611328,0.19200840592384338,1.5708438608491814e-05,1.3329702522418885,,,,
125200,9,-0.3453911542892456,0.044057246297597885,0.9434677958488464,1.298161268234253,161.551513671875,0.185619056224823,1.56348351646022e-05,1.33270918548497,,,,
125400,9,-0.34495750069618225,0.049525368958711624,0.9383782148361206,1.3149428367614746,162.3304443359375,0.1980382353067398,1.5561326027818507e-05,1.3327360543308733,,,,
125600,9,-0.34464678168296814,0.04736730083823204,0.9330694675445557,1.306713581085205,164.54995727539062,0.19206763803958893,1.5487911938376924e-05,1.3321291002885747,,,,
125800,9,-0.3501252233982086,0.04384536296129227,0.9056737422943115,1.3132351636886597,161.81626892089844,0.1877790093421936,1.541459363555652e-05,1.3317443413870336,,,,
126000,9,-0.349042147397995,0.049604881554841995,0.9590862989425659,1.328823447227478,165.96949768066406,0.2024998515844345,1.5341371857671782e-05,1.331769068410692,,,,
126200,9,-0.335587739944458,0.05154039338231087,0.9280130863189697,1.2904270887374878,161.0194091796875,0.18698032200336456,1.5268247342065215e-05,1.3316533144203793,,,,
126400,9,-0.33307695388793945,0.05185210332274437,1.0446481704711914,1.2830967903137207,157.75982666015625,0.19905085861682892,1.5195220825099862e-05,1.3316131282397838,,,,
126600,9,-0.33873358368873596,0.04643703252077103,0.9532588124275208,1.2839019298553467,161.8562469482422,0.1730998307466507,1.5122293042151953e-05,1.3315942890241639,,,,
126800,9,-0.34656795859336853,0.049597084522247314,0.9814609289169312,1.3205500841140747,163.27813720703125,0.1939505934715271,1.5049464727603452e-05,1.331527551488559,,,,
127000,9,-0.34427914023399353,0.05216539651155472,0.8680938482284546,1.321481704711914,166.33433532714844,0.19302837550640106,1.4976736614834664e-05,1.3315116777042038,,,,
127200,9,-0.33383792638778687,0.05345827713608742,0.9486578702926636,1.290987253189087,158.48402404785156,0.20185112953186035,1.4904109436216884e-05,1.3313879874192798,,,,
127400,9,-0.3378171920776367,0.0561431460082531,0.9609082937240601,1.3132010698318481,163.4574737548828,0.21406196057796478,1.4831583923104999e-05,1.3313995303567234,,,,
127600,9,-0.3348305821418762,0.05308029428124428,0.9551519155502319,1.2930362224578857,161.02377319335938,0.19927126169204712,1.4759160805830119e-05,1.331302384750108,,,,
127800,9,-0.33612677454948425,0.05149458721280098,0.9904457926750183,1.2920712232589722,161.4925994873047,0.19521184265613556,1.4686840813692224e-05,1.3313418164485111,,,,
128000,10,-0.34708836674690247,0.04861016198992729,0.9358634948730469,1.3189949989318848,163.78610229492188,0.1949896216392517,1.4614624674952842e-05,1.3312042015000185,,,,
128200,10,-0.34035947918891907,0.0458868034183979,0.9934988617897034,1.2874876260757446,159.51101684570312,0.19227512180805206,1.4542513116827682e-05,1.3312210907584034,,,,
128400,10,-0.33819380402565,0.051928337663412094,0.9608860611915588,1.3004070520401,161.6808319091797,0.19425459206104279,1.4470506865479336e-05,1.3309791413940257,,,,
128600,10,-0.34066712856292725,0.04386996105313301,1.0040082931518555,1.2817902565002441,157.82798767089844,0.1876620203256607,1.4398606646009963e-05,1.3309835588258674,,,,
128800,10,-0.33535608649253845,0.0532616451382637,0.9715589284896851,1.295392394065857,160.70706176757812,0.18905112147331238,1.4326813182453958e-05,1.3303611902198351,,,,
129000,10,-0.3385658860206604,0.04992912709712982,0.9344425201416016,1.2949833869934082,161.88890075683594,0.18122810125350952,1.425512719777071e-05,1.3303310795603709,,,,
129200,10,-0.3451274633407593,0.04929192736744881,0.9619153738021851,1.314731240272522,160.47488403320312,0.19678929448127747,1.4183549413837289e-05,1.3303604472286974,,,,
129400,10,-0.34637871384620667,0.04809221252799034,0.9282935857772827,1.3149030208587646,163.6368408203125,0.18370412290096283,1.4112080551441199e-05,1.3302435888333672,,,,
129600,10,-0.3372567296028137,0.05029936134815216,1.0317339897155762,1.291853666305542,157.2565460205078,0.19140493869781494,1.4040721330273062e-05,1.330273791752793,,,,
129800,10,-0.3413935601711273,0.05126727372407913,0.9416752457618713,1.3088693618774414,162.3381805419922,0.20215970277786255,1.3969472468919461e-05,1.3301168082055843,,,,
130000,10,-0.3483085036277771,0.04798920080065727,0.915290117263794,1.3209922313690186,160.77197265625,0.18356503546237946,1.3898334684855647e-05,1.3301268501047019,,,,
130200,10,-0.34356144070625305,0.04825442656874657,0.9152437448501587,1.306052803993225,160.52394104003906,0.18674084544181824,1.3827308694438308e-05,1.3300188949776388,,,,
130400,10,-0.3498052656650543,0.045857060700654984,0.9185476899147034,1.3188743591308594,161.5921173095703,0.17911359667778015,1.3756395212898359e-05,1.330022148968217,,,,
130600,10,-0.34262514114379883,0.04692147299647331,0.9622632265090942,1.2984886169433594,159.0390167236328,0.19998584687709808,1.3685594954333802e-05,1.3298683622900587,,,,
130800,10,-0.3453722596168518,0.04651210084557533,0.9061025977134705,1.3062810897827148,163.18170166015625,0.18658757209777832,1.3614908631702433e-05,1.3299285206275662,,,,
131000,10,-0.34988051652908325,0.0471152737736702,0.942301332950592,1.3233191967010498,164.03480529785156,0.19039852917194366,1.354433695681474e-05,1.329823342213085,,,,
131200,10,-0.3366469144821167,0.050093863159418106,0.9799767732620239,1.2891358137130737,161.78741455078125,0.20118798315525055,1.3473880640326725e-05,1.3297801022480273,,,,
131400,10,-0.33462080359458923,0.054188795387744904,1.0403786897659302,1.2960319519042969,159.67372131347656,0.21821430325508118,1.3403540391732688e-05,1.3297383918196146,,,,
131600,10,-0.3459952473640442,0.052432648837566376,0.8986798524856567,1.3280929327011108,164.85202026367188,0.19649480283260345,1.3333316919358157e-05,1.3297108524503753,,,,
131800,10,-0.33534175157546997,0.0505695566534996,0.9486551284790039,1.2863709926605225,158.7617645263672,0.1906174123287201,1.3263210930352737e-05,1.3297538595681657,,,,
132000,10,-0.34750643372535706,0.04942775517702103,0.8778312802314758,1.3231139183044434,163.34059143066406,0.19497202336788177,1.3193223130682936e-05,1.3296479850118161,,,,
132200,10,-0.341217964887619,0.048668693751096725,0.9770250916481018,1.2996220588684082,162.49444580078125,0.19448891282081604,1.3123354225125128e-05,1.32966711869529,,,,
132400,10,-0.34579983353614807,0.04850376024842262,0.882240891456604,1.3143452405929565,165.55105590820312,0.17827819287776947,1.3053604917258427e-05,1.3294783604669922,,,,
132600,10,-0.3410851061344147,0.05379297211766243,0.9072988033294678,1.3162602186203003,164.63833618164062,0.19174712896347046,1.298397590945757e-05,1.3295628776235318,,,,
132800,10,-0.35061559081077576,0.045083481818437576,0.9246454834938049,1.3189969062805176,161.90341186523438,0.17487581074237823,1.2914467902885901e-05,1.3293936640511603,,,,
133000,10,-0.3503365218639374,0.04838942363858223,0.9235124588012695,1.329086422920227,163.87242126464844,0.19205807149410248,1.2845081597488287e-05,1.3294700559146768,,,,
133200,10,-0.34466907382011414,0.04704992100596428,0.9198553562164307,1.305729866027832,163.1611785888672,0.193293035030365,1.2775817691984033e-05,1.3293301967886697,,,,
133400,10,-0.348101943731308,0.04519917443394661,0.9712446928024292,1.3110036849975586,163.0679168701172,0.19664379954338074,1.2706676883859903e-05,1.32940432505055,,,,
133600,10,-0.3490426242351532,0.04816872626543045,0.9967033267021179,1.324037790298462,161.84814453125,0.20136457681655884,1.2637659869363083e-05,1.3293000683088712,,,,
133800,10,-0.3494032919406891,0.04649994149804115,0.9662920236587524,1.3196773529052734,162.74655151367188,0.17910198867321014,1.256876734349413e-05,1.3293454358801238,,,,
134000,10,-0.34031668305397034,0.048109471797943115,0.9418362379074097,1.2947537899017334,161.6627197265625,0.1932314783334732,1.2500000000000006e-05,1.3292815727511882,,,,
134200,10,-0.3429659903049469,0.049873847514390945,0.9351019263267517,1.3094661235809326,161.8898162841797,0.19514986872673035,1.2431358531367105e-05,1.3293652569999055,,,,
134400,10,-0.3406270742416382,0.05049378424882889,0.8917236328125,1.3037360906600952,162.40785217285156,0.18764156103134155,1.2362843628814267e-05,1.3293006294375531,,,,
134600,10,-0.3401266634464264,0.05152173712849617,0.9499498605728149,1.3054946660995483,161.77838134765625,0.1936476081609726,1.2294455982285777e-05,1.3292854185108969,,,,
134800,10,-0.3475492000579834,0.046400655061006546,0.9608440399169922,1.3131661415100098,163.50494384765625,0.19854086637496948,1.2226196280444488e-05,1.329269876797134,,,,
135000,10,-0.35200878977775574,0.04402051493525505,0.9706271886825562,1.32009756565094,162.95077514648438,0.18421360850334167,1.2158065210664848e-05,1.3292705642089964,,,,
135200,10,-0.3493206799030304,0.04738049581646919,0.9261687397956848,1.32233726978302,163.1363525390625,0.18784992396831512,1.2090063459025955e-05,1.3292202725052518,,,,
135400,10,-0.3513384759426117,0.04587076976895332,0.9068101048469543,1.3240307569503784,163.64573669433594,0.1836964190006256,1.2022191710304703e-05,1.3292141626466498,,,,
135600,10,-0.344333678483963,0.04910290986299515,0.8975062370300293,1.311455249786377,165.45509338378906,0.19522380828857422,1.1954450647968856e-05,1.3291844875782863,,,,
135800,10,-0.3367382287979126,0.051047433167696,0.9810914993286133,1.2926188707351685,159.9045867919922,0.20009198784828186,1.1886840954170142e-05,1.32917809367811,,,,
136000,10,-0.33505192399024963,0.05474883317947388,0.9716430902481079,1.2993358373641968,159.0984649658203,0.20140033960342407,1.181936330973744e-05,1.3291686384259962,,,,
136200,10,-0.3446584641933441,0.04228786751627922,0.9728572368621826,1.2898210287094116,161.7067413330078,0.18584252893924713,1.175201839416988e-05,1.3291882529259476,,,,
136400,10,-0.33817702531814575,0.05021177604794502,0.9552807807922363,1.2946293354034424,162.58653259277344,0.18830382823944092,1.1684806885630004e-05,1.329262132178839,,,,
136600,10,-0.3432665467262268,0.046456869691610336,0.9500980377197266,1.2990779876708984,160.5093231201172,0.1928466409444809,1.1617729460936963e-05,1.3291545937813671,,,,
136800,10,-0.34385648369789124,0.050959888845682144,0.9851031303405762,1.3160544633865356,159.75132751464844,0.1849384903907776,1.155078679555969e-05,1.3292595914210825,,,,
137000,10,-0.34455713629722595,0.046455416828393936,0.971474826335907,1.3033751249313354,162.0177001953125,0.1834592968225479,1.148397956361007e-05,1.329219529871693,,,,
137200,10,-0.3491874933242798,0.048927146941423416,0.9277746081352234,1.3270487785339355,164.5146484375,0.17431600391864777,1.141730843783618e-05,1.329184953651154,,,,
137400,10,-0.334441214799881,0.04749594256281853,0.9549201726913452,1.2731237411499023,157.16552734375,0.194588303565979,1.1350774089615524e-05,1.329296140373205,,,,
137600,10,-0.34001612663269043,0.05004382133483887,0.9376676082611084,1.3001997470855713,162.52157592773438,0.18934008479118347,1.1284377188948258e-05,1.3291915580746538,,,,
137800,10,-0.34727439284324646,0.05077996850013733,0.9277052283287048,1.326847791671753,164.5885772705078,0.193820983171463,1.1218118404450422e-05,1.3292085432380227,,,,
138000,10,-0.33672720193862915,0.04898025467991829,0.9750893115997314,1.285691499710083,158.59100341796875,0.18493355810642242,1.1151998403347244e-05,1.3292740277821355,,,,
138200,10,-0.3436477780342102,0.04831170290708542,0.9571877121925354,1.306531548500061,158.83135986328125,0.1912984400987625,1.1086017851466413e-05,1.3291965745713898,,,,
138400,10,-0.3492538034915924,0.04586547240614891,0.9922673106193542,1.3170641660690308,162.89056396484375,0.2007056027650833,1.1020177413231334e-05,1.3292855113837336,,,,
138600,10,-0.3356727957725525,0.0521940141916275,1.0207123756408691,1.2928892374038696,160.67288208007812,0.20132528245449066,1.0954477751654497e-05,1.3292772070455083,,,,
138800,10,-0.3286614418029785,0.05661563202738762,1.0047459602355957,1.2842568159103394,159.12002563476562,0.20873898267745972,1.0888919528330777e-05,1.3292099598693472,,,,
139000,10,-0.34938594698905945,0.049044691026210785,1.0028274059295654,1.3281021118164062,166.5817413330078,0.19924768805503845,1.0823503403430734e-05,1.3293078941795364,,,,
139200,10,-0.3507276177406311,0.04478336125612259,0.9888763427734375,1.3183698654174805,163.71286010742188,0.18382173776626587,1.0758230035694031e-05,1.3291842139052426,,,,
139400,10,-0.3383101522922516,0.049157191067934036,0.914856493473053,1.291557788848877,161.31158447265625,0.18915890157222748,1.0693100082422763e-05,1.3292625456425549,,,,
139600,10,-0.34582963585853577,0.05052655562758446,0.96528559923172,1.3211872577667236,163.159912109375,0.18702545762062073,1.062811419947482e-05,1.3292565987674274,,,,
139800,10,-0.3436545133590698,0.046521108597517014,0.9384487867355347,1.3005852699279785,162.29112243652344,0.17921611666679382,1.0563273041257332e-05,1.3291542601171893,,,,
140000,10,-0.34235429763793945,0.049467913806438446,0.9274461269378662,1.3060740232467651,161.27835083007812,0.18256157636642456,1.049857726072005e-05,1.329308317396785,0.041491095535457136,1.3168865859508514,1.2223029730904416,160.95136642456055
140200,10,-0.3405707776546478,0.050683073699474335,0.9527130126953125,1.3041794300079346,161.88766479492188,0.18981711566448212,1.0434027509348746e-05,1.3290925563881573,,,,
140400,10,-0.3490384519100189,0.04637115076184273,0.8806779980659485,1.3180320262908936,165.86087036132812,0.18722185492515564,1.036962443715872e-05,1.3288949039518139,,,,
140600,10,-0.3380909860134125,0.05052844062447548,0.9535899758338928,1.2953979969024658,159.46705627441406,0.20065510272979736,1.0305368692688174e-05,1.328815962585601,,,,
140800,11,-0.3519166111946106,0.04455368593335152,0.9549679756164551,1.3215676546096802,163.4965362548828,0.18664222955703735,1.024126092299176e-05,1.3289716269996619,,,,
141000,11,-0.3366783559322357,0.05008084326982498,1.0341639518737793,1.2891972064971924,156.4122314453125,0.19666063785552979,1.0177301773633993e-05,1.328880668445389,,,,
141200,11,-0.34107235074043274,0.05294156074523926,0.946135401725769,1.3133796453475952,163.19781494140625,0.2011425644159317,1.0113491888682802e-05,1.328878405614272,,,,
141400,11,-0.34204569458961487,0.04990992322564125,0.9664117097854614,1.3065186738967896,162.4403839111328,0.20269140601158142,1.0049831910703028e-05,1.3289480657470845,,,,
141600,11,-0.3350397050380707,0.050043392926454544,0.9694485664367676,1.2836103439331055,158.4642333984375,0.1937520056962967,9.986322480749927e-06,1.328854428501522,,,,
141800,11,-0.34875285625457764,0.045224741101264954,0.98322993516922,1.3132585287094116,162.53428649902344,0.18445490300655365,9.922964238362762e-06,1.3289899652872388,,,,
142000,11,-0.3398613929748535,0.05112004280090332,1.0625370740890503,1.3032714128494263,161.1974639892578,0.1930631846189499,9.859757821558337e-06,1.3289442276585808,,,,
142200,11,-0.34600457549095154,0.04459715634584427,0.9480564594268799,1.302005648612976,160.09242248535156,0.1773425042629242,9.796703866824555e-06,1.3289532079847692,,,,
142400,11,-0.3520226776599884,0.04472264274954796,0.9119833111763,1.3224843740463257,162.55467224121094,0.18134352564811707,9.733803009114045e-06,1.3290393837965364,,,,
142600,11,-0.3462188243865967,0.04285836219787598,0.9194104671478271,1.2969238758087158,164.7085418701172,0.18281462788581848,9.671055881837756e-06,1.3289833890534968,,,,
142800,11,-0.3442487418651581,0.04878434166312218,0.9586523175239563,1.3101102113723755,161.7967529296875,0.20637530088424683,9.608463116858542e-06,1.3290347330186958,,,,
143000,11,-0.34939175844192505,0.046920254826545715,0.9486954212188721,1.3210399150848389,164.2791748046875,0.19021517038345337,9.546025344484869e-06,1.3290303314098562,,,,
143200,11,-0.3481346666812897,0.04752247780561447,0.9717008471488953,1.3188570737838745,162.87347412109375,0.19420546293258667,9.483743193464408e-06,1.3288818600901142,,,,
143400,11,-0.3588220775127411,0.040335047990083694,0.8999986052513123,1.3305237293243408,163.4180450439453,0.1755211353302002,9.421617290977721e-06,1.3288870460869355,,,,
143600,11,-0.34558892250061035,0.0465463250875473,0.9705805778503418,1.3071173429489136,162.83370971679688,0.19323816895484924,9.359648262631961e-06,1.3287368733787182,,,,
143800,11,-0.34820619225502014,0.045723531395196915,0.9106228351593018,1.3130990266799927,164.49551391601562,0.1823156476020813,9.297836732454564e-06,1.3288437909430624,,,,
144000,11,-0.3564596474170685,0.04264020174741745,0.8920401930809021,1.3303327560424805,166.7716827392578,0.20223915576934814,9.236183322886945e-06,1.3288821544043876,,,,
144200,11,-0.350077360868454,0.046734269708395004,1.0029127597808838,1.3227053880691528,164.99688720703125,0.19797833263874054,9.174688654778243e-06,1.3288185877381893,,,,
144400,11,-0.3473421037197113,0.04437374323606491,0.9148057699203491,1.3057194948196411,161.176025390625,0.18524356186389923,9.113353347379097e-06,1.3289187523300918,,,,
144600,11,-0.3338010907173157,0.053357236087322235,0.9745821952819824,1.2905277013778687,158.1001434326172,0.195399671792984,9.052178018335374e-06,1.3288498425030764,,,,
144800,11,-0.34916767477989197,0.04625442996621132,0.9239617586135864,1.3180736303329468,165.427490234375,0.19520165026187897,8.991163283681944e-06,1.3287046835460015,,,,
145000,11,-0.3450471758842468,0.043851882219314575,0.9151327013969421,1.2963300943374634,159.02587890625,0.1840703934431076,8.930309757836517e-06,1.328606780310149,,,,
145200,11,-0.3510723114013672,0.043608542531728745,0.913122832775116,1.3156027793884277,164.205322265625,0.17882344126701355,8.86961805359343e-06,1.3287655443103046,,,,
145400,11,-0.3361876606941223,0.04567448049783707,0.9655117988586426,1.2728737592697144,160.7252960205078,0.17962954938411713,8.809088782117452e-06,1.3287821329862404,,,,
145600,11,-0.33865582942962646,0.05067487433552742,1.0030205249786377,1.2977689504623413,160.03884887695312,0.19972170889377594,8.748722552937689e-06,1.328733115612354,,,,
145800,11,-0.35098010301589966,0.046078842133283615,0.9256263971328735,1.3235297203063965,164.47857666015625,0.20129254460334778,8.6885199739414e-06,1.3288273659117522,,,,
146000,11,-0.34567248821258545,0.046830687671899796,1.008871078491211,1.3083438873291016,161.90310668945312,0.19020064175128937,8.628481651367876e-06,1.3287728535446295,,,,
146200,11,-0.34174004197120667,0.045899149030447006,0.9601353406906128,1.2921305894851685,159.43817138671875,0.17746198177337646,8.568608189802363e-06,1.328819449320882,,,,
146400,11,-0.3352225422859192,0.05283531919121742,0.9352731704711914,1.2935261726379395,161.7712860107422,0.1932467669248581,8.508900192169964e-06,1.3288317556036924,,,,
146600,11,-0.34638556838035583,0.04695863276720047,0.9755673408508301,1.3111472129821777,161.41090393066406,0.18762457370758057,8.449358259729537e-06,1.328671009254186,,,,
146800,11,-0.337839812040329,0.04532184451818466,1.0344853401184082,1.277205467224121,160.80609130859375,0.18410377204418182,8.389982992067688e-06,1.3287697315734432,,,,
147000,11,-0.3417321741580963,0.0515424869954586,0.9390107989311218,1.310915470123291,166.27731323242188,0.20050445199012756,8.330774987092712e-06,1.3286634714335417,,,,
147200,11,-0.34538534283638,0.04557222127914429,0.9214408993721008,1.3031917810440063,162.1119842529297,0.1889238804578781,8.271734841028553e-06,1.3286959992774001,,,,
147400,11,-0.3352613151073456,0.05382644385099411,0.9583798050880432,1.2969591617584229,161.8892059326172,0.19606631994247437,8.212863148408817e-06,1.3287425650655966,,,,
147600,11,-0.35393399000167847,0.04508316516876221,0.9543361663818359,1.330057144165039,164.74671936035156,0.1751956343650818,8.154160502070803e-06,1.3286523874472165,,,,
147800,11,-0.34496819972991943,0.045320168137550354,0.9615905284881592,1.3009612560272217,162.5240478515625,0.18259285390377045,8.09562749314952e-06,1.328757341485075,,,,
148000,11,-0.3460467755794525,0.04542658478021622,1.0249278545379639,1.3049111366271973,162.6233673095703,0.17791904509067535,8.0372647110717e-06,1.328732476442364,,,,
148200,11,-0.350760281085968,0.04696271941065788,0.8992060422897339,1.3257431983947754,165.0927276611328,0.17830219864845276,7.979072743549915e-06,1.3286690546446183,,,,
148400,11,-0.3479406535625458,0.04657871276140213,0.9406662583351135,1.3150644302368164,163.8870391845703,0.19191749393939972,7.921052176576644e-06,1.328848129502109,,,,
148600,11,-0.34175682067871094,0.05146612226963043,0.921324610710144,1.3107430934906006,163.8968048095703,0.18848514556884766,7.863203594418337e-06,1.3290336902027906,,,,
148800,11,-0.3324875235557556,0.055886633694171906,0.9147881865501404,1.2945804595947266,161.799072265625,0.19157478213310242,7.805527579609576e-06,1.3292108885117833,,,,
149000,11,-0.34395769238471985,0.051806140691041946,0.9100016355514526,1.319212794303894,162.60931396484375,0.1895911693572998,7.748024712947205e-06,1.3293904944447967,,,,
149200,11,-0.34574905037879944,0.0516238808631897,0.9008219838142395,1.3245763778686523,167.17576599121094,0.18782374262809753,7.690695573484433e-06,1.3295698454003422,,,,
149400,11,-0.3456682860851288,0.048306506127119064,0.9366474151611328,1.3132492303848267,164.10316467285156,0.18282093107700348,7.633540738525066e-06,1.3297401215072335,,,,
149600,11,-0.3512224853038788,0.043428655713796616,0.9430451393127441,1.315503716468811,164.49411010742188,0.1808864325284958,7.576560783617668e-06,1.3299199488091245,,,,
149800,11,-0.3404301404953003,0.04898889735341072,0.9505581855773926,1.2980633974075317,161.27496337890625,0.2020229697227478,7.519756282549734e-06,1.3300902758401782,,,,
150000,11,-0.3338186740875244,0.05400623753666878,0.9858308434486389,1.2927496433258057,162.13333129882812,0.20432426035404205,7.463127807341966e-06,1.3302626967726465,,,,
150200,11,-0.34546414017677307,0.0453253872692585,0.9277313351631165,1.3026317358016968,163.10385131835938,0.18258684873580933,7.40667592824249e-06,1.330463261207966,,,,
150400,11,-0.3454227149486542,0.050436414778232574,0.9491789937019348,1.3195303678512573,164.41976928710938,0.1899963766336441,7.350401213721089e-06,1.330638662721769,,,,
150600,11,-0.34153661131858826,0.049659378826618195,0.968376100063324,1.3039865493774414,162.5046844482422,0.19258108735084534,7.294304230463525e-06,1.330808562569893,,,,
150800,11,-0.34533366560935974,0.04972277209162712,0.9355382323265076,1.31685471534729,162.2404327392578,0.18342193961143494,7.238385543365783e-06,1.3309679509217236,,,,
151000,11,-0.342245876789093,0.04500530660152435,0.9453043937683105,1.2908371686935425,159.45733642578125,0.1891767680644989,7.1826457155284355e-06,1.3311423910399625,,,,
151200,11,-0.34327879548072815,0.04971250891685486,0.9477039575576782,1.3099709749221802,160.71180725097656,0.18399237096309662,7.127085308250914e-06,1.331320783793881,,,,
151400,11,-0.33969300985336304,0.047578223049640656,0.9774749279022217,1.2909040451049805,161.6544647216797,0.19669850170612335,7.071704881025915e-06,1.331509264890138,,,,
151600,11,-0.350415974855423,0.04513084515929222,0.9407825469970703,1.3184893131256104,164.1149139404297,0.18695512413978577,7.016504991533726e-06,1.3316823958163262,,,,
151800,11,-0.3462437093257904,0.05254960432648659,0.9400325417518616,1.3293110132217407,165.62464904785156,0.1869514435529709,6.961486195636613e-06,1.3318365533424295,,,,
152000,11,-0.3367956578731537,0.04914677143096924,0.9862056970596313,1.2864747047424316,160.0127410888672,0.1952606439590454,6.906649047373246e-06,1.3319857618774287,,,,
152200,11,-0.3480655550956726,0.042649395763874054,1.0329899787902832,1.3023830652236938,157.9203643798828,0.19168148934841156,6.8519940989531045e-06,1.3321520234256918,,,,
152400,11,-0.34205034375190735,0.047248952090740204,1.0050255060195923,1.2976642847061157,160.37405395507812,0.18438464403152466,6.797521900750897e-06,1.3323384421766815,,,,
152600,11,-0.3467296361923218,0.05022534355521202,0.9457548260688782,1.3231831789016724,164.2177734375,0.192021444439888,6.743233001301067e-06,1.3325070787355453,,,,
152800,11,-0.35042187571525574,0.04685179144144058,0.9615864157676697,1.3242454528808594,164.77688598632812,0.18217803537845612,6.689127947292231e-06,1.3326761686485178,,,,
153000,11,-0.33663657307624817,0.04971665143966675,0.9481537938117981,1.2878440618515015,159.76968383789062,0.19336219131946564,6.63520728356167e-06,1.332845445751854,,,,
153200,11,-0.33304736018180847,0.054216545075178146,1.038578987121582,1.2908796072006226,160.45445251464844,0.2115395963191986,6.5814715530898745e-06,1.332991048208652,,,,
153400,11,-0.3244226574897766,0.056599948555231094,1.0893185138702393,1.2700753211975098,156.42893981933594,0.20153413712978363,6.5279212969950655e-06,1.3331666945398113,,,,
153600,12,-0.3389085829257965,0.04625329002737999,0.9982341527938843,1.2838728427886963,160.73004150390625,0.18578805029392242,6.4745570545277075e-06,1.3333141570233287,,,,
153800,12,-0.33255043625831604,0.051175184547901154,0.9331782460212708,1.2790852785110474,160.98507690429688,0.1949324905872345,6.421379363065142e-06,1.3334851341938045,,,,
154000,12,-0.3561934530735016,0.04057863727211952,0.9545729160308838,1.3225735425949097,165.45635986328125,0.18230435252189636,6.368388758106133e-06,1.333665072999406,,,,
154200,12,-0.35184305906295776,0.04481615498661995,0.923612654209137,1.3221973180770874,164.97232055664062,0.1876419186592102,6.315585773265484e-06,1.3338224567875459,,,,
154400,12,-0.34433895349502563,0.05072760581970215,0.921466588973999,1.316888451576233,164.83802795410156,0.2011885941028595,6.2629709402686535e-06,1.333978475538437,,,,
154600,12,-0.3451105058193207,0.04855646565556526,0.9842061996459961,1.312223196029663,161.44847106933594,0.19496265053749084,6.210544788946434e-06,1.3341366846355596,,,,
154800,12,-0.34980398416519165,0.049066346138715744,0.9658377170562744,1.3295676708221436,166.556884765625,0.19023214280605316,6.158307847229594e-06,1.334296604173511,,,,
155000,12,-0.34972018003463745,0.04675352945923805,0.9442219734191895,1.3215789794921875,163.78868103027344,0.17395320534706116,6.106260641143546e-06,1.3344492810273956,,,,
155200,12,-0.33733880519866943,0.051546964794397354,0.9169986844062805,1.29628586769104,162.5311737060547,0.19092004001140594,6.054403694803079e-06,1.3346171623169027,,,,
155400,12,-0.34043338894844055,0.05237327888607979,0.9509027004241943,1.3093554973602295,158.66217041015625,0.1937316507101059,6.0027375304070795e-06,1.334781692477861,,,,
155600,12,-0.3365965187549591,0.04965896159410477,1.0275229215621948,1.2875181436538696,161.43707275390625,0.19136981666088104,5.951262668233232e-06,1.3349368188677768,,,,
155800,12,-0.35454848408699036,0.04199332743883133,0.8915265202522278,1.3218059539794922,163.53402709960938,0.18292920291423798,5.899979626632834e-06,1.3350735306245085,,,,
156000,12,-0.34541982412338257,0.04719731584191322,0.9947261214256287,1.3087236881256104,161.19485473632812,0.18709507584571838,5.848888922025553e-06,1.335216622366643,,,,
156200,12,-0.3433350920677185,0.04955020919442177,1.002253532409668,1.3096176385879517,161.63389587402344,0.18732009828090668,5.797991068894201e-06,1.3353924653073155,,,,
156400,12,-0.34492212533950806,0.04494431987404823,0.9647891521453857,1.299554705619812,160.0799102783203,0.1870659589767456,5.747286579779606e-06,1.335544297244759,,,,
156600,12,-0.345020055770874,0.04823054373264313,0.9467101097106934,1.3108352422714233,162.76214599609375,0.2002265602350235,5.696775965275414e-06,1.3356891422623494,,,,
156800,12,-0.3500405550003052,0.044267889112234116,0.9040772318840027,1.3143614530563354,164.19256591796875,0.1819494217634201,5.646459734022938e-06,1.3358625898151628,,,,
157000,12,-0.3391641676425934,0.05691985413432121,0.9531866908073425,1.3202799558639526,166.28634643554688,0.20112474262714386,5.596338392706077e-06,1.3360306447696912,,,,
157200,12,-0.35485631227493286,0.04070238396525383,0.9260334372520447,1.3185288906097412,163.18350219726562,0.17709322273731232,5.546412446046187e-06,1.3361823528021493,,,,
157400,12,-0.33803701400756836,0.05285172909498215,0.9313223361968994,1.3029624223709106,161.0465850830078,0.1982223093509674,5.49668239679699e-06,1.3363549794299399,,,,
157600,12,-0.32813701033592224,0.056417517364025116,0.9513403177261353,1.281848430633545,159.51983642578125,0.2128758430480957,5.4471487457395225e-06,1.3365176965507188,,,,
157800,12,-0.3463973104953766,0.04797456040978432,0.9524341225624084,1.314572811126709,164.40126037597656,0.18628406524658203,5.397811991677107e-06,1.3366875923278048,,,,
158000,12,-0.34723007678985596,0.04520042613148689,0.895880937576294,1.3081016540527344,162.51699829101562,0.18098196387290955,5.348672631430318e-06,1.3368336969995593,,,,
158200,12,-0.345416396856308,0.04865096136927605,0.9808683395385742,1.313557744026184,162.2505645751953,0.19254395365715027,5.299731159831953e-06,1.3369761565522502,,,,
158400,12,-0.345531702041626,0.049639660865068436,0.9180452823638916,1.3172378540039062,162.7758026123047,0.19230064749717712,5.250988069722096e-06,1.3371210756131247,,,,
158600,12,-0.34921419620513916,0.04790789633989334,0.9484447240829468,1.3237402439117432,164.79747009277344,0.1779419630765915,5.202443851943126e-06,1.3372786439641582,,,,
158800,12,-0.34126633405685425,0.04929158464074135,1.010739803314209,1.3018596172332764,160.55685424804688,0.18294858932495117,5.154098995334769e-06,1.3374240083177782,,,,
159000,12,-0.34147852659225464,0.05258216708898544,0.9718073606491089,1.3135355710983276,162.89234924316406,0.2018968015909195,5.105953986729195e-06,1.3375664835137264,,,,
159200,12,-0.3540424406528473,0.042601652443408966,0.9656131267547607,1.3221468925476074,163.71231079101562,0.18211579322814941,5.058009310946119e-06,1.337723547429206,,,,
159400,12,-0.35392528772354126,0.044281139969825745,0.9366198778152466,1.3273546695709229,164.64218139648438,0.19096983969211578,5.010265450787877e-06,1.3378741468207715,,,,
159600,12,-0.34494855999946594,0.04485049471259117,0.9522771835327148,1.2993301153182983,161.02239990234375,0.18292105197906494,4.962722887034615e-06,1.3380269974849472,,,,
159800,12,-0.34273287653923035,0.04814232140779495,0.9542667269706726,1.302917242050171,162.20631408691406,0.189035564661026,4.915382098439436e-06,1.3381763522280532,,,,
160000,12,-0.34198886156082153,0.04637344181537628,0.9354346990585327,1.2945410013198853,162.2713165283203,0.1946931928396225,4.868243561723535e-06,1.3383302286976442,0.04054022394120693,1.289821946620941,1.2291799228715874,161.75668640136718
160200,12,-0.34031054377555847,0.05078672245144844,0.9624298214912415,1.3036575317382812,162.1851348876953,0.18730425834655762,4.821307751571463e-06,1.3383736849487513,,,,
160400,12,-0.3402683734893799,0.04910482466220856,0.9346897602081299,1.2979105710983276,160.55172729492188,0.1872205287218094,4.7745751406263165e-06,1.3385030345938305,,,,
160600,12,-0.3399869203567505,0.05298886075615883,0.9554283618927002,1.3099192380905151,161.25228881835938,0.20222108066082,4.728046199484951e-06,1.3385763682450948,,,,
160800,12,-0.34666934609413147,0.046472787857055664,0.9321678876876831,1.3104736804962158,162.00071716308594,0.1817437708377838,4.681721396693303e-06,1.3384950799073188,,,,
161000,12,-0.34602582454681396,0.04821291193366051,0.946140706539154,1.314129114151001,162.61343383789062,0.18959809839725494,4.6356011987416075e-06,1.3385772718458144,,,,
161200,12,-0.3418745994567871,0.04758187755942345,0.9457128047943115,1.2981882095336914,159.7244415283203,0.17765702307224274,4.589686070059762e-06,1.3387216911942377,,,,
161400,12,-0.34650716185569763,0.04477518051862717,0.9128316044807434,1.3042744398117065,163.44383239746094,0.17768172919750214,4.5439764730125875e-06,1.3388794905576382,,,,
161600,12,-0.34324806928634644,0.04782886430621147,0.9606670141220093,1.3035897016525269,161.28512573242188,0.20084510743618011,4.498472867895223e-06,1.3390599284616294,,,,
161800,12,-0.35337597131729126,0.04475303366780281,0.9108234643936157,1.327096700668335,166.59786987304688,0.1965847611427307,4.453175712928476e-06,1.3392004617209583,,,,
162000,12,-0.34788978099823,0.048463158309459686,0.9016337990760803,1.3211764097213745,164.89674377441406,0.1897839903831482,4.408085464254183e-06,1.3393423651694492,,,,
162200,12,-0.3534289002418518,0.04758847504854202,0.9275153875350952,1.3367245197296143,163.05531311035156,0.18455079197883606,4.36320257593065e-06,1.3394937190658656,,,,
162400,12,-0.3305199444293976,0.05156613513827324,0.9732789993286133,1.2736201286315918,156.5144500732422,0.1954697221517563,4.318527499928074e-06,1.3396654269746087,,,,
162600,12,-0.33825480937957764,0.050587013363838196,1.0132598876953125,1.2961393594741821,161.72238159179688,0.19409294426441193,4.274060686123959e-06,1.3397864829896593,,,,
162800,12,-0.33829498291015625,0.04929812252521515,0.9233437776565552,1.2919769287109375,161.49436950683594,0.19881953299045563,4.229802582298633e-06,1.339939458136002,,,,
163000,12,-0.333881139755249,0.0527929849922657,0.9299832582473755,1.2889137268066406,162.05262756347656,0.1998961716890335,4.185753634130718e-06,1.3400743109770714,,,,
163200,12,-0.3408980071544647,0.04959787800908089,0.96714186668396,1.3016529083251953,162.59095764160156,0.20697197318077087,4.141914285192619e-06,1.3402040810102285,,,,
163400,12,-0.3446405827999115,0.047498464584350586,0.9691640138626099,1.3071300983428955,163.16131591796875,0.19117075204849243,4.098284976946101e-06,1.3403588498461536,,,,
163600,12,-0.34320107102394104,0.04847903177142143,0.9692904353141785,1.3056002855300903,160.742919921875,0.19017057120800018,4.054866148737818e-06,1.3405132151505659,,,,
163800,12,-0.3451978862285614,0.045224908739328384,0.9430216550827026,1.3014092445373535,163.52133178710938,0.19182921946048737,4.011658237794877e-06,1.34064861192281,,,,
164000,12,-0.3329542279243469,0.05550476163625717,0.8919456005096436,1.294863224029541,161.78671264648438,0.21250340342521667,3.968661679220468e-06,1.3407857958387084,,,,
164200,12,-0.3406056761741638,0.04916026070713997,0.940178394317627,1.2992197275161743,158.67510986328125,0.1898791342973709,3.925876905989462e-06,1.340868282235521,,,,
164400,12,-0.34507864713668823,0.046250734478235245,0.9478001594543457,1.3044312000274658,162.54730224609375,0.1851850003004074,3.883304348944048e-06,1.3408119933113003,,,,
164600,12,-0.3420100212097168,0.04782711714506149,0.9178805351257324,1.29945707321167,163.89093017578125,0.18216721713542938,3.840944436789393e-06,1.3407765659423352,,,,
164800,12,-0.3453051447868347,0.04779195040464401,0.8903361558914185,1.3103235960006714,164.3065185546875,0.1781625598669052,3.798797596089351e-06,1.3408929677502792,,,,
165000,12,-0.3361135423183441,0.053256213665008545,0.9815813302993774,1.2978991270065308,161.9140625,0.1999576985836029,3.756864251262143e-06,1.3410246578124847,,,,
165200,12,-0.35083550214767456,0.04950627684593201,0.9469830989837646,1.3344725370407104,164.78646850585938,0.1827387511730194,3.715144824576078e-06,1.341071353993549,,,,
165400,12,-0.3463275730609894,0.04827002435922623,0.9576711654663086,1.3153252601623535,163.63995361328125,0.18173499405384064,3.6736397361453233e-06,1.3409923965477442,,,,
165600,12,-0.34999847412109375,0.0433160737156868,0.9249159097671509,1.3110483884811401,164.79991149902344,0.17658710479736328,3.632349403925664e-06,1.3410126057424065,,,,
165800,12,-0.34383177757263184,0.04971028491854668,0.9323338270187378,1.3118067979812622,164.1529541015625,0.18559302389621735,3.591274243710277e-06,1.3410645448496086,,,,
166000,12,-0.3418557643890381,0.04762651398777962,0.9921056628227234,1.298274278640747,160.57928466796875,0.17507202923297882,3.5504146691255736e-06,1.3410036683637736,,,,
166200,12,-0.34166058897972107,0.04688875749707222,0.9989451169967651,1.2951644659042358,157.63063049316406,0.19159793853759766,3.509771091627023e-06,1.3408795093222017,,,,
166400,13,-0.34883707761764526,0.04873761534690857,0.9295547008514404,1.3252489566802979,163.67398071289062,0.186599001288414,3.4693439204949858e-06,1.3409763371154584,,,,
166600,13,-0.34438827633857727,0.04557788744568825,0.9151947498321533,1.2998871803283691,162.60792541503906,0.1827518492937088,3.429133562830636e-06,1.3411125309848653,,,,
166800,13,-0.346854031085968,0.045396190136671066,0.9380368590354919,1.3075006008148193,162.5625,0.18523141741752625,3.3891404235518344e-06,1.341259041891453,,,,
167000,13,-0.3496166169643402,0.045728009194135666,0.9014414548873901,1.3178153038024902,163.69622802734375,0.18691805005073547,3.3493649053890326e-06,1.3413992491219304,,,,
167200,13,-0.34614789485931396,0.046904221177101135,0.9106472730636597,1.310173749923706,163.67398071289062,0.1734740287065506,3.3098074088812686e-06,1.3415314749255358,,,,
167400,13,-0.341385155916214,0.04664749652147293,0.973332405090332,1.2934421300888062,160.7088165283203,0.18703396618366241,3.270468332372098e-06,1.341670018073123,,,,
167600,13,-0.3403507173061371,0.05659932643175125,0.9884583950042725,1.3231667280197144,166.21072387695312,0.21789613366127014,3.2313480720055745e-06,1.3418388398859857,,,,
167800,13,-0.3456496000289917,0.046498749405145645,0.9395041465759277,1.3071610927581787,163.5203094482422,0.18045587837696075,3.1924470217222835e-06,1.3419698895254173,,,,
168000,13,-0.3380679488182068,0.050328485667705536,0.9534940123558044,1.2946547269821167,160.125244140625,0.18962955474853516,3.1537655732553768e-06,1.3421114528639295,,,,
168200,13,-0.34111258387565613,0.046835463494062424,0.9856119751930237,1.293160080909729,161.1338348388672,0.1893283724784851,3.1153041161266134e-06,1.3422593016105568,,,,
168400,13,-0.33666718006134033,0.05359229817986488,0.9751299619674683,1.300864815711975,161.20777893066406,0.20120379328727722,3.0770630376424277e-06,1.3423970431222658,,,,
168600,13,-0.35408109426498413,0.04646362364292145,0.9525136947631836,1.3351490497589111,165.19305419921875,0.19318316876888275,3.0390427228900646e-06,1.3425384869763295,,,,
168800,13,-0.3336330056190491,0.04727704077959061,0.8901017904281616,1.269700050354004,159.42295837402344,0.18658238649368286,3.0012435547336737e-06,1.3426665313353037,,,,
169000,13,-0.34740588068962097,0.04824076220393181,0.8827379941940308,1.3188220262527466,164.05874633789062,0.18299174308776855,2.9636659138104513e-06,1.3428147190530961,,,,
169200,13,-0.34334129095077515,0.04623575136065483,0.9740960001945496,1.298590064048767,162.02914428710938,0.18858259916305542,2.9263101785268254e-06,1.3429582929939259,,,,
169400,13,-0.3517787456512451,0.044660188257694244,0.929984450340271,1.3214629888534546,163.47743225097656,0.18649829924106598,2.889176725054643e-06,1.3430838811936279,,,,
169600,13,-0.34584781527519226,0.047742195427417755,0.9666152000427246,1.3119666576385498,163.3148956298828,0.2031915783882141,2.8522659273273604e-06,1.3432185622983441,,,,
169800,13,-0.3451770544052124,0.04359330236911774,0.9097854495048523,1.2959011793136597,161.39105224609375,0.17636491358280182,2.8155781570363026e-06,1.3433452482039216,,,,
170000,13,-0.33665791153907776,0.04762648418545723,0.9396318197250366,1.2809479236602783,161.0009765625,0.20218107104301453,2.779113783626916e-06,1.343464128076481,,,,
170200,13,-0.3473263382911682,0.04335250332951546,0.9481977820396423,1.302262783050537,162.21490478515625,0.16925187408924103,2.742873174295024e-06,1.3435692940136574,,,,
170400,13,-0.3357791304588318,0.050262220203876495,0.9790672063827515,1.286804437637329,161.0388946533203,0.18858659267425537,2.7068566939831645e-06,1.343683761450398,,,,
170600,13,-0.3446454405784607,0.04828299582004547,0.9442387819290161,1.30976140499115,162.41258239746094,0.19360996782779694,2.671064705376905e-06,1.3438174798184073,,,,
170800,13,-0.34299007058143616,0.049224723130464554,0.9709469079971313,1.307382583618164,159.91465759277344,0.19258202612400055,2.6354975689011576e-06,1.3439445353380657,,,,
171000,13,-0.3510020971298218,0.044610872864723206,0.9953879714012146,1.3187098503112793,162.60475158691406,0.1866135448217392,2.6001556427166063e-06,1.3440751116556147,,,,
171200,13,-0.3448067307472229,0.04828543961048126,1.0057847499847412,1.3103071451187134,162.402587890625,0.1902896761894226,2.565039282716045e-06,1.344200971389107,,,,
171400,13,-0.3428031802177429,0.05589903146028519,0.9248347282409668,1.3290072679519653,166.30856323242188,0.20190462470054626,2.5301488425208296e-06,1.3443522098651555,,,,
171600,13,-0.32930880784988403,0.053151972591876984,0.9707968235015869,1.2748692035675049,157.6890411376953,0.19985705614089966,2.495484673477305e-06,1.3444708402724872,,,,
171800,13,-0.348975270986557,0.04453399404883385,0.9230363368988037,1.3116974830627441,162.4749298095703,0.18188253045082092,2.461047124653279e-06,1.3446032921715134,,,,
172000,13,-0.3423178195953369,0.05030655115842819,0.9241733551025391,1.3087478876113892,161.56492614746094,0.19495251774787903,2.4268365428344736e-06,1.3447523258962035,,,,
172200,13,-0.34435024857521057,0.04905422776937485,1.0304455757141113,1.3113481998443604,164.5874786376953,0.1916702538728714,2.39285327252107e-06,1.3448737061482159,,,,
172400,13,-0.3438265919685364,0.047181032598018646,0.9819175601005554,1.3033586740493774,162.5492401123047,0.18619662523269653,2.3590976559242278e-06,1.34500355927419,,,,
172600,13,-0.33891403675079346,0.049409642815589905,0.9966500401496887,1.2944121360778809,161.20285034179688,0.18816332519054413,2.3255700329626347e-06,1.3451202346562696,,,,
172800,13,-0.3481302559375763,0.048876453191041946,0.895845353603363,1.3233556747436523,164.50790405273438,0.1876598447561264,2.29227074125907e-06,1.3452610972556853,,,,
173000,13,-0.34631210565567017,0.0505778007209301,0.9605104327201843,1.32296621799469,162.64669799804688,0.1925763338804245,2.2592001161370392e-06,1.3454104273528382,,,,
173200,13,-0.3504331111907959,0.0482388474047184,0.9156919717788696,1.3289064168930054,162.46347045898438,0.19084720313549042,2.226358490617372e-06,1.3455260372011166,,,,
173400,13,-0.35009273886680603,0.04276265576481819,0.9808410406112671,1.3095179796218872,159.36512756347656,0.17826372385025024,2.193746195414867e-06,1.345660187596124,,,,
173600,13,-0.3561440408229828,0.042345575988292694,0.9370681047439575,1.3282986879348755,165.2272491455078,0.18078601360321045,2.1613635589349756e-06,1.3458019805922161,,,,
173800,13,-0.3448612093925476,0.04689072445034981,0.9097561836242676,1.3058397769927979,161.99050903320312,0.1853291094303131,2.129210907270496e-06,1.3459373308342921,,,,
174000,13,-0.34789836406707764,0.047366663813591,0.9053566455841064,1.3175499439239502,164.13330078125,0.17754846811294556,2.09728856419826e-06,1.3460731472764733,,,,
174200,13,-0.3456583023071289,0.051170263439416885,0.9433919191360474,1.3227617740631104,162.92489624023438,0.19782507419586182,2.0655968511759134e-06,1.346200848151125,,,,
174400,13,-0.349226176738739,0.04674889147281647,0.9962764978408813,1.319916844367981,162.4692840576172,0.17230181396007538,2.0341360873386674e-06,1.3463450623536115,,,,
174600,13,-0.34857818484306335,0.04538177326321602,0.9678077697753906,1.3131998777389526,163.88796997070312,0.18278184533119202,2.0029065894960454e-06,1.3464469290407501,,,,
174800,13,-0.34806838631629944,0.04579037427902222,0.9099847078323364,1.312862515449524,162.01646423339844,0.17747251689434052,1.97190867212875e-06,1.3465840958998474,,,,
175000,13,-0.3440050482749939,0.04882971569895744,0.8809890747070312,1.3094490766525269,164.4923858642578,0.1873689889907837,1.9411426473854688e-06,1.3467130674073355,,,,
175200,13,-0.3513137698173523,0.04899992048740387,0.9736552238464355,1.334378957748413,164.56910705566406,0.1883734166622162,1.9106088250797267e-06,1.3468452411929972,,,,
175400,13,-0.3554471731185913,0.04152487963438034,0.9231679439544678,1.3232401609420776,164.80548095703125,0.17262044548988342,1.8803075126867715e-06,1.346968862536647,,,,
175600,13,-0.3556477725505829,0.045412901788949966,0.9250856637954712,1.3368688821792603,167.1963348388672,0.17718051373958588,1.8502390153404935e-06,1.347101479227277,,,,
175800,13,-0.34817346930503845,0.045430462807416916,0.9285271167755127,1.312013030052185,163.56163024902344,0.18908722698688507,1.8204036358303173e-06,1.3472346041110446,,,,
176000,13,-0.35223257541656494,0.04453066363930702,0.9678641557693481,1.3225440979003906,164.4373321533203,0.18464727699756622,1.790801674598186e-06,1.347363592424562,,,,
176200,13,-0.35053831338882446,0.047882530838251114,0.8783576488494873,1.3280694484710693,164.74073791503906,0.1897209733724594,1.7614334297355234e-06,1.347490561893987,,,,
176400,13,-0.3362540900707245,0.052838921546936035,0.9481332898139954,1.2969766855239868,156.56922912597656,0.2008369266986847,1.7322991969802248e-06,1.3476192644031275,,,,
176600,13,-0.33489087224006653,0.05204976350069046,1.0224107503890991,1.289802074432373,158.8900604248047,0.2022346407175064,1.703399269713693e-06,1.3477423095732985,,,,
176800,13,-0.3548130393028259,0.04240759462118149,0.9272764921188354,1.3240687847137451,162.9561309814453,0.17626287043094635,1.674733938957873e-06,1.3478722319903063,,,,
177000,13,-0.3485749065876007,0.04825535789132118,0.9677162170410156,1.3227674961090088,161.56854248046875,0.1830931305885315,1.6463034933723337e-06,1.3480146645936142,,,,
177200,13,-0.34426701068878174,0.046113982796669006,0.949665904045105,1.3012700080871582,160.89874267578125,0.19238916039466858,1.6181082192513353e-06,1.3481266394603115,,,,
177400,13,-0.3385337293148041,0.051102880388498306,0.9890856742858887,1.2987886667251587,161.62310791015625,0.1967659890651703,1.5901484005209855e-06,1.3482456594151155,,,,
177600,13,-0.3500535190105438,0.04927467554807663,0.9400452971458435,1.3310939073562622,164.39561462402344,0.19586002826690674,1.5624243187363441e-06,1.3483840771410391,,,,
177800,13,-0.33920836448669434,0.049244120717048645,0.9412657022476196,1.2948416471481323,163.28477478027344,0.19295693933963776,1.534936253078606e-06,1.3485196141692706,,,,
178000,13,-0.3445030152797699,0.051394157111644745,0.9575545191764832,1.3196572065353394,163.08238220214844,0.19829677045345306,1.5076844803522922e-06,1.3486350664215934,,,,
178200,13,-0.34622809290885925,0.0447586365044117,0.9515150189399719,1.3032890558242798,160.74522399902344,0.1897815316915512,1.4806692749824464e-06,1.348748719186873,,,,
178400,13,-0.34925219416618347,0.04093498736619949,0.9507451057434082,1.300623893737793,160.7237548828125,0.17991310358047485,1.4538909090118846e-06,1.3488752866471347,,,,
178600,13,-0.34003353118896484,0.050685007125139236,0.9987469911575317,1.3023951053619385,162.0409698486328,0.20215991139411926,1.4273496520984587e-06,1.3489929256895479,,,,
178800,13,-0.33201169967651367,0.05375151336193085,0.9872738122940063,1.2858773469924927,159.93295288085938,0.19802935421466827,1.4010457715123354e-06,1.3490912383174325,,,,
179000,13,-0.34536927938461304,0.04525848105549812,0.9607858657836914,1.3020925521850586,163.17074584960938,0.18298478424549103,1.3749795321332887e-06,1.349205081772558,,,,
179200,14,-0.3480820655822754,0.04496803879737854,0.931623637676239,1.3101669549942017,163.66087341308594,0.17933060228824615,1.3491511964480702e-06,1.349303320806512,,,,
179400,14,-0.3390897214412689,0.049196355044841766,0.9742628931999207,1.294286847114563,156.40499877929688,0.2008102685213089,1.3235610245477315e-06,1.3494324996618725,,,,
179600,14,-0.3398120403289795,0.051350999623537064,0.9444485306739807,1.3038767576217651,161.75694274902344,0.18939825892448425,1.2982092741250145e-06,1.3495669411238853,,,,
179800,14,-0.3505783975124359,0.04537532478570938,0.9668700695037842,1.3198456764221191,161.8593292236328,0.19054225087165833,1.2730962004717685e-06,1.3497179396005656,,,,
180000,14,-0.34311479330062866,0.05151849985122681,0.9534973502159119,1.3154442310333252,163.53948974609375,0.20718705654144287,1.248222056476367e-06,1.3498286693974015,0.04064816515892744,1.2529565930366515,1.229550462369592,162.11926803588867
180200,14,-0.34955886006355286,0.04431590437889099,0.9801146388053894,1.3129158020019531,162.58799743652344,0.185651496052742,1.2235870926211619e-06,1.3498480877182704,,,,
180400,14,-0.3456368148326874,0.0501180924475193,0.933875560760498,1.3191829919815063,163.08688354492188,0.187203049659729,1.1991915569799644e-06,1.349989695694913,,,,
180600,14,-0.3445940613746643,0.04906144365668297,0.9419958591461182,1.3121849298477173,161.1085662841797,0.17946814000606537,1.1750356952155512e-06,1.3500857959017485,,,,
180800,14,-0.34694308042526245,0.04738262668251991,0.9457798004150391,1.314418911933899,164.108642578125,0.18317043781280518,1.1511197505771843e-06,1.3500624334179934,,,,
181000,14,-0.346847265958786,0.04739101603627205,0.9348142147064209,1.3141275644302368,161.77792358398438,0.19754233956336975,1.1274439638981532e-06,1.3499903699458256,,,,
181200,14,-0.34557273983955383,0.04775340110063553,0.9919825792312622,1.3110870122909546,162.1514892578125,0.1855819821357727,1.104008573593368e-06,1.350107090475369,,,,
181400,14,-0.34335771203041077,0.04842105880379677,1.0004186630249023,1.305929183959961,161.81558227539062,0.19450007379055023,1.0808138156569614e-06,1.350226261075625,,,,
181600,14,-0.3343997001647949,0.05499936640262604,0.9903091788291931,1.2979967594146729,161.83555603027344,0.19531388580799103,1.0578599236598707e-06,1.3503323943270324,,,,
181800,14,-0.3449353873729706,0.04738680645823479,0.9263656139373779,1.307740569114685,163.25930786132812,0.1883026510477066,1.0351471287475406e-06,1.3504639776270964,,,,
182000,14,-0.3488462269306183,0.045666567981243134,0.9654953479766846,1.3150426149368286,161.0811309814453,0.19452691078186035,1.0126756596375686e-06,1.3505801938107396,,,,
182200,14,-0.3546670079231262,0.041690416634082794,0.9369860291481018,1.3211913108825684,160.7107391357422,0.17796410620212555,9.904457426173907e-07,1.3507084278781776,,,,
182400,14,-0.3426552414894104,0.04968050494790077,0.8885101675987244,1.3077857494354248,164.48876953125,0.18125362694263458,9.684576015420278e-07,1.3508343919023458,,,,
182600,14,-0.3346475064754486,0.050894130021333694,0.9965256452560425,1.285138726234436,157.91705322265625,0.19956915080547333,9.467114578318226e-07,1.3509495214698515,,,,
182800,14,-0.34223470091819763,0.051983822137117386,0.952833890914917,1.3140617609024048,161.5868682861328,0.190971240401268,9.252075304701929e-07,1.3510848496229138,,,,
183000,14,-0.34375181794166565,0.04656008630990982,1.0022962093353271,1.3010395765304565,160.25059509277344,0.18974725902080536,9.03946036001449e-07,1.3510828520949656,,,,
183200,14,-0.34932613372802734,0.045095860958099365,0.9890047907829285,1.3147399425506592,158.9501495361328,0.2004135102033615,8.829271885286094e-07,1.3509755911343764,,,,
183400,14,-0.35314589738845825,0.04550202190876007,0.8758683204650879,1.3288263082504272,165.75555419921875,0.18228358030319214,8.62151199711228e-07,1.3509847695462904,,,,
183600,14,-0.3422330915927887,0.04634628817439079,0.9374569654464722,1.295264482498169,159.62484741210938,0.189225435256958,8.416182787632871e-07,1.3510902177403015,,,,
183800,14,-0.3360655605792999,0.05476958304643631,0.9300873875617981,1.302783727645874,164.05349731445312,0.20097719132900238,8.213286324510738e-07,1.3512186095972205,,,,
184000,14,-0.35910138487815857,0.04418765753507614,0.9319397211074829,1.3442968130111694,166.09957885742188,0.1852944940328598,8.012824650910938e-07,1.351256215455583,,,,
184200,14,-0.34849488735198975,0.04898626729846001,0.8986786603927612,1.324937105178833,165.02244567871094,0.1904444545507431,7.814799785480359e-07,1.351186042521734,,,,
184400,14,-0.34641432762145996,0.05052655190229416,0.9489924311637878,1.3231362104415894,164.821044921875,0.18267028033733368,7.619213722327185e-07,1.351213343035676,,,,
184600,14,-0.35412853956222534,0.04389830306172371,0.9373250007629395,1.3267561197280884,166.27716064453125,0.1875610649585724,7.426068431000882e-07,1.351356068261229,,,,
184800,14,-0.3387964963912964,0.04910598322749138,0.9838297367095947,1.2930082082748413,159.50538635253906,0.18818208575248718,7.235365856472442e-07,1.3514544932498516,,,,
185000,14,-0.3577379584312439,0.044525936245918274,0.8999729156494141,1.3408795595169067,167.4314422607422,0.18044228851795197,7.047107919114588e-07,1.3515605013005512,,,,
185200,14,-0.35448354482650757,0.041485708206892014,0.8553839921951294,1.3198974132537842,163.32073974609375,0.17734144628047943,6.86129651468273e-07,1.3516619546129305,,,,
185400,14,-0.33794116973876953,0.0503619909286499,0.9711410999298096,1.2943438291549683,160.5895538330078,0.2021307796239853,6.677933514295604e-07,1.3517889250775206,,,,
185600,14,-0.3383326232433319,0.050853483378887177,0.9750053882598877,1.2972869873046875,161.37628173828125,0.2027689516544342,6.497020764416633e-07,1.3518951599680908,,,,
185800,14,-0.35212278366088867,0.04454844072461128,0.8945187926292419,1.3222373723983765,163.84547424316406,0.18166260421276093,6.318560086835179e-07,1.3520050214479753,,,,
186000,14,-0.35080549120903015,0.045751117169857025,0.9654669165611267,1.3218553066253662,163.54542541503906,0.1964232176542282,6.142553278648239e-07,1.3521337637573263,,,,
186200,14,-0.33294540643692017,0.054280027747154236,0.9774826765060425,1.290751338005066,160.9210662841797,0.1959632933139801,5.969002112242494e-07,1.3522507064100857,,,,
186400,14,-0.345308780670166,0.04288557544350624,0.9369559288024902,1.2939810752868652,162.1259002685547,0.17843103408813477,5.797908335276214e-07,1.3523657402598641,,,,
186600,14,-0.34633538126945496,0.049673087894916534,0.9166451096534729,1.3200281858444214,163.66696166992188,0.18970276415348053,5.629273670661849e-07,1.3524841165852448,,,,
186800,14,-0.34070295095443726,0.045544035732746124,0.9895370602607727,1.287489891052246,160.39111328125,0.18609249591827393,5.463099816548579e-07,1.3525978876750064,,,,
187000,14,-0.3522268235683441,0.0452735498547554,0.9347277879714966,1.3250011205673218,164.004150390625,0.18578845262527466,5.299388446305343e-07,1.3527131389912597,,,,
187200,14,-0.35179638862609863,0.042578186839818954,0.9212630987167358,1.3145818710327148,165.0216522216797,0.17276504635810852,5.1381412085037e-07,1.3528455595686422,,,,
187400,14,-0.3446182608604431,0.050287578254938126,0.9227179884910583,1.3163527250289917,163.1708984375,0.18840666115283966,4.979359726901639e-07,1.3529621156089129,,,,
187600,14,-0.3397790491580963,0.046568144112825394,0.9347249269485474,1.2878239154815674,161.1767120361328,0.17896348237991333,4.823045600426901e-07,1.3530751079055823,,,,
187800,14,-0.34380704164505005,0.04556545242667198,0.9418810606002808,1.2979083061218262,162.87037658691406,0.1937764585018158,4.669200403160989e-07,1.3531694570176287,,,,
188000,14,-0.3492165207862854,0.045279040932655334,0.943885087966919,1.3149851560592651,163.9868621826172,0.18106301128864288,4.517825684323324e-07,1.353243397505958,,,,
188200,14,-0.34345200657844543,0.05058571696281433,0.9969993233680725,1.313459038734436,161.4098358154297,0.20000316202640533,4.3689229682556676e-07,1.3532488380899714,,,,
188400,14,-0.3470539152622223,0.04645014554262161,0.912865161895752,1.3116800785064697,163.5164031982422,0.1869816780090332,4.2224937544067257e-07,1.353124750018809,,,,
188600,14,-0.3352649211883545,0.05225852131843567,1.0166897773742676,1.2917447090148926,160.64085388183594,0.19640766084194183,4.078539517316987e-07,1.3530662764878794,,,,
188800,14,-0.3394617438316345,0.05559881404042244,0.9106621742248535,1.316868543624878,166.10931396484375,0.20783352851867676,3.9370617066040726e-07,1.353161967331181,,,,
189000,14,-0.3502662777900696,0.04456586390733719,0.9260535836219788,1.3161070346832275,165.28176879882812,0.19831326603889465,3.7980617469479953e-07,1.35324717514953,,,,
189200,14,-0.35006266832351685,0.043825745582580566,0.9295517206192017,1.3129613399505615,162.61196899414062,0.18549399077892303,3.6615410380767544e-07,1.3533602078874725,,,,
189400,14,-0.3432592749595642,0.05246405676007271,0.9614322185516357,1.319077730178833,161.98719787597656,0.19946403801441193,3.5275009547523774e-07,1.3534747675642274,,,,
189600,14,-0.3469497263431549,0.045835308730602264,0.985790491104126,1.3092833757400513,161.83702087402344,0.1855090707540512,3.395942846757066e-07,1.353572398516977,,,,
189800,14,-0.34534892439842224,0.04727831855416298,0.9666858315467834,1.3087574243545532,163.41375732421875,0.1843041628599167,3.266868038879434e-07,1.3536657795602463,,,,
190000,14,-0.34412065148353577,0.05104624480009079,0.9322365522384644,1.3172229528427124,165.27940368652344,0.19606457650661469,3.140277830901428e-07,1.3537740597770112,,,,
190200,14,-0.34194713830947876,0.04514841362833977,1.0209410190582275,1.2903183698654175,159.44349670410156,0.18623921275138855,3.016173497584984e-07,1.3538952631880457,,,,
190400,14,-0.3464808762073517,0.048650264739990234,0.8890888094902039,1.3171037435531616,165.0616455078125,0.18195731937885284,2.894556288659395e-07,1.3540111968062547,,,,
190600,14,-0.34653913974761963,0.04738037288188934,0.982553243637085,1.3130649328231812,163.8375701904297,0.1904248297214508,2.7754274288085966e-07,1.354141856444604,,,,
190800,14,-0.3455865979194641,0.04711451381444931,0.9436898231506348,1.3090037107467651,165.4574737548828,0.19735030829906464,2.658788117658878e-07,1.3542650471449464,,,,
191000,14,-0.34959882497787476,0.04399271309375763,1.038158655166626,1.3119717836380005,159.1580352783203,0.18830153346061707,2.544639529766829e-07,1.3543851876595512,,,,
191200,14,-0.3514949679374695,0.04618395119905472,0.9143292903900146,1.3255963325500488,164.83786010742188,0.20621369779109955,2.4329828146074095e-07,1.3544887690476475,,,,
191400,14,-0.34933534264564514,0.04403844103217125,0.9728097319602966,1.3112459182739258,162.9980926513672,0.19404801726341248,2.3238190965625684e-07,1.354603193835598,,,,
191600,14,-0.3490149974822998,0.04263756796717644,0.984581708908081,1.3055084943771362,163.67640686035156,0.1768830269575119,2.2171494749097245e-07,1.3547266618992053,,,,
191800,14,-0.33575981855392456,0.054697807878255844,0.9782590270042419,1.301525354385376,160.175048828125,0.2075432986021042,2.1129750238107203e-07,1.3548520122444843,,,,
192000,15,-0.34940826892852783,0.04771970584988594,0.9433642625808716,1.323759913444519,164.31629943847656,0.1815522462129593,2.011296792301165e-07,1.354959633559499,,,,
192200,15,-0.3452748954296112,0.04554123431444168,0.9825502634048462,1.302720308303833,163.1256866455078,0.18268230557441711,1.912115804279746e-07,1.3550627753168087,,,,
192400,15,-0.35073989629745483,0.03984127566218376,0.9394762516021729,1.3019371032714844,161.48397827148438,0.18031245470046997,1.8154330584978784e-07,1.3551735674147503,,,,
192600,15,-0.3483535945415497,0.051504526287317276,0.9389185905456543,1.3328603506088257,166.32029724121094,0.18728283047676086,1.7212495285497399e-07,1.3552782700797343,,,,
192800,15,-0.3501216173171997,0.048982180655002594,0.9825047254562378,1.330345869064331,164.1172637939453,0.1837327778339386,1.6295661628624447e-07,1.3553966248612972,,,,
193000,15,-0.34024155139923096,0.051369037479162216,0.9588686227798462,1.3053685426712036,161.1065673828125,0.20009200274944305,1.5403838846864694e-07,1.3555026105089554,,,,
193200,15,-0.3523217737674713,0.04346724972128868,0.9053046703338623,1.3192967176437378,166.02981567382812,0.17846190929412842,1.453703592086353e-07,1.355620751710851,,,,
193400,15,-0.351535439491272,0.043559327721595764,0.9357947111129761,1.3169825077056885,165.61911010742188,0.18356953561306,1.3695261579316777e-07,1.3557302067019594,,,,
193600,15,-0.35149717330932617,0.04562526196241379,0.887643039226532,1.3237414360046387,163.96458435058594,0.18792414665222168,1.2878524298882698e-07,1.3558411005219746,,,,
193800,15,-0.3481154143810272,0.04615645483136177,0.9151993989944458,1.314239501953125,163.9691925048828,0.1864261031150818,1.2086832304096797e-07,1.35593163317969,,,,
194000,15,-0.353914350271225,0.043294649571180344,0.9520787000656128,1.3240299224853516,165.2095184326172,0.18338823318481445,1.1320193567288529e-07,1.3560510181126049,,,,
194200,15,-0.34588709473609924,0.04403053969144821,0.9573859572410583,1.2997254133224487,161.3301239013672,0.18621274828910828,1.0578615808501391e-07,1.3561637605953585,,,,
194400,15,-0.352344274520874,0.044042740017175674,0.9271347522735596,1.3212900161743164,163.15533447265625,0.17426766455173492,9.862106495415469e-08,1.356267390786696,,,,
194600,15,-0.34708040952682495,0.05040355026721954,0.9852383732795715,1.3249465227127075,164.7911834716797,0.1923525631427765,9.170672843271666e-08,1.3563781095274838,,,,
194800,15,-0.3414918780326843,0.05203026533126831,1.0350720882415771,1.3117403984069824,162.8046875,0.2025877982378006,8.504321814798433e-08,1.3565000260123734,,,,
195000,15,-0.34525007009506226,0.04739166796207428,0.9476310014724731,1.3088057041168213,161.051025390625,0.1932208091020584,7.863060120144317e-08,1.3566122554261622,,,,
195200,15,-0.3527558147907257,0.04351005330681801,0.9510675668716431,1.3208861351013184,163.9807586669922,0.176804780960083,7.246894216806355e-08,1.3567213713223076,,,,
195400,15,-0.342337429523468,0.04545019194483757,0.9124481678009033,1.2926253080368042,161.3485107421875,0.17505791783332825,6.655830309569289e-08,1.3568361629634682,,,,
195600,15,-0.33685892820358276,0.051163531839847565,0.9552591443061829,1.2934081554412842,161.67042541503906,0.18388380110263824,6.089874350439506e-08,1.3569439038393436,,,,
195800,15,-0.346065878868103,0.04794056713581085,0.9345024228096008,1.3133548498153687,163.8778076171875,0.189580500125885,5.54903203858731e-08,1.3570628584136546,,,,
196000,15,-0.3441990315914154,0.04318961128592491,0.9721169471740723,1.2912954092025757,160.91946411132812,0.18878741562366486,5.033308820289184e-08,1.3571721252222355,,,,
196200,15,-0.3437016010284424,0.04680611938238144,0.9951885938644409,1.3016923666000366,162.4998016357422,0.19278866052627563,4.542709888871732e-08,1.35727440698509,,,,
196400,15,-0.35508736968040466,0.045640286058187485,0.9916105270385742,1.3357588052749634,166.66770935058594,0.18537487089633942,4.07724018466088e-08,1.3573801208603704,,,,
196600,15,-0.35238850116729736,0.04452183470129967,0.9488745927810669,1.323034405708313,163.96551513671875,0.19686169922351837,3.636904394931362e-08,1.3574917555183033,,,,
196800,15,-0.3487142324447632,0.04606209322810173,0.9192885160446167,1.3159209489822388,163.41001892089844,0.17874963581562042,3.221706953860093e-08,1.3575963412848862,,,,
197000,15,-0.344870924949646,0.04863281920552254,0.9563769102096558,1.3116791248321533,162.4290771484375,0.18760691583156586,2.831652042480093e-08,1.3577012525073133,,,,
197200,15,-0.3406634032726288,0.04516959190368652,1.0149054527282715,1.2861099243164062,157.67868041992188,0.2015061229467392,2.466743588640241e-08,1.3578176387658207,,,,
197400,15,-0.3418286442756653,0.05116242170333862,0.9533102512359619,1.3099701404571533,161.0872802734375,0.19473247230052948,2.126985266964754e-08,1.357918552302175,,,,
197600,15,-0.3529139757156372,0.04081104323267937,0.92026686668396,1.312416672706604,162.56591796875,0.16707439720630646,1.812380498815991e-08,1.358054104282924,,,,
197800,15,-0.34730178117752075,0.04515932872891426,0.9196960926055908,1.3082036972045898,162.81787109375,0.18120048940181732,1.522932452260595e-08,1.3581466831222317,,,,
198000,15,-0.3516662120819092,0.04320111498236656,0.9636447429656982,1.3162243366241455,164.93582153320312,0.1733264923095703,1.2586440420372936e-08,1.3582525860123758,,,,
198200,15,-0.34491682052612305,0.048335328698158264,0.873518705368042,1.3108404874801636,164.3357391357422,0.18502727150917053,1.0195179295269252e-08,1.3583682081247965,,,,
198400,15,-0.348697692155838,0.051743634045124054,0.9203232526779175,1.3348042964935303,166.3667755126953,0.1912892758846283,8.055565227271799e-09,1.3584808959785346,,,,
198600,15,-0.3476215600967407,0.04792495444417,0.9330157041549683,1.318488359451294,161.000732421875,0.1860465258359909,6.167619762270649e-09,1.3585917028173355,,,,
198800,15,-0.3513035476207733,0.04748063534498215,0.952465295791626,1.3292806148529053,162.47042846679688,0.17909644544124603,4.531361911855325e-09,1.3586840476013653,,,,
199000,15,-0.3390495181083679,0.048759397119283676,1.0022456645965576,1.2926963567733765,162.20887756347656,0.18997396528720856,3.146808153123293e-09,1.3587936811926133,,,,
199200,15,-0.35692062973976135,0.040237076580524445,0.8920970559120178,1.3238589763641357,166.15113830566406,0.16986241936683655,2.0139724285161977e-09,1.3589139626019058,,,,
199400,15,-0.3450527787208557,0.048285797238349915,1.004679560661316,1.3111284971237183,164.3802490234375,0.181766539812088,1.132866145678313e-09,1.3590096781994727,,,,
199600,15,-0.3476937711238861,0.04274972900748253,0.8924146294593811,1.3014782667160034,163.904541015625,0.18404895067214966,5.034981773371916e-10,1.359128869854056,,,,
199800,15,-0.3492926359176636,0.046636030077934265,0.9270389080047607,1.3197622299194336,161.96487426757812,0.18854327499866486,1.2587486122317416e-10,1.359238133450333,,,,
200000,15,-0.3502397835254669,0.0460372269153595,0.9455097913742065,1.3209233283996582,165.43869018554688,0.18042218685150146,0.0,1.3593507842576915,0.038555707316845655,1.263623344898224,1.2278349617259972,162.2689178466797
